y_true,y_pred,proba
1,1,1.0
0,0,0.0
0,0,0.0
0,0,0.0
1,1,1.0
0,0,0.0
1,1,1.0
1,1,1.0
0,0,0.0
1,1,1.0
1,1,1.0
0,0,0.0
1,1,1.0
0,0,0.0
0,0,0.0
1,1,1.0
1,1,1.0
1,1,1.0
1,1,1.0
0,0,0.0
1,1,0.8110294953325136
1,1,1.0
0,0,0.0
0,0,0.0
0,0,0.0
0,0,0.2739400860186826
1,1,1.0
0,0,0.0
1,1,1.0
1,1,1.0
1,1,1.0
0,0,0.0
1,1,1.0
1,1,1.0
1,1,1.0
1,1,1.0
1,1,0.9530055860403077
1,1,1.0
1,1,1.0
1,1,1.0
1,1,1.0
1,1,1.0
1,1,1.0
0,0,0.0
1,1,1.0
1,1,1.0
1,1,1.0
1,1,1.0
1,1,1.0
1,1,0.953496152048241
1,1,1.0
1,1,1.0
1,1,1.0
1,1,1.0
1,1,1.0
1,1,1.0
0,0,0.0
1,1,1.0
0,0,0.0
0,0,0.0
0,0,0.046398793511185844
1,1,1.0
1,1,1.0
0,0,0.0
0,0,0.0
0,0,0.0
0,0,0.0
1,1,1.0
1,1,1.0
1,1,1.0
1,1,1.0
1,1,1.0
0,0,0.09128169156521447
1,1,1.0
1,1,1.0
1,1,1.0
0,0,0.0
0,0,0.0
1,1,1.0
1,1,1.0
1,1,1.0
0,0,0.0
1,1,1.0
1,1,1.0
1,1,1.0
0,0,0.0
1,1,1.0
1,1,1.0
0,0,0.0
1,1,1.0
1,1,0.9537140381722646
0,0,0.0
0,0,0.0
1,1,1.0
0,0,0.0
0,0,0.33508311335805085
1,1,0.9069893111308266
0,0,0.045988553069310344
1,1,1.0
0,0,0.0
1,1,1.0
1,1,1.0
0,0,0.0
0,0,0.0
1,1,0.9069160636696696
0,0,0.0
1,1,1.0
0,0,0.0
1,1,1.0
1,1,1.0
0,0,0.0
1,1,1.0
1,1,1.0
0,0,0.0
0,0,0.0
1,1,1.0
1,1,1.0
1,1,1.0
0,0,0.46228853719839175
1,1,1.0
1,1,0.9540762573407786
1,1,0.9542684355679861
1,1,1.0
1,1,1.0
1,1,1.0
0,0,0.0
0,0,0.0
1,1,0.9546723963019099
0,0,0.0
1,1,1.0
1,1,1.0
1,1,1.0
1,1,1.0
1,1,1.0
1,1,1.0
0,0,0.2797097022544054
0,0,0.0
1,1,1.0
1,1,0.9093840702473179
0,0,0.0
1,1,1.0
1,1,1.0
1,1,1.0
1,1,1.0
1,1,1.0
1,1,0.9533648151610097
0,0,0.0
0,0,0.04644822865818533
0,0,0.0
1,1,1.0
1,1,0.9546778076462491
1,1,1.0
1,1,1.0
1,1,1.0
0,0,0.0
1,1,0.8562485465321972
0,0,0.0
1,1,0.854200683796644
1,1,1.0
0,0,0.0
1,1,1.0
0,0,0.0
0,0,0.0
0,0,0.0
0,0,0.0
1,1,1.0
1,1,1.0
1,1,1.0
1,1,1.0
1,1,0.954143666581845
0,0,0.0
1,1,0.8104079392028397
0,0,0.0
0,0,0.0
0,0,0.0
1,1,1.0
0,0,0.0
1,1,1.0
1,1,1.0
0,0,0.0
1,1,1.0
1,1,1.0
1,1,1.0
1,1,0.9080513798657456
1,1,1.0
0,0,0.0
0,0,0.18248072370650542
1,1,1.0
1,1,1.0
1,1,0.9530344858389803
1,1,1.0
1,1,1.0
1,1,1.0
1,1,1.0
1,1,1.0
0,0,0.0
1,1,1.0
0,0,0.0
1,1,1.0
1,1,1.0
1,1,1.0
1,1,1.0
1,1,1.0
1,1,1.0
0,0,0.0
1,1,1.0
0,0,0.0
1,1,0.9537426185580863
1,1,1.0
1,1,1.0
1,1,1.0
1,1,1.0
1,1,1.0
1,1,1.0
0,0,0.0
1,1,1.0
0,0,0.0
0,0,0.0
1,1,1.0
1,1,1.0
1,1,0.9543092036971724
1,1,1.0
1,1,0.9052924474576365
1,1,1.0
0,0,0.0
1,1,0.9508562711198414
0,0,0.04545164205951341
0,0,0.46628233499011335
1,1,1.0
1,1,0.9527852036620648
1,1,1.0
1,1,1.0
1,1,0.861682888854642
0,0,0.0
0,0,0.0
1,1,1.0
1,1,1.0
1,1,1.0
1,1,1.0
0,0,0.0
0,0,0.0
1,1,1.0
0,0,0.0
1,1,1.0
0,0,0.0
1,1,0.9043049604171699
0,0,0.0
1,1,1.0
0,0,0.0
0,0,0.0
1,1,1.0
0,0,0.0
1,1,1.0
1,1,1.0
1,1,1.0
1,1,1.0
1,1,0.9558543242845196
1,1,1.0
1,1,1.0
1,1,1.0
1,1,1.0
1,1,0.9015578932038059
1,1,1.0
0,0,0.0
0,0,0.0
0,0,0.09196461255744669
1,1,1.0
0,0,0.0
1,1,1.0
1,1,1.0
0,0,0.0
1,1,1.0
1,1,0.9543840478889095
0,0,0.0
1,1,1.0
1,1,1.0
0,0,0.0
0,0,0.0
0,0,0.0
1,1,1.0
1,1,1.0
0,0,0.0
1,1,1.0
0,0,0.0
0,0,0.044179013764296865
1,1,0.9547020687487776
1,1,1.0
1,1,1.0
0,0,0.04453352513648879
1,1,1.0
1,1,1.0
1,1,1.0
1,1,1.0
0,0,0.0
1,1,1.0
1,1,1.0
1,1,1.0
1,1,1.0
1,1,1.0
0,0,0.0
1,1,1.0
0,0,0.0
1,1,1.0
0,0,0.13703777898947114
0,0,0.0
0,0,0.0
1,1,1.0
1,1,1.0
0,0,0.0
1,1,1.0
1,1,1.0
0,0,0.0
0,0,0.0
0,0,0.0
1,1,1.0
1,1,1.0
0,0,0.0
0,0,0.0
1,1,1.0
1,1,1.0
0,0,0.0
1,1,0.9507141149157629
0,0,0.0
1,1,1.0
1,1,1.0
0,0,0.0
0,0,0.0
0,0,0.0
0,0,0.0
0,0,0.0
1,1,1.0
0,0,0.0
1,1,1.0
1,1,1.0
0,0,0.0
1,1,1.0
1,1,1.0
0,0,0.0
0,0,0.0
1,1,1.0
0,0,0.0
0,0,0.0
0,0,0.0
0,0,0.0
0,0,0.0
0,0,0.0
0,0,0.0
1,1,1.0
0,0,0.04850871792864351
1,1,1.0
1,1,1.0
1,1,1.0
1,1,1.0
1,1,1.0
1,1,1.0
1,1,0.8102924165094347
1,1,1.0
0,0,0.32616975660295655
1,1,1.0
1,1,1.0
1,1,0.9544357058411397
1,1,0.9540083391634039
1,1,1.0
0,0,0.0
1,1,1.0
0,0,0.0
0,0,0.0
1,1,1.0
1,1,1.0
0,0,0.0
1,1,1.0
1,1,1.0
1,1,1.0
0,0,0.0
1,1,1.0
1,1,1.0
1,1,1.0
1,1,1.0
1,1,1.0
0,0,0.0
0,0,0.0
1,1,1.0
1,1,0.9058576549665639
1,1,1.0
0,0,0.0
0,0,0.0
0,0,0.0
1,1,1.0
1,1,1.0
0,0,0.0
1,1,1.0
1,1,1.0
1,1,1.0
1,1,1.0
0,0,0.0
0,0,0.0
1,1,1.0
1,1,0.9543950757446923
1,1,1.0
0,0,0.0
1,1,1.0
1,1,1.0
1,1,1.0
1,1,1.0
1,1,0.9102203941651229
0,0,0.0
1,1,1.0
1,1,1.0
0,0,0.0
1,1,1.0
1,1,1.0
1,1,1.0
1,1,1.0
1,1,1.0
1,1,1.0
1,1,1.0
0,0,0.0
0,0,0.0
0,0,0.0
0,0,0.0
1,1,1.0
1,1,1.0
1,1,1.0
1,1,1.0
1,1,1.0
1,1,0.9532613161521428
0,0,0.0
0,0,0.0453608272187239
0,0,0.0
1,1,1.0
1,1,1.0
0,0,0.0
1,1,1.0
1,1,1.0
1,1,0.9542729339907456
0,0,0.0
0,0,0.0
1,1,1.0
0,0,0.0
1,1,1.0
1,1,1.0
0,0,0.0
0,0,0.0
1,1,1.0
0,0,0.0
1,1,0.9543059411106336
0,0,0.0
0,0,0.0
0,0,0.0
0,0,0.0
1,1,1.0
1,1,1.0
0,0,0.0
0,0,0.0
0,0,0.0
1,1,1.0
1,1,1.0
1,1,1.0
0,0,0.04611131880848529
0,0,0.0
0,0,0.0
0,0,0.0
1,1,1.0
1,1,1.0
1,1,0.94991421687333
0,0,0.0
0,0,0.0
0,0,0.0
1,1,1.0
1,1,1.0
0,0,0.0
0,0,0.0
1,1,1.0
0,0,0.0
0,0,0.0
0,0,0.0
0,0,0.0
1,1,1.0
1,1,0.9529680723635088
1,1,1.0
0,0,0.0
1,1,1.0
0,0,0.0
0,0,0.0
1,1,1.0
0,0,0.0
1,1,1.0
1,1,1.0
1,1,0.9081999177077666
0,0,0.0
0,0,0.0
0,0,0.0
0,0,0.0
1,1,1.0
0,0,0.0
1,1,1.0
1,1,0.8172589410687907
1,1,1.0
0,0,0.0
0,0,0.04495703675500939
1,1,1.0
0,0,0.0
1,1,1.0
1,1,1.0
0,0,0.0
1,1,0.952172028790963
1,1,1.0
1,1,1.0
1,1,0.9046932515221938
1,1,1.0
1,1,1.0
1,1,1.0
1,1,1.0
0,0,0.0
0,0,0.0
1,1,1.0
1,1,1.0
1,1,1.0
0,0,0.0
1,1,1.0
0,0,0.04825368255488103
1,1,1.0
1,1,1.0
1,1,0.9549757279782404
1,1,1.0
0,0,0.0
0,0,0.0
1,1,0.9541399427841047
1,1,1.0
1,1,1.0
1,1,1.0
1,1,0.9544675608108764
0,0,0.0
0,0,0.0
1,1,1.0
1,1,1.0
1,1,0.9490871319454771
1,1,1.0
1,1,1.0
1,1,1.0
1,1,1.0
0,0,0.0
1,1,1.0
0,0,0.0
1,1,1.0
1,1,1.0
1,1,0.9524731166069474
0,0,0.0
0,0,0.0
0,0,0.0
1,1,1.0
0,0,0.0
1,1,1.0
1,1,1.0
0,0,0.0
1,1,1.0
1,1,1.0
1,1,1.0
1,1,1.0
0,0,0.0
0,0,0.0
1,1,1.0
1,1,1.0
1,1,1.0
0,0,0.0
0,0,0.0
1,1,1.0
0,0,0.0
0,0,0.0
0,0,0.0
1,1,1.0
1,1,1.0
1,1,1.0
0,0,0.0
0,0,0.4178105422506383
1,1,1.0
0,0,0.0
1,1,1.0
1,1,1.0
1,1,1.0
1,1,1.0
1,1,1.0
1,1,1.0
1,1,1.0
0,0,0.0
0,0,0.0
1,1,1.0
1,1,0.9067088080625919
0,0,0.0
1,1,0.8997392849455202
0,0,0.0
1,1,0.9525124313012899
1,1,1.0
1,1,1.0
1,1,1.0
1,1,1.0
1,1,1.0
0,0,0.0
1,1,0.956047060308445
1,1,0.951603506169244
1,1,1.0
0,0,0.0
1,1,1.0
0,0,0.0
1,1,1.0
1,1,1.0
1,1,1.0
1,1,1.0
0,0,0.291150178175417
1,1,1.0
1,1,1.0
0,0,0.37361351138479804
0,0,0.0
0,0,0.3277064394917965
1,1,1.0
1,1,1.0
1,1,1.0
0,0,0.0
1,1,1.0
0,0,0.04642044748523903
0,0,0.0
0,0,0.04573983576826987
1,1,0.9536727364311728
1,1,1.0
0,0,0.0
1,1,0.9049814130582754
1,1,1.0
1,1,1.0
0,0,0.0
1,1,0.954689394313057
0,0,0.23517803924616795
1,1,1.0
1,1,1.0
0,0,0.0
0,0,0.0
1,1,1.0
1,1,1.0
0,0,0.0
1,1,1.0
0,0,0.0
0,0,0.08764616164959742
0,0,0.0
0,0,0.0
1,1,1.0
1,1,1.0
1,1,1.0
1,1,1.0
0,0,0.0
1,1,1.0
1,1,0.9515811114274858
1,1,1.0
1,1,1.0
1,1,1.0
1,1,1.0
1,1,1.0
1,1,1.0
1,1,1.0
1,1,1.0
1,1,1.0
0,0,0.0
1,1,1.0
1,1,1.0
0,0,0.09385951069877485
0,0,0.0
1,1,1.0
1,1,0.9504589940212136
0,0,0.18811129682557082
1,1,1.0
0,0,0.0
1,1,1.0
0,0,0.0
1,1,1.0
1,1,1.0
0,0,0.0
0,0,0.0
1,1,1.0
1,1,1.0
0,0,0.0
0,0,0.0
1,1,1.0
1,1,1.0
1,1,1.0
0,0,0.0
1,1,1.0
1,1,1.0
1,1,1.0
1,1,1.0
1,1,1.0
0,0,0.0
0,0,0.0
0,0,0.0456290590230185
0,0,0.0
1,1,1.0
0,0,0.0
1,1,1.0
1,1,0.9061846371150768
1,1,1.0
1,1,1.0
1,1,1.0
1,1,1.0
0,0,0.0
0,0,0.0
1,1,1.0
1,1,1.0
1,1,1.0
1,1,1.0
1,1,1.0
0,0,0.0
1,1,1.0
0,0,0.0
0,0,0.0
0,0,0.0
0,0,0.0
0,1,0.8053390117780168
1,1,0.8593000713872327
1,1,1.0
0,0,0.0
1,1,1.0
0,0,0.0
1,1,1.0
0,0,0.0
0,0,0.0
0,0,0.0
0,0,0.0
0,0,0.0
1,1,1.0
1,1,1.0
1,1,0.9058810570319734
0,0,0.0
1,1,1.0
1,1,0.9072371847579447
0,0,0.22805859035730425
1,1,1.0
1,1,1.0
1,1,1.0
1,1,1.0
0,0,0.0
1,1,1.0
1,1,0.9552336413649296
1,1,1.0
0,0,0.0
1,1,1.0
0,0,0.0
1,1,0.7644480597628263
1,1,1.0
0,0,0.0
1,1,1.0
1,1,1.0
0,0,0.0
1,1,1.0
1,1,1.0
1,1,1.0
1,1,1.0
1,1,0.9552310997182498
1,1,1.0
0,0,0.0
0,0,0.0
1,1,1.0
1,1,1.0
0,0,0.0
1,1,0.9540173885777513
0,0,0.0
1,1,1.0
0,0,0.0
1,1,1.0
1,1,1.0
1,1,1.0
1,1,1.0
1,1,1.0
0,0,0.0
0,0,0.0
0,0,0.0
0,1,0.5557523119498149
1,1,1.0
0,0,0.0
1,1,1.0
0,0,0.0
0,0,0.0
0,0,0.0
1,1,1.0
1,1,1.0
0,0,0.0
0,0,0.0
1,1,1.0
1,1,1.0
1,1,1.0
1,1,1.0
1,1,1.0
1,1,1.0
1,1,1.0
1,1,1.0
0,0,0.0
0,0,0.0
1,1,1.0
1,1,1.0
1,1,1.0
1,1,1.0
1,1,1.0
1,1,1.0
1,1,1.0
0,0,0.0
1,1,1.0
0,1,0.5570789617763102
1,1,1.0
1,1,1.0
1,1,1.0
0,0,0.0
0,0,0.0
0,0,0.0
0,0,0.0
0,0,0.0
1,1,1.0
0,0,0.0
0,0,0.0
1,1,1.0
1,1,1.0
1,1,1.0
0,0,0.0
1,1,0.9551113274947135
1,1,1.0
1,1,1.0
0,0,0.0
0,0,0.0
0,0,0.04464791911500402
1,1,1.0
1,1,0.9001890706692264
1,1,0.9524398002557968
1,1,1.0
0,0,0.0
1,1,1.0
1,1,0.9539203185510573
1,1,1.0
0,0,0.0
0,0,0.0
1,1,1.0
1,1,1.0
0,0,0.0
0,0,0.272752396289689
1,1,0.9550869778551818
1,1,1.0
0,0,0.0
0,0,0.0
1,1,1.0
0,0,0.0
0,0,0.0
1,1,0.8601855007257707
1,1,1.0
1,1,1.0
0,0,0.0
1,1,1.0
1,1,1.0
0,0,0.0
1,1,1.0
1,1,0.9529027495947621
1,1,1.0
1,1,1.0
1,1,0.8594494767010548
0,0,0.0
1,1,0.9522947453142622
1,1,1.0
1,1,1.0
1,1,0.9543478360026442
0,0,0.0
0,0,0.0
1,1,1.0
1,1,0.9536023250961149
0,0,0.0
1,1,1.0
1,1,1.0
1,1,1.0
1,1,1.0
1,1,0.9083076981150566
1,1,1.0
1,1,1.0
0,0,0.0
1,1,1.0
1,1,1.0
0,0,0.04537815100869262
0,0,0.0
1,1,1.0
1,1,1.0
1,1,1.0
0,0,0.0
0,0,0.0
1,1,0.9071243274443562
0,0,0.0
0,0,0.0
1,1,1.0
1,1,1.0
1,1,1.0
0,0,0.0
1,1,1.0
0,0,0.14005806598166584
1,1,0.908254974625211
0,0,0.0
1,1,1.0
1,1,0.9525593420701187
0,0,0.0
0,0,0.0
0,0,0.0
1,1,0.8122682025192007
0,0,0.0
1,1,0.9537308570136607
1,1,1.0
0,0,0.0
1,1,0.861722193028312
1,1,0.9546955404217075
1,1,1.0
0,0,0.0
1,1,0.9533389432529137
0,0,0.045142598199910074
1,1,1.0
1,1,1.0
1,1,1.0
1,1,1.0
1,1,1.0
1,1,1.0
1,1,1.0
1,1,1.0
1,1,0.762070683015701
0,0,0.0
1,1,1.0
1,1,0.9520442614031775
1,1,1.0
1,1,1.0
1,1,1.0
1,1,1.0
1,1,1.0
1,1,1.0
1,1,1.0
1,1,1.0
0,0,0.0
0,0,0.0
0,0,0.0
0,0,0.0
1,1,1.0
0,0,0.0
1,1,1.0
0,0,0.0
1,1,1.0
1,1,1.0
1,1,1.0
0,0,0.0
0,0,0.0
1,1,1.0
0,0,0.0
0,0,0.0
1,1,1.0
1,1,1.0
0,0,0.14678708176780111
0,0,0.0
1,1,1.0
1,1,1.0
0,0,0.0
1,1,1.0
0,0,0.0
1,1,1.0
0,0,0.0
0,0,0.0
0,0,0.0
1,1,1.0
0,0,0.0
1,1,1.0
0,0,0.0
1,1,1.0
1,1,1.0
1,1,1.0
0,0,0.0
0,0,0.0
0,0,0.0
0,0,0.0
0,0,0.0
1,1,1.0
0,0,0.13962709513923904
1,1,0.9546035096999577
1,1,1.0
1,1,1.0
0,0,0.0
1,1,0.9537702795002291
1,1,1.0
0,0,0.0
0,0,0.0
1,1,0.9533596620015278
0,0,0.0
1,1,1.0
1,1,1.0
1,1,1.0
1,1,1.0
1,1,1.0
0,0,0.0
1,1,1.0
0,0,0.0
1,1,1.0
0,0,0.0
1,1,1.0
1,1,0.9516257109853739
1,1,1.0
0,0,0.0
1,1,1.0
1,1,1.0
1,1,1.0
0,0,0.0
1,1,1.0
1,1,1.0
1,1,1.0
1,1,0.9079345202005139
1,1,1.0
1,1,1.0
1,1,1.0
0,0,0.0
1,1,1.0
1,1,1.0
0,0,0.0
1,1,1.0
1,1,1.0
1,1,1.0
0,0,0.0
1,1,1.0
1,1,1.0
1,1,1.0
0,0,0.0
0,0,0.0
1,1,0.952240016314265
0,0,0.0
0,0,0.0
0,0,0.0
1,1,1.0
1,1,1.0
1,1,0.7657510573490416
1,1,1.0
1,1,0.9532663084805949
0,0,0.0
1,1,1.0
0,0,0.046778201717861755
0,0,0.08967998152051258
1,1,1.0
1,1,1.0
1,1,1.0
0,0,0.0
1,1,0.9545151875445346
0,0,0.0
1,1,1.0
0,0,0.0
1,1,0.8165397402517037
1,1,1.0
1,1,0.9551896772296959
1,1,1.0
1,1,1.0
0,0,0.0
1,1,1.0
1,1,1.0
0,0,0.0
1,1,1.0
0,0,0.0
1,1,1.0
1,1,1.0
0,0,0.0
1,1,1.0
1,1,1.0
0,0,0.0
1,1,1.0
1,1,1.0
1,1,1.0
1,1,1.0
0,0,0.0
1,1,0.9556282643157985
0,0,0.0
0,0,0.0
1,1,1.0
0,0,0.0
1,1,0.9541727415223995
0,0,0.0
1,1,1.0
1,1,1.0
1,1,1.0
1,1,1.0
1,1,1.0
0,0,0.0
0,0,0.0
1,1,1.0
0,0,0.04485346398337208
1,1,1.0
1,1,1.0
0,0,0.0
1,1,1.0
0,0,0.0
0,0,0.0
1,1,1.0
1,1,1.0
1,1,1.0
1,1,1.0
1,1,1.0
0,0,0.0
0,0,0.0
1,1,1.0
0,0,0.0
1,1,1.0
0,0,0.0
1,1,0.9514070823871131
1,1,0.9546091434677636
1,1,1.0
0,0,0.0
1,1,1.0
0,0,0.0
1,1,1.0
1,1,1.0
0,0,0.048643550148680596
1,1,1.0
1,1,1.0
1,1,1.0
0,0,0.0
1,1,1.0
1,1,1.0
1,1,0.8146888264659119
1,1,1.0
1,1,0.9535239439795278
1,1,1.0
0,0,0.0
1,1,0.9543206555893525
0,0,0.0
0,0,0.0
1,1,1.0
1,1,1.0
0,0,0.0
0,0,0.0
1,1,1.0
1,1,1.0
0,0,0.0
1,1,1.0
0,0,0.0
0,0,0.0
0,0,0.0
0,0,0.0
1,1,1.0
1,1,1.0
1,1,1.0
1,1,1.0
1,1,1.0
0,0,0.18519485042374953
1,1,1.0
1,1,1.0
1,1,1.0
1,1,0.9082484868441327
0,0,0.0
1,1,0.8110934142554095
0,0,0.0
1,1,1.0
1,1,1.0
0,0,0.0
0,0,0.0
0,0,0.0
0,0,0.0
1,1,1.0
0,0,0.0
0,0,0.0
0,0,0.0
0,0,0.0
0,0,0.0
1,1,1.0
1,1,1.0
0,0,0.0
0,0,0.0
0,0,0.0
1,1,1.0
0,0,0.0
1,1,0.8621268997693381
0,0,0.0
1,1,0.9554202780395877
0,0,0.0
1,1,1.0
0,0,0.0
1,1,1.0
1,1,1.0
0,0,0.0
1,1,1.0
0,0,0.0
1,1,1.0
1,1,1.0
1,1,1.0
0,0,0.0
0,0,0.0
0,0,0.0
1,1,1.0
0,0,0.0
0,0,0.0
1,1,1.0
1,1,1.0
1,1,1.0
1,1,1.0
0,0,0.0
1,1,1.0
0,0,0.0
1,1,1.0
0,0,0.19025979050684344
1,1,0.9047935860222278
1,1,1.0
0,0,0.0
0,0,0.0
1,1,1.0
1,1,0.9543667071384523
0,0,0.0
1,1,1.0
1,1,1.0
0,0,0.0
1,1,1.0
1,1,0.9546094991627739
1,1,1.0
1,1,1.0
0,0,0.0
0,0,0.0
0,0,0.0
0,0,0.0
0,0,0.0
1,1,1.0
1,1,1.0
0,0,0.0
1,1,1.0
1,1,1.0
0,0,0.0
1,1,1.0
0,0,0.0
1,1,1.0
0,0,0.0
1,1,1.0
1,1,1.0
1,1,1.0
0,0,0.0
0,0,0.0
1,1,1.0
1,1,1.0
1,1,1.0
1,1,1.0
1,1,1.0
1,1,1.0
0,0,0.08902614563465246
1,1,1.0
1,1,1.0
1,1,0.9541930160913594
0,0,0.0
0,0,0.0
0,0,0.0
1,1,1.0
0,0,0.0
1,1,1.0
1,1,1.0
1,1,1.0
1,1,1.0
1,1,1.0
1,1,1.0
1,1,1.0
1,1,1.0
1,1,1.0
0,0,0.0
1,1,0.858956557675768
1,1,1.0
1,1,1.0
0,0,0.0
1,1,1.0
0,0,0.0
1,1,0.9550160099640276
1,1,1.0
1,1,1.0
1,1,1.0
0,0,0.0
1,1,1.0
0,0,0.0
1,1,1.0
1,1,1.0
1,1,1.0
1,1,1.0
1,1,1.0
0,0,0.0
0,0,0.0
0,0,0.0
0,0,0.0
1,1,1.0
0,0,0.0
0,0,0.0
0,0,0.04595951604646449
1,1,1.0
1,1,1.0
0,0,0.0
1,1,1.0
0,0,0.0
1,1,1.0
1,1,1.0
1,1,1.0
0,0,0.0
1,1,1.0
1,1,1.0
0,0,0.0
0,0,0.0
1,1,1.0
0,0,0.0
1,1,1.0
1,1,1.0
0,0,0.0
0,0,0.0
1,1,1.0
1,1,1.0
0,0,0.0
1,1,1.0
0,0,0.0
1,1,1.0
0,0,0.0
0,0,0.0
1,1,1.0
1,1,1.0
1,1,1.0
0,0,0.0
1,1,1.0
1,1,1.0
1,1,1.0
1,1,1.0
1,1,1.0
0,0,0.0
1,1,1.0
1,1,1.0
1,1,1.0
1,1,1.0
1,1,1.0
1,1,0.8573822415751431
1,1,1.0
0,0,0.0
1,1,1.0
1,1,1.0
1,1,1.0
0,0,0.0
1,1,1.0
0,0,0.0
1,1,1.0
1,1,1.0
0,0,0.0
0,0,0.0
0,0,0.0
0,0,0.0
1,1,1.0
1,1,1.0
0,0,0.0
1,1,1.0
0,0,0.0
0,0,0.0
0,0,0.0
0,0,0.0
1,1,1.0
1,1,1.0
1,1,1.0
0,0,0.0
1,1,1.0
1,1,1.0
1,1,1.0
1,1,1.0
0,0,0.0
1,1,1.0
1,1,1.0
0,0,0.2795838689661515
1,1,1.0
0,0,0.0
1,1,1.0
0,0,0.0
0,0,0.0
0,0,0.0
0,0,0.0
1,1,1.0
1,1,1.0
0,0,0.0
0,0,0.0
1,1,1.0
0,0,0.0
1,1,1.0
0,0,0.0
1,1,1.0
1,1,0.9537999976474144
1,1,1.0
0,0,0.0
0,0,0.0
1,1,1.0
1,1,1.0
0,0,0.0
0,0,0.0
1,1,1.0
1,1,1.0
0,0,0.0
1,1,1.0
1,1,1.0
1,1,1.0
0,0,0.0
1,1,0.955227094226949
1,1,1.0
1,1,1.0
1,1,1.0
0,0,0.0
0,0,0.0
1,1,1.0
1,1,1.0
1,1,1.0
0,0,0.0
1,1,1.0
0,0,0.0
1,1,1.0
1,1,0.9024483749255064
1,1,1.0
0,0,0.0
0,0,0.0
1,1,1.0
1,1,1.0
1,1,1.0
0,0,0.0
0,0,0.0
1,1,1.0
1,1,1.0
1,1,1.0
1,1,1.0
0,0,0.0
1,1,1.0
0,0,0.0
0,0,0.0
1,1,1.0
1,1,1.0
0,0,0.0
1,1,1.0
0,0,0.0
1,1,1.0
1,1,1.0
1,1,0.9084131209165368
1,1,1.0
1,1,1.0
1,1,1.0
0,0,0.0
1,1,1.0
0,0,0.0
1,1,1.0
1,1,1.0
0,0,0.0
0,0,0.0
1,1,1.0
0,0,0.0
0,0,0.04432199988860018
1,1,1.0
1,1,1.0
1,1,1.0
0,0,0.0
1,1,1.0
1,1,1.0
1,1,1.0
0,0,0.0
1,1,0.945876136067179
0,0,0.0
1,1,1.0
1,1,1.0
0,0,0.0
0,0,0.0
1,1,1.0
1,1,1.0
1,1,0.8629760851108935
1,1,1.0
1,1,1.0
1,1,1.0
1,1,1.0
1,1,1.0
1,1,1.0
0,0,0.0
0,0,0.0
1,1,1.0
1,1,0.9538549889875
0,0,0.0
0,0,0.22579571390600459
0,0,0.0
0,0,0.0
0,0,0.0
1,1,0.9452634351686311
0,0,0.0
0,0,0.0
0,0,0.18827630272307241
0,0,0.0
1,1,1.0
0,0,0.04730653837285094
1,1,1.0
1,1,1.0
0,0,0.0
0,0,0.09199395359189926
1,1,1.0
0,0,0.0
1,1,1.0
0,0,0.0
1,1,1.0
1,1,1.0
0,0,0.043063936809402965
1,1,1.0
1,1,1.0
0,0,0.0
0,0,0.0
1,1,0.9522916314819279
1,1,1.0
1,1,1.0
1,1,1.0
1,1,1.0
0,0,0.0
1,1,1.0
0,0,0.0
0,0,0.0
0,0,0.0
1,1,1.0
0,0,0.0
0,0,0.14251351175013094
0,0,0.08626455172146871
0,0,0.0
0,0,0.0
1,1,1.0
1,1,1.0
1,1,1.0
1,1,1.0
1,1,1.0
0,0,0.0
0,0,0.0
1,1,1.0
1,1,1.0
0,0,0.0
1,1,1.0
1,1,1.0
1,1,1.0
0,0,0.0
1,1,1.0
1,1,1.0
1,1,1.0
1,1,0.9542113490224268
1,1,1.0
0,0,0.0
0,0,0.18646078688464043
1,1,1.0
1,1,1.0
1,1,1.0
1,1,1.0
1,1,0.9541515855934423
0,0,0.0
1,1,1.0
1,1,1.0
0,0,0.0
1,1,1.0
0,0,0.0
0,0,0.0
1,1,1.0
1,1,1.0
1,1,1.0
1,1,0.9518244410019528
0,0,0.0
0,0,0.0
1,1,0.8613091326504593
0,0,0.0
1,1,1.0
1,1,1.0
1,1,1.0
1,1,1.0
1,1,1.0
1,1,1.0
1,1,1.0
1,1,0.9022594845752482
1,1,1.0
1,1,1.0
1,1,1.0
0,0,0.1819597682819522
1,1,1.0
1,1,1.0
1,1,1.0
1,1,1.0
0,0,0.0
1,1,1.0
1,1,1.0
0,0,0.0
1,1,0.863102488636948
0,0,0.0
0,0,0.0
1,1,0.954520038648761
0,0,0.0
0,0,0.0
0,0,0.09260521695695169
1,1,1.0
1,1,1.0
0,0,0.0
0,0,0.0
1,1,1.0
0,0,0.0
1,1,1.0
1,1,1.0
1,1,1.0
1,1,1.0
1,1,1.0
1,1,1.0
1,1,1.0
0,0,0.0
0,0,0.0
1,1,1.0
1,1,1.0
0,0,0.0
1,1,1.0
0,0,0.0
1,1,1.0
0,0,0.0
1,1,1.0
0,0,0.0
0,0,0.0
0,0,0.0
0,0,0.0
1,1,1.0
1,1,1.0
0,0,0.0
1,1,1.0
0,0,0.0
1,1,1.0
1,1,1.0
1,1,1.0
0,0,0.0
0,0,0.0
0,0,0.0
1,1,1.0
1,1,1.0
0,0,0.0
0,0,0.0
1,1,1.0
0,0,0.0
0,0,0.0
0,0,0.0
0,0,0.0
1,1,1.0
0,0,0.0
0,0,0.0
0,0,0.0
1,1,1.0
1,1,1.0
1,1,1.0
1,1,1.0
0,0,0.0
1,1,1.0
1,1,1.0
0,0,0.0
1,1,1.0
1,1,1.0
0,0,0.0
1,1,1.0
1,1,1.0
0,0,0.0
0,0,0.0
1,1,1.0
1,1,1.0
0,0,0.18217574847477286
1,1,1.0
1,1,1.0
1,1,0.9543582803549919
1,1,1.0
0,0,0.0
1,1,0.863204814605132
0,0,0.0
1,1,1.0
0,0,0.04574614808064721
0,0,0.0
1,1,1.0
1,1,0.9550536305946021
0,0,0.32693838628672856
1,1,1.0
1,1,1.0
0,0,0.0
1,1,1.0
1,1,1.0
1,1,1.0
1,1,1.0
1,1,1.0
0,0,0.0
1,1,1.0
1,1,1.0
0,0,0.0
1,1,1.0
0,0,0.0
1,1,1.0
0,0,0.0
0,0,0.0
1,1,1.0
0,0,0.0
0,0,0.0
1,1,1.0
1,1,1.0
1,1,1.0
0,0,0.0
0,0,0.0
0,0,0.0
1,1,1.0
1,1,1.0
0,0,0.0
0,0,0.0
1,1,1.0
1,1,0.8573492413181842
0,0,0.0
0,0,0.0
0,0,0.0
0,0,0.0
0,0,0.09237203229601351
1,1,1.0
0,0,0.0
1,1,1.0
0,0,0.0
1,1,1.0
0,0,0.0
0,0,0.0
0,0,0.0
1,1,1.0
1,1,1.0
0,0,0.0
0,0,0.09340914133627486
1,1,1.0
1,1,1.0
0,0,0.0
0,0,0.0
1,1,1.0
1,1,1.0
1,1,1.0
1,1,1.0
1,1,1.0
1,1,1.0
0,0,0.0
0,0,0.0
1,1,1.0
1,1,1.0
1,1,1.0
1,1,1.0
0,0,0.0
0,0,0.0
1,1,1.0
1,1,1.0
0,0,0.0
1,1,1.0
1,1,1.0
0,0,0.0
1,1,1.0
1,1,1.0
1,1,1.0
1,1,1.0
1,1,1.0
1,1,1.0
0,0,0.0
1,1,1.0
1,1,1.0
1,1,1.0
1,1,1.0
0,0,0.0
1,1,1.0
0,0,0.0
1,1,1.0
1,1,1.0
1,1,1.0
0,0,0.0
1,1,1.0
1,1,1.0
1,1,1.0
1,1,1.0
1,1,1.0
1,1,1.0
1,1,0.9546534628384349
1,1,1.0
1,1,1.0
0,0,0.0
0,0,0.0
1,1,0.8603319670584076
1,1,0.62791950650464
1,1,0.6678316175016497
0,0,0.0
0,0,0.0
1,1,1.0
0,0,0.0
1,1,1.0
1,1,1.0
0,0,0.04328018740942207
1,1,1.0
0,0,0.0
0,0,0.0
1,1,1.0
1,1,0.9070044422210686
1,1,0.9072037463874068
1,1,1.0
0,0,0.0
1,1,1.0
0,0,0.0
0,0,0.0
0,0,0.0
1,1,1.0
1,1,1.0
0,0,0.0
1,1,1.0
1,1,1.0
1,1,1.0
0,0,0.0
1,1,1.0
1,1,1.0
0,0,0.09182377852840844
1,1,1.0
0,0,0.0
1,1,1.0
0,0,0.0
0,0,0.0
0,0,0.0
0,0,0.1846327420258094
1,1,0.9534398349437211
1,1,1.0
1,1,1.0
1,1,1.0
1,1,1.0
0,0,0.0
0,0,0.04560780829042229
1,1,1.0
1,1,1.0
1,1,1.0
0,0,0.0
0,0,0.0
0,0,0.0
1,1,1.0
1,1,1.0
0,0,0.2796584567304145
1,1,0.9554290542826316
1,1,1.0
1,1,1.0
1,1,0.9507321504727377
0,0,0.1380385922092394
1,1,1.0
0,0,0.0
1,1,1.0
0,0,0.0
1,1,1.0
1,1,1.0
1,1,1.0
1,1,1.0
0,0,0.0
1,1,1.0
1,1,0.8622848345335976
1,1,0.906070504136374
0,0,0.0
0,0,0.0
0,0,0.05047094725501312
0,0,0.0
0,0,0.0
1,1,1.0
1,1,1.0
0,0,0.0
0,0,0.0
1,1,1.0
1,1,0.9553633112481854
0,0,0.0
1,1,0.7165546794153799
1,1,1.0
1,1,0.9542771701090056
1,1,1.0
1,1,1.0
0,0,0.0
1,1,1.0
0,0,0.1395815916196215
0,0,0.0
0,0,0.0
1,1,1.0
0,0,0.0
1,1,1.0
0,0,0.0
1,1,1.0
0,0,0.0
1,1,1.0
1,1,1.0
0,0,0.0
1,1,1.0
0,0,0.0
1,1,1.0
1,1,1.0
0,0,0.0
1,1,1.0
1,1,1.0
0,0,0.0
1,1,1.0
0,0,0.0
1,1,0.9097893945181691
1,1,1.0
1,1,1.0
1,1,1.0
0,0,0.0
1,1,0.9537458354613602
1,1,1.0
1,1,1.0
1,1,1.0
1,1,1.0
1,1,1.0
0,0,0.0
1,1,1.0
1,1,1.0
1,1,1.0
1,1,0.9540948837475132
1,1,1.0
1,1,0.9527382363825542
0,0,0.0
1,1,0.7678866878424254
0,0,0.0
1,1,1.0
0,0,0.0
0,0,0.0
0,0,0.0
1,1,1.0
1,1,1.0
1,1,1.0
0,0,0.0
1,1,1.0
1,1,1.0
0,0,0.0
1,1,1.0
0,0,0.0
1,1,1.0
1,1,1.0
0,0,0.0
0,0,0.0
0,0,0.0
1,1,0.9518021259528306
0,0,0.0
1,1,1.0
1,1,1.0
0,0,0.0
1,1,1.0
0,0,0.0
1,1,1.0
1,1,1.0
0,0,0.0
1,1,0.811422024860249
1,1,0.7576975618162416
1,1,0.955706444527097
0,0,0.0
0,0,0.0
1,1,0.9033855905829125
1,1,1.0
1,1,1.0
1,1,1.0
1,1,1.0
1,1,1.0
1,1,1.0
0,0,0.044433018239437065
0,0,0.0
1,1,1.0
1,1,1.0
1,1,1.0
0,0,0.0
0,0,0.0
1,1,1.0
1,1,1.0
1,1,1.0
1,1,1.0
1,1,0.9535377363915088
0,0,0.281449676734757
1,1,1.0
0,0,0.0
0,0,0.0
1,1,1.0
0,0,0.0
1,1,1.0
0,0,0.0
0,0,0.0
0,0,0.0
1,1,0.9533934450460891
0,0,0.0
1,1,1.0
1,1,1.0
0,0,0.0
1,1,0.8566642009294699
1,1,1.0
1,1,1.0
0,0,0.0
1,1,1.0
1,1,0.9037192674218146
1,1,1.0
0,0,0.0
0,0,0.09209966252867839
0,0,0.0
0,0,0.0
1,1,0.9074447273438684
1,1,1.0
1,1,1.0
0,0,0.04382682427529476
0,0,0.0
1,1,1.0
0,0,0.0
0,0,0.0
1,1,1.0
1,1,1.0
0,0,0.0
1,1,1.0
1,1,1.0
1,1,1.0
1,1,1.0
1,1,1.0
0,0,0.0
0,0,0.0
0,0,0.0
1,1,1.0
1,1,1.0
1,1,1.0
1,1,0.9549630831534769
0,0,0.0
1,1,1.0
1,1,1.0
0,0,0.0
1,1,1.0
1,1,1.0
1,1,1.0
1,1,0.774316016194212
1,1,1.0
0,0,0.13349930716034467
0,0,0.0
1,1,1.0
0,0,0.17844842084964882
1,1,1.0
0,0,0.0
1,1,1.0
1,1,1.0
1,1,1.0
1,1,1.0
1,1,1.0
1,1,0.954989093036498
1,1,1.0
1,1,1.0
1,1,1.0
1,1,1.0
0,0,0.0
0,0,0.0
1,1,0.9560971225164647
1,1,1.0
1,1,1.0
1,1,1.0
1,1,1.0
1,1,1.0
1,1,1.0
0,0,0.0
1,1,1.0
1,1,1.0
0,0,0.0
1,1,1.0
1,1,1.0
0,0,0.0
0,0,0.0
1,1,1.0
0,0,0.0
1,1,1.0
0,0,0.0
1,1,1.0
1,1,1.0
1,1,1.0
1,1,1.0
0,0,0.0
1,1,1.0
1,1,1.0
1,1,1.0
0,0,0.0
0,0,0.0
1,1,1.0
1,1,1.0
1,1,1.0
0,0,0.0
0,0,0.0
1,1,1.0
1,1,1.0
1,1,1.0
1,1,1.0
1,1,1.0
1,1,1.0
0,0,0.0
1,1,0.9539149289487978
1,1,1.0
1,1,1.0
0,0,0.0
0,0,0.0
0,0,0.0
0,0,0.04700641330380394
0,0,0.0
0,0,0.0
1,1,1.0
1,1,1.0
1,1,1.0
0,0,0.0
1,1,1.0
1,1,1.0
1,1,1.0
1,1,1.0
1,1,1.0
1,1,1.0
0,0,0.0
1,1,1.0
0,0,0.0
1,1,0.9539546826585281
0,0,0.0
0,0,0.0
0,0,0.0
1,1,1.0
1,1,1.0
1,1,1.0
1,1,1.0
1,1,1.0
1,1,0.9521774921610274
1,1,1.0
1,1,1.0
0,0,0.0
1,1,1.0
1,1,0.9071166173208622
1,1,1.0
1,1,1.0
1,1,1.0
1,1,1.0
1,1,1.0
0,0,0.0
1,1,1.0
1,1,1.0
0,0,0.0
0,0,0.0
0,0,0.0
0,0,0.04546251370191679
0,0,0.0
1,1,0.9476046185135117
1,1,1.0
0,0,0.2846947562649275
0,0,0.0
1,1,1.0
1,1,1.0
1,1,1.0
1,1,1.0
0,0,0.0
1,1,1.0
0,0,0.0
0,0,0.0
0,0,0.0
1,1,0.9538325585541991
0,0,0.04717430378566733
0,0,0.0
1,1,1.0
1,1,1.0
0,0,0.0
1,1,1.0
1,1,1.0
0,0,0.0
0,0,0.0
1,1,1.0
1,1,1.0
1,1,1.0
0,0,0.0
1,1,1.0
0,0,0.0
0,0,0.0
1,1,1.0
1,1,1.0
0,0,0.0
1,1,1.0
1,1,1.0
0,0,0.0
1,1,1.0
1,1,1.0
0,0,0.04909503168844017
1,1,1.0
0,0,0.0
0,0,0.0
1,1,1.0
0,0,0.0
0,0,0.0
0,0,0.0
0,0,0.0
1,1,1.0
1,1,1.0
0,0,0.0
1,1,1.0
1,1,1.0
1,1,1.0
1,1,1.0
0,0,0.0
1,1,0.9520094925764361
1,1,0.9085589190300121
0,0,0.0
1,1,1.0
1,1,1.0
1,1,1.0
0,0,0.0
1,1,0.9044387981058256
1,1,0.9063852015234034
1,1,1.0
0,0,0.0
1,1,1.0
1,1,1.0
0,0,0.0
1,1,0.9090376400129742
1,1,0.9080299292434799
1,1,1.0
1,1,1.0
1,1,1.0
1,1,1.0
1,1,1.0
1,1,1.0
1,1,1.0
1,1,1.0
1,1,1.0
0,0,0.09170854631918543
1,1,1.0
1,1,1.0
1,1,1.0
1,1,1.0
1,1,1.0
1,1,1.0
0,0,0.0
0,0,0.09177091647170792
0,0,0.0
0,0,0.0
1,1,0.8100658900196268
1,1,1.0
1,1,1.0
1,1,1.0
1,1,1.0
1,1,1.0
0,0,0.0
0,0,0.0
1,1,0.9535945785854855
1,1,1.0
1,1,1.0
0,0,0.0
1,1,1.0
1,1,0.9545163332971782
0,0,0.0
1,1,1.0
1,1,1.0
1,1,0.953672494623918
1,1,1.0
1,1,1.0
0,0,0.0
0,0,0.0
1,1,1.0
1,1,1.0
0,0,0.0
1,1,0.9104241892327599
0,0,0.0
0,0,0.0
1,1,0.9065185377806048
1,1,1.0
1,1,1.0
0,0,0.0
1,1,1.0
1,1,1.0
0,0,0.0
0,0,0.0
0,0,0.0
1,1,0.9536060768156224
0,0,0.04632469646652778
1,1,0.8649202980701512
1,1,1.0
1,1,1.0
1,1,1.0
1,1,1.0
0,0,0.0
0,0,0.0
1,1,1.0
0,0,0.0
0,0,0.0
0,0,0.0
1,1,1.0
1,1,1.0
1,1,0.9090224092292372
0,0,0.09176960214400971
1,1,1.0
1,1,1.0
1,1,1.0
0,0,0.0
0,0,0.04576056882350818
0,0,0.0
0,0,0.0
1,1,1.0
1,1,1.0
0,0,0.0
1,1,1.0
1,1,1.0
0,0,0.0
1,1,1.0
0,0,0.0
0,0,0.0
1,1,1.0
1,1,1.0
0,0,0.41594566911964054
1,1,1.0
1,1,1.0
1,1,1.0
1,1,1.0
1,1,1.0
1,1,1.0
1,1,1.0
1,1,1.0
1,1,1.0
1,1,1.0
0,0,0.0
1,1,1.0
1,1,1.0
0,0,0.0
1,1,1.0
1,1,1.0
1,1,1.0
0,0,0.0
0,0,0.0
1,1,1.0
1,1,1.0
1,1,1.0
1,1,1.0
1,1,1.0
0,0,0.0
0,0,0.0
0,0,0.0
0,0,0.0
1,1,1.0
1,1,1.0
0,0,0.0
1,1,1.0
0,0,0.0
1,1,1.0
0,0,0.0
1,1,1.0
0,0,0.0
1,1,1.0
0,0,0.0
1,1,1.0
0,0,0.0
1,1,1.0
1,1,1.0
1,1,1.0
1,1,1.0
0,0,0.0
1,1,1.0
1,1,1.0
1,1,1.0
1,1,1.0
1,1,0.9546082794550095
1,1,1.0
1,1,1.0
1,1,1.0
1,1,1.0
1,1,1.0
1,1,1.0
0,0,0.0
1,1,1.0
1,1,0.8994940217177488
1,1,1.0
1,1,1.0
1,1,0.954442999321128
1,1,1.0
1,1,1.0
1,1,1.0
1,1,1.0
1,1,1.0
1,1,1.0
1,1,1.0
1,1,1.0
1,1,1.0
1,1,1.0
1,1,1.0
1,1,1.0
1,1,1.0
1,1,0.9545306844165692
0,0,0.0
0,0,0.0
1,1,1.0
1,1,0.9071117226281046
1,1,1.0
0,0,0.0
1,1,1.0
1,1,0.9543164461021105
1,1,1.0
1,1,1.0
1,1,1.0
1,1,1.0
1,1,1.0
0,0,0.0
1,1,1.0
0,0,0.0
1,1,1.0
1,1,1.0
0,0,0.0
1,1,1.0
0,0,0.0
1,1,1.0
0,0,0.0
0,0,0.0
0,0,0.0
0,0,0.0
0,0,0.0
1,1,1.0
1,1,1.0
0,0,0.0
0,0,0.0
1,1,1.0
1,1,0.9509380342879916
1,1,0.908074396793536
1,1,1.0
1,1,1.0
1,1,1.0
1,1,1.0
0,0,0.09264155725962092
0,0,0.0
0,0,0.0
1,1,1.0
1,1,1.0
1,1,1.0
1,1,1.0
1,1,0.8594850103180973
0,0,0.0
1,1,1.0
1,1,1.0
1,1,1.0
0,0,0.0
0,0,0.0
1,1,1.0
1,1,0.6752389773056698
0,0,0.0
1,1,1.0
1,1,1.0
1,1,1.0
0,0,0.0
0,0,0.0
1,1,1.0
1,1,1.0
1,1,1.0
0,0,0.0
0,0,0.0
0,0,0.0
1,1,1.0
1,1,1.0
1,1,1.0
0,0,0.0
0,0,0.0
1,1,1.0
0,0,0.0
1,1,1.0
0,0,0.0
1,1,1.0
1,1,1.0
1,1,1.0
1,1,1.0
0,0,0.0
0,0,0.0
0,0,0.0
1,1,1.0
0,0,0.0
0,0,0.0
0,0,0.0
1,1,1.0
0,0,0.0
1,1,1.0
1,1,1.0
0,0,0.0
1,1,1.0
1,1,1.0
1,1,1.0
1,1,0.9552615329142761
0,0,0.0
1,1,1.0
1,1,1.0
0,0,0.0
1,1,1.0
1,1,1.0
1,1,1.0
0,0,0.0
0,0,0.0
1,1,1.0
0,0,0.0
1,1,0.9530659897609932
0,0,0.0
1,1,1.0
1,1,1.0
0,0,0.1413602974131858
1,1,1.0
1,1,1.0
0,0,0.048997587780022854
1,1,1.0
1,1,1.0
1,1,1.0
1,1,1.0
0,0,0.0
1,1,1.0
1,1,1.0
1,1,1.0
0,0,0.0
0,0,0.0
1,1,0.7193898105280563
0,0,0.0
0,0,0.0
1,1,1.0
1,1,1.0
0,0,0.0
1,1,1.0
0,0,0.0
1,1,1.0
0,0,0.04422550399162303
1,1,1.0
1,1,1.0
0,0,0.3280839049934894
1,1,1.0
0,0,0.0
1,1,0.9535339408734397
1,1,1.0
1,1,1.0
1,1,0.9083921710784242
0,0,0.045922549702261645
1,1,0.9021242812467513
1,1,1.0
1,1,1.0
0,0,0.0
0,0,0.0
1,1,0.9527076125075515
1,1,1.0
0,0,0.0
1,1,0.9550386942317041
1,1,1.0
1,1,0.9516883593703482
0,0,0.0
1,1,1.0
1,1,1.0
1,1,1.0
1,1,1.0
1,1,1.0
0,0,0.0
0,0,0.0
0,0,0.0
0,0,0.0
1,1,1.0
0,0,0.09100224877041624
1,1,1.0
1,1,0.9537104803493238
1,1,1.0
0,0,0.0
1,1,1.0
1,1,1.0
0,0,0.0
1,1,1.0
1,1,0.8619443812090293
1,1,1.0
1,1,1.0
1,1,1.0
1,1,1.0
1,1,1.0
1,1,1.0
1,1,1.0
1,1,1.0
1,1,1.0
1,1,1.0
0,0,0.0
0,0,0.0
1,1,0.9541436580941307
0,0,0.0
0,0,0.0
1,1,1.0
0,0,0.0
0,0,0.0454730486083405
0,0,0.0
1,1,1.0
1,1,1.0
0,0,0.0
1,1,1.0
0,0,0.0
0,0,0.0
0,0,0.0
1,1,1.0
1,1,0.9461800615803331
1,1,1.0
0,0,0.0
0,0,0.0
1,1,1.0
0,0,0.0
0,0,0.0
1,1,0.954220105369041
1,1,1.0
1,1,0.9071609681067447
1,1,1.0
1,1,1.0
0,0,0.0
0,0,0.0
0,0,0.0
1,1,0.8032517356278054
1,1,0.7618532998735194
1,1,1.0
1,1,1.0
1,1,1.0
0,0,0.0
0,0,0.0
1,1,0.9550672312074153
0,0,0.04807335306906037
1,1,1.0
0,0,0.0
1,1,0.807038108059523
1,1,1.0
0,0,0.0
1,1,1.0
0,0,0.0
0,0,0.0
1,1,1.0
1,1,1.0
1,1,1.0
0,0,0.0
0,0,0.04349987052521295
0,0,0.0
1,1,1.0
0,0,0.0
1,1,1.0
0,0,0.08862556475860751
0,0,0.0
1,1,1.0
1,1,1.0
0,0,0.0
0,0,0.0
1,1,1.0
0,0,0.0
0,0,0.0
1,1,1.0
0,0,0.0
1,1,1.0
1,1,1.0
1,1,1.0
1,1,1.0
1,1,1.0
0,0,0.09269426773509913
0,0,0.0
1,1,1.0
1,1,1.0
1,1,1.0
0,0,0.0
1,1,1.0
1,1,1.0
0,0,0.0
1,1,1.0
1,1,1.0
0,0,0.13964465555544453
0,0,0.0
0,0,0.0
0,0,0.0
1,1,1.0
0,0,0.0
1,1,0.905699552104333
1,1,1.0
0,0,0.0
1,1,0.9544197512849067
1,1,0.9081012435766084
1,1,1.0
1,1,1.0
1,1,1.0
0,0,0.0
0,0,0.0
1,1,1.0
0,0,0.0
1,1,1.0
1,1,1.0
1,1,1.0
1,1,1.0
1,1,1.0
0,0,0.0
1,1,1.0
1,1,1.0
1,1,1.0
1,1,1.0
1,1,0.9025276989464316
1,1,1.0
0,0,0.0
1,1,1.0
0,0,0.0
1,1,1.0
1,1,1.0
1,1,1.0
1,1,1.0
1,1,1.0
1,1,1.0
1,1,1.0
1,1,1.0
1,1,1.0
1,1,1.0
1,1,1.0
1,1,1.0
1,1,1.0
0,0,0.0
1,1,1.0
1,1,1.0
1,1,1.0
1,1,1.0
0,0,0.0
0,0,0.0
1,1,1.0
0,0,0.0
1,1,0.9552345059048185
1,1,1.0
1,1,1.0
1,1,1.0
0,0,0.0
0,0,0.0
0,0,0.0
0,0,0.0
1,1,1.0
0,0,0.0
1,1,1.0
0,0,0.0
0,0,0.0
1,1,1.0
0,0,0.0
0,0,0.0
1,1,0.8106227040428132
0,0,0.0
0,0,0.0
1,1,1.0
1,1,1.0
1,1,1.0
0,0,0.0
0,0,0.0
0,0,0.0
0,0,0.0
1,1,1.0
0,0,0.0
1,1,1.0
1,1,0.9518730519759034
0,0,0.0
1,1,1.0
1,1,1.0
0,0,0.0
1,1,1.0
0,0,0.0
0,0,0.0
1,1,0.9540244406654446
0,0,0.36436701679628036
1,1,1.0
1,1,1.0
1,1,1.0
1,1,1.0
1,1,1.0
1,1,1.0
1,1,1.0
0,0,0.0
0,0,0.0
0,0,0.0
1,1,1.0
1,1,0.9549794172956417
1,1,1.0
1,1,1.0
1,1,1.0
1,1,0.9541985915519617
0,0,0.0
0,0,0.0
1,1,1.0
1,1,0.8156832013706429
1,1,1.0
0,0,0.0
0,0,0.0
1,1,1.0
1,1,1.0
1,1,0.954684818330087
1,1,0.9505342151574854
1,1,1.0
0,0,0.046256431091813224
1,1,1.0
1,1,1.0
1,1,1.0
1,1,1.0
0,0,0.0
1,1,1.0
0,0,0.0
1,1,1.0
0,0,0.0
1,1,1.0
1,1,1.0
1,1,0.9539565350970051
1,1,1.0
1,1,1.0
0,0,0.0
0,0,0.0
1,1,1.0
0,0,0.0
1,1,1.0
1,1,1.0
0,0,0.0
1,1,1.0
0,0,0.0
0,0,0.0
1,1,1.0
1,1,1.0
0,0,0.0
1,1,1.0
0,0,0.0
1,1,0.7208864862207071
1,1,1.0
1,1,1.0
0,0,0.0
1,1,1.0
0,0,0.0
0,0,0.0
0,0,0.0
1,1,1.0
1,1,1.0
0,0,0.0
1,1,1.0
1,1,1.0
1,1,1.0
1,1,1.0
0,0,0.0
1,1,1.0
0,0,0.0
0,0,0.0
1,1,1.0
1,1,1.0
1,1,0.9064041603373275
0,0,0.0
0,0,0.0
1,1,1.0
0,0,0.0
0,0,0.0
0,0,0.0
1,1,1.0
0,0,0.0
0,0,0.0
0,0,0.0
1,1,1.0
1,1,1.0
1,1,0.9536077102951325
0,0,0.0
1,1,1.0
0,0,0.0
1,1,1.0
1,1,1.0
0,0,0.0
1,1,1.0
0,0,0.09151592696152373
1,1,0.954422140140676
1,1,1.0
1,1,1.0
0,0,0.0
1,1,1.0
1,1,0.9512419197015021
0,0,0.0
0,0,0.0
0,0,0.0
0,0,0.0
1,1,1.0
1,1,1.0
1,1,1.0
1,1,1.0
0,0,0.0
0,0,0.19409691092447517
1,1,1.0
0,0,0.04410966738726504
1,1,1.0
1,1,1.0
0,0,0.0
1,1,1.0
0,0,0.0
1,1,1.0
0,0,0.0
0,0,0.0
0,0,0.0
0,0,0.0
1,1,1.0
1,1,0.9538930527349982
1,1,1.0
0,0,0.0
1,1,1.0
1,1,1.0
1,1,1.0
1,1,1.0
0,0,0.0
1,1,1.0
1,1,0.9534335916545847
1,1,0.9537505638249167
0,0,0.1824921772048713
1,1,1.0
1,1,0.90610098446224
1,1,1.0
1,1,1.0
0,0,0.0
0,0,0.0
1,1,1.0
0,0,0.0
0,0,0.0
0,0,0.0
1,1,1.0
1,1,1.0
1,1,0.8042726078097099
1,1,1.0
0,0,0.0
1,1,1.0
1,1,0.9521314612609947
1,1,1.0
0,0,0.0
0,0,0.0
0,0,0.0
0,0,0.0
1,1,1.0
0,0,0.0
0,0,0.0
1,1,1.0
1,1,1.0
1,1,1.0
1,1,1.0
1,1,1.0
0,0,0.0
1,1,1.0
1,1,1.0
1,1,1.0
1,1,1.0
1,1,1.0
1,1,1.0
1,1,0.9049371630508025
1,1,1.0
0,0,0.0
1,1,1.0
1,1,1.0
1,1,1.0
1,1,1.0
0,0,0.0
0,0,0.0
1,1,1.0
1,1,1.0
1,1,0.9519658376720274
1,1,0.9028932254341742
1,1,1.0
1,1,1.0
0,0,0.0
0,0,0.04435355333528995
1,1,1.0
1,1,1.0
1,1,1.0
0,0,0.0
0,0,0.0
0,0,0.0
1,1,0.954979131189918
1,1,1.0
1,1,1.0
1,1,1.0
1,1,1.0
1,1,1.0
1,1,1.0
0,0,0.0
1,1,1.0
1,1,1.0
0,0,0.0
1,1,1.0
1,1,1.0
1,1,1.0
0,0,0.0
1,1,1.0
1,1,1.0
1,1,1.0
1,1,1.0
1,1,1.0
0,0,0.0
0,0,0.0
1,1,1.0
0,0,0.0
1,1,1.0
1,1,0.951533205535418
1,1,1.0
0,0,0.0
1,1,1.0
0,0,0.0
0,0,0.0
1,1,0.9469844942304365
0,0,0.0
1,1,0.949651334119114
0,0,0.0
0,0,0.0
0,0,0.24673462260203102
0,0,0.0
0,0,0.0
1,1,1.0
1,1,1.0
1,1,1.0
1,1,1.0
1,1,1.0
1,1,1.0
0,0,0.0
1,1,1.0
1,1,0.9527630198134015
1,1,0.9538344634446586
1,1,0.951944712926515
0,0,0.09446828140213365
1,1,1.0
1,1,1.0
0,0,0.0
0,0,0.0
1,1,0.9536518190626151
1,1,1.0
1,1,1.0
0,0,0.0
1,1,1.0
0,0,0.0
1,1,1.0
0,0,0.0
1,1,1.0
1,1,1.0
1,1,1.0
0,0,0.0
1,1,1.0
0,0,0.0
0,0,0.0
1,1,1.0
1,1,1.0
1,1,0.9534183385857119
0,0,0.0
0,0,0.0
1,1,1.0
0,0,0.0
1,1,0.9530409793546131
1,1,1.0
1,1,0.9534974571356105
0,0,0.0
1,1,1.0
1,1,1.0
0,0,0.0
0,0,0.0
1,1,1.0
0,0,0.0
1,1,1.0
1,1,1.0
1,1,0.763534198875197
1,1,1.0
1,1,1.0
1,1,1.0
1,1,1.0
0,0,0.0
1,1,1.0
1,1,0.8620385636057325
1,1,1.0
0,0,0.0
1,1,1.0
1,1,1.0
0,0,0.0
1,1,1.0
1,1,1.0
1,1,1.0
1,1,1.0
0,0,0.0
1,1,1.0
1,1,1.0
1,1,1.0
1,1,1.0
1,1,1.0
0,0,0.0
1,1,1.0
0,0,0.0
1,1,1.0
0,0,0.0
0,0,0.0
1,1,0.9518552223110883
0,0,0.0
0,0,0.0
1,1,1.0
1,1,1.0
1,1,1.0
0,0,0.0
1,1,1.0
1,1,1.0
1,1,1.0
1,1,1.0
1,1,1.0
1,1,1.0
1,1,1.0
1,1,1.0
1,1,0.9527581152551123
0,0,0.0
1,1,1.0
0,0,0.0
0,0,0.23661587694388656
0,0,0.0
0,0,0.09279257449624807
1,1,1.0
0,0,0.0
1,1,1.0
0,0,0.0
1,1,1.0
1,1,1.0
1,1,0.9050937067073445
1,1,1.0
1,1,1.0
1,1,1.0
1,1,1.0
1,1,1.0
0,0,0.0
1,1,1.0
0,0,0.04774436166151146
1,1,1.0
1,1,1.0
1,1,0.8192671954453294
1,1,1.0
1,1,0.8517626486219644
1,1,0.9529139805501402
1,1,1.0
0,0,0.0
0,0,0.0
1,1,1.0
1,1,0.9510800624533289
1,1,0.9550393125184128
1,1,1.0
0,0,0.0
0,0,0.0
1,1,1.0
0,0,0.0
1,1,1.0
1,1,1.0
0,0,0.0
0,0,0.0
0,0,0.0
0,0,0.0
1,1,1.0
1,1,1.0
1,1,1.0
1,1,1.0
0,0,0.0
1,1,1.0
0,0,0.0
1,1,1.0
0,0,0.0
0,0,0.048349794665005
1,1,1.0
1,1,1.0
1,1,1.0
0,0,0.0
1,1,1.0
0,0,0.0
1,1,1.0
0,0,0.0
0,0,0.0
0,0,0.0
1,1,1.0
0,0,0.0
1,1,1.0
0,0,0.0
1,1,1.0
1,1,1.0
1,1,1.0
1,1,1.0
0,0,0.0
0,0,0.0
0,0,0.0
0,0,0.0
0,0,0.0
0,0,0.0
1,1,1.0
1,1,1.0
1,1,0.9514678008686666
0,0,0.0
1,1,1.0
1,1,1.0
1,1,1.0
0,0,0.0
1,1,1.0
1,1,1.0
1,1,0.9538614322399236
1,1,1.0
0,0,0.0
0,0,0.0
1,1,1.0
1,1,1.0
1,1,1.0
1,1,0.9544196358306739
1,1,1.0
1,1,1.0
1,1,1.0
1,1,1.0
1,1,0.9514194672496595
1,1,1.0
1,1,1.0
0,0,0.0
0,0,0.09025412565471205
1,1,1.0
0,0,0.0
1,1,0.8566919995702061
0,0,0.0
0,0,0.0
1,1,1.0
1,1,1.0
1,1,1.0
0,0,0.0
0,0,0.09402262512299772
1,1,1.0
0,0,0.0
0,0,0.0
1,1,1.0
1,1,0.9546783706676246
1,1,1.0
0,0,0.0
1,1,0.9527830614526955
1,1,1.0
0,0,0.04508249093024977
1,1,1.0
1,1,0.9072701013294237
0,0,0.0
1,1,1.0
1,1,1.0
1,1,0.9537291189724405
1,1,1.0
1,1,1.0
1,1,0.9547185659696626
1,1,1.0
0,0,0.09035488879931326
1,1,1.0
1,1,1.0
0,0,0.0
1,1,1.0
1,1,0.9541280184538756
1,1,1.0
1,1,1.0
1,1,1.0
0,0,0.0
0,0,0.0
1,1,1.0
1,1,1.0
0,0,0.0469975846877807
0,0,0.0
1,1,1.0
1,1,1.0
1,1,1.0
1,1,1.0
0,0,0.0
1,1,1.0
0,0,0.0
1,1,1.0
0,0,0.0
1,1,1.0
1,1,1.0
0,0,0.0
1,1,1.0
1,1,1.0
1,1,1.0
1,1,1.0
0,0,0.0
1,1,1.0
1,1,1.0
1,1,1.0
0,0,0.0
1,1,1.0
0,0,0.0
0,0,0.0
0,0,0.0
1,1,1.0
0,0,0.0
1,1,1.0
1,1,1.0
0,0,0.0
1,1,1.0
1,1,1.0
1,1,1.0
0,0,0.0
1,1,1.0
1,1,1.0
1,1,0.9070972480352557
1,1,1.0
0,0,0.0
0,0,0.0
0,0,0.0
0,0,0.0
1,1,1.0
1,1,1.0
1,1,1.0
0,0,0.0
1,1,0.9549275820078413
1,1,1.0
1,1,1.0
1,1,1.0
0,0,0.0
0,0,0.0
1,1,1.0
1,1,1.0
0,0,0.0
1,1,1.0
1,1,1.0
1,1,1.0
0,0,0.0
0,0,0.0
1,1,1.0
0,0,0.0
1,1,1.0
1,1,1.0
0,0,0.0
0,0,0.0
1,1,1.0
1,1,0.953255121967052
1,1,1.0
0,0,0.0
1,1,1.0
1,1,1.0
0,0,0.09229259867458085
1,1,1.0
1,1,1.0
1,1,1.0
0,0,0.045579981514039504
1,1,1.0
1,1,0.7695313930343051
0,0,0.0
1,1,1.0
1,1,1.0
1,1,0.9536152525794473
1,1,1.0
0,0,0.0
1,1,1.0
0,0,0.0
1,1,1.0
1,1,1.0
1,1,1.0
1,1,0.953843514126122
1,1,0.9101300812835766
0,0,0.0
0,0,0.0
1,1,1.0
1,1,1.0
1,1,1.0
1,1,1.0
1,1,1.0
1,1,1.0
1,1,1.0
1,1,1.0
1,1,0.8622132200242221
1,1,1.0
0,0,0.0
0,0,0.0
1,1,1.0
1,1,0.9533360255490084
1,1,1.0
0,0,0.0
1,1,0.9085275286686193
1,1,1.0
1,1,1.0
1,1,1.0
1,1,1.0
1,1,1.0
0,0,0.0
1,1,1.0
0,0,0.0
1,1,1.0
0,0,0.0
0,0,0.0
0,0,0.0
1,1,1.0
1,1,0.9544529763882394
1,1,1.0
1,1,1.0
0,0,0.0
1,1,1.0
0,0,0.0
0,0,0.0
0,0,0.0
1,1,1.0
1,1,0.9542950186158489
0,0,0.09086698711095552
0,0,0.0
1,1,1.0
0,0,0.0
0,0,0.0
1,1,1.0
1,1,1.0
0,0,0.32991554562170966
1,1,1.0
1,1,1.0
0,0,0.0
1,1,1.0
0,0,0.0
1,1,1.0
1,1,1.0
1,1,1.0
1,1,1.0
0,0,0.0
0,0,0.0
1,1,0.9083686177266731
0,0,0.0
1,1,1.0
0,0,0.13820082037503087
0,0,0.0
1,1,1.0
1,1,1.0
1,1,1.0
0,0,0.0
0,0,0.0
0,0,0.0
0,0,0.0
1,1,1.0
0,0,0.04882152549772073
1,1,0.7664813071294687
0,0,0.0
0,0,0.09577478252862254
1,1,1.0
0,0,0.0
0,0,0.1304071038759219
0,0,0.0
1,1,1.0
0,0,0.0
1,1,1.0
1,1,1.0
0,0,0.044994736526594595
1,1,0.9078956282788813
1,1,1.0
0,0,0.0
1,1,1.0
0,0,0.0
1,1,1.0
0,0,0.0
1,1,1.0
0,0,0.0
0,0,0.0
1,1,1.0
0,0,0.0
1,1,1.0
1,1,1.0
1,1,1.0
1,1,1.0
1,1,1.0
0,0,0.0
0,0,0.0
1,1,1.0
1,1,1.0
0,0,0.0
0,0,0.0
0,0,0.0
0,0,0.0
0,0,0.0
1,1,1.0
0,0,0.0
1,1,1.0
0,0,0.0
0,0,0.0
1,1,0.954852018456226
0,0,0.0
1,1,1.0
0,0,0.0
0,0,0.0
1,1,1.0
0,0,0.0
1,1,1.0
1,1,1.0
1,1,1.0
0,0,0.0
1,1,1.0
0,0,0.0
1,1,0.9547207576543428
0,0,0.0
0,0,0.0
1,1,0.9555532188231144
1,1,1.0
1,1,1.0
0,0,0.0
1,1,1.0
1,1,1.0
1,1,1.0
0,0,0.0
1,1,1.0
1,1,1.0
0,0,0.0
0,0,0.0
0,0,0.0
0,0,0.0
1,1,1.0
1,1,0.8588586607351469
0,0,0.0
0,0,0.04700255717440648
1,1,1.0
1,1,1.0
0,0,0.0
0,0,0.0
0,0,0.0
0,0,0.0
1,1,1.0
0,0,0.0
1,1,1.0
1,1,0.8595379990084089
1,1,1.0
1,1,1.0
1,1,0.9060502262707149
0,0,0.0
1,1,1.0
0,0,0.0
1,1,0.8609006513113386
1,1,1.0
0,0,0.0
1,1,1.0
1,1,1.0
1,1,1.0
1,1,1.0
0,0,0.0
0,0,0.04879780636085822
1,1,1.0
0,0,0.0
1,1,1.0
1,1,0.9062740228891502
1,1,1.0
1,1,1.0
1,1,1.0
0,0,0.4273658557796108
0,0,0.0
0,0,0.0
1,1,1.0
0,0,0.14511644847383223
1,1,1.0
1,1,1.0
0,0,0.0
1,1,1.0
1,1,1.0
1,1,1.0
0,0,0.0
1,1,1.0
1,1,1.0
1,1,1.0
1,1,1.0
1,1,1.0
1,1,1.0
1,1,1.0
1,1,1.0
1,1,1.0
0,0,0.0
0,0,0.0
1,1,1.0
1,1,1.0
1,1,1.0
1,1,1.0
0,0,0.0
1,1,1.0
1,1,1.0
0,0,0.0
1,1,1.0
0,0,0.0
1,1,1.0
1,1,1.0
1,1,1.0
0,0,0.0
1,1,1.0
0,0,0.0
0,0,0.0
0,0,0.0
0,0,0.0
0,0,0.0
1,1,0.9564376265104548
0,0,0.0
0,0,0.0
0,0,0.0958906677479923
1,1,1.0
0,0,0.0
0,0,0.0
0,0,0.0
1,1,1.0
1,1,1.0
0,0,0.4261267939178315
0,0,0.0
1,1,1.0
0,0,0.0
1,1,0.9535266901085554
1,1,1.0
1,1,1.0
1,1,1.0
1,1,1.0
0,0,0.0
1,1,1.0
1,1,1.0
1,1,1.0
0,0,0.0
1,1,1.0
1,1,1.0
1,1,1.0
1,1,1.0
1,1,1.0
1,1,1.0
1,1,1.0
0,0,0.0
0,0,0.0
0,0,0.0
1,1,1.0
1,1,1.0
1,1,1.0
1,1,0.8652392001506038
1,1,1.0
0,0,0.0
1,1,0.9531175421469852
1,1,1.0
1,1,1.0
0,0,0.0
1,1,1.0
0,0,0.0
1,1,1.0
0,0,0.0
0,0,0.0
0,0,0.0
1,1,1.0
1,1,1.0
1,1,1.0
1,1,1.0
1,1,1.0
0,0,0.0
1,1,1.0
1,1,1.0
1,1,1.0
1,1,1.0
1,1,1.0
1,1,0.8211333671249879
1,1,1.0
0,0,0.0
1,1,1.0
1,1,1.0
1,1,1.0
1,1,1.0
1,1,1.0
1,1,1.0
1,1,0.9067854039712289
1,1,1.0
1,1,1.0
1,1,1.0
1,1,1.0
1,1,0.8123978772813173
1,1,1.0
1,1,1.0
1,1,1.0
0,0,0.0
1,1,1.0
0,0,0.0
1,1,1.0
1,1,1.0
0,0,0.0
1,1,1.0
0,0,0.0
0,0,0.0
0,0,0.0
0,1,0.714361444656381
0,0,0.0
0,0,0.0
1,1,1.0
1,1,1.0
0,0,0.09072227091581045
0,0,0.0
0,0,0.09147274649023128
1,1,1.0
1,1,1.0
1,1,1.0
1,1,1.0
0,0,0.0
1,1,1.0
0,0,0.0
1,1,1.0
1,1,1.0
0,0,0.0
0,0,0.0
0,0,0.0
1,1,1.0
0,0,0.0
0,0,0.0
1,1,1.0
1,1,1.0
1,1,1.0
1,1,1.0
1,1,1.0
0,0,0.0
1,1,1.0
1,1,1.0
0,0,0.0
0,0,0.0
0,0,0.0
0,0,0.045615828742152975
0,0,0.0
0,0,0.0
0,0,0.0
0,0,0.0
0,0,0.0
1,1,1.0
0,0,0.0
1,1,1.0
1,1,1.0
1,1,0.9514381741963162
1,1,1.0
0,0,0.0
0,0,0.0
0,0,0.0
0,0,0.0
1,1,1.0
1,1,0.9557043068470739
0,0,0.0
1,1,1.0
0,0,0.0
0,0,0.0
1,1,1.0
1,1,1.0
1,1,1.0
1,1,1.0
1,1,1.0
1,1,0.9551977895242656
1,1,1.0
1,1,1.0
1,1,0.8572948782042249
1,1,1.0
0,0,0.0
0,0,0.0
0,0,0.0
1,1,1.0
0,0,0.18800341529617456
0,0,0.0
0,0,0.0
0,0,0.0
0,0,0.0
0,0,0.0
1,1,1.0
0,0,0.13803367488788518
1,1,0.9548524176772054
1,1,0.9541948041421734
1,1,1.0
0,0,0.0
0,0,0.0
1,1,1.0
1,1,1.0
1,1,1.0
0,0,0.09164588715844997
0,0,0.0
1,1,1.0
0,0,0.0
1,1,1.0
1,1,1.0
1,1,1.0
0,0,0.0
1,1,1.0
1,1,1.0
1,1,0.953934160665018
1,1,1.0
1,1,0.9074488653273547
0,0,0.0
1,1,1.0
0,0,0.0
0,0,0.0
1,1,1.0
1,1,1.0
0,0,0.0
1,1,1.0
0,0,0.0
1,1,1.0
1,1,1.0
0,0,0.0
1,1,1.0
0,0,0.0
0,0,0.0
1,1,1.0
0,0,0.0
1,1,1.0
0,0,0.0
0,0,0.0
0,0,0.0
1,1,1.0
1,1,0.9509638379415196
1,1,1.0
0,0,0.0
1,1,1.0
1,1,1.0
0,0,0.0
1,1,1.0
1,1,0.9062339719659306
0,0,0.0
1,1,1.0
0,0,0.0
1,1,1.0
1,1,1.0
1,1,1.0
0,0,0.0
1,1,1.0
1,1,1.0
1,1,1.0
0,0,0.0
1,1,1.0
0,0,0.0
1,1,1.0
1,1,1.0
1,1,1.0
0,0,0.0
1,1,1.0
1,1,1.0
0,0,0.0
1,1,0.9518126164053331
1,1,1.0
0,0,0.0
1,1,1.0
0,0,0.0
1,1,1.0
1,1,0.9488305759958681
1,1,1.0
1,1,0.953821306476519
1,1,0.9517743705551087
1,1,1.0
1,1,1.0
1,1,1.0
1,1,1.0
1,1,1.0
0,0,0.0
1,1,1.0
1,1,1.0
1,1,0.8608786038194375
0,0,0.0
0,0,0.0
0,0,0.0
0,0,0.0
1,1,0.9551121377997308
1,1,0.9070094753394503
0,0,0.0
0,0,0.0
0,0,0.0
1,1,1.0
1,1,1.0
1,1,1.0
1,1,1.0
1,1,1.0
1,1,1.0
0,0,0.0
0,0,0.0
1,1,1.0
0,0,0.0
1,1,1.0
1,1,1.0
1,1,1.0
1,1,1.0
1,1,1.0
1,1,1.0
1,1,1.0
1,1,1.0
1,1,1.0
0,0,0.0
1,1,1.0
1,1,1.0
1,1,1.0
0,0,0.0
0,0,0.0
0,0,0.0925933168774062
1,1,1.0
1,1,1.0
0,0,0.0
1,1,0.8648649014507495
1,1,1.0
1,1,1.0
0,0,0.0
1,1,1.0
1,1,1.0
1,1,1.0
1,1,1.0
1,1,1.0
1,1,1.0
0,0,0.0
1,1,1.0
1,1,1.0
1,1,1.0
0,0,0.0
1,1,1.0
1,1,1.0
1,1,1.0
0,0,0.0
0,0,0.0
1,1,1.0
1,1,1.0
1,1,1.0
1,1,1.0
0,0,0.0
1,1,1.0
0,0,0.0
1,1,1.0
1,1,1.0
1,1,1.0
1,1,1.0
1,1,1.0
1,1,1.0
1,1,1.0
1,1,1.0
1,1,1.0
1,1,1.0
0,0,0.047160890490139905
0,0,0.0
0,0,0.0
1,1,1.0
1,1,1.0
0,0,0.0
1,1,1.0
0,0,0.0
1,1,1.0
1,1,1.0
1,1,1.0
1,1,1.0
1,1,1.0
0,0,0.0
0,0,0.0
0,0,0.0
1,1,1.0
1,1,1.0
0,0,0.0
0,0,0.0
1,1,1.0
0,0,0.05044856599752445
0,0,0.0
1,1,1.0
1,1,1.0
0,0,0.0
1,1,1.0
1,1,1.0
1,1,1.0
0,0,0.0
1,1,1.0
0,0,0.0
1,1,1.0
0,0,0.0
1,1,1.0
1,1,1.0
1,1,1.0
1,1,1.0
1,1,1.0
1,1,1.0
0,0,0.0
0,0,0.0
1,1,1.0
1,1,1.0
1,1,0.8610703173531042
1,1,1.0
1,1,0.9510048507714841
1,1,1.0
0,0,0.0
0,0,0.0
0,0,0.0936318929406263
0,0,0.0
1,1,1.0
0,0,0.0
1,1,1.0
1,1,1.0
1,1,1.0
1,1,1.0
0,0,0.0
0,0,0.0
1,1,1.0
0,0,0.0
1,1,1.0
0,0,0.0
0,0,0.0
1,1,1.0
1,1,1.0
1,1,1.0
0,0,0.0
1,1,1.0
0,0,0.18881194955492211
0,0,0.0
0,0,0.13992823863079132
0,0,0.0
1,1,1.0
0,0,0.0
0,0,0.0
1,1,1.0
1,1,1.0
1,1,1.0
0,0,0.0
0,0,0.0
0,0,0.0
0,0,0.0
1,1,1.0
1,1,1.0
1,1,1.0
1,1,1.0
0,0,0.0
1,1,1.0
0,0,0.0
1,1,1.0
0,0,0.0
0,0,0.0
1,1,1.0
0,0,0.0
1,1,1.0
1,1,1.0
1,1,1.0
1,1,1.0
1,1,1.0
1,1,1.0
1,1,1.0
0,0,0.0
1,1,1.0
0,0,0.0
1,1,1.0
0,0,0.0
1,1,1.0
1,1,1.0
1,1,1.0
0,0,0.0
0,0,0.0
1,1,0.9046713713285008
1,1,1.0
0,0,0.0
1,1,1.0
1,1,1.0
0,0,0.0
0,0,0.0
1,1,1.0
1,1,1.0
0,0,0.0
0,0,0.0
0,0,0.0
0,0,0.0
0,0,0.0
1,1,1.0
1,1,1.0
1,1,1.0
1,1,1.0
0,0,0.0
1,1,1.0
0,0,0.0
1,1,1.0
1,1,1.0
1,1,1.0
1,1,1.0
1,1,1.0
0,0,0.0
1,1,1.0
0,0,0.0
1,1,1.0
0,0,0.0
1,1,1.0
1,1,1.0
1,1,1.0
1,1,1.0
0,0,0.0
1,1,1.0
1,1,1.0
0,0,0.0
0,0,0.0
1,1,1.0
0,0,0.0
1,1,1.0
1,1,1.0
1,1,1.0
1,1,1.0
0,0,0.0
1,1,1.0
1,1,1.0
1,1,1.0
0,0,0.0
1,1,1.0
0,0,0.0
1,1,1.0
1,1,1.0
1,1,1.0
1,1,1.0
1,1,0.9498313671206935
0,0,0.09398959492819473
1,1,1.0
1,1,1.0
1,1,0.8066378445289349
1,1,1.0
0,0,0.09130078306108565
1,1,0.8523392404982266
1,1,1.0
0,0,0.13490732308456668
0,0,0.0
1,1,1.0
0,0,0.0
1,1,1.0
1,1,1.0
1,1,1.0
1,1,1.0
1,1,1.0
1,1,1.0
1,1,1.0
0,0,0.0
1,1,1.0
1,1,0.9528608261403135
0,0,0.0
1,1,1.0
1,1,1.0
1,1,0.8615417205001511
1,1,1.0
1,1,1.0
1,1,1.0
1,1,1.0
1,1,1.0
1,1,0.954046079730062
0,0,0.0
0,0,0.0
1,1,1.0
1,1,1.0
1,1,1.0
1,1,1.0
1,1,1.0
1,1,1.0
1,1,1.0
1,1,1.0
0,0,0.0
0,0,0.0
0,0,0.18339067390639033
0,0,0.0
1,1,1.0
1,1,1.0
1,1,0.9512778331115509
1,1,1.0
0,0,0.0
1,1,1.0
0,0,0.0
1,1,0.9539651493523001
1,1,1.0
1,1,1.0
0,0,0.0
1,1,1.0
1,1,1.0
1,1,0.9538524057581143
1,1,1.0
1,1,1.0
0,0,0.0
0,0,0.04563961103195108
1,1,1.0
1,1,1.0
1,1,1.0
1,1,1.0
1,1,1.0
1,1,1.0
1,1,1.0
1,1,1.0
0,0,0.09166538874978435
1,1,1.0
1,1,1.0
1,1,1.0
1,1,1.0
1,1,1.0
1,1,1.0
1,1,0.9537101213119882
1,1,1.0
1,1,1.0
0,0,0.0
0,0,0.0
0,0,0.0
1,1,1.0
1,1,1.0
1,1,1.0
0,0,0.0
1,1,1.0
1,1,1.0
1,1,1.0
0,0,0.0
1,1,0.9553092853459384
1,1,1.0
1,1,1.0
1,1,1.0
1,1,1.0
1,1,1.0
1,1,1.0
1,1,1.0
1,1,1.0
1,1,0.9536282771201245
1,1,0.9532759235315813
1,1,1.0
1,1,1.0
1,1,1.0
1,1,0.9064769180264644
0,0,0.046363859000969364
0,0,0.045984627774439756
0,0,0.0
1,1,1.0
1,1,1.0
0,0,0.0
0,0,0.0
1,1,1.0
0,0,0.37729631083194426
0,0,0.0
0,0,0.0
0,0,0.0
1,1,1.0
0,0,0.0
1,1,0.9546207799516341
1,1,1.0
1,1,1.0
0,0,0.0
0,0,0.0
0,0,0.0
1,1,1.0
0,0,0.0
0,0,0.0
0,0,0.0
0,0,0.0
1,1,1.0
1,1,1.0
1,1,1.0
1,1,1.0
1,1,1.0
1,1,1.0
1,1,1.0
1,1,1.0
1,1,1.0
1,1,1.0
0,0,0.0
1,1,0.9542232256652914
1,1,0.945693504077745
0,0,0.0
0,0,0.0
0,0,0.0
1,1,1.0
1,1,0.8002686859768455
1,1,1.0
1,1,1.0
0,0,0.0
0,0,0.0
1,1,1.0
1,1,1.0
1,1,1.0
0,0,0.04771582685951933
1,1,0.9529825160176666
0,0,0.0
1,1,1.0
0,0,0.0
0,0,0.0
0,0,0.0
0,0,0.0
0,0,0.0
0,0,0.0
0,0,0.0
0,0,0.0
1,1,1.0
0,0,0.0
1,1,1.0
1,1,1.0
0,0,0.0
1,1,1.0
1,1,1.0
0,0,0.0
1,1,1.0
1,1,1.0
1,1,1.0
1,1,1.0
1,1,1.0
0,0,0.0
1,1,1.0
1,1,1.0
0,0,0.1864691566668525
1,1,1.0
1,1,1.0
0,0,0.0
1,1,1.0
1,1,1.0
0,0,0.0
0,0,0.0
1,1,1.0
1,1,1.0
1,1,1.0
1,1,1.0
0,0,0.0
0,0,0.046558768562979795
0,0,0.0
0,0,0.045603595358294065
1,1,1.0
1,1,1.0
1,1,1.0
1,1,1.0
1,1,1.0
0,0,0.0
1,1,1.0
0,0,0.0
1,1,1.0
1,1,0.9539011038627276
1,1,1.0
0,0,0.0
1,1,1.0
0,0,0.0
1,1,1.0
1,1,1.0
0,0,0.0
1,1,0.952726047068366
1,1,1.0
0,0,0.0
0,0,0.0
1,1,1.0
0,0,0.0
1,1,1.0
1,1,1.0
1,1,1.0
1,1,1.0
1,1,1.0
0,0,0.0
0,0,0.0
1,1,1.0
0,0,0.0
0,0,0.0
0,0,0.0
1,1,1.0
1,1,1.0
0,0,0.0
1,1,1.0
1,1,1.0
1,1,1.0
1,1,1.0
0,0,0.0
1,1,1.0
1,1,1.0
1,1,1.0
0,0,0.0
1,1,1.0
0,0,0.0
0,0,0.0
0,0,0.0
1,1,1.0
1,1,1.0
1,1,1.0
1,1,0.9508254348184868
0,0,0.0
1,1,1.0
1,1,0.9067457582607096
0,0,0.0
1,1,1.0
1,1,1.0
1,1,1.0
0,0,0.0
1,1,1.0
0,0,0.0
1,1,1.0
1,1,1.0
1,1,0.7140457463508423
1,1,1.0
0,0,0.045729530327816896
1,1,1.0
1,1,1.0
1,1,1.0
0,0,0.0
1,1,1.0
0,0,0.12970264963989475
0,0,0.0
1,1,1.0
1,1,1.0
1,1,1.0
0,0,0.0
1,1,1.0
1,1,1.0
0,0,0.0
1,1,1.0
1,1,1.0
0,0,0.0
1,1,1.0
1,1,1.0
1,1,1.0
1,1,1.0
0,0,0.0
0,0,0.0
1,1,1.0
0,0,0.0
0,0,0.0
1,1,1.0
1,1,1.0
1,1,1.0
0,0,0.18885923679960778
1,1,1.0
1,1,1.0
1,1,1.0
1,1,0.9544888964481623
1,1,1.0
1,1,1.0
1,1,1.0
0,0,0.0
1,1,1.0
1,1,1.0
1,1,1.0
1,1,1.0
1,1,1.0
0,0,0.09653461983930024
1,1,1.0
0,0,0.0
1,1,1.0
1,1,1.0
1,1,1.0
0,0,0.0
1,1,1.0
1,1,1.0
0,0,0.0
0,0,0.0
1,1,1.0
0,0,0.0
1,1,1.0
1,1,1.0
0,0,0.0
1,1,1.0
1,1,1.0
0,0,0.09179541154793493
1,1,1.0
0,0,0.09095524426387933
1,1,1.0
0,0,0.0
0,0,0.0
1,1,1.0
1,1,1.0
1,1,1.0
1,1,0.9467423306959375
1,1,1.0
1,1,1.0
1,1,0.9509644072255695
1,1,1.0
0,0,0.0482963152335449
0,0,0.0
0,0,0.0
1,1,0.906660212458723
0,0,0.0
1,1,1.0
1,1,1.0
1,1,1.0
0,0,0.0
1,1,1.0
1,1,1.0
0,0,0.044869507992921255
1,1,0.9496054388535474
0,0,0.0
1,1,1.0
1,1,1.0
0,0,0.0
1,1,1.0
0,0,0.0
0,0,0.0
0,0,0.0
0,0,0.0
1,1,1.0
1,1,1.0
1,1,1.0
1,1,1.0
1,1,1.0
1,1,1.0
0,0,0.0
0,0,0.0
0,0,0.0
0,0,0.0
0,0,0.0
1,1,1.0
1,1,1.0
0,0,0.0
1,1,1.0
0,0,0.0
1,1,1.0
0,0,0.0
0,0,0.0
1,1,1.0
1,1,1.0
0,0,0.0
0,0,0.0
1,1,1.0
1,1,1.0
0,0,0.0
1,1,1.0
1,1,1.0
1,1,1.0
1,1,1.0
1,1,1.0
0,0,0.0
1,1,1.0
1,1,1.0
1,1,1.0
1,1,1.0
1,1,1.0
0,0,0.0
1,1,1.0
0,0,0.0
1,1,1.0
0,0,0.0
0,0,0.046439232552943424
0,0,0.0
1,1,1.0
1,1,1.0
1,1,1.0
1,1,1.0
1,1,1.0
1,1,0.9042820155067898
1,1,1.0
0,0,0.0
1,1,1.0
1,1,1.0
1,1,1.0
1,1,1.0
0,0,0.0
1,1,1.0
0,0,0.23153206871604054
0,0,0.0
0,0,0.045073984125948284
0,0,0.0
1,1,1.0
1,1,1.0
1,1,1.0
0,0,0.0
1,1,1.0
1,1,1.0
0,0,0.0
1,1,1.0
0,0,0.0
1,1,0.9514733263438397
0,0,0.0
1,1,1.0
0,0,0.0
1,1,0.9514608952713075
1,1,1.0
0,0,0.0
0,0,0.0
1,1,1.0
1,1,1.0
0,0,0.0
1,1,1.0
0,0,0.0
0,0,0.42721774031337617
1,1,1.0
1,1,1.0
1,1,1.0
0,0,0.04563019906124926
1,1,1.0
1,1,1.0
0,0,0.0
0,0,0.0
1,1,1.0
0,0,0.0
0,0,0.0
1,1,1.0
0,0,0.0
1,1,1.0
1,1,1.0
1,1,1.0
0,0,0.0
1,1,1.0
0,0,0.0
1,1,1.0
0,0,0.0
1,1,1.0
1,1,1.0
0,0,0.0
1,1,1.0
1,1,1.0
1,1,1.0
0,0,0.0
0,0,0.0
1,1,1.0
1,1,1.0
1,1,1.0
0,0,0.0
0,0,0.0
0,0,0.0
0,0,0.0
1,1,1.0
0,0,0.0
1,1,1.0
1,1,1.0
1,1,1.0
1,1,0.9552504579025533
1,1,1.0
1,1,1.0
0,0,0.0
1,1,1.0
1,1,1.0
1,1,1.0
0,0,0.0
1,1,0.7161554521122482
0,0,0.0
1,1,1.0
1,1,1.0
0,0,0.0
1,1,0.8125416420499508
0,0,0.14037600450761684
1,1,1.0
0,0,0.0
1,1,1.0
1,1,1.0
0,0,0.0
1,1,1.0
0,0,0.0
0,0,0.0
1,1,1.0
0,0,0.0
1,1,1.0
1,1,1.0
1,1,1.0
1,1,1.0
0,0,0.0
0,0,0.0
1,1,1.0
1,1,1.0
0,0,0.0
0,0,0.0
0,0,0.04449550594858885
1,1,0.9542234052800174
1,1,1.0
1,1,1.0
0,0,0.0
0,0,0.0
0,0,0.0
1,1,1.0
1,1,1.0
1,1,1.0
1,1,1.0
1,1,1.0
1,1,1.0
1,1,0.9536736756094614
1,1,1.0
0,0,0.0
1,1,1.0
1,1,1.0
1,1,1.0
1,1,1.0
0,0,0.0
0,0,0.0
1,1,1.0
1,1,1.0
0,0,0.0
1,1,1.0
0,0,0.046762265432457664
1,1,1.0
1,1,1.0
1,1,1.0
1,1,1.0
1,1,1.0
0,0,0.0
1,1,1.0
1,1,1.0
0,0,0.0
1,1,1.0
1,1,1.0
0,0,0.0
0,0,0.0
1,1,1.0
0,0,0.0
1,1,1.0
0,0,0.0
1,1,1.0
1,1,1.0
1,1,1.0
1,1,1.0
1,1,1.0
0,0,0.0
1,1,1.0
1,1,1.0
1,1,1.0
1,1,1.0
1,1,0.9538510705668195
0,0,0.0
1,1,1.0
1,1,1.0
1,1,0.9553459628689378
0,0,0.0
0,0,0.0
1,1,1.0
0,0,0.0
0,0,0.0
1,1,1.0
1,1,1.0
1,1,0.8589710344686511
1,1,0.9534897956822519
0,0,0.0
1,1,1.0
1,1,1.0
1,1,1.0
1,1,1.0
0,0,0.046058506945914145
1,1,1.0
1,1,0.8104378087345488
0,0,0.0
1,1,1.0
1,1,0.9525135793255218
1,1,1.0
0,0,0.0
0,0,0.0
1,1,1.0
0,0,0.0
0,0,0.0
0,0,0.0
0,0,0.0
0,0,0.0
0,0,0.0
1,1,1.0
1,1,1.0
0,0,0.0
1,1,1.0
0,0,0.0
1,1,1.0
1,1,1.0
1,1,1.0
1,1,1.0
1,1,1.0
0,0,0.0
0,0,0.0
0,0,0.0
1,1,1.0
1,1,1.0
0,0,0.0
1,1,1.0
1,1,1.0
1,1,1.0
1,1,1.0
1,1,1.0
0,0,0.0
1,1,1.0
1,1,1.0
1,1,1.0
1,1,1.0
1,1,1.0
1,1,1.0
0,0,0.0
1,1,1.0
0,0,0.0
1,1,1.0
1,1,1.0
1,1,1.0
0,0,0.0
0,0,0.0
0,0,0.0
1,1,1.0
1,1,1.0
0,0,0.0
0,0,0.0
1,1,1.0
0,0,0.0
0,0,0.0
0,0,0.0
1,1,1.0
1,1,1.0
1,1,1.0
0,0,0.0
1,1,1.0
0,0,0.18853176446989064
1,1,1.0
0,0,0.0
0,0,0.0
1,1,1.0
1,1,1.0
0,0,0.0
1,1,1.0
1,1,1.0
1,1,1.0
1,1,1.0
1,1,1.0
1,1,1.0
1,1,1.0
0,0,0.0
1,1,1.0
1,1,1.0
0,0,0.0
1,1,0.9537119606943412
0,0,0.0
1,1,1.0
1,1,1.0
0,0,0.0
1,1,1.0
1,1,1.0
1,1,1.0
1,1,0.9551331457600122
1,1,1.0
0,0,0.0
0,0,0.0
1,1,1.0
1,1,1.0
1,1,1.0
1,1,1.0
0,0,0.0
1,1,1.0
0,0,0.0
0,0,0.0
0,0,0.0
0,0,0.0
1,1,1.0
1,1,0.7598152099112576
1,1,0.9512420954256796
1,1,1.0
1,1,1.0
1,1,1.0
1,1,1.0
1,1,1.0
1,1,1.0
0,0,0.0
0,0,0.0
1,1,1.0
1,1,0.9557098421545022
1,1,1.0
1,1,1.0
1,1,1.0
0,0,0.2298357223703967
0,0,0.0
0,0,0.0
0,0,0.0
1,1,1.0
1,1,1.0
1,1,1.0
0,0,0.14200102595024236
1,1,1.0
1,1,1.0
1,1,1.0
1,1,1.0
1,1,1.0
0,0,0.0
1,1,1.0
0,0,0.0
0,0,0.0
1,1,1.0
1,1,1.0
1,1,1.0
1,1,0.8583953230008423
1,1,0.9548945454390112
1,1,1.0
0,0,0.0
1,1,1.0
1,1,1.0
0,0,0.0
0,0,0.0
1,1,1.0
1,1,0.9544949280597147
1,1,1.0
1,1,1.0
1,1,1.0
1,1,1.0
1,1,0.904133713382442
0,0,0.0
0,0,0.045237303316689396
0,0,0.0
1,1,1.0
0,0,0.04447866424088558
1,1,1.0
0,0,0.0
1,1,1.0
1,1,1.0
0,0,0.2876906018054512
1,1,1.0
1,1,1.0
1,1,1.0
1,1,1.0
0,0,0.0
1,1,1.0
0,0,0.04247361887160867
1,1,1.0
1,1,1.0
1,1,1.0
0,0,0.04399760550821565
1,1,1.0
0,0,0.0
0,0,0.0
1,1,1.0
1,1,1.0
1,1,0.9554827078133079
1,1,1.0
1,1,1.0
1,1,1.0
0,0,0.0
1,1,1.0
0,0,0.0
0,0,0.0
1,1,1.0
1,1,0.9545361529000653
1,1,1.0
1,1,1.0
1,1,1.0
1,1,1.0
1,1,1.0
1,1,0.9550065487202206
1,1,0.9066693156651788
1,1,1.0
1,1,1.0
1,1,1.0
1,1,1.0
0,0,0.0
0,0,0.0
0,0,0.0
1,1,1.0
1,1,1.0
0,0,0.0
1,1,1.0
1,1,1.0
1,1,1.0
1,1,0.9087331914003611
0,0,0.0
1,1,1.0
1,1,1.0
1,1,1.0
1,1,1.0
0,0,0.0
0,0,0.0
0,0,0.0
0,0,0.2358589062133093
0,0,0.0
0,0,0.0
0,0,0.0
0,0,0.0
1,1,1.0
1,1,1.0
1,1,1.0
1,1,1.0
0,0,0.0
0,0,0.0
1,1,0.9549197121635998
1,1,1.0
1,1,1.0
1,1,0.9539296723781739
0,0,0.0
1,1,1.0
1,1,0.9090192412076319
1,1,1.0
0,0,0.0
0,0,0.0
0,0,0.0
1,1,1.0
1,1,1.0
1,1,1.0
0,0,0.09377980527642898
0,0,0.0
1,1,0.9071021729108155
1,1,1.0
0,0,0.0
1,1,0.9545319340328168
1,1,0.9529007057084442
0,0,0.0
1,1,0.9540807237229602
1,1,1.0
1,1,1.0
0,0,0.0
1,1,1.0
0,0,0.0
1,1,1.0
0,0,0.04629398537289892
0,0,0.0
1,1,1.0
1,1,1.0
1,1,1.0
1,1,1.0
1,1,1.0
0,0,0.0
1,1,1.0
1,1,0.9046234018168583
0,0,0.0
1,1,0.9443451594908527
1,1,1.0
0,0,0.0
1,1,1.0
0,0,0.0
1,1,1.0
1,1,1.0
1,1,1.0
1,1,0.950643100408348
0,0,0.0
0,0,0.0
1,1,1.0
0,0,0.0
0,0,0.0
1,1,1.0
0,0,0.0
1,1,1.0
1,1,1.0
0,0,0.0
0,0,0.0
1,1,1.0
0,0,0.0
1,1,1.0
1,1,1.0
1,1,1.0
1,1,0.9529602866668078
1,1,0.9071771604085553
1,1,1.0
0,0,0.0
0,0,0.0
0,0,0.0
1,1,0.954344969403556
1,1,0.9547931053910338
1,1,1.0
1,1,1.0
1,1,0.9529838690392606
1,1,0.904996172927342
0,0,0.0
1,1,1.0
1,1,1.0
1,1,1.0
1,1,0.9507414887710365
1,1,1.0
1,1,1.0
0,0,0.0
1,1,1.0
1,1,1.0
1,1,1.0
1,1,1.0
0,0,0.0
1,1,1.0
0,0,0.0
1,1,1.0
1,1,0.9523915061883003
0,0,0.0
0,0,0.0
1,1,1.0
1,1,1.0
1,1,1.0
1,1,1.0
0,0,0.0
1,1,1.0
0,0,0.0
0,0,0.18556729898110252
1,1,1.0
1,1,1.0
0,0,0.0
0,0,0.0
1,1,1.0
1,1,0.9517659184728132
0,0,0.0
0,0,0.0
1,1,1.0
0,0,0.04710507307717312
0,0,0.0
1,1,1.0
0,0,0.0
1,1,0.9539175596865056
0,0,0.0
0,0,0.04660807510146833
1,1,1.0
0,0,0.0
1,1,1.0
0,0,0.0
0,0,0.0
1,1,1.0
0,0,0.0
1,1,1.0
0,0,0.0
0,0,0.0
1,1,1.0
0,0,0.0
0,0,0.0
1,1,1.0
1,1,0.8578803999294816
0,0,0.0
0,0,0.0
0,0,0.0
1,1,1.0
0,0,0.0
0,0,0.0
0,0,0.0
0,0,0.0
0,0,0.0
1,1,1.0
0,0,0.0
1,1,1.0
0,0,0.0
1,1,1.0
1,1,1.0
1,1,1.0
0,0,0.0
1,1,0.9535961158206264
0,0,0.0
0,0,0.0
1,1,1.0
0,0,0.0
0,0,0.0
0,0,0.0
1,1,1.0
0,0,0.0
1,1,1.0
1,1,1.0
1,1,1.0
1,1,1.0
0,0,0.0
1,1,0.9094936620871692
0,0,0.0
1,1,1.0
1,1,1.0
0,0,0.0
1,1,1.0
1,1,1.0
1,1,1.0
1,1,1.0
1,1,1.0
1,1,1.0
1,1,0.9545109879836577
1,1,1.0
0,0,0.0
1,1,1.0
0,0,0.0
1,1,1.0
1,1,1.0
0,0,0.0
0,0,0.13365483302688566
1,1,1.0
1,1,1.0
0,0,0.0
1,1,1.0
0,0,0.0
1,1,1.0
0,0,0.0
1,1,1.0
1,1,1.0
1,1,1.0
1,1,1.0
0,0,0.0
1,1,1.0
1,1,1.0
1,1,1.0
1,1,0.9091723109317014
1,1,1.0
1,1,1.0
1,1,0.9088060408040942
1,1,1.0
1,1,1.0
1,1,1.0
1,1,0.7630570085634701
0,0,0.0
1,1,1.0
1,1,0.8125023260524628
1,1,1.0
1,1,1.0
0,0,0.0
1,1,1.0
1,1,1.0
1,1,0.9569918678836608
1,1,1.0
0,0,0.0
0,0,0.0
1,1,1.0
1,1,0.9531169811331174
1,1,1.0
1,1,1.0
0,0,0.0
0,0,0.0
0,0,0.0
1,1,1.0
1,1,1.0
1,1,1.0
1,1,1.0
0,0,0.0
0,0,0.04516814226105634
0,0,0.0
0,0,0.0
1,1,1.0
1,1,1.0
1,1,1.0
1,1,1.0
0,0,0.0
1,1,1.0
0,0,0.0
0,0,0.0
0,0,0.0
1,1,1.0
0,0,0.0
1,1,1.0
0,0,0.0
1,1,1.0
0,0,0.0
0,0,0.0
1,1,0.8590801849222861
1,1,1.0
0,0,0.0
1,1,1.0
1,1,1.0
1,1,0.9042505677287744
1,1,1.0
1,1,0.8141053374915641
0,0,0.0
1,1,1.0
0,0,0.0
1,1,1.0
0,0,0.0
1,1,1.0
1,1,1.0
0,0,0.0
1,1,1.0
0,0,0.0
1,1,1.0
1,1,1.0
1,1,1.0
0,0,0.0
0,0,0.0
1,1,1.0
1,1,1.0
0,0,0.0
1,1,1.0
1,1,1.0
0,0,0.0
1,1,1.0
0,0,0.0
1,1,0.907009159680213
0,0,0.0
1,1,1.0
1,1,1.0
0,0,0.0
0,0,0.0
0,0,0.0
1,1,1.0
0,0,0.0
1,1,1.0
1,1,0.9014976498341826
1,1,1.0
0,0,0.0
1,1,1.0
1,1,0.908252875953798
1,1,1.0
0,0,0.0
0,0,0.14079084577620882
1,1,1.0
1,1,1.0
0,0,0.0
1,1,1.0
1,1,1.0
0,0,0.0
1,1,1.0
1,1,1.0
1,1,1.0
0,1,0.7508016661382135
1,1,1.0
1,1,1.0
1,1,0.9071609144888034
1,1,0.9516029153260019
1,1,0.9553599088134693
1,1,1.0
0,0,0.0
1,1,1.0
1,1,1.0
1,1,0.951999067714889
0,0,0.0
0,0,0.0
0,0,0.0
0,0,0.0
1,1,1.0
0,0,0.0
1,1,1.0
1,1,1.0
0,0,0.0
0,0,0.0
1,1,1.0
0,0,0.0
1,1,1.0
0,0,0.0
1,1,1.0
1,1,1.0
1,1,1.0
1,1,1.0
0,0,0.0
1,1,1.0
1,1,1.0
1,1,1.0
1,1,0.8585144292558654
0,0,0.045951861576274386
1,1,1.0
0,0,0.0
1,1,1.0
0,0,0.0
1,1,1.0
1,1,1.0
1,1,0.9544859918130132
1,1,1.0
1,1,1.0
0,0,0.0
1,1,1.0
1,1,1.0
0,0,0.0
1,1,1.0
0,0,0.0
1,1,1.0
1,1,0.9560893789358459
1,1,1.0
1,1,0.9545719318574069
0,0,0.41573114781119586
1,1,1.0
0,0,0.0
0,0,0.0
1,1,1.0
1,1,1.0
0,0,0.0
0,0,0.0
0,0,0.0
0,0,0.1368680242491931
1,1,1.0
1,1,1.0
1,1,1.0
1,1,0.7331030456627362
1,1,1.0
1,1,1.0
1,1,1.0
0,0,0.0
0,0,0.0
0,0,0.0
0,0,0.0
1,1,0.8591577623355852
1,1,1.0
0,0,0.0
0,0,0.0
1,1,1.0
1,1,1.0
0,0,0.0
0,0,0.0
1,1,1.0
0,0,0.0
1,1,1.0
1,1,1.0
1,1,1.0
1,1,1.0
1,1,1.0
0,0,0.0
1,1,1.0
1,1,1.0
1,1,1.0
1,1,1.0
1,1,1.0
1,1,1.0
1,1,1.0
1,1,1.0
1,1,1.0
1,1,0.9065546307078068
1,1,1.0
1,1,0.9531368113368155
1,1,1.0
1,1,1.0
1,1,1.0
1,1,1.0
0,0,0.0
1,1,1.0
0,0,0.0
1,1,1.0
0,0,0.0
1,1,1.0
1,1,1.0
0,0,0.0
0,0,0.0
1,1,1.0
0,0,0.0
1,1,1.0
0,0,0.18437163661152745
1,1,0.7150146883748999
0,0,0.0
1,1,1.0
1,1,0.9482601885736092
1,1,1.0
1,1,0.9544643824217156
0,0,0.0
1,1,0.8124962613961626
1,1,1.0
0,0,0.0
1,1,1.0
1,1,1.0
1,1,1.0
1,1,1.0
1,1,1.0
1,1,1.0
1,1,1.0
0,0,0.0
1,1,1.0
1,1,1.0
1,1,1.0
1,1,0.8618422897724977
1,1,0.953886329196739
1,1,1.0
0,0,0.0
1,1,1.0
0,0,0.0
1,1,0.9544000353276839
0,0,0.0
1,1,0.9538133244292382
1,1,1.0
1,1,1.0
1,1,1.0
0,0,0.0
0,0,0.14861442528622568
1,1,1.0
0,0,0.14266508705025935
1,1,1.0
1,1,1.0
1,1,1.0
1,1,1.0
1,1,1.0
1,1,1.0
1,1,1.0
1,1,1.0
1,1,0.8585894390664194
1,1,1.0
0,0,0.08686415836872774
0,0,0.0
0,0,0.18072784286183677
0,0,0.0
1,1,1.0
1,1,1.0
1,1,1.0
0,0,0.0
0,0,0.0
1,1,1.0
1,1,1.0
1,1,1.0
1,1,1.0
0,0,0.04601266128812238
1,1,1.0
1,1,1.0
0,0,0.0
0,0,0.0
0,0,0.0
1,1,1.0
0,0,0.0
1,1,0.9061610592229413
1,1,1.0
1,1,1.0
1,1,1.0
1,1,1.0
1,1,1.0
1,1,0.9536241678787873
0,0,0.0
0,0,0.04469867824449892
1,1,1.0
1,1,1.0
0,0,0.0
1,1,1.0
1,1,1.0
1,1,1.0
0,0,0.0
1,1,1.0
1,1,1.0
1,1,1.0
1,1,1.0
1,1,1.0
1,1,1.0
1,1,1.0
1,1,1.0
1,1,1.0
0,0,0.0
0,0,0.0
1,1,1.0
1,1,1.0
1,1,1.0
1,1,1.0
1,1,1.0
0,0,0.0
1,1,1.0
1,1,1.0
0,0,0.0
0,0,0.0
1,1,1.0
1,1,0.9532270065182785
1,1,1.0
0,0,0.09275225543231948
0,0,0.0
1,1,1.0
1,1,1.0
1,1,1.0
1,1,1.0
0,0,0.0
0,0,0.0
0,0,0.0
0,0,0.0
0,0,0.0
0,0,0.0
0,0,0.0
0,0,0.0
0,0,0.0
1,1,1.0
1,1,0.9553575747661474
0,0,0.0
0,0,0.0
0,0,0.0
0,0,0.0
1,1,1.0
0,0,0.0
1,1,1.0
1,1,1.0
1,1,0.9060219500009802
0,0,0.0
1,1,1.0
0,0,0.0
1,1,1.0
1,1,0.9544049894211611
0,0,0.0
1,1,1.0
1,1,1.0
0,0,0.0
0,0,0.0
0,0,0.0
1,1,1.0
0,0,0.0
1,1,1.0
1,1,1.0
1,1,0.9057480647712668
1,1,1.0
1,1,0.9496411490150136
1,1,1.0
0,0,0.0
0,0,0.0
0,0,0.3253152366902274
0,0,0.0
0,0,0.0
1,1,1.0
1,1,1.0
1,1,1.0
0,0,0.0
0,0,0.0
0,0,0.0
1,1,0.954781055891895
1,1,0.9056796289101181
1,1,1.0
0,0,0.0
1,1,1.0
0,0,0.0
1,1,1.0
0,0,0.18500278045097035
0,0,0.0
0,0,0.0
0,0,0.0
1,1,1.0
1,1,0.9535294126768531
1,1,1.0
1,1,1.0
1,1,1.0
0,0,0.0
1,1,1.0
1,1,1.0
1,1,1.0
1,1,1.0
1,1,1.0
1,1,1.0
1,1,1.0
0,0,0.0
1,1,1.0
1,1,1.0
1,1,1.0
1,1,1.0
0,0,0.0
1,1,0.9539550605211315
1,1,0.9539665896796311
0,0,0.0
1,1,1.0
0,0,0.0
1,1,0.9520831797498357
0,0,0.09023396612224237
0,0,0.09923240503361791
0,0,0.0
0,0,0.0
1,1,1.0
1,1,1.0
1,1,1.0
1,1,1.0
1,1,1.0
1,1,1.0
1,1,1.0
0,0,0.0
1,1,1.0
1,1,1.0
0,0,0.0
0,0,0.0
1,1,1.0
1,1,1.0
1,1,0.9560833285188127
1,1,1.0
1,1,1.0
0,0,0.0
1,1,1.0
1,1,1.0
0,0,0.0
0,0,0.0
0,0,0.0
1,1,1.0
0,0,0.0
0,0,0.0
0,0,0.0
0,0,0.0
1,1,1.0
1,1,1.0
0,0,0.08975379546010932
1,1,1.0
1,1,1.0
1,1,1.0
1,1,1.0
1,1,1.0
0,0,0.0
1,1,1.0
1,1,0.907756708502247
0,0,0.14094564306410443
1,1,0.8634125821184852
1,1,1.0
1,1,1.0
0,0,0.0
1,1,1.0
1,1,1.0
1,1,1.0
1,1,1.0
0,0,0.09041863671531541
0,0,0.0
0,0,0.0
1,1,1.0
1,1,1.0
1,1,0.9528246637232403
1,1,1.0
0,0,0.0
0,0,0.0
1,1,1.0
0,0,0.0
1,1,1.0
0,0,0.0
1,1,1.0
0,0,0.0
0,0,0.0
1,1,1.0
1,1,1.0
1,1,1.0
0,0,0.0
1,1,0.9529320499902911
1,1,0.858542249153367
1,1,1.0
0,0,0.0
0,0,0.0
1,1,1.0
1,1,1.0
1,1,1.0
0,0,0.0
0,0,0.0
1,1,1.0
1,1,1.0
1,1,0.9055852650405081
0,0,0.0
1,1,0.9539648405938571
1,1,1.0
1,1,1.0
1,1,0.9546497749368094
0,0,0.23788205321822772
1,1,0.8595487396148753
0,0,0.0
0,0,0.0
0,0,0.0
0,0,0.0
0,0,0.0
1,1,1.0
1,1,1.0
1,1,1.0
0,0,0.0
1,1,1.0
1,1,1.0
1,1,0.9109621983848023
1,1,1.0
0,0,0.17829128746611578
0,0,0.0
1,1,1.0
0,0,0.0
1,1,1.0
1,1,1.0
1,1,1.0
0,0,0.0
1,1,1.0
1,1,1.0
1,1,1.0
1,1,1.0
1,1,1.0
1,1,1.0
0,0,0.0
1,1,1.0
1,1,1.0
0,0,0.04588084384333666
1,1,1.0
1,1,0.8082502468424311
0,0,0.0
0,0,0.0
0,0,0.0
0,0,0.0
0,0,0.0
1,1,0.8572680002789956
1,1,1.0
0,0,0.0
1,1,1.0
1,1,1.0
0,0,0.0
1,1,1.0
1,1,1.0
1,1,1.0
1,1,1.0
1,1,1.0
1,1,1.0
0,0,0.0
0,0,0.0
0,0,0.044833718185223144
0,0,0.0
0,0,0.0
0,0,0.0
1,1,1.0
1,1,1.0
1,1,0.9068431149971401
0,0,0.0
0,0,0.0
0,0,0.0
1,1,1.0
1,1,1.0
1,1,1.0
1,1,1.0
0,0,0.23156905288875684
1,1,1.0
0,0,0.0
1,1,1.0
1,1,1.0
1,1,1.0
1,1,0.9522100326596562
0,0,0.0
1,1,1.0
1,1,1.0
1,1,1.0
1,1,1.0
1,1,0.9537441242648186
1,1,1.0
1,1,1.0
0,0,0.0
1,1,1.0
0,0,0.0
1,1,1.0
1,1,1.0
1,1,1.0
1,1,0.8604681804795253
1,1,1.0
0,0,0.0
0,0,0.0
1,1,1.0
0,0,0.0
0,0,0.0
1,1,1.0
0,0,0.0
1,1,1.0
1,1,1.0
0,0,0.0
1,1,0.9536961601862456
0,0,0.0
1,1,1.0
1,1,1.0
1,1,1.0
1,1,1.0
1,1,1.0
1,1,0.8601546868169804
1,1,1.0
0,0,0.0
0,0,0.0
1,1,1.0
1,1,0.810439730533647
0,0,0.09007325239411985
0,0,0.0
0,0,0.0
1,1,1.0
1,1,1.0
0,0,0.0
1,1,1.0
0,0,0.0
1,1,1.0
1,1,1.0
0,0,0.0
1,1,1.0
1,1,1.0
1,1,1.0
1,1,1.0
1,1,1.0
1,1,0.7648974323434182
0,0,0.04597343253801479
0,0,0.0
0,0,0.09585514156226597
0,0,0.0
0,0,0.0
1,1,1.0
0,0,0.0
1,1,0.9516374361905277
0,0,0.0
0,0,0.0
1,1,1.0
1,1,1.0
0,0,0.0
0,0,0.0
0,0,0.0
1,1,1.0
1,1,1.0
0,0,0.0
0,0,0.4133574267571938
0,0,0.0
0,0,0.0
1,1,1.0
1,1,1.0
1,1,1.0
0,0,0.0
0,0,0.0
1,1,1.0
0,0,0.0
1,1,1.0
0,0,0.0
0,0,0.0
1,1,1.0
0,0,0.0
1,1,1.0
0,0,0.0
1,1,0.711046962965198
0,0,0.0
1,1,0.9533469832423305
1,1,1.0
1,1,1.0
0,0,0.0
1,1,1.0
1,1,1.0
1,1,1.0
0,0,0.0
0,0,0.0
1,1,1.0
0,0,0.0
1,1,1.0
0,0,0.09623829773763037
0,0,0.0
0,0,0.3265244086715736
1,1,1.0
1,1,1.0
0,0,0.0
1,1,1.0
0,0,0.0
1,1,1.0
0,0,0.0
1,1,1.0
1,1,1.0
0,0,0.09826074131221897
1,1,1.0
0,0,0.0
1,1,1.0
1,1,1.0
1,1,1.0
1,1,1.0
0,0,0.0
1,1,1.0
1,1,1.0
1,1,1.0
1,1,0.9060437763492168
0,0,0.045519372141414036
1,1,1.0
0,0,0.0
1,1,1.0
1,1,1.0
1,1,1.0
0,0,0.0
0,0,0.0
1,1,1.0
1,1,1.0
1,1,0.90894117728084
0,0,0.0
1,1,1.0
0,0,0.0
1,1,0.952017282643344
0,0,0.3731957793181972
0,0,0.13697314894538865
1,1,1.0
0,0,0.0
0,0,0.0
1,1,1.0
0,0,0.0
1,1,1.0
1,1,1.0
0,0,0.09417913518897066
1,1,0.8161887324560784
0,0,0.0
1,1,1.0
1,1,1.0
1,1,1.0
1,1,1.0
1,1,1.0
0,0,0.0
0,0,0.0
1,1,1.0
0,0,0.0
0,0,0.0
1,1,1.0
0,0,0.0
0,0,0.0
0,0,0.0
1,1,1.0
1,1,0.904663908375607
1,1,1.0
0,0,0.0
1,1,1.0
1,1,1.0
1,1,1.0
1,1,1.0
0,0,0.0
0,0,0.0
0,0,0.0
0,0,0.0
1,1,1.0
0,0,0.0
0,0,0.0
0,0,0.0
1,1,1.0
1,1,1.0
1,1,1.0
1,1,1.0
1,1,1.0
0,0,0.0
0,0,0.09516716276399319
0,0,0.0
0,0,0.0
1,1,1.0
1,1,1.0
0,1,0.5652418695733861
1,1,1.0
1,1,0.9509476781887456
1,1,1.0
0,0,0.0
0,0,0.0
0,0,0.0
1,1,1.0
0,0,0.0
1,1,1.0
1,1,1.0
1,1,1.0
0,0,0.0
1,1,0.8598582455233332
0,0,0.0
0,0,0.0
1,1,1.0
0,0,0.0
0,0,0.0
0,0,0.0
0,0,0.0
1,1,1.0
1,1,1.0
1,1,1.0
0,0,0.1471940250531769
1,1,0.8625382025045668
1,1,1.0
1,1,1.0
1,1,0.9527114675145154
1,1,1.0
1,1,0.9562467174665875
1,1,1.0
0,0,0.0
0,0,0.0
0,0,0.0
1,1,1.0
0,0,0.0
1,1,1.0
0,0,0.0
0,0,0.14051507529248997
1,1,0.7740458793536384
0,0,0.0
1,1,1.0
1,1,1.0
1,1,1.0
0,0,0.0
1,1,1.0
1,1,1.0
1,1,1.0
0,0,0.046610423024666975
1,1,1.0
1,1,1.0
0,0,0.0
1,1,1.0
1,1,1.0
0,0,0.0
1,1,1.0
1,1,1.0
1,1,1.0
0,0,0.0
0,0,0.0
1,1,1.0
0,0,0.0
1,1,1.0
1,1,1.0
0,0,0.0
1,1,0.9548411158924827
1,1,1.0
1,1,1.0
1,1,1.0
0,0,0.0
0,0,0.0
0,0,0.0
1,1,0.8558189650378015
1,1,1.0
1,1,1.0
1,1,0.9487256804325237
0,0,0.0
0,0,0.0
1,1,1.0
1,1,1.0
0,0,0.0
1,1,1.0
0,0,0.0
1,1,0.952648878598905
0,0,0.0
1,1,1.0
1,1,1.0
1,1,1.0
0,0,0.0
0,0,0.0
0,0,0.0
1,1,1.0
1,1,1.0
1,1,1.0
1,1,1.0
1,1,1.0
1,1,1.0
1,1,0.9069892503315182
1,1,1.0
0,0,0.0
1,1,1.0
0,0,0.0
0,0,0.0
0,0,0.0
1,1,1.0
0,0,0.0
1,1,1.0
1,1,1.0
1,1,0.9551389903528082
0,0,0.0
1,1,1.0
1,1,1.0
1,1,1.0
1,1,1.0
1,1,1.0
1,1,1.0
0,0,0.0
1,1,1.0
0,0,0.0
1,1,1.0
0,0,0.0
1,1,1.0
1,1,1.0
0,0,0.0
0,0,0.0
0,0,0.0
0,0,0.0458746543149125
1,1,1.0
1,1,1.0
1,1,1.0
1,1,0.9544438496946579
0,0,0.0
1,1,1.0
1,1,0.9515308490921502
0,0,0.0
1,1,1.0
1,1,1.0
1,1,1.0
1,1,0.9551398278392562
0,0,0.0
0,0,0.0
1,1,1.0
0,0,0.0
0,0,0.0
1,1,1.0
1,1,1.0
1,1,1.0
1,1,1.0
1,1,1.0
1,1,1.0
0,0,0.0
1,1,0.9551118473587137
0,0,0.0
1,1,1.0
1,1,1.0
0,0,0.0
0,0,0.09215433373396731
0,0,0.04466124388277182
0,0,0.0
1,1,0.9070305225423594
0,0,0.0
1,1,1.0
0,0,0.0
0,0,0.04728476799475374
0,0,0.0
1,1,1.0
0,0,0.0
1,1,1.0
1,1,0.9548057730442638
1,1,1.0
0,0,0.0
1,1,1.0
0,0,0.0
1,1,1.0
1,1,1.0
0,0,0.0462508266668733
0,0,0.0
0,0,0.3289075087844861
1,1,1.0
1,1,1.0
1,1,1.0
1,1,1.0
1,1,1.0
1,1,1.0
0,0,0.0
0,0,0.0
0,0,0.0
1,1,1.0
0,0,0.18577906820556567
0,0,0.0
1,1,1.0
0,0,0.0
1,1,1.0
0,0,0.0
1,1,0.8520369135459908
1,1,1.0
1,1,1.0
1,1,1.0
0,0,0.0
1,1,1.0
1,1,0.9542495680764296
1,1,0.9537195091330314
0,0,0.0
1,1,1.0
1,1,1.0
0,0,0.0
1,1,1.0
0,0,0.18448642711152136
1,1,1.0
0,0,0.0
0,0,0.0
0,0,0.0
0,0,0.0
0,0,0.046722993845373664
1,1,1.0
0,0,0.04384998008172686
1,1,0.9092047689717693
1,1,1.0
0,0,0.0
1,1,1.0
1,1,1.0
0,0,0.0
1,1,0.9545094217939355
1,1,1.0
1,1,1.0
1,1,1.0
1,1,1.0
1,1,1.0
1,1,1.0
1,1,0.9032797598167731
0,0,0.0
1,1,1.0
1,1,1.0
0,0,0.0
1,1,1.0
1,1,1.0
1,1,1.0
0,0,0.0
0,0,0.0
0,0,0.0
1,1,1.0
1,1,0.9514844662097742
0,0,0.0
1,1,1.0
1,1,1.0
0,0,0.0
1,1,1.0
1,1,1.0
0,0,0.0
1,1,1.0
1,1,1.0
0,0,0.0
0,0,0.0
0,0,0.0
1,1,1.0
1,1,0.954140249155191
1,1,1.0
1,1,1.0
1,1,1.0
1,1,1.0
1,1,1.0
1,1,1.0
0,0,0.0
1,1,1.0
0,0,0.0
1,1,1.0
1,1,0.9487275199287701
1,1,1.0
0,0,0.0
1,1,1.0
0,0,0.0
0,0,0.0
0,0,0.0
1,1,1.0
1,1,1.0
0,0,0.0
1,1,1.0
1,1,1.0
1,1,1.0
1,1,1.0
1,1,1.0
1,1,0.9540293011156951
1,1,1.0
1,1,1.0
1,1,1.0
1,1,1.0
0,0,0.0
1,1,1.0
1,1,1.0
1,1,1.0
1,1,1.0
1,1,0.9534697389343728
1,1,1.0
1,1,1.0
1,1,1.0
1,1,1.0
0,0,0.0
1,1,1.0
1,1,1.0
0,0,0.0
0,0,0.0
1,1,1.0
0,0,0.0
0,0,0.0
1,1,1.0
1,1,1.0
1,1,1.0
1,1,1.0
1,1,0.8604309379968682
1,1,1.0
0,0,0.0
1,1,1.0
1,1,1.0
1,1,1.0
1,1,1.0
1,1,1.0
1,1,1.0
1,1,0.8649052636098313
1,1,0.909695956400094
0,0,0.0
0,0,0.0
1,1,1.0
1,1,1.0
1,1,1.0
1,1,1.0
1,1,1.0
1,1,1.0
1,1,1.0
0,0,0.0
1,1,1.0
0,0,0.0
1,1,1.0
1,1,1.0
0,0,0.0
1,1,1.0
1,1,1.0
0,0,0.0
1,1,1.0
1,1,1.0
1,1,1.0
1,1,1.0
1,1,1.0
0,0,0.04595151989675759
1,1,1.0
0,0,0.0
1,1,1.0
0,0,0.0
1,1,0.9066047694660129
0,0,0.0
0,0,0.0
1,1,1.0
0,0,0.0
1,1,1.0
0,0,0.0
1,1,0.9056732220771293
1,1,1.0
1,1,1.0
1,1,1.0
0,0,0.0
1,1,1.0
0,0,0.0
0,0,0.0
1,1,1.0
0,0,0.0
1,1,1.0
1,1,1.0
1,1,1.0
1,1,1.0
1,1,1.0
0,0,0.0
0,0,0.0
0,0,0.0
1,1,1.0
1,1,1.0
0,0,0.0
0,0,0.0
1,1,1.0
1,1,1.0
0,0,0.0
0,0,0.0
1,1,0.9092775212234001
1,1,0.9523321076123888
1,1,1.0
0,0,0.0
1,1,1.0
0,0,0.0
1,1,1.0
1,1,1.0
1,1,1.0
1,1,1.0
0,0,0.0
1,1,1.0
1,1,1.0
0,0,0.0
1,1,1.0
1,1,1.0
1,1,1.0
1,1,1.0
1,1,1.0
0,0,0.0
1,1,1.0
0,0,0.0
0,0,0.0
1,1,0.9014401904556093
1,1,1.0
0,0,0.0
0,0,0.09399778445666084
0,0,0.04547118974774379
1,1,1.0
0,0,0.0
1,1,0.9517574790131647
1,1,1.0
1,1,0.7132521103389735
0,0,0.0
1,1,0.9548923232669998
0,0,0.0
1,1,1.0
1,1,1.0
1,1,0.9112783889838193
1,1,1.0
1,1,1.0
1,1,1.0
1,1,1.0
0,0,0.0
1,1,1.0
1,1,1.0
0,0,0.0
1,1,1.0
1,1,1.0
1,1,1.0
1,1,1.0
0,0,0.0
1,1,0.9543340498408576
1,1,1.0
1,1,1.0
1,1,1.0
0,0,0.0
0,0,0.0
1,1,1.0
0,0,0.0
1,1,1.0
1,1,0.9554954731470878
1,1,1.0
1,1,1.0
1,1,1.0
1,1,1.0
0,0,0.0
1,1,1.0
1,1,1.0
1,1,1.0
1,1,1.0
0,0,0.0
0,0,0.14196203332743002
0,0,0.0
0,0,0.04439949272821983
0,0,0.0
0,0,0.0
1,1,1.0
1,1,1.0
0,0,0.0
1,1,1.0
0,0,0.0
1,1,1.0
1,1,1.0
1,1,1.0
1,1,1.0
1,1,1.0
1,1,1.0
0,0,0.0
1,1,1.0
1,1,1.0
1,1,1.0
0,0,0.0
1,1,1.0
1,1,1.0
1,1,1.0
1,1,1.0
1,1,1.0
1,1,1.0
1,1,1.0
1,1,0.9529655905475751
1,1,1.0
1,1,1.0
1,1,0.907583911429008
1,1,1.0
0,0,0.0
0,0,0.0
1,1,0.9566840399839287
1,1,1.0
1,1,1.0
0,0,0.0
1,1,1.0
1,1,1.0
1,1,1.0
1,1,1.0
0,0,0.0
1,1,1.0
1,1,1.0
0,0,0.0
0,0,0.0
0,0,0.0
0,0,0.0
1,1,1.0
1,1,1.0
1,1,1.0
0,0,0.0
0,0,0.0
1,1,1.0
1,1,1.0
1,1,1.0
0,0,0.0
1,1,1.0
1,1,1.0
1,1,1.0
1,1,1.0
1,1,1.0
0,0,0.0
0,0,0.0
1,1,1.0
1,1,1.0
1,1,1.0
1,1,1.0
1,1,1.0
0,0,0.0
1,1,1.0
1,1,1.0
0,0,0.1907180858474371
1,1,0.9547630627053557
0,0,0.0
0,0,0.0
0,0,0.0
1,1,0.953494752044747
1,1,0.9540313000906638
1,1,1.0
1,1,1.0
1,1,1.0
1,1,1.0
1,1,1.0
1,1,0.9541942198474489
1,1,1.0
1,1,0.9062828079601755
1,1,1.0
1,1,1.0
1,1,1.0
1,1,1.0
0,0,0.0
1,1,1.0
1,1,1.0
0,0,0.0
1,1,1.0
0,1,0.6218926397890475
0,0,0.04600929819775523
1,1,1.0
1,1,1.0
1,1,0.9540349842167059
1,1,0.9515394761397278
0,0,0.09046452790650841
1,1,0.8160189311765974
0,0,0.0
1,1,1.0
0,0,0.0
1,1,1.0
1,1,1.0
0,0,0.0
1,1,1.0
1,1,1.0
1,1,1.0
0,0,0.0
0,0,0.0
1,1,1.0
1,1,1.0
0,0,0.0
1,1,1.0
1,1,1.0
0,0,0.0
1,1,1.0
1,1,1.0
1,1,0.905955296181983
0,0,0.0
0,0,0.0
1,1,1.0
0,0,0.0
1,1,1.0
0,0,0.0
1,1,0.953441169812775
0,0,0.0
0,0,0.0
1,1,1.0
1,1,1.0
0,0,0.0
1,1,1.0
0,0,0.0
0,0,0.13684281240651425
1,1,1.0
1,1,1.0
0,0,0.0
1,1,1.0
1,1,1.0
0,0,0.0
1,1,1.0
0,0,0.04515282905050315
1,1,1.0
1,1,1.0
1,1,1.0
1,1,1.0
0,0,0.0
1,1,1.0
1,1,1.0
1,1,0.8506168592930383
0,0,0.0
0,0,0.0
1,1,0.9019948688653221
1,1,1.0
0,0,0.0
1,1,0.762741218336434
0,0,0.0
1,1,1.0
0,0,0.0
1,1,1.0
0,0,0.0
0,0,0.23712399627097233
1,1,0.9512958650801563
1,1,1.0
1,1,1.0
1,1,1.0
0,0,0.0
1,1,0.9529275956772176
1,1,1.0
0,0,0.0
1,1,1.0
1,1,1.0
0,0,0.0
1,1,1.0
1,1,0.9535251048381926
1,1,1.0
0,0,0.0
0,0,0.0
1,1,1.0
1,1,1.0
1,1,1.0
1,1,1.0
0,0,0.0
1,1,1.0
1,1,1.0
1,1,1.0
1,1,1.0
0,0,0.0
1,1,1.0
0,0,0.0
1,1,1.0
1,1,1.0
1,1,1.0
1,1,1.0
1,1,1.0
1,1,1.0
1,1,1.0
0,0,0.0
0,0,0.0
1,1,1.0
1,1,1.0
1,1,1.0
1,1,1.0
1,1,1.0
0,0,0.0
1,1,1.0
1,1,1.0
1,1,1.0
0,0,0.0
0,0,0.0
1,1,1.0
1,1,1.0
1,1,1.0
1,1,1.0
1,1,1.0
1,1,1.0
1,1,1.0
1,1,1.0
0,0,0.0
1,1,0.948691246379604
0,0,0.0
0,0,0.0
1,1,1.0
1,1,0.9078174411140312
1,1,1.0
0,0,0.0
0,0,0.0
1,1,0.8616936598196884
1,1,1.0
0,0,0.0
1,1,1.0
1,1,0.9546888630194976
1,1,1.0
1,1,1.0
0,0,0.0
1,1,1.0
1,1,0.9554041985256269
1,1,1.0
0,0,0.0
0,0,0.0
0,0,0.048169514735010154
1,1,1.0
1,1,0.9541278808064543
1,1,1.0
0,0,0.046124826718175645
1,1,1.0
0,0,0.0
1,1,1.0
1,1,1.0
1,1,1.0
1,1,1.0
0,0,0.0
0,0,0.0
1,1,1.0
0,0,0.0
0,0,0.0
1,1,1.0
1,1,0.9544468484044786
1,1,1.0
1,1,1.0
1,1,1.0
1,1,1.0
1,1,1.0
0,0,0.0
0,0,0.0
1,1,1.0
1,1,0.954756827087161
1,1,1.0
1,1,1.0
0,0,0.0
0,0,0.0
0,0,0.0
0,0,0.0
0,0,0.0
1,1,1.0
1,1,1.0
0,0,0.0
1,1,0.9041398728056278
1,1,1.0
1,1,1.0
1,1,1.0
1,1,1.0
0,0,0.0
1,1,1.0
1,1,1.0
1,1,1.0
1,1,0.9527211743765932
1,1,0.9490810596538017
0,0,0.0
1,1,1.0
0,0,0.0
0,0,0.0
1,1,1.0
0,0,0.0
1,1,1.0
1,1,1.0
1,1,1.0
1,1,1.0
0,0,0.0
1,1,1.0
0,0,0.0
0,0,0.0
1,1,1.0
1,1,1.0
0,0,0.0
0,0,0.0
1,1,1.0
1,1,1.0
0,0,0.0
0,0,0.0
1,1,1.0
1,1,1.0
1,1,1.0
0,0,0.0
0,0,0.0
1,1,1.0
1,1,1.0
1,1,1.0
1,1,0.859733426571654
1,1,0.951786822270619
0,0,0.0
0,0,0.0
0,0,0.0
1,1,1.0
0,0,0.0
1,1,1.0
0,0,0.0
1,1,1.0
1,1,0.8479120752035999
1,1,1.0
0,0,0.0
0,0,0.0
1,1,1.0
1,1,1.0
1,1,1.0
1,1,1.0
0,0,0.0
1,1,1.0
1,1,1.0
1,1,1.0
0,0,0.0
0,0,0.0
0,0,0.0
1,1,1.0
0,0,0.0
1,1,1.0
1,1,1.0
0,0,0.0
1,1,1.0
1,1,1.0
0,0,0.0
0,0,0.0
0,0,0.0
1,1,1.0
0,0,0.0
1,1,1.0
1,1,1.0
1,1,1.0
1,1,1.0
1,1,1.0
0,0,0.0
0,0,0.0
0,0,0.0
0,0,0.0
1,1,1.0
1,1,1.0
1,1,0.9544822898781258
0,0,0.0
0,0,0.0
0,0,0.0
0,0,0.3434663002157327
1,1,1.0
1,1,1.0
1,1,1.0
1,1,1.0
1,1,1.0
1,1,1.0
0,0,0.0
1,1,0.9551875961616787
1,1,1.0
1,1,1.0
1,1,1.0
0,0,0.0
1,1,1.0
0,0,0.0
0,0,0.0
0,0,0.0
0,0,0.0
0,0,0.0
0,0,0.0
0,0,0.0
0,0,0.0
1,1,1.0
1,1,1.0
0,0,0.0
1,1,0.9069023391923505
1,1,1.0
1,1,1.0
1,1,1.0
0,0,0.0
0,0,0.0
1,1,1.0
1,1,1.0
1,1,1.0
0,0,0.0
1,1,0.8501351927349058
1,1,0.9076429562134705
1,1,1.0
1,1,0.9550196727036784
1,1,1.0
1,1,1.0
1,1,1.0
1,1,1.0
1,1,1.0
1,1,1.0
1,1,1.0
1,1,1.0
0,0,0.0
0,0,0.0
0,0,0.0
0,0,0.0
0,0,0.0
0,0,0.0
1,1,1.0
1,1,1.0
1,1,0.9513001881631029
0,0,0.09679549852568615
1,1,1.0
1,1,1.0
1,1,1.0
0,0,0.0
0,0,0.0
0,0,0.0
0,0,0.0
1,1,1.0
1,1,1.0
1,1,1.0
1,1,1.0
1,1,1.0
0,0,0.0
1,1,0.9547481470162896
0,0,0.0
0,0,0.0
0,0,0.0
1,1,1.0
0,0,0.09019613325276608
1,1,1.0
0,0,0.0
1,1,1.0
0,0,0.0
1,1,0.9547699804163153
1,1,1.0
1,1,1.0
1,1,1.0
1,1,1.0
1,1,1.0
1,1,0.9547991594188218
1,1,1.0
1,1,1.0
0,0,0.0
0,0,0.0
0,0,0.0
0,0,0.0
1,1,1.0
0,0,0.0
1,1,0.9549477401506277
1,1,1.0
1,1,1.0
1,1,1.0
1,1,1.0
0,0,0.0
1,1,1.0
1,1,1.0
1,1,1.0
0,0,0.0
0,0,0.0
1,1,1.0
1,1,1.0
1,1,0.9557578195102853
0,0,0.0
1,1,1.0
0,0,0.0
1,1,1.0
1,1,1.0
1,1,0.8623864297696057
1,1,1.0
1,1,1.0
0,0,0.0
1,1,1.0
1,1,1.0
1,1,1.0
1,1,1.0
1,1,1.0
0,0,0.0
1,1,1.0
0,0,0.0
0,0,0.0
1,1,0.9535117729290609
1,1,1.0
1,1,1.0
1,1,1.0
0,0,0.0
1,1,1.0
1,1,1.0
0,0,0.09263074998456433
1,1,1.0
0,0,0.13766182503320634
0,0,0.0
1,1,1.0
1,1,1.0
1,1,1.0
1,1,1.0
1,1,1.0
1,1,1.0
1,1,1.0
1,1,1.0
0,0,0.0
1,1,1.0
1,1,0.9019897320733435
1,1,1.0
1,1,1.0
0,0,0.376067683609088
0,0,0.0
0,0,0.0
0,0,0.09378081956133648
1,1,1.0
1,1,1.0
1,1,0.8570327690231992
1,1,0.9553469127474185
0,0,0.0
1,1,1.0
0,0,0.0
1,1,0.9070829890562988
1,1,1.0
1,1,1.0
0,0,0.0
1,1,1.0
0,0,0.0
1,1,1.0
1,1,1.0
1,1,1.0
1,1,1.0
1,1,1.0
0,0,0.0
0,0,0.0
1,1,1.0
1,1,1.0
0,0,0.09465982084319481
1,1,1.0
0,0,0.0
1,1,1.0
1,1,0.9544831260256768
0,0,0.0
0,0,0.0
0,0,0.0
1,1,1.0
1,1,0.9526809321338101
1,1,1.0
1,1,1.0
1,1,1.0
0,0,0.0
0,0,0.0
0,0,0.08865986144270023
1,1,1.0
0,0,0.0
1,1,1.0
1,1,1.0
1,1,0.9551805020520262
1,1,1.0
1,1,1.0
0,0,0.0
1,1,1.0
1,1,1.0
0,0,0.0
1,1,1.0
1,1,1.0
1,1,0.906813112935001
1,1,1.0
1,1,1.0
0,0,0.0
0,0,0.0
0,0,0.0
1,1,1.0
1,1,1.0
1,1,1.0
1,1,0.9074789565050717
0,0,0.0
1,1,1.0
1,1,1.0
1,1,1.0
1,1,1.0
1,1,1.0
1,1,1.0
1,1,1.0
0,0,0.0
1,1,0.9056681754030504
1,1,1.0
0,0,0.0
1,1,1.0
0,0,0.0
1,1,1.0
1,1,1.0
1,1,1.0
0,0,0.0
1,1,1.0
0,0,0.0
0,0,0.0
1,1,0.9542339040735498
0,0,0.0
0,0,0.0
0,0,0.0
1,1,1.0
1,1,1.0
1,1,0.9550085055008158
0,0,0.0
1,1,1.0
0,0,0.0
1,1,1.0
0,0,0.2825961380010836
1,1,0.9550496313401409
1,1,1.0
0,0,0.0
1,1,1.0
0,0,0.0
1,1,1.0
0,0,0.0
1,1,0.8582242740849977
0,0,0.0
1,1,1.0
0,0,0.0
0,0,0.09150597431183084
0,0,0.0
1,1,1.0
0,0,0.04557162828782728
1,1,1.0
1,1,1.0
1,1,1.0
1,1,0.8612383462369789
0,0,0.0
1,1,1.0
0,0,0.0
1,1,1.0
0,0,0.0439847463158591
0,0,0.0
0,0,0.0
1,1,1.0
1,1,1.0
0,0,0.0
1,1,1.0
0,0,0.22953107076373142
1,1,1.0
1,1,1.0
1,1,1.0
0,0,0.0
1,1,1.0
0,0,0.0
1,1,1.0
1,1,1.0
1,1,1.0
1,1,1.0
1,1,1.0
0,0,0.0
0,0,0.0
0,0,0.04443356669637746
1,1,0.9046298019389546
1,1,1.0
1,1,1.0
0,0,0.0
1,1,1.0
1,1,1.0
1,1,1.0
1,1,1.0
1,1,1.0
0,0,0.045179027860350614
0,0,0.0
0,0,0.0
1,1,1.0
1,1,1.0
1,1,1.0
0,0,0.19160309367269746
0,0,0.0
0,0,0.0
1,1,1.0
1,1,0.8599846501268289
0,0,0.0
1,1,1.0
1,1,1.0
0,0,0.0
0,0,0.0
1,1,0.9530309259055615
1,1,1.0
0,0,0.0
1,1,1.0
1,1,1.0
0,0,0.0
0,0,0.0
1,1,1.0
0,0,0.09288097488288938
1,1,1.0
0,0,0.0
0,0,0.0
1,1,0.9544498152390066
1,1,0.9529189980213973
0,0,0.0
1,1,1.0
1,1,1.0
0,0,0.0
0,0,0.0
0,0,0.0
0,0,0.0
1,1,0.9538862934319852
0,0,0.04738995538958237
1,1,1.0
1,1,1.0
1,1,1.0
0,0,0.28782717124007284
1,1,1.0
1,1,1.0
0,0,0.09872577752777247
1,1,0.9523005044074774
0,0,0.0
0,0,0.0
1,1,1.0
0,0,0.0
1,1,1.0
1,1,1.0
0,0,0.0
0,0,0.0
0,0,0.23550528842016444
1,1,1.0
1,1,1.0
1,1,1.0
0,0,0.0
1,1,1.0
0,0,0.0
1,1,1.0
1,1,1.0
1,1,1.0
1,1,1.0
1,1,0.864621817914695
0,0,0.0
0,0,0.0
0,0,0.0
0,0,0.0
0,0,0.0
1,1,1.0
0,0,0.0
0,0,0.0
0,0,0.0
0,0,0.0
0,0,0.0
1,1,1.0
0,0,0.0
1,1,1.0
0,0,0.0
1,1,1.0
1,1,0.9530548970127198
1,1,1.0
0,0,0.0
0,0,0.0
1,1,1.0
1,1,0.8621149987064444
0,0,0.09200613603892345
1,1,1.0
0,0,0.0
1,1,0.9554510814385075
1,1,1.0
1,1,1.0
1,1,1.0
1,1,1.0
1,1,1.0
1,1,0.9530733896574621
1,1,1.0
1,1,1.0
1,1,1.0
0,0,0.0
1,1,1.0
1,1,1.0
1,1,0.9505770790276294
1,1,1.0
0,0,0.0
1,1,1.0
0,0,0.0
1,1,1.0
1,1,1.0
1,1,1.0
1,1,1.0
1,1,1.0
1,1,1.0
0,0,0.0
0,0,0.0
1,1,1.0
1,1,1.0
1,1,1.0
0,0,0.0
1,1,1.0
1,1,1.0
0,0,0.0
0,0,0.0
0,0,0.0
1,1,1.0
1,1,1.0
1,1,1.0
0,0,0.0
0,0,0.0
0,0,0.0
1,1,1.0
0,0,0.0
0,0,0.1374807396870691
0,0,0.0
1,1,1.0
1,1,1.0
1,1,1.0
0,0,0.0
0,0,0.0
0,0,0.14125878089769803
1,1,1.0
1,1,1.0
0,0,0.19012226693994205
1,1,1.0
1,1,1.0
0,0,0.0
0,0,0.0
1,1,1.0
1,1,1.0
1,1,1.0
0,0,0.0
1,1,1.0
1,1,1.0
1,1,0.907237965895883
0,0,0.0
1,1,1.0
0,0,0.0
0,0,0.0
1,1,1.0
0,0,0.0
1,1,1.0
1,1,1.0
1,1,1.0
0,0,0.0
0,0,0.0
1,1,1.0
1,1,1.0
1,1,1.0
1,1,1.0
1,1,1.0
1,1,1.0
1,1,1.0
1,1,1.0
1,1,1.0
0,0,0.09549915036384211
0,0,0.0
0,0,0.0
0,0,0.0
1,1,1.0
0,0,0.0
0,0,0.0
0,0,0.0
1,1,1.0
0,0,0.0
0,0,0.0
0,0,0.0
1,1,1.0
0,0,0.0
0,0,0.04703203205613538
1,1,1.0
1,1,1.0
1,1,1.0
1,1,1.0
1,1,1.0
0,0,0.0
1,1,1.0
1,1,1.0
0,0,0.0
1,1,1.0
0,0,0.0
0,0,0.0
1,1,1.0
0,0,0.0
1,1,1.0
1,1,1.0
0,0,0.0
0,0,0.0
0,0,0.0
1,1,1.0
1,1,1.0
1,1,1.0
1,1,1.0
0,0,0.0
1,1,1.0
0,0,0.0
1,1,1.0
1,1,1.0
0,0,0.0
0,0,0.0
1,1,1.0
1,1,0.9541932420443255
1,1,1.0
1,1,1.0
1,1,1.0
0,0,0.0
0,0,0.0
0,0,0.0
0,0,0.0
1,1,1.0
1,1,0.9545999560130802
1,1,1.0
0,0,0.1848276764896853
1,1,1.0
1,1,0.9084811672540108
1,1,0.9547304895761947
0,0,0.0
1,1,1.0
1,1,1.0
0,0,0.0
1,1,1.0
1,1,1.0
0,0,0.0
0,0,0.0
0,0,0.047302924793797906
0,0,0.0
1,1,1.0
1,1,1.0
0,0,0.3271408768374347
0,0,0.0
0,0,0.0
1,1,1.0
1,1,1.0
1,1,1.0
0,0,0.0
1,1,1.0
1,1,1.0
0,0,0.0
0,0,0.0
0,0,0.0
1,1,1.0
0,0,0.0
0,0,0.23553552166275454
1,1,0.9523623839933866
0,0,0.0
0,0,0.0
1,1,1.0
0,0,0.0
1,1,1.0
0,0,0.0
1,1,0.7123936836173865
0,0,0.0
1,1,0.8554697887253726
1,1,1.0
0,0,0.0
0,0,0.0
1,1,1.0
1,1,1.0
0,0,0.0
0,0,0.0
0,0,0.0
1,1,1.0
0,0,0.0
0,0,0.0
1,1,1.0
1,1,1.0
1,1,1.0
0,0,0.0
1,1,1.0
1,1,1.0
1,1,1.0
0,0,0.0
1,1,1.0
1,1,1.0
0,0,0.0
0,0,0.0
1,1,0.9542461510547013
0,0,0.0
1,1,1.0
1,1,0.9537271295208088
1,1,0.8596755275640299
0,0,0.0
1,1,1.0
1,1,0.9024342878488907
0,0,0.0
1,1,1.0
0,0,0.0
0,0,0.0
1,1,1.0
1,1,1.0
1,1,1.0
0,0,0.0
1,1,1.0
0,0,0.0
1,1,1.0
0,0,0.0
0,0,0.0
0,0,0.0
1,1,1.0
1,1,1.0
0,0,0.0
0,0,0.0
0,0,0.0
1,1,1.0
1,1,1.0
1,1,1.0
1,1,1.0
0,0,0.0
1,1,1.0
1,1,1.0
1,1,1.0
1,1,1.0
0,0,0.0
1,1,1.0
0,0,0.0
1,1,1.0
0,0,0.09084015680833157
1,1,1.0
0,0,0.0
0,0,0.0
1,1,1.0
0,0,0.0
1,1,1.0
0,0,0.0
0,0,0.0
1,1,1.0
1,1,1.0
1,1,1.0
0,0,0.0
0,0,0.0
1,1,0.9510489660360718
0,0,0.0
0,0,0.0
1,1,1.0
0,0,0.0
0,0,0.0
1,1,0.9551581547616687
1,1,1.0
1,1,1.0
0,0,0.0
0,0,0.0
0,0,0.0
1,1,1.0
0,0,0.04455644990628147
1,1,0.9541225243404012
0,0,0.0
1,1,1.0
1,1,1.0
1,1,0.9079755620017581
0,0,0.0
1,1,1.0
1,1,1.0
1,1,1.0
1,1,1.0
1,1,1.0
0,0,0.0
0,0,0.0
1,1,1.0
1,1,1.0
1,1,1.0
1,1,1.0
0,0,0.0
0,0,0.0
0,0,0.0
0,0,0.0
0,0,0.0
0,0,0.0
0,0,0.27255332982903163
1,1,1.0
1,1,1.0
1,1,1.0
0,0,0.0
1,1,1.0
1,1,0.9059598982722438
0,0,0.0
1,1,1.0
1,1,1.0
0,0,0.0
1,1,1.0
1,1,1.0
0,0,0.0
1,1,1.0
1,1,1.0
1,1,0.953141054465324
1,1,1.0
0,0,0.14002712551215304
1,1,1.0
1,1,0.9075516624977364
1,1,0.9535854382049305
1,1,1.0
0,0,0.0
1,1,1.0
0,0,0.0
0,0,0.0
1,1,0.9544909780228336
0,0,0.0
0,0,0.0
1,1,0.9545394117665845
1,1,1.0
1,1,1.0
1,1,1.0
0,0,0.0
1,1,0.9524246796512867
1,1,1.0
0,0,0.09415238050590743
1,1,1.0
0,0,0.0
1,1,1.0
0,0,0.0
1,1,1.0
1,1,1.0
0,0,0.0
1,1,1.0
0,0,0.0
1,1,1.0
1,1,0.9540691075369245
1,1,1.0
1,1,1.0
1,1,1.0
0,0,0.0
1,1,1.0
1,1,1.0
1,1,1.0
1,1,1.0
1,1,1.0
1,1,1.0
1,1,1.0
1,1,1.0
1,1,1.0
1,1,0.951504194056868
1,1,1.0
1,1,1.0
1,1,1.0
0,0,0.046515182116592835
1,1,1.0
0,0,0.0
0,0,0.0
1,1,1.0
0,0,0.0
0,0,0.0
1,1,1.0
1,1,1.0
0,0,0.0
1,1,1.0
0,0,0.0
0,0,0.0
1,1,1.0
0,0,0.0
1,1,0.9537426802796461
1,1,1.0
1,1,1.0
1,1,1.0
0,0,0.0
0,0,0.0
1,1,1.0
1,1,1.0
0,0,0.0
1,1,1.0
0,0,0.0
1,1,1.0
0,0,0.0
1,1,1.0
0,0,0.0
1,1,0.7773548019923284
1,1,1.0
1,1,1.0
1,1,1.0
0,0,0.0
0,0,0.0
0,0,0.0
1,1,1.0
1,1,1.0
0,0,0.0972012514614814
0,0,0.0
0,0,0.0
1,1,1.0
0,0,0.0
1,1,1.0
1,1,1.0
1,1,1.0
1,1,1.0
0,0,0.0
0,0,0.0
1,1,1.0
1,1,0.9559230039845543
0,0,0.0
0,0,0.0
0,0,0.0
1,1,1.0
1,1,1.0
1,1,1.0
1,1,1.0
0,0,0.0
1,1,1.0
0,0,0.0
1,1,1.0
1,1,1.0
0,0,0.0
1,1,1.0
0,0,0.0
1,1,1.0
1,1,1.0
1,1,1.0
0,0,0.0
1,1,1.0
0,0,0.0
0,0,0.0
1,1,1.0
1,1,1.0
0,0,0.0
1,1,1.0
0,0,0.0
1,1,1.0
0,0,0.0
1,1,1.0
1,1,1.0
0,0,0.0
1,1,1.0
1,1,1.0
1,1,1.0
0,0,0.0
0,0,0.0
1,1,1.0
1,1,1.0
1,1,1.0
1,1,1.0
1,1,1.0
0,0,0.0
0,0,0.0
0,0,0.0
1,1,1.0
0,0,0.0
0,0,0.0
0,0,0.0
1,1,1.0
1,1,1.0
1,1,1.0
1,1,1.0
1,1,0.9517757609541532
1,1,1.0
0,0,0.18290109878611116
0,0,0.0
1,1,1.0
1,1,1.0
1,1,1.0
1,1,1.0
1,1,1.0
1,1,0.95398813461679
0,0,0.0
1,1,1.0
0,0,0.0
0,0,0.04460817831983634
0,0,0.14129396897869823
1,1,1.0
1,1,1.0
0,0,0.0
1,1,1.0
0,0,0.0
1,1,1.0
1,1,1.0
1,1,1.0
0,0,0.0
1,1,0.953621344077144
1,1,1.0
0,0,0.0
1,1,1.0
1,1,1.0
1,1,1.0
0,0,0.0
0,0,0.0
0,0,0.0
1,1,1.0
1,1,1.0
1,1,1.0
0,0,0.0
1,1,1.0
1,1,1.0
1,1,1.0
1,1,1.0
1,1,1.0
1,1,1.0
1,1,1.0
0,0,0.0
1,1,1.0
0,0,0.0
0,0,0.0
1,1,1.0
0,0,0.36483295870156784
0,0,0.0
0,0,0.04627353937900895
0,0,0.0
1,1,1.0
1,1,1.0
1,1,1.0
0,0,0.0
0,0,0.0
0,0,0.0
1,1,1.0
1,1,1.0
1,1,1.0
1,1,1.0
0,0,0.0
1,1,1.0
1,1,1.0
0,0,0.0
1,1,1.0
0,0,0.3306568060138725
1,1,1.0
1,1,1.0
0,0,0.044228524212922726
1,1,1.0
1,1,1.0
1,1,0.9529549825398042
0,0,0.0
1,1,1.0
1,1,1.0
1,1,1.0
1,1,1.0
1,1,1.0
1,1,1.0
0,0,0.0
1,1,1.0
1,1,1.0
1,1,1.0
1,1,0.9080878680022553
0,0,0.0
0,0,0.0
0,0,0.0
0,0,0.0
0,0,0.0
0,0,0.0
0,0,0.0
1,1,1.0
1,1,1.0
1,1,1.0
1,1,1.0
1,1,1.0
1,1,1.0
1,1,1.0
0,0,0.0
1,1,0.9521349621423865
1,1,1.0
0,0,0.0
1,1,1.0
0,0,0.09335507685470042
1,1,1.0
1,1,1.0
0,0,0.4282401573400121
1,1,1.0
1,1,1.0
1,1,1.0
0,0,0.0
1,1,1.0
1,1,1.0
1,1,1.0
1,1,1.0
1,1,1.0
0,0,0.0
0,0,0.0
1,1,1.0
0,0,0.0
1,1,1.0
1,1,1.0
0,0,0.0
1,1,1.0
1,1,1.0
1,1,1.0
1,1,1.0
1,1,1.0
1,1,1.0
0,0,0.0
1,1,1.0
1,1,1.0
1,1,1.0
1,1,1.0
1,1,1.0
0,0,0.0
1,1,0.9110322567524506
1,1,1.0
1,1,1.0
1,1,1.0
0,0,0.0
1,1,1.0
0,0,0.0
0,0,0.0
1,1,1.0
0,0,0.0
1,1,1.0
0,0,0.0
1,1,1.0
0,0,0.0
0,0,0.0
1,1,1.0
0,0,0.0
1,1,1.0
0,0,0.0
1,1,0.9538003561347347
0,0,0.0
1,1,1.0
1,1,1.0
1,1,1.0
1,1,1.0
1,1,1.0
1,1,1.0
1,1,1.0
1,1,1.0
1,1,1.0
1,1,1.0
1,1,1.0
0,0,0.0
1,1,1.0
1,1,1.0
1,1,1.0
0,0,0.0
1,1,1.0
1,1,1.0
0,0,0.19050032265734101
1,1,1.0
1,1,1.0
1,1,1.0
1,1,1.0
1,1,1.0
1,1,1.0
1,1,1.0
1,1,1.0
0,0,0.0
0,0,0.0
1,1,1.0
1,1,1.0
0,0,0.0
0,0,0.0
0,0,0.0
1,1,0.9559180811038713
1,1,1.0
0,0,0.0
0,0,0.0
1,1,1.0
1,1,1.0
1,1,0.9099860803354073
1,1,1.0
0,0,0.0
1,1,1.0
0,0,0.0
1,1,1.0
0,0,0.0
0,0,0.0
0,0,0.0
1,1,1.0
1,1,1.0
0,0,0.0
1,1,1.0
0,0,0.0
1,1,1.0
0,0,0.0
1,1,1.0
1,1,1.0
1,1,1.0
1,1,0.9520147853206647
0,0,0.0
1,1,0.9555012390799059
1,1,1.0
1,1,1.0
1,1,1.0
0,0,0.0
1,1,1.0
1,1,1.0
1,1,0.953166960572867
1,1,1.0
0,0,0.0
1,1,1.0
0,0,0.0
1,1,1.0
1,1,0.9084751146619473
1,1,1.0
1,1,1.0
0,0,0.0
1,1,0.9520117968870787
1,1,1.0
0,0,0.0
0,0,0.05069862029565925
0,0,0.0
1,1,1.0
0,0,0.0
0,0,0.0
1,1,1.0
1,1,1.0
1,1,1.0
0,0,0.0
1,1,1.0
1,1,1.0
1,1,1.0
1,1,0.9526866259946991
0,0,0.0
1,1,1.0
0,0,0.0
0,0,0.0
0,0,0.0
1,1,1.0
1,1,0.9553436331399029
1,1,1.0
1,1,0.8627960781239066
1,1,1.0
1,1,1.0
0,0,0.0
0,0,0.0
1,1,1.0
1,1,1.0
0,0,0.0
0,0,0.0
0,0,0.0
0,0,0.0
0,0,0.0
1,1,1.0
1,1,1.0
1,1,1.0
1,1,1.0
1,1,1.0
0,0,0.0
0,0,0.0
0,0,0.0
1,1,0.9561906237394235
0,0,0.0
0,0,0.0
1,1,1.0
0,0,0.0
1,1,1.0
1,1,0.9533482825601339
1,1,1.0
1,1,1.0
1,1,1.0
1,1,1.0
1,1,1.0
0,0,0.0
1,1,1.0
0,0,0.0
1,1,0.9046673180236986
1,1,1.0
1,1,1.0
0,0,0.0
1,1,1.0
1,1,1.0
0,0,0.0
1,1,1.0
1,1,1.0
1,1,1.0
0,0,0.0
1,1,1.0
0,0,0.0
1,1,1.0
0,0,0.09282863544224894
0,0,0.1793819904153896
0,0,0.0
1,1,1.0
1,1,1.0
1,1,1.0
0,0,0.0
0,0,0.0
0,0,0.0
0,0,0.0
0,0,0.0
1,1,1.0
0,0,0.0
1,1,1.0
1,1,1.0
1,1,1.0
1,1,1.0
1,1,1.0
0,0,0.0
0,0,0.0
0,0,0.0
0,0,0.0
1,1,1.0
1,1,1.0
0,0,0.0
1,1,1.0
0,0,0.0
0,0,0.0
0,0,0.0
0,0,0.0
1,1,1.0
1,1,1.0
1,1,0.9537351408149201
1,1,1.0
1,1,1.0
1,1,1.0
0,0,0.0
0,0,0.0
0,0,0.0
1,1,1.0
1,1,1.0
0,0,0.0
0,0,0.0
1,1,1.0
0,0,0.0
1,1,1.0
0,0,0.0
1,1,1.0
1,1,0.9531142182388065
1,1,1.0
1,1,1.0
1,1,1.0
1,1,0.9543855656310809
0,0,0.0
0,0,0.0
0,0,0.0
1,1,1.0
0,0,0.0
0,0,0.04782647318548869
1,1,1.0
1,1,1.0
0,0,0.0
0,0,0.0
0,0,0.0
0,0,0.0
1,1,1.0
1,1,1.0
0,0,0.0
0,0,0.0
0,0,0.0
1,1,0.9504592657204485
0,0,0.0
1,1,1.0
0,0,0.0
0,0,0.0
0,0,0.0
0,0,0.0
0,0,0.0
1,1,1.0
1,1,1.0
1,1,1.0
1,1,1.0
1,1,1.0
1,1,1.0
0,0,0.0
0,0,0.0
1,1,1.0
1,1,1.0
1,1,0.9527053242292225
1,1,1.0
0,0,0.48155185427624436
0,0,0.0
1,1,1.0
1,1,1.0
0,0,0.0
1,1,0.9539914840469573
1,1,1.0
0,0,0.0
0,0,0.0
0,0,0.0
1,1,1.0
1,1,1.0
0,0,0.0
1,1,1.0
0,0,0.0
1,1,0.954215924284554
1,1,1.0
1,1,1.0
1,1,1.0
1,1,1.0
1,1,1.0
1,1,1.0
0,0,0.04532586234054209
1,1,1.0
0,0,0.1404978877332001
1,1,1.0
0,0,0.0
1,1,1.0
1,1,1.0
0,0,0.0
0,0,0.0
1,1,1.0
1,1,0.953990431063259
0,0,0.0
1,1,1.0
0,0,0.04692110003121468
1,1,1.0
0,0,0.04781567148068864
1,1,1.0
0,0,0.0
0,0,0.0
1,1,1.0
1,1,1.0
1,1,1.0
1,1,0.9545801283368295
1,1,1.0
1,1,1.0
0,0,0.04614017452308946
1,1,1.0
1,1,1.0
1,1,1.0
0,0,0.0
0,0,0.0
1,1,1.0
1,1,1.0
0,0,0.0
1,1,1.0
1,1,0.952068462322409
1,1,1.0
1,1,0.9534188473826926
1,1,1.0
1,1,1.0
0,0,0.0
0,0,0.0
0,0,0.0
1,1,1.0
0,0,0.0
1,1,1.0
1,1,1.0
1,1,1.0
0,0,0.0
1,1,1.0
0,0,0.0
0,0,0.0
1,1,1.0
0,0,0.0
1,1,1.0
1,1,1.0
0,0,0.0
0,0,0.1376202616862478
1,1,1.0
1,1,1.0
1,1,0.9092455298466396
0,0,0.0
0,0,0.0
0,0,0.0
1,1,1.0
0,0,0.0
0,0,0.0
1,1,1.0
1,1,1.0
1,1,1.0
1,1,1.0
1,1,1.0
1,1,0.9071821158025563
1,1,1.0
1,1,0.9527634370779717
0,0,0.0
1,1,0.9553425930165134
1,1,1.0
1,1,1.0
1,1,1.0
1,1,0.9537960609206272
0,0,0.32934744752652667
0,0,0.0
0,0,0.0
1,1,1.0
0,0,0.05052347823359819
0,0,0.0
0,0,0.0
0,0,0.0
1,1,1.0
0,0,0.051796887788791476
1,1,1.0
0,0,0.0
1,1,1.0
0,0,0.0
1,1,1.0
0,0,0.0
1,1,1.0
0,0,0.0
1,1,1.0
0,0,0.0
1,1,0.9535225641212152
1,1,1.0
0,0,0.0483915618888476
1,1,1.0
0,0,0.0
1,1,1.0
1,1,1.0
1,1,1.0
1,1,1.0
1,1,1.0
0,0,0.0
1,1,1.0
1,1,1.0
1,1,1.0
0,0,0.0
0,0,0.0
1,1,1.0
1,1,1.0
0,0,0.0
1,1,1.0
1,1,1.0
0,0,0.0
0,0,0.0
0,0,0.0
1,1,1.0
1,1,0.9074885998473197
0,0,0.0
1,1,0.9545763365424512
0,0,0.0
1,1,1.0
1,1,1.0
1,1,1.0
1,1,0.950811186113372
1,1,1.0
0,0,0.09646112397961948
0,0,0.0
1,1,1.0
1,1,1.0
1,1,1.0
1,1,1.0
0,0,0.0
0,0,0.0
1,1,1.0
1,1,1.0
1,1,1.0
1,1,1.0
1,1,1.0
1,1,0.9539123231038251
1,1,1.0
1,1,1.0
1,1,1.0
1,1,1.0
0,0,0.0
1,1,1.0
0,0,0.0
1,1,1.0
0,0,0.0
0,0,0.0
0,0,0.0
1,1,1.0
0,0,0.0
1,1,1.0
0,0,0.0
1,1,0.9541781829245751
0,0,0.0
1,1,1.0
1,1,0.8108186231477924
1,1,1.0
1,1,0.8112394072032615
1,1,1.0
1,1,1.0
1,1,1.0
1,1,0.8041721086515045
1,1,1.0
0,0,0.0
1,1,1.0
1,1,1.0
1,1,1.0
1,1,1.0
1,1,1.0
0,0,0.0
1,1,1.0
1,1,1.0
1,1,1.0
0,0,0.0
1,1,1.0
1,1,1.0
0,0,0.0
1,1,1.0
0,0,0.0
0,0,0.0
1,1,1.0
1,1,1.0
0,0,0.0
1,1,1.0
1,1,1.0
1,1,1.0
1,1,1.0
1,1,1.0
0,0,0.0
0,0,0.0
1,1,1.0
1,1,1.0
1,1,1.0
1,1,1.0
1,1,1.0
1,1,1.0
0,0,0.0
0,0,0.0
1,1,1.0
0,0,0.0
1,1,1.0
1,1,1.0
0,0,0.0
0,0,0.09668321183165339
1,1,1.0
0,0,0.0
1,1,1.0
0,0,0.0
1,1,0.9545768279804071
1,1,1.0
1,1,1.0
1,1,1.0
1,1,1.0
1,1,1.0
1,1,1.0
0,0,0.0
1,1,1.0
1,1,1.0
1,1,1.0
0,0,0.0
1,1,1.0
1,1,1.0
1,1,1.0
0,0,0.0
1,1,0.8126723663293005
1,1,0.9527525634894777
1,1,1.0
1,1,1.0
1,1,1.0
0,0,0.22784624931191208
0,0,0.0
0,0,0.0
1,1,1.0
0,0,0.0
1,1,1.0
1,1,1.0
1,1,1.0
1,1,1.0
1,1,1.0
1,1,1.0
0,0,0.0
1,1,1.0
0,0,0.0
1,1,1.0
0,0,0.0
1,1,1.0
0,0,0.1400297806060537
1,1,1.0
0,0,0.0
1,1,1.0
1,1,0.955319318553384
1,1,1.0
1,1,1.0
0,0,0.0
0,0,0.0
0,0,0.0
1,1,1.0
0,0,0.17761180653705064
0,0,0.0
1,1,1.0
1,1,1.0
0,0,0.0
1,1,1.0
0,0,0.0
1,1,1.0
1,1,1.0
1,1,0.9540397301746121
1,1,1.0
1,1,1.0
1,1,1.0
1,1,1.0
1,1,0.8623935476182771
0,0,0.28650370682663
1,1,1.0
1,1,1.0
1,1,1.0
1,1,1.0
1,1,1.0
0,0,0.0
1,1,1.0
1,1,1.0
1,1,1.0
0,0,0.0
0,0,0.0
0,0,0.0
1,1,1.0
0,0,0.0
0,0,0.0
1,1,1.0
0,0,0.0
1,1,1.0
0,0,0.0
0,0,0.0
0,0,0.14807654895601682
0,0,0.0
0,0,0.0
0,0,0.0
1,1,1.0
1,1,1.0
1,1,1.0
1,1,1.0
0,0,0.0
0,0,0.0
1,1,1.0
1,1,1.0
1,1,1.0
1,1,1.0
1,1,1.0
1,1,0.9541773043912629
1,1,0.9535456948523338
1,1,1.0
0,0,0.0
1,1,1.0
1,1,1.0
1,1,1.0
1,1,1.0
1,1,1.0
0,0,0.0
0,0,0.0
0,0,0.0
1,1,1.0
1,1,1.0
1,1,1.0
0,0,0.0
0,0,0.04797412947415558
1,1,1.0
1,1,1.0
1,1,1.0
1,1,1.0
1,1,1.0
0,0,0.3776660700451206
1,1,1.0
1,1,1.0
1,1,1.0
0,0,0.0
0,0,0.0
0,0,0.1401153676590333
1,1,1.0
0,0,0.0
1,1,1.0
1,1,1.0
1,1,1.0
1,1,0.9529636605247187
0,0,0.0
0,0,0.0
1,1,1.0
0,0,0.0
0,0,0.0
1,1,1.0
1,1,1.0
1,1,0.8638727115784003
1,1,1.0
1,1,1.0
0,0,0.0
1,1,1.0
1,1,1.0
1,1,1.0
0,0,0.0
0,0,0.0
0,0,0.0
0,0,0.08986986459914226
1,1,1.0
0,1,0.5227989177851179
1,1,1.0
1,1,1.0
0,0,0.0
1,1,1.0
1,1,1.0
0,0,0.0
1,1,1.0
1,1,1.0
1,1,1.0
0,0,0.0
0,0,0.0
1,1,1.0
1,1,1.0
0,0,0.0
0,0,0.0
1,1,1.0
1,1,1.0
1,1,1.0
1,1,1.0
1,1,1.0
0,0,0.0
1,1,1.0
1,1,1.0
1,1,1.0
1,1,1.0
1,1,1.0
1,1,1.0
1,1,1.0
0,0,0.0
1,1,1.0
1,1,1.0
1,1,1.0
1,1,1.0
1,1,1.0
0,0,0.0
1,1,1.0
0,0,0.0
1,1,1.0
0,0,0.0
1,1,1.0
1,1,0.9537009139556127
1,1,1.0
1,1,1.0
0,0,0.0
1,1,1.0
1,1,1.0
1,1,1.0
0,0,0.0
0,0,0.0
1,1,1.0
0,0,0.4723684937586029
1,1,1.0
1,1,1.0
0,0,0.09351721867702528
1,1,1.0
1,1,1.0
0,0,0.0454900131221396
1,1,1.0
1,1,1.0
1,1,1.0
0,0,0.0
0,0,0.0
1,1,1.0
0,0,0.0
0,0,0.0
1,1,0.6183607567128043
1,1,1.0
1,1,1.0
1,1,1.0
1,1,1.0
0,0,0.09326011304609734
1,1,1.0
1,1,1.0
1,1,1.0
1,1,1.0
1,1,1.0
0,0,0.0
0,0,0.0
0,0,0.0
1,1,1.0
0,0,0.0
1,1,1.0
1,1,0.9546647278519665
1,1,1.0
1,1,0.9553245983316739
1,1,1.0
1,1,1.0
0,0,0.0
0,0,0.04857277812773015
1,1,1.0
1,1,1.0
1,1,1.0
1,1,1.0
1,1,1.0
0,0,0.0
1,1,1.0
1,1,1.0
1,1,1.0
0,0,0.0
0,0,0.0
1,1,0.9538231594539139
1,1,1.0
1,1,1.0
0,0,0.0
1,1,1.0
0,0,0.0
0,0,0.0
0,0,0.0
0,0,0.0
1,1,1.0
0,0,0.0
0,0,0.2841771693503072
0,0,0.0
0,0,0.0
1,1,0.9552689731273386
0,0,0.0
0,0,0.09344352776241488
1,1,1.0
1,1,1.0
1,1,1.0
0,0,0.0
0,0,0.0
1,1,1.0
0,0,0.0
1,1,1.0
0,0,0.0
0,0,0.0
1,1,1.0
0,0,0.0
1,1,1.0
0,0,0.0
1,1,1.0
1,1,1.0
0,0,0.0
1,1,1.0
0,0,0.0
0,0,0.0
1,1,1.0
1,1,1.0
1,1,1.0
1,1,1.0
1,1,1.0
1,1,1.0
0,0,0.0
1,1,1.0
1,1,1.0
0,0,0.22820833265328505
1,1,1.0
1,1,1.0
1,1,1.0
1,1,1.0
0,0,0.0
0,0,0.0
1,1,1.0
1,1,1.0
0,0,0.0
0,0,0.04477874323662814
1,1,1.0
1,1,1.0
0,0,0.0
1,1,0.8505628069301723
1,1,1.0
0,0,0.0
1,1,1.0
1,1,1.0
1,1,1.0
1,1,0.9565320447808003
0,0,0.0
1,1,1.0
1,1,1.0
1,1,1.0
0,0,0.0
1,1,1.0
0,0,0.0
1,1,0.8613130159349036
0,0,0.0
0,0,0.0
0,0,0.0
1,1,1.0
1,1,1.0
0,0,0.0
1,1,1.0
1,1,0.9099750738276048
1,1,1.0
1,1,1.0
1,1,1.0
1,1,1.0
1,1,1.0
0,0,0.0
1,1,1.0
1,1,1.0
0,0,0.0
1,1,1.0
1,1,1.0
1,1,1.0
1,1,1.0
0,0,0.0
0,0,0.0
0,0,0.0
1,1,1.0
0,0,0.0
1,1,1.0
0,0,0.04671353713458085
1,1,1.0
0,0,0.18513097762063097
0,0,0.0
0,0,0.0
0,0,0.0
0,0,0.0
1,1,1.0
1,1,1.0
1,1,1.0
0,0,0.0
1,1,1.0
1,1,1.0
1,1,1.0
1,1,1.0
1,1,1.0
0,0,0.0
1,1,1.0
0,0,0.0
0,0,0.0
0,0,0.0
1,1,1.0
1,1,1.0
0,0,0.0
1,1,1.0
0,0,0.045486148330305384
0,0,0.0
1,1,1.0
1,1,1.0
1,1,1.0
0,0,0.046377015576712796
1,1,1.0
0,0,0.0
1,1,1.0
0,0,0.3205153920504453
1,1,1.0
1,1,0.9035641533867691
1,1,1.0
0,0,0.0
1,1,1.0
0,0,0.0
1,1,1.0
1,1,1.0
0,0,0.0
1,1,1.0
1,1,1.0
1,1,1.0
1,1,1.0
1,1,1.0
1,1,1.0
1,1,1.0
0,0,0.13878447129792726
1,1,1.0
1,1,0.9540703825975192
0,0,0.0
1,1,1.0
1,1,0.9530013545135296
0,0,0.0
1,1,0.9545993131251393
1,1,1.0
0,0,0.0459390099964582
0,0,0.0
0,0,0.0
1,1,1.0
1,1,1.0
0,0,0.0
1,1,1.0
1,1,0.953765985944908
1,1,1.0
0,0,0.0
0,0,0.0
1,1,1.0
0,0,0.0
1,1,1.0
0,0,0.0
1,1,1.0
0,0,0.0
1,1,1.0
1,1,1.0
0,0,0.0
1,1,0.9094224406055404
0,0,0.0
0,0,0.0
1,1,1.0
1,1,1.0
1,1,0.954752898118546
1,1,1.0
1,1,0.8612779461520778
1,1,1.0
1,1,1.0
1,1,1.0
0,0,0.0
1,1,1.0
0,0,0.0
1,1,1.0
0,0,0.0
0,0,0.0
1,1,1.0
0,0,0.0
0,0,0.0
0,0,0.0
1,1,1.0
0,0,0.0
1,1,1.0
1,1,1.0
1,1,1.0
0,0,0.0
0,0,0.27307689401662394
0,0,0.0
0,0,0.0
1,1,0.8028017513619474
0,0,0.0
0,0,0.0
0,0,0.18381248684476267
1,1,1.0
1,1,0.9542716876183684
1,1,0.9538820433709059
0,0,0.0
1,1,1.0
1,1,1.0
1,1,1.0
1,1,1.0
0,0,0.0
1,1,0.9475113510668445
0,0,0.0
1,1,1.0
1,1,0.9513643143001005
1,1,1.0
1,1,1.0
0,0,0.0
0,0,0.0
0,0,0.0
1,1,1.0
0,0,0.0
0,0,0.0
1,1,1.0
1,1,1.0
0,0,0.0
1,1,1.0
0,0,0.0
0,0,0.0
1,1,1.0
0,0,0.0
0,0,0.14192099932946536
1,1,1.0
0,0,0.0
1,1,1.0
1,1,1.0
1,1,1.0
0,0,0.0
1,1,1.0
1,1,1.0
1,1,1.0
1,1,1.0
1,1,1.0
1,1,1.0
1,1,1.0
0,0,0.0
0,0,0.0
0,0,0.0
0,0,0.0
0,0,0.0
0,0,0.0
1,1,1.0
1,1,1.0
1,1,1.0
0,0,0.0
1,1,1.0
1,1,1.0
1,1,0.9531141966044709
1,1,1.0
1,1,1.0
0,0,0.0
1,1,1.0
1,1,1.0
1,1,0.8538917883483298
1,1,1.0
1,1,1.0
1,1,1.0
1,1,1.0
1,1,1.0
1,1,1.0
1,1,1.0
1,1,1.0
0,0,0.0
1,1,1.0
0,0,0.0
1,1,1.0
0,0,0.0
1,1,1.0
1,1,0.9051016910628957
0,0,0.0
1,1,1.0
1,1,1.0
1,1,1.0
1,1,1.0
1,1,1.0
1,1,1.0
1,1,0.9545251830571305
0,0,0.0
1,1,1.0
1,1,1.0
0,0,0.0
0,0,0.0
1,1,1.0
0,0,0.0
1,1,1.0
1,1,1.0
0,0,0.0
0,0,0.0
0,0,0.0
1,1,1.0
1,1,1.0
1,1,1.0
1,1,0.9028476948567182
1,1,0.9539811975463974
0,0,0.0
0,0,0.0
1,1,1.0
1,1,1.0
1,1,1.0
0,0,0.0
1,1,1.0
1,1,1.0
1,1,1.0
0,0,0.0
0,0,0.0
1,1,1.0
0,0,0.0
1,1,1.0
0,0,0.0
0,0,0.0
1,1,1.0
1,1,1.0
1,1,1.0
1,1,0.9537075899852816
1,1,0.9040517715948875
0,0,0.18528277694090112
1,1,1.0
0,0,0.0
0,0,0.0
1,1,1.0
1,1,1.0
0,0,0.0
0,0,0.0
1,1,1.0
1,1,1.0
1,1,1.0
1,1,1.0
1,1,1.0
0,0,0.0
1,1,1.0
1,1,1.0
1,1,1.0
1,1,1.0
0,0,0.0
0,0,0.0
1,1,1.0
0,0,0.0
1,1,0.9548643195584797
1,1,1.0
1,1,1.0
1,1,1.0
1,1,0.8135384920168838
0,0,0.0
1,1,0.861327007000127
1,1,1.0
1,1,1.0
1,1,1.0
0,0,0.09208257452060944
1,1,1.0
0,0,0.0
1,1,0.7648104001511321
0,0,0.0
1,1,1.0
1,1,1.0
0,0,0.0
0,0,0.0
1,1,1.0
0,0,0.0
1,1,1.0
1,1,1.0
1,1,0.9082445549256103
0,0,0.0
1,1,1.0
0,0,0.0
1,1,1.0
1,1,0.9090989341207814
1,1,1.0
0,0,0.046162227557973896
0,0,0.0
1,1,1.0
1,1,0.9062746428079044
0,0,0.04551377970252608
1,1,1.0
0,0,0.0
0,0,0.0
0,0,0.0
1,1,1.0
0,0,0.0
1,1,1.0
1,1,1.0
1,1,1.0
1,1,1.0
0,0,0.0
1,1,1.0
0,0,0.0
1,1,1.0
1,1,1.0
0,0,0.0
1,1,1.0
1,1,1.0
1,1,0.950468012880646
0,0,0.0
1,1,1.0
1,1,1.0
0,0,0.0
0,0,0.0
1,1,1.0
1,1,1.0
1,1,1.0
1,1,1.0
1,1,1.0
1,1,1.0
0,0,0.23983084468727653
1,1,1.0
1,1,1.0
1,1,1.0
1,1,1.0
1,1,1.0
1,1,1.0
1,1,1.0
1,1,1.0
1,1,1.0
1,1,1.0
1,1,0.950804421664195
1,1,1.0
1,1,1.0
1,1,1.0
1,1,0.7653057049816121
1,1,1.0
1,1,1.0
0,0,0.0
1,1,1.0
0,0,0.0
1,1,1.0
0,0,0.0
1,1,1.0
0,0,0.09780383935337672
1,1,0.8079583532933798
1,1,1.0
0,0,0.0
1,1,1.0
1,1,1.0
0,0,0.04468438872172915
0,0,0.0
1,1,1.0
1,1,1.0
1,1,1.0
1,1,1.0
1,1,1.0
1,1,1.0
0,0,0.0
0,0,0.0
1,1,1.0
0,0,0.0
1,1,1.0
0,0,0.04638056658581978
0,0,0.0
1,1,1.0
0,0,0.0
1,1,1.0
1,1,1.0
0,0,0.0
1,1,1.0
0,0,0.0
0,0,0.0
0,0,0.0
1,1,1.0
0,0,0.0
0,0,0.0
0,0,0.0
1,1,1.0
0,0,0.0
0,0,0.27934391210524334
0,0,0.0
0,0,0.0
1,1,1.0
1,1,1.0
1,1,1.0
1,1,1.0
1,1,1.0
1,1,1.0
1,1,0.9045974104115275
0,0,0.0
1,1,1.0
1,1,1.0
1,1,1.0
1,1,1.0
1,1,1.0
1,1,1.0
1,1,1.0
1,1,1.0
1,1,1.0
1,1,0.9049917365354361
0,0,0.0
0,0,0.0
1,1,1.0
1,1,1.0
0,0,0.0
1,1,1.0
0,0,0.0
0,0,0.0
1,1,1.0
0,0,0.0
1,1,1.0
1,1,1.0
0,0,0.0
1,1,0.8610930687364962
1,1,1.0
1,1,1.0
1,1,1.0
1,1,1.0
1,1,1.0
1,1,1.0
0,0,0.0
1,1,1.0
1,1,1.0
1,1,0.9551247411930261
1,1,0.8056911525997947
1,1,1.0
1,1,1.0
1,1,1.0
1,1,1.0
0,0,0.0
1,1,0.954189171193728
1,1,1.0
0,0,0.0
0,0,0.0
0,0,0.22962781792967446
1,1,1.0
0,0,0.0
1,1,0.9035274848766389
1,1,1.0
0,0,0.0
1,1,0.9075881039970128
1,1,1.0
1,1,0.9522888812473015
0,0,0.0
1,1,1.0
1,1,1.0
1,1,1.0
0,0,0.0
0,0,0.04543671013198294
1,1,1.0
0,0,0.0
1,1,1.0
1,1,1.0
1,1,1.0
1,1,1.0
0,0,0.0
0,0,0.0
1,1,1.0
0,0,0.0
1,1,1.0
1,1,1.0
0,0,0.0
0,0,0.0
1,1,1.0
1,1,1.0
0,0,0.0
1,1,1.0
1,1,1.0
1,1,1.0
0,0,0.0
1,1,1.0
1,1,1.0
1,1,1.0
0,0,0.0
0,0,0.0
0,0,0.0
0,0,0.0
0,0,0.0
1,1,1.0
0,0,0.0
0,0,0.0
0,0,0.0
1,1,0.9554053769518063
1,1,1.0
0,0,0.0
0,0,0.0
1,1,1.0
0,0,0.0
1,1,1.0
1,1,1.0
0,0,0.04586431550656702
1,1,1.0
1,1,1.0
1,1,1.0
1,1,1.0
0,0,0.0
0,0,0.0
1,1,1.0
0,0,0.0
1,1,1.0
0,0,0.0
1,1,1.0
0,0,0.0
0,0,0.0
1,1,1.0
0,0,0.0
1,1,1.0
0,0,0.0
1,1,1.0
0,0,0.0
0,0,0.0
0,0,0.0
1,1,1.0
1,1,1.0
0,0,0.14135515148676425
1,1,0.7160278434527164
0,0,0.0
1,1,1.0
0,0,0.0
1,1,1.0
1,1,1.0
1,1,1.0
0,0,0.0
1,1,1.0
1,1,0.9111679470485976
0,0,0.0
0,0,0.0
1,1,1.0
0,0,0.0
0,0,0.0
0,0,0.0
1,1,1.0
1,1,1.0
1,1,1.0
1,1,1.0
0,0,0.0
1,1,1.0
1,1,1.0
1,1,1.0
1,1,1.0
1,1,1.0
1,1,1.0
0,0,0.0
0,0,0.0
1,1,1.0
1,1,0.9528357707160177
1,1,1.0
1,1,1.0
0,0,0.0
1,1,1.0
1,1,1.0
1,1,1.0
1,1,1.0
1,1,1.0
0,0,0.0
1,1,1.0
1,1,1.0
0,0,0.0
0,0,0.0
0,0,0.0
0,0,0.0
0,0,0.0
1,1,1.0
0,0,0.0
1,1,1.0
1,1,1.0
0,0,0.0
1,1,1.0
1,1,0.9545656032981409
0,0,0.0
1,1,1.0
1,1,1.0
1,1,1.0
1,1,1.0
0,0,0.0
1,1,1.0
0,0,0.0
1,1,1.0
1,1,1.0
1,1,1.0
1,1,1.0
1,1,0.9533389878495678
1,1,1.0
1,1,1.0
1,1,1.0
1,1,1.0
0,0,0.0
1,1,1.0
1,1,0.9545344934044203
1,1,1.0
1,1,1.0
1,1,1.0
1,1,1.0
0,0,0.0
1,1,1.0
0,0,0.0
1,1,1.0
0,0,0.0
0,0,0.0
0,0,0.0
0,0,0.0
0,0,0.0
1,1,0.9503253987330562
0,0,0.0
1,1,0.9542818189553646
0,0,0.0
0,0,0.0
0,0,0.0
0,0,0.0
1,1,1.0
1,1,1.0
1,1,0.9526752984677659
0,0,0.0
0,0,0.0
0,0,0.0
1,1,1.0
0,0,0.0
0,0,0.0
1,1,0.9515582942037207
0,0,0.0
0,0,0.0
1,1,1.0
1,1,1.0
1,1,1.0
0,0,0.28071240701731565
0,0,0.0
1,1,1.0
0,0,0.0
1,1,0.8606422978883811
1,1,1.0
1,1,1.0
0,0,0.0
0,0,0.0
1,1,1.0
0,0,0.0
0,0,0.0
1,1,1.0
0,0,0.0
1,1,0.904932153536397
1,1,1.0
0,0,0.0
0,0,0.0
0,0,0.0
1,1,0.9540039272037415
0,0,0.0
1,1,1.0
0,0,0.0
0,0,0.0
1,1,1.0
1,1,1.0
0,0,0.1384182766653395
1,1,1.0
0,0,0.13777472654290424
1,1,1.0
0,0,0.0
1,1,0.9539676744651377
1,1,1.0
1,1,1.0
1,1,0.7624925106900161
1,1,1.0
0,0,0.04510028746832855
1,1,1.0
0,0,0.0
0,0,0.0
1,1,1.0
0,0,0.0
1,1,1.0
0,0,0.0
0,0,0.0
1,1,0.9537441269815338
1,1,1.0
1,1,1.0
1,1,0.9109549966024593
1,1,1.0
0,0,0.0
1,1,1.0
1,1,1.0
1,1,1.0
1,1,1.0
1,1,1.0
1,1,1.0
1,1,1.0
1,1,1.0
0,0,0.0
1,1,1.0
1,1,1.0
1,1,0.9539009184554121
0,0,0.0
0,0,0.0
0,0,0.0
0,0,0.0
1,1,1.0
1,1,1.0
0,0,0.0
1,1,0.9527159301764967
0,0,0.0
1,1,1.0
0,0,0.0
0,0,0.0
0,0,0.0
1,1,1.0
1,1,1.0
0,0,0.0
0,0,0.047440374859204645
1,1,1.0
0,0,0.0
1,1,1.0
1,1,0.9535900537789146
1,1,1.0
1,1,0.9549057432179204
0,0,0.0
1,1,1.0
1,1,1.0
1,1,1.0
1,1,1.0
0,0,0.0
0,0,0.0
1,1,0.9536776863291613
1,1,1.0
1,1,1.0
0,0,0.0
1,1,0.9548779381210767
0,0,0.0
0,0,0.0
0,0,0.0
1,1,1.0
0,0,0.04604150389052326
1,1,1.0
1,1,1.0
1,1,1.0
1,1,0.9544615751246426
1,1,0.9548236680155561
1,1,0.9527162717653732
1,1,1.0
1,1,1.0
1,1,1.0
1,1,1.0
0,0,0.0
0,0,0.14362762003612642
0,0,0.0
1,1,1.0
0,0,0.0
1,1,1.0
1,1,1.0
0,0,0.09110892871245063
0,0,0.0
0,0,0.0
1,1,1.0
1,1,1.0
0,0,0.0
0,0,0.046620983833604045
1,1,1.0
1,1,0.9477746787121083
0,0,0.0
1,1,0.8970066496029263
1,1,0.9531859020756862
0,0,0.0
0,0,0.0
0,0,0.0
1,1,1.0
1,1,1.0
0,0,0.0
1,1,1.0
1,1,1.0
1,1,0.9513309058440375
1,1,1.0
1,1,1.0
1,1,0.9527923139645368
0,0,0.05064268434083565
0,0,0.0
1,1,1.0
0,0,0.0
1,1,1.0
0,0,0.0
0,0,0.0
0,0,0.0
1,1,1.0
1,1,1.0
1,1,1.0
1,1,1.0
1,1,1.0
1,1,0.9530161820583455
1,1,0.9060531523175038
1,1,1.0
0,0,0.0
1,1,1.0
1,1,1.0
1,1,1.0
0,0,0.0
0,0,0.0
0,0,0.047292394252329374
1,1,1.0
1,1,1.0
1,1,1.0
0,0,0.0
1,1,1.0
1,1,1.0
1,1,1.0
1,1,1.0
0,0,0.0
1,1,1.0
1,1,1.0
1,1,1.0
0,0,0.0
1,1,1.0
1,1,1.0
0,0,0.0
1,1,1.0
1,1,1.0
0,0,0.0
0,0,0.0
0,0,0.0
1,1,1.0
1,1,1.0
0,0,0.0
1,1,1.0
1,1,1.0
1,1,1.0
1,1,1.0
0,0,0.0
1,1,1.0
1,1,1.0
1,1,1.0
0,0,0.0
0,0,0.0
1,1,0.8576140117397039
0,0,0.0
1,1,1.0
1,1,1.0
1,1,0.9073385386797456
1,1,1.0
1,1,1.0
1,1,0.9528563071283959
0,0,0.0
0,0,0.0
0,0,0.0
1,1,1.0
0,0,0.0
1,1,1.0
1,1,1.0
0,0,0.0
1,1,1.0
0,0,0.0
0,0,0.0
0,0,0.0
1,1,0.8562755546947373
1,1,1.0
1,1,1.0
1,1,1.0
0,0,0.0
1,1,1.0
1,1,1.0
1,1,0.9536248808014707
1,1,1.0
1,1,1.0
1,1,1.0
0,0,0.0
0,0,0.0
0,0,0.0
1,1,0.9551505761340702
0,0,0.0
1,1,1.0
1,1,1.0
1,1,1.0
1,1,1.0
0,0,0.0
1,1,1.0
1,1,1.0
0,0,0.13973552354681687
1,1,1.0
0,0,0.0
1,1,1.0
0,0,0.0
0,0,0.0
1,1,1.0
1,1,0.9528524813597097
0,0,0.0
1,1,1.0
1,1,1.0
1,1,1.0
1,1,1.0
0,0,0.0
1,1,1.0
0,0,0.0
0,0,0.0
1,1,1.0
1,1,1.0
0,0,0.0
1,1,0.8124229782050535
1,1,1.0
1,1,1.0
0,0,0.0
0,0,0.0
1,1,1.0
0,0,0.0
1,1,1.0
0,0,0.0
1,1,1.0
1,1,1.0
0,0,0.0
1,1,1.0
1,1,1.0
0,0,0.0
1,1,1.0
1,1,1.0
1,1,1.0
1,1,1.0
1,1,0.8996398622226695
1,1,1.0
0,0,0.0
1,1,1.0
0,0,0.0
1,1,1.0
1,1,1.0
0,0,0.0
0,0,0.04642856431289715
1,1,1.0
1,1,1.0
1,1,1.0
1,1,1.0
0,0,0.0
1,1,1.0
1,1,1.0
1,1,1.0
1,1,1.0
0,0,0.0
1,1,1.0
0,0,0.24506625319536618
1,1,1.0
1,1,1.0
0,0,0.0
1,1,1.0
0,0,0.0
0,0,0.14153507959848682
1,1,1.0
1,1,1.0
0,0,0.0
1,1,0.9503320833550614
1,1,1.0
1,1,0.8117524503873911
1,1,1.0
0,0,0.0
1,1,1.0
1,1,1.0
0,0,0.0
1,1,1.0
0,0,0.0
0,0,0.0
1,1,0.9554987832226125
1,1,1.0
1,1,1.0
1,1,0.9073516965442798
0,0,0.0
1,1,1.0
1,1,1.0
0,0,0.0
0,0,0.04660059744596317
0,0,0.0
1,1,0.9546248703596198
1,1,1.0
1,1,1.0
1,1,0.9549697026222901
0,0,0.0
0,0,0.0
0,0,0.0
0,0,0.0
0,0,0.0
1,1,0.9530891957118099
1,1,1.0
1,1,1.0
1,1,1.0
1,1,1.0
1,1,0.8110173782506863
0,0,0.0
0,0,0.0
1,1,1.0
1,1,1.0
1,1,1.0
1,1,1.0
1,1,0.9539559452519477
0,0,0.0
1,1,0.9521597070331677
1,1,1.0
1,1,0.9547645419653217
0,0,0.0
0,0,0.0
0,0,0.0
0,0,0.0
0,0,0.1933322483943883
1,1,1.0
1,1,1.0
0,0,0.0
0,0,0.0
1,1,1.0
0,0,0.0
0,0,0.0
0,0,0.0
1,1,0.907192510584994
1,1,0.9545438183207129
1,1,1.0
0,0,0.0
1,1,1.0
1,1,1.0
1,1,1.0
0,0,0.0
1,1,1.0
0,0,0.0
1,1,1.0
0,0,0.0
1,1,1.0
1,1,1.0
0,0,0.0
1,1,1.0
1,1,1.0
1,1,1.0
0,0,0.0
0,0,0.13971820664819898
0,0,0.0
1,1,1.0
0,0,0.0
0,0,0.047915097174596834
1,1,1.0
1,1,1.0
0,0,0.0
1,1,1.0
0,0,0.0
0,0,0.0
1,1,1.0
1,1,1.0
1,1,1.0
0,0,0.13714151551033607
1,1,1.0
1,1,1.0
0,0,0.0
1,1,1.0
1,1,0.9542621738749534
1,1,1.0
1,1,1.0
0,0,0.0
1,1,0.9530664940654098
1,1,1.0
0,0,0.0
0,0,0.09608761856875843
0,0,0.0
0,0,0.0
1,1,1.0
0,0,0.0
0,0,0.0
1,1,1.0
0,0,0.0
1,1,1.0
1,1,1.0
0,0,0.0
1,1,0.9544596136172295
1,1,0.9540022973684692
1,1,1.0
0,0,0.0
1,1,1.0
1,1,0.9065556796724826
1,1,1.0
0,0,0.0
1,1,1.0
1,1,1.0
1,1,0.9067343058961841
1,1,1.0
0,0,0.0
0,0,0.0
0,0,0.0
1,1,1.0
1,1,1.0
1,1,1.0
1,1,0.9549914658483195
1,1,0.7690469998631314
1,1,1.0
1,1,1.0
1,1,1.0
0,0,0.0
1,1,1.0
1,1,1.0
0,0,0.0
1,1,1.0
0,0,0.0
0,0,0.0
0,0,0.0
0,0,0.0
1,1,1.0
1,1,1.0
0,0,0.0
1,1,1.0
1,1,1.0
1,1,1.0
0,0,0.0
1,1,1.0
0,0,0.0
1,1,1.0
0,0,0.0
1,1,1.0
1,1,1.0
1,1,1.0
1,1,0.9050510305483341
1,1,1.0
1,1,1.0
0,0,0.0
1,1,0.9523224568321312
1,1,1.0
1,1,1.0
1,1,1.0
1,1,1.0
0,0,0.0
1,1,0.9544910129408987
1,1,1.0
1,1,1.0
1,1,1.0
1,1,1.0
0,0,0.0
1,1,1.0
1,1,1.0
0,0,0.0
1,1,1.0
0,0,0.0
0,0,0.0
1,1,0.9533923034388352
0,0,0.0
0,0,0.0
0,0,0.0
0,0,0.0
1,1,1.0
0,0,0.0
1,1,1.0
0,0,0.0
0,0,0.0
1,1,0.8561715662187257
1,1,1.0
0,0,0.0
1,1,1.0
0,0,0.0
0,0,0.0
0,0,0.0
1,1,1.0
0,0,0.0
0,1,0.6611563170054672
1,1,1.0
1,1,1.0
1,1,1.0
1,1,1.0
0,0,0.0
0,0,0.0
0,0,0.0
1,1,1.0
0,0,0.0
0,0,0.10177049251608615
0,0,0.0
1,1,1.0
0,0,0.0
0,0,0.0
1,1,1.0
0,0,0.0
1,1,1.0
1,1,1.0
1,1,1.0
1,1,1.0
1,1,1.0
1,1,1.0
0,0,0.0
1,1,1.0
1,1,1.0
0,0,0.0
1,1,1.0
1,1,1.0
1,1,1.0
0,0,0.0
1,1,1.0
1,1,1.0
1,1,1.0
1,1,1.0
0,0,0.0
1,1,1.0
1,1,0.9075630072971076
1,1,1.0
1,1,1.0
0,0,0.0
1,1,1.0
0,0,0.0
1,1,1.0
0,0,0.0
1,1,1.0
1,1,1.0
1,1,1.0
1,1,1.0
0,0,0.0
1,1,1.0
1,1,1.0
0,0,0.0
0,0,0.0
1,1,1.0
0,0,0.0
0,0,0.0
0,0,0.0
0,0,0.0
0,0,0.0
1,1,1.0
1,1,1.0
1,1,1.0
1,1,0.9521690766617822
1,1,1.0
1,1,1.0
1,1,1.0
1,1,1.0
1,1,1.0
1,1,1.0
1,1,1.0
1,1,1.0
1,1,0.9535729767896706
0,0,0.0
0,0,0.0
0,0,0.047868568904509
0,0,0.045983577631834534
0,0,0.0
0,0,0.0
0,0,0.0
0,0,0.09403572681891538
0,0,0.0
0,0,0.0
0,0,0.0
0,0,0.0
1,1,1.0
1,1,1.0
0,0,0.0
1,1,1.0
1,1,1.0
1,1,1.0
0,0,0.09082746513206066
0,0,0.04592225765062469
1,1,1.0
1,1,1.0
1,1,1.0
0,0,0.0
1,1,1.0
1,1,0.9541497144397125
0,0,0.0
0,0,0.0
1,1,1.0
0,0,0.28291255477455485
1,1,1.0
0,0,0.0
1,1,1.0
0,0,0.0
1,1,1.0
1,1,1.0
0,0,0.0
1,1,0.9552859671253017
0,0,0.0
0,0,0.0
0,0,0.0
1,1,1.0
1,1,1.0
0,0,0.0
0,0,0.0
1,1,0.9532040704161112
0,0,0.0
1,1,1.0
1,1,1.0
1,1,1.0
1,1,1.0
1,1,1.0
0,0,0.0
1,1,1.0
1,1,1.0
0,0,0.0
1,1,1.0
1,1,1.0
0,0,0.0
1,1,1.0
1,1,1.0
1,1,1.0
0,0,0.0
1,1,1.0
1,1,1.0
0,0,0.0
1,1,1.0
1,1,1.0
1,1,1.0
0,0,0.0
0,0,0.0
1,1,1.0
1,1,1.0
0,0,0.0
1,1,1.0
0,0,0.046548129509007
0,0,0.0
1,1,1.0
0,0,0.0
1,1,1.0
1,1,1.0
0,0,0.0
0,0,0.0
1,1,1.0
0,0,0.0
1,1,1.0
0,0,0.0
1,1,1.0
1,1,1.0
0,0,0.13697573269405378
1,1,1.0
0,0,0.0
1,1,1.0
0,0,0.0
0,0,0.0
1,1,1.0
1,1,1.0
1,1,0.9549045094063614
1,1,1.0
1,1,1.0
0,0,0.0
0,0,0.0
0,0,0.0
0,0,0.0
1,1,1.0
1,1,1.0
1,1,1.0
0,0,0.0
0,0,0.2301093250810497
1,1,1.0
1,1,1.0
0,0,0.0
1,1,1.0
1,1,0.951905357942287
1,1,1.0
1,1,1.0
0,0,0.0
0,0,0.0
1,1,1.0
1,1,1.0
1,1,1.0
1,1,1.0
1,1,1.0
1,1,0.8138737756214943
1,1,0.9537754706431703
1,1,1.0
1,1,1.0
0,0,0.0
1,1,1.0
1,1,1.0
1,1,0.9541879444221157
1,1,1.0
1,1,0.8185344403098181
0,0,0.0
1,1,1.0
1,1,1.0
1,1,1.0
1,1,1.0
0,0,0.0
1,1,1.0
1,1,1.0
1,1,1.0
1,1,1.0
1,1,1.0
1,1,1.0
1,1,1.0
1,1,1.0
0,0,0.0
0,0,0.0
1,1,1.0
1,1,1.0
1,1,1.0
0,0,0.0
0,0,0.0
1,1,1.0
1,1,1.0
0,0,0.0
0,0,0.0
1,1,1.0
1,1,1.0
1,1,1.0
0,0,0.0
1,1,1.0
1,1,0.8528525239237539
0,0,0.0
1,1,1.0
1,1,1.0
1,1,1.0
1,1,1.0
1,1,1.0
1,1,0.8640513491531142
0,0,0.0
1,1,1.0
1,1,1.0
0,0,0.0
1,1,1.0
1,1,1.0
1,1,1.0
1,1,1.0
1,1,1.0
0,0,0.0
1,1,0.9542897789399603
0,0,0.0
1,1,1.0
0,0,0.0
1,1,1.0
0,0,0.0
1,1,0.9520766669273452
0,0,0.0
0,0,0.0
0,0,0.1398503096598728
0,0,0.0
1,1,1.0
0,0,0.0
1,1,1.0
1,1,1.0
1,1,1.0
1,1,1.0
1,1,1.0
1,1,1.0
0,0,0.0
0,0,0.0
1,1,1.0
0,0,0.0
1,1,1.0
0,0,0.0
1,1,1.0
1,1,1.0
1,1,1.0
1,1,1.0
1,1,1.0
1,1,1.0
1,1,1.0
1,1,0.9513537568042217
0,0,0.0
1,1,1.0
0,0,0.0
0,0,0.0
0,0,0.28037486728179994
0,0,0.0
1,1,1.0
1,1,1.0
1,1,1.0
1,1,0.9515095352193285
1,1,1.0
1,1,1.0
1,1,1.0
1,1,1.0
1,1,1.0
1,1,1.0
1,1,1.0
1,1,0.8051802506580477
1,1,1.0
0,0,0.0
0,0,0.0
1,1,1.0
1,1,0.9509048953745056
1,1,1.0
1,1,1.0
1,1,1.0
1,1,1.0
1,1,1.0
1,1,1.0
1,1,1.0
1,1,1.0
1,1,1.0
1,1,1.0
0,0,0.0
1,1,1.0
0,0,0.0
1,1,1.0
1,1,1.0
1,1,1.0
1,1,1.0
0,0,0.0
1,1,0.9496549275528217
1,1,1.0
0,0,0.0
1,1,1.0
0,0,0.13819577898251045
1,1,1.0
1,1,1.0
1,1,1.0
1,1,0.9542205466116984
1,1,1.0
0,0,0.0
1,1,1.0
1,1,1.0
1,1,1.0
1,1,1.0
1,1,1.0
0,0,0.0
0,0,0.0
1,1,1.0
0,0,0.04619583827479339
1,1,1.0
1,1,1.0
0,0,0.0
1,1,1.0
0,0,0.0
1,1,1.0
1,1,1.0
0,0,0.3308960209642501
1,1,1.0
1,1,1.0
1,1,1.0
0,0,0.0
1,1,1.0
1,1,0.8570801847194011
1,1,1.0
1,1,1.0
0,0,0.0
1,1,1.0
0,0,0.0
1,1,0.9101441172672623
0,0,0.0
0,0,0.0
1,1,1.0
0,0,0.13814173913772382
1,1,1.0
0,0,0.0
1,1,0.952565717654662
0,0,0.0
1,1,1.0
0,0,0.0
0,0,0.0
0,0,0.0
0,0,0.0
0,0,0.0
0,0,0.0
1,1,1.0
0,0,0.23144313840405248
0,0,0.0
1,1,1.0
0,0,0.0
1,1,1.0
1,1,1.0
1,1,1.0
1,1,1.0
1,1,1.0
0,0,0.0
0,0,0.0
1,1,1.0
1,1,1.0
1,1,1.0
0,0,0.0
1,1,1.0
1,1,1.0
1,1,1.0
1,1,1.0
1,1,1.0
1,1,1.0
0,0,0.0
1,1,1.0
0,0,0.0
1,1,1.0
1,1,1.0
1,1,1.0
0,0,0.0
0,0,0.0
0,0,0.0
1,1,1.0
0,0,0.1426696798959349
1,1,1.0
1,1,1.0
1,1,1.0
1,1,1.0
0,0,0.0
0,0,0.0
1,1,1.0
1,1,1.0
1,1,1.0
1,1,0.9528916442018419
0,0,0.0
1,1,1.0
1,1,1.0
1,1,1.0
1,1,1.0
0,0,0.0
1,1,0.9561973961573104
1,1,1.0
0,0,0.0
0,0,0.0
0,0,0.0
1,1,1.0
0,0,0.0
1,1,1.0
1,1,1.0
0,0,0.0
1,1,1.0
1,1,1.0
1,1,0.8998384902870663
1,1,1.0
0,0,0.09067571461017802
1,1,1.0
0,0,0.0
0,0,0.0
1,1,1.0
0,0,0.0
0,0,0.0
1,1,1.0
1,1,1.0
0,0,0.0
1,1,1.0
1,1,1.0
1,1,1.0
1,1,1.0
1,1,1.0
0,0,0.0
0,0,0.0
0,0,0.24091635236883185
1,1,1.0
1,1,1.0
1,1,1.0
0,0,0.0
1,1,1.0
1,1,1.0
0,0,0.0
1,1,1.0
1,1,1.0
1,1,1.0
1,1,1.0
1,1,1.0
0,0,0.0
1,1,1.0
0,0,0.0
0,0,0.0902328489058514
0,0,0.0
0,0,0.0
0,0,0.0
1,1,1.0
1,1,1.0
0,0,0.045193464522941276
0,0,0.0
1,1,1.0
1,1,0.9084943463559624
1,1,1.0
0,0,0.0
0,0,0.0
1,1,1.0
1,1,1.0
0,0,0.0
0,0,0.0
0,0,0.0
1,1,1.0
0,0,0.0
1,1,1.0
1,1,1.0
1,1,1.0
1,1,1.0
1,1,0.9043136508162929
1,1,1.0
1,1,1.0
1,1,1.0
1,1,1.0
0,0,0.0
0,0,0.0
0,0,0.0
0,0,0.0
1,1,1.0
0,0,0.0
1,1,1.0
0,0,0.0
0,0,0.0
0,0,0.0
0,0,0.0
1,1,1.0
1,1,0.9547932203578879
0,0,0.1430298291651353
0,0,0.0
1,1,1.0
1,1,0.9548795992879066
1,1,1.0
0,0,0.0
0,0,0.04834348141837973
0,0,0.0
0,0,0.0
1,1,1.0
0,0,0.0
1,1,1.0
1,1,1.0
1,1,1.0
0,0,0.0
0,0,0.0
1,1,1.0
0,0,0.0
1,1,1.0
1,1,1.0
1,1,1.0
0,0,0.0
1,1,1.0
0,0,0.0
1,1,1.0
1,1,1.0
0,0,0.0
0,0,0.0
0,0,0.0
1,1,0.9548380939848109
0,0,0.0
1,1,1.0
0,0,0.0
0,0,0.0
0,0,0.04841066897455726
1,1,1.0
1,1,0.9091600491770446
1,1,0.9531459402616211
1,1,1.0
1,1,0.9077347854024767
1,1,1.0
1,1,0.95330047560722
1,1,1.0
0,0,0.0
0,0,0.0
0,0,0.36992410454983754
1,1,1.0
0,0,0.0
0,0,0.0
1,1,1.0
0,0,0.0
1,1,1.0
1,1,1.0
1,1,1.0
1,1,1.0
1,1,1.0
1,1,0.9523537342287399
1,1,1.0
0,0,0.0
1,1,1.0
0,0,0.0
1,1,1.0
1,1,0.9541814446039175
0,0,0.0
1,1,1.0
1,1,1.0
0,0,0.0
1,1,1.0
1,1,1.0
0,0,0.0
0,0,0.0
1,1,1.0
0,0,0.0
1,1,1.0
0,0,0.23227690603737827
0,0,0.0
1,1,1.0
0,0,0.0
1,1,1.0
1,1,1.0
0,0,0.0
1,1,1.0
1,1,1.0
1,1,0.863919526683379
1,1,1.0
0,0,0.0
1,1,1.0
1,1,1.0
0,0,0.0
0,0,0.0
1,1,1.0
1,1,1.0
1,1,1.0
1,1,1.0
0,0,0.0
1,1,1.0
0,0,0.0
1,1,0.907249650751754
0,0,0.0
0,0,0.0
0,0,0.0
1,1,1.0
0,0,0.0
1,1,1.0
1,1,1.0
1,1,0.9541209713363373
1,1,1.0
0,0,0.0
1,1,1.0
1,1,1.0
0,0,0.0
0,0,0.0
0,0,0.0
1,1,1.0
1,1,1.0
1,1,1.0
1,1,1.0
1,1,0.9541104490292825
0,0,0.22693052822623158
1,1,1.0
0,0,0.0
1,1,0.9047741944576507
1,1,1.0
1,1,1.0
1,1,1.0
1,1,1.0
1,1,1.0
1,1,1.0
1,1,1.0
1,1,1.0
1,1,1.0
0,0,0.0
1,1,0.9543486048554377
1,1,1.0
1,1,1.0
1,1,1.0
0,0,0.0
0,0,0.0
0,0,0.0
1,1,1.0
0,0,0.0
1,1,1.0
1,1,1.0
1,1,0.9551095562804659
1,1,1.0
1,1,1.0
1,1,1.0
0,0,0.0
1,1,0.8604526949531309
0,0,0.0
1,1,1.0
1,1,1.0
0,0,0.04691850371204177
1,1,1.0
1,1,0.9551605875726543
1,1,1.0
1,1,1.0
1,1,0.9056908405887493
1,1,1.0
1,1,1.0
1,1,1.0
0,0,0.0
0,0,0.0
0,0,0.04991310090565862
1,1,1.0
1,1,1.0
1,1,1.0
1,1,1.0
1,1,0.8646335279237496
1,1,1.0
1,1,1.0
1,1,1.0
1,1,0.8527295199106114
0,0,0.0
1,1,0.9531537889957448
1,1,1.0
1,1,1.0
1,1,1.0
1,1,1.0
1,1,1.0
1,1,1.0
1,1,1.0
1,1,1.0
1,1,1.0
1,1,0.9549885331513877
1,1,1.0
1,1,1.0
0,0,0.0
1,1,1.0
1,1,1.0
1,1,0.765436888172216
0,0,0.0
1,1,1.0
0,0,0.0
1,1,1.0
1,1,1.0
1,1,0.9521197834051113
0,0,0.0
0,0,0.0
1,1,1.0
1,1,1.0
1,1,1.0
0,0,0.0
0,0,0.0
0,0,0.13930270723705404
1,1,1.0
1,1,1.0
1,1,1.0
1,1,1.0
1,1,1.0
1,1,1.0
0,0,0.0
1,1,1.0
1,1,1.0
1,1,1.0
1,1,0.9550688019521888
1,1,1.0
1,1,1.0
1,1,1.0
0,0,0.0
0,0,0.0
1,1,1.0
0,0,0.0
0,0,0.0
1,1,1.0
0,0,0.0
1,1,1.0
0,0,0.0
1,1,1.0
0,0,0.04491940460091543
0,0,0.0
1,1,1.0
1,1,1.0
0,0,0.0
1,1,1.0
1,1,0.8567997100756163
1,1,1.0
1,1,0.7164715620850087
1,1,1.0
1,1,1.0
1,1,1.0
1,1,1.0
0,0,0.0
1,1,1.0
0,0,0.0
1,1,1.0
1,1,1.0
1,1,1.0
1,1,1.0
1,1,1.0
1,1,1.0
1,1,1.0
0,0,0.0
1,1,1.0
0,0,0.0
0,0,0.0
0,0,0.0
0,0,0.0
1,1,1.0
0,0,0.0
1,1,1.0
0,0,0.0
1,1,1.0
0,0,0.0
0,0,0.0
1,1,1.0
1,1,1.0
1,1,1.0
0,0,0.0
0,0,0.0
1,1,1.0
0,0,0.0
1,1,1.0
0,0,0.0
1,1,1.0
1,1,0.9104290011030826
1,1,0.9536413883270445
1,1,1.0
1,1,1.0
0,0,0.0
0,0,0.0
1,1,1.0
1,1,1.0
1,1,1.0
0,0,0.0
0,0,0.0
0,0,0.0
0,0,0.0
1,1,1.0
1,1,1.0
1,1,1.0
1,1,1.0
0,0,0.0
0,0,0.0
1,1,0.9551308374057688
0,0,0.0
1,1,1.0
1,1,1.0
1,1,1.0
1,1,1.0
0,0,0.0
1,1,0.9546693787007879
1,1,1.0
0,0,0.0
1,1,1.0
1,1,1.0
0,0,0.0
0,0,0.0
1,1,0.8614196431004852
1,1,1.0
0,0,0.0
0,0,0.0
1,1,1.0
0,0,0.0
0,0,0.04605630372771027
0,0,0.0
0,0,0.0
0,0,0.0
1,1,1.0
1,1,1.0
0,0,0.0
1,1,1.0
1,1,1.0
0,0,0.0
0,0,0.0
1,1,1.0
1,1,1.0
1,1,0.9540741126924971
0,0,0.0
1,1,1.0
1,1,0.904601457373875
1,1,1.0
1,1,1.0
1,1,0.9033366991007966
1,1,1.0
0,0,0.0
0,0,0.0
0,0,0.0
1,1,1.0
1,1,1.0
1,1,1.0
1,1,1.0
0,0,0.0
1,1,0.8138172871893191
1,1,1.0
1,1,1.0
1,1,1.0
0,0,0.0
1,1,1.0
0,0,0.0
0,0,0.0
1,1,0.9541531275363888
0,0,0.0
1,1,1.0
1,1,0.7572429077477478
0,0,0.0
0,0,0.0
1,1,1.0
0,0,0.0
1,1,1.0
1,1,1.0
1,1,0.954149623977355
1,1,0.7174126502560432
1,1,1.0
1,1,1.0
1,1,1.0
1,1,1.0
1,1,0.7678215704211159
0,0,0.0
1,1,1.0
0,0,0.0
1,1,1.0
1,1,0.9010374213090601
1,1,1.0
0,0,0.0
1,1,1.0
1,1,1.0
1,1,1.0
1,1,0.9518755607846228
1,1,1.0
1,1,1.0
1,1,0.9538524109266088
1,1,1.0
1,1,0.954246190399968
0,0,0.2366807078425445
1,1,1.0
0,0,0.0
1,1,1.0
1,1,1.0
1,1,1.0
1,1,1.0
1,1,1.0
1,1,0.8613269217402145
1,1,1.0
1,1,1.0
0,0,0.0
1,1,0.8985736915471491
1,1,1.0
1,1,1.0
1,1,1.0
0,0,0.0
0,0,0.0
0,0,0.18722100725702673
1,1,1.0
0,0,0.0
0,0,0.0
1,1,1.0
1,1,1.0
1,1,0.8964319140785045
1,1,1.0
0,0,0.28619408238953786
1,1,1.0
0,0,0.0
1,1,1.0
0,0,0.0
0,0,0.0
1,1,1.0
1,1,1.0
0,0,0.0
0,0,0.0
0,0,0.0
1,1,1.0
0,0,0.0
0,0,0.0
1,1,1.0
1,1,1.0
1,1,1.0
1,1,0.9538952013270265
1,1,1.0
0,0,0.0
0,0,0.0
1,1,1.0
0,0,0.04620682337841886
1,1,1.0
1,1,1.0
1,1,1.0
1,1,1.0
0,0,0.0
1,1,1.0
0,0,0.04427306785275778
1,1,0.9542030262483508
1,1,1.0
1,1,0.9064722068140401
1,1,1.0
1,1,1.0
1,1,0.8178549106847885
1,1,1.0
0,0,0.0
1,1,1.0
0,0,0.0
1,1,1.0
1,1,1.0
0,0,0.0
1,1,1.0
1,1,1.0
1,1,1.0
1,1,1.0
1,1,0.8626771923809105
0,0,0.0
0,0,0.0
0,0,0.0
0,0,0.0
0,0,0.0
0,0,0.0
0,0,0.0
1,1,1.0
0,0,0.0
0,0,0.0
0,0,0.0
0,0,0.0
1,1,1.0
1,1,1.0
1,1,1.0
0,0,0.0
0,0,0.0
1,1,1.0
1,1,1.0
1,1,1.0
1,1,1.0
1,1,1.0
1,1,1.0
1,1,1.0
1,1,1.0
0,0,0.2322058967030957
0,0,0.0
0,0,0.0
1,1,1.0
0,0,0.13423974065767083
0,0,0.0
1,1,1.0
0,0,0.0
1,1,1.0
1,1,1.0
0,0,0.0
0,0,0.0
1,1,1.0
1,1,1.0
1,1,1.0
0,0,0.0
1,1,1.0
0,0,0.0
1,1,0.9541554850424945
1,1,1.0
0,0,0.0
1,1,0.9513014713647193
1,1,1.0
1,1,1.0
1,1,1.0
0,0,0.0
0,0,0.0
0,0,0.0
1,1,1.0
1,1,1.0
1,1,1.0
0,0,0.0
1,1,0.8607048800994063
0,0,0.0
0,0,0.0
0,0,0.0
1,1,0.9536330533882499
1,1,1.0
0,0,0.0
1,1,1.0
1,1,1.0
1,1,1.0
0,0,0.0
0,0,0.04413383152973997
0,0,0.0
0,0,0.0
1,1,1.0
0,0,0.0
0,0,0.0
0,0,0.0
1,1,1.0
1,1,0.8151981543764951
1,1,1.0
1,1,0.8619023695059473
1,1,1.0
1,1,1.0
1,1,0.9546511448430649
0,0,0.0
1,1,0.9501306038181608
0,0,0.0
0,0,0.0
0,0,0.0
1,1,1.0
1,1,0.8614477312533891
0,0,0.0
1,1,1.0
1,1,0.9547580866066031
1,1,1.0
1,1,1.0
1,1,1.0
0,0,0.0
0,0,0.0
1,1,1.0
1,1,1.0
1,1,1.0
0,0,0.09589701579305582
1,1,1.0
1,1,1.0
0,0,0.0
1,1,1.0
0,0,0.0
1,1,1.0
1,1,1.0
1,1,1.0
1,1,0.9517657680689191
1,1,1.0
1,1,1.0
1,1,1.0
1,1,1.0
1,1,1.0
0,0,0.0
0,0,0.0
1,1,1.0
0,0,0.0
1,1,1.0
0,0,0.0
1,1,1.0
0,0,0.0
1,1,1.0
0,0,0.0
1,1,1.0
0,0,0.0
1,1,1.0
1,1,1.0
1,1,1.0
1,1,1.0
1,1,1.0
1,1,1.0
1,1,1.0
1,1,1.0
1,1,1.0
1,1,1.0
0,0,0.0
0,0,0.04614210934923459
0,0,0.0
0,0,0.0
0,0,0.0
0,0,0.0
0,0,0.0
1,1,0.9538639080209295
1,1,1.0
0,0,0.0
1,1,1.0
1,1,0.9521549851714781
1,1,1.0
1,1,1.0
0,0,0.0
1,1,1.0
1,1,1.0
1,1,1.0
0,0,0.0
1,1,1.0
1,1,0.9058185821653989
1,1,1.0
1,1,1.0
0,0,0.0
1,1,0.9534129876308024
0,0,0.0
1,1,0.9539538672199371
1,1,1.0
1,1,1.0
1,1,0.9063136637076284
1,1,0.9522955047911349
0,0,0.0
1,1,1.0
1,1,0.7312292426670962
0,0,0.0
1,1,1.0
1,1,1.0
0,0,0.0
1,1,1.0
0,0,0.0
1,1,1.0
0,0,0.0
1,1,1.0
0,0,0.0
0,0,0.4496867178518896
1,1,1.0
1,1,1.0
0,0,0.0
0,0,0.0
0,0,0.08982803793408409
0,0,0.0
1,1,1.0
0,0,0.0
1,1,1.0
1,1,1.0
1,1,0.9074981620712209
1,1,1.0
1,1,1.0
0,0,0.0
1,1,1.0
1,1,1.0
1,1,1.0
1,1,1.0
0,0,0.0
1,1,1.0
1,1,1.0
0,0,0.0
0,0,0.043911125040033895
1,1,1.0
0,0,0.0
0,0,0.0
1,1,1.0
1,1,1.0
1,1,0.8589495725837645
0,0,0.0
1,1,1.0
0,0,0.0
0,0,0.0
1,1,1.0
1,1,1.0
0,0,0.0
0,0,0.0
1,1,1.0
1,1,0.9541666790828239
1,1,1.0
1,1,0.8594095768204199
1,1,0.9539279848114377
1,1,1.0
1,1,1.0
0,0,0.04902344292760791
0,0,0.0
0,0,0.09404809734801771
0,0,0.0
0,0,0.046126875203568125
0,0,0.0
1,1,1.0
1,1,1.0
1,1,0.954064085097602
0,0,0.0
0,0,0.0
1,1,1.0
1,1,1.0
1,1,1.0
1,1,0.9090498550454362
1,1,1.0
1,1,1.0
0,0,0.0
1,1,1.0
1,1,1.0
0,0,0.0
0,0,0.0
1,1,1.0
1,1,1.0
0,0,0.0
1,1,1.0
1,1,1.0
0,0,0.0
0,0,0.0
1,1,1.0
0,0,0.0
1,1,1.0
1,1,1.0
0,0,0.0
0,0,0.0
1,1,1.0
1,1,1.0
0,0,0.0
1,1,1.0
0,0,0.0
1,1,1.0
1,1,1.0
1,1,1.0
1,1,1.0
0,0,0.0
1,1,1.0
1,1,1.0
1,1,1.0
1,1,1.0
0,0,0.0
1,1,1.0
1,1,1.0
0,0,0.0
1,1,1.0
1,1,1.0
0,0,0.0
1,1,1.0
0,0,0.04546787506174351
1,1,1.0
0,0,0.0
1,1,1.0
0,0,0.0
1,1,1.0
0,0,0.0
1,1,1.0
0,0,0.0
1,1,1.0
0,0,0.0
1,1,1.0
1,1,1.0
1,1,1.0
0,0,0.0
0,0,0.0
1,1,1.0
0,0,0.0
0,0,0.0
1,1,0.9538197439630982
0,0,0.0
0,0,0.0
0,0,0.0
1,1,1.0
0,0,0.0
1,1,1.0
0,0,0.0
0,0,0.0
0,0,0.0
1,1,1.0
1,1,1.0
0,0,0.0
0,0,0.0
0,0,0.0
1,1,1.0
0,0,0.0
1,1,1.0
0,0,0.0
1,1,1.0
0,0,0.0
1,1,1.0
1,1,0.8619644921300328
1,1,1.0
1,1,1.0
0,0,0.0
1,1,1.0
1,1,0.9518874050426096
1,1,1.0
0,0,0.0
0,0,0.0
0,0,0.0
1,1,1.0
1,1,1.0
0,0,0.0
0,0,0.0
1,1,1.0
0,0,0.0
0,0,0.0
0,0,0.0
1,1,1.0
1,1,0.949742191063361
0,0,0.0
0,0,0.0
0,0,0.0
0,0,0.0
1,1,1.0
0,0,0.0
0,0,0.0
0,0,0.0
1,1,1.0
1,1,0.9527231788057089
0,0,0.0
1,1,1.0
0,0,0.0
1,1,1.0
1,1,1.0
1,1,0.9060533754753133
1,1,1.0
0,0,0.04902990847769807
0,0,0.0
0,0,0.046607323628692195
0,0,0.0
1,1,1.0
1,1,1.0
1,1,1.0
1,1,1.0
1,1,1.0
1,1,0.9064736882419853
0,0,0.0
1,1,1.0
0,0,0.0
0,0,0.0
0,0,0.0
1,1,1.0
0,0,0.0
0,0,0.0
1,1,1.0
1,1,1.0
1,1,1.0
1,1,1.0
1,1,1.0
1,1,1.0
0,0,0.0
1,1,1.0
1,1,1.0
1,1,1.0
1,1,0.8590143506531946
1,1,1.0
0,0,0.0
1,1,1.0
0,0,0.0
1,1,1.0
0,0,0.0
0,0,0.0
1,1,1.0
0,0,0.0
1,1,1.0
1,1,1.0
1,1,1.0
1,1,1.0
1,1,1.0
1,1,1.0
0,0,0.0
1,1,1.0
0,0,0.0
1,1,1.0
0,0,0.0
1,1,1.0
0,0,0.3762989877549556
1,1,1.0
1,1,1.0
1,1,1.0
0,0,0.0
1,1,0.9542988443127972
1,1,1.0
0,0,0.0
1,1,1.0
1,1,1.0
1,1,1.0
1,1,1.0
0,0,0.0
1,1,1.0
0,0,0.0
1,1,0.9535648544055294
1,1,1.0
0,0,0.0
1,1,1.0
1,1,0.9542486809134393
1,1,1.0
1,1,1.0
1,1,0.9051856138493146
0,0,0.0
1,1,1.0
1,1,0.7541838431917861
0,0,0.0
1,1,1.0
1,1,1.0
0,0,0.0
0,0,0.0
1,1,1.0
1,1,1.0
1,1,1.0
1,1,0.9495671218951087
0,0,0.0
0,0,0.0
1,1,1.0
1,1,1.0
0,0,0.0
0,0,0.046264979376143316
1,1,1.0
0,0,0.0
1,1,1.0
1,1,1.0
1,1,0.9532359964417311
0,0,0.0
1,1,1.0
1,1,1.0
1,1,1.0
1,1,1.0
1,1,1.0
1,1,1.0
0,0,0.22866209697071765
1,1,1.0
1,1,1.0
0,0,0.0
0,0,0.0
1,1,1.0
1,1,1.0
0,0,0.0
0,0,0.0
1,1,1.0
1,1,0.9545872524950627
1,1,1.0
1,1,1.0
1,1,1.0
0,0,0.0
1,1,0.9512276749889468
1,1,1.0
1,1,1.0
1,1,1.0
0,0,0.0
1,1,1.0
1,1,1.0
0,0,0.0
1,1,1.0
1,1,1.0
1,1,1.0
1,1,1.0
1,1,0.7702973242136901
0,0,0.0
1,1,1.0
0,0,0.0
1,1,1.0
0,0,0.0
1,1,1.0
1,1,1.0
0,0,0.0
1,1,1.0
1,1,1.0
1,1,0.8134561471986017
1,1,1.0
0,0,0.0
1,1,1.0
0,0,0.0
1,1,1.0
1,1,1.0
1,1,1.0
1,1,0.7736036461677945
0,0,0.0
1,1,1.0
0,0,0.0
1,1,1.0
1,1,1.0
1,1,0.9519768152366581
1,1,1.0
1,1,1.0
0,0,0.0
1,1,1.0
0,0,0.0
1,1,0.9513220285379391
0,0,0.2384642233990457
1,1,1.0
0,0,0.0
1,1,0.9543931208008766
0,0,0.0
0,0,0.0
0,0,0.1829516667966927
1,1,1.0
0,0,0.228483868736106
1,1,1.0
1,1,1.0
1,1,1.0
1,1,1.0
1,1,1.0
1,1,0.9529018048196628
1,1,1.0
0,0,0.18449474754056586
1,1,1.0
0,0,0.0
1,1,1.0
1,1,1.0
1,1,1.0
0,0,0.0
0,0,0.0
1,1,1.0
0,0,0.0
1,1,1.0
0,0,0.0
1,1,1.0
1,1,1.0
1,1,1.0
0,0,0.0
1,1,1.0
1,1,1.0
0,0,0.0
1,1,1.0
0,0,0.0
1,1,1.0
1,1,1.0
1,1,1.0
1,1,1.0
0,0,0.0
1,1,1.0
1,1,1.0
1,1,1.0
1,1,1.0
1,1,1.0
1,1,1.0
0,0,0.0
1,1,1.0
1,1,1.0
1,1,1.0
0,0,0.0
1,1,1.0
0,0,0.0
1,1,1.0
0,0,0.0
0,0,0.0
1,1,1.0
0,0,0.0
1,1,1.0
1,1,1.0
1,1,1.0
1,1,1.0
0,0,0.0
0,0,0.0
0,0,0.0
0,0,0.22813495496550915
0,0,0.0
0,0,0.0
0,0,0.0
1,1,1.0
1,1,1.0
0,0,0.1818677449719966
1,1,1.0
1,1,1.0
1,1,1.0
1,1,1.0
1,1,1.0
1,1,1.0
0,0,0.24106779216406002
0,0,0.09188839736139134
0,0,0.0
0,0,0.0
1,1,0.9073089020862293
0,0,0.088810119964265
1,1,1.0
1,1,1.0
0,0,0.0
0,0,0.0
1,1,1.0
0,0,0.0
1,1,1.0
0,0,0.0
0,0,0.0
0,0,0.0
1,1,1.0
1,1,1.0
0,0,0.0
1,1,1.0
1,1,1.0
0,0,0.0
0,0,0.0
1,1,0.9076375384584531
1,1,1.0
1,1,0.9499039292359784
1,1,0.955173745665198
1,1,1.0
0,0,0.0
0,0,0.0
1,1,1.0
1,1,1.0
1,1,1.0
1,1,1.0
1,1,1.0
0,0,0.0
1,1,0.7605924289549425
1,1,1.0
0,0,0.0
1,1,1.0
1,1,1.0
1,1,1.0
0,0,0.0
1,1,1.0
1,1,1.0
1,1,1.0
1,1,1.0
0,0,0.092681901909113
0,0,0.0
1,1,0.9545372535260005
1,1,1.0
1,1,1.0
1,1,1.0
1,1,1.0
0,0,0.0
1,1,1.0
0,0,0.0
1,1,1.0
1,1,0.8525346858337595
1,1,0.9513874229523399
1,1,1.0
1,1,1.0
0,0,0.0
1,1,1.0
1,1,1.0
1,1,0.8603837196913858
1,1,1.0
1,1,1.0
1,1,1.0
1,1,1.0
1,1,1.0
1,1,1.0
1,1,0.9536139358940741
0,0,0.0
1,1,1.0
0,0,0.08982259358172508
1,1,1.0
1,1,1.0
1,1,1.0
1,1,1.0
0,0,0.0
0,0,0.0
1,1,1.0
1,1,1.0
1,1,1.0
0,0,0.0
1,1,0.9050497077507588
1,1,1.0
0,0,0.0
0,0,0.0
1,1,1.0
1,1,0.858641881308414
1,1,1.0
1,1,1.0
1,1,1.0
0,0,0.0
1,1,1.0
1,1,1.0
0,0,0.0
1,1,1.0
1,1,1.0
0,0,0.0
1,1,1.0
0,0,0.0
1,1,1.0
0,0,0.0
1,1,1.0
1,1,0.8571738147427771
0,0,0.0
1,1,1.0
0,0,0.0
1,1,1.0
0,0,0.0
0,0,0.0
1,1,0.9025042842043391
1,1,1.0
0,0,0.0
1,1,1.0
0,0,0.0
0,0,0.0
1,1,1.0
1,1,1.0
1,1,1.0
0,0,0.0
0,0,0.0
0,0,0.0
1,1,1.0
1,1,1.0
1,1,0.9046661144205206
1,1,1.0
1,1,1.0
0,0,0.0
1,1,1.0
1,1,0.9086385651171683
1,1,1.0
0,0,0.0
1,1,1.0
1,1,1.0
1,1,1.0
0,0,0.0
1,1,1.0
1,1,1.0
0,0,0.0
1,1,0.8626393675652301
0,0,0.0
0,0,0.0
1,1,1.0
1,1,1.0
1,1,1.0
1,1,0.8625239118896355
1,1,1.0
1,1,1.0
0,0,0.0
1,1,0.9092309660616589
1,1,1.0
0,0,0.0
0,0,0.0
1,1,1.0
0,0,0.0
1,1,1.0
1,1,1.0
1,1,0.9549226226836255
1,1,1.0
1,1,1.0
1,1,1.0
0,0,0.0
1,1,1.0
1,1,1.0
1,1,0.9532331373707099
1,1,1.0
0,0,0.0
0,0,0.0
0,0,0.19667644295174186
1,1,1.0
1,1,1.0
1,1,0.9065680946753043
0,0,0.0
1,1,1.0
0,0,0.0
1,1,1.0
1,1,1.0
1,1,1.0
0,0,0.0
0,0,0.0
1,1,0.9090405055810831
1,1,1.0
0,0,0.0
1,1,1.0
1,1,1.0
0,0,0.0
0,0,0.0
1,1,1.0
0,0,0.0
0,0,0.0
0,0,0.0
0,0,0.0
0,0,0.0
0,0,0.0
1,1,1.0
1,1,1.0
1,1,0.9537395817130321
0,0,0.0
0,0,0.0
1,1,1.0
1,1,0.8598687261386188
1,1,1.0
0,0,0.047400694015288
1,1,1.0
1,1,1.0
1,1,1.0
1,1,1.0
1,1,0.7615815870711728
0,0,0.0
1,1,1.0
0,0,0.0
1,1,0.9003819097152712
0,0,0.0
1,1,1.0
1,1,1.0
1,1,1.0
1,1,1.0
1,1,0.9525054789352676
0,0,0.4729948680084683
0,0,0.0
1,1,0.9554313212784131
1,1,1.0
1,1,1.0
0,0,0.14107622568352315
1,1,1.0
1,1,1.0
1,1,0.8664552844150073
1,1,1.0
1,1,1.0
0,0,0.0
0,0,0.0
1,1,1.0
0,0,0.0
1,1,1.0
0,0,0.0
1,1,1.0
0,0,0.0
0,0,0.18045523864453147
1,1,1.0
1,1,1.0
1,1,0.8588591020982803
0,0,0.0
0,0,0.0
1,1,1.0
0,0,0.0
1,1,0.9508810746494029
1,1,0.9550264312389083
1,1,1.0
1,1,1.0
0,0,0.0
0,0,0.42450141408032294
1,1,1.0
1,1,1.0
1,1,1.0
1,1,1.0
0,0,0.0
1,1,0.9542536376937355
1,1,1.0
1,1,0.9538302750666419
1,1,1.0
0,0,0.0
0,0,0.42448575394110394
0,0,0.0
0,0,0.0
1,1,1.0
1,1,1.0
1,1,1.0
1,1,0.9543454388578493
0,0,0.0
0,0,0.046183408548463964
1,1,1.0
1,1,1.0
1,1,0.9537724339370315
1,1,1.0
1,1,0.9544565057904894
0,0,0.0
1,1,1.0
1,1,1.0
1,1,1.0
1,1,0.9517602303896742
1,1,0.9067673784446493
1,1,1.0
0,0,0.0
1,1,1.0
1,1,1.0
0,0,0.0
0,0,0.0
0,0,0.09139370105156963
1,1,1.0
1,1,1.0
1,1,1.0
1,1,1.0
0,0,0.13776173801552777
1,1,1.0
0,0,0.0
1,1,1.0
1,1,1.0
1,1,1.0
1,1,0.9519173669474665
0,0,0.0
0,0,0.0
1,1,1.0
0,0,0.0
1,1,0.9040904540685795
0,0,0.0
1,1,1.0
1,1,1.0
1,1,0.9537217786798083
1,1,1.0
1,1,1.0
0,0,0.0
1,1,1.0
1,1,1.0
1,1,0.859927672489199
1,1,1.0
1,1,0.9529212807450582
1,1,1.0
1,1,0.9518884290005122
1,1,1.0
1,1,1.0
1,1,1.0
0,0,0.0
1,1,1.0
0,0,0.0
1,1,1.0
1,1,0.9069222564118362
1,1,1.0
0,0,0.0
1,1,1.0
1,1,1.0
1,1,1.0
1,1,1.0
1,1,1.0
1,1,1.0
1,1,1.0
1,1,1.0
0,0,0.0
1,1,1.0
1,1,1.0
1,1,1.0
1,1,1.0
1,1,1.0
1,1,0.9545959147810847
1,1,1.0
1,1,1.0
1,1,1.0
0,0,0.0
0,0,0.0
1,1,1.0
1,1,1.0
1,1,1.0
1,1,0.9542778547646202
0,0,0.0
1,1,1.0
0,0,0.0
1,1,1.0
0,0,0.0
0,0,0.0
1,1,1.0
1,1,1.0
1,1,1.0
1,1,1.0
1,1,1.0
1,1,1.0
0,0,0.0
1,1,0.9547886068711378
0,0,0.0
0,0,0.0
1,1,1.0
1,1,1.0
0,0,0.0
1,1,1.0
1,1,1.0
1,1,1.0
1,1,1.0
0,0,0.0
1,1,1.0
1,1,1.0
1,1,1.0
1,1,1.0
0,0,0.0
1,1,1.0
1,1,1.0
0,0,0.0
0,0,0.0
1,1,1.0
1,1,1.0
1,1,1.0
1,1,1.0
1,1,1.0
1,1,1.0
0,0,0.0
1,1,1.0
1,1,0.9532421711238461
1,1,1.0
1,1,1.0
1,1,1.0
1,1,1.0
1,1,1.0
1,1,1.0
1,1,0.9059524292792572
1,1,1.0
1,1,1.0
1,1,1.0
1,1,1.0
0,0,0.0
1,1,1.0
0,0,0.0
1,1,1.0
0,0,0.0
1,1,1.0
1,1,0.8579922763472508
0,0,0.0
1,1,0.761099007440774
0,0,0.0
1,1,1.0
1,1,1.0
0,0,0.0
1,1,1.0
1,1,1.0
0,0,0.0
1,1,1.0
1,1,1.0
1,1,1.0
1,1,1.0
0,0,0.04984168429792991
0,0,0.0
1,1,1.0
1,1,1.0
1,1,0.9545676434713389
1,1,1.0
1,1,0.953605365674183
0,0,0.0
0,0,0.0
1,1,1.0
0,0,0.0
0,0,0.0
0,0,0.09370493022439166
1,1,1.0
1,1,1.0
1,1,1.0
1,1,1.0
1,1,1.0
0,0,0.0
1,1,1.0
1,1,0.9550555977904372
0,0,0.09348942749201888
1,1,1.0
0,0,0.0
1,1,1.0
1,1,0.8098941481884937
1,1,1.0
0,0,0.0
0,0,0.0
0,0,0.0
1,1,1.0
1,1,1.0
1,1,1.0
1,1,1.0
1,1,1.0
0,0,0.0
1,1,1.0
1,1,1.0
0,0,0.0
0,0,0.0
1,1,1.0
0,0,0.0
1,1,1.0
1,1,1.0
0,0,0.0
0,0,0.0
1,1,1.0
0,0,0.0
0,0,0.0
1,1,1.0
0,0,0.0
1,1,1.0
1,1,1.0
0,0,0.08732749927956833
1,1,1.0
1,1,1.0
1,1,1.0
1,1,1.0
0,0,0.0
1,1,1.0
1,1,1.0
1,1,0.8018900323600697
1,1,1.0
1,1,1.0
1,1,1.0
0,0,0.0
1,1,0.9066057731858596
1,1,0.9073278778559394
1,1,1.0
1,1,1.0
1,1,1.0
0,0,0.32406373301062574
0,0,0.0
1,1,1.0
1,1,1.0
1,1,1.0
0,0,0.0
1,1,1.0
1,1,1.0
1,1,1.0
0,0,0.0
1,1,1.0
1,1,1.0
1,1,1.0
0,0,0.0
1,1,1.0
0,0,0.0
1,1,1.0
0,0,0.0
0,0,0.0
1,1,1.0
1,1,1.0
1,1,1.0
1,1,1.0
1,1,1.0
1,1,1.0
1,1,1.0
0,0,0.0
0,0,0.04591280526392088
1,1,1.0
1,1,1.0
1,1,1.0
0,0,0.0
0,0,0.0
1,1,1.0
0,0,0.0
1,1,1.0
1,1,1.0
1,1,1.0
0,0,0.0
0,0,0.0
1,1,1.0
0,0,0.0
1,1,1.0
1,1,1.0
0,0,0.0
1,1,1.0
1,1,1.0
1,1,1.0
1,1,1.0
0,0,0.0
1,1,1.0
1,1,0.8606129567328341
1,1,1.0
1,1,1.0
0,0,0.0
1,1,1.0
1,1,0.9034054588118293
1,1,1.0
0,0,0.0
1,1,1.0
1,1,1.0
1,1,1.0
1,1,1.0
1,1,1.0
0,0,0.0
1,1,0.9068579357038941
1,1,1.0
1,1,1.0
0,0,0.0
0,0,0.0
1,1,1.0
1,1,1.0
1,1,1.0
0,0,0.0
1,1,1.0
1,1,1.0
1,1,1.0
1,1,1.0
0,0,0.0
1,1,1.0
0,0,0.0
0,0,0.0
0,0,0.0
1,1,1.0
1,1,1.0
0,0,0.0
0,0,0.0
1,1,1.0
1,1,1.0
1,1,1.0
0,0,0.0
0,0,0.0
0,0,0.24031264408707043
0,0,0.0
1,1,1.0
1,1,1.0
1,1,1.0
1,1,1.0
1,1,1.0
0,0,0.0
0,0,0.0
1,1,1.0
1,1,1.0
0,0,0.0
1,1,0.9534794311689571
1,1,1.0
1,1,1.0
1,1,1.0
0,0,0.0
1,1,1.0
0,0,0.0
0,0,0.0
0,0,0.0
1,1,1.0
1,1,1.0
1,1,1.0
0,0,0.0
0,0,0.0
1,1,1.0
1,1,1.0
1,1,1.0
0,0,0.0
1,1,0.9537069491082201
0,0,0.0
0,0,0.0
1,1,1.0
1,1,1.0
0,0,0.0
0,0,0.0
1,1,1.0
1,1,0.950061816873191
0,0,0.0
1,1,1.0
0,0,0.0
0,0,0.0
1,1,1.0
1,1,1.0
0,0,0.0
1,1,1.0
1,1,1.0
1,1,1.0
1,1,1.0
0,0,0.0
1,1,1.0
1,1,0.9558186265780577
1,1,1.0
0,0,0.0
1,1,1.0
1,1,1.0
1,1,1.0
0,0,0.0
0,0,0.0
1,1,1.0
1,1,0.9547480125246665
0,0,0.0
1,1,1.0
1,1,1.0
1,1,1.0
1,1,1.0
0,0,0.0
0,0,0.0
1,1,1.0
0,0,0.0
1,1,1.0
1,1,1.0
0,0,0.0
1,1,1.0
0,0,0.0
0,0,0.0
0,0,0.0
0,0,0.0
1,1,1.0
0,0,0.0
1,1,1.0
0,0,0.0
0,0,0.0
1,1,1.0
1,1,1.0
0,0,0.0
1,1,1.0
1,1,1.0
0,0,0.0
1,1,1.0
1,1,1.0
1,1,1.0
1,1,0.9548553248612748
0,0,0.0
1,1,1.0
0,0,0.0
1,1,1.0
1,1,1.0
1,1,1.0
1,1,1.0
1,1,1.0
0,0,0.0
1,1,1.0
0,0,0.0
1,1,1.0
0,0,0.280395113224774
0,0,0.0
1,1,1.0
1,1,1.0
0,0,0.0
1,1,1.0
1,1,1.0
0,0,0.0
0,0,0.0
1,1,1.0
1,1,1.0
1,1,1.0
0,0,0.0
1,1,0.9543512571734329
0,0,0.0
1,1,1.0
1,1,0.9539904690437128
1,1,0.9520739421267048
1,1,1.0
1,1,1.0
1,1,1.0
1,1,0.8651218405590665
1,1,1.0
1,1,1.0
1,1,1.0
0,0,0.0
0,0,0.0
0,0,0.04474395747929058
0,0,0.0
1,1,1.0
1,1,1.0
1,1,1.0
1,1,1.0
0,0,0.08908995166641043
1,1,1.0
1,1,1.0
0,0,0.0
1,1,0.9542595165765968
1,1,1.0
0,0,0.0
0,0,0.0
0,0,0.0
1,1,1.0
0,0,0.0
1,1,1.0
0,0,0.0
1,1,1.0
1,1,1.0
0,0,0.0
0,0,0.0
1,1,1.0
0,0,0.2310321704729798
1,1,1.0
0,0,0.0
1,1,0.9534147087922905
1,1,0.8957087188010245
0,0,0.0
1,1,1.0
0,0,0.0
0,0,0.0
0,0,0.0
1,1,1.0
0,0,0.0
1,1,1.0
1,1,0.9073779398170442
1,1,1.0
1,1,1.0
0,0,0.0
1,1,1.0
0,0,0.0
1,1,1.0
0,0,0.0
1,1,0.8554411564103994
0,0,0.0
0,0,0.0
1,1,1.0
1,1,1.0
0,0,0.0
1,1,1.0
1,1,1.0
0,0,0.0
1,1,0.9087688094227448
1,1,1.0
1,1,1.0
1,1,1.0
1,1,1.0
0,0,0.0
0,0,0.0
0,0,0.0
1,1,1.0
1,1,1.0
0,0,0.0
0,0,0.0
0,0,0.0
1,1,0.9536871183570671
1,1,0.955496024012828
0,0,0.0
0,0,0.0
1,1,1.0
1,1,1.0
0,0,0.0
1,1,1.0
0,0,0.04533776162079141
1,1,1.0
1,1,1.0
1,1,1.0
1,1,1.0
1,1,1.0
0,0,0.0
1,1,1.0
0,0,0.0
1,1,1.0
0,0,0.0
1,1,1.0
1,1,1.0
1,1,0.8615779216222085
0,0,0.18716206901608198
0,0,0.0
1,1,0.9542748169055879
0,0,0.19374841000543916
1,1,1.0
1,1,1.0
1,1,0.954175808088208
1,1,1.0
1,1,1.0
1,1,1.0
0,0,0.0
0,0,0.0
0,0,0.0
0,0,0.0
0,0,0.0479544930790376
0,0,0.23031318046513524
1,1,1.0
1,1,1.0
0,0,0.0
1,1,1.0
1,1,0.9537868066651538
1,1,1.0
0,0,0.0
1,1,0.8629697418856994
0,0,0.0
1,1,1.0
1,1,1.0
1,1,0.954366962788921
0,0,0.0
1,1,0.9520861746386525
1,1,1.0
1,1,1.0
1,1,1.0
1,1,1.0
0,0,0.04827496542325149
0,0,0.0
1,1,0.9043682328549828
1,1,1.0
1,1,1.0
0,0,0.05673440310789234
0,0,0.0
0,0,0.0
1,1,1.0
1,1,1.0
0,0,0.0
1,1,0.9090876807540287
1,1,1.0
0,0,0.0
1,1,1.0
0,0,0.0
1,1,1.0
1,1,1.0
0,0,0.0
0,0,0.0
0,0,0.23750708334515538
1,1,0.9093643709475812
0,0,0.18545553221690436
1,1,1.0
1,1,1.0
1,1,1.0
1,1,1.0
1,1,1.0
1,1,1.0
0,0,0.0
1,1,1.0
1,1,0.9542070800689411
0,0,0.0
1,1,1.0
1,1,1.0
0,0,0.0
0,0,0.0
1,1,1.0
1,1,1.0
0,0,0.0
1,1,1.0
0,0,0.0
1,1,1.0
1,1,1.0
0,0,0.0
1,1,1.0
0,0,0.0
0,0,0.0
1,1,1.0
0,0,0.0463900811284719
0,0,0.0
0,0,0.0
0,0,0.0
1,1,1.0
0,0,0.0
1,1,1.0
1,1,1.0
1,1,1.0
1,1,1.0
0,0,0.0
1,1,1.0
0,0,0.0
1,1,1.0
0,0,0.0
1,1,1.0
0,0,0.0
1,1,1.0
1,1,1.0
0,0,0.0
1,1,1.0
1,1,1.0
1,1,1.0
1,1,1.0
0,0,0.0
1,1,1.0
0,0,0.0
0,0,0.0
0,0,0.0
0,0,0.0
1,1,1.0
1,1,1.0
1,1,1.0
1,1,1.0
1,1,1.0
0,0,0.0
1,1,1.0
1,1,1.0
1,1,1.0
0,0,0.0
0,0,0.0
1,1,1.0
1,1,1.0
0,0,0.0
1,1,1.0
0,0,0.27693810968008054
1,1,1.0
0,0,0.0
1,1,1.0
0,0,0.0
0,0,0.0
0,0,0.0
1,1,1.0
1,1,1.0
0,0,0.0
1,1,1.0
0,0,0.0
1,1,1.0
1,1,1.0
0,0,0.0
1,1,1.0
0,0,0.0
0,0,0.0
1,1,1.0
1,1,1.0
0,0,0.0
0,0,0.0
0,0,0.0
0,0,0.0
1,1,0.6662631792335301
0,0,0.04490991384884236
0,0,0.1882792451186587
0,0,0.0
1,1,1.0
0,0,0.0864583647142982
0,0,0.0
0,0,0.0
1,1,1.0
0,0,0.0
1,1,1.0
1,1,0.952743901372816
0,0,0.0
0,0,0.0
0,0,0.14074653511547017
1,1,1.0
0,0,0.0
1,1,1.0
1,1,0.7720838201234698
0,0,0.0
1,1,1.0
0,0,0.0
0,0,0.0
1,1,1.0
1,1,1.0
0,0,0.0
0,0,0.0
1,1,1.0
1,1,0.952770918197789
1,1,1.0
0,0,0.0916922549180644
1,1,1.0
0,0,0.0
1,1,1.0
1,1,1.0
1,1,1.0
0,0,0.0
1,1,0.9025750289437964
0,0,0.13347689523126338
1,1,1.0
1,1,1.0
0,0,0.0
1,1,1.0
0,0,0.0
0,0,0.0
0,0,0.0
1,1,1.0
1,1,1.0
1,1,1.0
1,1,1.0
0,0,0.0
0,0,0.09062841406595186
0,0,0.0
1,1,1.0
1,1,1.0
1,1,1.0
1,1,0.9024803903690853
0,0,0.0
1,1,0.9534316463723609
1,1,1.0
1,1,1.0
1,1,1.0
1,1,1.0
0,0,0.0
0,0,0.0
0,0,0.0
1,1,0.9551697647919573
1,1,1.0
1,1,1.0
0,0,0.0
1,1,1.0
0,0,0.0
0,0,0.0
1,1,1.0
1,1,1.0
0,0,0.0
1,1,1.0
1,1,1.0
0,0,0.0
1,1,1.0
1,1,1.0
0,0,0.0
1,1,0.9082177860212776
1,1,1.0
1,1,1.0
1,1,1.0
1,1,1.0
1,1,1.0
0,0,0.0
1,1,1.0
1,1,1.0
0,0,0.0
0,0,0.0
1,1,1.0
1,1,1.0
1,1,1.0
0,0,0.0
1,1,0.9038331911341825
1,1,1.0
1,1,0.9523903388643921
1,1,1.0
1,1,1.0
0,0,0.041945557988250164
1,1,1.0
1,1,0.8183140477288374
1,1,1.0
1,1,1.0
1,1,1.0
1,1,1.0
0,0,0.04478804190724766
1,1,1.0
1,1,1.0
1,1,1.0
1,1,1.0
0,0,0.0
0,0,0.0
0,0,0.0
1,1,1.0
1,1,1.0
1,1,1.0
1,1,1.0
1,1,1.0
1,1,1.0
1,1,1.0
1,1,1.0
1,1,1.0
1,1,1.0
1,1,1.0
1,1,1.0
1,1,1.0
1,1,1.0
1,1,1.0
1,1,1.0
1,1,0.9082346839762241
0,0,0.0
1,1,1.0
1,1,1.0
1,1,1.0
1,1,1.0
1,1,1.0
0,0,0.0
1,1,1.0
0,0,0.0
0,0,0.0
1,1,1.0
0,0,0.0
1,1,1.0
0,0,0.0
1,1,1.0
1,1,1.0
0,0,0.0
1,1,1.0
1,1,1.0
0,0,0.0
0,0,0.0
1,1,1.0
1,1,0.9543408393600226
1,1,0.9064071219869753
1,1,1.0
1,1,1.0
1,1,0.9518966815582371
1,1,1.0
1,1,1.0
0,0,0.0
1,1,1.0
1,1,1.0
1,1,1.0
1,1,0.8585924117365465
0,0,0.0
0,0,0.0
0,0,0.0
1,1,1.0
0,0,0.0
0,0,0.0
1,1,1.0
1,1,1.0
0,0,0.0
1,1,0.9534233514521883
0,0,0.0
1,1,1.0
1,1,1.0
1,1,1.0
1,1,1.0
0,0,0.0
1,1,1.0
0,0,0.0
1,1,1.0
1,1,1.0
1,1,1.0
0,0,0.0
0,0,0.0
0,0,0.0
0,0,0.0
0,0,0.0
1,1,1.0
1,1,1.0
1,1,1.0
1,1,1.0
1,1,1.0
0,0,0.0
0,0,0.0
1,1,0.9059294803280599
0,0,0.0
0,0,0.0
0,0,0.0
0,0,0.0
1,1,1.0
1,1,1.0
0,0,0.0
0,0,0.0
0,0,0.0
1,1,1.0
1,1,1.0
1,1,1.0
0,0,0.0
1,1,1.0
1,1,1.0
0,0,0.0
0,0,0.0
0,0,0.0
1,1,1.0
1,1,1.0
1,1,0.9540785605821117
1,1,1.0
0,0,0.0
1,1,1.0
0,0,0.0
0,0,0.0
1,1,1.0
0,0,0.0
1,1,1.0
0,0,0.0
1,1,1.0
0,0,0.0
1,1,1.0
1,1,1.0
1,1,1.0
1,1,1.0
1,1,1.0
0,0,0.0
1,1,0.9531036855319355
1,1,1.0
0,0,0.0
1,1,1.0
0,0,0.0
1,1,1.0
1,1,1.0
0,0,0.0
1,1,0.8618177850354485
0,0,0.0
0,0,0.0
1,1,1.0
0,0,0.0
1,1,1.0
0,0,0.0
1,1,1.0
1,1,1.0
0,0,0.0
0,0,0.0
1,1,1.0
1,1,1.0
1,1,1.0
1,1,0.954244237254765
1,1,1.0
0,0,0.0
0,0,0.09068491816729762
0,0,0.0
1,1,1.0
1,1,0.8640027761133064
0,0,0.0
1,1,1.0
1,1,0.8160633457638822
0,0,0.14073967601596676
0,0,0.0
1,1,1.0
0,0,0.0
1,1,1.0
0,0,0.0
1,1,1.0
0,0,0.0
0,0,0.0
1,1,1.0
1,1,1.0
1,1,1.0
1,1,1.0
1,1,1.0
1,1,1.0
0,0,0.08909171965687003
1,1,1.0
0,0,0.0
1,1,1.0
0,0,0.0
0,0,0.0
0,0,0.0
0,0,0.0
1,1,0.9542615499315954
1,1,1.0
1,1,0.9529332822455303
0,0,0.287826455756209
0,0,0.0
0,0,0.0
1,1,1.0
0,0,0.0
0,0,0.0
0,0,0.0
1,1,1.0
0,0,0.0
0,0,0.0
1,1,1.0
0,0,0.0
0,1,0.5227788485577269
1,1,0.860058198445223
0,0,0.0
1,1,1.0
0,0,0.0
0,0,0.0
1,1,1.0
0,0,0.0
1,1,1.0
0,0,0.0
1,1,1.0
0,0,0.0
1,1,1.0
1,1,1.0
0,0,0.0
1,1,1.0
1,1,1.0
0,0,0.0
0,0,0.0
1,1,1.0
0,0,0.0
0,0,0.2293757121245327
1,1,0.950830196922232
1,1,1.0
0,0,0.0
1,1,1.0
0,0,0.0
1,1,1.0
0,0,0.0
1,1,0.6689445068649875
1,1,1.0
1,1,1.0
0,0,0.0
0,0,0.0
1,1,1.0
0,0,0.0
1,1,1.0
0,0,0.0
1,1,1.0
0,0,0.0
1,1,1.0
0,0,0.0
1,1,1.0
1,1,1.0
1,1,1.0
1,1,1.0
1,1,1.0
1,1,1.0
1,1,1.0
0,0,0.0
0,0,0.0
0,0,0.0
0,0,0.0
1,1,1.0
1,1,1.0
1,1,1.0
0,0,0.0
1,1,1.0
0,0,0.0
1,1,1.0
1,1,1.0
1,1,1.0
0,0,0.0
1,1,1.0
0,0,0.0
0,0,0.0
1,1,1.0
1,1,1.0
1,1,0.9545309764251455
1,1,1.0
1,1,1.0
0,0,0.0
1,1,1.0
0,0,0.0
1,1,0.9545325159849458
0,0,0.0
1,1,1.0
1,1,1.0
0,0,0.0
0,0,0.0
1,1,1.0
1,1,0.8601073746481059
1,1,1.0
1,1,1.0
1,1,1.0
1,1,1.0
1,1,1.0
1,1,1.0
0,0,0.0
0,0,0.0
0,0,0.0
1,1,1.0
1,1,1.0
1,1,1.0
1,1,1.0
1,1,0.8610921506666294
1,1,1.0
0,0,0.0
1,1,1.0
1,1,0.9533582682452577
0,0,0.0
0,0,0.0
1,1,1.0
0,0,0.14064255606860154
1,1,1.0
1,1,1.0
0,0,0.0
0,0,0.09162268215828533
1,1,1.0
1,1,1.0
0,0,0.0
1,1,1.0
0,0,0.0
1,1,1.0
1,1,1.0
1,1,1.0
0,0,0.0
0,0,0.0
1,1,1.0
0,0,0.0
1,1,1.0
1,1,1.0
1,1,1.0
0,0,0.18887884645455447
0,0,0.0
1,1,1.0
1,1,1.0
0,0,0.0
1,1,1.0
0,0,0.0
1,1,1.0
1,1,1.0
1,1,1.0
0,0,0.0
1,1,1.0
1,1,1.0
0,0,0.0
1,1,1.0
1,1,1.0
0,0,0.0
1,1,1.0
1,1,1.0
1,1,1.0
0,0,0.0
1,1,1.0
1,1,0.9060972537766918
0,0,0.0
0,0,0.0
0,0,0.0
1,1,1.0
1,1,1.0
1,1,1.0
1,1,1.0
0,0,0.0
1,1,1.0
1,1,1.0
0,0,0.0
0,0,0.0
1,1,1.0
0,0,0.0
1,1,1.0
1,1,1.0
1,1,1.0
1,1,1.0
1,1,1.0
0,0,0.1837282046655174
1,1,1.0
1,1,1.0
0,0,0.0
1,1,0.9545805072172359
1,1,1.0
0,0,0.0
1,1,1.0
0,0,0.0
0,0,0.0
1,1,1.0
0,0,0.0
1,1,1.0
1,1,1.0
0,0,0.0
1,1,0.9526987396076458
1,1,1.0
0,0,0.0
0,0,0.0
1,1,1.0
1,1,1.0
1,1,1.0
1,1,1.0
1,1,1.0
0,0,0.0
1,1,1.0
1,1,1.0
1,1,1.0
1,1,0.8137887692476061
1,1,1.0
1,1,1.0
0,0,0.0
1,1,1.0
1,1,1.0
0,0,0.0
1,1,1.0
1,1,1.0
1,1,0.9536228822407328
1,1,1.0
0,0,0.04631620185307491
1,1,1.0
1,1,1.0
1,1,1.0
0,0,0.0
1,1,1.0
1,1,1.0
0,0,0.0
0,0,0.0
1,1,1.0
0,0,0.0
1,1,1.0
1,1,1.0
1,1,0.9048215241893408
0,0,0.0
1,1,1.0
1,1,1.0
0,0,0.0
0,0,0.0
0,0,0.0
0,0,0.0
1,1,0.9527131816456471
1,1,1.0
0,0,0.0
1,1,0.9546917319455587
1,1,1.0
1,1,1.0
0,0,0.0
0,0,0.0
1,1,1.0
0,0,0.04521471033688324
0,0,0.0
1,1,1.0
0,0,0.0
0,0,0.0
1,1,1.0
1,1,1.0
0,0,0.0
1,1,1.0
1,1,0.9521675964090933
1,1,1.0
0,0,0.0
1,1,0.8135622567590354
0,0,0.0
1,1,0.9527489621213446
1,1,1.0
0,0,0.0
1,1,1.0
0,0,0.0
1,1,1.0
1,1,1.0
1,1,1.0
0,0,0.0
0,0,0.0
1,1,1.0
1,1,1.0
1,1,1.0
1,1,1.0
1,1,1.0
0,0,0.0
0,0,0.0
0,0,0.0
1,1,1.0
1,1,1.0
1,1,1.0
1,1,1.0
0,0,0.0
1,1,1.0
0,0,0.0
0,0,0.0
0,0,0.0
0,0,0.0
0,0,0.0
1,1,1.0
0,0,0.0
0,0,0.0
0,0,0.0
1,1,1.0
1,1,1.0
0,0,0.0
1,1,1.0
0,0,0.0
0,0,0.0
1,1,1.0
1,1,1.0
0,0,0.0
1,1,1.0
1,1,1.0
1,1,1.0
0,0,0.0
1,1,1.0
0,0,0.0
1,1,1.0
0,0,0.0
1,1,1.0
1,1,1.0
0,0,0.0
1,1,0.9057794616210078
0,0,0.0
1,1,1.0
1,1,1.0
0,0,0.18017652093617306
1,1,1.0
1,1,1.0
0,0,0.0
1,1,1.0
1,1,1.0
0,0,0.0
1,1,1.0
1,1,1.0
1,1,1.0
0,0,0.0
0,0,0.0
1,1,1.0
1,1,1.0
1,1,0.8066934360825976
1,1,1.0
1,1,1.0
0,0,0.0
1,1,1.0
0,0,0.0
1,1,1.0
1,1,1.0
1,1,1.0
1,1,1.0
1,1,1.0
1,1,1.0
1,1,1.0
0,0,0.0
0,0,0.047304029253819414
1,1,1.0
0,0,0.0
1,1,1.0
1,1,1.0
1,1,1.0
0,0,0.0
0,0,0.0
1,1,1.0
0,0,0.0
1,1,1.0
0,0,0.0
0,0,0.0
0,0,0.0
1,1,1.0
0,0,0.0
1,1,1.0
1,1,1.0
1,1,1.0
1,1,0.9546785395805356
0,0,0.0
0,0,0.0
1,1,1.0
0,0,0.0
1,1,0.9511663134335292
1,1,1.0
0,0,0.0
0,0,0.2308395578302958
1,1,1.0
0,0,0.0
1,1,1.0
1,1,1.0
1,1,1.0
1,1,1.0
1,1,1.0
1,1,1.0
0,0,0.0
0,0,0.0
0,0,0.0
1,1,1.0
1,1,1.0
1,1,1.0
1,1,1.0
1,1,1.0
1,1,1.0
0,0,0.0
1,1,1.0
0,0,0.0
1,1,1.0
1,1,1.0
1,1,1.0
1,1,1.0
0,0,0.0
1,1,1.0
1,1,1.0
1,1,1.0
1,1,1.0
1,1,1.0
0,0,0.04674274101732533
1,1,1.0
1,1,1.0
1,1,1.0
0,0,0.0
1,1,1.0
1,1,1.0
0,0,0.0
1,1,1.0
1,1,1.0
0,0,0.0
1,1,1.0
0,0,0.0
0,0,0.0
1,1,1.0
0,0,0.0
0,0,0.0
1,1,0.8594058558033898
1,1,1.0
0,0,0.0
1,1,1.0
1,1,1.0
1,1,1.0
1,1,1.0
1,1,1.0
1,1,1.0
0,0,0.0
1,1,1.0
0,0,0.0
1,1,1.0
1,1,0.9529536660539906
1,1,1.0
0,0,0.0
0,0,0.0
1,1,1.0
1,1,1.0
1,1,1.0
1,1,1.0
1,1,1.0
1,1,1.0
1,1,1.0
1,1,1.0
0,0,0.0
0,0,0.0
1,1,1.0
0,0,0.13846769432339825
0,0,0.0
0,0,0.0
1,1,1.0
0,0,0.13981945501553925
1,1,1.0
1,1,1.0
1,1,0.9053868330655245
1,1,1.0
1,1,1.0
1,1,1.0
1,1,1.0
0,0,0.04313662190612408
0,0,0.0
1,1,1.0
1,1,1.0
1,1,1.0
1,1,1.0
0,0,0.0
1,1,1.0
1,1,1.0
0,0,0.0
1,1,1.0
0,0,0.0
1,1,1.0
1,1,1.0
1,1,1.0
0,0,0.0
1,1,1.0
0,0,0.0
1,1,1.0
1,1,0.9522552414296979
1,1,1.0
1,1,1.0
1,1,1.0
0,0,0.0
1,1,0.9517172948337462
0,0,0.0
0,0,0.0
0,0,0.0
1,1,1.0
0,0,0.0
1,1,1.0
1,1,1.0
0,0,0.0
0,0,0.0
0,0,0.09330509658185289
1,1,1.0
0,0,0.0
1,1,0.9530237418238483
1,1,1.0
1,1,1.0
1,1,0.9548814327504195
1,1,0.9013923137340845
0,0,0.0
0,0,0.0
0,0,0.0
0,0,0.0
1,1,1.0
1,1,1.0
1,1,0.9536519034643344
1,1,1.0
1,1,1.0
0,0,0.0
1,1,1.0
1,1,1.0
1,1,1.0
1,1,1.0
1,1,1.0
1,1,1.0
1,1,0.9091385497939073
1,1,1.0
1,1,1.0
1,1,1.0
1,1,1.0
0,0,0.0
1,1,1.0
0,0,0.0
1,1,1.0
1,1,1.0
1,1,0.9072449111945776
0,0,0.0
0,0,0.0
0,0,0.0
1,1,1.0
0,0,0.0
1,1,1.0
1,1,0.9551971499401516
1,1,1.0
1,1,1.0
1,1,1.0
0,0,0.0
0,0,0.0
1,1,1.0
1,1,1.0
1,1,1.0
1,1,1.0
0,0,0.0
0,0,0.0
0,0,0.0
0,0,0.0
0,0,0.0
1,1,1.0
1,1,1.0
1,1,1.0
1,1,1.0
1,1,1.0
1,1,0.8635523460796641
1,1,1.0
0,0,0.0
1,1,1.0
0,0,0.0
1,1,1.0
1,1,1.0
1,1,1.0
1,1,1.0
0,0,0.0
0,0,0.0
1,1,1.0
1,1,1.0
0,0,0.0
1,1,1.0
1,1,1.0
1,1,1.0
1,1,1.0
1,1,1.0
1,1,1.0
1,1,0.9555196453070249
1,1,1.0
1,1,1.0
1,1,1.0
0,0,0.0
1,1,1.0
1,1,1.0
1,1,1.0
1,1,1.0
1,1,1.0
1,1,1.0
1,1,1.0
1,1,1.0
1,1,1.0
1,1,1.0
1,1,1.0
1,1,1.0
1,1,1.0
0,0,0.0
0,0,0.0
0,0,0.0
1,1,1.0
1,1,1.0
1,1,1.0
1,1,1.0
0,0,0.18092343389657067
1,1,1.0
1,1,1.0
1,1,1.0
1,1,1.0
0,0,0.0
0,0,0.0
1,1,1.0
1,1,1.0
1,1,0.9045941046184025
1,1,1.0
1,1,1.0
0,0,0.0
1,1,1.0
0,0,0.0
0,0,0.0
1,1,1.0
0,0,0.0
1,1,1.0
1,1,1.0
1,1,0.9060067778469751
0,0,0.0
1,1,1.0
1,1,1.0
1,1,1.0
0,0,0.0
0,0,0.0
1,1,1.0
0,0,0.0
1,1,1.0
1,1,0.9524905553004679
0,0,0.04769715117542723
1,1,1.0
0,0,0.0
1,1,0.9107614374524196
1,1,1.0
0,0,0.0
1,1,1.0
0,0,0.0
1,1,1.0
1,1,1.0
0,0,0.0
1,1,1.0
1,1,0.9547574267904356
0,0,0.09808865731352531
0,0,0.0
1,1,1.0
0,0,0.0
1,1,1.0
0,0,0.0920629023616732
1,1,1.0
0,0,0.0
1,1,1.0
0,0,0.0
1,1,1.0
0,0,0.28128221964089756
1,1,1.0
1,1,1.0
1,1,0.9532641434383916
1,1,1.0
1,1,1.0
0,0,0.0
0,0,0.09342461336615128
1,1,1.0
0,0,0.0
1,1,1.0
1,1,1.0
1,1,1.0
0,0,0.0
1,1,0.9536780116380091
0,0,0.0
1,1,1.0
0,0,0.0
1,1,1.0
0,0,0.0
0,0,0.0
1,1,1.0
1,1,1.0
1,1,0.8126897335060148
1,1,1.0
1,1,1.0
0,0,0.0
1,1,1.0
1,1,1.0
0,0,0.0
0,0,0.33060814322279924
1,1,1.0
0,0,0.0
1,1,1.0
0,0,0.0
0,0,0.0
0,0,0.0
1,1,1.0
1,1,1.0
0,0,0.0
0,0,0.0
1,1,0.9538117621122315
1,1,1.0
0,0,0.0
1,1,0.9502682699434937
1,1,1.0
1,1,1.0
1,1,0.7631452071455284
0,0,0.0
0,0,0.0
0,0,0.0
1,1,1.0
0,0,0.0
0,0,0.0
0,0,0.0
1,1,1.0
1,1,1.0
1,1,1.0
1,1,0.9549508034003972
1,1,1.0
1,1,1.0
1,1,1.0
0,0,0.0
1,1,1.0
0,0,0.0
1,1,0.9045080058206953
1,1,1.0
1,1,1.0
0,0,0.0
0,0,0.045982807276661423
0,0,0.0
1,1,1.0
1,1,1.0
1,1,0.95404563997511
1,1,1.0
0,0,0.0
0,0,0.0
1,1,1.0
1,1,1.0
1,1,1.0
0,0,0.0
1,1,1.0
0,0,0.0
1,1,1.0
1,1,0.9550281044936167
1,1,1.0
0,0,0.0
1,1,1.0
0,0,0.0
0,0,0.0
1,1,1.0
1,1,1.0
0,0,0.0
1,1,1.0
1,1,1.0
1,1,1.0
0,0,0.0
1,1,1.0
1,1,1.0
0,0,0.13542656433052289
0,0,0.09478780701444112
0,0,0.0
1,1,1.0
0,0,0.0
1,1,1.0
1,1,1.0
1,1,1.0
0,0,0.0
0,0,0.0
1,1,1.0
0,0,0.0
0,0,0.0
0,0,0.0
1,1,1.0
1,1,1.0
1,1,1.0
1,1,0.9512120745004372
0,0,0.0
1,1,1.0
1,1,1.0
1,1,1.0
1,1,1.0
0,0,0.0
0,0,0.0
1,1,1.0
1,1,1.0
1,1,1.0
1,1,1.0
1,1,1.0
1,1,1.0
0,0,0.0
1,1,0.955696912701455
0,0,0.04686532082138525
1,1,1.0
1,1,1.0
0,0,0.0
0,0,0.13309710512963568
1,1,1.0
1,1,1.0
0,0,0.0
0,0,0.0
0,0,0.0
1,1,1.0
0,0,0.0
1,1,1.0
1,1,1.0
0,0,0.0
1,1,1.0
1,1,1.0
1,1,1.0
1,1,1.0
0,0,0.0
0,0,0.0
1,1,1.0
1,1,0.908171503109247
1,1,0.9539139341069186
1,1,1.0
0,0,0.0
1,1,1.0
1,1,1.0
1,1,1.0
0,0,0.0
1,1,1.0
1,1,0.9539862607171791
1,1,1.0
0,0,0.0
1,1,1.0
1,1,1.0
0,0,0.0
1,1,1.0
0,0,0.0
1,1,1.0
1,1,1.0
0,0,0.0
1,1,1.0
1,1,1.0
0,0,0.0
1,1,1.0
1,1,1.0
1,1,0.9546874320930588
0,0,0.0
1,1,1.0
0,0,0.0
0,0,0.04363795047931275
0,0,0.0
0,0,0.0
1,1,1.0
1,1,1.0
0,0,0.0
0,0,0.0
0,0,0.0
0,0,0.0
1,1,1.0
0,0,0.0
1,1,1.0
1,1,1.0
1,1,1.0
0,0,0.0
1,1,0.7194841635645866
1,1,1.0
1,1,0.9548097302473793
0,0,0.0
1,1,0.9535525988199994
1,1,0.9079971855062201
1,1,1.0
0,0,0.0
1,1,1.0
1,1,1.0
1,1,1.0
1,1,0.9073681148353165
1,1,0.9527346871062867
1,1,1.0
1,1,0.9535928392213099
1,1,1.0
0,0,0.0
0,0,0.0
0,0,0.0
1,1,1.0
0,0,0.0
1,1,1.0
1,1,1.0
0,0,0.0
1,1,1.0
1,1,1.0
0,0,0.0
0,0,0.0
1,1,1.0
1,1,1.0
0,0,0.0
0,0,0.0
0,0,0.09129444192509997
0,0,0.0
0,0,0.0
1,1,1.0
0,0,0.0
1,1,1.0
1,1,1.0
1,1,0.8152879734506121
0,0,0.0
0,0,0.0
1,1,1.0
0,0,0.0
0,0,0.0
1,1,1.0
1,1,1.0
1,1,0.9062958195617411
0,0,0.0
0,0,0.0
1,1,1.0
1,1,1.0
1,1,1.0
1,1,1.0
1,1,0.9529680456005173
0,0,0.2742535177043507
1,1,0.9539255026972847
1,1,1.0
1,1,1.0
1,1,0.9119951950392544
1,1,1.0
1,1,1.0
1,1,1.0
1,1,1.0
0,0,0.0
1,1,1.0
0,0,0.0
1,1,1.0
1,1,0.9531062007840545
0,0,0.0
0,0,0.0
1,1,1.0
1,1,1.0
1,1,1.0
0,0,0.0
1,1,1.0
1,1,1.0
1,1,1.0
0,0,0.0
1,1,1.0
0,0,0.0
0,0,0.0
0,0,0.0
1,1,1.0
0,0,0.0
0,0,0.0
1,1,1.0
0,0,0.0
1,1,1.0
1,1,0.9124330384529671
0,0,0.0
0,0,0.0
1,1,1.0
1,1,1.0
1,1,1.0
0,0,0.0
1,1,1.0
0,0,0.0
1,1,0.9543145712607616
0,0,0.0
1,1,0.9540827280679706
1,1,1.0
0,0,0.0
0,0,0.0
0,0,0.0
1,1,1.0
1,1,1.0
1,1,1.0
1,1,1.0
1,1,1.0
0,0,0.0
1,1,0.9087464754962761
1,1,1.0
1,1,1.0
0,0,0.0
0,0,0.0
0,0,0.0
1,1,1.0
0,0,0.0
0,0,0.0
0,0,0.0
1,1,1.0
0,0,0.0
1,1,0.9525071415683347
1,1,1.0
1,1,1.0
1,1,1.0
1,1,0.9561926830724616
1,1,1.0
1,1,0.8645371383671119
1,1,1.0
1,1,1.0
1,1,1.0
1,1,1.0
1,1,1.0
1,1,1.0
1,1,1.0
1,1,1.0
0,0,0.0
0,0,0.0
1,1,1.0
1,1,1.0
0,0,0.0
0,0,0.0
0,0,0.04612993101694772
0,0,0.0
1,1,1.0
1,1,1.0
0,0,0.04677453191771948
0,0,0.0
0,0,0.0
1,1,1.0
1,1,1.0
0,0,0.0
1,1,1.0
1,1,1.0
0,0,0.0
1,1,1.0
1,1,1.0
0,0,0.0
0,0,0.0
1,1,1.0
1,1,1.0
0,0,0.0
1,1,1.0
1,1,1.0
0,0,0.04584013037524116
0,0,0.0
0,0,0.1383326703667868
1,1,0.9538392944427964
1,1,0.8078409267336506
0,0,0.0
1,1,1.0
1,1,0.9541271331145698
1,1,1.0
0,0,0.0
1,1,1.0
1,1,1.0
0,0,0.09333013889635733
0,0,0.0
1,1,1.0
1,1,1.0
0,0,0.0
1,1,1.0
1,1,1.0
1,1,1.0
0,0,0.0
0,0,0.0
1,1,1.0
1,1,1.0
1,1,1.0
1,1,1.0
1,1,1.0
1,1,1.0
1,1,1.0
1,1,1.0
1,1,1.0
0,0,0.0
0,0,0.0
0,0,0.0
0,0,0.0
1,1,0.9527591521470589
1,1,1.0
0,0,0.0
0,0,0.0
1,1,1.0
1,1,1.0
0,0,0.13873230317187288
1,1,1.0
1,1,1.0
1,1,1.0
1,1,1.0
1,1,1.0
1,1,1.0
1,1,1.0
1,1,1.0
0,0,0.0
1,1,1.0
0,0,0.0
0,0,0.0
0,0,0.0
0,0,0.0
0,0,0.0
1,1,1.0
0,0,0.0
1,1,0.956123564354657
1,1,1.0
1,1,1.0
0,0,0.22998780486932044
1,1,1.0
0,0,0.0
1,1,1.0
1,1,1.0
1,1,1.0
0,0,0.0
1,1,0.9538683798306857
1,1,1.0
1,1,1.0
1,1,1.0
0,0,0.04510415811546133
1,1,1.0
0,0,0.0
1,1,1.0
1,1,1.0
1,1,1.0
0,0,0.0
1,1,1.0
1,1,1.0
0,0,0.0
1,1,0.954865639204575
0,0,0.13672344082846039
1,1,0.907811304553731
1,1,1.0
0,0,0.0
0,0,0.0
1,1,1.0
1,1,1.0
0,0,0.0
0,0,0.0
1,1,1.0
1,1,0.9537827285976077
0,0,0.0
0,0,0.0
0,0,0.0
1,1,1.0
1,1,1.0
1,1,1.0
1,1,1.0
0,0,0.0
1,1,1.0
1,1,1.0
0,0,0.0
1,1,1.0
1,1,0.9054413423874026
0,0,0.0
0,0,0.0
0,0,0.0
1,1,1.0
1,1,1.0
1,1,1.0
1,1,1.0
1,1,1.0
0,0,0.09333694638819416
1,1,0.8550365597860861
1,1,1.0
0,0,0.0
1,1,1.0
1,1,1.0
0,0,0.0
0,0,0.0461488134124448
1,1,1.0
1,1,1.0
1,1,1.0
1,1,1.0
1,1,0.9542320433615309
0,0,0.0
0,0,0.0
0,0,0.0
0,0,0.0
1,1,1.0
0,0,0.0
1,1,1.0
0,0,0.0
0,0,0.0
1,1,1.0
1,1,0.9552361323115212
1,1,1.0
0,0,0.0
1,1,1.0
1,1,1.0
0,0,0.0
0,0,0.0
1,1,1.0
1,1,0.8106562221516739
1,1,0.8508965374204542
1,1,1.0
1,1,1.0
0,0,0.0
1,1,1.0
1,1,1.0
0,0,0.0
1,1,1.0
1,1,1.0
1,1,0.9536250861235028
1,1,1.0
0,0,0.0
1,1,1.0
1,1,0.8627967267436896
0,0,0.04543110387225016
1,1,1.0
1,1,1.0
0,0,0.0
0,0,0.0
1,1,1.0
1,1,1.0
1,1,1.0
0,0,0.0
0,0,0.0
1,1,1.0
1,1,1.0
0,0,0.0
1,1,1.0
1,1,1.0
0,0,0.0
0,0,0.0
1,1,1.0
1,1,1.0
0,0,0.0
1,1,1.0
1,1,1.0
0,0,0.0
1,1,0.9561575170620701
1,1,0.9497115777987901
1,1,1.0
1,1,1.0
0,0,0.0
0,0,0.0
0,0,0.0
0,0,0.0
1,1,1.0
1,1,1.0
0,0,0.0
0,0,0.0
1,1,1.0
0,0,0.0
1,1,1.0
1,1,1.0
0,0,0.0
1,1,0.9541873066237165
1,1,0.9540027293047603
1,1,1.0
1,1,1.0
1,1,1.0
0,0,0.0
1,1,1.0
0,0,0.0
0,0,0.0
1,1,1.0
1,1,1.0
0,0,0.0
0,0,0.0
1,1,1.0
1,1,1.0
1,1,1.0
1,1,1.0
1,1,1.0
0,0,0.09414344633616988
1,1,1.0
1,1,1.0
0,0,0.0
0,0,0.0
1,1,1.0
1,1,1.0
1,1,1.0
1,1,1.0
0,0,0.0
0,0,0.0
1,1,1.0
1,1,1.0
0,0,0.0
0,0,0.0
0,0,0.0
0,0,0.0
0,0,0.0
0,0,0.0
1,1,1.0
1,1,1.0
1,1,1.0
0,0,0.0
0,0,0.0
1,1,1.0
1,1,1.0
1,1,1.0
1,1,1.0
0,0,0.0
0,0,0.0
1,1,1.0
0,0,0.0
1,1,1.0
1,1,1.0
0,0,0.32972902106022756
1,1,1.0
1,1,1.0
1,1,0.9528712847851633
1,1,1.0
1,1,1.0
1,1,1.0
1,1,0.9541012876210558
1,1,1.0
1,1,1.0
0,0,0.0
0,0,0.0
1,1,1.0
1,1,1.0
0,0,0.0
0,0,0.0
1,1,1.0
0,0,0.0
0,0,0.0
1,1,1.0
1,1,1.0
0,0,0.14318015989485677
1,1,1.0
1,1,0.9535844001607994
1,1,1.0
0,0,0.0
1,1,1.0
0,0,0.0
1,1,0.9042068914656965
1,1,1.0
0,0,0.0
1,1,1.0
0,0,0.0
0,0,0.0
1,1,1.0
1,1,0.9478033408163635
1,1,1.0
1,1,1.0
0,0,0.0
0,0,0.0
0,0,0.0
1,1,1.0
0,0,0.0
1,1,1.0
1,1,1.0
0,0,0.0
0,0,0.0
1,1,1.0
0,0,0.0
0,0,0.0
1,1,0.9525668577794901
1,1,1.0
1,1,1.0
1,1,1.0
1,1,1.0
1,1,1.0
0,0,0.0
1,1,1.0
1,1,1.0
1,1,1.0
0,0,0.0
1,1,1.0
1,1,1.0
0,0,0.0
0,0,0.04546037588169936
0,0,0.0
1,1,1.0
0,0,0.0
1,1,1.0
1,1,1.0
0,0,0.0
1,1,0.8605458117132235
0,0,0.0
1,1,1.0
1,1,1.0
0,0,0.0
1,1,1.0
0,0,0.0
0,0,0.0
1,1,0.8606084776330221
1,1,0.8566710545885292
1,1,1.0
0,0,0.0
0,0,0.0
1,1,0.8613671590042351
0,0,0.0
1,1,1.0
1,1,1.0
0,0,0.0
0,0,0.0
0,0,0.0
0,0,0.0
0,0,0.0
1,1,1.0
0,0,0.0
1,1,0.8575215158853497
0,0,0.0
1,1,1.0
1,1,0.9057803950699117
0,0,0.0
1,1,1.0
0,0,0.0
0,0,0.0
1,1,1.0
1,1,1.0
0,0,0.0
1,1,1.0
1,1,1.0
1,1,0.9524211278497516
0,0,0.0
1,1,1.0
0,0,0.0
1,1,0.9542903724303666
1,1,1.0
1,1,1.0
0,0,0.0
0,0,0.0
1,1,0.9541181610084251
1,1,0.9511253443393223
1,1,1.0
1,1,1.0
0,0,0.0
1,1,1.0
0,0,0.0
0,0,0.0
0,0,0.0
1,1,1.0
1,1,1.0
1,1,1.0
0,0,0.0
1,1,1.0
1,1,1.0
1,1,0.9054403912586089
1,1,1.0
1,1,1.0
0,0,0.0
1,1,1.0
1,1,1.0
0,0,0.0
1,1,1.0
1,1,1.0
0,0,0.09793384605306972
1,1,1.0
1,1,1.0
1,1,0.9504379622976855
0,0,0.0
0,0,0.0
1,1,1.0
1,1,1.0
1,1,1.0
0,0,0.0
1,1,1.0
1,1,1.0
1,1,0.9544418323155508
0,0,0.0
1,1,0.8576372867842688
0,0,0.0
1,1,1.0
1,1,1.0
1,1,1.0
0,0,0.0
1,1,1.0
1,1,1.0
1,1,1.0
0,0,0.0
1,1,0.9546571796677814
1,1,0.9058894127778881
1,1,1.0
1,1,1.0
1,1,0.9546593926323593
1,1,0.9536989921869279
1,1,1.0
0,0,0.0
1,1,1.0
1,1,1.0
1,1,1.0
1,1,0.9508584763791011
0,0,0.0
1,1,1.0
1,1,1.0
1,1,0.9541451220423535
1,1,1.0
1,1,1.0
1,1,0.9519651498567981
1,1,1.0
1,1,1.0
1,1,1.0
0,0,0.0
0,0,0.0
1,1,1.0
1,1,1.0
1,1,0.8517804991473531
0,0,0.0
1,1,1.0
0,0,0.0
1,1,1.0
0,0,0.3887681159266136
0,0,0.0
1,1,1.0
0,0,0.04506566447335722
1,1,1.0
1,1,0.9098399243641724
1,1,1.0
0,0,0.0
0,0,0.0
1,1,0.954244187786934
1,1,1.0
1,1,0.9532863705558027
1,1,1.0
1,1,1.0
1,1,1.0
0,0,0.0
0,0,0.0
1,1,1.0
1,1,1.0
1,1,1.0
1,1,0.809363332245078
1,1,1.0
1,1,0.9071071254238987
1,1,1.0
1,1,1.0
1,1,1.0
0,0,0.2815096474869964
0,0,0.0
0,0,0.0
1,1,1.0
0,0,0.0
1,1,1.0
1,1,1.0
0,0,0.0
1,1,1.0
1,1,1.0
1,1,1.0
0,0,0.0
0,0,0.0
1,1,1.0
1,1,0.9535700263528527
0,0,0.0
1,1,1.0
1,1,1.0
0,0,0.0
1,1,1.0
1,1,1.0
0,0,0.435255169463225
0,0,0.0
1,1,1.0
1,1,1.0
0,0,0.0
0,0,0.0
1,1,1.0
0,0,0.0
0,0,0.0
1,1,1.0
0,0,0.0
0,0,0.0
0,0,0.0
0,0,0.0
1,1,1.0
0,0,0.0
1,1,1.0
1,1,1.0
0,0,0.0
1,1,0.9542315464594201
1,1,1.0
1,1,1.0
1,1,1.0
0,0,0.0
1,1,1.0
1,1,1.0
0,0,0.0
0,1,0.5685141480752456
1,1,0.9088673783387285
0,0,0.3179393525182648
1,1,1.0
0,0,0.0
1,1,1.0
0,0,0.0
1,1,1.0
0,0,0.0
0,0,0.0
1,1,1.0
1,1,1.0
1,1,1.0
1,1,0.9543149452582558
1,1,1.0
1,1,1.0
1,1,1.0
0,0,0.0
0,0,0.0
0,0,0.0
1,1,1.0
0,0,0.0
1,1,1.0
0,0,0.0
0,0,0.0
1,1,1.0
0,0,0.0
1,1,1.0
1,1,1.0
0,0,0.0
1,1,1.0
1,1,1.0
1,1,1.0
0,0,0.0
1,1,1.0
1,1,1.0
1,1,1.0
0,0,0.0
0,0,0.0
1,1,0.7165645505442002
0,1,0.6045509676085142
1,1,0.9052274739422937
1,1,1.0
0,0,0.0
1,1,1.0
0,0,0.045070015970816925
1,1,1.0
0,0,0.0
0,0,0.0
1,1,1.0
1,1,1.0
1,1,1.0
1,1,1.0
1,1,0.9530806003878012
1,1,1.0
1,1,1.0
1,1,1.0
0,0,0.0
1,1,1.0
1,1,1.0
0,0,0.0
0,0,0.04722340831489363
1,1,1.0
1,1,1.0
0,0,0.0
1,1,0.8650864665287556
1,1,1.0
1,1,1.0
1,1,0.9051764842778407
0,0,0.0
0,0,0.0
1,1,1.0
1,1,1.0
1,1,1.0
0,0,0.045687247642332694
1,1,1.0
1,1,1.0
1,1,1.0
1,1,1.0
1,1,1.0
0,0,0.0
1,1,1.0
1,1,1.0
0,0,0.0
0,0,0.0
1,1,1.0
0,0,0.0
1,1,1.0
1,1,1.0
0,0,0.0
1,1,1.0
0,0,0.0
0,0,0.0
1,1,1.0
1,1,0.9533859535393545
0,0,0.0
1,1,1.0
1,1,1.0
1,1,1.0
1,1,1.0
1,1,1.0
0,0,0.0
1,1,1.0
0,0,0.0
1,1,1.0
1,1,1.0
0,0,0.0
0,0,0.0
0,0,0.0
1,1,1.0
1,1,1.0
1,1,1.0
1,1,1.0
0,0,0.13677211899552635
1,1,1.0
1,1,1.0
1,1,1.0
0,0,0.0
1,1,1.0
1,1,1.0
0,0,0.0
0,0,0.0
1,1,1.0
0,0,0.0
0,0,0.0
1,1,1.0
1,1,1.0
0,0,0.0
1,1,1.0
1,1,1.0
1,1,1.0
0,0,0.0
1,1,1.0
1,1,1.0
0,0,0.0
1,1,1.0
0,0,0.0
1,1,1.0
1,1,1.0
1,1,1.0
1,1,1.0
1,1,1.0
0,0,0.0
1,1,0.9534557014040971
0,0,0.0
1,1,1.0
0,0,0.0
1,1,1.0
0,0,0.0
1,1,1.0
1,1,1.0
1,1,1.0
0,0,0.0
1,1,1.0
1,1,1.0
0,0,0.28111150279941166
1,1,1.0
0,0,0.0
0,0,0.0
1,1,1.0
1,1,1.0
1,1,1.0
1,1,1.0
1,1,1.0
0,0,0.0
0,0,0.0
1,1,1.0
1,1,1.0
1,1,0.9537105661721547
1,1,1.0
1,1,1.0
1,1,1.0
1,1,1.0
1,1,1.0
0,0,0.0
1,1,1.0
1,1,1.0
1,1,0.9524907297093602
0,0,0.04268648317879025
0,0,0.0
1,1,1.0
1,1,1.0
1,1,1.0
1,1,1.0
1,1,1.0
1,1,1.0
1,1,1.0
0,0,0.0
1,1,1.0
1,1,1.0
1,1,1.0
0,0,0.0
0,0,0.0
1,1,0.953085771160856
0,0,0.0
0,0,0.18383204403078127
0,0,0.0
1,1,1.0
1,1,1.0
1,1,0.9554013053955192
0,0,0.0
0,0,0.0
0,0,0.0
1,1,1.0
0,0,0.0
1,1,1.0
1,1,0.8583432070026994
0,0,0.0
1,1,1.0
1,1,1.0
0,0,0.0
1,1,0.9557685401740117
1,1,1.0
1,1,1.0
1,1,1.0
0,0,0.0
1,1,1.0
0,0,0.0
0,0,0.0
1,1,0.9076400163863226
0,0,0.0
1,1,1.0
0,0,0.0
1,1,1.0
0,0,0.0
1,1,1.0
1,1,1.0
1,1,1.0
1,1,1.0
1,1,1.0
1,1,1.0
1,1,1.0
1,1,0.9537717597929763
1,1,1.0
0,0,0.0
0,0,0.0
1,1,1.0
1,1,0.9092455674644444
1,1,1.0
0,0,0.3192754288704886
0,0,0.23673803081549524
0,0,0.0
0,0,0.0
1,1,1.0
1,1,1.0
0,0,0.2332732226373124
1,1,0.9541445193427928
0,0,0.09289320489937107
0,0,0.0
0,0,0.0
1,1,0.9535825115473003
0,0,0.0
0,0,0.0
1,1,0.91061828506938
1,1,1.0
0,0,0.0
1,1,1.0
1,1,1.0
0,0,0.0
1,1,1.0
1,1,1.0
1,1,1.0
1,1,1.0
1,1,1.0
0,0,0.0
1,1,1.0
0,0,0.0
0,0,0.0
1,1,1.0
1,1,1.0
0,0,0.0
0,0,0.0
1,1,1.0
1,1,0.9529526044491459
0,0,0.0
1,1,1.0
0,0,0.0
0,0,0.0
0,0,0.0
1,1,1.0
1,1,1.0
1,1,1.0
1,1,1.0
1,1,1.0
1,1,1.0
1,1,1.0
1,1,0.9105549989322431
1,1,1.0
1,1,1.0
0,0,0.0
0,0,0.0
1,1,1.0
1,1,1.0
1,1,1.0
0,0,0.0
0,0,0.0
1,1,0.9070464187889647
1,1,1.0
1,1,0.9535906006424069
1,1,0.9539870216908567
1,1,1.0
1,1,1.0
0,0,0.0
1,1,1.0
0,0,0.23794526110832115
1,1,1.0
1,1,1.0
1,1,0.9093015792772232
0,0,0.0
0,0,0.0
1,1,1.0
1,1,1.0
1,1,1.0
1,1,0.9537394529866196
0,0,0.13005353424283286
0,0,0.0
0,0,0.3218093106060948
1,1,1.0
0,0,0.0
1,1,1.0
0,0,0.0
1,1,1.0
1,1,0.952751989123142
1,1,1.0
1,1,0.9541043971453981
1,1,1.0
1,1,1.0
1,1,1.0
0,0,0.0
1,1,1.0
1,1,1.0
1,1,1.0
0,0,0.0
1,1,1.0
0,0,0.0
0,0,0.0
1,1,1.0
0,0,0.0
1,1,1.0
1,1,1.0
1,1,1.0
0,0,0.0
1,1,1.0
1,1,1.0
1,1,1.0
1,1,1.0
0,0,0.0
1,1,0.905291103626073
1,1,1.0
1,1,0.9535950064543172
0,0,0.0
1,1,0.9546758926918247
1,1,1.0
1,1,0.9554645722936919
1,1,1.0
1,1,1.0
1,1,1.0
1,1,1.0
1,1,1.0
0,0,0.0
0,0,0.0
0,0,0.0
1,1,1.0
1,1,1.0
0,0,0.0
1,1,1.0
0,0,0.0
0,0,0.0
1,1,1.0
0,0,0.0
0,0,0.0
1,1,1.0
1,1,1.0
0,0,0.0
1,1,1.0
0,0,0.0
1,1,1.0
1,1,1.0
1,1,1.0
0,0,0.0
0,0,0.0
1,1,1.0
1,1,1.0
1,1,1.0
0,0,0.09101878002731285
0,0,0.0
1,1,1.0
1,1,1.0
0,0,0.0
1,1,1.0
1,1,1.0
1,1,1.0
0,0,0.22719999116895784
1,1,1.0
0,0,0.0
1,1,0.9051301505593851
1,1,1.0
0,0,0.04624624594498032
1,1,0.8131506146879025
1,1,1.0
0,0,0.0
1,1,0.955134393722112
1,1,1.0
0,0,0.0
1,1,1.0
1,1,1.0
0,0,0.0
0,0,0.0
1,1,1.0
0,0,0.0
1,1,1.0
0,0,0.0
0,0,0.0
1,1,1.0
1,1,1.0
1,1,1.0
0,0,0.0
1,1,1.0
1,1,1.0
0,0,0.0
0,0,0.0
0,0,0.0
1,1,1.0
1,1,1.0
1,1,1.0
0,0,0.0
0,0,0.0
1,1,1.0
0,0,0.0
0,0,0.04754471304259902
1,1,1.0
0,0,0.0
0,0,0.0
1,1,1.0
0,0,0.0
1,1,1.0
1,1,1.0
0,0,0.0
0,0,0.0
0,0,0.0
0,0,0.0
0,0,0.0
0,0,0.0
0,0,0.0
0,0,0.0
1,1,1.0
0,0,0.0
1,1,0.8063155700695627
1,1,1.0
1,1,1.0
1,1,1.0
1,1,1.0
1,1,1.0
1,1,1.0
1,1,1.0
0,0,0.3293481476838862
0,0,0.0
0,0,0.0
1,1,1.0
1,1,1.0
1,1,1.0
1,1,0.954929585775094
1,1,1.0
1,1,1.0
0,0,0.0
1,1,1.0
1,1,1.0
1,1,1.0
0,0,0.04670157795812954
1,1,0.95548505724659
1,1,0.9525487865647497
1,1,1.0
0,0,0.0
1,1,1.0
0,0,0.0
0,0,0.0
0,0,0.04806319693896226
1,1,1.0
0,0,0.0
1,1,1.0
0,0,0.0
1,1,1.0
1,1,1.0
1,1,1.0
1,1,1.0
1,1,0.9531010953100625
1,1,1.0
0,0,0.0
1,1,1.0
0,0,0.0
1,1,1.0
1,1,1.0
1,1,1.0
1,1,1.0
0,0,0.0
1,1,1.0
1,1,1.0
1,1,1.0
1,1,1.0
1,1,1.0
1,1,1.0
1,1,1.0
1,1,1.0
1,1,1.0
0,0,0.0
1,1,1.0
1,1,1.0
0,0,0.0
1,1,1.0
1,1,1.0
1,1,1.0
1,1,1.0
1,1,0.8599607440241509
1,1,1.0
0,0,0.0
1,1,1.0
1,1,1.0
1,1,1.0
1,1,1.0
0,0,0.0
1,1,1.0
0,0,0.0
0,0,0.0
1,1,1.0
1,1,0.9046106187643567
1,1,1.0
1,1,1.0
1,1,1.0
1,1,1.0
0,0,0.0
1,1,1.0
0,0,0.0
1,1,1.0
1,1,1.0
1,1,1.0
1,1,1.0
1,1,1.0
1,1,1.0
1,1,1.0
0,0,0.0
1,1,1.0
0,0,0.0
1,1,1.0
1,1,0.9070545143241536
1,1,1.0
0,0,0.0
1,1,0.8580373822172427
1,1,1.0
1,1,1.0
1,1,1.0
1,1,1.0
0,0,0.0487306087361223
0,0,0.0
0,0,0.0
0,0,0.0
1,1,1.0
1,1,1.0
1,1,1.0
1,1,1.0
1,1,0.9057662290743004
0,0,0.0
1,1,1.0
1,1,1.0
1,1,1.0
0,0,0.0
1,1,1.0
0,0,0.0
0,0,0.0
0,0,0.0
0,0,0.0
0,0,0.0
1,1,1.0
1,1,1.0
1,1,1.0
1,1,1.0
0,0,0.0
1,1,1.0
0,0,0.1455766995927413
1,1,1.0
1,1,1.0
1,1,1.0
1,1,1.0
0,0,0.0
0,0,0.0
1,1,1.0
1,1,1.0
1,1,1.0
0,0,0.0
1,1,1.0
0,0,0.0
1,1,1.0
0,0,0.0
1,1,1.0
0,0,0.0
1,1,1.0
0,0,0.0
0,0,0.0
0,0,0.0
0,0,0.0
1,1,0.9546918761068174
0,0,0.0
0,0,0.0
1,1,1.0
1,1,1.0
1,1,1.0
1,1,1.0
1,1,1.0
1,1,1.0
1,1,1.0
0,0,0.0
1,1,1.0
1,1,1.0
1,1,1.0
0,0,0.0
1,1,0.9068699810810166
1,1,1.0
1,1,1.0
1,1,1.0
0,0,0.0
1,1,1.0
1,1,1.0
1,1,1.0
0,0,0.0
1,1,1.0
1,1,1.0
1,1,1.0
1,1,0.9535321005021414
0,0,0.0
0,0,0.0
1,1,1.0
1,1,1.0
0,0,0.0
1,1,0.9507887465865006
0,0,0.0
1,1,1.0
0,0,0.0
0,0,0.0
1,1,0.9541165429048583
0,0,0.0
0,0,0.0
1,1,1.0
0,0,0.0
1,1,1.0
1,1,1.0
1,1,1.0
1,1,1.0
0,0,0.0
1,1,1.0
1,1,1.0
0,0,0.0
1,1,0.8562529615565821
1,1,1.0
0,0,0.09215529688878216
1,1,1.0
0,0,0.0
0,0,0.0
1,1,1.0
1,1,1.0
0,0,0.0
0,0,0.0
0,0,0.0
0,0,0.0
0,0,0.05365898565350757
0,0,0.0
1,1,1.0
1,1,1.0
0,0,0.0
0,0,0.0
0,0,0.0
1,1,1.0
0,0,0.0
1,1,1.0
1,1,0.9049359268581146
1,1,1.0
0,0,0.23682089771360784
1,1,0.8608768647286189
1,1,1.0
1,1,1.0
1,1,1.0
1,1,1.0
1,1,1.0
1,1,1.0
1,1,1.0
1,1,1.0
1,1,1.0
1,1,1.0
1,1,1.0
0,0,0.0443492339159495
0,0,0.0
0,0,0.0
0,0,0.0
1,1,1.0
0,0,0.0
1,1,1.0
1,1,1.0
1,1,1.0
1,1,1.0
1,1,1.0
1,1,1.0
0,0,0.0
0,0,0.0
0,0,0.0
1,1,1.0
0,0,0.0
1,1,1.0
0,0,0.0
1,1,0.9546354499601291
1,1,1.0
0,0,0.0
1,1,1.0
0,0,0.0
1,1,1.0
0,0,0.0
1,1,1.0
1,1,1.0
0,0,0.0
0,0,0.0
0,0,0.0
1,1,1.0
1,1,1.0
1,1,1.0
0,0,0.0
1,1,1.0
1,1,1.0
1,1,1.0
0,0,0.0
1,1,1.0
0,0,0.0
1,1,1.0
0,0,0.0
1,1,1.0
1,1,0.9528957926735406
1,1,0.9037950043233083
0,0,0.0
0,0,0.0
0,0,0.0
1,1,1.0
1,1,1.0
0,0,0.0
0,0,0.0
1,1,1.0
0,0,0.0
1,1,1.0
0,0,0.044737664010521094
0,0,0.0
1,1,1.0
1,1,1.0
1,1,1.0
1,1,1.0
0,0,0.0
0,0,0.0
1,1,1.0
0,0,0.0
0,0,0.0
0,0,0.0
1,1,1.0
1,1,0.951369454201719
0,0,0.0
1,1,1.0
1,1,1.0
0,0,0.0
1,1,1.0
0,0,0.0
1,1,1.0
1,1,0.9526129521782001
1,1,1.0
0,0,0.0
1,1,1.0
0,0,0.0
1,1,1.0
0,0,0.04668889290258419
1,1,0.809957876570559
0,0,0.0
1,1,1.0
1,1,1.0
0,0,0.0
1,1,1.0
1,1,1.0
1,1,1.0
1,1,1.0
1,1,1.0
1,1,1.0
1,1,1.0
0,0,0.0
1,1,1.0
1,1,1.0
0,0,0.0
1,1,1.0
1,1,1.0
1,1,1.0
0,0,0.0
1,1,0.9553994703274371
0,0,0.0
1,1,1.0
1,1,1.0
1,1,1.0
1,1,1.0
1,1,1.0
1,1,1.0
1,1,1.0
1,1,1.0
1,1,1.0
1,1,1.0
1,1,1.0
1,1,1.0
1,1,1.0
1,1,1.0
0,0,0.0
1,1,1.0
1,1,1.0
0,0,0.0
0,0,0.0
1,1,1.0
1,1,0.953691170636149
0,0,0.0
1,1,1.0
0,0,0.0
0,0,0.2829578590725527
0,0,0.0
1,1,1.0
0,0,0.0
1,1,1.0
1,1,1.0
1,1,1.0
0,0,0.0
1,1,1.0
0,0,0.0
1,1,1.0
1,1,1.0
1,1,1.0
0,0,0.0
0,0,0.0
1,1,1.0
0,0,0.0
1,1,1.0
1,1,1.0
1,1,1.0
0,0,0.0
1,1,1.0
0,0,0.0
1,1,0.9547255735654893
0,0,0.0
1,1,1.0
0,0,0.0
0,0,0.0
0,0,0.0
0,0,0.09190633098993826
0,0,0.0909275102425821
0,0,0.0
1,1,1.0
1,1,1.0
0,0,0.0
0,0,0.0
1,1,0.9080786370477983
0,0,0.0
1,1,1.0
0,0,0.0
1,1,1.0
0,0,0.0
0,0,0.0
1,1,1.0
1,1,1.0
1,1,1.0
1,1,0.6664137265764273
1,1,1.0
1,1,1.0
0,0,0.0
1,1,1.0
1,1,1.0
1,1,0.9527514543763589
0,0,0.0
1,1,1.0
0,0,0.0
1,1,1.0
0,0,0.0
1,1,1.0
0,0,0.0
1,1,1.0
1,1,1.0
0,0,0.0
0,0,0.0
1,1,0.9035530963933334
1,1,1.0
0,0,0.0
0,0,0.0
1,1,1.0
1,1,1.0
1,1,1.0
0,0,0.0
0,0,0.0
1,1,1.0
0,0,0.2419315958425668
0,0,0.0
1,1,0.8648485940645845
0,0,0.0
1,1,1.0
0,0,0.1883041647897471
1,1,1.0
1,1,1.0
0,0,0.0
1,1,1.0
1,1,1.0
0,0,0.0
1,1,1.0
1,1,1.0
1,1,1.0
1,1,1.0
0,0,0.0
1,1,1.0
1,1,1.0
1,1,1.0
0,0,0.0
1,1,1.0
1,1,1.0
0,0,0.0
1,1,1.0
1,1,1.0
1,1,1.0
1,1,1.0
1,1,1.0
0,0,0.0
0,0,0.0
0,0,0.0
1,1,1.0
0,0,0.0
1,1,1.0
1,1,1.0
0,0,0.0
1,1,0.9541800459842719
1,1,1.0
1,1,1.0
1,1,1.0
0,0,0.0
1,1,1.0
1,1,1.0
0,0,0.04587793611163982
1,1,1.0
0,0,0.0
0,0,0.0
1,1,0.954578920693347
1,1,1.0
1,1,1.0
0,0,0.0
1,1,1.0
1,1,0.9523730683242924
1,1,1.0
0,0,0.0
1,1,1.0
0,0,0.0
1,1,1.0
1,1,1.0
0,0,0.0
0,0,0.0
0,0,0.0
1,1,0.9051581158359078
1,1,1.0
1,1,1.0
0,0,0.0
0,0,0.0
0,0,0.0
1,1,1.0
1,1,1.0
1,1,1.0
1,1,1.0
0,0,0.0
1,1,0.7690357602176805
0,0,0.0
0,0,0.0
0,0,0.0
1,1,1.0
1,1,1.0
0,0,0.0
0,0,0.0
0,0,0.0
0,0,0.0
1,1,1.0
1,1,1.0
0,0,0.0
0,0,0.0
0,0,0.0
0,0,0.0
0,0,0.0
0,0,0.0
0,0,0.0
0,0,0.0
0,0,0.04536604313706724
0,0,0.0
1,1,0.9528456505152733
1,1,1.0
0,0,0.0
0,0,0.0
0,0,0.0
1,1,1.0
0,0,0.0
0,0,0.2378775468625959
1,1,1.0
0,0,0.0
1,1,1.0
1,1,1.0
1,1,1.0
0,0,0.0
1,1,0.9556268235506913
1,1,0.9087438389874484
0,0,0.0
1,1,1.0
1,1,1.0
1,1,1.0
1,1,1.0
1,1,1.0
1,1,1.0
1,1,1.0
1,1,1.0
1,1,1.0
0,0,0.0
1,1,1.0
1,1,1.0
0,0,0.0
1,1,1.0
1,1,1.0
1,1,1.0
0,0,0.0
1,1,1.0
0,0,0.0
0,0,0.0
0,0,0.0
0,0,0.0
1,1,1.0
0,0,0.09354355407192583
1,1,1.0
1,1,1.0
0,0,0.0
0,0,0.0
1,1,0.9538781339835307
0,0,0.0
1,1,1.0
0,0,0.0
1,1,1.0
0,0,0.0
0,0,0.0
0,0,0.0
1,1,1.0
0,0,0.0
0,0,0.0
0,0,0.0
0,0,0.0
1,1,1.0
1,1,1.0
0,0,0.0
0,0,0.0
1,1,1.0
1,1,1.0
0,0,0.0
1,1,1.0
1,1,1.0
1,1,1.0
1,1,1.0
0,0,0.0
1,1,1.0
0,0,0.0
1,1,0.8522466671262914
1,1,1.0
0,0,0.0
1,1,1.0
1,1,1.0
1,1,1.0
1,1,1.0
1,1,0.902582644909104
0,0,0.0
1,1,0.9082798073795497
1,1,1.0
0,0,0.0
0,0,0.0
0,0,0.0
1,1,1.0
1,1,1.0
1,1,0.9540271096600913
1,1,1.0
1,1,1.0
1,1,1.0
0,0,0.18519561410698465
0,0,0.0
0,0,0.0
1,1,1.0
1,1,1.0
0,0,0.0
0,0,0.0
0,0,0.0
1,1,1.0
0,0,0.0
1,1,1.0
0,0,0.0
0,0,0.046592674885127555
1,1,1.0
0,0,0.0
1,1,1.0
1,1,1.0
1,1,1.0
1,1,0.9064236941815946
1,1,1.0
1,1,1.0
0,0,0.0
1,1,0.9535629949777181
1,1,1.0
1,1,1.0
1,1,1.0
1,1,1.0
0,0,0.0
1,1,1.0
1,1,0.9549001108680124
1,1,1.0
0,0,0.0
1,1,1.0
1,1,0.7681806136802349
0,0,0.04497196455216536
1,1,1.0
0,0,0.0
0,0,0.0
1,1,1.0
0,0,0.0
1,1,1.0
1,1,1.0
1,1,0.9552173442169007
0,0,0.0
0,0,0.04599222103618552
1,1,1.0
0,0,0.0
1,1,1.0
1,1,1.0
1,1,1.0
1,1,1.0
1,1,1.0
0,0,0.0
1,1,1.0
0,0,0.0
1,1,0.7565839546286615
1,1,1.0
1,1,1.0
0,0,0.0
1,1,1.0
0,0,0.23491565154890212
1,1,1.0
0,0,0.0
1,1,1.0
0,0,0.0
0,0,0.0
0,0,0.0
1,1,1.0
1,1,1.0
1,1,1.0
0,0,0.0
0,0,0.0
0,0,0.0
0,0,0.0
1,1,0.9544924158263548
1,1,1.0
0,0,0.0
0,0,0.0
0,0,0.0
0,0,0.0
1,1,1.0
0,0,0.0
1,1,1.0
1,1,1.0
0,0,0.0
0,0,0.0
0,0,0.0457737428642772
1,1,1.0
1,1,1.0
1,1,1.0
1,1,1.0
1,1,1.0
1,1,1.0
1,1,0.9106237965922453
1,1,1.0
0,0,0.0
1,1,1.0
1,1,1.0
1,1,1.0
1,1,1.0
0,0,0.0
1,1,1.0
1,1,1.0
0,0,0.0
1,1,1.0
1,1,0.95316775799163
1,1,0.7561639277049013
0,0,0.0
1,1,0.8603454347122581
1,1,1.0
0,0,0.0
1,1,0.9081029480263294
1,1,1.0
1,1,0.9555222521499429
1,1,1.0
1,1,1.0
1,1,1.0
0,0,0.0
1,1,1.0
1,1,1.0
1,1,1.0
1,1,1.0
0,0,0.0
1,1,1.0
0,0,0.0
1,1,1.0
1,1,1.0
1,1,1.0
0,0,0.0
0,0,0.13735633006154285
0,0,0.0
0,0,0.0
0,0,0.0
0,0,0.0
1,1,1.0
1,1,1.0
0,0,0.09533804281919411
1,1,1.0
1,1,1.0
0,0,0.0
1,1,1.0
1,1,1.0
1,1,1.0
1,1,1.0
1,1,1.0
0,0,0.0
1,1,0.9070900793776079
1,1,1.0
1,1,1.0
1,1,0.8180206371194654
1,1,1.0
1,1,1.0
0,0,0.0
0,0,0.0
0,0,0.0
1,1,1.0
1,1,1.0
1,1,0.9486645270221147
1,1,1.0
0,0,0.0
1,1,0.9536147289353577
0,0,0.0
0,0,0.0
0,0,0.0
1,1,1.0
1,1,1.0
1,1,1.0
0,0,0.0
0,0,0.0
0,0,0.0
0,0,0.0
0,0,0.0
1,1,1.0
0,0,0.0
0,0,0.18206044845218314
0,0,0.0
1,1,1.0
0,0,0.0
1,1,0.9542319898755051
0,0,0.0
1,1,1.0
1,1,1.0
1,1,1.0
1,1,1.0
1,1,0.9553903694783745
1,1,1.0
0,0,0.0
0,0,0.1423174725034403
1,1,1.0
0,0,0.0
1,1,1.0
0,0,0.13992109563069569
1,1,0.908494254508018
1,1,1.0
1,1,0.908153637255231
1,1,1.0
1,1,1.0
1,1,1.0
1,1,1.0
0,0,0.0
1,1,1.0
1,1,1.0
0,0,0.2401031822404648
0,0,0.0
1,1,1.0
0,0,0.0
0,0,0.0
0,0,0.29339070898023106
0,0,0.0
1,1,1.0
0,0,0.0
0,0,0.0
1,1,0.950855366046714
1,1,1.0
0,0,0.48113551421120626
0,0,0.0
1,1,1.0
1,1,1.0
1,1,1.0
1,1,0.9534578888536189
1,1,1.0
1,1,1.0
1,1,0.859463133832722
0,0,0.0
0,0,0.0
1,1,1.0
1,1,0.8571488682292663
0,0,0.0
0,0,0.0
0,0,0.0
1,1,1.0
0,0,0.0
1,1,1.0
0,0,0.0
0,0,0.0
1,1,1.0
1,1,1.0
1,1,1.0
1,1,1.0
1,1,1.0
1,1,1.0
0,0,0.22276218464257058
0,0,0.0
0,0,0.0
0,0,0.09682622390315439
1,1,0.9503484309851481
1,1,1.0
1,1,1.0
1,1,0.9087547430705801
0,0,0.0
1,1,1.0
1,1,1.0
1,1,1.0
1,1,1.0
1,1,1.0
1,1,1.0
0,0,0.0
0,0,0.0
0,0,0.0
0,0,0.0
1,1,1.0
1,1,1.0
1,1,1.0
1,1,0.9528369432778644
1,1,1.0
0,0,0.0
1,1,1.0
1,1,1.0
0,0,0.0
0,0,0.0
0,0,0.18960968970494566
1,1,1.0
1,1,1.0
0,0,0.0
1,1,1.0
1,1,1.0
1,1,1.0
1,1,1.0
1,1,1.0
0,0,0.0
1,1,1.0
0,0,0.09249964967214656
1,1,1.0
1,1,1.0
1,1,1.0
1,1,1.0
1,1,0.9559810207167245
1,1,1.0
1,1,0.8558142717008277
1,1,0.9539252149964155
1,1,1.0
1,1,1.0
1,1,1.0
1,1,1.0
0,0,0.0
1,1,1.0
1,1,1.0
0,0,0.0
1,1,1.0
1,1,0.8630510537681897
0,0,0.0
1,1,1.0
0,0,0.29377654657790386
1,1,1.0
0,0,0.0
0,0,0.0
1,1,1.0
0,0,0.0
0,0,0.0
1,1,1.0
1,1,1.0
1,1,1.0
1,1,1.0
1,1,1.0
0,0,0.0
1,1,0.9552863227000398
0,0,0.0
0,0,0.0
1,1,1.0
1,1,1.0
1,1,1.0
0,0,0.0
1,1,1.0
1,1,1.0
0,0,0.0
1,1,1.0
1,1,1.0
0,0,0.0
1,1,1.0
1,1,0.8602732232565263
0,0,0.0
0,0,0.0
1,1,1.0
1,1,1.0
1,1,1.0
0,0,0.0
0,0,0.04549894055638523
1,1,1.0
1,1,1.0
1,1,1.0
0,0,0.0
1,1,1.0
1,1,1.0
1,1,1.0
1,1,1.0
1,1,1.0
0,0,0.0
1,1,1.0
0,0,0.0
1,1,1.0
0,0,0.0
0,0,0.0
1,1,0.9542249799710179
1,1,1.0
0,0,0.3226464469710028
1,1,1.0
1,1,1.0
1,1,1.0
1,1,1.0
0,0,0.2354008382604018
0,0,0.0
0,0,0.0
1,1,1.0
1,1,0.9542999483960664
1,1,1.0
1,1,1.0
1,1,1.0
1,1,1.0
1,1,1.0
0,0,0.0
1,1,1.0
1,1,1.0
0,0,0.0
0,0,0.0
0,0,0.0
1,1,1.0
1,1,0.954857072433597
0,0,0.28502887406070376
1,1,1.0
0,0,0.0
1,1,0.91082877163879
1,1,1.0
0,0,0.0
0,0,0.0
0,0,0.0
1,1,1.0
0,0,0.0
0,0,0.0
1,1,1.0
1,1,0.7564816371970247
1,1,1.0
0,0,0.0
0,0,0.0
0,0,0.0
1,1,1.0
0,0,0.14248268937983147
0,0,0.0
1,1,1.0
0,0,0.0
1,1,1.0
0,0,0.0
0,0,0.0
1,1,1.0
1,1,1.0
1,1,1.0
0,0,0.0
1,1,1.0
1,1,1.0
0,0,0.047687538865262225
1,1,1.0
0,0,0.0
1,1,1.0
0,0,0.0
1,1,0.9534293173187164
1,1,1.0
1,1,1.0
1,1,1.0
0,0,0.0
0,0,0.0
1,1,1.0
0,0,0.0
1,1,1.0
1,1,1.0
1,1,0.9534250302435667
1,1,1.0
1,1,1.0
0,0,0.0
1,1,1.0
1,1,1.0
1,1,1.0
0,0,0.0
1,1,1.0
1,1,1.0
1,1,1.0
1,1,1.0
1,1,1.0
1,1,1.0
1,1,0.9551547508668979
0,0,0.0
1,1,1.0
1,1,1.0
1,1,1.0
0,0,0.0
0,0,0.0
1,1,1.0
1,1,0.9532476700502593
1,1,1.0
0,0,0.0
1,1,1.0
1,1,1.0
1,1,1.0
0,0,0.0
0,0,0.0
1,1,1.0
1,1,1.0
1,1,0.8575258801919129
0,0,0.0
0,0,0.0
0,0,0.0
0,0,0.0
0,0,0.0
1,1,1.0
1,1,1.0
1,1,1.0
1,1,1.0
1,1,1.0
1,1,1.0
1,1,1.0
0,0,0.0
1,1,1.0
1,1,1.0
1,1,1.0
1,1,1.0
1,1,1.0
1,1,0.7615200200489584
1,1,1.0
1,1,1.0
0,0,0.0
1,1,0.9535365722430268
1,1,1.0
0,0,0.0
1,1,1.0
0,0,0.0
0,0,0.0
1,1,1.0
0,0,0.0
1,1,1.0
0,0,0.0
0,0,0.0
1,1,0.5646595960470823
1,1,1.0
1,1,1.0
1,1,1.0
0,0,0.0
0,0,0.0
1,1,1.0
0,0,0.0
0,0,0.0
1,1,1.0
1,1,1.0
1,1,1.0
1,1,1.0
0,0,0.0
1,1,1.0
0,0,0.0
1,1,1.0
0,0,0.0
1,1,1.0
1,1,1.0
0,0,0.0
1,1,0.9543489062414128
0,0,0.0
1,1,1.0
0,0,0.0
0,0,0.0
1,1,1.0
0,0,0.0
0,0,0.0
0,0,0.0
0,0,0.0
0,0,0.0
1,1,0.9081012777158975
1,1,1.0
1,1,1.0
0,0,0.0
1,1,1.0
1,1,1.0
1,1,0.954235804793909
0,0,0.0
1,1,1.0
1,1,1.0
1,1,1.0
1,1,1.0
0,0,0.0
1,1,1.0
1,1,1.0
1,1,1.0
1,1,1.0
1,1,1.0
0,0,0.0
0,0,0.0
1,1,1.0
1,1,1.0
0,0,0.0
0,0,0.0
1,1,1.0
1,1,1.0
0,0,0.0
0,0,0.0
1,1,1.0
1,1,0.95337008744767
0,0,0.0
1,1,1.0
1,1,1.0
0,0,0.0
1,1,1.0
0,0,0.0
0,0,0.0
0,0,0.0
1,1,1.0
1,1,1.0
1,1,1.0
0,0,0.09876252766829896
0,0,0.0
0,0,0.0
1,1,1.0
0,0,0.042624762074441276
1,1,1.0
0,0,0.0
0,0,0.0
1,1,1.0
1,1,1.0
1,1,1.0
1,1,1.0
1,1,1.0
1,1,1.0
1,1,0.9083080538040682
1,1,1.0
1,1,1.0
0,0,0.0
1,1,1.0
1,1,1.0
1,1,1.0
1,1,1.0
1,1,1.0
1,1,1.0
1,1,0.9502105279986406
1,1,1.0
0,0,0.1891635591620835
1,1,1.0
1,1,1.0
0,0,0.234716841321913
0,0,0.0
1,1,1.0
0,0,0.0
1,1,1.0
1,1,1.0
1,1,0.9552935275121629
1,1,1.0
1,1,1.0
0,0,0.0
0,0,0.0
0,0,0.0
1,1,1.0
1,1,1.0
0,0,0.0
0,0,0.0
1,1,1.0
1,1,1.0
0,0,0.0
1,1,1.0
0,0,0.0
1,1,1.0
0,0,0.0
0,0,0.0
1,1,1.0
0,0,0.0
0,0,0.0
0,0,0.04524405127743179
0,0,0.0
0,0,0.0
0,0,0.18434552400021773
0,0,0.0
0,0,0.0
1,1,1.0
0,0,0.0
0,0,0.0
1,1,1.0
0,0,0.04703432147540587
1,1,1.0
1,1,1.0
1,1,1.0
0,0,0.04524862936274474
1,1,1.0
0,0,0.0
0,0,0.0
1,1,1.0
1,1,1.0
1,1,1.0
0,0,0.0
0,0,0.0
0,0,0.0
1,1,1.0
0,0,0.0
1,1,0.9529020465207648
1,1,1.0
1,1,1.0
0,0,0.04732096492784663
1,1,1.0
1,1,1.0
1,1,1.0
0,0,0.0
1,1,0.8152125960271569
1,1,1.0
1,1,0.9537247066332876
1,1,1.0
1,1,1.0
1,1,1.0
1,1,1.0
1,1,1.0
1,1,1.0
0,0,0.0
1,1,1.0
0,0,0.0
0,0,0.0
1,1,1.0
0,0,0.0
1,1,1.0
1,1,1.0
1,1,1.0
1,1,1.0
0,0,0.0
1,1,1.0
1,1,1.0
1,1,1.0
0,0,0.0
1,1,0.8599342058202109
1,1,1.0
0,0,0.0
1,1,1.0
0,0,0.0
1,1,1.0
0,0,0.0
0,0,0.0
0,0,0.0
0,0,0.0
1,1,1.0
1,1,1.0
1,1,1.0
0,0,0.0
1,1,1.0
0,0,0.0
0,0,0.0
1,1,0.9536745730825956
1,1,1.0
1,1,1.0
1,1,1.0
0,0,0.0
0,0,0.0
1,1,0.9519944596105379
1,1,1.0
0,0,0.0
1,1,1.0
0,0,0.04498855104149381
0,0,0.0
0,0,0.0
0,0,0.0
0,0,0.0
1,1,1.0
1,1,1.0
1,1,1.0
0,0,0.0
1,1,1.0
0,0,0.09432364811367525
0,0,0.0
0,0,0.0
1,1,1.0
1,1,1.0
1,1,1.0
1,1,1.0
1,1,1.0
0,0,0.0
1,1,1.0
1,1,1.0
0,0,0.0
1,1,0.9545409480197312
1,1,1.0
1,1,1.0
1,1,1.0
0,0,0.0
1,1,0.8991797231421899
1,1,1.0
0,0,0.0
0,0,0.0
1,1,0.9012601857736238
1,1,1.0
1,1,0.9539001931920823
0,0,0.0
1,1,1.0
1,1,1.0
1,1,0.9064150382304336
1,1,1.0
1,1,1.0
0,0,0.0
1,1,1.0
0,0,0.0
1,1,1.0
0,0,0.0
1,1,0.9544459304841938
1,1,1.0
1,1,1.0
1,1,1.0
1,1,1.0
1,1,1.0
0,0,0.0
0,0,0.0
1,1,1.0
1,1,1.0
1,1,1.0
1,1,1.0
0,0,0.0
1,1,1.0
1,1,1.0
1,1,1.0
1,1,1.0
1,1,1.0
0,0,0.0
0,0,0.0
0,0,0.0
1,1,0.8599138944152058
1,1,1.0
0,0,0.0
1,1,1.0
0,0,0.0
1,1,1.0
1,1,0.9070037848775386
1,1,1.0
1,1,1.0
1,1,0.952953595382566
0,0,0.0
0,0,0.0
1,1,1.0
1,1,0.9545142846565242
1,1,1.0
1,1,1.0
1,1,1.0
1,1,0.9556387176557184
0,0,0.047431290956275206
0,0,0.0
1,1,1.0
0,0,0.0
1,1,0.9033340493110452
1,1,0.8674284459585901
0,0,0.0
1,1,1.0
1,1,1.0
1,1,1.0
0,0,0.0
1,1,1.0
0,0,0.0
0,0,0.0
0,0,0.0
1,1,1.0
1,1,0.9540119309658658
1,1,1.0
1,1,0.9538057038195205
1,1,1.0
0,0,0.0
1,1,1.0
1,1,1.0
1,1,0.9528410691608814
1,1,1.0
0,0,0.0
0,0,0.0
0,0,0.0
1,1,0.9075685371022653
0,0,0.0
1,1,1.0
0,0,0.0
0,0,0.0
1,1,1.0
1,1,1.0
1,1,1.0
1,1,1.0
0,0,0.0
1,1,1.0
1,1,0.9051788129428273
1,1,1.0
1,1,1.0
1,1,1.0
1,1,0.8085577795257158
0,0,0.0
1,1,0.9035563685231235
1,1,1.0
0,0,0.0
1,1,0.9552821068158686
0,0,0.0
0,0,0.0
1,1,0.9523760165576681
0,0,0.0
1,1,1.0
0,0,0.0
0,0,0.04534400368373598
1,1,1.0
0,0,0.04480942025456279
0,0,0.04373704260636443
1,1,1.0
1,1,1.0
0,0,0.0
1,1,1.0
0,0,0.0
1,1,1.0
0,0,0.0
1,1,1.0
0,0,0.0
0,0,0.0
0,0,0.0
0,0,0.0
1,1,0.9534417368671015
1,1,1.0
1,1,1.0
0,0,0.0
0,0,0.0
0,0,0.0
1,1,0.9542999269186605
1,1,0.9081584643434506
0,0,0.0
1,1,1.0
1,1,1.0
1,1,1.0
1,1,1.0
1,1,1.0
1,1,1.0
1,1,0.9561477258494996
1,1,1.0
0,0,0.0
0,0,0.0
1,1,0.9526649529824162
0,0,0.0
0,0,0.0
0,0,0.0
0,0,0.0
0,0,0.0
0,0,0.0
1,1,1.0
0,0,0.0
0,0,0.0
0,0,0.0
1,1,1.0
1,1,1.0
0,0,0.0
1,1,1.0
0,0,0.22905891159610015
0,0,0.0
0,0,0.0
1,1,1.0
1,1,1.0
0,0,0.0
0,0,0.0
1,1,0.9084072606156914
1,1,1.0
1,1,1.0
0,0,0.0
1,1,1.0
0,0,0.0
1,1,1.0
0,0,0.0
0,0,0.0
0,0,0.0
0,0,0.0
1,1,1.0
0,0,0.0
0,0,0.0
1,1,0.9051824372338011
1,1,0.95436561028404
1,1,1.0
1,1,1.0
1,1,1.0
1,1,1.0
1,1,1.0
0,0,0.0
1,1,1.0
1,1,1.0
1,1,1.0
1,1,1.0
1,1,1.0
0,0,0.045958134950130416
0,0,0.0
0,0,0.0
1,1,1.0
0,0,0.0
1,1,1.0
1,1,1.0
0,0,0.0
1,1,1.0
1,1,1.0
1,1,0.9062974867585497
0,0,0.0
1,1,1.0
1,1,1.0
0,0,0.0
0,0,0.0
0,0,0.0
1,1,1.0
0,0,0.0
1,1,1.0
1,1,1.0
1,1,1.0
1,1,1.0
0,0,0.0
1,1,1.0
1,1,1.0
0,0,0.0
1,1,1.0
0,0,0.0
1,1,1.0
0,0,0.0
1,1,1.0
0,0,0.0
1,1,0.814586849849246
0,0,0.0
0,0,0.0
1,1,1.0
1,1,1.0
1,1,1.0
0,0,0.0
1,1,1.0
1,1,0.9070896407595934
0,0,0.0
1,1,1.0
1,1,0.9544642068251635
0,0,0.0
0,0,0.0
1,1,1.0
1,1,0.9556080121169687
1,1,1.0
1,1,1.0
1,1,1.0
1,1,1.0
1,1,0.9533810448472235
1,1,1.0
0,0,0.0
0,0,0.0
1,1,1.0
0,0,0.0
1,1,1.0
1,1,1.0
1,1,1.0
1,1,1.0
1,1,1.0
1,1,1.0
1,1,1.0
1,1,1.0
1,1,1.0
1,1,0.8631524470545535
0,0,0.0
0,0,0.045874171156492324
1,1,1.0
0,0,0.0
1,1,1.0
1,1,1.0
0,0,0.0
0,0,0.18266889449437662
1,1,1.0
1,1,1.0
1,1,1.0
0,0,0.0
1,1,1.0
1,1,1.0
1,1,1.0
1,1,1.0
0,0,0.1917801955084742
1,1,1.0
0,0,0.0472311546354313
1,1,1.0
0,0,0.0
0,0,0.0
1,1,1.0
0,0,0.0
1,1,1.0
0,0,0.0
1,1,1.0
0,0,0.0
1,1,1.0
1,1,1.0
1,1,1.0
0,0,0.0
1,1,0.9546947838030287
0,0,0.0
1,1,1.0
1,1,1.0
0,0,0.0
1,1,0.9556604453832032
1,1,0.9100972962856455
1,1,1.0
0,0,0.0
1,1,1.0
0,0,0.0
1,1,0.8629966270849727
1,1,1.0
0,0,0.0
1,1,1.0
0,0,0.0
0,0,0.0
1,1,1.0
0,0,0.0
1,1,1.0
1,1,1.0
1,1,1.0
0,0,0.0
1,1,0.9065284162996652
1,1,1.0
0,0,0.0
0,0,0.0
0,0,0.0
1,1,1.0
0,0,0.0
0,0,0.0
1,1,1.0
1,1,1.0
0,0,0.0
1,1,1.0
1,1,1.0
1,1,1.0
0,0,0.0
1,1,1.0
0,0,0.0
1,1,1.0
1,1,1.0
1,1,1.0
0,0,0.0
1,1,1.0
0,0,0.0
0,0,0.0
1,1,1.0
0,0,0.0
1,1,1.0
1,1,1.0
1,1,0.9064674394629086
1,1,1.0
1,1,1.0
0,0,0.0
1,1,1.0
0,0,0.0
0,0,0.0
0,0,0.0
1,1,1.0
0,0,0.0
1,1,0.8058186998888303
1,1,0.7556572775964555
0,0,0.0
0,0,0.0
1,1,1.0
1,1,1.0
0,0,0.0
1,1,1.0
0,0,0.0
1,1,1.0
1,1,1.0
0,0,0.0
0,0,0.0
0,0,0.0
1,1,1.0
1,1,1.0
1,1,1.0
1,1,1.0
0,0,0.0
1,1,0.8628786677671257
1,1,1.0
1,1,1.0
0,0,0.0
1,1,1.0
1,1,1.0
1,1,1.0
1,1,1.0
1,1,1.0
0,0,0.0
0,0,0.09183269550423963
1,1,1.0
0,0,0.0
1,1,1.0
0,0,0.0
1,1,1.0
0,0,0.0
0,0,0.0
1,1,0.951891338918087
1,1,1.0
0,0,0.0
1,1,1.0
0,0,0.0
1,1,1.0
1,1,1.0
0,0,0.0
1,1,1.0
1,1,1.0
1,1,1.0
1,1,1.0
0,0,0.0
1,1,1.0
1,1,1.0
1,1,1.0
1,1,1.0
1,1,1.0
0,0,0.0
1,1,1.0
1,1,1.0
0,0,0.0
1,1,0.6334926324212096
1,1,1.0
0,0,0.048646760326397046
1,1,1.0
0,0,0.0
0,0,0.0
1,1,1.0
0,0,0.0
1,1,0.9537428904794812
1,1,0.9544541240726728
0,0,0.0
1,1,1.0
1,1,1.0
0,0,0.0
0,0,0.0
1,1,1.0
1,1,1.0
1,1,1.0
1,1,1.0
0,0,0.0
1,1,1.0
1,1,1.0
1,1,1.0
0,0,0.09044906036190854
1,1,1.0
1,1,1.0
1,1,1.0
1,1,1.0
1,1,1.0
1,1,1.0
1,1,1.0
1,1,0.9074990520138119
1,1,1.0
0,0,0.0
1,1,1.0
1,1,1.0
1,1,1.0
0,0,0.0
1,1,1.0
1,1,1.0
1,1,1.0
0,0,0.09499385878711915
0,0,0.0
0,0,0.0
0,0,0.0
1,1,1.0
1,1,1.0
0,0,0.0
1,1,1.0
0,0,0.0
1,1,1.0
1,1,1.0
1,1,1.0
1,1,1.0
1,1,1.0
1,1,1.0
0,0,0.0
1,1,1.0
1,1,1.0
1,1,1.0
1,1,1.0
1,1,1.0
1,1,1.0
1,1,1.0
1,1,1.0
1,1,1.0
1,1,0.9546281572102765
1,1,0.8094468867089554
1,1,1.0
0,0,0.0
0,0,0.0
1,1,1.0
0,0,0.0
1,1,1.0
1,1,1.0
0,0,0.0
1,1,1.0
1,1,1.0
1,1,1.0
1,1,1.0
0,0,0.0
1,1,1.0
1,1,1.0
1,1,1.0
1,1,1.0
1,1,1.0
0,0,0.0
0,0,0.0
1,1,1.0
0,0,0.0
0,0,0.0
1,1,1.0
0,0,0.0
1,1,0.8537282574986954
1,1,1.0
1,1,1.0
1,1,0.9525813375997462
1,1,0.9544235236103121
0,0,0.0
0,0,0.0
0,0,0.0
1,1,1.0
1,1,1.0
0,0,0.0
0,0,0.0
1,1,1.0
0,0,0.0
1,1,1.0
1,1,1.0
1,1,1.0
1,1,1.0
1,1,1.0
1,1,0.9029065220944791
0,0,0.0
1,1,1.0
0,0,0.0
0,0,0.0
1,1,1.0
1,1,1.0
0,0,0.0
1,1,0.954473268425883
1,1,1.0
0,0,0.0
0,0,0.0
1,1,1.0
1,1,1.0
0,0,0.0
1,1,1.0
1,1,0.9538471875015871
0,0,0.0
1,1,1.0
1,1,1.0
1,1,0.9087200009739833
1,1,1.0
1,1,0.9452730178128932
1,1,1.0
0,0,0.18313084835991367
1,1,1.0
1,1,1.0
0,0,0.0
1,1,1.0
1,1,1.0
1,1,1.0
1,1,1.0
1,1,1.0
1,1,1.0
1,1,1.0
1,1,1.0
1,1,0.9529433491151761
1,1,1.0
1,1,0.6190066909407164
1,1,1.0
0,0,0.04596739468185689
0,0,0.0
1,1,1.0
0,0,0.0
1,1,1.0
1,1,0.862634959017811
1,1,1.0
1,1,1.0
1,1,1.0
0,0,0.0
1,1,1.0
0,0,0.0
1,1,0.8093922201098902
1,1,1.0
1,1,1.0
1,1,1.0
1,1,1.0
1,1,0.9066591506842386
1,1,1.0
1,1,1.0
1,1,1.0
1,1,0.953679315059511
0,0,0.09140748574871346
1,1,1.0
1,1,1.0
0,0,0.0
1,1,1.0
1,1,1.0
1,1,1.0
1,1,1.0
0,0,0.0
1,1,1.0
0,0,0.0
1,1,0.9533443105176004
0,0,0.0
1,1,1.0
1,1,1.0
1,1,1.0
0,0,0.0
1,1,0.9538340732240052
0,0,0.0
0,0,0.0
1,1,1.0
1,1,1.0
1,1,1.0
1,1,1.0
1,1,1.0
0,0,0.0
1,1,1.0
1,1,1.0
1,1,1.0
1,1,1.0
1,1,0.9544818468738527
1,1,1.0
0,0,0.04971739398694226
1,1,1.0
1,1,1.0
0,0,0.0
1,1,1.0
1,1,1.0
1,1,1.0
1,1,0.8530053621547102
0,0,0.09170508334154572
0,0,0.0
1,1,1.0
0,0,0.0
1,1,1.0
1,1,0.9074765447378453
1,1,1.0
0,0,0.0
1,1,1.0
1,1,1.0
0,0,0.0
1,1,1.0
1,1,1.0
0,0,0.0
0,0,0.0
1,1,0.909434928871438
0,0,0.0
0,0,0.0
0,0,0.0
0,0,0.14319730994994703
1,1,1.0
0,0,0.0
0,0,0.0
1,1,1.0
0,0,0.0
1,1,1.0
1,1,1.0
1,1,1.0
0,0,0.0
1,1,1.0
1,1,1.0
1,1,1.0
1,1,1.0
0,0,0.0
0,0,0.0
0,0,0.0
0,0,0.0
1,1,1.0
1,1,0.9541387074986932
1,1,1.0
1,1,1.0
0,0,0.0
1,1,1.0
0,0,0.0
0,0,0.0
0,0,0.0
0,0,0.0
1,1,1.0
1,1,1.0
0,0,0.0
1,1,1.0
1,1,1.0
0,0,0.04613779346692816
1,1,1.0
0,0,0.0
0,0,0.0
1,1,1.0
1,1,1.0
1,1,0.9519803927354586
1,1,1.0
1,1,1.0
1,1,1.0
0,0,0.0
1,1,1.0
1,1,1.0
1,1,1.0
0,0,0.0
0,0,0.04543222318501374
1,1,1.0
0,0,0.0
0,0,0.046175472698438
1,1,1.0
1,1,1.0
0,0,0.0
1,1,1.0
0,0,0.0
0,0,0.0
0,0,0.0
0,0,0.0
1,1,1.0
0,0,0.0
0,0,0.0
0,0,0.0
1,1,1.0
1,1,1.0
1,1,0.8618679278300289
0,0,0.0
0,0,0.0
0,0,0.0
0,0,0.045402570887852184
1,1,1.0
0,0,0.0
1,1,1.0
1,1,1.0
1,1,1.0
1,1,1.0
1,1,0.9529498073820761
0,0,0.0
1,1,1.0
1,1,1.0
1,1,1.0
1,1,1.0
1,1,1.0
1,1,1.0
0,0,0.0
1,1,1.0
1,1,1.0
1,1,1.0
0,0,0.0
0,0,0.0
1,1,1.0
0,0,0.0
0,0,0.09503980242630808
1,1,1.0
0,0,0.0
0,0,0.0
1,1,1.0
1,1,1.0
1,1,1.0
0,0,0.0
1,1,1.0
1,1,1.0
0,0,0.0
1,1,1.0
0,0,0.0
1,1,1.0
1,1,1.0
0,0,0.0
0,0,0.0
0,0,0.0
1,1,1.0
0,0,0.0
1,1,1.0
0,0,0.0
1,1,0.7727297047073584
1,1,1.0
1,1,0.9555830668271206
1,1,1.0
1,1,0.9063144507791377
1,1,1.0
1,1,0.8087768990500518
0,0,0.0
0,0,0.09216668335164892
0,0,0.0
1,1,1.0
1,1,1.0
0,0,0.0
1,1,1.0
0,0,0.0
1,1,1.0
1,1,1.0
0,0,0.0
1,1,1.0
1,1,1.0
0,0,0.0
0,0,0.0
1,1,1.0
0,0,0.0
1,1,1.0
0,0,0.0
0,0,0.0
0,0,0.0
1,1,1.0
1,1,1.0
0,0,0.0
0,0,0.0
1,1,1.0
1,1,1.0
0,0,0.0
0,0,0.0
0,0,0.0
0,0,0.0
0,0,0.0
1,1,1.0
0,0,0.0
1,1,1.0
0,0,0.0
0,0,0.0
1,1,1.0
1,1,1.0
0,0,0.045582237508158506
0,0,0.09472696392830642
0,0,0.0
1,1,1.0
1,1,1.0
1,1,1.0
0,0,0.0
0,0,0.0
0,0,0.0
0,0,0.0
1,1,1.0
0,0,0.0
0,0,0.0
0,0,0.0
1,1,0.9518647910542629
1,1,0.9514723820376904
0,0,0.0
0,0,0.0
0,0,0.1861899775088974
1,1,0.8662614504142605
0,0,0.0
0,0,0.0
1,1,1.0
1,1,1.0
0,0,0.09338469744818606
1,1,1.0
1,1,0.9540950627235072
1,1,1.0
0,0,0.0
1,1,1.0
1,1,1.0
0,0,0.0
0,0,0.0
1,1,0.9553500775425215
1,1,1.0
1,1,1.0
1,1,1.0
1,1,1.0
1,1,0.9553700187647679
1,1,1.0
0,0,0.0
1,1,1.0
1,1,1.0
1,1,1.0
1,1,0.9531252428471253
0,0,0.0
0,0,0.0
0,0,0.0
1,1,1.0
0,0,0.0
0,0,0.14417479369489886
1,1,1.0
0,0,0.0
0,0,0.0
1,1,1.0
1,1,1.0
0,0,0.0
0,0,0.0
1,1,1.0
1,1,1.0
1,1,0.8619345869974122
0,0,0.0
1,1,1.0
1,1,0.8609131550664408
1,1,0.9077572781465194
1,1,1.0
0,0,0.0
1,1,1.0
0,0,0.0
0,0,0.0
1,1,0.8577502982479305
1,1,1.0
0,0,0.0
0,0,0.0
1,1,1.0
1,1,1.0
0,0,0.0
1,1,1.0
1,1,1.0
0,0,0.0
1,1,1.0
1,1,1.0
1,1,1.0
1,1,1.0
1,1,0.9563795862683379
1,1,0.9541402255535681
1,1,1.0
1,1,1.0
0,0,0.0
1,1,0.9078563764871282
1,1,1.0
1,1,1.0
0,0,0.0
1,1,0.9533521024589939
1,1,1.0
1,1,0.8680479242685527
0,0,0.0
1,1,0.716603273840565
1,1,0.9542333757326249
0,0,0.0
1,1,1.0
1,1,1.0
0,0,0.0
0,0,0.0
1,1,0.9547250133828095
1,1,1.0
1,1,1.0
1,1,0.9551669348043221
0,0,0.0
1,1,1.0
0,0,0.0
1,1,1.0
0,0,0.0
1,1,0.9117266101540255
1,1,1.0
0,0,0.0
0,0,0.0
1,1,1.0
1,1,0.8535005412690339
1,1,1.0
0,0,0.0
1,1,1.0
1,1,0.9551562823864435
1,1,1.0
0,0,0.0
0,0,0.0958346458741078
0,0,0.0
0,0,0.0
0,0,0.0
0,0,0.0
0,0,0.0
1,1,1.0
1,1,1.0
1,1,0.9564270752051443
1,1,1.0
0,0,0.19152092285387234
1,1,1.0
1,1,1.0
1,1,0.8165771172440736
0,0,0.0
1,1,1.0
1,1,1.0
0,0,0.0
0,0,0.0
1,1,1.0
1,1,1.0
1,1,1.0
0,0,0.18629244512299237
1,1,0.9559209845380244
0,0,0.0
0,0,0.0
1,1,0.9106724459693608
0,0,0.0
1,1,1.0
0,0,0.0
0,0,0.0
1,1,1.0
1,1,1.0
1,1,1.0
0,0,0.0
1,1,0.954549828814509
1,1,1.0
1,1,1.0
1,1,1.0
0,0,0.0
0,0,0.1834123905114434
0,0,0.0
1,1,1.0
1,1,1.0
0,0,0.0
1,1,1.0
1,1,1.0
1,1,0.9548180905633202
1,1,1.0
0,0,0.0
1,1,1.0
1,1,0.9548843502829151
0,0,0.0
0,0,0.0
1,1,1.0
1,1,1.0
1,1,0.9046890081219664
1,1,1.0
0,0,0.0
0,0,0.0
1,1,1.0
1,1,1.0
0,0,0.0
1,1,1.0
1,1,1.0
1,1,1.0
1,1,0.9546720271181474
1,1,1.0
0,0,0.0
1,1,1.0
0,0,0.0
1,1,1.0
0,0,0.0
1,1,1.0
1,1,1.0
1,1,1.0
0,0,0.0
1,1,1.0
0,0,0.0
1,1,1.0
1,1,1.0
0,0,0.0
1,1,1.0
1,1,1.0
1,1,1.0
0,0,0.09455324587342062
1,1,1.0
0,0,0.0
1,1,1.0
1,1,0.7203713226952065
1,1,0.7692601483128267
0,0,0.0
1,1,1.0
0,0,0.0
1,1,1.0
1,1,1.0
0,0,0.0
0,0,0.0
0,0,0.0
0,0,0.0
0,0,0.0
1,1,1.0
1,1,1.0
0,0,0.0
1,1,1.0
0,0,0.0
0,0,0.14142105176377007
0,0,0.0
0,0,0.18672465066656618
1,1,1.0
0,0,0.0
1,1,1.0
0,0,0.0
1,1,1.0
1,1,1.0
0,0,0.2319313515962583
1,1,1.0
1,1,1.0
0,0,0.0
1,1,1.0
1,1,1.0
1,1,1.0
1,1,1.0
0,0,0.18411670008151237
1,1,1.0
1,1,1.0
0,0,0.0
0,0,0.0
0,0,0.0
1,1,1.0
0,0,0.0
1,1,1.0
1,1,1.0
1,1,1.0
0,0,0.0
1,1,1.0
1,1,1.0
1,1,1.0
0,0,0.0
1,1,1.0
1,1,1.0
1,1,0.7625839371425416
1,1,1.0
1,1,1.0
1,1,1.0
1,1,0.953226833370626
0,0,0.0
1,1,1.0
0,0,0.0
1,1,1.0
0,0,0.0
1,1,1.0
0,0,0.0
0,0,0.0
1,1,0.9054220504311107
1,1,1.0
0,0,0.0
1,1,1.0
1,1,1.0
0,0,0.0
1,1,1.0
1,1,0.7623065397253147
1,1,1.0
0,0,0.0
1,1,1.0
1,1,1.0
1,1,1.0
1,1,1.0
1,1,1.0
1,1,1.0
1,1,0.9541984201265657
0,0,0.0
1,1,1.0
1,1,1.0
0,0,0.0
1,1,1.0
1,1,1.0
1,1,1.0
0,0,0.0
1,1,1.0
1,1,1.0
1,1,0.9085966147928426
1,1,0.9535124825391313
1,1,0.8118284652585832
1,1,1.0
1,1,1.0
0,0,0.3810955055637072
0,0,0.0
0,0,0.0
1,1,1.0
1,1,1.0
1,1,1.0
0,0,0.0
1,1,1.0
0,0,0.0
1,1,0.9079094857964187
1,1,1.0
0,0,0.0
1,1,0.7626529167848456
0,0,0.3304837042887101
1,1,1.0
1,1,0.9542774018885862
1,1,1.0
0,0,0.0
1,1,1.0
1,1,1.0
1,1,1.0
1,1,1.0
1,1,1.0
0,0,0.09376677086551342
0,0,0.0
0,0,0.0
1,1,0.857951034828716
1,1,1.0
1,1,0.9075902990721006
1,1,1.0
1,1,1.0
1,1,1.0
0,0,0.0
1,1,1.0
1,1,1.0
0,0,0.0
0,0,0.0
1,1,1.0
0,0,0.3386856425980893
0,0,0.0
1,1,1.0
0,0,0.0
0,0,0.0
0,0,0.0
0,0,0.0
1,1,1.0
0,0,0.23150771318493177
0,0,0.0
0,0,0.0
1,1,1.0
0,0,0.0
1,1,1.0
0,0,0.0
0,0,0.0
1,1,0.8593747346563587
0,0,0.0
1,1,1.0
1,1,1.0
0,0,0.0
1,1,1.0
1,1,1.0
1,1,1.0
1,1,0.9091284477063507
1,1,1.0
0,0,0.0
0,0,0.0
0,0,0.0
0,0,0.0
0,0,0.0
0,0,0.0
0,0,0.0
1,1,1.0
1,1,1.0
1,1,1.0
1,1,1.0
1,1,1.0
1,1,1.0
1,1,0.9065388192653653
1,1,0.8053545534161202
1,1,0.7745064133191518
1,1,1.0
0,0,0.048041322437201196
0,0,0.0
1,1,1.0
1,1,1.0
1,1,1.0
0,0,0.0
1,1,0.8619447371638949
1,1,1.0
1,1,0.9072250670921661
0,0,0.0
1,1,1.0
1,1,1.0
0,0,0.0
0,0,0.0
0,0,0.0
1,1,1.0
0,0,0.045933122768854154
1,1,1.0
1,1,1.0
0,0,0.0
1,1,1.0
0,0,0.0
0,0,0.0
1,1,1.0
0,0,0.0
1,1,1.0
0,0,0.0
0,0,0.0
1,1,1.0
1,1,1.0
1,1,0.9540178954434506
1,1,1.0
1,1,1.0
1,1,1.0
1,1,1.0
1,1,1.0
0,0,0.0
1,1,1.0
0,0,0.18480050104712045
0,0,0.0
1,1,1.0
1,1,1.0
0,0,0.0
1,1,1.0
0,0,0.0
1,1,1.0
0,0,0.0
0,0,0.0
0,0,0.0
0,0,0.24609503982666064
1,1,1.0
0,0,0.0
0,0,0.0
0,0,0.0
1,1,1.0
1,1,1.0
0,0,0.0
0,0,0.0
0,0,0.0
1,1,1.0
0,0,0.0
1,1,0.8231487225428612
0,0,0.0
1,1,1.0
1,1,0.9035652268052281
0,0,0.0
0,0,0.0
0,0,0.0
0,0,0.0
0,0,0.14297708138341372
1,1,1.0
1,1,0.9069923063528309
0,0,0.0
1,1,1.0
0,0,0.0
0,0,0.0
0,0,0.2742788117918037
1,1,1.0
1,1,1.0
0,0,0.0
0,0,0.0
1,1,1.0
1,1,1.0
0,0,0.0
0,0,0.0
1,1,1.0
0,0,0.0
1,1,1.0
1,1,1.0
0,0,0.0
0,0,0.0
1,1,1.0
1,1,1.0
0,0,0.0
0,0,0.0
1,1,1.0
1,1,1.0
0,0,0.0
1,1,1.0
1,1,1.0
1,1,1.0
1,1,1.0
1,1,1.0
1,1,1.0
0,0,0.0
1,1,1.0
0,0,0.0
1,1,1.0
0,0,0.23627826596795473
0,0,0.04505837791612384
1,1,1.0
0,0,0.0
0,0,0.0
1,1,1.0
0,0,0.0
0,0,0.0
0,0,0.0
0,0,0.0
0,0,0.0
1,1,0.9080888567678098
1,1,1.0
1,1,1.0
1,1,1.0
0,0,0.0
1,1,1.0
0,0,0.0
1,1,1.0
1,1,1.0
0,0,0.0
1,1,1.0
0,0,0.0
0,0,0.0
1,1,0.9542043984283782
0,0,0.0
1,1,1.0
0,0,0.0
1,1,1.0
1,1,1.0
0,0,0.0
1,1,1.0
1,1,1.0
1,1,1.0
1,1,1.0
1,1,1.0
0,0,0.044895894693126694
0,0,0.0
1,1,1.0
1,1,1.0
0,0,0.0
1,1,1.0
1,1,0.9101514458219798
0,0,0.0
1,1,1.0
1,1,1.0
0,0,0.0
1,1,1.0
1,1,1.0
1,1,1.0
0,0,0.0
1,1,1.0
1,1,1.0
1,1,1.0
0,0,0.0
0,0,0.0
0,0,0.0
1,1,1.0
0,0,0.0
0,0,0.0
1,1,1.0
0,0,0.0
1,1,1.0
0,0,0.0
1,1,1.0
1,1,1.0
1,1,1.0
1,1,0.9534325599825851
1,1,0.9051718004407565
1,1,1.0
1,1,1.0
0,0,0.0
1,1,0.9060334911395326
1,1,0.90348145454966
1,1,1.0
1,1,1.0
0,0,0.0
1,1,1.0
0,0,0.04461628354567864
0,0,0.0
1,1,1.0
1,1,1.0
1,1,1.0
1,1,1.0
1,1,1.0
1,1,0.9556005034195666
0,0,0.0
0,0,0.0
0,0,0.0
1,1,0.9103999101856931
1,1,1.0
0,0,0.0
1,1,1.0
0,0,0.0
0,0,0.0
1,1,1.0
1,1,1.0
1,1,1.0
1,1,1.0
1,1,1.0
1,1,0.8013968029127653
1,1,0.8156680980170857
1,1,1.0
0,0,0.0
1,1,0.9532597055342574
1,1,0.8098789643268078
0,0,0.093216371310472
1,1,1.0
1,1,0.8633098542015565
0,0,0.0
0,1,0.6183864714545558
1,1,0.9543421907857722
1,1,1.0
0,0,0.0
1,1,0.9077091547979125
0,0,0.0
1,1,1.0
1,1,1.0
0,0,0.0
0,0,0.0
0,0,0.0
1,1,0.9071875801024702
1,1,1.0
0,0,0.0
1,1,1.0
1,1,1.0
0,0,0.33346804326021157
1,1,1.0
0,0,0.0
1,1,1.0
0,0,0.0
1,1,1.0
0,0,0.0
1,1,1.0
1,1,0.9528175407554208
1,1,1.0
1,1,1.0
1,1,0.6747934772441532
1,1,1.0
0,0,0.0
1,1,0.9537466023174491
1,1,0.6337237912904018
0,0,0.0
1,1,1.0
0,0,0.0
1,1,1.0
1,1,0.9070535526817916
0,0,0.0
1,1,1.0
1,1,1.0
1,1,1.0
0,0,0.0
0,0,0.0
1,1,1.0
1,1,1.0
1,1,0.9537433758601416
1,1,1.0
1,1,1.0
1,1,1.0
1,1,1.0
1,1,0.9468409308382837
1,1,1.0
1,1,1.0
1,1,1.0
0,0,0.0
1,1,1.0
0,0,0.0
1,1,1.0
0,0,0.0
0,0,0.0
1,1,1.0
1,1,0.9544503908383115
0,0,0.0
1,1,1.0
0,0,0.0
0,0,0.0
1,1,1.0
1,1,1.0
0,0,0.0
1,1,1.0
1,1,1.0
0,0,0.0
1,1,1.0
1,1,1.0
1,1,1.0
1,1,1.0
0,0,0.145444974343813
1,1,1.0
1,1,1.0
1,1,0.9521246352344989
1,1,1.0
1,1,1.0
1,1,1.0
1,1,1.0
1,1,1.0
1,1,1.0
1,1,0.9518525739266275
1,1,1.0
0,0,0.0
0,0,0.0
1,1,0.9545235173187799
1,1,1.0
1,1,1.0
0,0,0.0
1,1,0.90010032123695
1,1,1.0
0,0,0.0
1,1,1.0
0,0,0.0
1,1,1.0
1,1,1.0
0,1,0.8337747129851295
1,1,1.0
0,0,0.3815087372761942
0,0,0.045696186813398786
1,1,1.0
1,1,1.0
1,1,1.0
0,0,0.0
1,1,1.0
1,1,1.0
0,0,0.0
0,0,0.1378834736890465
1,1,1.0
1,1,1.0
1,1,1.0
1,1,1.0
1,1,1.0
1,1,1.0
0,0,0.0
0,0,0.18492123827973833
1,1,1.0
1,1,1.0
0,0,0.0
1,1,1.0
0,0,0.0
0,0,0.0
1,1,1.0
0,0,0.0
1,1,0.952635036364302
1,1,0.953365398497268
1,1,0.8557922563345001
0,0,0.0
1,1,1.0
1,1,0.8177219300914303
1,1,1.0
0,0,0.0
0,0,0.0
1,1,1.0
0,0,0.0
1,1,1.0
0,0,0.0
1,1,1.0
1,1,1.0
1,1,1.0
1,1,1.0
1,1,1.0
1,1,1.0
1,1,1.0
0,0,0.0
1,1,1.0
1,1,1.0
0,0,0.0
1,1,1.0
1,1,1.0
0,0,0.0
0,0,0.0
1,1,1.0
0,0,0.0
0,0,0.13566769373499823
1,1,1.0
1,1,1.0
0,0,0.0
0,0,0.0
1,1,1.0
0,0,0.23361933514039532
1,1,1.0
1,1,1.0
0,0,0.0
1,1,1.0
1,1,1.0
1,1,1.0
1,1,1.0
1,1,1.0
1,1,1.0
0,0,0.0
1,1,1.0
1,1,1.0
0,0,0.0
0,0,0.0
0,0,0.0
1,1,1.0
1,1,1.0
0,0,0.0
1,1,1.0
0,0,0.0
1,1,1.0
1,1,0.9077568068578733
0,0,0.0
0,0,0.0
1,1,1.0
1,1,0.9522237211154604
0,0,0.0
1,1,1.0
1,1,0.8630670598208332
0,0,0.0
0,0,0.0
1,1,0.9549482356218258
0,0,0.0
1,1,0.9012469732292198
1,1,0.9552471385605912
0,0,0.0
1,1,1.0
1,1,1.0
1,1,1.0
0,0,0.0
1,1,1.0
0,0,0.0
0,0,0.0
1,1,1.0
1,1,1.0
0,0,0.43062485247494175
0,0,0.0
0,0,0.14091476086957083
1,1,1.0
0,0,0.04468197714921611
0,0,0.0
1,1,1.0
1,1,0.7606463123843199
0,0,0.0
1,1,1.0
0,0,0.0
1,1,1.0
1,1,1.0
1,1,1.0
0,0,0.0
1,1,1.0
0,0,0.0
0,0,0.0
1,1,1.0
1,1,0.9520339026947902
0,0,0.0
1,1,1.0
0,0,0.0
0,0,0.0
0,0,0.0
1,1,0.9545540146252748
1,1,0.8629414293128622
1,1,1.0
1,1,1.0
0,0,0.0
0,0,0.18527831132147965
1,1,1.0
1,1,1.0
1,1,1.0
1,1,1.0
1,1,1.0
0,0,0.0
0,0,0.0
0,0,0.0
1,1,0.8587156915483185
1,1,1.0
0,0,0.0
1,1,1.0
1,1,1.0
1,1,1.0
0,0,0.0
1,1,1.0
1,1,1.0
0,0,0.0
0,0,0.04288266339883129
0,0,0.0
1,1,1.0
1,1,0.9532127240624757
1,1,1.0
1,1,1.0
0,0,0.0
0,0,0.0
1,1,1.0
1,1,1.0
1,1,1.0
1,1,1.0
1,1,1.0
1,1,0.9530834412263065
0,0,0.0
0,0,0.18249628705172705
1,1,1.0
1,1,1.0
0,0,0.0
1,1,1.0
1,1,1.0
1,1,1.0
1,1,1.0
1,1,1.0
1,1,0.709731300458676
0,0,0.0
1,1,1.0
1,1,1.0
0,0,0.0
1,1,1.0
0,0,0.0
1,1,0.8624675775391666
1,1,1.0
1,1,1.0
0,0,0.0
0,0,0.0
0,0,0.0
1,1,0.9554623672463844
1,1,1.0
1,1,0.8591507641224675
0,0,0.0
0,0,0.09173449480929784
1,1,1.0
1,1,1.0
0,0,0.0
1,1,1.0
0,0,0.0
1,1,1.0
1,1,1.0
1,1,1.0
1,1,0.9042284928799607
1,1,1.0
0,0,0.0
0,0,0.0
0,0,0.0
0,0,0.0
0,0,0.0
0,0,0.0
1,1,1.0
0,0,0.0
1,1,0.9046440779917158
1,1,0.951037198386713
1,1,1.0
1,1,0.8575592708136898
1,1,0.7212559823623815
0,0,0.0
0,0,0.0
1,1,1.0
1,1,0.9544790155077633
0,0,0.0
0,0,0.0
1,1,1.0
1,1,1.0
0,0,0.0
1,1,1.0
1,1,0.9550188513841287
0,0,0.0
0,0,0.0
1,1,0.9545809636146291
1,1,1.0
0,0,0.0
1,1,1.0
0,0,0.0
1,1,0.9064907238190377
1,1,1.0
0,0,0.0
1,1,1.0
0,0,0.0
1,1,1.0
1,1,0.9044109475965363
1,1,0.9565815680381093
0,0,0.0
0,0,0.0
1,1,1.0
1,1,1.0
0,0,0.0
1,1,1.0
0,0,0.0
1,1,0.9544254220087315
1,1,1.0
0,0,0.0
0,0,0.0
1,1,1.0
0,0,0.0
0,0,0.0
0,0,0.0
1,1,1.0
0,0,0.0
0,0,0.0
0,0,0.0
0,0,0.0
1,1,1.0
1,1,0.8557281885392103
0,0,0.0
1,1,1.0
1,1,1.0
1,1,1.0
0,0,0.0
1,1,1.0
0,0,0.0
1,1,1.0
1,1,1.0
1,1,1.0
0,0,0.0
1,1,1.0
0,0,0.0
0,0,0.0
0,0,0.0
1,1,0.7173401683736395
0,0,0.0
1,1,1.0
0,0,0.0
1,1,1.0
1,1,1.0
1,1,1.0
1,1,1.0
1,1,1.0
1,1,1.0
1,1,1.0
0,0,0.0
1,1,1.0
1,1,1.0
1,1,1.0
1,1,1.0
1,1,1.0
1,1,1.0
1,1,1.0
1,1,1.0
1,1,1.0
1,1,0.8581563025171176
1,1,1.0
1,1,0.8162274526702796
1,1,1.0
1,1,0.7758917820399683
1,1,1.0
0,0,0.0
1,1,0.9090872563997475
0,0,0.0
0,0,0.0
1,1,1.0
0,0,0.0
1,1,0.8574930320820462
1,1,1.0
1,1,0.7656204713468556
0,0,0.0
1,1,1.0
0,0,0.0
1,1,1.0
1,1,1.0
1,1,1.0
1,1,0.9551463395259006
1,1,1.0
1,1,1.0
1,1,0.8535141517911999
0,0,0.0
0,0,0.0
1,1,1.0
0,0,0.08491767132613381
1,1,1.0
1,1,1.0
0,0,0.0
1,1,1.0
1,1,0.9526119900737925
0,0,0.0
1,1,1.0
0,0,0.0
1,1,0.9067748751438217
1,1,1.0
1,1,1.0
1,1,1.0
1,1,1.0
1,1,1.0
1,1,1.0
0,0,0.0
1,1,0.9534663908289583
0,0,0.04598600770844065
1,1,1.0
1,1,1.0
1,1,1.0
1,1,1.0
1,1,0.9555025900304063
0,0,0.0
0,0,0.0
1,1,1.0
1,1,1.0
1,1,0.9533377091813816
0,0,0.0
1,1,1.0
0,0,0.0
0,0,0.0
1,1,1.0
0,0,0.0
0,0,0.14472673938544206
0,0,0.0
1,1,1.0
0,0,0.0
0,0,0.0
0,0,0.0
1,1,1.0
1,1,1.0
1,1,1.0
0,0,0.0
0,0,0.0
1,1,1.0
1,1,1.0
0,0,0.0
0,0,0.0
1,1,1.0
0,0,0.0
0,0,0.0498685775285096
1,1,1.0
0,0,0.0
1,1,1.0
1,1,1.0
1,1,0.9082081703725353
1,1,1.0
0,0,0.0
0,0,0.0
1,1,1.0
1,1,1.0
0,0,0.04532456772648201
1,1,1.0
1,1,1.0
1,1,1.0
1,1,1.0
1,1,1.0
1,1,1.0
1,1,1.0
1,1,1.0
0,0,0.0
0,0,0.0
0,0,0.0
0,0,0.0
1,1,1.0
0,0,0.2873515239817513
1,1,1.0
1,1,1.0
1,1,1.0
1,1,1.0
1,1,1.0
1,1,1.0
1,1,1.0
1,1,1.0
1,1,1.0
0,0,0.0
0,0,0.185514680120177
0,0,0.0
1,1,1.0
1,1,1.0
1,1,1.0
0,0,0.0
1,1,0.9033973782936772
0,0,0.0
1,1,1.0
1,1,1.0
1,1,0.9536351855908436
1,1,1.0
1,1,1.0
0,0,0.0
1,1,1.0
0,0,0.0
0,0,0.0
0,0,0.0
1,1,1.0
0,0,0.0
1,1,1.0
1,1,1.0
1,1,1.0
1,1,1.0
1,1,1.0
0,0,0.04396234209220825
0,0,0.0
0,0,0.0
1,1,1.0
0,0,0.0
0,0,0.0
1,1,1.0
1,1,1.0
1,1,0.9546589623694137
1,1,1.0
0,0,0.0
0,0,0.0
0,0,0.0
1,1,1.0
0,0,0.13806730836416448
1,1,1.0
1,1,0.9531824233343809
1,1,1.0
1,1,1.0
1,1,0.9535923192855299
0,0,0.04524829499505954
0,0,0.0
1,1,1.0
1,1,1.0
1,1,1.0
1,1,1.0
1,1,1.0
1,1,1.0
1,1,1.0
1,1,1.0
0,0,0.0
0,0,0.0
1,1,0.8993919664833583
1,1,1.0
0,0,0.14090674544436652
0,0,0.0
0,0,0.04513214817188782
1,1,1.0
1,1,1.0
0,0,0.1388462886382961
0,0,0.0
0,0,0.0
1,1,0.8560171691364996
0,0,0.0
0,0,0.0
1,1,1.0
1,1,0.9057947871828047
1,1,1.0
1,1,1.0
0,0,0.0
1,1,1.0
0,0,0.0
1,1,1.0
0,0,0.0937872948796267
1,1,1.0
1,1,1.0
1,1,1.0
1,1,1.0
1,1,1.0
0,0,0.0
1,1,1.0
1,1,1.0
1,1,1.0
0,0,0.0
0,0,0.0
1,1,0.9546452414262204
0,0,0.0
1,1,0.9058358941718151
0,0,0.0
0,0,0.0
1,1,1.0
0,0,0.04224421932764499
1,1,0.9552181374467477
1,1,1.0
0,0,0.0
1,1,1.0
1,1,0.9068179775029568
1,1,1.0
1,1,1.0
0,0,0.0
1,1,1.0
1,1,1.0
1,1,1.0
0,0,0.0
0,0,0.0
0,0,0.0
0,0,0.0
0,0,0.0
0,0,0.0
1,1,1.0
1,1,1.0
1,1,1.0
0,0,0.0
1,1,1.0
1,1,1.0
1,1,1.0
1,1,1.0
1,1,0.9515107137248234
1,1,1.0
1,1,1.0
1,1,1.0
1,1,1.0
0,0,0.0
1,1,1.0
1,1,1.0
1,1,0.9531747899206273
1,1,1.0
1,1,1.0
0,0,0.0
0,0,0.0
1,1,1.0
1,1,1.0
0,0,0.0
1,1,0.9539800867000107
0,0,0.0
1,1,1.0
0,0,0.04583056359728162
1,1,1.0
1,1,1.0
1,1,0.9551750126875128
1,1,0.9538339107764657
1,1,1.0
1,1,1.0
0,0,0.0
1,1,1.0
1,1,1.0
1,1,1.0
0,0,0.0
1,1,1.0
1,1,1.0
0,0,0.0
0,0,0.0
1,1,1.0
1,1,1.0
1,1,1.0
1,1,0.9551639341721909
0,0,0.0
1,1,1.0
0,0,0.0
1,1,1.0
1,1,1.0
0,0,0.0
1,1,1.0
0,0,0.0
1,1,1.0
1,1,0.9546620312560008
1,1,1.0
0,0,0.0
0,0,0.0
0,0,0.0
0,0,0.0
1,1,1.0
0,0,0.24408860849222447
1,1,0.8091145863746201
0,0,0.0
1,1,1.0
1,1,0.9546173938851471
1,1,1.0
1,1,1.0
0,0,0.0
1,1,1.0
1,1,1.0
0,0,0.0
1,1,1.0
1,1,0.9523921445979638
1,1,1.0
0,0,0.23391298110706746
0,0,0.0
0,0,0.0
0,0,0.0
0,0,0.0
0,0,0.0
1,1,1.0
0,0,0.0
1,1,1.0
0,0,0.0
1,1,1.0
0,0,0.0
0,0,0.0
1,1,1.0
1,1,1.0
0,0,0.0
0,0,0.046867152046136853
1,1,1.0
1,1,1.0
1,1,1.0
1,1,1.0
1,1,1.0
0,0,0.0
1,1,1.0
1,1,0.9056675957759492
1,1,1.0
0,0,0.0
0,0,0.0
1,1,1.0
0,0,0.0
1,1,0.9057257917196423
1,1,1.0
1,1,1.0
1,1,1.0
1,1,1.0
1,1,1.0
1,1,1.0
1,1,1.0
1,1,1.0
1,1,1.0
1,1,1.0
1,1,1.0
0,0,0.0
1,1,1.0
0,0,0.0
0,0,0.0
1,1,1.0
1,1,1.0
1,1,1.0
1,1,1.0
1,1,1.0
0,0,0.0
1,1,1.0
1,1,1.0
1,1,1.0
1,1,1.0
1,1,1.0
0,0,0.0
1,1,1.0
0,0,0.0
1,1,0.9539737275246775
0,0,0.0
1,1,1.0
0,0,0.0
1,1,1.0
0,0,0.0
0,0,0.1922135855258358
0,0,0.0
0,0,0.0
1,1,1.0
0,0,0.0
1,1,1.0
0,0,0.0
0,0,0.0
1,1,1.0
0,0,0.0
1,1,1.0
0,0,0.0
0,0,0.0
1,1,1.0
1,1,1.0
0,0,0.0
1,1,1.0
1,1,0.9087970431242042
1,1,0.7663234892031899
1,1,1.0
1,1,1.0
0,0,0.0
0,0,0.0
1,1,1.0
0,0,0.0
1,1,1.0
1,1,1.0
1,1,1.0
1,1,0.9526347890773642
0,0,0.0
1,1,1.0
1,1,1.0
1,1,1.0
1,1,1.0
1,1,1.0
1,1,1.0
1,1,1.0
0,0,0.0
1,1,1.0
0,0,0.0
1,1,1.0
0,0,0.0
1,1,1.0
0,0,0.0
0,0,0.0
1,1,0.9527852608052172
0,0,0.0
1,1,0.9531390600006563
1,1,0.9549710211881179
1,1,1.0
1,1,1.0
0,0,0.0
0,0,0.0
0,0,0.0
1,1,1.0
1,1,1.0
1,1,1.0
1,1,1.0
1,1,1.0
0,0,0.0
1,1,1.0
1,1,1.0
0,0,0.0
0,0,0.0
1,1,1.0
1,1,0.8583533168008072
1,1,1.0
1,1,1.0
0,0,0.0
1,1,1.0
1,1,1.0
0,0,0.0
1,1,1.0
1,1,1.0
0,0,0.0
1,1,0.9532616253824031
1,1,0.9493732685007227
0,0,0.0
0,0,0.0
0,0,0.0
1,1,1.0
1,1,0.9009527566219925
1,1,1.0
0,0,0.0
1,1,1.0
1,1,0.9546162917065611
1,1,1.0
1,1,0.9532188094917502
1,1,1.0
1,1,1.0
1,1,1.0
1,1,1.0
0,0,0.0
1,1,0.9535834333300208
1,1,1.0
1,1,1.0
1,1,1.0
1,1,1.0
1,1,1.0
1,1,1.0
1,1,1.0
1,1,1.0
1,1,1.0
0,0,0.0
0,0,0.0
0,0,0.0
1,1,1.0
1,1,1.0
1,1,1.0
0,0,0.0
0,0,0.0
1,1,1.0
0,0,0.0
1,1,0.9036674122132239
1,1,1.0
0,0,0.0
1,1,1.0
0,0,0.0
1,1,1.0
0,0,0.09292476178021623
1,1,1.0
1,1,1.0
1,1,1.0
0,0,0.0
1,1,1.0
0,0,0.0
1,1,1.0
0,0,0.0
1,1,1.0
1,1,1.0
0,0,0.0
1,1,0.9073978258290673
1,1,1.0
1,1,1.0
0,0,0.0
0,0,0.0
1,1,1.0
0,0,0.0
1,1,1.0
1,1,1.0
0,0,0.0
1,1,1.0
1,1,1.0
1,1,1.0
1,1,1.0
0,0,0.0
1,1,1.0
1,1,0.8621952647131372
0,0,0.0
1,1,1.0
1,1,1.0
1,1,1.0
0,0,0.0
0,0,0.0
1,1,0.907216615796725
0,0,0.0
1,1,0.9094078939654563
0,0,0.0
1,1,0.9029600456915905
1,1,1.0
1,1,1.0
1,1,1.0
1,1,1.0
0,0,0.04404812985998803
0,0,0.0
1,1,1.0
1,1,0.8109500367316551
1,1,0.8537896730715546
0,0,0.0
0,0,0.0
1,1,1.0
1,1,1.0
1,1,1.0
1,1,1.0
1,1,1.0
1,1,1.0
1,1,1.0
1,1,1.0
1,1,1.0
1,1,1.0
1,1,1.0
0,0,0.0
1,1,1.0
1,1,1.0
0,0,0.0
1,1,1.0
1,1,1.0
0,0,0.0
1,1,1.0
1,1,1.0
1,1,0.9031510812386211
1,1,1.0
0,0,0.04440264288505913
1,1,1.0
1,1,1.0
1,1,1.0
0,0,0.22518220572157752
0,0,0.0
1,1,1.0
0,0,0.0
0,0,0.0
0,0,0.0
0,0,0.0
0,0,0.0
1,1,1.0
1,1,1.0
1,1,0.7221654516483277
1,1,1.0
1,1,1.0
0,0,0.0
0,0,0.0
1,1,1.0
1,1,1.0
0,0,0.0
1,1,1.0
1,1,1.0
1,1,1.0
0,0,0.0
1,1,0.9525500679543266
0,0,0.0
0,0,0.0
0,0,0.0
0,0,0.0
0,0,0.0
0,0,0.09636617367984045
1,1,1.0
0,0,0.0
0,0,0.0
1,1,1.0
1,1,1.0
1,1,1.0
0,0,0.0
0,0,0.0
1,1,1.0
0,0,0.0
1,1,1.0
1,1,1.0
0,0,0.0
0,0,0.0
0,0,0.0
1,1,1.0
0,0,0.0
1,1,1.0
1,1,1.0
1,1,1.0
1,1,1.0
1,1,0.9542929849265985
1,1,1.0
1,1,1.0
1,1,1.0
0,0,0.0
0,0,0.0
1,1,1.0
1,1,1.0
1,1,0.9086937815405582
0,0,0.0
1,1,1.0
0,0,0.0
1,1,1.0
1,1,1.0
1,1,1.0
1,1,1.0
0,0,0.0
1,1,1.0
0,0,0.0
1,1,1.0
1,1,1.0
1,1,1.0
1,1,1.0
0,0,0.09202400177729224
1,1,1.0
0,0,0.0
0,0,0.0
1,1,1.0
1,1,1.0
0,0,0.04678961762615097
0,0,0.0
1,1,1.0
0,0,0.0
1,1,1.0
1,1,1.0
1,1,1.0
1,1,1.0
1,1,1.0
0,0,0.0
0,0,0.0
1,1,1.0
1,1,1.0
0,0,0.0
0,0,0.0
0,0,0.0
0,0,0.0
0,0,0.0
1,1,1.0
1,1,0.9526367351505998
1,1,1.0
0,0,0.0
1,1,1.0
0,0,0.1855246163238378
1,1,1.0
0,0,0.0
0,0,0.0
1,1,1.0
0,0,0.0
0,0,0.0
1,1,1.0
1,1,1.0
1,1,1.0
1,1,0.8611207608762343
1,1,1.0
1,1,1.0
1,1,1.0
1,1,1.0
1,1,1.0
0,0,0.0
1,1,1.0
0,0,0.0
1,1,1.0
1,1,0.9550601650946461
0,0,0.0
1,1,1.0
1,1,1.0
0,0,0.0
1,1,1.0
1,1,1.0
0,0,0.0
0,0,0.0
0,0,0.0
0,0,0.0
1,1,0.9555628122230524
0,0,0.0
0,0,0.0
1,1,1.0
1,1,1.0
1,1,1.0
1,1,1.0
1,1,1.0
1,1,1.0
0,0,0.0
1,1,1.0
1,1,1.0
0,0,0.0
1,1,1.0
0,0,0.0
1,1,1.0
0,0,0.0
1,1,1.0
1,1,1.0
1,1,1.0
1,1,0.9086955042884995
0,0,0.0
0,0,0.0
0,0,0.0
0,0,0.0
1,1,1.0
1,1,1.0
1,1,1.0
1,1,1.0
1,1,1.0
1,1,1.0
1,1,1.0
1,1,1.0
0,0,0.0
1,1,1.0
1,1,1.0
0,0,0.0
1,1,0.9533029828165902
0,0,0.0
1,1,1.0
0,0,0.0
0,0,0.0
1,1,1.0
1,1,1.0
1,1,1.0
1,1,1.0
1,1,1.0
1,1,1.0
0,0,0.18524934983194127
1,1,1.0
0,0,0.0
0,0,0.0
1,1,1.0
1,1,1.0
1,1,1.0
1,1,0.9554483051675217
1,1,1.0
1,1,1.0
1,1,1.0
1,1,1.0
1,1,1.0
1,1,0.9522935713591324
0,0,0.0
1,1,1.0
1,1,1.0
0,0,0.0
1,1,1.0
1,1,1.0
0,0,0.0
1,1,1.0
1,1,1.0
1,1,1.0
1,1,1.0
0,0,0.0
1,1,1.0
1,1,0.9064190437509899
0,0,0.0
1,1,1.0
1,1,1.0
1,1,0.9547002467294936
1,1,1.0
1,1,1.0
1,1,1.0
1,1,1.0
1,1,1.0
1,1,1.0
1,1,1.0
1,1,1.0
1,1,1.0
0,0,0.0
1,1,1.0
0,0,0.13930062334590965
0,0,0.0
1,1,1.0
0,0,0.0
1,1,1.0
0,0,0.0
0,0,0.0
0,0,0.0
1,1,1.0
1,1,1.0
0,0,0.0
1,1,0.9071861489471499
1,1,1.0
1,1,1.0
0,0,0.0
1,1,1.0
1,1,1.0
1,1,1.0
1,1,0.9552140997265401
1,1,0.9540989236363534
1,1,1.0
0,0,0.0
1,1,1.0
1,1,1.0
1,1,0.9087207400599835
1,1,1.0
1,1,0.9548011121611852
0,0,0.0
1,1,1.0
1,1,1.0
0,0,0.32949514206079866
1,1,1.0
1,1,1.0
0,0,0.0
1,1,1.0
0,0,0.0
1,1,1.0
0,0,0.0
1,1,1.0
0,0,0.0
1,1,1.0
0,0,0.0
1,1,1.0
0,0,0.0
0,0,0.0
1,1,1.0
1,1,1.0
1,1,1.0
1,1,1.0
0,0,0.0
1,1,1.0
0,0,0.0
0,0,0.0
0,0,0.0
1,1,0.9540213614138756
1,1,1.0
1,1,0.9518871547046611
0,0,0.0
1,1,1.0
0,0,0.0
0,0,0.0
1,1,1.0
0,0,0.0
1,1,1.0
1,1,1.0
0,0,0.0
1,1,1.0
1,1,1.0
1,1,1.0
1,1,1.0
0,0,0.0
0,0,0.0
0,0,0.0
1,1,1.0
0,0,0.0
0,0,0.2248027529526361
1,1,1.0
1,1,1.0
1,1,1.0
1,1,1.0
1,1,1.0
1,1,1.0
0,0,0.0
0,0,0.0
1,1,0.854234625792563
0,0,0.0
0,0,0.0
0,0,0.0
1,1,1.0
1,1,1.0
0,0,0.0
0,0,0.0
1,1,0.9068268111300534
1,1,1.0
1,1,1.0
1,1,0.9496376444867614
0,0,0.0
1,1,1.0
0,0,0.0
1,1,1.0
0,0,0.0
1,1,1.0
0,0,0.0
1,1,0.9517575975639629
1,1,1.0
1,1,1.0
0,0,0.04611689726095578
1,1,1.0
0,0,0.0
1,1,1.0
0,0,0.0468567415283337
1,1,1.0
1,1,1.0
0,0,0.0
1,1,1.0
0,0,0.0
1,1,1.0
1,1,1.0
0,0,0.0
0,0,0.0
0,0,0.0
1,1,1.0
0,0,0.045821683991142594
0,0,0.0
1,1,0.953519538488845
1,1,1.0
0,0,0.0
1,1,1.0
0,0,0.0
0,0,0.0
1,1,1.0
1,1,1.0
1,1,1.0
1,1,1.0
1,1,1.0
1,1,1.0
0,0,0.0
0,0,0.0
1,1,0.9535842282447976
1,1,1.0
1,1,1.0
0,0,0.0
0,0,0.0
0,0,0.0
1,1,1.0
1,1,0.9547760320141269
1,1,1.0
1,1,1.0
1,1,1.0
0,0,0.0
0,0,0.18886305176978177
1,1,1.0
0,0,0.0
0,0,0.0
1,1,1.0
0,0,0.0
1,1,1.0
1,1,1.0
1,1,1.0
1,1,1.0
0,0,0.0
1,1,1.0
1,1,1.0
1,1,1.0
1,1,1.0
1,1,1.0
1,1,1.0
1,1,1.0
1,1,1.0
0,0,0.0
0,0,0.0
1,1,1.0
1,1,1.0
0,0,0.0
1,1,1.0
1,1,1.0
1,1,1.0
1,1,1.0
1,1,1.0
1,1,1.0
1,1,1.0
1,1,1.0
1,1,1.0
1,1,1.0
1,1,1.0
0,0,0.0
0,0,0.0
0,0,0.0
1,1,1.0
0,0,0.0
0,0,0.0
1,1,1.0
1,1,1.0
0,0,0.046545549983786495
1,1,1.0
0,0,0.0
1,1,1.0
0,0,0.0
1,1,0.9079968322782217
0,0,0.0
0,0,0.0
1,1,1.0
0,0,0.0
1,1,0.9544777043335851
0,0,0.0
1,1,0.8574893770621491
1,1,0.9521031281820375
1,1,1.0
1,1,1.0
0,0,0.0
1,1,1.0
1,1,0.9523533575227118
0,0,0.0
1,1,1.0
0,0,0.0
0,0,0.0
1,1,1.0
1,1,1.0
1,1,1.0
1,1,1.0
1,1,1.0
1,1,1.0
0,0,0.0
1,1,0.9547493973430748
0,0,0.0
0,0,0.0
1,1,1.0
1,1,0.95322957028199
1,1,1.0
0,0,0.0
1,1,1.0
1,1,1.0
0,0,0.0
1,1,1.0
0,0,0.0
1,1,1.0
0,0,0.0
1,1,1.0
0,0,0.0
1,1,1.0
0,0,0.0
1,1,1.0
0,0,0.0
1,1,1.0
1,1,1.0
0,0,0.0
0,0,0.0
1,1,0.9531903211455455
1,1,1.0
0,0,0.27989409442578267
0,0,0.0
1,1,1.0
1,1,1.0
1,1,1.0
1,1,1.0
1,1,0.9542205253357058
1,1,1.0
1,1,1.0
1,1,1.0
1,1,1.0
1,1,1.0
1,1,0.9529560092936975
1,1,1.0
1,1,1.0
0,0,0.0
1,1,1.0
0,0,0.0
1,1,0.9059114595973816
0,0,0.0
1,1,1.0
1,1,1.0
1,1,1.0
1,1,1.0
1,1,0.812591685225134
1,1,1.0
1,1,1.0
0,0,0.0
1,1,1.0
0,0,0.0
1,1,1.0
1,1,1.0
1,1,1.0
0,0,0.0
1,1,1.0
1,1,0.9553349370042088
1,1,1.0
0,0,0.0
1,1,1.0
0,0,0.0
0,0,0.043857773520614034
0,0,0.0
1,1,1.0
0,0,0.0
0,0,0.0
0,0,0.0
1,1,1.0
1,1,0.9061965811489164
1,1,1.0
1,1,1.0
0,0,0.0
1,1,1.0
0,0,0.0
1,1,1.0
1,1,1.0
0,0,0.0
1,1,1.0
1,1,1.0
1,1,1.0
1,1,0.9525862387709431
1,1,0.8583402259073026
0,0,0.0
0,0,0.0
1,1,1.0
1,1,1.0
1,1,1.0
1,1,1.0
0,0,0.0
0,0,0.0
1,1,1.0
0,0,0.0
1,1,1.0
1,1,1.0
1,1,1.0
1,1,1.0
0,0,0.0
1,1,1.0
1,1,1.0
1,1,1.0
0,0,0.0
1,1,1.0
1,1,1.0
0,0,0.0
1,1,1.0
1,1,1.0
1,1,0.956530196713048
0,0,0.0
0,0,0.0
0,0,0.0
1,1,1.0
0,0,0.0
0,0,0.0
0,0,0.0
1,1,1.0
1,1,1.0
1,1,1.0
0,0,0.0
0,0,0.0
0,0,0.0
0,0,0.0
1,1,1.0
0,0,0.0
1,1,1.0
1,1,0.9539730449023871
0,0,0.0
1,1,1.0
0,0,0.0904001654312181
1,1,1.0
1,1,1.0
1,1,1.0
0,0,0.0
1,1,1.0
0,0,0.0
0,0,0.0
1,1,1.0
0,0,0.0
1,1,1.0
0,0,0.0
1,1,1.0
1,1,1.0
1,1,1.0
0,0,0.0
1,1,1.0
1,1,1.0
1,1,1.0
0,0,0.0
0,0,0.0
1,1,0.954293529105433
1,1,1.0
0,0,0.0
1,1,1.0
1,1,1.0
1,1,1.0
1,1,1.0
1,1,0.9547332856411792
1,1,1.0
1,1,1.0
0,0,0.0
1,1,1.0
0,0,0.0
1,1,1.0
0,0,0.0
0,0,0.0
1,1,1.0
0,0,0.0
0,0,0.0
1,1,1.0
1,1,1.0
1,1,1.0
1,1,0.9510307485773307
1,1,1.0
1,1,1.0
1,1,1.0
0,0,0.0
1,1,1.0
1,1,1.0
0,0,0.0
1,1,1.0
0,0,0.0
0,0,0.09427210913588326
0,0,0.0
0,0,0.0
1,1,1.0
1,1,0.9081295594421797
1,1,0.9553097686195708
1,1,1.0
0,0,0.0
0,0,0.0
0,0,0.0
1,1,0.7152181147458554
0,0,0.0
0,0,0.0
1,1,1.0
1,1,1.0
1,1,1.0
1,1,1.0
1,1,1.0
1,1,1.0
0,0,0.0
1,1,1.0
0,0,0.0
1,1,1.0
0,0,0.0
1,1,1.0
1,1,1.0
0,0,0.0
0,0,0.0
1,1,0.9534690614177711
1,1,0.9114911348983483
0,0,0.0
1,1,1.0
0,0,0.0
0,0,0.0
1,1,1.0
0,0,0.1366949555882519
1,1,1.0
0,0,0.0
1,1,1.0
1,1,1.0
1,1,0.8608669049455301
1,1,1.0
0,0,0.09618051391397918
1,1,1.0
1,1,1.0
0,0,0.0
1,1,1.0
1,1,1.0
1,1,1.0
0,0,0.0
1,1,1.0
0,0,0.0
1,1,1.0
0,0,0.0
1,1,1.0
0,0,0.0
0,0,0.0
1,1,1.0
1,1,1.0
1,1,1.0
1,1,0.7130412780986909
1,1,1.0
1,1,1.0
0,0,0.0
0,0,0.0
1,1,1.0
0,0,0.0
0,0,0.0
1,1,1.0
1,1,1.0
0,0,0.0
1,1,1.0
1,1,1.0
0,0,0.0
0,0,0.0
1,1,1.0
1,1,1.0
1,1,1.0
0,0,0.0504958611108588
1,1,1.0
1,1,1.0
0,0,0.3823195618294586
1,1,1.0
1,1,1.0
0,0,0.09010368205069638
1,1,1.0
0,0,0.0
0,0,0.0
1,1,1.0
1,1,1.0
1,1,0.9533705053590075
1,1,1.0
1,1,0.952523907687197
0,0,0.04335736221469144
0,0,0.0
1,1,1.0
1,1,1.0
1,1,1.0
0,0,0.0
1,1,1.0
0,0,0.0
0,0,0.0
1,1,1.0
0,0,0.0
1,1,1.0
1,1,1.0
1,1,0.954381849789771
1,1,1.0
1,1,1.0
1,1,1.0
1,1,1.0
1,1,1.0
0,0,0.0
1,1,1.0
1,1,1.0
1,1,1.0
1,1,1.0
1,1,0.8527331079753028
0,0,0.0
0,0,0.0
1,1,1.0
1,1,1.0
1,1,1.0
1,1,1.0
0,0,0.0
1,1,1.0
1,1,1.0
1,1,1.0
0,0,0.0
0,0,0.0
0,0,0.04570762241349491
1,1,1.0
0,0,0.0
1,1,1.0
0,0,0.0
1,1,1.0
0,0,0.0
1,1,1.0
1,1,1.0
1,1,0.9553352977762173
1,1,1.0
0,0,0.0
1,1,1.0
0,0,0.0
0,0,0.0
1,1,1.0
1,1,1.0
0,0,0.0
1,1,1.0
0,0,0.04599304237564196
0,0,0.0
0,0,0.0
0,0,0.0
1,1,1.0
1,1,0.955603651848275
1,1,1.0
0,0,0.09064492264199955
0,0,0.0
1,1,1.0
1,1,1.0
1,1,1.0
1,1,1.0
0,0,0.044665934045825514
1,1,1.0
1,1,1.0
1,1,1.0
0,0,0.04838741931534683
0,0,0.09298369925621906
0,0,0.0
1,1,1.0
0,0,0.0
0,0,0.0
1,1,1.0
0,0,0.0
1,1,1.0
1,1,1.0
0,0,0.0
1,1,1.0
1,1,1.0
1,1,1.0
1,1,1.0
1,1,0.9535401355833878
1,1,1.0
1,1,1.0
1,1,1.0
1,1,1.0
1,1,1.0
0,0,0.0
0,0,0.0
0,0,0.0
0,0,0.0
0,0,0.0
1,1,0.9093707089683486
1,1,1.0
0,0,0.0
1,1,1.0
1,1,1.0
0,0,0.0
1,1,1.0
1,1,1.0
0,0,0.0
0,0,0.0
0,0,0.0
0,0,0.0
0,0,0.04557949217931881
1,1,1.0
0,0,0.0
1,1,0.8543168379022322
0,0,0.0
1,1,0.9041947701015294
1,1,0.9068644797958514
0,0,0.0
0,0,0.0
0,0,0.0
0,0,0.0
1,1,1.0
0,0,0.0
1,1,0.856251800580755
1,1,1.0
1,1,1.0
1,1,1.0
1,1,1.0
1,1,1.0
0,0,0.0
1,1,1.0
1,1,0.9125914257276035
0,0,0.0
1,1,1.0
0,0,0.0
0,0,0.0
0,0,0.0
1,1,1.0
1,1,1.0
1,1,1.0
1,1,1.0
1,1,1.0
1,1,1.0
1,1,1.0
1,1,1.0
1,1,1.0
0,0,0.0
1,1,1.0
0,0,0.0
1,1,1.0
0,0,0.0
0,0,0.0
1,1,1.0
0,0,0.0
1,1,1.0
1,1,1.0
0,0,0.0
0,0,0.0
0,0,0.0
0,0,0.0
1,1,1.0
1,1,1.0
1,1,1.0
1,1,0.9049924386525673
1,1,1.0
1,1,1.0
0,0,0.0
0,0,0.0
0,0,0.0
0,0,0.0
1,1,1.0
1,1,1.0
0,0,0.0
1,1,1.0
1,1,1.0
1,1,0.9493633165507872
1,1,1.0
1,1,1.0
0,0,0.0
1,1,1.0
0,0,0.0
1,1,1.0
0,0,0.0
1,1,1.0
0,0,0.0
1,1,1.0
1,1,0.8594542716208995
0,0,0.0
1,1,0.907622532158127
0,0,0.0
1,1,0.9092249023293585
1,1,1.0
1,1,1.0
0,0,0.0
1,1,1.0
0,0,0.0
1,1,1.0
1,1,1.0
0,0,0.0
1,1,1.0
0,0,0.0
0,0,0.0
0,0,0.0
1,1,1.0
0,0,0.0
1,1,1.0
1,1,0.9080437634027849
1,1,1.0
0,0,0.2866016547006314
1,1,1.0
0,0,0.0
1,1,1.0
0,0,0.04487269473082552
1,1,1.0
0,0,0.0
1,1,1.0
1,1,1.0
1,1,1.0
1,1,1.0
1,1,0.9543701650108126
0,0,0.0
1,1,1.0
0,0,0.0
1,1,1.0
0,0,0.0
0,0,0.09134900329234487
0,0,0.0
1,1,1.0
1,1,1.0
1,1,1.0
1,1,1.0
1,1,1.0
1,1,1.0
0,0,0.0
1,1,1.0
1,1,1.0
1,1,1.0
1,1,1.0
1,1,1.0
1,1,1.0
0,0,0.0
1,1,1.0
1,1,1.0
1,1,1.0
1,1,1.0
1,1,1.0
1,1,1.0
1,1,1.0
0,0,0.0
1,1,1.0
1,1,0.9034570259940554
0,0,0.0
1,1,1.0
0,0,0.0
1,1,1.0
1,1,1.0
0,0,0.0
0,0,0.0
0,0,0.0
1,1,1.0
0,0,0.0
1,1,0.9136856964362793
1,1,0.9535528372437523
1,1,1.0
1,1,1.0
1,1,1.0
1,1,1.0
1,1,1.0
1,1,1.0
1,1,1.0
1,1,1.0
1,1,1.0
0,0,0.0
0,0,0.0
1,1,1.0
0,0,0.0
1,1,1.0
0,0,0.0
1,1,1.0
1,1,0.9069518207805759
1,1,0.9057907074456534
0,0,0.0
1,1,1.0
1,1,1.0
1,1,1.0
1,1,1.0
0,0,0.0
1,1,1.0
0,0,0.0
0,0,0.3736263272631803
0,0,0.0
1,1,0.8586620641394161
1,1,1.0
0,0,0.0
1,1,1.0
1,1,1.0
1,1,1.0
1,1,1.0
1,1,0.9544341873169406
1,1,1.0
1,1,0.9520502570920254
0,0,0.0
0,0,0.0
1,1,1.0
0,0,0.0
1,1,1.0
1,1,1.0
1,1,1.0
0,0,0.0
1,1,0.9557918699306334
0,0,0.0
1,1,1.0
0,0,0.0
0,0,0.0
0,0,0.0
1,1,1.0
1,1,1.0
1,1,1.0
0,0,0.08780187762498107
1,1,1.0
0,0,0.0
0,0,0.0
0,0,0.0
1,1,1.0
0,0,0.0
0,0,0.0
1,1,1.0
1,1,1.0
0,0,0.0
1,1,1.0
1,1,1.0
1,1,1.0
0,0,0.14374372826334236
1,1,1.0
0,0,0.0
1,1,0.9542459582735778
1,1,1.0
1,1,1.0
1,1,1.0
1,1,1.0
0,0,0.0
1,1,1.0
0,0,0.0
1,1,1.0
0,0,0.0
0,0,0.0
0,0,0.0
1,1,1.0
0,0,0.0
0,0,0.0
1,1,1.0
1,1,1.0
0,0,0.0
0,0,0.0
0,0,0.0
0,0,0.0
1,1,1.0
0,0,0.0
1,1,1.0
1,1,0.9091479570993024
1,1,1.0
1,1,1.0
1,1,0.9545033476237537
1,1,1.0
1,1,1.0
0,0,0.0
1,1,1.0
1,1,1.0
1,1,1.0
0,0,0.0
1,1,1.0
1,1,0.8610217352755362
0,0,0.0
1,1,0.8539640323459257
1,1,1.0
1,1,1.0
0,0,0.0
1,1,1.0
0,0,0.0
0,0,0.0
1,1,0.8516255115400105
0,0,0.0
1,1,1.0
1,1,0.9045013434828558
0,0,0.0
1,1,1.0
1,1,1.0
1,1,1.0
1,1,1.0
1,1,1.0
0,0,0.0
1,1,1.0
0,0,0.0
0,0,0.0
1,1,1.0
0,0,0.0
0,0,0.0
0,0,0.0
1,1,1.0
1,1,1.0
1,1,1.0
0,0,0.0
1,1,1.0
0,0,0.0
1,1,0.953752834942415
0,0,0.0
1,1,1.0
1,1,1.0
1,1,1.0
1,1,1.0
1,1,0.9543969880009621
1,1,1.0
1,1,1.0
1,1,1.0
0,0,0.08806244191377584
1,1,1.0
0,0,0.0
0,0,0.0
1,1,1.0
1,1,0.7635517046193345
1,1,0.9546944347099475
1,1,1.0
0,0,0.0
0,0,0.0
1,1,1.0
1,1,1.0
1,1,1.0
0,0,0.2916561910755121
0,0,0.0
1,1,0.9026329252022669
0,0,0.0
0,0,0.0
1,1,1.0
0,0,0.0
0,0,0.0
1,1,1.0
1,1,1.0
0,0,0.04397610743643849
0,0,0.0
1,1,1.0
0,0,0.0
1,1,1.0
1,1,1.0
0,0,0.0
1,1,1.0
0,0,0.0
1,1,1.0
1,1,0.9532291877511916
1,1,1.0
1,1,0.8626730221347405
1,1,1.0
0,0,0.0
1,1,1.0
1,1,1.0
1,1,0.9529807953114118
1,1,1.0
0,0,0.0
1,1,1.0
0,0,0.0
1,1,1.0
1,1,0.9534839440596469
1,1,1.0
0,0,0.0
0,0,0.2327657913951874
0,0,0.0
1,1,1.0
0,0,0.0
0,0,0.0
0,0,0.0
1,1,1.0
1,1,1.0
0,0,0.0
1,1,0.9518242223442207
1,1,1.0
0,0,0.0
0,0,0.0
1,1,1.0
1,1,1.0
1,1,1.0
0,0,0.0
0,0,0.0
0,0,0.0
1,1,1.0
1,1,0.9544654509306972
1,1,0.9020656516100863
1,1,1.0
0,0,0.0
1,1,1.0
0,0,0.0
1,1,1.0
1,1,0.8574093287452907
1,1,1.0
0,0,0.0
1,1,1.0
0,0,0.24091112128776718
0,0,0.0
1,1,1.0
0,0,0.04440914313150556
0,0,0.0
1,1,1.0
0,0,0.0
1,1,1.0
1,1,0.8622541886260705
1,1,1.0
0,0,0.0
1,1,1.0
0,0,0.0
1,1,1.0
1,1,1.0
1,1,1.0
1,1,1.0
0,0,0.0
1,1,1.0
1,1,1.0
1,1,1.0
0,0,0.0
0,0,0.0
1,1,1.0
1,1,1.0
1,1,1.0
0,0,0.0
0,0,0.0
1,1,0.9542042478991145
0,0,0.0
0,0,0.0
0,0,0.0
0,0,0.09247465018528143
1,1,1.0
1,1,1.0
1,1,1.0
1,1,1.0
1,1,1.0
1,1,1.0
1,1,1.0
1,1,1.0
1,1,1.0
0,0,0.0
1,1,0.9527885273481005
1,1,1.0
0,0,0.0
0,0,0.0
1,1,1.0
1,1,1.0
1,1,1.0
1,1,1.0
1,1,1.0
1,1,1.0
0,0,0.37202726497893485
1,1,1.0
0,0,0.09482361579933303
1,1,1.0
1,1,1.0
1,1,1.0
1,1,1.0
1,1,1.0
1,1,1.0
1,1,1.0
0,0,0.0
1,1,1.0
1,1,0.9548130955717599
1,1,1.0
0,0,0.0
1,1,1.0
1,1,1.0
0,0,0.0
1,1,1.0
0,0,0.0
1,1,0.9534338980514964
1,1,1.0
1,1,1.0
0,0,0.0
0,0,0.0
0,0,0.0
1,1,1.0
0,0,0.0
0,0,0.18085856221261484
0,0,0.04549815684960963
1,1,1.0
0,0,0.0
0,0,0.0
0,0,0.0
0,0,0.0
1,1,1.0
1,1,0.9531814998805671
0,0,0.0
1,1,0.9561008566112968
1,1,1.0
1,1,1.0
0,0,0.0
1,1,1.0
1,1,0.9552037284041064
1,1,1.0
0,0,0.0
1,1,1.0
0,0,0.0
0,0,0.0
1,1,0.9538643945632506
1,1,1.0
0,0,0.0
0,0,0.0
1,1,1.0
1,1,1.0
1,1,1.0
0,0,0.0
0,0,0.0
1,1,1.0
1,1,0.8611012155299117
1,1,1.0
1,1,1.0
1,1,1.0
0,0,0.0
1,1,1.0
1,1,1.0
0,0,0.0
0,0,0.0
1,1,1.0
1,1,1.0
0,0,0.0
1,1,1.0
1,1,1.0
1,1,1.0
0,0,0.0
1,1,1.0
1,1,1.0
1,1,1.0
0,0,0.0
1,1,1.0
0,0,0.0
1,1,1.0
1,1,1.0
0,0,0.0
1,1,1.0
1,1,1.0
0,0,0.0
1,1,1.0
0,0,0.0
0,0,0.0
1,1,1.0
1,1,1.0
0,0,0.0
1,1,1.0
1,1,1.0
0,0,0.0
1,1,1.0
1,1,1.0
0,0,0.0
1,1,1.0
0,0,0.0
1,1,1.0
0,0,0.0
1,1,1.0
1,1,1.0
1,1,1.0
1,1,1.0
1,1,0.9524145260842767
1,1,1.0
1,1,1.0
0,0,0.0
0,0,0.0
0,0,0.0
0,0,0.0
0,0,0.0
1,1,1.0
1,1,1.0
0,0,0.0
1,1,1.0
1,1,1.0
0,0,0.0
0,0,0.0
1,1,1.0
0,0,0.0
1,1,1.0
1,1,1.0
1,1,1.0
1,1,1.0
0,0,0.0
1,1,1.0
0,0,0.0
1,1,1.0
0,0,0.0
0,0,0.0
1,1,1.0
1,1,1.0
0,0,0.0
0,0,0.09483871800502801
0,0,0.0
1,1,1.0
1,1,0.9542523386447707
0,0,0.14324205309202376
0,0,0.0
1,1,0.9545656232249571
1,1,1.0
1,1,1.0
1,1,1.0
0,0,0.0
1,1,0.9536856319752508
1,1,1.0
1,1,1.0
1,1,1.0
1,1,1.0
0,0,0.0
0,0,0.0
1,1,1.0
1,1,0.9090472648834121
1,1,1.0
1,1,1.0
0,0,0.0
1,1,1.0
1,1,0.9542492139811284
1,1,1.0
1,1,1.0
1,1,1.0
0,0,0.0
1,1,1.0
0,0,0.0
0,0,0.0
1,1,1.0
1,1,1.0
1,1,0.7714115453089139
1,1,1.0
0,0,0.0
1,1,1.0
1,1,1.0
1,1,1.0
1,1,1.0
1,1,1.0
1,1,1.0
0,0,0.18769945709707705
0,0,0.04695536106185737
1,1,1.0
1,1,0.9537921098788801
1,1,1.0
1,1,1.0
1,1,0.8579326243109952
0,0,0.0
1,1,1.0
1,1,1.0
1,1,1.0
1,1,1.0
0,0,0.0
1,1,1.0
1,1,1.0
1,1,0.8678154860180354
0,0,0.0
1,1,1.0
1,1,1.0
1,1,1.0
1,1,1.0
1,1,1.0
1,1,1.0
1,1,1.0
1,1,1.0
1,1,1.0
1,1,1.0
1,1,1.0
1,1,1.0
0,0,0.0
1,1,1.0
0,0,0.0
0,0,0.0
1,1,1.0
1,1,1.0
1,1,1.0
0,0,0.0
1,1,1.0
1,1,1.0
0,0,0.045538007567469035
0,0,0.0
1,1,1.0
0,0,0.0
1,1,1.0
0,0,0.0
1,1,1.0
1,1,1.0
1,1,1.0
1,1,1.0
0,0,0.0
1,1,1.0
0,0,0.0
1,1,1.0
1,1,1.0
1,1,1.0
0,0,0.0
0,0,0.0
1,1,1.0
0,0,0.0
1,1,1.0
1,1,1.0
0,0,0.23552604339740194
1,1,1.0
1,1,1.0
1,1,0.9057384592659609
0,0,0.05005196765697639
0,0,0.0
1,1,1.0
1,1,1.0
0,0,0.0
1,1,1.0
1,1,1.0
1,1,1.0
1,1,0.9081227525458367
1,1,1.0
0,0,0.3738955786147562
0,0,0.0
1,1,0.9543727680726709
1,1,1.0
1,1,1.0
1,1,1.0
1,1,1.0
0,0,0.0
0,0,0.09598795500823591
1,1,1.0
0,0,0.0
0,0,0.0
1,1,1.0
1,1,0.9071484734156299
1,1,1.0
1,1,1.0
1,1,1.0
0,0,0.0
0,0,0.0
1,1,1.0
1,1,1.0
0,0,0.0
0,0,0.0
1,1,1.0
1,1,0.9553689246625025
1,1,0.8571267481898746
0,0,0.0
0,0,0.0
1,1,1.0
1,1,0.9539933189101848
0,0,0.41783332471459295
0,0,0.0
0,0,0.0
1,1,1.0
0,0,0.0
0,0,0.0
1,1,0.8587655708628189
0,0,0.0
1,1,1.0
1,1,0.9536438408096491
0,0,0.0
0,0,0.0
0,0,0.0
0,0,0.09091964980197359
0,0,0.0
0,0,0.0
0,0,0.0
0,0,0.0
1,1,1.0
0,0,0.0
1,1,1.0
1,1,0.9550612340719565
0,0,0.0
1,1,1.0
1,1,0.9092852329346122
1,1,1.0
1,1,1.0
0,0,0.0
1,1,1.0
1,1,1.0
0,0,0.0
0,0,0.0
0,0,0.0
1,1,1.0
1,1,1.0
1,1,1.0
1,1,1.0
1,1,1.0
1,1,1.0
0,0,0.0
1,1,1.0
1,1,1.0
1,1,1.0
1,1,1.0
0,0,0.24469639527519552
1,1,1.0
1,1,0.9545102242400396
0,0,0.0
1,1,0.8587070565920345
1,1,1.0
1,1,1.0
0,0,0.0
1,1,1.0
0,0,0.0
1,1,1.0
1,1,1.0
1,1,0.9537013983781414
0,0,0.0
1,1,1.0
1,1,0.9533659175354506
0,0,0.0
0,0,0.0
1,1,1.0
1,1,0.9531046717482285
0,0,0.0
1,1,0.819695086411623
0,0,0.0
1,1,0.9521019394945046
1,1,1.0
0,0,0.0
1,1,1.0
1,1,1.0
0,0,0.23528485364577645
1,1,1.0
1,1,1.0
0,0,0.0
0,0,0.28253840225611077
1,1,1.0
0,0,0.1878465667032616
1,1,1.0
1,1,1.0
1,1,1.0
0,0,0.0
0,0,0.0
0,0,0.3208134832122925
0,0,0.0
0,0,0.0
1,1,1.0
1,1,1.0
0,0,0.28467659440851595
1,1,0.9119980457385114
0,0,0.0
1,1,0.9533041371828785
1,1,1.0
1,1,1.0
1,1,1.0
1,1,1.0
0,0,0.0
0,0,0.0
0,0,0.0
1,1,0.9542222367321669
1,1,1.0
0,0,0.0
1,1,1.0
1,1,1.0
0,0,0.0
1,1,1.0
1,1,1.0
0,0,0.0
1,1,1.0
1,1,1.0
0,0,0.0
0,0,0.0
0,0,0.0
0,0,0.09144534561312265
1,1,1.0
1,1,0.9549270033418523
1,1,1.0
1,1,1.0
1,1,0.954417638217278
1,1,1.0
1,1,1.0
0,0,0.0
1,1,1.0
0,0,0.0
1,1,1.0
1,1,1.0
0,0,0.0
1,1,0.9543783409114569
0,0,0.0
0,0,0.0
1,1,0.901578322138249
1,1,1.0
1,1,1.0
0,0,0.0
1,1,1.0
1,1,1.0
1,1,1.0
1,1,1.0
1,1,1.0
1,1,1.0
1,1,1.0
1,1,0.9526819038784637
1,1,1.0
0,0,0.09438328434027238
0,0,0.0
1,1,1.0
1,1,1.0
1,1,1.0
1,1,1.0
1,1,0.9487609775895852
1,1,1.0
1,1,1.0
1,1,1.0
1,1,1.0
1,1,1.0
0,0,0.0
1,1,1.0
1,1,1.0
0,0,0.1842092819988696
1,1,1.0
0,0,0.0
0,0,0.0
1,1,1.0
0,0,0.282477979805264
1,1,1.0
0,0,0.0
1,1,1.0
1,1,1.0
1,1,1.0
0,0,0.0
1,1,1.0
0,0,0.0
1,1,1.0
1,1,1.0
1,1,1.0
1,1,1.0
0,0,0.0
1,1,1.0
1,1,1.0
1,1,1.0
0,0,0.0
1,1,1.0
1,1,1.0
1,1,1.0
0,0,0.0
1,1,1.0
1,1,1.0
0,0,0.0
1,1,1.0
1,1,1.0
0,0,0.0
0,0,0.0
0,0,0.0
1,1,1.0
0,0,0.0
1,1,1.0
1,1,1.0
1,1,1.0
1,1,0.9550186525577591
1,1,1.0
1,1,0.9531729791640384
0,0,0.27957862969883146
1,1,1.0
0,0,0.0
1,1,1.0
0,0,0.0
1,1,1.0
0,0,0.0
0,0,0.0
0,0,0.0
1,1,1.0
1,1,1.0
1,1,1.0
1,1,1.0
1,1,1.0
1,1,1.0
1,1,1.0
1,1,1.0
1,1,1.0
0,0,0.0
0,0,0.0
1,1,1.0
1,1,1.0
0,0,0.0
1,1,1.0
1,1,1.0
1,1,1.0
0,0,0.0
1,1,1.0
1,1,1.0
0,0,0.0
1,1,1.0
0,0,0.0
1,1,0.9541608193419201
0,0,0.0
1,1,1.0
1,1,1.0
0,0,0.0
0,0,0.0
0,0,0.0
1,1,1.0
1,1,1.0
1,1,1.0
1,1,0.9540131437107374
1,1,1.0
0,0,0.0
1,1,1.0
0,0,0.0
0,0,0.0
0,0,0.0
1,1,1.0
1,1,1.0
0,0,0.0
1,1,1.0
1,1,1.0
1,1,1.0
0,0,0.0
1,1,1.0
0,0,0.0
0,0,0.0
0,0,0.0
1,1,1.0
1,1,0.954833031803466
0,0,0.0
0,0,0.044179963639920196
1,1,1.0
1,1,1.0
1,1,0.952802861937017
0,0,0.0
1,1,1.0
1,1,1.0
1,1,1.0
0,0,0.0
0,0,0.0
0,0,0.0
1,1,1.0
1,1,1.0
0,0,0.0
1,1,1.0
1,1,1.0
0,0,0.0
1,1,0.9530933674866604
1,1,1.0
0,0,0.0
1,1,1.0
1,1,1.0
1,1,1.0
1,1,1.0
1,1,1.0
1,1,1.0
0,0,0.0
0,0,0.0
1,1,1.0
0,0,0.0
1,1,0.954802012424591
1,1,1.0
0,0,0.0
0,0,0.0
0,0,0.0
1,1,0.7632002002750287
1,1,1.0
1,1,0.9526207136439274
1,1,1.0
1,1,0.9094269524664461
0,0,0.0
1,1,1.0
1,1,1.0
1,1,1.0
1,1,1.0
1,1,1.0
0,0,0.0
1,1,1.0
0,0,0.0
1,1,0.9110251880109278
1,1,1.0
0,0,0.0
1,1,1.0
0,0,0.0
0,0,0.0
0,0,0.0
1,1,1.0
0,0,0.0
0,0,0.0
1,1,0.952909566731518
1,1,1.0
1,1,1.0
1,1,0.8022108080059922
0,0,0.0
0,0,0.0
0,0,0.0
1,1,1.0
1,1,1.0
1,1,1.0
1,1,1.0
0,0,0.0
0,0,0.0
1,1,1.0
1,1,0.9050493734021863
0,0,0.0
1,1,1.0
1,1,1.0
1,1,1.0
1,1,1.0
1,1,1.0
0,0,0.0
1,1,1.0
1,1,1.0
0,0,0.0
1,1,1.0
1,1,1.0
1,1,1.0
1,1,1.0
1,1,0.9069742736541668
0,0,0.0
0,0,0.0
0,0,0.0
0,0,0.0
1,1,1.0
1,1,1.0
1,1,1.0
1,1,1.0
0,0,0.0
1,1,1.0
1,1,1.0
1,1,1.0
0,0,0.0
1,1,1.0
1,1,1.0
1,1,1.0
1,1,1.0
1,1,1.0
0,0,0.0
0,0,0.0
1,1,1.0
1,1,0.9100226933936189
0,0,0.0
1,1,1.0
1,1,1.0
0,0,0.0
1,1,1.0
0,0,0.0
1,1,1.0
1,1,1.0
1,1,1.0
1,1,1.0
1,1,1.0
0,0,0.33206760718285316
1,1,1.0
1,1,1.0
0,0,0.0
1,1,0.9509892515105236
1,1,1.0
0,0,0.0
0,0,0.0
0,0,0.0
1,1,0.9554518340504816
1,1,1.0
1,1,1.0
1,1,1.0
1,1,1.0
1,1,1.0
1,1,1.0
1,1,1.0
1,1,1.0
0,0,0.0
1,1,0.9512349563854068
0,0,0.0
1,1,1.0
1,1,1.0
1,1,1.0
1,1,1.0
1,1,1.0
0,1,0.6270541663812825
0,0,0.0
0,0,0.0437918506569667
1,1,0.9051155196757525
1,1,0.9545774836981017
0,0,0.0
1,1,1.0
0,0,0.0
1,1,0.9495064993105151
1,1,1.0
1,1,1.0
1,1,1.0
0,0,0.0
1,1,1.0
1,1,0.9543661778330123
0,0,0.0
1,1,1.0
1,1,1.0
1,1,1.0
1,1,1.0
1,1,1.0
1,1,1.0
1,1,0.8604181348085561
1,1,1.0
0,0,0.0
0,0,0.0
0,0,0.0
1,1,1.0
0,0,0.0
1,1,1.0
1,1,0.953505304471705
0,0,0.0
1,1,1.0
0,0,0.0
1,1,0.907671192332532
0,0,0.0
1,1,1.0
0,0,0.0
1,1,0.8105391322407951
1,1,0.9518554248111569
1,1,1.0
0,0,0.0
0,0,0.0
0,0,0.0
0,0,0.0
1,1,1.0
0,0,0.0
1,1,1.0
1,1,1.0
0,0,0.0
1,1,1.0
1,1,0.9547370489182188
1,1,1.0
1,1,1.0
1,1,1.0
0,0,0.0
1,1,1.0
0,0,0.0
1,1,1.0
0,0,0.0
1,1,1.0
1,1,1.0
1,1,1.0
1,1,0.9536343766623337
1,1,1.0
0,0,0.04589517208320948
0,0,0.0
0,0,0.0
1,1,1.0
1,1,1.0
0,0,0.0
1,1,1.0
1,1,1.0
0,0,0.0
1,1,0.9039425062291171
1,1,1.0
1,1,0.9535786311183054
1,1,1.0
0,0,0.0
1,1,1.0
0,0,0.0
1,1,0.9060066249923094
1,1,0.9537514331949265
1,1,1.0
1,1,1.0
1,1,1.0
0,0,0.2791181601495934
1,1,1.0
1,1,1.0
0,0,0.0
1,1,1.0
0,0,0.0
1,1,0.8558445325806595
0,0,0.0
0,0,0.0
0,0,0.0
1,1,1.0
1,1,1.0
0,0,0.0
1,1,1.0
0,0,0.0
1,1,1.0
1,1,1.0
1,1,1.0
0,0,0.18920266703427352
1,1,0.9543638848781237
0,0,0.0
0,0,0.0
0,0,0.0
1,1,1.0
1,1,0.9564700151194132
1,1,1.0
0,0,0.045767508436753285
1,1,1.0
1,1,1.0
0,0,0.09179543242768463
1,1,1.0
1,1,1.0
0,0,0.0
1,1,1.0
1,1,1.0
0,0,0.0
1,1,1.0
1,1,0.9533237077115098
1,1,1.0
1,1,1.0
1,1,1.0
0,0,0.04611188083253621
0,0,0.0
0,0,0.0
0,0,0.0
0,0,0.0
1,1,1.0
1,1,0.953740573851328
1,1,1.0
0,0,0.0
1,1,1.0
0,0,0.0
0,0,0.0
0,0,0.0
0,0,0.0
1,1,1.0
1,1,1.0
0,0,0.0
0,0,0.0
0,0,0.0
0,0,0.08950740486448093
1,1,1.0
1,1,1.0
0,0,0.32558459463949724
0,0,0.046660994220416675
1,1,1.0
1,1,1.0
1,1,1.0
0,0,0.0
1,1,1.0
0,0,0.0
1,1,1.0
1,1,1.0
0,0,0.0
0,0,0.0
0,0,0.0
0,0,0.0
1,1,0.9541918621917879
0,0,0.05203237781859082
0,0,0.0
0,0,0.0
0,0,0.0
1,1,1.0
0,0,0.0
0,0,0.0
1,1,1.0
1,1,1.0
0,0,0.0
1,1,1.0
1,1,0.9045312271935174
0,0,0.0
1,1,1.0
1,1,1.0
0,0,0.0
0,0,0.0
1,1,1.0
0,0,0.0
1,1,1.0
0,0,0.0
1,1,1.0
1,1,1.0
0,0,0.0
1,1,0.9537320806526766
0,0,0.0
0,0,0.0
1,1,1.0
1,1,0.9536820840822426
1,1,1.0
0,0,0.0
1,1,1.0
0,0,0.0
0,0,0.0
1,1,1.0
0,0,0.0
0,0,0.0
0,0,0.0
0,0,0.0
1,1,1.0
1,1,1.0
1,1,0.9544853657100303
0,0,0.0
0,0,0.0
1,1,1.0
1,1,1.0
1,1,1.0
0,0,0.0
0,0,0.0
1,1,1.0
1,1,1.0
1,1,0.9048480330783923
0,0,0.0
0,0,0.0
1,1,1.0
0,0,0.0
0,0,0.0
0,0,0.0
1,1,1.0
0,0,0.0
1,1,0.9544751361615128
1,1,1.0
0,0,0.0
0,0,0.0
1,1,0.9536552618468047
1,1,1.0
0,0,0.0
0,0,0.045518478008206
0,0,0.0
0,0,0.0
1,1,1.0
1,1,1.0
0,0,0.0
1,1,1.0
1,1,0.9549483287718221
0,0,0.0
1,1,1.0
0,0,0.0
0,0,0.0
1,1,1.0
1,1,0.9537387945819406
1,1,1.0
0,0,0.18483878180363617
0,0,0.0
1,1,1.0
0,0,0.0
0,0,0.0
0,0,0.0
0,0,0.0
0,0,0.0
1,1,1.0
0,0,0.0
1,1,1.0
1,1,1.0
1,1,1.0
1,1,1.0
1,1,1.0
0,0,0.0
1,1,0.9541307872664965
1,1,1.0
0,0,0.0
1,1,1.0
1,1,1.0
1,1,1.0
1,1,1.0
1,1,0.9528525761236916
1,1,1.0
1,1,1.0
1,1,0.9083835795031171
1,1,1.0
1,1,1.0
1,1,1.0
1,1,1.0
1,1,1.0
1,1,1.0
1,1,1.0
1,1,1.0
1,1,1.0
0,0,0.0
0,0,0.0
0,0,0.04620425489053328
1,1,1.0
1,1,1.0
1,1,1.0
1,1,0.9551980901765418
0,0,0.0
1,1,1.0
1,1,1.0
1,1,1.0
0,0,0.0
0,0,0.0
1,1,1.0
0,0,0.0
0,0,0.0
1,1,1.0
0,0,0.0
0,0,0.0
1,1,0.8091716990852765
1,1,0.9551703508125987
0,0,0.0
1,1,1.0
1,1,1.0
1,1,1.0
1,1,1.0
1,1,1.0
0,0,0.0
1,1,1.0
1,1,1.0
0,0,0.0
1,1,1.0
1,1,1.0
0,0,0.0
1,1,1.0
0,0,0.0
1,1,1.0
0,0,0.0
0,0,0.0
1,1,1.0
1,1,1.0
1,1,1.0
1,1,1.0
1,1,0.9538811116836536
0,0,0.0
0,0,0.0
0,0,0.06406713732128547
1,1,1.0
1,1,1.0
0,0,0.0
0,0,0.0
0,0,0.0
1,1,1.0
1,1,1.0
0,0,0.0
1,1,1.0
1,1,1.0
0,0,0.0
1,1,1.0
0,0,0.04454254269279234
1,1,1.0
0,0,0.0
1,1,1.0
1,1,1.0
1,1,1.0
0,0,0.0951947335672471
1,1,1.0
1,1,1.0
1,1,1.0
0,0,0.0
1,1,1.0
0,0,0.0
0,0,0.0
1,1,1.0
1,1,1.0
0,0,0.0
1,1,1.0
0,0,0.0
1,1,1.0
1,1,1.0
0,0,0.0
1,1,1.0
1,1,1.0
1,1,1.0
1,1,1.0
0,0,0.0
1,1,1.0
0,0,0.0
1,1,1.0
1,1,1.0
1,1,1.0
1,1,1.0
1,1,1.0
1,1,1.0
0,0,0.0
1,1,0.9099352610805644
1,1,1.0
1,1,1.0
0,0,0.08954017047322557
0,0,0.0
0,0,0.0
1,1,0.950168173386203
0,0,0.0
1,1,1.0
1,1,1.0
1,1,0.862728076811511
1,1,1.0
1,1,1.0
1,1,1.0
1,1,0.8126826984851144
0,0,0.0
1,1,0.9522232887594541
0,0,0.0
1,1,1.0
1,1,1.0
0,0,0.0
1,1,0.9088840858156805
1,1,1.0
1,1,1.0
0,0,0.0
0,0,0.0
1,1,1.0
1,1,1.0
1,1,1.0
1,1,0.9527290161910006
1,1,0.9532815678172326
0,0,0.0
1,1,1.0
1,1,1.0
1,1,1.0
1,1,1.0
1,1,1.0
1,1,1.0
1,1,1.0
0,0,0.0
1,1,1.0
0,0,0.0
1,1,1.0
1,1,0.9544308357390542
1,1,1.0
1,1,1.0
0,0,0.0
0,0,0.0
1,1,0.9075094732492198
0,0,0.0
1,1,1.0
1,1,1.0
0,0,0.0
0,0,0.0
1,1,1.0
0,0,0.0
0,0,0.0
0,0,0.0
1,1,1.0
1,1,1.0
1,1,1.0
1,1,1.0
1,1,1.0
1,1,1.0
1,1,1.0
0,0,0.0
1,1,1.0
1,1,1.0
1,1,1.0
1,1,0.9532815614745123
0,0,0.0
1,1,0.9062523382624679
0,0,0.0
1,1,1.0
1,1,0.8571377529035324
1,1,1.0
0,0,0.0
0,0,0.0
1,1,1.0
0,0,0.0
1,1,1.0
1,1,0.9540626015521981
1,1,1.0
1,1,1.0
1,1,1.0
0,0,0.0
1,1,1.0
1,1,1.0
0,0,0.0
1,1,1.0
0,0,0.0
1,1,0.9545491260729236
0,0,0.0
1,1,0.9521452707935828
0,0,0.0
0,0,0.0
1,1,1.0
0,0,0.0
0,0,0.0
1,1,1.0
0,0,0.0
1,1,1.0
1,1,1.0
1,1,1.0
0,0,0.0
1,1,0.9535644887499833
0,0,0.0
1,1,1.0
1,1,1.0
1,1,0.9551384349513091
1,1,1.0
0,0,0.0
0,0,0.0
1,1,0.9554212011223118
1,1,0.9076834717748171
1,1,0.9573917432146
1,1,1.0
0,0,0.0
1,1,1.0
1,1,1.0
1,1,1.0
1,1,1.0
1,1,1.0
0,0,0.0
1,1,1.0
0,0,0.0
1,1,1.0
0,0,0.0
0,0,0.0
1,1,1.0
1,1,1.0
0,0,0.0
1,1,1.0
1,1,1.0
0,0,0.0
0,0,0.0
1,1,1.0
0,0,0.0
0,0,0.0
0,0,0.0
1,1,0.9091664727208595
1,1,1.0
0,0,0.0
0,0,0.0
1,1,1.0
0,0,0.0
0,0,0.0
1,1,1.0
1,1,1.0
0,0,0.09063163263094325
0,0,0.0
0,0,0.0
0,0,0.42079321570778644
1,1,0.9546673632391207
1,1,1.0
1,1,1.0
1,1,1.0
1,1,1.0
1,1,1.0
1,1,1.0
0,0,0.0
0,0,0.0
0,0,0.0
0,0,0.0
0,0,0.0
0,0,0.0
0,0,0.0
1,1,1.0
0,0,0.0
0,0,0.0
1,1,1.0
0,0,0.0
0,0,0.0
0,0,0.1833441755681649
0,0,0.0
1,1,1.0
0,0,0.0
0,0,0.0
1,1,0.8053934468494433
1,1,0.9528879860720734
1,1,1.0
0,0,0.0
0,0,0.13628836079188142
1,1,1.0
0,0,0.0
0,0,0.0
1,1,1.0
0,0,0.0
1,1,1.0
0,0,0.18735469606285007
0,0,0.14141966697172867
1,1,1.0
1,1,0.7543023211514501
1,1,1.0
1,1,1.0
1,1,1.0
0,0,0.0
0,0,0.0
1,1,1.0
0,0,0.0
1,1,1.0
1,1,1.0
1,1,1.0
1,1,1.0
1,1,1.0
0,0,0.0
0,0,0.0
0,0,0.0
0,0,0.0
1,1,1.0
1,1,1.0
1,1,1.0
0,0,0.0
0,0,0.0
1,1,1.0
0,0,0.09477006978804707
1,1,0.7620177512503512
0,0,0.0
1,1,1.0
1,1,1.0
1,1,1.0
0,0,0.0
1,1,1.0
0,0,0.0
1,1,1.0
1,1,1.0
1,1,1.0
1,1,0.9089451536912247
0,0,0.0
1,1,1.0
1,1,1.0
1,1,1.0
0,0,0.0
1,1,1.0
1,1,1.0
0,0,0.0
1,1,1.0
0,0,0.0
0,0,0.0
1,1,1.0
1,1,1.0
1,1,1.0
0,0,0.0
1,1,1.0
1,1,1.0
1,1,1.0
0,0,0.0
1,1,1.0
1,1,1.0
0,0,0.0
0,0,0.0
1,1,1.0
0,0,0.0
1,1,1.0
0,0,0.04588304033647272
0,0,0.0
1,1,1.0
0,0,0.0
1,1,1.0
0,0,0.0
1,1,1.0
0,0,0.0
1,1,1.0
0,0,0.0
1,1,1.0
0,0,0.08967483630067594
0,0,0.04618437407490249
0,0,0.0
1,1,1.0
0,0,0.0
0,0,0.0
1,1,1.0
1,1,1.0
0,0,0.0
1,1,1.0
0,0,0.18030560950595445
1,1,1.0
1,1,1.0
0,0,0.0
1,1,1.0
1,1,1.0
0,0,0.0
1,1,1.0
1,1,1.0
0,0,0.0
1,1,0.9535416607611326
1,1,1.0
1,1,1.0
1,1,1.0
1,1,1.0
1,1,1.0
0,0,0.0
0,0,0.0
1,1,1.0
1,1,0.9526211416708246
0,0,0.0
1,1,1.0
1,1,1.0
0,0,0.0
1,1,1.0
1,1,0.9529250885531315
0,0,0.0
1,1,1.0
0,0,0.0
1,1,0.8577222604602853
1,1,1.0
0,0,0.0
0,0,0.0
0,0,0.0
0,0,0.18608075995184517
0,0,0.0
0,0,0.0
1,1,1.0
1,1,0.9560893836195226
1,1,0.9500232938475229
1,1,1.0
0,0,0.09465929051153832
0,0,0.0
1,1,1.0
1,1,1.0
1,1,1.0
1,1,0.951630851700312
0,0,0.0
1,1,1.0
0,0,0.0
0,0,0.0
1,1,1.0
0,0,0.0
0,0,0.0
1,1,1.0
1,1,1.0
1,1,1.0
1,1,1.0
0,0,0.0
1,1,0.9089634163427511
1,1,1.0
1,1,1.0
0,0,0.0
1,1,1.0
1,1,0.9539624934633215
0,1,0.5142424362055679
0,0,0.0
1,1,1.0
1,1,1.0
0,0,0.0
1,1,1.0
0,0,0.0
0,0,0.0
1,1,1.0
1,1,1.0
1,1,1.0
1,1,1.0
0,0,0.0
0,0,0.0
1,1,1.0
1,1,1.0
1,1,1.0
1,1,1.0
1,1,1.0
1,1,0.8166233202213568
1,1,1.0
1,1,0.7209706214317061
0,0,0.0
1,1,1.0
1,1,1.0
1,1,1.0
1,1,0.9549995115672968
1,1,1.0
1,1,1.0
1,1,1.0
1,1,1.0
1,1,1.0
1,1,1.0
0,0,0.2800284656025414
0,0,0.0
0,0,0.0
1,1,1.0
1,1,1.0
0,0,0.0
0,0,0.0
0,0,0.04559246286276439
0,0,0.0
1,1,1.0
1,1,1.0
1,1,0.9544505043631788
1,1,1.0
1,1,0.8531531900069678
1,1,1.0
1,1,1.0
1,1,1.0
0,0,0.0
1,1,1.0
0,0,0.04548598374847359
1,1,1.0
1,1,1.0
0,0,0.0
1,1,1.0
1,1,0.9033664699557943
0,0,0.0
1,1,1.0
1,1,1.0
1,1,1.0
1,1,1.0
1,1,1.0
1,1,1.0
0,0,0.0
0,0,0.04518729014532192
0,0,0.36748710367001475
0,0,0.0
1,1,1.0
1,1,1.0
1,1,1.0
1,1,1.0
0,0,0.0
0,0,0.0
0,0,0.0
1,1,1.0
1,1,1.0
1,1,1.0
1,1,0.8109410309044202
1,1,1.0
0,0,0.0
1,1,0.9538421995685475
1,1,0.9564363227098049
0,0,0.09396550671078897
0,0,0.09492395409501762
1,1,1.0
0,0,0.13217014876856242
0,0,0.0
1,1,1.0
1,1,1.0
0,0,0.18178690214832252
0,0,0.0
0,0,0.0
1,1,0.9523081896665219
0,0,0.0
0,0,0.0
0,0,0.22766131780715984
1,1,0.9545165958722988
1,1,1.0
1,1,1.0
1,1,1.0
1,1,1.0
1,1,0.9553027537602862
1,1,1.0
1,1,1.0
1,1,1.0
0,0,0.0
1,1,1.0
1,1,1.0
0,0,0.0
0,0,0.0
1,1,1.0
1,1,1.0
1,1,1.0
1,1,1.0
1,1,1.0
1,1,1.0
1,1,1.0
0,0,0.0
1,1,1.0
1,1,1.0
0,0,0.0
1,1,1.0
0,0,0.0
1,1,1.0
1,1,1.0
1,1,1.0
1,1,1.0
0,0,0.0
0,0,0.0
0,0,0.0
1,1,1.0
0,0,0.0
1,1,0.9526233839617201
1,1,1.0
1,1,1.0
1,1,1.0
0,0,0.0
1,1,1.0
0,0,0.0
1,1,1.0
1,1,0.9544311485903553
1,1,1.0
0,0,0.0
0,0,0.0
0,0,0.0
0,0,0.0
1,1,0.9537863044555125
0,0,0.0
0,0,0.0
0,0,0.0
1,1,1.0
0,0,0.0
0,0,0.0
1,1,0.955182241778067
1,1,1.0
1,1,1.0
1,1,1.0
0,0,0.0
1,1,0.9060936708982305
0,0,0.0
0,0,0.040837767734765204
0,0,0.0
0,0,0.0
1,1,1.0
1,1,1.0
1,1,0.8612265792915746
1,1,1.0
0,0,0.13913637231275816
0,0,0.0
1,1,0.8615691484568124
1,1,1.0
0,0,0.0
1,1,1.0
1,1,1.0
1,1,0.9503666540441877
1,1,1.0
0,0,0.0
1,1,1.0
1,1,1.0
0,0,0.0
1,1,1.0
0,0,0.0
0,0,0.0
0,0,0.0
1,1,1.0
1,1,0.954041396889228
1,1,1.0
1,1,1.0
0,0,0.0
1,1,1.0
0,0,0.0
1,1,0.9059394669386477
1,1,1.0
1,1,1.0
1,1,1.0
0,0,0.04586624844482898
1,1,1.0
0,0,0.0
1,1,1.0
1,1,1.0
1,1,1.0
1,1,1.0
0,0,0.0
0,0,0.24058308482623883
0,0,0.0
0,0,0.0
1,1,1.0
0,0,0.0
1,1,1.0
1,1,1.0
1,1,1.0
1,1,1.0
1,1,1.0
1,1,1.0
1,1,0.9081918280594753
1,1,1.0
1,1,1.0
1,1,1.0
0,0,0.0
0,0,0.0
1,1,1.0
1,1,1.0
0,0,0.0
0,0,0.0
0,0,0.0
1,1,1.0
1,1,1.0
1,1,1.0
0,0,0.0
0,0,0.0
1,1,1.0
0,0,0.0
0,0,0.0
1,1,1.0
1,1,1.0
0,0,0.0
1,1,1.0
1,1,1.0
1,1,1.0
1,1,1.0
1,1,1.0
1,1,1.0
0,0,0.0
1,1,1.0
1,1,1.0
1,1,1.0
0,0,0.0
1,1,0.9540793904833288
0,0,0.0
1,1,0.9545314036295809
0,0,0.18269196706890983
0,0,0.0
1,1,1.0
0,0,0.0
0,0,0.0
1,1,1.0
0,0,0.0
0,0,0.0
0,0,0.0
1,1,0.9549805330525549
0,0,0.0
1,1,1.0
1,1,0.9060222468340097
1,1,1.0
0,0,0.0
0,0,0.0
0,0,0.0
0,0,0.0
1,1,1.0
1,1,1.0
0,0,0.0
1,1,1.0
0,0,0.0
1,1,1.0
1,1,1.0
0,0,0.0
1,1,1.0
0,0,0.0
1,1,1.0
0,0,0.0
1,1,0.9543332647902141
0,0,0.0
1,1,1.0
1,1,1.0
1,1,1.0
0,0,0.0
1,1,1.0
1,1,1.0
1,1,1.0
0,0,0.0
1,1,1.0
1,1,0.8116117633983163
1,1,1.0
0,0,0.0
1,1,1.0
0,0,0.0
0,0,0.0
1,1,0.7651444358956392
1,1,0.80704980728373
1,1,1.0
0,0,0.0
0,0,0.0
0,0,0.229257838046631
0,0,0.0
1,1,1.0
0,0,0.0
0,0,0.0
1,1,1.0
1,1,1.0
1,1,1.0
1,1,1.0
1,1,0.9532467769155978
1,1,1.0
0,0,0.0
1,1,1.0
1,1,0.9099883832163668
1,1,1.0
1,1,1.0
0,0,0.0
0,0,0.0
1,1,1.0
0,0,0.0
0,0,0.0
1,1,1.0
1,1,1.0
0,0,0.0
1,1,1.0
1,1,1.0
0,0,0.0
0,0,0.0
0,0,0.0
0,0,0.0
1,1,1.0
1,1,1.0
0,0,0.0
0,0,0.0
0,0,0.0
1,1,1.0
1,1,1.0
0,0,0.0
1,1,1.0
0,0,0.0
0,0,0.0
0,0,0.0
0,0,0.0
0,0,0.0
0,0,0.0
0,0,0.04728605749156046
1,1,0.9554377417564816
1,1,1.0
0,0,0.0
0,0,0.0
0,0,0.0
1,1,0.9558945844779918
0,0,0.0
1,1,1.0
0,0,0.0
0,0,0.0
0,0,0.0
1,1,0.8585578500511479
1,1,1.0
0,0,0.0
1,1,1.0
1,1,1.0
0,0,0.0
1,1,1.0
1,1,0.9538593254957556
0,0,0.0
1,1,1.0
0,0,0.0
0,0,0.0
0,0,0.0
1,1,1.0
1,1,0.8600420891353057
1,1,1.0
0,0,0.0
0,0,0.0
0,0,0.18664089495224834
0,0,0.0
1,1,1.0
0,0,0.0
1,1,1.0
1,1,1.0
0,0,0.0
0,0,0.0
0,0,0.0
0,0,0.0
1,1,1.0
1,1,1.0
1,1,0.9080340391465274
1,1,0.9550551558102318
1,1,0.9544516866005107
0,0,0.049438074445144135
0,0,0.0
1,1,1.0
1,1,1.0
1,1,1.0
1,1,1.0
1,1,1.0
1,1,1.0
1,1,1.0
1,1,1.0
0,0,0.0
0,0,0.23225224310409087
0,0,0.0
1,1,1.0
1,1,0.8998395240780597
1,1,1.0
0,0,0.0
0,0,0.0
1,1,1.0
1,1,1.0
1,1,0.9543824100331131
0,0,0.0
1,1,1.0
1,1,1.0
1,1,1.0
0,0,0.0
1,1,0.9538596191267741
1,1,0.814820926787918
0,0,0.0
0,0,0.0
1,1,1.0
0,0,0.09764876208767526
1,1,1.0
1,1,1.0
0,0,0.0
0,0,0.0
1,1,1.0
1,1,1.0
1,1,1.0
0,0,0.0
0,0,0.0
1,1,1.0
0,0,0.0
1,1,1.0
1,1,0.9088124359079426
0,0,0.0
0,0,0.0929483994642826
1,1,1.0
1,1,1.0
0,0,0.0
0,0,0.0
0,0,0.186381278017044
0,0,0.0
0,0,0.0
1,1,1.0
1,1,1.0
0,0,0.0
1,1,1.0
1,1,0.8086121094323709
1,1,1.0
1,1,1.0
1,1,1.0
0,0,0.0
0,0,0.0
0,0,0.0
0,0,0.13515432542573944
0,0,0.0
0,0,0.0
1,1,1.0
1,1,1.0
1,1,1.0
1,1,1.0
1,1,1.0
0,0,0.0
0,0,0.0
0,0,0.0
1,1,1.0
1,1,1.0
1,1,0.8599611315045449
1,1,1.0
1,1,1.0
1,1,1.0
1,1,1.0
0,0,0.0
1,1,1.0
1,1,1.0
1,1,0.953403704479864
0,0,0.0
0,0,0.0
0,0,0.0
1,1,1.0
0,0,0.0
1,1,1.0
0,0,0.0
1,1,1.0
0,0,0.0
0,0,0.0
1,1,1.0
0,0,0.0
0,0,0.0
1,1,1.0
1,1,1.0
0,0,0.0
0,0,0.0
1,1,1.0
1,1,1.0
1,1,1.0
0,0,0.23221181219241094
1,1,1.0
1,1,1.0
0,0,0.0
0,0,0.0
0,0,0.0
1,1,1.0
1,1,1.0
1,1,1.0
1,1,1.0
0,0,0.0
1,1,1.0
1,1,1.0
1,1,1.0
1,1,1.0
0,0,0.0
1,1,1.0
0,0,0.0
1,1,1.0
0,0,0.04666484941847747
1,1,1.0
1,1,1.0
1,1,0.9539075014373536
1,1,0.8528520389375575
1,1,1.0
1,1,1.0
1,1,1.0
0,0,0.0
1,1,1.0
1,1,1.0
1,1,1.0
0,0,0.0
1,1,1.0
1,1,1.0
0,0,0.0
1,1,1.0
1,1,1.0
1,1,1.0
0,0,0.0
1,1,1.0
1,1,1.0
1,1,1.0
0,0,0.0
1,1,1.0
1,1,0.9515930528036283
0,0,0.0
1,1,1.0
1,1,1.0
1,1,1.0
0,0,0.0
0,0,0.0
1,1,1.0
1,1,0.9498280185838627
0,0,0.0
0,0,0.0
0,0,0.0
1,1,1.0
1,1,1.0
1,1,1.0
1,1,1.0
0,0,0.0
0,0,0.0
1,1,1.0
1,1,1.0
1,1,1.0
1,1,1.0
1,1,1.0
0,0,0.0
0,0,0.0
1,1,1.0
1,1,1.0
0,0,0.0
0,0,0.046523573958080204
0,0,0.0
1,1,1.0
1,1,0.9097158107447426
1,1,1.0
1,1,1.0
0,0,0.1923871197783607
1,1,1.0
1,1,0.9543380022636158
1,1,1.0
1,1,0.9522288056135186
1,1,1.0
1,1,1.0
1,1,1.0
1,1,1.0
1,1,1.0
0,0,0.0
1,1,1.0
1,1,1.0
1,1,1.0
0,0,0.0
1,1,1.0
1,1,1.0
0,0,0.0
1,1,1.0
0,0,0.2897280159469264
0,0,0.0
1,1,1.0
1,1,1.0
1,1,1.0
1,1,1.0
0,0,0.0
1,1,1.0
1,1,0.9528397918649835
1,1,1.0
1,1,1.0
1,1,1.0
0,0,0.0
1,1,1.0
1,1,1.0
0,0,0.0
1,1,1.0
1,1,1.0
0,0,0.0
0,0,0.0
1,1,1.0
0,0,0.0
1,1,1.0
1,1,1.0
0,0,0.0
1,1,0.6296726923254357
1,1,1.0
0,0,0.0
0,0,0.0
1,1,1.0
1,1,1.0
0,0,0.0
0,0,0.3275504652420622
0,0,0.0
1,1,1.0
1,1,1.0
0,0,0.0
0,0,0.0
1,1,1.0
1,1,1.0
1,1,1.0
1,1,1.0
0,0,0.0
1,1,0.9537672114933439
1,1,1.0
1,1,1.0
1,1,1.0
1,1,0.9033144001579129
1,1,1.0
0,0,0.0
0,0,0.0
1,1,1.0
1,1,1.0
1,1,0.9092509006257509
1,1,1.0
0,0,0.0
0,0,0.0
1,1,0.9525603231008445
0,0,0.0
0,0,0.0
0,0,0.0
1,1,1.0
1,1,1.0
0,0,0.0
0,0,0.13761045476417927
0,0,0.0
1,1,1.0
0,0,0.0
1,1,1.0
1,1,1.0
0,0,0.0
1,1,0.9083263451708339
1,1,0.6666032721524828
0,0,0.0
0,0,0.0
0,0,0.1831972015897685
0,0,0.0
1,1,1.0
0,0,0.0
0,0,0.0
0,0,0.0
1,1,1.0
1,1,1.0
1,1,1.0
1,1,1.0
1,1,0.9526247718376384
1,1,1.0
0,0,0.1834213055415154
0,0,0.0
0,0,0.0
1,1,1.0
0,0,0.0
1,1,1.0
0,0,0.0
0,0,0.0
1,1,1.0
0,0,0.0
0,0,0.0
1,1,1.0
1,1,1.0
1,1,1.0
0,0,0.13980207469744735
0,0,0.0
0,0,0.0
1,1,1.0
0,0,0.0
1,1,1.0
1,1,1.0
1,1,1.0
1,1,0.9534815609219487
0,0,0.0
1,0,0.42865466778984695
1,1,1.0
1,1,1.0
1,1,1.0
1,1,1.0
1,1,1.0
1,1,1.0
1,1,1.0
1,1,1.0
1,1,1.0
1,1,0.9520027468836392
1,1,1.0
1,1,0.7157836591366346
1,1,1.0
0,0,0.0
1,1,1.0
1,1,1.0
1,1,1.0
1,1,1.0
1,1,1.0
1,1,1.0
1,1,1.0
1,1,1.0
0,0,0.0
0,0,0.0
1,1,1.0
0,0,0.0
1,1,0.9093529085283886
0,0,0.0
0,0,0.0
1,1,1.0
1,1,0.9549416940583165
0,0,0.0
0,0,0.09116206097865164
1,1,1.0
1,1,1.0
1,1,1.0
1,1,1.0
1,1,1.0
1,1,1.0
1,1,1.0
1,1,1.0
0,0,0.0
1,1,1.0
1,1,1.0
0,0,0.14340461406596705
1,1,1.0
1,1,1.0
0,0,0.0
1,1,1.0
0,0,0.0
0,0,0.0
0,0,0.04932795285525389
0,0,0.0
1,1,0.5607861068157184
1,1,0.9545882050619797
1,1,1.0
1,1,1.0
1,1,1.0
0,0,0.0
1,1,1.0
1,1,1.0
0,0,0.17647319168220152
1,1,1.0
0,0,0.0
1,1,0.5650367305441857
1,1,1.0
0,0,0.0
1,1,0.9074210146228316
0,0,0.0
0,0,0.0
0,0,0.0
1,1,0.9523528315057401
0,0,0.0
1,1,0.9535942507303666
1,1,1.0
1,1,1.0
0,0,0.0
1,1,1.0
1,1,1.0
1,1,1.0
1,1,1.0
1,1,0.8587363738337155
1,1,0.955038828558973
1,1,0.9530627344318698
1,1,1.0
0,0,0.1870872338811276
1,1,0.9542369739158911
1,1,0.9073286080487136
1,1,1.0
1,1,1.0
1,1,1.0
1,1,1.0
0,0,0.0
1,1,1.0
1,1,1.0
1,1,1.0
0,0,0.0
1,1,1.0
0,0,0.37905332838788364
0,0,0.0
1,1,1.0
1,1,1.0
0,0,0.0
1,1,1.0
1,1,0.9546739152238696
1,1,1.0
1,1,1.0
0,0,0.0
1,1,0.7572846350922499
0,0,0.04551603421446889
0,0,0.0
1,1,0.702973552999752
1,1,1.0
0,0,0.0
0,0,0.0
1,1,1.0
1,1,1.0
1,1,1.0
0,0,0.0
0,0,0.0
1,1,0.9542069146466726
1,1,1.0
0,0,0.0
0,0,0.047036822128273016
0,0,0.0
1,1,1.0
1,1,1.0
1,1,1.0
1,1,1.0
0,0,0.0
1,1,1.0
1,1,0.9071516699128871
0,0,0.0
0,0,0.0
1,1,1.0
1,1,1.0
1,1,1.0
1,1,1.0
1,1,1.0
1,1,1.0
1,1,1.0
1,1,1.0
0,0,0.0
1,1,1.0
0,0,0.04398945277699682
0,0,0.0
1,1,1.0
1,1,1.0
1,1,1.0
1,1,1.0
1,1,0.9102764315382843
1,1,1.0
0,0,0.0
0,0,0.0
1,1,1.0
0,1,0.5325470534421494
1,1,1.0
1,1,0.7073138643128107
0,0,0.0
1,1,1.0
0,0,0.0
0,0,0.0
1,1,0.9081356687296683
1,1,1.0
0,0,0.0
1,1,1.0
0,0,0.0
0,0,0.0
1,1,1.0
1,1,1.0
1,1,1.0
0,0,0.0
1,1,0.6886792068990419
1,1,1.0
0,0,0.0
1,1,0.8612801595239776
1,1,1.0
1,1,1.0
1,1,1.0
1,1,1.0
1,1,1.0
1,1,1.0
0,0,0.0
1,1,1.0
0,0,0.0
1,1,1.0
1,1,1.0
1,1,1.0
1,1,1.0
1,1,1.0
1,1,1.0
1,1,0.7658311768414285
1,1,1.0
0,0,0.0
1,1,1.0
1,1,0.8553721288372202
0,0,0.0
1,1,1.0
1,1,1.0
1,1,1.0
0,0,0.0
1,1,1.0
0,0,0.0
1,1,1.0
1,1,0.9057096121635616
0,0,0.0
1,1,1.0
1,1,1.0
1,1,1.0
0,0,0.0
0,0,0.0
1,1,0.8545492279944517
1,1,1.0
1,1,0.9026395366255328
0,0,0.0
1,1,1.0
1,1,1.0
1,1,0.9066812423117172
1,1,1.0
0,0,0.044836145029510645
0,0,0.0
0,0,0.0
1,1,1.0
0,0,0.0
0,0,0.0
0,0,0.0
0,0,0.0
0,0,0.0
0,0,0.0
0,0,0.0
0,0,0.0
1,1,1.0
0,0,0.0
1,1,1.0
0,0,0.09248667337366492
0,0,0.0
1,1,1.0
0,0,0.0
0,0,0.0
1,1,1.0
1,1,1.0
1,1,1.0
1,1,1.0
1,1,1.0
1,1,0.9546555134553982
0,0,0.0
1,1,1.0
0,0,0.0
1,1,1.0
0,0,0.0
0,0,0.0
0,0,0.08919034020058397
1,1,1.0
1,1,1.0
0,0,0.0
0,0,0.0
1,1,1.0
0,0,0.0
1,1,1.0
1,1,1.0
1,1,1.0
1,1,1.0
0,0,0.0
1,1,0.9518927245217383
0,0,0.0
1,1,1.0
1,1,0.953827703720544
0,0,0.0
0,0,0.0
1,1,1.0
0,0,0.0
1,1,1.0
1,1,0.9525271271309128
1,1,1.0
1,1,1.0
1,1,1.0
1,1,1.0
0,0,0.0
1,1,1.0
0,0,0.0
1,1,1.0
1,1,1.0
0,0,0.0
1,1,1.0
1,1,1.0
1,1,0.9533050570623994
1,1,0.8527797387344449
1,1,1.0
1,1,1.0
0,0,0.0
0,0,0.0
1,1,1.0
0,0,0.0
1,1,1.0
1,1,1.0
1,1,1.0
1,1,1.0
0,0,0.0
0,0,0.0
0,0,0.0
0,0,0.0
1,1,1.0
1,1,0.9542104718924912
1,1,0.9530825533344162
1,1,1.0
0,0,0.14011743054716394
1,1,1.0
0,0,0.22418609872418582
1,1,1.0
1,1,0.5694898618126528
1,1,1.0
1,1,1.0
0,0,0.0
0,0,0.0
1,1,1.0
1,1,1.0
1,1,1.0
0,0,0.0
0,0,0.0
0,0,0.0
1,1,1.0
0,0,0.0
1,1,1.0
1,1,1.0
1,1,1.0
1,1,1.0
0,0,0.0
1,1,0.9016932147161849
0,0,0.0
1,1,0.9543437803855463
1,1,1.0
0,0,0.0
1,1,1.0
1,1,1.0
1,1,0.9062918093108249
1,1,1.0
0,0,0.23619261037277922
0,0,0.0
1,1,1.0
0,0,0.0
1,1,1.0
1,1,1.0
1,1,1.0
1,1,1.0
1,1,0.9102636580979324
0,0,0.0
1,1,0.8222613458584334
1,1,1.0
1,1,1.0
1,1,0.9494159564595294
1,1,0.8597857323476403
1,1,1.0
1,1,1.0
1,1,1.0
1,1,1.0
1,1,1.0
1,1,0.9082904623467544
1,1,1.0
1,1,1.0
0,0,0.0
1,1,1.0
1,1,1.0
0,0,0.0
0,0,0.0
1,1,0.7704592181846189
1,1,1.0
0,0,0.0
0,0,0.0
1,1,1.0
1,1,1.0
1,1,1.0
0,0,0.0
1,1,1.0
1,1,0.9040884947288688
0,0,0.0
1,1,0.9532495426310945
0,0,0.0
1,1,1.0
1,1,1.0
0,0,0.0
0,0,0.0
1,1,1.0
0,0,0.0
0,0,0.0
0,0,0.0
1,1,0.5828599229347773
1,1,1.0
1,1,1.0
0,0,0.0
1,1,1.0
1,1,1.0
1,1,1.0
1,1,1.0
1,1,1.0
1,1,1.0
1,1,1.0
0,0,0.14176656183229272
1,1,0.9542153468687835
1,1,1.0
1,1,0.9538054030686676
1,1,1.0
1,1,0.9545617692063959
0,0,0.0
0,0,0.0
0,0,0.0
0,0,0.0
0,0,0.0
1,1,1.0
1,1,1.0
0,0,0.0
1,1,1.0
0,0,0.3239938847564986
1,1,1.0
0,0,0.0
0,0,0.0
1,1,1.0
1,1,0.9545137901460535
0,0,0.0
0,0,0.0
1,1,1.0
1,1,1.0
0,0,0.0
1,1,1.0
1,1,1.0
0,0,0.0
1,1,1.0
1,1,1.0
0,0,0.0
1,1,1.0
1,1,1.0
0,0,0.0
1,1,1.0
0,0,0.0
1,1,1.0
1,1,1.0
1,1,1.0
0,0,0.0
1,1,0.9523574130560056
1,1,1.0
1,1,0.9542882994286255
1,1,1.0
1,1,1.0
0,0,0.0
1,1,1.0
1,1,1.0
1,1,1.0
0,0,0.0
1,1,0.9538161155968735
1,1,1.0
1,1,1.0
1,1,1.0
1,1,1.0
1,1,1.0
0,0,0.0
1,1,1.0
1,1,1.0
0,0,0.0
1,1,1.0
0,0,0.0
0,0,0.0
1,1,1.0
1,1,1.0
1,1,1.0
1,1,1.0
1,1,1.0
0,0,0.04510931060267398
0,0,0.0
0,0,0.0
1,1,0.9502653053057915
0,0,0.04707862072264019
1,1,1.0
1,1,1.0
1,1,1.0
1,1,1.0
0,0,0.0
0,0,0.0
1,1,1.0
1,1,0.9526630039987704
0,0,0.0
0,0,0.0
0,0,0.0
0,0,0.0
1,1,1.0
0,0,0.32669494930694387
1,1,0.9080783181081217
0,0,0.0
0,0,0.0
1,1,1.0
0,0,0.0
1,1,1.0
1,1,1.0
0,0,0.0
1,1,1.0
0,0,0.0
1,1,1.0
1,1,1.0
0,0,0.0
1,1,1.0
1,1,1.0
1,1,1.0
0,0,0.0
1,1,1.0
0,0,0.0
1,1,1.0
0,0,0.0
1,1,1.0
1,1,1.0
1,1,1.0
1,1,1.0
1,1,1.0
1,1,1.0
1,1,1.0
1,1,1.0
0,0,0.0
0,0,0.18050197031453144
1,1,1.0
1,1,1.0
1,1,1.0
0,0,0.0
1,1,1.0
1,1,1.0
1,1,1.0
0,0,0.0
1,1,1.0
1,1,1.0
0,0,0.0
1,1,1.0
1,1,1.0
1,1,1.0
1,1,0.9535667330586841
1,1,1.0
1,1,1.0
1,1,1.0
1,1,1.0
1,1,0.9057153573797032
1,1,1.0
0,0,0.04600800627309169
1,1,1.0
0,0,0.0
1,1,0.9068148086724614
1,1,1.0
1,1,1.0
0,0,0.0
0,0,0.0
1,1,1.0
1,1,0.9524020528902638
1,1,1.0
1,1,1.0
1,1,1.0
1,1,0.904695624110012
1,1,1.0
1,1,1.0
0,0,0.0
1,1,1.0
1,1,1.0
1,1,1.0
1,1,0.8156748417091051
1,1,1.0
0,0,0.0
0,0,0.0
0,0,0.0
1,1,0.9539497490220143
1,1,1.0
0,0,0.0
0,0,0.0
1,1,1.0
1,1,1.0
0,0,0.0
1,1,1.0
1,1,1.0
1,1,1.0
0,0,0.0
0,0,0.0
1,1,0.7656246183246463
1,1,1.0
0,0,0.0
0,0,0.0
1,1,0.907326918478516
0,0,0.18420689727056244
1,1,1.0
1,1,1.0
1,1,0.9536313352592524
1,1,1.0
1,1,0.9113768514049598
0,0,0.04557349733185056
1,1,1.0
0,0,0.0
1,1,1.0
1,1,1.0
0,0,0.0
1,1,1.0
0,0,0.0
1,1,0.9491906010285367
1,1,1.0
0,0,0.0
1,1,0.8110498433583739
1,1,1.0
1,1,1.0
1,1,1.0
1,1,1.0
0,0,0.0
1,1,0.7146679859606607
0,0,0.0
1,1,1.0
1,1,1.0
0,0,0.0
1,1,1.0
1,1,1.0
1,1,0.9551184070276584
1,1,1.0
1,1,1.0
0,0,0.0
1,1,1.0
0,0,0.0
1,1,1.0
1,1,1.0
0,0,0.04388272769424408
1,1,1.0
0,0,0.0
1,1,1.0
0,0,0.0
0,0,0.0
0,0,0.0
1,1,1.0
0,0,0.0
0,0,0.0953086184612937
1,1,1.0
0,0,0.0
0,0,0.0
1,1,1.0
1,1,1.0
1,1,1.0
1,1,1.0
0,0,0.0
1,1,1.0
1,1,1.0
1,1,1.0
1,1,1.0
0,0,0.1401534858518144
0,0,0.0
0,0,0.0
0,0,0.0
0,0,0.0
0,0,0.0
1,1,1.0
0,0,0.0
0,0,0.0
0,0,0.0
1,1,0.9550254184676646
0,0,0.0
0,0,0.0
1,1,1.0
0,0,0.0
0,0,0.0
1,1,1.0
0,0,0.0
0,0,0.0
1,1,1.0
1,1,1.0
1,1,1.0
1,1,1.0
0,0,0.0
1,1,1.0
1,1,1.0
1,1,1.0
1,1,1.0
1,1,1.0
1,1,1.0
0,0,0.0
1,1,1.0
1,1,1.0
0,0,0.04544307295590252
1,1,1.0
1,1,1.0
1,1,1.0
1,1,0.9535944967972693
1,1,0.9542436048837533
1,1,1.0
0,0,0.0
0,0,0.0
0,0,0.04656078916038206
1,1,1.0
1,1,1.0
1,1,1.0
0,0,0.0
1,1,1.0
1,1,1.0
1,1,1.0
0,0,0.0
1,1,1.0
1,1,1.0
0,0,0.0
1,1,1.0
0,0,0.0
0,0,0.09339657360304392
0,0,0.0
1,1,1.0
0,0,0.0
1,1,0.9081950380871546
1,1,1.0
1,1,1.0
0,0,0.0
0,0,0.0
0,0,0.2812117790241658
0,0,0.0
0,0,0.0
1,1,1.0
0,0,0.0
1,1,1.0
1,1,1.0
1,1,1.0
1,1,1.0
1,1,1.0
1,1,1.0
0,0,0.08313755489461808
1,1,1.0
0,0,0.0
1,1,1.0
0,0,0.0
0,0,0.09325686922283591
0,0,0.047065461987665695
1,1,1.0
1,1,1.0
1,1,1.0
1,1,1.0
0,0,0.0
1,1,1.0
1,1,0.9543056060988878
0,0,0.0
1,1,1.0
1,1,1.0
1,1,1.0
1,1,1.0
0,0,0.0
1,1,1.0
1,1,1.0
0,0,0.0
0,0,0.0
1,1,1.0
0,0,0.0
1,1,1.0
0,0,0.0
1,1,1.0
1,1,1.0
1,1,1.0
0,0,0.0
1,1,1.0
1,1,0.955386528988895
1,1,1.0
1,1,1.0
0,0,0.0
1,1,0.9549884167888183
1,1,0.6260151359850533
1,1,1.0
1,1,0.9547650923002433
0,0,0.0
0,0,0.0
1,1,1.0
1,1,1.0
1,1,0.9536766011260895
0,0,0.09455631437043517
1,1,1.0
1,1,1.0
1,1,0.8606961033767978
0,0,0.0
1,1,0.8567596584595472
0,0,0.0
1,1,1.0
0,0,0.0
0,0,0.0
1,1,1.0
1,1,1.0
1,1,0.9528162200650416
1,1,1.0
1,1,1.0
0,0,0.0
0,0,0.09316670107829382
1,1,0.8969071174681835
1,1,0.9530431096759986
1,1,1.0
0,0,0.0
0,0,0.0
1,1,1.0
0,0,0.0
0,0,0.0
1,1,0.8599963683168776
1,1,1.0
1,1,1.0
0,0,0.14589952490051583
0,0,0.0
1,1,1.0
1,1,0.9535838065966133
0,0,0.0
0,0,0.0
1,1,1.0
1,1,1.0
0,0,0.0
1,1,1.0
1,1,0.9082315205606138
1,1,1.0
1,1,1.0
1,1,0.9522096159347099
1,1,1.0
0,0,0.0
0,0,0.0
0,0,0.0
0,0,0.04561472600328836
1,1,0.8604020488853453
1,1,1.0
1,1,1.0
1,1,1.0
1,1,0.9533748279913434
1,1,1.0
0,0,0.0
1,1,0.812324014430354
1,1,1.0
0,0,0.0
0,0,0.0
0,0,0.0
1,1,0.9110348927872121
1,1,1.0
1,1,1.0
1,1,0.9057694870987029
0,0,0.328049098019877
1,1,1.0
1,1,1.0
1,1,1.0
1,1,0.7720349655682969
1,1,1.0
0,0,0.0
1,1,1.0
0,0,0.0
0,0,0.0
1,1,1.0
1,1,0.952713971874823
1,1,1.0
0,0,0.0
1,1,0.9546716363686445
1,1,1.0
1,1,1.0
1,1,0.9530984597032323
1,1,1.0
0,0,0.0
1,1,0.8594393211743027
1,1,1.0
1,1,1.0
1,1,0.9559878070356101
1,1,1.0
1,1,1.0
1,1,0.9086295226606588
0,0,0.0
1,1,1.0
0,0,0.0
1,1,1.0
1,1,1.0
1,1,1.0
0,0,0.0
1,1,1.0
0,0,0.0
0,0,0.0
1,1,1.0
1,1,1.0
0,0,0.0
1,1,1.0
1,1,1.0
0,0,0.0
1,1,1.0
1,1,1.0
1,1,1.0
1,1,1.0
1,1,1.0
1,1,1.0
0,0,0.0
1,1,1.0
1,1,0.8594223641507205
0,0,0.0
1,1,0.9551093251219116
1,1,1.0
1,1,0.9544844613559157
1,1,1.0
1,1,1.0
1,1,0.8983889246625318
1,1,1.0
1,1,1.0
1,1,1.0
1,1,1.0
0,0,0.0
0,0,0.13777271607653874
0,0,0.0
1,1,1.0
1,1,1.0
1,1,1.0
1,1,0.8576331797808865
1,1,1.0
1,1,1.0
1,1,1.0
0,0,0.0
0,0,0.0
0,0,0.0
0,0,0.0
1,1,1.0
1,1,1.0
0,0,0.0
1,1,0.9528772864593945
1,1,1.0
1,1,1.0
1,1,1.0
1,1,1.0
1,1,1.0
0,0,0.0
1,1,1.0
1,1,1.0
0,0,0.0
1,1,0.9077003990442278
0,0,0.0
1,1,1.0
1,1,1.0
0,0,0.0
0,0,0.045403504723819224
1,1,1.0
0,0,0.0
1,1,1.0
0,0,0.0
0,0,0.0
0,0,0.0
1,1,1.0
1,1,1.0
1,1,1.0
1,1,1.0
0,0,0.0
1,1,1.0
1,1,0.8572902426273813
0,0,0.281423054316791
1,1,1.0
0,0,0.0
0,0,0.0
1,1,1.0
0,0,0.0
0,0,0.0
0,0,0.0
1,1,1.0
0,0,0.0
1,1,1.0
1,1,1.0
0,0,0.18295573505911375
0,0,0.0
0,0,0.0
1,1,1.0
1,1,0.9538904192863965
1,1,1.0
0,0,0.0
1,1,1.0
1,1,1.0
1,1,1.0
1,1,1.0
1,1,1.0
0,0,0.2281559763914668
1,1,1.0
1,1,1.0
1,1,1.0
1,1,1.0
0,0,0.0
0,0,0.0
1,1,1.0
0,0,0.138198984261482
0,0,0.0
0,0,0.0
1,1,1.0
1,1,1.0
0,0,0.0
0,0,0.0
1,1,1.0
0,0,0.0
1,1,1.0
1,1,1.0
0,0,0.0
1,1,1.0
0,0,0.0
1,1,1.0
1,1,1.0
1,1,1.0
0,0,0.1370938202525821
0,0,0.0
1,1,1.0
1,1,1.0
1,1,1.0
1,1,1.0
0,0,0.0
1,1,1.0
1,1,0.9106136364667081
1,1,1.0
1,1,1.0
0,0,0.0
1,1,1.0
1,1,0.9030886711689669
1,1,1.0
1,1,0.9511379752747136
0,0,0.0
0,0,0.0
1,1,0.9536092225158312
1,1,0.9530577657436462
1,1,1.0
0,0,0.09041214239669136
1,1,1.0
1,1,0.9557979445631053
1,1,1.0
1,1,1.0
1,1,0.9080568645925697
0,0,0.04406705444531332
1,1,1.0
1,1,1.0
1,1,1.0
0,0,0.0
1,1,1.0
1,1,1.0
1,1,1.0
1,1,1.0
1,1,1.0
0,0,0.0
0,0,0.0
1,1,1.0
1,1,1.0
1,1,1.0
1,1,1.0
1,1,0.9535243221857622
1,1,1.0
1,1,1.0
1,1,1.0
0,0,0.046181004150772066
0,0,0.0
0,0,0.0
1,1,1.0
1,1,1.0
1,1,1.0
1,1,1.0
0,0,0.23301742081082422
0,0,0.0
1,1,1.0
0,0,0.0
0,0,0.0
1,1,1.0
0,0,0.0
0,0,0.0
1,1,1.0
1,1,1.0
1,1,1.0
1,1,0.8618429946211572
0,0,0.0
1,1,1.0
1,1,1.0
1,1,0.9548932241582405
1,1,0.9526367045689618
1,1,0.9548923112003276
0,0,0.0
1,1,0.8620023690106329
0,0,0.0
1,1,0.8618248903701506
0,0,0.0
1,1,1.0
0,0,0.0
1,1,1.0
0,0,0.0
1,1,1.0
1,1,1.0
1,1,1.0
1,1,1.0
0,0,0.04504987422186097
1,1,0.8665609276112493
1,1,0.9544243710094508
1,1,1.0
0,0,0.0
1,1,0.9537841949105055
1,1,1.0
1,1,1.0
0,0,0.1426995154130877
1,1,1.0
0,0,0.0
1,1,1.0
1,1,1.0
1,1,1.0
1,1,1.0
1,1,1.0
0,0,0.0
1,1,1.0
0,0,0.0
1,1,1.0
1,1,1.0
0,0,0.0
1,1,0.9531022657958731
0,0,0.139087134306932
0,0,0.0
1,1,1.0
0,0,0.0
1,1,0.9545069818387425
1,1,1.0
1,1,1.0
0,0,0.0
1,1,1.0
1,1,1.0
1,1,1.0
1,1,0.9530862110735341
1,1,0.9072840346920167
1,1,1.0
1,1,0.9551593093354194
0,0,0.0
1,1,0.8578644351065032
0,0,0.0
0,0,0.0
1,1,1.0
1,1,0.9541826100049489
1,1,1.0
0,0,0.0
0,0,0.0
0,0,0.0
1,1,1.0
0,0,0.0
1,1,1.0
1,1,1.0
0,0,0.0
0,0,0.0
1,1,1.0
1,1,1.0
1,1,1.0
1,1,1.0
1,1,1.0
1,1,1.0
1,1,1.0
0,0,0.0
1,1,1.0
1,1,1.0
1,1,1.0
1,1,1.0
0,0,0.4564746972277481
0,0,0.0
1,1,1.0
1,1,1.0
1,1,1.0
1,1,0.9063902385239987
0,0,0.0
0,0,0.0
1,1,1.0
0,0,0.0
1,1,1.0
1,1,1.0
1,1,1.0
0,0,0.0
0,0,0.0
1,1,0.9030384767989824
1,1,1.0
1,1,1.0
1,1,1.0
1,1,1.0
1,1,1.0
1,1,1.0
0,0,0.0
1,1,1.0
1,1,1.0
1,1,1.0
0,0,0.19549643002796477
1,1,1.0
1,1,1.0
0,0,0.0
1,1,1.0
0,0,0.0
1,1,1.0
0,0,0.0
1,1,1.0
1,1,1.0
0,0,0.0
1,1,1.0
1,1,0.9515442308664352
1,1,1.0
0,0,0.047754232849759076
1,1,1.0
0,0,0.0
1,1,1.0
0,0,0.0
1,1,1.0
1,1,1.0
0,0,0.0
0,0,0.0
0,0,0.0
1,1,1.0
1,1,1.0
1,1,1.0
1,1,1.0
1,1,0.9031053948103412
1,1,1.0
1,1,1.0
1,1,0.951288456736075
0,0,0.0
1,1,0.8071060194994849
1,1,1.0
1,1,1.0
0,0,0.0
0,0,0.0
1,1,1.0
0,1,0.5280816245104845
0,0,0.0
1,1,1.0
0,0,0.0
1,1,1.0
0,0,0.0
0,0,0.0
0,0,0.0
1,1,1.0
0,0,0.0
0,0,0.09381663929273862
0,0,0.0
1,1,1.0
0,0,0.04570191436807009
1,1,1.0
1,1,1.0
0,0,0.0
0,0,0.0
1,1,1.0
1,1,1.0
1,1,1.0
0,0,0.0
0,0,0.0
1,1,0.9079678419273819
0,0,0.0
0,0,0.0
1,1,1.0
1,1,1.0
1,1,1.0
1,1,1.0
1,1,1.0
1,1,1.0
1,1,1.0
1,1,1.0
0,0,0.0
1,1,1.0
1,1,1.0
1,1,1.0
0,0,0.18742981848454282
1,1,1.0
1,1,1.0
1,1,0.9557272124686689
1,1,1.0
1,1,1.0
1,1,1.0
0,0,0.0
0,0,0.0
1,1,1.0
1,1,1.0
1,1,1.0
1,1,1.0
0,0,0.14088131533456527
1,1,1.0
0,0,0.0
1,1,0.9525526983184639
1,1,1.0
1,1,1.0
1,1,1.0
0,0,0.0
1,1,1.0
0,0,0.0
1,1,1.0
0,0,0.0
0,0,0.04477273148482455
1,1,1.0
1,1,1.0
1,1,1.0
1,1,1.0
1,1,1.0
1,1,1.0
1,1,1.0
1,1,0.9509240488219857
1,1,0.8106544805239977
1,1,0.9517965509726445
0,0,0.0
0,0,0.0
0,0,0.0
0,0,0.0
0,0,0.0
1,1,1.0
0,0,0.0
0,0,0.0
1,1,1.0
1,1,1.0
1,1,1.0
0,0,0.0
1,1,1.0
0,0,0.0
1,1,0.8143161252347102
0,0,0.0
1,1,1.0
0,0,0.0
1,1,1.0
0,0,0.0
1,1,1.0
0,0,0.04476417249829105
0,0,0.0
0,0,0.0
0,0,0.0
0,0,0.0
1,1,1.0
1,1,1.0
1,1,1.0
0,0,0.0
1,1,1.0
1,1,1.0
0,0,0.0
1,1,0.9553878995403856
1,1,1.0
1,1,1.0
0,0,0.0
1,1,0.9533746052382046
0,0,0.0
0,0,0.0
0,0,0.04455696452212009
1,1,1.0
1,1,1.0
1,1,0.9548554333315945
0,0,0.0
0,0,0.0
0,0,0.0
1,1,1.0
0,0,0.0
1,1,1.0
1,1,1.0
1,1,1.0
1,1,1.0
1,1,1.0
1,1,1.0
1,1,1.0
0,0,0.0
1,1,1.0
0,0,0.0
1,1,1.0
1,1,1.0
0,0,0.09058058965302743
1,1,1.0
1,1,1.0
1,1,1.0
1,1,1.0
1,1,1.0
1,1,1.0
1,1,0.9090585660222072
0,0,0.0
1,1,1.0
0,0,0.0
1,1,1.0
1,1,1.0
1,1,1.0
1,1,0.8591080078448015
1,1,1.0
0,0,0.0
1,1,1.0
0,0,0.0
0,0,0.0
0,0,0.0
0,0,0.0
1,1,0.7649797543896165
1,1,1.0
0,0,0.0
0,0,0.0
0,0,0.0
0,0,0.0
1,1,1.0
1,1,1.0
0,0,0.0
0,0,0.0
1,1,1.0
1,1,1.0
1,1,1.0
1,1,1.0
1,1,1.0
1,1,1.0
0,0,0.0
0,0,0.0
1,1,0.9543560436230626
1,1,1.0
0,0,0.0
1,1,1.0
0,0,0.0
1,1,1.0
0,0,0.0
1,1,1.0
1,1,0.9555910126890562
1,1,1.0
1,1,0.9064888055541408
1,1,1.0
0,0,0.0
1,1,1.0
0,0,0.0
0,0,0.0
1,1,0.9079655536311202
0,0,0.0
0,0,0.0
1,1,1.0
1,1,0.9544197174455944
1,1,0.9526860591179541
1,1,1.0
0,0,0.3756649977201523
0,0,0.13903554805448337
1,1,1.0
1,1,1.0
1,1,1.0
1,1,1.0
1,1,1.0
0,0,0.0
1,1,1.0
1,1,1.0
1,1,1.0
0,0,0.0
1,1,1.0
1,1,1.0
1,1,1.0
0,0,0.0
1,1,1.0
1,1,1.0
1,1,1.0
1,1,1.0
1,1,0.9551904916743105
1,1,1.0
1,1,1.0
0,0,0.0
0,0,0.0
0,0,0.0
0,0,0.0
1,1,0.9032946506570263
1,1,1.0
1,1,0.9533873498994259
1,1,1.0
1,1,0.9528400179825269
1,1,0.9090515744333207
1,1,0.9506269140894208
1,1,1.0
1,1,0.8559382505886134
1,1,1.0
0,0,0.0
1,1,1.0
1,1,1.0
1,1,1.0
0,0,0.0
1,1,1.0
1,1,1.0
1,1,1.0
0,0,0.0
1,1,1.0
0,0,0.0
0,0,0.3870729331058553
0,0,0.0
0,0,0.0
1,1,1.0
0,0,0.0
1,1,1.0
1,1,1.0
1,1,1.0
1,1,0.9528955647191124
1,1,1.0
1,1,1.0
0,0,0.0
1,1,1.0
0,0,0.08996166847485138
1,1,1.0
0,0,0.0
1,1,0.9507885454384867
0,0,0.0
1,1,1.0
1,1,1.0
1,1,1.0
0,0,0.0
1,1,1.0
1,1,1.0
1,1,1.0
1,1,1.0
1,1,1.0
1,1,1.0
0,0,0.28088307429114123
1,1,1.0
1,1,1.0
1,1,0.9082683402191429
1,1,1.0
0,0,0.0
0,0,0.0
0,0,0.0
1,1,1.0
0,0,0.0
1,1,0.6744809865917235
1,1,0.9536223572279774
1,1,1.0
1,1,1.0
1,1,1.0
1,1,1.0
0,0,0.0
1,1,1.0
0,0,0.0
1,1,1.0
1,1,0.9518230723945247
0,0,0.0
0,0,0.0
0,0,0.0
1,1,1.0
0,0,0.0
0,0,0.0
0,0,0.0
1,1,1.0
1,1,1.0
1,1,1.0
1,1,1.0
0,0,0.0
1,1,1.0
0,0,0.048256765147590044
0,0,0.0
0,0,0.048893882823046964
0,0,0.0
1,1,1.0
0,0,0.0
0,0,0.0
0,0,0.0
1,1,1.0
0,0,0.0
1,1,1.0
1,1,0.9501493543330031
1,1,0.9527224963481398
1,1,1.0
0,0,0.0
1,1,0.9535665229451038
1,1,1.0
0,0,0.0
0,0,0.0
1,1,1.0
1,1,1.0
1,1,1.0
1,1,1.0
1,1,1.0
1,1,1.0
1,1,0.9516417498602556
0,0,0.0
0,0,0.0
0,0,0.0
0,0,0.0
1,1,1.0
0,0,0.0
0,0,0.0
1,1,1.0
1,1,1.0
1,1,1.0
1,1,1.0
1,1,1.0
1,1,1.0
0,0,0.0
0,0,0.0
1,1,1.0
1,1,0.9065421892708957
1,1,1.0
0,0,0.0
1,1,0.9496102931445685
0,0,0.0
1,1,1.0
0,0,0.04695110071746735
1,1,1.0
1,1,0.9092736168652039
1,1,1.0
1,1,1.0
0,0,0.0
1,1,1.0
0,0,0.0
0,0,0.0
1,1,1.0
1,1,1.0
0,0,0.046020320565192195
1,1,1.0
0,0,0.0
1,1,1.0
0,0,0.0
0,0,0.0
1,1,1.0
0,0,0.1389777100813165
1,1,1.0
0,0,0.0
1,1,1.0
0,0,0.0
0,0,0.0
1,1,1.0
1,1,1.0
0,0,0.1901014937977057
1,1,0.9519664183819302
1,1,1.0
1,1,1.0
1,1,1.0
1,1,1.0
1,1,1.0
0,0,0.0
0,0,0.0
0,0,0.0
1,1,1.0
1,1,0.9068952943030504
1,1,1.0
0,0,0.0
1,1,0.8469495609930933
1,1,1.0
1,1,1.0
1,1,1.0
0,0,0.0
0,0,0.0
1,1,1.0
1,1,1.0
0,0,0.0
1,1,1.0
0,0,0.0
0,0,0.0
1,1,1.0
1,1,1.0
0,0,0.0
1,1,1.0
0,0,0.0
0,0,0.2287373721364782
1,1,1.0
1,1,1.0
0,0,0.0
1,1,1.0
1,1,1.0
1,1,1.0
1,1,1.0
0,0,0.0
0,0,0.0
1,1,1.0
1,1,1.0
0,0,0.23305342907891224
1,1,1.0
0,0,0.0
0,0,0.0
1,1,1.0
0,0,0.0
0,0,0.0
1,1,1.0
0,0,0.0
1,1,1.0
1,1,1.0
1,1,1.0
0,0,0.0
1,1,1.0
1,1,0.9094571216260836
1,1,1.0
0,0,0.0
1,1,1.0
1,1,1.0
1,1,1.0
1,1,0.9536008988718372
1,1,1.0
0,0,0.0
1,1,0.9534792669381726
1,1,0.954668820599716
1,1,1.0
1,1,1.0
1,1,1.0
1,1,1.0
1,1,1.0
0,0,0.0
1,1,1.0
1,1,1.0
1,1,1.0
0,0,0.0
1,1,1.0
1,1,1.0
1,1,1.0
0,0,0.3753444759511773
1,1,1.0
0,0,0.0
1,1,1.0
1,1,0.9058829412082579
1,1,1.0
0,0,0.0
1,1,0.9537159316411491
1,1,1.0
0,0,0.0
1,1,1.0
1,1,1.0
1,1,1.0
1,1,1.0
1,1,1.0
1,1,0.9552117170367913
0,0,0.0
0,0,0.0
0,0,0.0
0,0,0.0
0,0,0.0
1,1,1.0
1,1,1.0
1,1,1.0
1,1,1.0
1,1,1.0
0,0,0.0
1,1,1.0
0,0,0.0
1,1,1.0
1,1,1.0
1,1,1.0
0,0,0.0
1,1,1.0
1,1,1.0
0,0,0.0
0,0,0.0
0,0,0.0
0,0,0.0
1,1,1.0
0,0,0.0
1,1,1.0
1,1,1.0
0,0,0.44884353807733135
1,1,1.0
1,1,1.0
1,1,1.0
1,1,1.0
0,0,0.0
0,0,0.0
1,1,1.0
1,1,1.0
0,0,0.0
1,1,0.9509295297743617
1,1,1.0
0,0,0.0
1,1,1.0
1,1,1.0
0,0,0.0
0,0,0.0
1,1,1.0
0,0,0.0
1,1,1.0
1,1,1.0
1,1,0.8170541592212565
0,0,0.0
1,1,1.0
0,0,0.0
1,1,1.0
1,1,1.0
0,0,0.0
1,1,1.0
1,1,1.0
0,0,0.0
0,0,0.0
1,1,1.0
1,1,1.0
0,0,0.0
1,1,1.0
1,1,1.0
1,1,1.0
1,1,1.0
1,1,1.0
0,0,0.0
0,0,0.0
0,0,0.46815148128802925
0,0,0.0
1,1,0.9541697913670205
1,1,1.0
1,1,1.0
1,1,1.0
1,1,1.0
0,0,0.0
0,0,0.0
1,1,0.9561319940590739
0,0,0.0
0,0,0.4255767454494588
1,1,0.8098584122296031
1,1,1.0
1,1,1.0
1,1,1.0
0,0,0.37621993366391654
0,0,0.1881896580251308
1,1,1.0
1,1,1.0
1,1,1.0
1,1,1.0
1,1,1.0
1,1,1.0
0,0,0.0
0,0,0.0
0,0,0.0
1,1,1.0
0,0,0.0
0,0,0.0
1,1,1.0
0,0,0.0
1,1,1.0
0,0,0.0
1,1,0.9094197725430101
1,1,1.0
0,0,0.0
0,0,0.0
1,1,1.0
1,1,1.0
0,0,0.0
0,0,0.0
1,1,1.0
0,0,0.0
1,1,1.0
1,1,1.0
1,1,1.0
0,0,0.0
1,1,1.0
1,1,1.0
0,0,0.0
1,1,1.0
1,1,1.0
1,1,1.0
0,0,0.0
1,1,1.0
1,1,1.0
1,1,0.9559011597415146
0,0,0.0
0,0,0.28047916338441375
0,0,0.0
1,1,1.0
1,1,1.0
1,1,0.9534138874634618
1,1,1.0
1,1,1.0
1,1,1.0
1,1,1.0
0,0,0.0
1,1,1.0
0,0,0.09088734366600186
1,1,1.0
0,0,0.0
0,0,0.0
1,1,1.0
0,0,0.0
0,0,0.0468366854786527
0,0,0.0
0,0,0.0
0,0,0.0
1,1,1.0
0,0,0.0
0,0,0.0
1,1,1.0
0,0,0.0
1,1,1.0
1,1,1.0
0,0,0.0
0,0,0.0
1,1,1.0
1,1,0.9531770945938618
0,0,0.0895290157283518
1,1,1.0
1,1,1.0
0,0,0.0
1,1,1.0
0,0,0.0
1,1,1.0
0,0,0.0
1,1,0.8613263972922014
1,1,1.0
1,1,1.0
0,0,0.0
1,1,0.9543598769013681
1,1,1.0
1,1,1.0
1,1,0.8160190830596937
1,1,1.0
0,0,0.0
0,0,0.0
0,0,0.0
0,0,0.0
1,1,1.0
0,0,0.0
1,1,1.0
0,0,0.0
0,0,0.0
0,0,0.0
0,0,0.0
1,1,1.0
0,0,0.0
1,1,1.0
0,0,0.0952217645737271
0,0,0.0
0,0,0.0
0,0,0.0
1,1,1.0
1,1,1.0
1,1,1.0
1,1,0.9559443237933465
1,1,1.0
1,1,1.0
1,1,1.0
0,0,0.0
1,1,1.0
1,1,1.0
0,0,0.13788016970887937
1,1,0.8619273331123504
0,0,0.0
1,1,1.0
1,1,1.0
1,1,0.9551921743594293
1,1,1.0
1,1,1.0
1,1,1.0
1,1,1.0
0,0,0.0
1,1,1.0
0,0,0.0
1,1,1.0
1,1,1.0
1,1,1.0
1,1,1.0
0,0,0.0933722355468446
1,1,1.0
1,1,1.0
1,1,1.0
1,1,0.9542445057644812
1,1,1.0
1,1,1.0
1,1,1.0
0,0,0.0
1,1,1.0
1,1,1.0
0,0,0.0
1,1,1.0
0,0,0.0
0,0,0.044664113772690237
1,1,0.9550405634132704
1,1,1.0
1,1,1.0
1,1,1.0
1,1,1.0
1,1,1.0
1,1,1.0
1,1,0.9538839489923486
0,0,0.3324581165185884
1,1,1.0
0,0,0.0
1,1,1.0
0,0,0.0
0,0,0.0
0,0,0.0
1,1,1.0
0,0,0.0
0,0,0.0
0,0,0.0
1,1,0.9557343319552024
0,0,0.0
1,1,1.0
1,1,1.0
1,1,1.0
1,1,0.9542591068797789
0,0,0.0
0,0,0.0
0,0,0.0
1,1,0.8625030495178971
1,1,1.0
1,1,1.0
0,0,0.0
1,1,1.0
1,1,1.0
1,1,0.9528489664427697
1,1,1.0
1,1,1.0
0,0,0.0
0,0,0.0
1,1,1.0
0,0,0.0
0,0,0.0
0,0,0.0
0,0,0.0
1,1,1.0
1,1,1.0
1,1,0.9544946770444918
1,1,0.8110609388608481
1,1,1.0
1,1,0.9539019457029716
0,0,0.0
0,0,0.0
1,1,1.0
0,0,0.0
0,0,0.0
1,1,0.9550089093750554
0,0,0.09248611681173523
1,1,1.0
1,1,0.9023214375713962
0,0,0.0
1,1,1.0
0,0,0.0
1,1,1.0
0,0,0.0
1,1,1.0
1,1,1.0
0,0,0.0
1,1,0.9092951751445512
1,1,1.0
1,1,1.0
1,1,1.0
1,1,1.0
1,1,1.0
0,0,0.09677833505860309
0,0,0.0
1,1,1.0
0,0,0.0
1,1,1.0
1,1,1.0
0,0,0.0
1,1,0.9548523940931698
1,1,1.0
0,0,0.1846053591617254
1,1,0.9071655675430376
1,1,1.0
1,1,1.0
0,0,0.0
0,0,0.0
0,0,0.0
1,1,1.0
1,1,1.0
1,1,1.0
0,0,0.14832601353054672
0,0,0.0
1,1,1.0
0,0,0.0
0,0,0.0
1,1,0.952205068506669
1,1,1.0
0,0,0.0
1,1,1.0
1,1,1.0
0,0,0.0
0,0,0.0
1,1,1.0
0,0,0.0
1,1,0.9558727744986315
1,1,1.0
0,0,0.0
1,1,1.0
1,1,1.0
1,1,0.8120361181160657
0,0,0.0
1,1,1.0
1,1,1.0
1,1,1.0
1,1,0.9538333603837977
1,1,1.0
0,0,0.0
1,1,1.0
1,1,1.0
0,0,0.0
0,0,0.0
0,0,0.0
1,1,1.0
0,0,0.0
0,0,0.0
1,1,1.0
1,1,1.0
0,0,0.0
0,0,0.13436561774499675
0,0,0.0
0,0,0.0
1,1,1.0
0,0,0.047304397066729634
0,0,0.0
1,1,1.0
0,0,0.0
0,0,0.0
0,0,0.0
1,1,1.0
1,1,1.0
0,0,0.0
1,1,1.0
1,1,1.0
1,1,1.0
1,1,0.8642146862204673
1,1,1.0
1,1,1.0
1,1,1.0
1,1,1.0
0,0,0.09378723949317337
1,1,0.8597267792574557
1,1,1.0
1,1,1.0
1,1,1.0
1,1,0.8596352597637356
1,1,1.0
1,1,0.9539634854405521
1,1,0.905968860831253
1,1,1.0
0,0,0.0
1,1,1.0
0,0,0.0
0,0,0.045810836614056064
1,1,1.0
0,0,0.0
1,1,1.0
1,1,1.0
0,0,0.0
0,0,0.0
0,0,0.0
1,1,1.0
0,1,0.6114894839011695
1,1,1.0
0,0,0.0
1,1,0.9052552924586248
0,0,0.047479326301241596
0,0,0.0
1,1,1.0
1,1,1.0
0,0,0.0
1,1,1.0
1,1,1.0
0,0,0.2911284248525531
0,0,0.0
1,1,1.0
0,0,0.0
1,1,1.0
0,0,0.17894684590782783
0,0,0.0
1,1,1.0
1,1,0.9531042484649963
0,0,0.0
0,0,0.0
1,1,1.0
1,1,1.0
1,1,1.0
1,1,1.0
1,1,1.0
1,1,0.8178675302880152
1,1,1.0
1,1,1.0
1,1,0.8581536458891686
0,0,0.0
1,1,1.0
1,1,1.0
0,0,0.04875969285552483
0,0,0.0
1,1,1.0
0,0,0.0
1,1,1.0
1,1,1.0
0,0,0.0
0,0,0.0
1,1,1.0
1,1,1.0
0,0,0.0
0,0,0.0
0,0,0.0
1,1,1.0
0,0,0.0
0,0,0.0
0,0,0.0
1,1,1.0
0,0,0.0
0,0,0.0
1,1,1.0
0,0,0.0
1,1,1.0
1,1,1.0
1,1,1.0
0,0,0.0
1,1,1.0
1,1,1.0
0,0,0.046179445951831995
1,1,1.0
1,1,1.0
1,1,0.9560513205580432
1,1,1.0
0,0,0.0
0,0,0.0
0,0,0.0
0,0,0.0
0,0,0.0
0,0,0.0
1,1,1.0
1,1,1.0
1,1,0.9077906832715269
1,1,1.0
0,0,0.0
0,0,0.04529948725206382
1,1,1.0
1,1,1.0
1,1,0.909710289932466
1,1,1.0
0,0,0.0
1,1,1.0
1,1,1.0
1,1,1.0
0,0,0.0
0,0,0.0
1,1,1.0
0,0,0.0
1,1,1.0
1,1,1.0
1,1,0.9002272331401154
1,1,1.0
0,0,0.0
1,1,0.9054110916453649
1,1,1.0
0,0,0.0
1,1,1.0
0,0,0.08998843169122238
1,1,1.0
1,1,1.0
1,1,1.0
1,1,1.0
1,1,1.0
0,0,0.0
0,0,0.0
1,1,1.0
1,1,1.0
1,1,1.0
1,1,1.0
1,1,1.0
1,1,1.0
0,0,0.0
0,0,0.0
0,0,0.0
1,1,0.9555266225526735
0,0,0.0
1,1,1.0
1,1,1.0
0,0,0.0
1,1,1.0
1,1,1.0
0,0,0.0
1,1,1.0
0,0,0.0
1,1,1.0
0,0,0.0
1,1,1.0
0,0,0.0
1,1,1.0
1,1,1.0
1,1,1.0
0,0,0.0
0,0,0.28553234902979574
1,1,0.7175714960795793
1,1,1.0
1,1,0.954619348457919
1,1,1.0
0,0,0.04523314168763536
1,1,0.9509787008480586
0,0,0.0
1,1,1.0
1,1,1.0
0,0,0.0
1,1,1.0
1,1,1.0
1,1,1.0
0,0,0.0
1,1,1.0
0,0,0.0
1,1,1.0
0,0,0.0
0,0,0.0
0,0,0.0
0,0,0.04858329675302215
1,1,1.0
0,0,0.0
1,1,1.0
0,0,0.13878680660393816
1,1,1.0
1,1,1.0
0,0,0.0
1,1,1.0
1,1,1.0
0,0,0.0
1,1,0.953932198324917
1,1,0.9552045695250326
0,0,0.0
0,0,0.0
0,0,0.0
1,1,1.0
0,0,0.0
0,0,0.0
1,1,1.0
1,1,1.0
1,1,0.8480639267437393
1,1,1.0
0,0,0.0
1,1,1.0
0,0,0.0
1,1,0.907951432874595
1,1,1.0
0,0,0.0
0,0,0.0
1,1,1.0
0,0,0.0
1,1,1.0
0,0,0.0
1,1,1.0
1,1,1.0
1,1,1.0
0,0,0.0
1,1,1.0
1,1,1.0
0,0,0.0
1,1,1.0
0,0,0.0
0,0,0.0
0,0,0.0
1,1,1.0
1,1,1.0
1,1,1.0
1,1,1.0
1,1,1.0
1,1,1.0
0,0,0.0
1,1,1.0
1,1,1.0
0,0,0.1429524264605724
1,1,0.9024291220881512
1,1,0.905890342765842
0,0,0.0
0,0,0.0
1,1,1.0
0,0,0.0
0,0,0.0
0,0,0.0
1,1,1.0
0,0,0.0
1,1,1.0
1,1,1.0
0,0,0.0
1,1,1.0
1,1,0.8469515228828282
1,1,1.0
0,0,0.04563414963137415
1,1,1.0
1,1,1.0
1,1,1.0
1,1,1.0
0,0,0.0
0,0,0.0
1,1,1.0
1,1,1.0
1,1,1.0
0,0,0.04742689003367145
0,0,0.0
0,0,0.0
0,0,0.0
1,1,1.0
1,1,1.0
1,1,1.0
0,0,0.0
0,0,0.0
1,1,1.0
0,0,0.0
0,0,0.0
1,1,1.0
0,0,0.0
1,1,1.0
1,1,1.0
1,1,1.0
0,0,0.0
0,0,0.0
1,1,1.0
0,0,0.0
1,1,1.0
1,1,1.0
1,1,1.0
1,1,0.9528370996839042
1,1,1.0
1,1,1.0
1,1,1.0
1,1,1.0
0,0,0.0
1,1,0.9525865042666408
1,1,1.0
0,0,0.0
1,1,1.0
0,0,0.0
1,1,1.0
1,1,0.6680349295719207
1,1,1.0
0,0,0.0
1,1,1.0
1,1,0.9008799782637877
1,1,1.0
1,1,1.0
0,0,0.0
0,0,0.0
0,0,0.0
0,0,0.0
0,0,0.0
1,1,1.0
0,0,0.1835114461348917
1,1,1.0
1,1,1.0
0,0,0.0
1,1,1.0
1,1,0.9072841080914238
1,1,1.0
1,1,1.0
1,1,1.0
1,1,1.0
1,1,1.0
1,1,1.0
1,1,0.951614377120658
1,1,1.0
0,0,0.282642403483034
0,0,0.0
1,1,1.0
1,1,1.0
1,1,1.0
0,0,0.0
0,0,0.0
1,1,1.0
0,0,0.0
1,1,1.0
1,1,1.0
0,0,0.0
1,1,0.9529657021980061
0,0,0.0
1,1,0.9097569452379931
0,0,0.0467861143901104
1,1,1.0
1,1,0.8602718706385526
0,0,0.0
1,1,1.0
0,0,0.0
1,1,0.9543789737753826
1,1,1.0
0,0,0.0
1,1,1.0
0,0,0.0
1,1,1.0
1,1,1.0
0,0,0.0
1,1,1.0
0,0,0.0
0,0,0.0
1,1,1.0
0,0,0.0
0,0,0.08913952877859052
1,1,0.9095230069111702
0,0,0.0
1,1,1.0
1,1,1.0
0,0,0.0
1,1,1.0
1,1,1.0
1,1,1.0
1,1,1.0
1,1,1.0
0,0,0.0
1,1,1.0
1,1,1.0
0,0,0.04436426175587899
0,0,0.0
1,1,1.0
1,1,1.0
1,1,0.9534134195906409
1,1,1.0
1,1,1.0
1,1,1.0
1,1,1.0
0,0,0.0
1,1,0.9538978120070842
1,1,1.0
1,1,1.0
0,0,0.0
1,1,1.0
0,0,0.0
0,0,0.0
1,1,1.0
0,0,0.09256881939329599
0,0,0.0
1,1,0.9546576724376604
0,0,0.0
0,0,0.0
0,0,0.0
1,1,1.0
1,1,1.0
0,0,0.0
1,1,1.0
0,0,0.0
0,0,0.0
1,1,1.0
1,1,0.7534247440197738
1,1,1.0
0,0,0.0
0,0,0.0
1,1,1.0
1,1,1.0
1,1,1.0
1,1,1.0
0,0,0.0
1,1,1.0
1,1,1.0
1,1,1.0
0,0,0.0
1,1,1.0
1,1,1.0
0,0,0.08996646450909544
0,0,0.0
1,1,1.0
1,1,1.0
1,1,1.0
1,1,0.9513445096144258
0,0,0.0
1,1,1.0
1,1,1.0
0,0,0.09298636813736151
0,0,0.0
0,0,0.0
1,1,1.0
0,0,0.0
1,1,0.8084640269887121
1,1,1.0
1,1,1.0
1,1,1.0
0,0,0.0
1,1,1.0
0,0,0.0
1,1,1.0
0,0,0.0
1,1,1.0
0,0,0.0
1,1,1.0
0,0,0.0
1,1,1.0
1,1,1.0
0,0,0.0
1,1,1.0
1,1,1.0
0,0,0.23994476987788002
1,1,1.0
0,0,0.0
1,1,1.0
1,1,0.9533379086520894
0,0,0.0
0,0,0.0
1,1,1.0
1,1,1.0
1,1,0.9531983706995206
1,1,1.0
1,1,0.8564787792525332
1,1,0.9564418462201285
0,0,0.0
1,1,1.0
0,0,0.0
1,1,1.0
0,0,0.0
0,0,0.0
1,1,1.0
1,1,1.0
1,1,1.0
0,0,0.0
0,0,0.15037768101784268
0,0,0.0
0,0,0.0
1,1,1.0
1,1,1.0
1,1,1.0
0,0,0.0
0,0,0.0
1,1,1.0
1,1,1.0
1,1,1.0
1,1,1.0
1,1,1.0
0,0,0.14446798889165186
1,1,1.0
1,1,1.0
1,1,1.0
0,0,0.08841778455068668
0,0,0.0
1,1,1.0
0,0,0.0
1,1,1.0
0,0,0.08985466414557026
0,0,0.0
1,1,1.0
1,1,1.0
1,1,0.9530729207504105
1,1,1.0
0,0,0.0
1,1,1.0
1,1,1.0
0,0,0.0
1,1,0.9518156479974381
1,1,1.0
1,1,1.0
1,1,1.0
1,1,1.0
1,1,1.0
1,1,1.0
1,1,0.9549688211314498
1,1,1.0
1,1,0.9034606262604455
0,0,0.0
1,1,1.0
1,1,1.0
0,0,0.2785769319953419
0,0,0.0
1,1,1.0
1,1,1.0
1,1,1.0
0,0,0.0
0,0,0.0
1,1,1.0
1,1,1.0
0,0,0.0
1,1,1.0
1,1,1.0
1,1,1.0
1,1,1.0
0,0,0.0
1,1,1.0
1,1,1.0
0,0,0.0
1,1,0.9050249800723271
1,1,0.9539327713023419
0,0,0.0
1,1,1.0
1,1,1.0
1,1,1.0
1,1,1.0
1,1,1.0
1,1,0.8652456995534101
0,0,0.0
0,0,0.0
1,1,1.0
1,1,0.8147495611501848
1,1,1.0
1,1,1.0
1,1,1.0
1,1,1.0
0,0,0.0
1,1,1.0
1,1,1.0
1,1,1.0
1,1,1.0
0,0,0.0
1,1,1.0
1,1,1.0
1,1,0.8653912023450471
1,1,1.0
1,1,0.9544238901692865
0,0,0.0
0,0,0.0
1,1,1.0
1,1,1.0
0,0,0.0
1,1,1.0
1,1,1.0
1,1,1.0
0,0,0.1849626725289622
1,1,1.0
1,1,1.0
1,1,1.0
0,0,0.08927084572699062
0,0,0.0
0,0,0.186113388995416
0,0,0.0
1,1,1.0
1,1,1.0
0,0,0.0
1,1,1.0
1,1,1.0
0,0,0.045700205447331624
1,1,0.8217841672948785
1,1,1.0
1,1,1.0
0,0,0.0
0,0,0.0
1,1,1.0
0,0,0.0
1,1,1.0
1,1,1.0
0,0,0.0
1,1,1.0
1,1,1.0
1,1,0.956450717693426
0,0,0.0
1,1,1.0
0,0,0.0
1,1,1.0
1,1,1.0
1,1,0.9547480875607899
0,0,0.0
1,1,1.0
1,1,1.0
0,0,0.0
1,1,0.7177420664252708
0,0,0.0
0,0,0.0
1,1,1.0
0,0,0.0
1,1,1.0
1,1,1.0
1,1,0.802763153830551
1,1,1.0
0,0,0.0
1,1,1.0
1,1,1.0
1,1,1.0
0,0,0.0
1,1,1.0
1,1,1.0
1,1,0.8975160738089669
1,1,1.0
1,1,1.0
1,1,1.0
1,1,1.0
0,0,0.0
1,1,1.0
1,1,1.0
1,1,0.8660063103969824
1,1,1.0
1,1,1.0
1,1,1.0
0,0,0.0
0,0,0.0
1,1,1.0
1,1,0.9538778798715434
1,1,1.0
1,1,1.0
1,1,1.0
0,0,0.0
0,0,0.0
1,1,1.0
1,1,0.9049297332160572
0,0,0.0
0,0,0.0
1,1,1.0
1,1,1.0
1,1,1.0
1,1,1.0
1,1,1.0
0,0,0.0
1,1,1.0
0,0,0.0
1,1,1.0
1,1,1.0
1,1,1.0
0,0,0.0
1,1,1.0
1,1,1.0
1,1,1.0
1,1,1.0
0,0,0.0
1,1,1.0
1,1,1.0
0,0,0.0
0,0,0.0
1,1,0.9520649173171861
1,1,1.0
1,1,1.0
1,1,1.0
0,0,0.0
1,1,1.0
1,1,0.9069776333919409
1,1,1.0
0,0,0.0
1,1,1.0
1,1,1.0
1,1,0.9092345229185281
0,0,0.046606482544978574
1,1,1.0
1,1,1.0
1,1,1.0
0,0,0.0
0,0,0.04573951274859013
0,0,0.0
1,1,0.955114113817934
1,1,1.0
1,1,1.0
1,1,0.954047168464731
1,1,1.0
1,1,1.0
0,0,0.0
1,1,1.0
1,1,1.0
1,1,1.0
0,0,0.0
1,1,0.9537469586933435
0,0,0.0
1,1,1.0
0,0,0.0
0,0,0.0
0,0,0.0
1,1,1.0
0,0,0.0
1,1,1.0
1,1,0.9090443021191641
1,1,1.0
1,1,1.0
1,1,1.0
1,1,1.0
1,1,1.0
0,0,0.0
1,1,1.0
1,1,1.0
0,0,0.0
1,1,1.0
1,1,1.0
1,1,1.0
1,1,1.0
1,1,1.0
1,1,1.0
1,1,1.0
0,0,0.0
1,1,1.0
0,0,0.0
1,1,1.0
0,0,0.0
1,1,0.8134682962605492
0,0,0.3287607349148653
1,1,1.0
1,1,1.0
1,1,1.0
0,0,0.0
0,0,0.0
1,1,1.0
1,1,1.0
1,1,1.0
1,1,1.0
0,0,0.0
1,1,1.0
1,1,1.0
1,1,1.0
0,0,0.0
1,1,1.0
0,0,0.0
1,1,0.9539571615115761
0,0,0.0
1,1,1.0
1,1,1.0
1,1,1.0
1,1,1.0
0,0,0.0
1,1,1.0
1,1,1.0
0,0,0.04519783893418755
0,0,0.0
0,0,0.0
1,1,1.0
0,0,0.0
1,1,1.0
0,0,0.0
0,0,0.0
1,1,1.0
1,1,0.9080290193180447
0,0,0.0
1,1,0.8612746520221513
1,1,0.95365246742481
0,0,0.0
0,0,0.0
1,1,1.0
1,1,1.0
1,1,1.0
0,0,0.0
1,1,0.9545897513709724
0,0,0.0
0,0,0.4851769207877945
0,0,0.0
1,1,1.0
1,1,1.0
1,1,1.0
1,1,1.0
0,0,0.0
0,0,0.0
1,1,1.0
1,1,1.0
0,0,0.0
1,1,1.0
0,0,0.0
0,0,0.0
1,1,1.0
1,1,1.0
1,1,1.0
1,1,0.9472267218424837
0,0,0.0
0,0,0.0968418878395884
0,0,0.0
1,1,1.0
1,1,1.0
0,0,0.0
1,1,1.0
1,1,1.0
1,1,1.0
1,1,1.0
1,1,1.0
1,1,1.0
1,1,1.0
1,1,1.0
1,1,1.0
1,1,1.0
0,0,0.0
1,1,1.0
1,1,0.8578411964975773
1,1,1.0
1,1,1.0
1,1,1.0
0,0,0.0
0,0,0.0
1,1,1.0
0,0,0.0
1,1,1.0
0,0,0.0
1,1,1.0
1,1,1.0
1,1,1.0
0,0,0.32687202640137203
1,1,0.9081945021942766
0,0,0.0
0,0,0.0
1,1,1.0
1,1,1.0
0,0,0.0
1,1,0.9069904685593673
0,0,0.0
1,1,1.0
1,1,1.0
0,0,0.0
0,0,0.0
0,0,0.0
1,1,1.0
1,1,1.0
0,0,0.0
0,0,0.0
1,1,1.0
0,0,0.04370197870529534
1,1,1.0
1,1,1.0
0,0,0.0
1,1,1.0
1,1,1.0
1,1,1.0
0,0,0.0
0,0,0.0
1,1,1.0
1,1,1.0
0,0,0.2307455736550565
1,1,1.0
1,1,1.0
1,1,1.0
0,0,0.0
1,1,0.9538541639809142
1,1,0.9536341988195448
1,1,1.0
0,0,0.13984371190281875
1,1,1.0
0,0,0.0
0,0,0.0
1,1,1.0
1,1,1.0
0,0,0.0
1,1,1.0
1,1,1.0
0,0,0.0
0,0,0.0
1,1,1.0
1,1,1.0
1,1,1.0
1,1,1.0
0,0,0.0
0,0,0.0
1,1,1.0
0,0,0.0
1,1,1.0
0,0,0.0
1,1,1.0
1,1,1.0
1,1,1.0
1,1,1.0
1,1,1.0
0,0,0.0
1,1,0.9536129865870117
1,1,1.0
0,0,0.0
1,1,0.9084394922249432
0,0,0.0
1,1,1.0
1,1,1.0
0,0,0.0
0,0,0.0
1,1,1.0
1,1,1.0
0,0,0.0
0,0,0.0
1,1,0.8066051386266655
1,1,1.0
0,0,0.0
1,1,1.0
1,1,1.0
1,1,1.0
1,1,1.0
1,1,1.0
1,1,1.0
1,1,1.0
1,1,1.0
1,1,1.0
0,0,0.046360241046390624
1,1,1.0
1,1,1.0
1,1,1.0
1,1,1.0
1,1,1.0
1,1,1.0
0,0,0.14431122721104922
1,1,1.0
1,1,1.0
1,1,1.0
0,0,0.0
0,0,0.0
1,1,1.0
1,1,0.9544489196361238
1,1,1.0
1,1,1.0
1,1,1.0
0,0,0.0
0,0,0.04385391384694162
1,1,1.0
0,0,0.0
1,1,0.9046193087420296
0,0,0.0
1,1,1.0
1,1,1.0
1,1,1.0
0,0,0.0
0,0,0.0
1,1,1.0
0,0,0.0
0,0,0.0
1,1,1.0
1,1,1.0
1,1,0.9537092040921915
0,0,0.0
1,1,1.0
0,0,0.0
1,1,1.0
1,1,1.0
1,1,1.0
1,1,1.0
1,1,1.0
0,0,0.0
1,1,0.9542407251459053
0,0,0.04972828066122496
1,1,1.0
0,0,0.0
1,1,1.0
0,0,0.0
0,0,0.0
1,1,1.0
0,0,0.044676129478774584
1,1,1.0
1,1,1.0
0,0,0.0
1,1,1.0
1,1,1.0
0,0,0.0
0,0,0.0
1,1,1.0
1,1,1.0
1,1,1.0
1,1,1.0
1,1,1.0
0,0,0.045979988168933915
0,0,0.0
0,0,0.0
1,1,1.0
1,1,1.0
1,1,1.0
1,1,1.0
1,1,1.0
0,0,0.0
0,0,0.0
1,1,0.908324159449394
1,1,1.0
1,1,1.0
1,1,1.0
1,1,1.0
0,0,0.0
1,1,1.0
0,0,0.0
1,1,1.0
1,1,1.0
1,1,1.0
1,1,1.0
1,1,1.0
1,1,0.8632582642067659
1,1,1.0
0,0,0.13700721962615597
1,1,1.0
0,0,0.0
0,0,0.0
1,1,1.0
1,1,1.0
0,0,0.0
0,0,0.0
0,0,0.0
0,0,0.0
1,1,1.0
0,0,0.0
0,0,0.0
1,1,1.0
0,0,0.0
0,0,0.0
0,0,0.0
1,1,1.0
0,0,0.0
0,0,0.0
0,0,0.0
1,1,1.0
1,1,1.0
1,1,0.9530875930012147
0,0,0.0
1,1,1.0
1,1,1.0
0,0,0.0
1,1,1.0
1,1,1.0
1,1,1.0
1,1,1.0
0,0,0.0
1,1,1.0
0,0,0.0
1,1,1.0
0,0,0.0
0,0,0.0
1,1,1.0
1,1,0.9502253307696177
0,0,0.0
1,1,1.0
1,1,1.0
1,1,1.0
1,1,1.0
1,1,0.9519724720708106
0,0,0.0
1,1,1.0
0,0,0.13681620642755715
1,1,1.0
1,1,1.0
0,0,0.0
0,0,0.0
1,1,1.0
1,1,1.0
1,1,1.0
0,0,0.04468502739612387
1,1,1.0
1,1,1.0
1,1,1.0
1,1,1.0
0,0,0.0
1,1,1.0
1,1,1.0
1,1,1.0
1,1,1.0
1,1,1.0
1,1,1.0
0,0,0.0
1,1,1.0
1,1,1.0
0,0,0.0
1,1,1.0
0,0,0.0
1,1,1.0
1,1,1.0
1,1,1.0
1,1,1.0
1,1,0.8567549534729336
1,1,1.0
1,1,1.0
0,0,0.0
1,1,1.0
0,0,0.0
1,1,1.0
1,1,1.0
1,1,1.0
1,1,1.0
1,1,1.0
1,1,1.0
0,0,0.0
1,1,1.0
1,1,1.0
1,1,1.0
1,1,1.0
1,1,1.0
1,1,1.0
0,0,0.0
1,1,1.0
1,1,1.0
1,1,1.0
1,1,1.0
1,1,1.0
0,0,0.0
1,1,1.0
1,1,1.0
1,1,1.0
1,1,1.0
0,0,0.0
1,1,1.0
1,1,1.0
1,1,1.0
0,0,0.0
0,0,0.0
1,1,0.9547474913645824
0,0,0.0
0,0,0.0
0,0,0.25528844175485127
0,0,0.0
1,1,1.0
0,0,0.0
1,1,1.0
1,1,0.9524065387490278
1,1,1.0
0,0,0.0
1,1,1.0
0,0,0.0
0,0,0.04509447144419418
1,1,1.0
1,1,1.0
0,0,0.0
1,1,1.0
1,1,0.9531538291798679
1,1,1.0
0,0,0.0
1,1,1.0
1,1,1.0
1,1,1.0
0,0,0.0
1,1,1.0
1,1,1.0
0,0,0.0
1,1,0.9073956633946925
0,0,0.0
0,0,0.0
1,1,1.0
0,0,0.0
1,1,1.0
1,1,1.0
1,1,1.0
1,1,1.0
1,1,1.0
1,1,0.953408750776585
0,0,0.0
0,0,0.09088622946671783
0,0,0.04637597588190429
1,1,1.0
1,1,1.0
0,0,0.0
0,0,0.0
0,0,0.0
1,1,0.9087729007305609
0,0,0.0
0,0,0.0
0,0,0.0
1,1,1.0
0,0,0.0
1,1,1.0
1,1,1.0
0,0,0.0
0,0,0.0
0,0,0.0
0,0,0.08804826506912541
1,1,1.0
1,1,0.9075500627673028
1,1,1.0
1,1,1.0
1,1,1.0
0,0,0.0
0,0,0.04593366580588428
0,0,0.0
1,1,1.0
1,1,1.0
1,1,0.907275708455655
1,1,1.0
1,1,1.0
0,0,0.0
0,0,0.0
1,1,1.0
0,0,0.0
1,1,1.0
1,1,1.0
1,1,1.0
0,0,0.0
0,0,0.0
0,0,0.0
1,1,0.8574374125947555
1,1,1.0
1,1,1.0
0,0,0.0
1,1,1.0
1,1,1.0
1,1,1.0
0,0,0.0
1,1,1.0
0,0,0.0
1,1,1.0
1,1,1.0
1,1,0.8534207752856444
1,1,0.9520456533117917
1,1,0.9519777799199375
0,0,0.0
0,0,0.0
1,1,1.0
0,0,0.0
0,0,0.0
0,0,0.0
1,1,1.0
1,1,1.0
0,0,0.0
1,1,1.0
0,0,0.0
0,0,0.09559659174038312
1,1,1.0
1,1,1.0
1,1,1.0
1,1,1.0
1,1,1.0
1,1,1.0
0,0,0.0
0,0,0.0
1,1,1.0
1,1,1.0
0,0,0.23440047598633235
1,1,1.0
0,0,0.0
1,1,1.0
1,1,0.9547009692481319
0,0,0.0
1,1,1.0
0,0,0.0
1,1,1.0
1,1,1.0
1,1,1.0
1,1,1.0
0,0,0.23968726959135203
0,0,0.4173451324869091
1,1,1.0
0,0,0.0
1,1,1.0
1,1,1.0
1,1,1.0
0,0,0.0
1,1,0.9542312393585889
1,1,1.0
1,1,1.0
1,1,1.0
0,0,0.0
0,0,0.0
0,0,0.0
1,1,1.0
1,1,1.0
1,1,0.8570767168693169
0,0,0.0891678057762906
0,0,0.0
1,1,1.0
0,0,0.0
0,0,0.0
0,0,0.0462661561301146
1,1,1.0
0,0,0.0
0,0,0.0
0,0,0.0
1,1,1.0
1,1,1.0
0,0,0.0
1,1,0.952226384154027
1,1,1.0
0,0,0.0
0,0,0.0
1,1,1.0
1,1,1.0
1,1,1.0
1,1,1.0
0,0,0.0
0,0,0.0
1,1,1.0
0,0,0.0
1,1,1.0
0,0,0.0
0,0,0.0
1,1,0.9078266521690386
1,1,1.0
1,1,1.0
1,1,0.8647274722384691
1,1,1.0
1,1,1.0
1,1,1.0
1,1,1.0
1,1,1.0
0,0,0.0
1,1,1.0
1,1,1.0
0,0,0.0
1,1,1.0
1,1,1.0
1,1,1.0
1,1,1.0
1,1,1.0
1,1,1.0
1,1,1.0
1,1,1.0
1,1,1.0
0,0,0.0
1,1,1.0
1,1,1.0
1,1,1.0
1,1,1.0
1,1,1.0
1,1,0.9060530023614417
0,0,0.0
0,0,0.0
1,1,1.0
0,0,0.0
0,0,0.0
0,0,0.0
1,1,1.0
1,1,1.0
1,1,1.0
0,0,0.0
1,1,1.0
1,1,1.0
1,1,1.0
0,0,0.0
1,1,1.0
1,1,1.0
0,0,0.0
0,0,0.0
1,1,1.0
1,1,1.0
1,1,1.0
0,0,0.0
0,0,0.0
1,1,1.0
0,0,0.0
1,1,1.0
1,1,1.0
1,1,1.0
1,1,1.0
0,0,0.0
1,1,0.6707931467230371
0,0,0.0
1,1,1.0
1,1,1.0
1,1,1.0
1,1,1.0
0,0,0.0
0,0,0.0
1,1,1.0
1,1,1.0
1,1,1.0
0,0,0.046756442385570134
0,0,0.0
1,1,0.9081691481686149
1,1,1.0
1,1,1.0
0,0,0.0
1,1,1.0
1,1,1.0
1,1,1.0
0,0,0.0
0,0,0.0
0,0,0.0
0,0,0.0
0,0,0.0
0,0,0.0
0,0,0.0
1,1,1.0
1,1,1.0
0,0,0.0
0,0,0.0
0,0,0.0
1,1,0.955114594074958
1,1,1.0
1,1,1.0
0,0,0.0
0,0,0.0
1,1,1.0
0,0,0.0
1,1,1.0
1,1,0.8617012652078403
0,0,0.0
0,0,0.0
1,1,1.0
0,0,0.0
0,0,0.0
1,1,1.0
1,1,1.0
0,0,0.0
1,1,1.0
0,0,0.09064736642363451
1,1,1.0
1,1,1.0
0,0,0.0
0,0,0.0
0,0,0.0
1,1,1.0
0,0,0.0
1,1,1.0
1,1,1.0
0,0,0.0
0,0,0.0
0,0,0.0
1,1,1.0
1,1,0.9539307030340408
1,1,0.9520411564215879
1,1,1.0
0,0,0.0
0,0,0.0
1,1,1.0
1,1,1.0
0,0,0.0
1,1,1.0
0,0,0.0
0,0,0.0
1,1,1.0
0,0,0.0
1,1,0.8582594113840845
1,1,1.0
1,1,1.0
1,1,1.0
1,1,1.0
0,0,0.0
1,1,1.0
0,0,0.0
0,0,0.0
1,1,1.0
1,1,0.8961885211969267
0,0,0.0
1,1,1.0
1,1,1.0
0,0,0.04638832771261664
1,1,1.0
0,0,0.0
0,0,0.0
1,1,1.0
0,0,0.0
0,0,0.0
1,1,1.0
0,0,0.0
0,0,0.0
1,1,1.0
1,1,1.0
0,0,0.0
1,1,1.0
0,0,0.0
1,1,1.0
0,0,0.0
1,1,1.0
1,1,1.0
1,1,1.0
0,0,0.0
1,1,1.0
1,1,1.0
0,0,0.0
1,1,1.0
1,1,1.0
1,1,1.0
0,0,0.0
1,1,1.0
1,1,1.0
0,0,0.0
1,1,1.0
0,0,0.0
0,0,0.046154952965986505
0,0,0.0
0,0,0.0
1,1,1.0
1,1,1.0
1,1,1.0
1,1,0.9538974533043804
1,1,1.0
0,0,0.0
0,0,0.0
1,1,1.0
0,0,0.0
0,0,0.04352806698980283
1,1,1.0
0,0,0.0
0,0,0.0
1,1,0.95419569050735
0,0,0.1917908912147261
0,0,0.0
0,0,0.0
1,1,1.0
0,0,0.0
1,1,1.0
0,0,0.0
1,1,0.9541254337008955
1,1,1.0
1,1,1.0
1,1,1.0
1,1,0.9528216293864358
0,0,0.0
1,1,1.0
1,1,1.0
1,1,0.9542875948401816
1,1,1.0
0,0,0.0
1,1,1.0
1,1,1.0
1,1,1.0
0,0,0.0
1,1,1.0
0,0,0.0
1,1,1.0
1,1,1.0
1,1,1.0
1,1,1.0
0,0,0.0
0,0,0.0
0,0,0.0
1,1,1.0
0,0,0.0
0,0,0.0
1,1,0.9548855555351956
1,1,1.0
0,0,0.0
1,1,1.0
1,1,0.9476878263480806
1,1,1.0
1,1,0.9510932012338515
0,0,0.0
0,0,0.0
1,1,0.8602330432410026
0,0,0.0
1,1,1.0
1,1,0.9522417546154768
1,1,1.0
0,0,0.0
0,0,0.0
0,0,0.0
0,0,0.0
1,1,1.0
0,0,0.0
1,1,1.0
1,1,1.0
1,1,1.0
1,1,1.0
1,1,0.9543622960518182
0,0,0.0
1,1,1.0
1,1,1.0
1,1,1.0
1,1,1.0
0,0,0.0
1,1,1.0
1,1,1.0
0,0,0.0
1,1,1.0
0,0,0.0
1,1,0.9535342816740554
1,1,1.0
1,1,1.0
1,1,1.0
0,0,0.22146940331721923
0,0,0.0
0,0,0.0
0,0,0.0
1,1,0.9015457757551838
1,1,0.951974391408002
1,1,1.0
0,0,0.0
1,1,1.0
1,1,1.0
1,1,1.0
1,1,1.0
1,1,1.0
1,1,1.0
1,1,1.0
1,1,1.0
0,0,0.0
1,1,1.0
1,1,1.0
0,0,0.0
0,0,0.0
1,1,1.0
1,1,0.909974050164949
1,1,1.0
0,0,0.0
0,0,0.0
1,1,0.8591644372934201
0,0,0.0
1,1,1.0
1,1,1.0
0,0,0.0
1,1,1.0
0,0,0.0
1,1,1.0
1,1,1.0
1,1,1.0
1,1,0.8666293520995013
1,1,1.0
1,1,0.9551008333819772
0,0,0.0
0,0,0.0
0,0,0.0
0,0,0.045034448653065856
1,1,0.9518412947571883
1,1,1.0
1,1,0.9084891827290728
1,1,1.0
1,1,1.0
0,0,0.0
1,1,1.0
0,0,0.0
0,0,0.0
1,1,1.0
0,0,0.0
0,0,0.0
1,1,1.0
1,1,1.0
0,0,0.0
0,0,0.0
1,1,0.8548019958954455
0,0,0.0
1,1,1.0
1,1,1.0
1,1,1.0
1,1,0.9517916688604382
0,0,0.0
0,0,0.0
1,1,1.0
0,0,0.14406932673189177
1,1,1.0
1,1,1.0
0,0,0.0
1,1,1.0
0,0,0.0
0,0,0.0
1,1,1.0
0,0,0.0
0,0,0.0
1,1,1.0
0,0,0.0
0,0,0.0
1,1,1.0
1,1,1.0
1,1,1.0
1,1,1.0
1,1,1.0
0,0,0.0
1,1,1.0
1,1,1.0
1,1,1.0
1,1,1.0
1,1,1.0
1,1,1.0
0,0,0.0
0,0,0.0
1,1,0.9523264752753586
1,1,1.0
1,1,1.0
1,1,1.0
0,0,0.04671321515436267
0,0,0.0
0,0,0.0
0,0,0.0
1,1,0.8628715086713321
0,0,0.0
1,1,1.0
0,0,0.0
1,1,1.0
1,1,0.9543836853868646
1,1,1.0
0,0,0.0
1,1,1.0
0,0,0.0
1,1,1.0
1,1,1.0
1,1,1.0
1,1,1.0
0,0,0.0
0,0,0.0
1,1,1.0
0,0,0.0
1,1,0.9061880383922432
1,1,1.0
0,0,0.0
0,0,0.0
1,1,1.0
0,0,0.0
1,1,1.0
1,1,1.0
1,1,1.0
0,0,0.0
1,1,1.0
0,0,0.04568253676617418
1,1,0.9532139626180037
0,0,0.044676731775860436
0,0,0.09390814809062016
1,1,1.0
1,1,1.0
1,1,1.0
1,1,1.0
1,1,1.0
1,1,1.0
1,1,1.0
0,0,0.0
1,1,1.0
1,1,1.0
0,0,0.0
1,1,1.0
1,1,0.9527113051651498
0,0,0.0
0,0,0.0
1,1,1.0
1,1,1.0
1,1,1.0
1,1,0.953768254752668
1,1,1.0
1,1,1.0
0,0,0.0
1,1,1.0
1,1,1.0
0,0,0.0
0,0,0.4712420181082909
1,1,1.0
1,1,0.9514541040598408
0,0,0.0
1,1,1.0
1,1,1.0
1,1,1.0
0,0,0.0
0,0,0.0
1,1,1.0
1,1,0.8612341722049164
0,0,0.0
1,1,1.0
0,0,0.0
1,1,1.0
1,1,1.0
0,0,0.0
1,1,1.0
1,1,1.0
1,1,1.0
1,1,0.9081397359473332
0,0,0.0
0,0,0.0
0,0,0.0
0,0,0.0
1,1,1.0
1,1,1.0
0,0,0.0
1,1,1.0
0,0,0.0
0,0,0.0
0,0,0.0
1,1,1.0
1,1,1.0
0,0,0.0
1,1,1.0
1,1,1.0
0,0,0.0
1,1,1.0
1,1,1.0
1,1,0.8658022504892204
0,0,0.23580354871199352
0,0,0.0
1,1,1.0
1,1,1.0
1,1,1.0
0,0,0.0
1,1,1.0
0,0,0.0
1,1,1.0
1,1,1.0
0,0,0.0
0,0,0.0
1,1,1.0
1,1,1.0
1,1,1.0
1,1,1.0
1,1,1.0
0,0,0.0
0,0,0.0
1,1,1.0
1,1,1.0
1,1,1.0
0,0,0.0
1,1,1.0
1,1,0.9067411982488651
0,0,0.0
1,1,1.0
0,0,0.0
1,1,1.0
1,1,1.0
1,1,1.0
0,0,0.0
0,0,0.0
0,0,0.0
0,0,0.0
0,0,0.0
0,0,0.0
1,1,1.0
0,0,0.0
1,1,1.0
1,1,1.0
1,1,1.0
1,1,1.0
1,1,0.7652428735735151
1,1,1.0
1,1,1.0
1,1,0.953782463231753
0,0,0.0
0,0,0.0
1,1,1.0
0,0,0.0
0,1,0.5034781664800997
1,1,1.0
1,1,1.0
0,0,0.0
1,1,1.0
0,0,0.0
1,1,1.0
0,0,0.0
1,1,1.0
1,1,1.0
0,0,0.0
1,1,1.0
1,1,1.0
1,1,1.0
1,1,1.0
1,1,1.0
0,0,0.0
0,0,0.0
1,1,1.0
0,0,0.0
0,0,0.0
0,0,0.0
0,0,0.0
1,1,1.0
1,1,1.0
0,0,0.0
1,1,1.0
0,0,0.0
1,1,1.0
1,1,0.9525276730929823
1,1,1.0
0,0,0.0
0,0,0.0
0,0,0.04505586950776317
1,1,1.0
1,1,1.0
1,1,1.0
0,0,0.0
0,0,0.0
0,0,0.0
1,1,1.0
1,1,1.0
1,1,1.0
1,1,1.0
1,1,1.0
1,1,1.0
1,1,1.0
1,1,1.0
0,0,0.0
1,1,0.9571037151245003
1,1,1.0
1,1,0.9537949839302549
1,1,1.0
1,1,1.0
0,0,0.0
1,1,1.0
1,1,1.0
0,0,0.0
0,0,0.0
0,0,0.0
1,1,1.0
1,1,1.0
1,1,1.0
1,1,0.9069949366191442
0,0,0.0
1,1,1.0
0,0,0.0
1,1,1.0
1,1,0.9049488556515936
0,0,0.0
1,1,1.0
0,0,0.0
0,0,0.0
1,1,1.0
0,0,0.0
1,1,1.0
1,1,1.0
0,0,0.0
1,1,1.0
0,0,0.0
1,1,1.0
1,1,1.0
0,0,0.0
0,0,0.0
1,1,1.0
1,1,1.0
1,1,1.0
1,1,1.0
0,0,0.2826470085818267
0,0,0.0
1,1,1.0
0,0,0.0
1,1,1.0
0,0,0.0
0,0,0.0
0,0,0.33072653831487575
1,1,1.0
0,0,0.0
0,0,0.0
1,1,1.0
0,0,0.3174040237780913
0,0,0.0
0,0,0.0
1,1,1.0
1,1,1.0
1,1,1.0
1,1,1.0
1,1,1.0
0,0,0.0
1,1,0.8626597557946528
1,1,1.0
1,1,1.0
1,1,1.0
1,1,1.0
1,1,1.0
1,1,1.0
1,1,1.0
1,1,1.0
0,0,0.0
1,1,0.9559643231348487
1,1,1.0
1,1,1.0
0,0,0.0
1,1,0.9073921234437718
0,0,0.09453846023099106
0,0,0.0
1,1,1.0
0,0,0.1872771077072563
1,1,1.0
1,1,1.0
0,0,0.0
1,1,1.0
0,0,0.0
1,1,1.0
0,0,0.0
0,0,0.0
0,0,0.046358470949160145
1,1,1.0
1,1,0.9549334779600527
1,1,1.0
1,1,1.0
1,1,1.0
1,1,1.0
0,0,0.0
1,1,1.0
1,1,0.9530143338027561
1,1,1.0
1,1,1.0
1,1,1.0
1,1,1.0
1,1,1.0
1,1,1.0
0,0,0.0
1,1,1.0
1,1,1.0
0,0,0.045590207107065184
1,1,0.9112783406237817
0,0,0.0
1,1,0.9524625691050096
0,0,0.0
1,1,1.0
1,1,1.0
1,1,1.0
1,1,0.9523690294404055
1,1,1.0
1,1,1.0
0,0,0.0
1,1,1.0
1,1,0.9046477987377437
0,0,0.0
1,1,1.0
1,1,1.0
0,0,0.0
0,0,0.0
1,1,1.0
1,1,1.0
0,0,0.0
0,0,0.18500242955231505
0,0,0.0
1,1,0.9548017879957608
1,1,1.0
1,1,1.0
0,0,0.2728903169085648
0,0,0.0
1,1,1.0
1,1,1.0
1,1,1.0
0,0,0.0
0,0,0.0
1,1,1.0
1,1,1.0
1,1,1.0
1,1,1.0
0,0,0.0
1,1,1.0
0,0,0.0
1,1,1.0
0,0,0.0
0,0,0.0
1,1,1.0
1,1,1.0
0,0,0.0
1,1,1.0
1,1,0.954337784379174
1,1,1.0
0,0,0.0
1,1,0.9062155367270603
1,1,1.0
0,0,0.0
0,0,0.0
0,0,0.0
0,0,0.0
0,0,0.0
1,1,1.0
0,0,0.0
0,0,0.0
0,0,0.0
1,1,1.0
0,0,0.18099282445899362
1,1,1.0
0,0,0.0
0,0,0.0
0,0,0.0
0,0,0.0
0,0,0.0
1,1,1.0
1,1,1.0
1,1,1.0
1,1,0.8565098817432235
0,0,0.0
0,0,0.0
1,1,1.0
1,1,1.0
0,0,0.0
0,0,0.0
0,0,0.0
1,1,1.0
1,1,0.9047877393769582
0,0,0.3713725232770266
1,1,0.951922453711586
1,1,1.0
1,1,1.0
0,0,0.0
1,1,0.9494780979671817
1,1,1.0
0,0,0.0
0,0,0.0
1,1,1.0
1,1,0.9533817020768737
1,1,0.952375280696942
0,0,0.0
1,1,1.0
0,0,0.0
1,1,1.0
0,0,0.0
1,1,1.0
0,0,0.0
1,1,1.0
0,0,0.0
1,1,1.0
1,1,1.0
1,1,1.0
0,0,0.0
0,0,0.0
1,1,0.9540991684667465
1,1,1.0
1,1,1.0
0,0,0.0
0,0,0.0
1,1,1.0
0,0,0.0
0,0,0.0
0,0,0.0
1,1,1.0
1,1,0.9537309358391586
0,0,0.0
1,1,1.0
0,0,0.0
1,1,1.0
0,0,0.0
0,0,0.0
1,1,1.0
1,1,1.0
1,1,1.0
1,1,1.0
0,0,0.0
0,0,0.0
1,1,1.0
0,0,0.0
1,1,1.0
0,0,0.0
0,0,0.0
1,1,1.0
1,1,1.0
1,1,1.0
1,1,1.0
1,1,1.0
1,1,0.9563189868888275
1,1,1.0
1,1,1.0
0,0,0.0
1,1,0.8108171488623833
1,1,1.0
1,1,1.0
1,1,1.0
1,1,1.0
0,0,0.0
0,0,0.0
1,1,1.0
1,1,0.955046362386724
0,0,0.0
0,0,0.0
1,1,1.0
1,1,1.0
1,1,1.0
1,1,1.0
1,1,1.0
1,1,1.0
1,1,1.0
0,0,0.0
0,0,0.0
1,1,1.0
1,1,1.0
1,1,0.9523914074828459
0,0,0.0
0,0,0.0
0,0,0.0
1,1,1.0
1,1,1.0
0,0,0.0
1,1,1.0
0,0,0.0
0,0,0.0
0,0,0.0
1,1,1.0
1,1,0.9541482879003573
1,1,1.0
0,0,0.0
1,1,1.0
1,1,1.0
0,0,0.0
1,1,1.0
1,1,0.9538197391754498
1,1,1.0
1,1,1.0
1,1,0.9069522812431616
0,0,0.13868036814220444
1,1,1.0
0,0,0.0
1,1,1.0
1,1,1.0
1,1,1.0
1,1,1.0
0,0,0.0
1,1,1.0
1,1,1.0
1,1,0.8602125672821163
0,0,0.0
0,0,0.0
1,1,1.0
1,1,1.0
1,1,1.0
1,1,1.0
1,1,1.0
0,0,0.0
1,1,0.9532609067227572
0,0,0.0
0,0,0.0
0,0,0.0
0,0,0.0
0,0,0.0
1,1,0.9083328056532288
1,1,0.9086658502582747
1,1,1.0
1,1,0.9062873336312092
1,1,1.0
1,1,1.0
1,1,0.9541432621667254
1,1,1.0
1,1,1.0
1,1,1.0
0,0,0.0
0,0,0.0
1,1,1.0
1,1,1.0
1,1,1.0
0,0,0.0
0,0,0.0
1,1,1.0
0,0,0.0
0,0,0.0
0,0,0.0
1,1,1.0
0,0,0.0
1,1,1.0
0,0,0.0
1,1,1.0
1,1,1.0
0,0,0.09824950643492018
1,1,0.9090615271354499
0,0,0.0
1,1,1.0
1,1,1.0
1,1,0.9532696474378256
0,0,0.0
0,0,0.0
0,0,0.0
0,0,0.0
1,1,1.0
0,0,0.04479850346473755
0,0,0.0
1,1,1.0
1,1,1.0
1,1,1.0
1,1,0.9560192121687104
0,0,0.0
0,0,0.0
1,1,1.0
1,1,1.0
0,0,0.0
1,1,0.9493707595492563
1,1,1.0
0,0,0.0
0,0,0.045656272785808284
0,0,0.0
1,1,0.9053820921336847
1,1,1.0
1,1,1.0
1,1,0.953940440469602
0,0,0.0
1,1,1.0
1,1,1.0
0,0,0.0
1,1,1.0
1,1,1.0
0,0,0.0
1,1,1.0
0,0,0.28100991563172084
0,0,0.0
1,1,1.0
1,1,1.0
0,0,0.0
1,1,1.0
0,0,0.0
0,0,0.0
1,1,1.0
0,0,0.0
0,0,0.0
1,1,1.0
1,1,1.0
1,1,1.0
1,1,1.0
1,1,1.0
0,0,0.0
0,0,0.0
0,0,0.0
1,1,1.0
1,1,1.0
0,0,0.0
0,0,0.0
1,1,1.0
1,1,1.0
1,1,1.0
1,1,0.9028276223873664
1,1,1.0
1,1,1.0
1,1,1.0
1,1,1.0
1,1,0.9503971100200851
0,0,0.0
1,1,1.0
1,1,1.0
1,1,1.0
1,1,1.0
1,1,1.0
1,1,1.0
1,1,0.9087073598851211
1,1,1.0
1,1,1.0
0,0,0.0
1,1,1.0
1,1,1.0
0,0,0.0
1,1,1.0
1,1,1.0
0,0,0.0
1,1,1.0
1,1,1.0
1,1,1.0
0,0,0.09341504799748665
1,1,1.0
1,1,1.0
1,1,1.0
1,1,0.9539792293656324
1,1,1.0
1,1,1.0
1,1,1.0
0,0,0.0
1,1,1.0
0,0,0.0
1,1,1.0
0,0,0.0
1,1,1.0
1,1,1.0
1,1,1.0
0,0,0.0
0,0,0.0
0,0,0.0
0,0,0.0
1,1,1.0
1,1,1.0
1,1,1.0
0,0,0.09126920050130266
1,1,1.0
1,1,1.0
1,1,1.0
0,0,0.04679506946943963
1,1,1.0
0,0,0.04644759891045624
0,0,0.0
1,1,1.0
1,1,0.9041732176838031
1,1,0.9572098289448296
0,0,0.0
1,1,1.0
1,1,1.0
0,0,0.0
0,0,0.0
1,1,0.9542638981406207
1,1,1.0
0,0,0.0
1,1,1.0
1,1,1.0
0,0,0.0
1,1,0.9544450380170538
1,1,0.950859042234652
1,1,1.0
1,1,1.0
1,1,0.8570484236195304
1,1,1.0
1,1,1.0
1,1,1.0
1,1,1.0
1,1,0.9523857606783988
0,0,0.0
1,1,0.9540486652154773
1,1,1.0
1,1,1.0
1,1,1.0
1,1,1.0
1,1,0.8160151047167867
0,0,0.0
1,1,1.0
1,1,1.0
0,0,0.0
0,0,0.0
0,0,0.08889322789997862
1,1,1.0
1,1,1.0
1,1,1.0
1,1,1.0
1,1,1.0
1,1,1.0
1,1,1.0
1,1,1.0
1,1,1.0
0,0,0.0
0,0,0.0
1,1,1.0
1,1,1.0
1,1,1.0
1,1,1.0
1,1,1.0
0,0,0.24177690830793705
1,1,1.0
1,1,1.0
1,1,1.0
0,0,0.0
0,0,0.0
0,0,0.0
0,0,0.0
0,0,0.0
0,0,0.044837748888689494
1,1,0.8605220357663395
1,1,0.9071915444891989
1,1,1.0
0,0,0.0
1,1,0.9543925170000023
0,0,0.0
1,1,1.0
1,1,1.0
1,1,1.0
1,1,1.0
1,1,1.0
1,1,0.9545070516770158
0,0,0.0
1,1,1.0
1,1,1.0
1,1,1.0
0,0,0.0
0,0,0.0
1,1,1.0
1,1,1.0
1,1,1.0
0,0,0.0447877111401434
1,1,1.0
0,0,0.0
1,1,1.0
1,1,1.0
1,1,1.0
1,1,1.0
1,1,1.0
1,1,1.0
0,0,0.18223841091658347
0,0,0.0
0,0,0.0
1,1,1.0
1,1,1.0
1,1,1.0
1,1,1.0
1,1,1.0
1,1,0.9060730201165165
1,1,1.0
1,1,1.0
1,1,1.0
0,0,0.0
0,0,0.0
1,1,1.0
1,1,1.0
0,0,0.0
1,1,1.0
0,0,0.0
0,0,0.0
1,1,1.0
0,0,0.0
0,0,0.0
0,0,0.0
1,1,1.0
0,0,0.0
0,0,0.08914117279265975
0,0,0.0
1,1,1.0
0,0,0.4344636834078167
1,1,0.9042337198209837
1,1,1.0
1,1,1.0
1,1,0.809960188895353
1,1,0.952074692800326
1,1,1.0
1,1,0.9527732249018942
1,1,0.8205808354754085
0,0,0.0
1,1,1.0
1,1,0.7098764100354893
1,1,0.8086837745494654
0,0,0.0
0,0,0.0
0,0,0.0
1,1,0.765912201319919
1,1,1.0
1,1,0.9103539105672563
0,0,0.0
0,0,0.042311643395836956
0,0,0.0
0,0,0.0
1,1,1.0
1,1,0.9517602239956151
0,0,0.0
1,1,1.0
1,1,1.0
1,1,1.0
0,0,0.0
1,1,1.0
1,1,0.9522103512784335
1,1,1.0
0,0,0.0
0,0,0.0
1,1,1.0
1,1,0.9505311584573123
1,1,0.8618410630036881
1,1,1.0
0,0,0.0
1,1,0.9540721510818241
1,1,0.9547376377946504
1,1,1.0
1,1,1.0
0,0,0.0
0,0,0.0
0,0,0.0
0,0,0.0
0,0,0.0
1,1,0.954848272215904
0,0,0.26735020473513205
1,1,1.0
1,1,1.0
1,1,1.0
0,0,0.0
1,1,1.0
0,0,0.0
0,0,0.08988224715125454
0,0,0.0
0,0,0.0
1,1,1.0
1,1,1.0
0,0,0.0
1,1,1.0
0,0,0.046542481408341045
0,0,0.0
0,0,0.18935390827627224
1,1,0.8145365224826376
1,1,1.0
1,1,0.9528311166524227
1,1,1.0
1,1,0.8635048465460021
1,1,1.0
0,0,0.0
1,1,1.0
1,1,0.9073032109501902
0,0,0.0
0,0,0.0
0,0,0.0
1,1,1.0
1,1,1.0
1,1,1.0
1,1,1.0
1,1,1.0
1,1,1.0
0,0,0.0
0,0,0.0
1,1,1.0
1,1,1.0
1,1,1.0
1,1,1.0
1,1,1.0
0,0,0.0
0,0,0.0
0,0,0.0
1,1,1.0
0,0,0.0
1,1,1.0
1,1,1.0
0,0,0.0
1,0,0.4804806470251071
0,0,0.0
1,1,1.0
1,1,1.0
0,0,0.0
1,1,1.0
1,1,1.0
0,0,0.0
0,0,0.0
1,1,0.904764181590775
0,0,0.0
1,1,1.0
1,1,1.0
1,1,1.0
1,1,1.0
0,0,0.0
1,1,1.0
1,1,1.0
1,1,1.0
1,1,1.0
1,1,1.0
0,0,0.0
1,1,0.9552153739675514
1,1,1.0
1,1,1.0
0,0,0.0
1,1,1.0
1,1,0.86440359042844
0,0,0.0
1,1,1.0
0,0,0.0
1,1,1.0
1,1,1.0
0,0,0.0
1,1,1.0
1,1,1.0
0,0,0.0
1,1,1.0
0,0,0.0
1,1,1.0
1,1,1.0
0,0,0.0
1,1,1.0
0,0,0.0
1,1,1.0
1,1,1.0
1,1,0.900930536402014
1,1,1.0
0,0,0.0
1,1,1.0
1,1,1.0
0,0,0.0
1,1,1.0
1,1,0.8600343120890053
0,0,0.0
1,1,1.0
1,1,1.0
1,1,1.0
0,0,0.0
1,1,0.9544221581423062
0,0,0.04446926554859173
0,0,0.0
0,0,0.0
0,0,0.0
1,1,1.0
1,1,1.0
0,0,0.0
0,0,0.0
1,1,1.0
0,0,0.0
1,1,1.0
1,1,1.0
1,1,0.8057570765130998
1,1,1.0
0,0,0.0
0,0,0.0
0,0,0.0
1,1,1.0
0,0,0.0
0,0,0.0
1,1,1.0
1,1,1.0
1,1,1.0
1,1,1.0
1,1,1.0
1,1,1.0
1,1,1.0
0,0,0.0
0,0,0.0
0,0,0.0
0,0,0.0
1,1,1.0
0,0,0.0
0,0,0.0
0,0,0.0
1,1,0.9540431033561361
0,0,0.0
1,1,1.0
0,0,0.0
0,0,0.0
0,0,0.0
1,1,1.0
0,0,0.0
1,1,1.0
1,1,1.0
1,1,1.0
1,1,1.0
0,0,0.0
1,1,1.0
1,1,1.0
0,0,0.0
0,0,0.0
1,1,1.0
1,1,1.0
1,1,1.0
0,0,0.0
0,0,0.1436533187440691
1,1,1.0
1,1,1.0
0,0,0.0
1,1,1.0
0,0,0.0
1,1,1.0
0,0,0.0
1,1,1.0
1,1,1.0
0,0,0.0
1,1,1.0
1,1,1.0
0,0,0.0
1,1,1.0
0,0,0.0
1,1,1.0
0,0,0.0
1,1,0.906564511479239
1,1,1.0
0,0,0.0
0,0,0.0
0,0,0.0
1,1,1.0
0,0,0.0
0,0,0.0
1,1,1.0
0,0,0.0
1,1,1.0
1,1,1.0
1,1,0.9527931156837909
0,0,0.0
0,0,0.0
1,1,1.0
1,1,1.0
1,1,1.0
0,0,0.0
1,1,1.0
1,1,1.0
1,1,1.0
1,1,0.909181965477809
0,0,0.0
1,1,1.0
0,0,0.0
1,1,0.8175963184317635
0,0,0.0
1,1,1.0
0,0,0.0
1,1,1.0
1,1,0.7193136341316357
0,0,0.0
0,0,0.0
0,0,0.0
0,0,0.0
0,0,0.0
1,1,0.8603607133683467
0,0,0.0
1,1,1.0
0,0,0.0
0,0,0.0
1,1,1.0
1,1,1.0
1,1,1.0
1,1,1.0
1,1,1.0
1,1,1.0
1,1,1.0
0,0,0.0
1,1,1.0
0,0,0.0
0,0,0.0
1,1,1.0
1,1,1.0
1,1,1.0
1,1,1.0
1,1,1.0
1,1,0.954992408201893
0,0,0.09268330160716072
0,0,0.0
1,1,1.0
1,1,1.0
1,1,1.0
0,0,0.0
1,1,1.0
1,1,0.9539393167055759
1,1,1.0
0,0,0.0
1,1,1.0
1,1,1.0
1,1,1.0
1,1,1.0
0,0,0.0
1,1,1.0
0,0,0.0
1,1,1.0
1,1,1.0
0,0,0.0
0,0,0.0
1,1,1.0
0,0,0.0
1,1,1.0
1,1,0.8159795605932958
1,1,1.0
1,1,1.0
1,1,1.0
0,0,0.0
1,1,1.0
1,1,1.0
1,1,1.0
0,0,0.0
0,0,0.0
1,1,1.0
0,0,0.0
0,0,0.0
0,0,0.0
1,1,1.0
0,0,0.0
0,0,0.0
1,1,1.0
0,0,0.0
0,0,0.0
0,0,0.0
1,1,1.0
0,1,0.5769069088436378
1,1,1.0
0,0,0.0
1,1,1.0
1,1,0.9095713779904946
1,1,0.9530104353040382
1,1,1.0
0,1,0.5839045866055783
1,1,1.0
1,1,1.0
0,0,0.0
1,1,1.0
0,0,0.0
1,1,1.0
0,0,0.0
0,0,0.0509740957807442
1,1,0.9525394385672654
1,1,1.0
1,1,0.7679628755892596
0,0,0.0
1,1,1.0
1,1,1.0
1,1,1.0
0,0,0.0
1,1,1.0
1,1,1.0
0,0,0.0
1,1,1.0
1,1,1.0
1,1,1.0
1,1,1.0
0,0,0.0
0,0,0.0
1,1,1.0
1,1,0.9554135902803795
0,0,0.0
0,0,0.27735209991851456
1,1,0.9130777604357049
1,1,1.0
0,0,0.0
0,0,0.0
1,1,1.0
0,0,0.3768948327829027
1,1,1.0
1,1,1.0
0,0,0.0
0,0,0.0896324593015938
0,0,0.3646271777360565
1,1,1.0
1,1,0.8646538783639496
1,1,1.0
1,1,0.852331547422349
0,0,0.0
1,1,1.0
0,0,0.0
1,1,1.0
0,0,0.0
1,1,0.953117180605149
0,0,0.0
1,1,0.9086668588074448
0,0,0.0
0,0,0.0
1,1,1.0
1,1,1.0
0,0,0.0
1,1,1.0
0,0,0.0
1,1,1.0
0,0,0.0
1,1,1.0
0,0,0.0
1,1,1.0
1,1,1.0
1,1,1.0
0,0,0.0
0,0,0.0
1,1,1.0
1,1,1.0
0,0,0.0
0,0,0.0
1,1,1.0
1,1,1.0
1,1,1.0
1,1,1.0
0,0,0.0
1,1,1.0
0,0,0.0
0,0,0.0
0,0,0.0
0,0,0.0
1,1,1.0
0,0,0.0
1,1,1.0
1,1,1.0
1,1,1.0
0,0,0.0
1,1,1.0
1,1,1.0
1,1,1.0
0,0,0.0
0,0,0.0
1,1,0.9529206949418834
0,0,0.0
1,1,1.0
1,1,1.0
1,1,1.0
1,1,1.0
0,0,0.09099140344287616
1,1,1.0
1,1,1.0
1,1,1.0
0,0,0.0
1,1,1.0
0,0,0.0
0,0,0.0
1,1,1.0
1,1,1.0
0,0,0.0
1,1,1.0
1,1,1.0
0,0,0.0
0,0,0.0
1,1,0.9549626747765498
1,1,1.0
1,1,1.0
0,0,0.0
0,0,0.0
0,0,0.0
1,1,1.0
1,1,1.0
0,0,0.0
1,1,1.0
1,1,1.0
1,1,0.7560326979209622
1,1,1.0
1,1,1.0
1,1,1.0
1,1,1.0
1,1,1.0
1,1,0.9099996662968366
0,0,0.0
1,1,1.0
1,1,1.0
1,1,1.0
0,0,0.0
1,1,1.0
1,1,1.0
0,0,0.0
1,1,1.0
1,1,1.0
1,1,1.0
1,1,1.0
1,1,1.0
1,1,1.0
1,1,1.0
1,1,1.0
1,1,1.0
0,0,0.0
1,1,0.8643533599716998
1,1,1.0
0,0,0.0
1,1,1.0
1,1,1.0
1,1,1.0
1,1,0.9078071048330147
0,0,0.0
1,1,1.0
1,1,1.0
0,0,0.0
0,0,0.0
0,0,0.0
1,1,0.9086272574589118
0,0,0.0
1,1,0.9542990792627035
1,1,0.9034851235897449
1,1,1.0
1,1,1.0
1,1,1.0
1,1,1.0
1,1,1.0
1,1,1.0
0,0,0.0
0,0,0.0
1,1,1.0
1,1,1.0
1,1,1.0
1,1,1.0
0,0,0.0
0,0,0.0
1,1,1.0
1,1,1.0
1,1,1.0
0,0,0.0
1,1,1.0
1,1,1.0
1,1,1.0
0,0,0.0
1,1,1.0
0,0,0.0
1,1,1.0
0,0,0.0
1,1,1.0
1,1,1.0
1,1,1.0
0,0,0.0
0,0,0.045820893411332934
1,1,1.0
1,1,1.0
1,1,1.0
1,1,1.0
1,1,1.0
1,1,1.0
0,0,0.0
0,0,0.0
1,1,1.0
1,1,0.8101952090644169
0,0,0.0
0,0,0.0
0,0,0.0
0,0,0.0
0,0,0.0
1,1,1.0
1,1,1.0
1,1,1.0
0,0,0.0
1,1,1.0
1,1,0.953159977262067
0,0,0.0
0,0,0.0
1,1,1.0
1,1,1.0
1,1,1.0
1,1,0.9074433141575712
1,1,1.0
1,1,1.0
0,0,0.0
1,1,1.0
1,1,1.0
0,0,0.0
1,1,1.0
1,1,1.0
1,1,1.0
1,1,1.0
1,1,1.0
0,0,0.13572663848055538
0,0,0.0
0,0,0.0
0,0,0.0
1,1,1.0
1,1,1.0
0,0,0.0
1,1,1.0
1,1,0.9506343005532727
1,1,1.0
1,1,0.9554541937557972
1,1,0.860618279208551
1,1,0.955727757286289
0,0,0.0
1,1,1.0
0,0,0.0
0,0,0.0
1,1,0.9512201279452985
1,1,1.0
1,1,1.0
1,1,1.0
0,0,0.0
0,0,0.0
1,1,1.0
0,0,0.0
1,1,1.0
1,1,1.0
0,0,0.0
1,1,1.0
1,1,1.0
1,1,1.0
0,0,0.0
1,1,1.0
1,1,1.0
1,1,1.0
0,0,0.0
0,0,0.0
1,1,1.0
1,1,1.0
1,1,1.0
1,1,1.0
0,0,0.0
0,0,0.0
1,1,1.0
0,0,0.0
1,1,1.0
0,0,0.0
0,0,0.0
1,1,1.0
1,1,1.0
1,1,0.8583552938502418
0,0,0.047932638371106735
1,1,0.9061404309622593
0,0,0.13895320445330958
1,1,1.0
1,1,1.0
1,1,1.0
1,1,0.907499498107487
1,1,1.0
0,0,0.0
1,1,1.0
1,1,1.0
1,1,1.0
1,1,1.0
1,1,1.0
1,1,1.0
0,0,0.0
0,0,0.0
1,1,1.0
1,1,1.0
0,0,0.0
1,1,1.0
1,1,1.0
0,0,0.0
1,1,0.9532071950841208
0,0,0.0
1,1,1.0
1,1,1.0
1,1,1.0
0,0,0.0
1,1,1.0
1,1,1.0
0,0,0.0
1,1,1.0
0,0,0.0
1,1,1.0
0,0,0.2776673392229568
0,0,0.0
1,1,1.0
0,0,0.18812603486232524
1,1,1.0
1,1,0.9524366053107132
1,1,1.0
0,0,0.0
0,0,0.0
1,1,1.0
1,1,1.0
1,1,1.0
1,1,1.0
1,1,1.0
1,1,1.0
0,0,0.0
1,1,1.0
1,1,0.9516662514541505
1,1,1.0
1,1,0.9548238117445932
1,1,1.0
1,1,1.0
1,1,1.0
0,0,0.0
0,0,0.0
1,1,1.0
0,0,0.0
0,0,0.0
1,1,1.0
1,1,0.9554245136853835
1,1,1.0
1,1,1.0
0,0,0.0
1,1,1.0
0,0,0.0
0,0,0.0
0,0,0.0
0,0,0.0
1,1,1.0
1,1,1.0
0,0,0.0
1,1,1.0
0,0,0.0
1,1,0.8122288800239501
0,0,0.0
1,1,1.0
1,1,1.0
1,1,1.0
0,0,0.044859795641366294
1,1,1.0
0,0,0.0
1,1,1.0
1,1,1.0
1,1,1.0
1,1,1.0
1,1,1.0
1,1,1.0
0,0,0.0
1,1,0.9065021849752192
0,0,0.0
0,0,0.0
1,1,1.0
0,0,0.0
1,1,1.0
1,1,1.0
1,1,1.0
0,0,0.0
0,0,0.0
1,1,1.0
1,1,1.0
1,1,1.0
1,1,1.0
0,0,0.0
1,1,1.0
1,1,1.0
0,0,0.0
1,1,1.0
0,0,0.0
0,0,0.0
0,0,0.0
1,1,1.0
1,1,0.9075598943306176
1,1,1.0
1,1,1.0
1,1,0.9498397086555281
1,1,1.0
1,1,1.0
0,0,0.0
1,1,1.0
0,0,0.0
0,0,0.0
0,0,0.0
1,1,1.0
1,1,1.0
1,1,1.0
1,1,0.9554835941604832
0,0,0.0
1,1,1.0
1,1,1.0
1,1,1.0
1,1,1.0
1,1,1.0
1,1,1.0
0,0,0.0
1,1,1.0
1,1,1.0
0,0,0.0
0,0,0.0
0,0,0.0
1,1,0.9536019404268028
1,1,1.0
1,1,1.0
1,1,0.951264209773733
1,1,1.0
0,0,0.18514738766498134
1,1,1.0
0,0,0.0
1,1,1.0
1,1,0.9544729309077288
0,0,0.04649740446702431
0,0,0.0
1,1,1.0
0,0,0.09467991314090145
1,1,1.0
0,0,0.0
1,1,1.0
0,0,0.0
0,0,0.0
1,1,0.9526716043978871
0,0,0.0
1,1,0.9514390362478539
1,1,1.0
1,1,0.9074273132097953
1,1,1.0
1,1,1.0
0,0,0.0
1,1,1.0
1,1,1.0
0,0,0.0
1,1,1.0
1,1,1.0
1,1,1.0
1,1,1.0
1,1,0.9046812006025048
0,0,0.0
1,1,1.0
1,1,1.0
0,0,0.0
0,0,0.0
1,1,0.9551052073685518
1,1,1.0
1,1,0.9503441152408528
0,0,0.0
1,1,0.9112447954568242
0,0,0.0
1,1,1.0
1,1,1.0
1,1,1.0
1,1,1.0
1,1,1.0
1,1,1.0
1,1,1.0
1,1,1.0
0,0,0.0
1,1,0.9069440928744981
1,1,1.0
1,1,1.0
1,1,1.0
0,0,0.0
0,0,0.0
0,0,0.046403479705258224
0,0,0.0
1,1,1.0
1,1,1.0
1,1,0.9556838684092844
0,0,0.0
1,1,1.0
0,0,0.0
1,1,0.9539778362043126
0,0,0.0
0,0,0.0
0,0,0.0
1,1,0.9523178282237037
0,0,0.0
1,1,0.9551581779723821
0,0,0.0
0,0,0.0
0,0,0.0
0,0,0.0
0,0,0.0
1,1,1.0
0,0,0.23491094999527432
1,1,1.0
1,1,1.0
1,1,1.0
0,0,0.0
0,0,0.0
1,1,1.0
0,0,0.09220593308330431
0,0,0.0
1,1,1.0
0,0,0.0
1,1,1.0
1,1,1.0
0,0,0.0
0,0,0.0
1,1,1.0
1,1,1.0
1,1,1.0
1,1,1.0
0,0,0.0
0,0,0.0
1,1,1.0
0,0,0.0
0,0,0.0
1,1,1.0
0,0,0.0
0,0,0.0
1,1,1.0
1,1,1.0
1,1,1.0
1,1,1.0
0,0,0.0
1,1,1.0
0,0,0.0
1,1,1.0
0,0,0.0
1,1,1.0
0,0,0.0
0,0,0.0
1,1,1.0
0,0,0.0
0,0,0.0
1,1,1.0
0,0,0.0
1,1,1.0
0,0,0.0
1,1,1.0
1,1,1.0
0,0,0.0
1,1,1.0
1,1,1.0
0,0,0.0
0,0,0.0
0,0,0.0
1,1,1.0
1,1,1.0
1,1,1.0
1,1,0.9546362819773775
0,0,0.0
0,0,0.0
0,0,0.0458450759282781
1,1,0.9085579417134902
1,1,1.0
0,0,0.0
1,1,1.0
1,1,1.0
0,0,0.0
1,1,1.0
0,0,0.1849865378147561
1,1,1.0
0,0,0.0
1,1,1.0
1,1,1.0
1,1,0.9006711400576543
1,1,1.0
0,0,0.0
1,1,0.9537476876695002
0,0,0.0
1,1,1.0
1,1,1.0
0,0,0.14334782163408608
0,0,0.0
0,0,0.0
0,0,0.0
1,1,1.0
1,1,1.0
0,0,0.0
0,0,0.0
1,1,1.0
0,0,0.0
0,0,0.0
1,1,1.0
0,0,0.0
1,1,1.0
0,0,0.0
0,0,0.0
1,1,0.954872828996001
0,0,0.0
0,0,0.0
0,0,0.0
0,0,0.0
1,1,1.0
0,0,0.0
1,1,0.8600997690068615
1,1,1.0
1,1,1.0
1,1,1.0
1,1,1.0
1,1,1.0
0,0,0.0
1,1,1.0
0,0,0.0
1,1,1.0
1,1,1.0
1,1,1.0
1,1,1.0
0,0,0.0
0,0,0.0
0,0,0.0
1,1,0.954180229535261
1,1,0.8547084117396784
1,1,1.0
0,0,0.0
0,0,0.0
0,0,0.0
1,1,1.0
0,0,0.0
0,0,0.0
1,1,1.0
1,1,0.909236221328974
0,0,0.0
0,0,0.0
1,1,1.0
1,1,1.0
0,0,0.0
0,0,0.1373942745178469
1,1,1.0
1,1,0.9059567382880337
1,1,1.0
0,0,0.0
1,1,1.0
1,1,1.0
1,1,1.0
0,0,0.0
1,1,0.6743855122920059
1,1,0.816396487996678
1,1,1.0
1,1,1.0
0,0,0.0
0,0,0.0
0,0,0.0
1,1,0.9541955458775174
1,1,1.0
1,1,1.0
0,0,0.0
0,0,0.0
1,1,1.0
1,1,1.0
1,1,1.0
0,0,0.0
1,1,1.0
1,1,1.0
0,0,0.23477360000207834
0,0,0.09531794307775755
1,1,1.0
0,0,0.0
0,0,0.0
1,1,0.9509524941137107
0,0,0.0
1,1,1.0
0,0,0.0
1,1,1.0
1,1,1.0
0,0,0.0
0,0,0.0
1,1,1.0
0,0,0.0
1,1,1.0
1,1,1.0
1,1,1.0
1,1,1.0
1,1,1.0
0,0,0.0
1,1,0.9526275365181461
0,0,0.0
1,1,0.9536942883291215
1,1,0.9536777236182641
0,0,0.0
1,1,0.909802252952558
0,0,0.0
1,1,0.9544368317311235
1,1,1.0
1,1,1.0
1,1,1.0
1,1,1.0
0,0,0.0
1,1,1.0
0,0,0.0
1,1,1.0
1,1,1.0
1,1,1.0
0,0,0.0
0,0,0.0
1,1,1.0
1,1,1.0
1,1,1.0
1,1,1.0
1,1,1.0
1,1,1.0
1,1,1.0
0,0,0.0
1,1,1.0
0,0,0.0
1,1,0.9104591456970607
1,1,1.0
1,1,0.817672770029604
0,0,0.0
1,1,1.0
1,1,1.0
0,0,0.0450034306308369
0,0,0.0
0,0,0.09515158654930002
0,0,0.0
0,0,0.0
1,1,1.0
1,1,0.9552766089126087
1,1,1.0
1,1,1.0
1,1,1.0
0,0,0.0
1,1,1.0
0,0,0.0
1,1,1.0
0,0,0.18797029902076637
1,1,1.0
1,1,1.0
1,1,1.0
1,1,1.0
1,1,1.0
1,1,1.0
1,1,1.0
1,1,1.0
0,0,0.0
1,1,1.0
1,1,1.0
0,0,0.04440397855574995
1,1,1.0
1,1,1.0
1,1,1.0
0,0,0.0
0,0,0.0
1,1,1.0
0,0,0.0
0,0,0.0
1,1,1.0
1,1,1.0
1,1,1.0
0,0,0.0
0,0,0.0
0,0,0.0
1,1,0.9554343362217578
1,1,1.0
0,0,0.0
0,0,0.0
1,1,1.0
0,0,0.0
1,1,1.0
1,1,1.0
1,1,1.0
1,1,1.0
0,0,0.47079283219600043
1,1,1.0
1,1,1.0
1,1,1.0
1,1,1.0
1,1,1.0
0,0,0.0
1,1,1.0
1,1,1.0
1,1,1.0
0,0,0.0
1,1,0.9536902610898207
0,0,0.09574006960515695
1,1,1.0
1,1,1.0
1,1,1.0
0,0,0.0
1,1,1.0
1,1,1.0
1,1,1.0
0,0,0.0
0,0,0.0
1,1,1.0
0,0,0.0
1,1,1.0
1,1,0.8635938567741833
0,0,0.0
0,0,0.0
0,0,0.0
1,1,1.0
1,1,1.0
1,1,1.0
0,0,0.0
1,1,0.9530954729229292
1,1,1.0
1,1,1.0
1,1,1.0
0,0,0.0
0,0,0.0
0,0,0.0
1,1,0.9093420839705187
0,0,0.0
1,1,1.0
1,1,0.9092093840981433
0,0,0.0
0,0,0.0
0,0,0.04498670316496861
1,1,0.9539210694109691
1,1,1.0
1,1,0.9048563059986414
1,1,1.0
0,0,0.0
1,1,0.8648385680919474
0,0,0.0
1,1,1.0
0,0,0.0
0,0,0.0
1,1,0.9528895223551481
0,0,0.08878812339001253
1,1,0.9084077325071969
0,0,0.0
1,1,0.858870336802648
1,1,1.0
1,1,1.0
0,0,0.0
1,1,1.0
1,1,1.0
1,1,1.0
1,1,1.0
1,1,0.9515498990082363
1,1,1.0
0,0,0.0
1,1,1.0
1,1,1.0
1,1,1.0
1,1,1.0
1,1,1.0
0,0,0.0
0,0,0.0
0,0,0.0
1,1,0.8576863595423941
0,0,0.0
1,1,1.0
1,1,1.0
1,1,1.0
1,1,1.0
1,1,1.0
1,1,1.0
0,0,0.0
1,1,1.0
1,1,1.0
1,1,1.0
1,1,0.9537224691533526
1,1,1.0
1,1,1.0
0,0,0.0
1,1,1.0
0,0,0.0
1,1,1.0
1,1,1.0
1,1,1.0
0,0,0.0
0,0,0.0
1,1,1.0
1,1,1.0
1,1,0.9532385810790974
1,1,1.0
0,0,0.0
1,1,1.0
0,0,0.0
1,1,0.9538813808125348
0,0,0.0
0,0,0.0
1,1,1.0
0,0,0.0
1,1,0.8641751361537012
0,0,0.0
0,0,0.0
1,1,1.0
1,1,1.0
1,1,1.0
1,1,1.0
1,1,0.8075379360126067
1,1,1.0
1,1,1.0
1,1,1.0
1,1,1.0
0,0,0.0
1,1,0.9509463990148026
1,1,0.9078952440285356
0,0,0.0
1,1,1.0
1,1,0.954575788165591
0,0,0.0
0,0,0.0
1,1,1.0
1,1,1.0
1,1,1.0
1,1,1.0
1,1,1.0
0,0,0.0
0,0,0.0
1,1,1.0
1,1,1.0
0,0,0.0
1,1,1.0
1,1,1.0
1,1,1.0
1,1,0.9552073349051543
0,0,0.0
0,0,0.0
1,1,1.0
0,0,0.0
1,1,1.0
1,1,1.0
0,0,0.0
1,1,1.0
0,0,0.0
1,1,1.0
1,1,1.0
0,0,0.0
1,1,1.0
1,1,1.0
1,1,1.0
0,0,0.0
1,1,1.0
1,1,1.0
1,1,1.0
1,1,1.0
1,1,1.0
1,1,1.0
1,1,1.0
0,0,0.0
1,1,1.0
1,1,1.0
1,1,1.0
1,1,1.0
0,0,0.0
0,0,0.0
0,0,0.0
0,0,0.0
1,1,1.0
1,1,1.0
0,0,0.0
0,0,0.0
1,1,1.0
1,1,1.0
1,1,0.8593787316999797
1,1,1.0
1,1,0.8604266584791037
1,1,1.0
0,0,0.0
1,1,1.0
1,1,1.0
1,1,1.0
1,1,1.0
1,1,1.0
1,1,1.0
0,0,0.0
1,1,1.0
1,1,1.0
1,1,0.9545147080448799
1,1,1.0
0,0,0.0
1,1,1.0
0,0,0.0
1,1,1.0
1,1,1.0
1,1,1.0
1,1,1.0
1,1,1.0
0,0,0.0
1,1,1.0
0,0,0.09225594347024879
0,0,0.0
1,1,1.0
0,0,0.0
1,1,1.0
1,1,1.0
1,1,1.0
1,1,1.0
1,1,1.0
1,1,1.0
1,1,1.0
1,1,1.0
1,1,1.0
0,0,0.0
1,1,1.0
1,1,1.0
0,0,0.0
0,0,0.0
1,1,1.0
1,1,1.0
1,1,1.0
0,0,0.0
1,1,1.0
0,0,0.0
1,1,1.0
1,1,1.0
0,0,0.0
1,1,1.0
0,0,0.0
1,1,1.0
1,1,1.0
1,1,1.0
1,1,1.0
1,1,1.0
1,1,1.0
1,1,1.0
1,1,1.0
0,0,0.0
1,1,1.0
1,1,1.0
0,0,0.0
0,0,0.0
1,1,1.0
1,1,1.0
1,1,1.0
1,1,1.0
0,0,0.0
0,0,0.0
1,1,1.0
0,0,0.0
1,1,1.0
1,1,0.9507229487209407
1,1,0.9550251061655992
1,1,1.0
1,1,1.0
1,1,1.0
0,0,0.0
0,0,0.3708969591588115
0,0,0.0
0,0,0.0
0,0,0.0
1,1,0.81633746826349
1,1,1.0
1,1,1.0
0,0,0.0
0,0,0.0
1,1,1.0
0,0,0.0
0,0,0.0
1,1,1.0
1,1,1.0
0,0,0.0
1,1,1.0
1,1,0.9531177070873287
1,1,1.0
1,1,1.0
1,1,0.9076582125526775
0,0,0.0
0,0,0.0
1,1,1.0
1,1,1.0
0,0,0.0
1,1,1.0
1,1,0.9526954315868714
1,1,0.9092877483351406
0,0,0.0
1,1,1.0
1,1,1.0
1,1,1.0
1,1,1.0
0,0,0.0
1,1,1.0
0,0,0.0
0,0,0.0
1,1,1.0
1,1,1.0
1,1,1.0
1,1,1.0
1,1,1.0
0,0,0.0
0,0,0.092241600376242
1,1,1.0
1,1,1.0
1,1,1.0
0,0,0.0
1,1,1.0
0,0,0.0
1,1,1.0
0,0,0.0
0,0,0.0
0,0,0.09450369089845827
1,1,1.0
1,1,1.0
1,1,1.0
1,1,0.9112013214912237
1,1,1.0
1,1,1.0
0,0,0.0
0,0,0.0
1,1,1.0
1,1,1.0
1,1,0.9542335957154569
1,1,1.0
1,1,0.9532425906407024
1,1,0.9548412822551932
1,1,1.0
0,0,0.0
1,1,1.0
1,1,1.0
1,1,0.9531692108087698
1,1,1.0
0,0,0.0
1,1,1.0
0,0,0.0
1,1,1.0
0,0,0.0
1,1,1.0
0,0,0.0
1,1,1.0
0,0,0.0
1,1,0.9537225374167816
1,1,0.951527508805517
0,0,0.0
0,0,0.0
1,1,1.0
1,1,1.0
1,1,1.0
0,0,0.0
1,1,0.9079157251705505
0,0,0.048311727490635475
1,1,0.8045241216046277
0,0,0.0
1,1,1.0
0,0,0.04547703873814721
1,1,1.0
1,1,0.9542999206131632
1,1,1.0
0,0,0.0
0,0,0.13712634089661313
0,0,0.0
0,0,0.0
0,0,0.0
1,1,1.0
1,1,0.9533164038107097
0,0,0.0
0,0,0.0
1,1,1.0
1,1,1.0
1,1,1.0
1,1,1.0
1,1,1.0
0,0,0.04222247624721224
1,1,0.9525817412230042
1,1,1.0
1,1,0.9054927981160644
1,1,1.0
1,1,0.9532292436227799
1,1,1.0
1,1,1.0
1,1,0.7731385978285942
1,1,0.8561835705376074
1,1,0.9534715494152961
0,0,0.0
1,1,1.0
0,0,0.0
0,0,0.0
1,1,0.6639519671096413
1,1,0.7770880176923505
1,1,0.9075841743050035
1,1,0.8578998925847559
1,1,1.0
1,1,1.0
1,1,1.0
1,1,1.0
1,1,0.8665835759632807
1,1,0.9531999150523097
1,1,1.0
1,1,1.0
0,0,0.0
1,1,1.0
1,1,1.0
1,1,0.907783356864567
0,0,0.0
1,1,1.0
0,0,0.0
0,0,0.0
1,1,0.8634516265445383
0,0,0.0
1,1,1.0
0,0,0.2317851302027919
1,1,1.0
1,1,0.8150956994564454
0,0,0.042293135344056154
0,0,0.0
1,1,0.9122272933643926
1,1,1.0
1,1,0.668946107482048
0,0,0.0
1,1,1.0
1,1,1.0
1,1,1.0
1,1,0.8127969120291164
1,1,0.8015379270856612
0,0,0.04345467080908962
0,0,0.0
1,1,0.8118147069403827
1,1,0.9524530877050978
1,1,1.0
1,1,1.0
1,1,0.9058093685385887
1,1,0.8521773143855995
1,1,0.8573777719650438
0,0,0.46863190680752304
0,0,0.0
1,1,1.0
1,1,0.9519070850382988
0,0,0.0
0,0,0.04327531909273396
1,1,0.7678133388441372
0,0,0.0
1,1,0.7650819111277625
1,1,0.8209652389555411
1,1,0.9522117348917636
1,1,0.5804774389487438
1,1,0.7231262262399814
0,0,0.043386702401663924
1,1,0.759710359066995
0,0,0.13827664697311876
1,1,0.8147681615912375
1,1,0.6635294321643225
1,1,1.0
1,1,0.9124772798814809
1,1,1.0
1,1,0.7236000888560913
1,1,0.9103812163320866
1,1,0.8612853622578858
0,0,0.04355209960797581
0,0,0.1954383567500414
1,1,1.0
0,0,0.0
1,1,0.6676554119501
0,0,0.0
1,1,0.8982370327444612
0,0,0.0
0,0,0.0
1,1,0.9551042865894096
0,0,0.0
0,0,0.18567482149122796
0,0,0.0
0,0,0.0467653747737766
1,1,1.0
1,1,0.9073053224918532
1,1,1.0
1,1,0.8969459709747376
1,1,0.8601427255122369
1,1,0.9051271922881193
1,1,0.9074325368978595
0,0,0.0
1,1,0.9097622363169603
1,1,0.9082802927808926
0,0,0.0
1,1,0.9506587586327591
0,0,0.043991252297963475
1,1,0.9050659087509964
0,0,0.17810526106920965
0,0,0.04816683531484101
0,0,0.14383988063129957
0,0,0.08989790956227474
1,1,0.9536139681178538
1,1,0.9081626336825152
0,0,0.1395561866792912
0,0,0.18636893131194623
1,1,0.8597639763974626
1,1,1.0
1,1,0.8579633828179969
1,1,0.7717841552324176
0,0,0.22809797457078995
1,1,0.7567711631828593
0,0,0.09256742406993099
1,1,0.7154836208351126
0,0,0.14891333079553926
0,0,0.04578485640244115
0,0,0.09016333770826032
1,1,0.9098700363696793
0,0,0.4670150571139383
1,1,0.8131004496643003
1,1,0.7092046447037923
1,1,1.0
1,1,0.6351984725921542
0,0,0.0
1,1,0.8626175114745482
1,1,1.0
0,1,0.6137645111394061
1,1,0.8639364230405141
1,1,0.7553196013020528
1,1,0.8557319106778214
0,0,0.0
0,0,0.18351671477517895
1,1,0.9536554952613082
1,1,0.7635108696337666
0,0,0.18286656186932343
0,0,0.04399252424550435
0,0,0.0
0,0,0.12870717932965303
0,0,0.19639751584013504
1,1,0.8550128878004084
1,1,0.9544196624217411
1,1,0.7219720738205299
1,1,0.8193715692089943
0,0,0.0
1,1,0.8123813845450769
0,0,0.17776936330000345
1,1,0.9548556656749405
0,0,0.0
1,1,0.8108418264930574
0,0,0.32703659971744964
0,1,0.6547879641929875
1,1,0.7067172937643711
1,1,0.6775111926929593
1,1,0.8060888180514862
1,1,0.762112972987854
0,0,0.3988635417146689
1,1,0.8623695242772892
1,1,0.7225939976700385
0,0,0.09068445085150184
0,1,0.5045348045004039
0,0,0.0
1,1,1.0
0,0,0.04583772528416749
0,0,0.0
1,1,0.8166804600912804
0,0,0.0870520927579613
0,0,0.46895710915404426
1,1,0.9546985020334043
1,1,0.9536907714992258
1,1,1.0
1,1,0.8097321736108817
1,1,0.9546783019648957
1,1,0.8156547879642848
1,1,0.6195247605310513
1,1,1.0
0,0,0.08728890258918438
0,0,0.4249404056257134
1,1,1.0
0,0,0.0
0,0,0.0
1,1,1.0
1,1,0.8609294619525625
0,0,0.0
0,0,0.0
0,0,0.0
1,1,0.9098957360949785
1,1,1.0
1,1,1.0
1,1,0.6783184770469229
0,0,0.38484684517051454
1,1,0.8144945251594927
1,1,0.6808689811129204
1,1,1.0
1,1,1.0
1,1,0.8620450623932034
1,1,0.857503160966517
1,1,1.0
0,0,0.0
0,0,0.23132667893975867
0,0,0.09400283642144469
0,0,0.0
0,0,0.0
0,0,0.0
0,0,0.0
1,1,1.0
1,1,1.0
1,1,0.8564853739572178
0,0,0.0
1,1,1.0
1,1,0.9020391175640037
1,1,1.0
1,1,1.0
0,0,0.0
1,1,1.0
1,1,1.0
1,1,1.0
1,1,1.0
0,0,0.0
1,1,1.0
0,0,0.0
1,1,1.0
1,1,1.0
1,1,1.0
1,1,0.8081633038501246
1,1,1.0
1,1,1.0
1,1,1.0
1,1,0.9503039732137206
1,1,0.816470289623534
0,0,0.0
0,0,0.0
1,1,0.9069531829464161
0,0,0.0
0,0,0.0
1,1,1.0
1,1,1.0
0,0,0.0
1,1,0.8985570232598039
0,0,0.0
1,1,1.0
1,1,0.953887065363917
1,1,0.9086739870674365
1,1,1.0
1,1,1.0
0,0,0.0
1,1,1.0
0,0,0.13950024929090543
1,1,1.0
1,1,0.8643384373228798
1,1,1.0
1,1,1.0
0,0,0.0
0,0,0.04422355198874765
1,1,1.0
0,0,0.0
1,1,0.7044608396015102
0,0,0.0
1,1,1.0
1,1,1.0
0,0,0.0
1,1,1.0
0,0,0.0
1,1,0.9056744499119621
1,1,0.8749432369275191
0,0,0.0
0,0,0.0
0,0,0.0
0,0,0.0
1,1,1.0
1,1,1.0
0,0,0.0
1,1,0.7250705574160995
1,1,1.0
1,1,0.9544001280282678
1,1,1.0
0,0,0.0
1,1,1.0
0,0,0.0
0,0,0.0
1,1,1.0
0,0,0.18638541315727167
0,0,0.0
1,1,1.0
1,1,1.0
1,1,1.0
1,1,1.0
1,1,1.0
1,1,1.0
0,0,0.0
1,1,1.0
1,1,0.953927851750971
0,0,0.0
0,0,0.0
0,0,0.0
1,1,1.0
0,0,0.0
0,0,0.0
1,1,1.0
0,0,0.0
0,0,0.0
1,1,0.5905813076883928
0,0,0.0
1,1,1.0
1,1,1.0
1,1,1.0
1,1,1.0
1,1,1.0
1,1,0.7217790693476145
1,1,1.0
1,1,1.0
0,0,0.0
0,0,0.0
0,0,0.0
1,1,1.0
0,0,0.0
0,0,0.0
1,1,1.0
1,1,1.0
0,0,0.0
0,0,0.0
1,1,0.9080022454350871
1,1,1.0
1,1,1.0
0,0,0.0
0,0,0.0
1,1,1.0
1,1,1.0
1,1,1.0
0,0,0.0
0,0,0.0
1,1,0.5866377778250421
1,1,1.0
1,1,1.0
1,1,1.0
1,1,1.0
0,0,0.0
1,1,1.0
0,0,0.0
0,0,0.0
0,0,0.0
0,0,0.0
0,0,0.0
1,1,1.0
1,1,1.0
1,1,1.0
1,1,1.0
0,0,0.0
0,0,0.0
0,0,0.0
0,0,0.0
1,1,1.0
1,1,1.0
1,1,1.0
1,1,1.0
1,1,1.0
1,1,1.0
0,0,0.31396972579943805
1,1,1.0
0,1,0.6271669647746342
1,1,1.0
0,0,0.0
1,1,0.7263170162333904
1,1,0.9060761207495188
0,0,0.0
1,1,1.0
1,1,1.0
0,0,0.04758089626447237
1,1,1.0
1,1,1.0
1,1,1.0
1,1,1.0
0,0,0.0
1,1,1.0
1,1,1.0
0,0,0.0
1,1,1.0
0,0,0.0
1,1,1.0
1,1,0.8629283539961853
0,0,0.3769733609563336
1,1,1.0
1,1,1.0
0,0,0.0
0,0,0.0
1,1,1.0
0,0,0.0
1,1,1.0
1,1,1.0
0,0,0.0
0,0,0.0
1,1,0.9554681619591827
1,1,1.0
1,1,0.863325693681631
1,1,0.9142505464158064
0,0,0.0
0,0,0.0
1,1,1.0
0,0,0.18630794840265658
1,1,1.0
0,0,0.0
1,1,1.0
1,1,1.0
1,1,1.0
1,1,1.0
1,1,1.0
1,1,1.0
1,1,1.0
1,1,0.7189820269975119
0,0,0.0
0,0,0.0
1,1,1.0
1,1,1.0
0,0,0.0
1,1,0.951889960348291
1,1,0.9035351205309282
0,1,0.5304845347976666
0,0,0.0
1,1,1.0
0,0,0.0
0,0,0.0
0,0,0.0
1,1,1.0
1,1,1.0
1,1,0.9128567528618245
1,1,0.8624556960456592
1,1,0.9087717898203879
1,1,1.0
1,1,0.9521028181129365
1,1,1.0
0,0,0.0
0,0,0.0
1,1,0.9050849682221697
0,0,0.0
1,1,0.9535761355937001
1,1,1.0
0,0,0.0
1,1,0.9532174413154589
0,0,0.0
1,1,1.0
0,0,0.0
1,1,1.0
1,1,1.0
1,1,1.0
0,0,0.0
1,1,1.0
0,0,0.0
1,1,1.0
1,1,1.0
1,1,1.0
0,0,0.0
0,0,0.0
0,0,0.28986549064199685
0,0,0.0
1,1,1.0
1,1,0.9025978837532794
1,1,1.0
1,1,1.0
1,1,1.0
0,0,0.0
1,1,1.0
1,1,1.0
0,0,0.0
1,1,1.0
0,0,0.0
0,0,0.0
0,0,0.09631964994720246
1,1,1.0
1,1,1.0
0,0,0.0
0,0,0.0
1,1,1.0
0,0,0.0
0,0,0.0
1,1,1.0
0,0,0.0
1,1,0.9010159689747493
0,0,0.0
1,1,1.0
1,1,0.8084819749417724
1,1,1.0
1,1,1.0
1,1,1.0
0,0,0.0
0,0,0.0
1,1,1.0
1,1,1.0
0,0,0.0
1,1,0.9523805867344219
1,1,1.0
0,1,0.7165012531175029
0,0,0.0
1,1,1.0
1,1,1.0
1,1,1.0
0,0,0.0
1,1,1.0
0,0,0.0
1,1,1.0
1,1,0.9520575022273906
1,1,0.9530768857849188
1,1,1.0
1,1,1.0
1,1,1.0
0,0,0.0
1,1,1.0
1,1,0.9081878099136503
1,1,0.9093424690982892
0,0,0.0
1,1,1.0
1,1,1.0
1,1,1.0
1,1,1.0
0,0,0.0
1,1,1.0
0,0,0.0
0,0,0.0
1,1,1.0
1,1,1.0
1,1,1.0
1,1,1.0
1,1,1.0
1,1,1.0
1,1,1.0
1,1,1.0
1,1,1.0
0,0,0.0
0,0,0.0
1,1,0.9536277254988821
1,1,1.0
0,0,0.0
1,1,1.0
1,1,1.0
0,0,0.0
0,0,0.0
1,1,1.0
1,1,1.0
1,1,1.0
1,1,1.0
1,1,0.9066039241591133
1,1,1.0
1,1,0.9540934808293123
0,0,0.0
1,1,1.0
0,0,0.046500446471876636
0,0,0.0
1,1,1.0
0,0,0.0
1,1,1.0
0,0,0.1457020302548235
0,0,0.0
0,0,0.0
1,1,1.0
1,1,1.0
1,1,1.0
1,1,1.0
1,1,1.0
1,1,1.0
1,1,1.0
1,1,1.0
0,0,0.0
0,0,0.0
1,1,1.0
1,1,1.0
1,1,1.0
1,1,1.0
1,1,1.0
1,1,1.0
0,0,0.0
1,1,1.0
1,1,1.0
0,0,0.09225691605495574
0,0,0.04750107483123093
1,1,1.0
1,1,0.8980126639742687
0,0,0.0
0,0,0.0
1,1,1.0
0,0,0.0
1,1,1.0
1,1,1.0
1,1,1.0
1,1,1.0
0,0,0.0
1,1,0.9545293794514719
1,1,1.0
1,1,1.0
0,0,0.0
1,1,0.9526928289084977
0,0,0.18987187119642424
1,1,1.0
1,1,1.0
0,1,0.5961095999616803
1,1,0.6143267516595751
1,1,1.0
1,1,1.0
0,0,0.0
1,1,1.0
1,1,0.6714521387664814
1,1,0.948849047644479
0,0,0.08975224540945713
0,0,0.0
1,1,1.0
0,0,0.0
0,0,0.0
1,1,1.0
1,1,1.0
1,1,0.8162221683462138
1,1,1.0
0,0,0.0
1,1,0.9547459898977264
1,1,0.9534426841461413
0,0,0.0
0,0,0.0
0,0,0.0
1,1,1.0
1,1,1.0
0,0,0.0
1,1,1.0
1,1,1.0
0,0,0.0
1,1,1.0
1,1,1.0
0,0,0.0
1,1,1.0
1,1,1.0
1,1,1.0
0,0,0.0
1,1,1.0
1,1,1.0
1,1,1.0
1,1,0.9537579477955818
1,1,1.0
1,1,1.0
1,1,1.0
0,0,0.0
1,1,0.9520567734935222
0,0,0.0
0,0,0.0
0,0,0.0
1,1,1.0
1,1,0.954454841947748
1,1,1.0
1,1,1.0
1,1,0.9546375402809193
1,1,1.0
0,0,0.0
1,1,1.0
1,1,1.0
1,1,1.0
1,1,1.0
1,1,1.0
1,1,1.0
1,1,1.0
1,1,1.0
0,0,0.0
1,1,0.9547942381691512
0,0,0.0
0,0,0.0
0,0,0.0
1,1,1.0
0,0,0.0
1,1,1.0
1,1,1.0
1,1,1.0
0,0,0.09166746683606374
1,1,0.908141459962361
1,1,1.0
0,0,0.13647298832834165
1,1,1.0
1,1,1.0
1,1,1.0
1,1,0.8142821172957488
1,1,1.0
0,0,0.0
1,1,1.0
1,1,1.0
1,1,1.0
1,1,1.0
0,0,0.0
0,0,0.0
0,0,0.0
1,1,1.0
1,1,1.0
1,1,1.0
1,1,1.0
0,0,0.0
1,1,0.9511663369609229
0,0,0.0
1,1,1.0
1,1,1.0
1,1,1.0
1,1,0.9530659229668029
0,0,0.0
0,0,0.0
0,0,0.0
1,1,0.9550897098445396
1,1,1.0
1,1,0.8125003752307507
1,1,1.0
0,0,0.0
1,1,0.9070911648434737
1,1,0.9543457806607986
0,0,0.0
1,1,1.0
0,0,0.0
1,1,1.0
1,1,1.0
1,1,0.9547659339355695
0,0,0.28116383684221025
1,1,0.9531925562453385
0,0,0.0
1,1,1.0
0,0,0.17657176822956117
0,0,0.0
0,0,0.0
1,1,1.0
1,1,0.9532056948308221
1,1,0.9000838739608944
1,1,1.0
1,1,1.0
1,1,1.0
0,0,0.0
1,1,1.0
0,0,0.0
0,0,0.0
1,1,1.0
1,1,1.0
0,0,0.0
1,1,1.0
0,0,0.0
0,0,0.0
1,1,1.0
1,1,1.0
1,1,1.0
1,1,1.0
0,0,0.0
0,0,0.0
1,1,1.0
0,0,0.0
1,1,1.0
1,1,1.0
1,1,1.0
1,1,1.0
0,0,0.0
1,1,1.0
0,0,0.0
1,1,1.0
0,0,0.0
1,1,1.0
0,0,0.0
0,0,0.0
0,0,0.0
1,1,1.0
1,1,1.0
1,1,1.0
1,1,1.0
0,0,0.0
0,0,0.2263132011821949
1,1,1.0
0,0,0.0
1,1,1.0
1,1,1.0
0,0,0.0
0,0,0.0
1,1,1.0
1,1,1.0
1,1,1.0
1,1,1.0
1,1,1.0
0,0,0.0
1,1,1.0
1,1,1.0
0,0,0.0
1,1,1.0
0,0,0.0
1,1,1.0
0,0,0.0
1,1,0.9071713119225044
1,1,1.0
1,1,1.0
0,0,0.0
1,1,1.0
0,0,0.0
1,1,0.8533805079277058
1,1,0.905253455815124
1,1,1.0
0,0,0.0
0,0,0.0
0,0,0.0
0,0,0.0
1,1,1.0
1,1,1.0
0,0,0.0
1,1,1.0
1,1,1.0
0,0,0.0
0,0,0.04587649516403037
0,0,0.0
0,0,0.0
0,0,0.0
1,1,0.9539661073545681
1,1,1.0
0,0,0.0
1,1,1.0
1,1,0.9540788359369805
1,1,1.0
0,0,0.0
1,1,1.0
1,1,0.9068508844025068
1,1,1.0
0,0,0.0
1,1,1.0
0,0,0.0
0,0,0.0
0,0,0.0
1,1,1.0
1,1,1.0
1,1,1.0
0,0,0.09205807008053836
0,0,0.0
1,1,1.0
1,1,1.0
1,1,1.0
1,1,1.0
1,1,1.0
0,0,0.0
1,1,0.9080678847608834
1,1,1.0
0,0,0.0
1,1,1.0
1,1,1.0
1,1,1.0
1,1,1.0
0,0,0.0
1,1,1.0
1,1,1.0
0,0,0.0
1,1,0.9544766132987449
0,0,0.0
1,1,1.0
1,1,1.0
0,0,0.0
1,1,1.0
1,1,1.0
1,1,1.0
0,0,0.0
1,1,1.0
0,0,0.0
0,0,0.0
0,0,0.0
1,1,1.0
1,1,0.9559308816796508
0,0,0.0
1,1,1.0
1,1,1.0
0,0,0.0
1,1,1.0
1,1,1.0
1,1,1.0
0,0,0.0
1,1,1.0
1,1,1.0
1,1,1.0
1,1,1.0
0,0,0.0
0,0,0.0
1,1,1.0
1,1,1.0
1,1,1.0
0,0,0.0
0,0,0.0
0,0,0.0
0,0,0.0
0,0,0.0
0,0,0.0
1,1,1.0
0,0,0.0
1,1,1.0
0,0,0.47201391151344124
0,0,0.0
1,1,1.0
0,0,0.0
1,1,1.0
1,1,1.0
1,1,1.0
1,1,1.0
1,1,1.0
1,1,1.0
0,0,0.0
0,0,0.0
0,0,0.0
0,0,0.0
1,1,0.904695146927284
0,0,0.0
1,1,1.0
1,1,1.0
0,0,0.0
1,1,1.0
1,1,0.8650039398574902
0,0,0.0
1,1,1.0
1,1,0.9529250229609821
0,0,0.0
1,1,1.0
1,1,1.0
0,0,0.0
1,1,1.0
1,1,1.0
1,1,1.0
0,0,0.0
1,1,1.0
1,1,1.0
0,0,0.0
1,1,1.0
0,0,0.0
1,1,1.0
1,1,0.9547049080889108
1,1,1.0
1,1,1.0
1,1,1.0
0,0,0.0
1,1,1.0
1,1,0.7676366687798283
1,1,1.0
1,1,1.0
0,0,0.0
1,1,1.0
1,1,1.0
0,0,0.0
0,0,0.0
1,1,1.0
1,1,1.0
1,1,1.0
0,0,0.04325077756230189
1,1,1.0
0,0,0.0
1,1,1.0
0,0,0.0
1,1,1.0
0,0,0.0
0,0,0.0
1,1,1.0
0,0,0.0
0,0,0.04854234092918675
0,0,0.0
1,1,1.0
1,1,1.0
1,1,0.9056199605934502
0,0,0.0
0,0,0.0
1,1,1.0
1,1,0.9538362564957835
1,1,0.9017469197087096
1,1,1.0
1,1,1.0
1,1,1.0
0,0,0.3740894339883334
0,0,0.0
0,0,0.0
1,1,1.0
1,1,0.9490790276217201
1,1,1.0
1,1,1.0
1,1,0.9068658160868694
1,1,1.0
1,1,1.0
1,1,1.0
0,0,0.0
0,0,0.0
1,1,1.0
1,1,1.0
1,1,1.0
1,1,1.0
1,1,1.0
1,1,1.0
1,1,1.0
1,1,1.0
1,1,0.954029287554932
1,1,1.0
1,1,1.0
1,1,0.8066508219808215
0,0,0.0
1,1,1.0
0,0,0.0
0,0,0.0
1,1,1.0
0,0,0.0
0,0,0.0
0,0,0.0
0,0,0.0
1,1,1.0
1,1,1.0
0,0,0.0
1,1,1.0
1,1,1.0
1,1,0.901019881905593
1,1,1.0
1,1,1.0
1,1,1.0
1,1,1.0
1,1,1.0
0,0,0.0
0,0,0.0
1,1,0.95388983119701
1,1,1.0
0,0,0.0
1,1,1.0
1,1,1.0
1,1,1.0
1,1,1.0
0,0,0.0
0,0,0.0
0,0,0.0
0,0,0.0
1,1,1.0
1,1,1.0
0,0,0.0
1,1,1.0
0,0,0.0
1,1,1.0
1,1,1.0
1,1,1.0
0,0,0.0
1,1,1.0
1,1,1.0
1,1,1.0
0,0,0.0
0,0,0.0
0,0,0.0
1,1,1.0
1,1,1.0
0,0,0.0
1,1,0.9524641811690859
0,0,0.0
1,1,1.0
0,0,0.0
0,0,0.0
1,1,1.0
0,0,0.0
0,0,0.0
0,0,0.09108443337836218
1,1,1.0
0,0,0.0
1,1,1.0
0,0,0.0
0,0,0.0
1,1,1.0
1,1,1.0
0,0,0.0
0,0,0.2843223402170729
1,1,1.0
1,1,0.9047545699777603
0,0,0.0
1,1,1.0
0,0,0.0
0,0,0.0
0,0,0.0
1,1,1.0
0,0,0.0
1,1,1.0
0,0,0.09123181746795692
1,1,1.0
0,0,0.0
0,0,0.0
1,1,0.8084048505179522
1,1,1.0
1,1,1.0
1,1,1.0
0,0,0.19432398319573801
0,0,0.0
1,1,1.0
1,1,0.9542640244158876
1,1,1.0
1,1,1.0
1,1,1.0
1,1,0.9079477698086246
1,1,1.0
1,1,1.0
1,1,0.9550270561343658
0,0,0.0
0,0,0.0
1,1,1.0
1,1,1.0
1,1,1.0
0,0,0.0
1,1,1.0
0,0,0.0
1,1,1.0
1,1,1.0
1,1,1.0
1,1,1.0
1,1,1.0
1,1,1.0
1,1,1.0
1,1,1.0
1,1,0.908152262216703
1,1,1.0
0,0,0.0
1,1,1.0
1,1,1.0
1,1,1.0
1,1,1.0
1,1,1.0
1,1,1.0
0,0,0.0
0,0,0.0
1,1,0.9027708855886221
0,0,0.0
1,1,1.0
1,1,0.9489479380350959
1,1,1.0
0,0,0.2378981138734153
1,1,1.0
0,0,0.0
1,1,1.0
1,1,1.0
0,0,0.0
0,0,0.0
1,1,1.0
0,0,0.0
1,1,1.0
1,1,1.0
0,0,0.0
0,0,0.0
1,1,1.0
1,1,1.0
1,1,0.9542764813777185
1,1,1.0
0,0,0.0
1,1,1.0
1,1,1.0
1,1,0.8579382928767068
1,1,0.9537399668425938
0,0,0.0
0,0,0.0
0,0,0.0
1,1,1.0
0,0,0.0
1,1,1.0
0,0,0.04591590376970323
1,1,1.0
1,1,1.0
1,1,1.0
1,1,1.0
1,1,0.9542919132144313
0,0,0.0
1,1,0.9558047030651013
1,1,1.0
0,0,0.0
0,0,0.22763030765974415
1,1,1.0
1,1,1.0
1,1,1.0
1,1,0.9535011192902009
1,1,0.9047512948820182
1,1,1.0
1,1,1.0
1,1,1.0
1,1,1.0
1,1,1.0
1,1,1.0
1,1,1.0
1,1,1.0
1,1,1.0
1,1,1.0
1,1,1.0
0,0,0.0
0,0,0.0
1,1,1.0
1,1,1.0
1,1,1.0
1,1,1.0
0,0,0.0
0,0,0.0
1,1,1.0
1,1,1.0
0,0,0.0
1,1,0.9538949135251766
1,1,1.0
1,1,1.0
1,1,1.0
0,0,0.0
1,1,1.0
1,1,1.0
1,1,0.9539907441326975
1,1,1.0
1,1,1.0
0,0,0.0
1,1,1.0
1,1,1.0
1,1,1.0
0,0,0.0
1,1,1.0
1,1,1.0
0,0,0.0
0,0,0.0
1,1,0.9513409417553649
0,0,0.0
1,1,1.0
1,1,1.0
1,1,1.0
0,0,0.0
1,1,1.0
1,1,1.0
0,0,0.3280066572476537
1,1,1.0
1,1,1.0
1,1,1.0
1,1,1.0
1,1,1.0
0,0,0.0
1,1,1.0
1,1,0.906183925109533
1,1,1.0
1,1,0.9448576409744169
1,1,0.9530887908808353
1,1,1.0
0,0,0.0
0,0,0.0
1,1,0.9533531615271262
1,1,0.9533340469491778
1,1,1.0
0,0,0.0
0,0,0.0
1,1,1.0
0,0,0.0
1,1,0.9541319853546308
0,0,0.09450677730617837
0,0,0.0
1,1,1.0
0,0,0.0
1,1,0.9075941724669033
1,1,1.0
1,1,1.0
1,1,1.0
0,0,0.0
0,0,0.0
1,1,1.0
1,1,1.0
1,1,1.0
1,1,1.0
0,0,0.0
0,0,0.04635752676847886
1,1,1.0
1,1,0.9545725011909771
1,1,1.0
1,1,1.0
0,0,0.0
0,0,0.0
0,0,0.0
1,1,1.0
1,1,0.9070789694829244
1,1,1.0
1,1,1.0
1,1,1.0
1,1,1.0
0,0,0.0
1,1,1.0
0,0,0.0
0,0,0.0
1,1,1.0
1,1,1.0
1,1,0.9546952881858916
1,1,1.0
0,0,0.0
1,1,1.0
0,0,0.0
1,1,1.0
0,0,0.0
0,0,0.0
0,0,0.0
0,0,0.0
0,0,0.0
1,1,1.0
0,0,0.0
0,0,0.0
0,0,0.0
0,0,0.0
0,0,0.0
0,0,0.0
1,1,1.0
1,1,1.0
1,1,1.0
0,0,0.0
1,1,0.8607076598105105
1,1,1.0
1,1,1.0
1,1,1.0
1,1,0.9067573017538372
0,0,0.0
1,1,1.0
1,1,1.0
1,1,1.0
0,0,0.0
1,1,1.0
1,1,0.9012118943939649
1,1,1.0
1,1,1.0
0,0,0.0
0,0,0.2785406781324929
1,1,0.9505382845460048
0,0,0.0
1,1,1.0
0,0,0.0
1,1,0.7583149636716702
1,1,0.9543174528407299
0,0,0.0
1,1,1.0
1,1,0.9548998259376494
1,1,0.9536861259316206
0,0,0.0
1,1,1.0
1,1,1.0
0,0,0.0
1,1,1.0
1,1,1.0
1,1,1.0
1,1,1.0
0,0,0.0
1,1,1.0
1,1,0.9527201902309951
1,1,1.0
0,0,0.19074730503595075
1,1,1.0
0,0,0.0
1,1,1.0
1,1,1.0
1,1,1.0
1,1,1.0
1,1,0.8633780861247455
0,0,0.0
0,0,0.0
0,0,0.0
0,0,0.0
1,1,0.9050532490246563
0,0,0.0
1,1,1.0
0,0,0.0
0,0,0.0
0,0,0.0
1,1,1.0
0,0,0.0
1,1,1.0
1,1,1.0
1,1,1.0
1,1,1.0
1,1,1.0
1,1,1.0
0,0,0.0
1,1,1.0
1,1,0.953601127894364
0,0,0.0
1,1,1.0
1,1,1.0
1,1,1.0
1,1,1.0
1,1,1.0
1,1,1.0
0,0,0.18154173916417102
1,1,1.0
1,1,1.0
1,1,1.0
1,1,1.0
1,1,1.0
0,0,0.0
1,1,0.7266974992261811
1,1,1.0
1,1,0.9522261517430253
0,0,0.0
1,1,1.0
1,1,1.0
1,1,1.0
1,1,1.0
1,1,1.0
0,0,0.0
1,1,1.0
0,0,0.0
1,1,1.0
0,0,0.0
1,1,0.9547994916988743
1,1,1.0
1,1,1.0
1,1,1.0
1,1,1.0
0,0,0.4298584871179552
0,0,0.09296774089288125
1,1,1.0
1,1,1.0
0,0,0.0
0,0,0.0
0,0,0.0
0,0,0.0
0,0,0.0
1,1,1.0
1,1,1.0
1,1,1.0
1,1,1.0
0,0,0.0
0,0,0.0
1,1,1.0
1,1,1.0
1,1,0.9545125407554457
0,0,0.0
1,1,1.0
0,0,0.0
1,1,1.0
1,1,1.0
1,1,1.0
1,1,1.0
1,1,1.0
1,1,1.0
0,0,0.0
0,0,0.0
1,1,0.9525724216287547
0,0,0.0
1,1,1.0
1,1,1.0
1,1,1.0
0,0,0.0
0,0,0.0
0,0,0.0
1,1,0.5763566307222383
1,1,1.0
1,1,1.0
1,1,1.0
1,1,1.0
1,1,0.8579978654304091
1,1,1.0
0,0,0.0
1,1,1.0
1,1,1.0
0,0,0.33058308660762864
0,0,0.0
0,0,0.0
1,1,1.0
1,1,1.0
1,1,0.9538290653008114
1,1,1.0
0,0,0.0
0,0,0.0
1,1,0.8148304322031664
0,0,0.0
1,1,1.0
1,1,0.8602875067439071
0,0,0.0
1,1,1.0
1,1,1.0
0,0,0.0
1,1,1.0
1,1,1.0
0,0,0.0
1,1,1.0
0,0,0.0
1,1,1.0
1,1,1.0
1,1,1.0
1,1,1.0
0,0,0.0
0,0,0.0
1,1,0.9561016037468377
0,0,0.09026573368376371
0,0,0.1779001810593818
1,1,1.0
1,1,1.0
1,1,1.0
1,1,1.0
0,0,0.0
0,0,0.0
1,1,1.0
1,1,1.0
1,1,1.0
0,0,0.0
0,0,0.0
1,1,1.0
0,0,0.0
1,1,1.0
0,0,0.0
1,1,1.0
1,1,1.0
0,0,0.0
1,1,1.0
0,0,0.0
1,1,1.0
1,1,1.0
1,1,1.0
0,0,0.0
0,0,0.0
1,1,1.0
1,1,1.0
1,1,1.0
1,1,1.0
0,0,0.0
0,0,0.0
0,0,0.0
1,1,1.0
1,1,1.0
0,0,0.0
0,0,0.0
0,0,0.0
0,0,0.0
1,1,1.0
1,1,1.0
0,0,0.0
1,1,1.0
0,0,0.0
0,0,0.0
0,0,0.1380893723273425
0,0,0.0
0,0,0.0
1,1,1.0
1,1,1.0
1,1,1.0
1,1,1.0
0,0,0.0
1,1,1.0
0,0,0.0
1,1,1.0
1,1,0.9502377335457408
0,0,0.0
1,1,1.0
0,0,0.0
1,1,1.0
1,1,1.0
1,1,1.0
1,1,1.0
1,1,0.8964350104775616
0,0,0.0
1,1,1.0
0,0,0.0
1,1,1.0
1,1,1.0
0,0,0.0
1,1,1.0
0,0,0.0
0,0,0.0
0,0,0.0
1,1,1.0
1,1,1.0
1,1,1.0
1,1,1.0
0,0,0.0
1,1,1.0
1,1,1.0
1,1,1.0
1,1,0.9540933152343997
0,0,0.14137305454325813
1,1,1.0
1,1,1.0
0,0,0.0
0,0,0.04941931663519471
0,0,0.0
0,0,0.0
0,0,0.0
1,1,1.0
1,1,0.8607415434991755
1,1,0.8126040419577324
0,0,0.0
1,1,1.0
0,0,0.092341430403815
0,0,0.0
0,0,0.0
1,1,0.9073616646227393
1,1,1.0
0,0,0.2825600663506189
0,0,0.0
1,1,1.0
1,1,1.0
0,0,0.0
1,1,1.0
1,1,0.9069993482755132
0,0,0.0
1,1,1.0
1,1,1.0
1,1,1.0
1,1,1.0
0,0,0.0
