y_true,y_pred,proba
1,1,0.999875765757531
0,0,7.282020879945134e-06
0,0,4.965879418775665e-06
0,0,4.035282639589863e-06
1,1,0.9997105897871633
0,0,4.840936413423467e-06
1,1,0.9999227532628552
1,1,0.999663408962623
0,0,7.19720824105852e-06
1,1,0.9998147491808411
1,1,0.9997956731542337
0,0,7.85306482413603e-06
1,1,0.9998465373003124
0,0,4.21403015489961e-06
0,0,3.949783531695488e-06
1,1,0.9995870171564033
1,1,0.9998498486989221
1,1,0.9997829031758504
1,1,0.9998961516881062
0,0,1.094367462572202e-07
1,1,0.9997697996593724
1,1,0.9998585593413303
0,0,9.197437399671463e-08
0,0,4.2288180735660966e-06
0,0,0.0007061266561614372
0,0,0.0009661728833119671
1,1,0.9997321273795217
0,0,3.821154692326269e-06
1,1,0.9998054885927466
1,1,0.9997620892798162
1,1,0.9994856116510452
0,0,5.44549486652506e-06
1,1,0.9998313424282632
1,1,0.9993057601328295
1,1,0.9997612622806605
1,1,0.999637248633957
1,1,0.999595662218624
1,1,0.9998717029275306
1,1,0.9998366288157582
1,1,0.99991355859353
1,1,0.9994048351785084
1,1,0.999721975974237
1,1,0.999740371702034
0,0,5.971856923458452e-06
1,1,0.9997483657670059
1,1,0.9995189392681225
1,1,0.9990199349708025
1,1,0.9998856061017289
1,1,0.9996655793553326
1,1,0.999420979659164
1,1,0.9998721041259635
1,1,0.9998183106107125
1,1,0.9989528652786706
1,1,0.9998801288064558
1,1,0.9998069050626583
1,1,0.999486858456217
0,0,4.5348911009758665e-06
1,1,0.9997662197929443
0,0,0.001481982719359081
0,0,3.997987158839215e-06
0,0,0.0007763357488593114
1,1,0.9998119246637486
1,1,0.9996879380500067
0,0,5.185834604844311e-06
0,0,1.368889863293448e-07
0,0,3.835736923383179e-06
0,0,1.129891152561755e-07
1,1,0.9995110285544327
1,1,0.9997329452660801
1,1,0.9987158292198036
1,1,0.9999082130973633
1,1,0.9998133811474865
0,0,0.0008054856967117816
1,1,0.9997427082836019
1,1,0.999784970760379
1,1,0.9995584364058813
0,0,4.127858666419859e-06
0,0,4.557922263940205e-06
1,1,0.9997904408834055
1,1,0.9999006769357409
1,1,0.9996377660907763
0,0,8.339339331039122e-06
1,1,0.9995418875489157
1,1,0.9998885349864305
1,1,0.9998620247896898
0,0,1.2270065188243817e-07
1,1,0.9994879728301151
1,1,0.9998389891653738
0,0,4.4521788927958455e-06
1,1,0.9996728345610583
1,1,0.999642966712313
0,0,3.896531205350757e-06
0,0,0.0007285887801487624
1,1,0.999409543797508
0,0,5.09906881401757e-06
0,0,0.0024355454718751825
1,1,0.9994689439124383
0,0,0.002088714216175144
1,1,0.9993488282261573
0,0,1.1722014001944032e-07
1,1,0.9998464060669673
1,1,0.9999040053563519
0,0,5.079555792189687e-06
0,0,1.0298921109493918e-07
1,1,0.9998125162846698
0,0,4.868077812928533e-06
1,1,0.9995506083019083
0,0,9.24153979506048e-06
1,1,0.9996043783174497
1,1,0.9997055787771812
0,0,4.106011205789051e-06
1,1,0.9997118888768277
1,1,0.9995232423937258
0,0,4.283277139203867e-06
0,0,5.506142213313014e-06
1,1,0.9997816613075587
1,1,0.9996081408626055
1,1,0.9992658771851176
0,0,0.0017738119002064534
1,1,0.9998245779794758
1,1,0.9998458833293582
1,1,0.9997556174698449
1,1,0.9996106889466501
1,1,0.9994218563916265
1,1,0.9999343620431432
0,0,5.806845801265959e-06
0,0,4.859753467523865e-06
1,1,0.9995251647289289
0,0,1.0362099386420293e-07
1,1,0.9995849603151885
1,1,0.9994363201177482
1,1,0.9992885175123333
1,1,0.9995056476280363
1,1,0.9998737570671472
1,1,0.9994004926257608
0,0,0.000940701671198142
0,0,8.163527715352553e-08
1,1,0.999883319562952
1,1,0.9992029798365554
0,0,1.1766366582622225e-07
1,1,0.999792813939918
1,1,0.9993765910213941
1,1,0.999799397630607
1,1,0.9998498241332158
1,1,0.9998752166295357
1,1,0.9997246787248166
0,0,3.5362382685554076e-06
0,0,0.0011597922355415452
0,0,4.2336149970973746e-06
1,1,0.9989923572322458
1,1,0.9996593342000384
1,1,0.9996946453828736
1,1,0.9996471181695691
1,1,0.999938807822026
0,0,3.7751817551766287e-06
1,1,0.9992707344041657
0,0,2.9717645592193823e-06
1,1,0.9985146520325971
1,1,0.9996228247026713
0,0,4.619662492512462e-06
1,1,0.9998751393307703
0,0,1.0435002270816835e-05
0,0,3.699999575963236e-06
0,0,5.3372973011690135e-06
0,0,6.345473456919559e-06
1,1,0.9995650150190933
1,1,0.9998320606717551
1,1,0.99989462145388
1,1,0.999584869964552
1,1,0.9985174009542476
0,0,3.985895777540364e-06
1,1,0.9985851145443724
0,0,4.434433156845823e-06
0,0,4.801807003188414e-06
0,0,5.593851483019218e-06
1,1,0.9998183032050979
0,0,4.643267330825e-06
1,1,0.9998972618267017
1,1,0.9996633245771214
0,0,1.1204797167236896e-07
1,1,0.9997936117169409
1,1,0.9994822329903514
1,1,0.9999141048074678
1,1,0.9994992329810936
1,1,0.9995316951267582
0,0,6.583395891376169e-06
0,0,0.0006037249830560688
1,1,0.9999096773014785
1,1,0.9999167013795539
1,1,0.9994201721871112
1,1,0.9998538839943818
1,1,0.9997971907099732
1,1,0.999877982609393
1,1,0.9995606204343029
1,1,0.9998104932551563
0,0,1.2155984357563154e-07
1,1,0.9998378504724805
0,0,4.985545202254401e-06
1,1,0.9996514030046699
1,1,0.9996028251475817
1,1,0.9998429253114323
1,1,0.9994483554760603
1,1,0.9996334833425818
1,1,0.9999179042428469
0,0,4.762172246747621e-06
1,1,0.9998828237500029
0,0,1.2699372229105336e-07
1,1,0.9996016278807723
1,1,0.99988688963243
1,1,0.9995386398745477
1,1,0.9990566774480996
1,1,0.9997798170321156
1,1,0.9996943210848265
1,1,0.9998684791370287
0,0,5.488289716067551e-06
1,1,0.9996203216418524
0,0,1.2230248375652413e-07
0,0,9.34407552108736e-06
1,1,0.9996917983395681
1,1,0.99985348266448
1,1,0.9996792234482431
1,1,0.9999310012505316
1,1,0.9997972434976368
1,1,0.9996584906814105
0,0,7.205016580703728e-06
1,1,0.9991642252144998
0,0,0.0007238481375231221
0,0,0.0010335668651604466
1,1,0.9996610847465233
1,1,0.9997380085253188
1,1,0.9998515642779365
1,1,0.9997510525917
1,1,0.999862273699072
0,0,5.482884736631219e-06
0,0,1.1600604041727093e-07
1,1,0.9996747532400962
1,1,0.999643713959604
1,1,0.9997235977347277
1,1,0.9985958065439686
0,0,1.0312596849763412e-07
0,0,0.001411260979795926
1,1,0.9996298032602764
0,0,5.5072153797097835e-06
1,1,0.9996577970633482
0,0,6.623223465068926e-06
1,1,0.9989786622109204
0,0,0.0009083586076202608
1,1,0.9997084524547819
0,0,1.2089028945542342e-07
0,0,5.4685297831761655e-06
1,1,0.9998483407207699
0,0,1.0724207117632467e-05
1,1,0.9996189143065581
1,1,0.9997614664634885
1,1,0.9993856865702928
1,1,0.9999087874225363
1,1,0.9995278303106955
1,1,0.9997893440081307
1,1,0.9997252990256689
1,1,0.999825145689838
1,1,0.9998797902685219
1,1,0.9992346835868448
1,1,0.9997837639173293
0,0,0.0013546765831828002
0,0,4.107070098707449e-06
0,0,0.0013033723719929698
1,1,0.9999106667380582
0,0,3.282727295124482e-06
1,1,0.9998797265175116
1,1,0.9991420271118616
0,0,6.873407514284736e-06
1,1,0.9996256406938863
1,1,0.9995480961092119
0,0,5.163644445624537e-06
1,1,0.9995552734834157
1,1,0.9998949759284406
0,0,5.298436372184937e-06
0,0,5.30671448592331e-06
0,0,6.133790055843426e-06
1,1,0.9997408150538131
1,1,0.9997915055583746
0,0,8.113433738783803e-06
1,1,0.9998715895685872
0,0,1.0842626385397251e-07
0,0,4.073811203325083e-06
1,1,0.9997279558285349
1,1,0.999331533140232
1,1,0.9994642896113813
0,0,5.230697157482524e-06
1,1,0.999851353720257
1,1,0.9996230752442368
1,1,0.9987594623355176
1,1,0.9997082426393432
0,0,8.453110482403374e-06
1,1,0.9995360095166014
1,1,0.9995284710835506
1,1,0.9990825101056722
1,1,0.9999432888790218
1,1,0.9995574335462767
0,0,5.652764927420141e-06
1,1,0.9997904387359628
0,0,9.94590521517477e-06
1,1,0.9992487365987042
0,0,0.0009285877836438094
0,0,3.6637428030270366e-06
0,0,1.3186542462735506e-07
1,1,0.9997766816622539
1,1,0.9998524582437686
0,0,6.472847681785965e-06
1,1,0.9998172412408375
1,1,0.9997649249501872
0,0,3.793059861067771e-06
0,0,5.457906461540896e-06
0,0,3.4616607451359522e-06
1,1,0.999931322286883
1,1,0.9992439655334132
0,0,4.504254869733813e-06
0,0,4.916067490286044e-06
1,1,0.9999286219542501
1,1,0.9994564589333516
0,0,4.823871746241587e-06
1,1,0.9990219951512304
0,0,4.850273404298607e-06
1,1,0.9997025150439076
1,1,0.9997094642040194
0,0,6.584909365124282e-06
0,0,5.5253434978070835e-06
0,0,4.180421862610441e-06
0,0,4.191411999454623e-06
0,0,1.2064395821344435e-07
1,1,0.9995585724643715
0,0,4.273735265544609e-06
1,1,0.9997211842659565
1,1,0.9994944190305401
0,0,4.497482846098596e-06
1,1,0.9998192639976861
1,1,0.9999045711974016
0,0,4.189415935402516e-06
0,0,1.0551320484435759e-05
1,1,0.9997400584425887
0,0,3.970737381399355e-06
0,0,3.833476860778413e-06
0,0,6.307725495118358e-06
0,0,0.0011905112688578418
0,0,3.2938382584968757e-06
0,0,4.661388989095626e-06
0,0,1.2593593889462387e-07
1,1,0.9992619614659118
0,0,0.0007757803952814471
1,1,0.9998477039763488
1,1,0.9986901946629421
1,1,0.9991028533675935
1,1,0.9996368337160652
1,1,0.9994268768312978
1,1,0.9997069416093761
1,1,0.999004397966464
1,1,0.9997165641133912
0,0,0.001203532002956315
1,1,0.9991099383100432
1,1,0.9993079881581874
1,1,0.9996420515588871
1,1,0.999384780957731
1,1,0.999873366951402
0,0,7.2549175281428214e-06
1,1,0.9998387235247077
0,0,1.0395912494895807e-05
0,0,4.5040370967730915e-06
1,1,0.9999014352679076
1,1,0.9997907991827052
0,0,4.9190046407502e-06
1,1,0.9994025249194907
1,1,0.9995361303329501
1,1,0.9999222994576508
0,0,5.634494393456256e-06
1,1,0.9997619497432721
1,1,0.9998568478277503
1,1,0.9994917094687816
1,1,0.9999047783080055
1,1,0.999263909068516
0,0,6.580845067447603e-06
0,0,1.1347047421224067e-07
1,1,0.9997889533195009
1,1,0.9999188407692061
1,1,0.9997223626656949
0,0,6.59744827296351e-06
0,0,3.331690762382542e-06
0,0,8.02563283204873e-06
1,1,0.9994020761710338
1,1,0.9998182028898116
0,0,5.193349523773791e-06
1,1,0.9997374297031296
1,1,0.9998716758899854
1,1,0.9997927983768036
1,1,0.9995365791676312
0,0,5.41746253885946e-06
0,0,5.023603178243924e-06
1,1,0.9991522655504919
1,1,0.9996878890757941
1,1,0.9998384848376202
0,0,5.90104202691677e-06
1,1,0.9995082046020057
1,1,0.9982752421335259
1,1,0.9995457885721559
1,1,0.9994667340369409
1,1,0.9996397817932529
0,0,4.04327629797737e-06
1,1,0.9998498334515028
1,1,0.9998123196728866
0,0,6.260376784924162e-06
1,1,0.9996868137699738
1,1,0.9999132790660987
1,1,0.9993875323880026
1,1,0.9997794364456325
1,1,0.9997919602077402
1,1,0.9995853541860225
1,1,0.9997396369246551
0,0,4.096318031503713e-06
0,0,1.1054685814192571e-07
0,0,5.04383165279405e-06
0,0,3.730613608705142e-06
1,1,0.9991483825805945
1,1,0.9997897990648421
1,1,0.999752743505424
1,1,0.9987629824861001
1,1,0.9995426339468035
1,1,0.9997272340939656
0,0,4.418779324035592e-06
0,0,0.0006229630878164499
0,0,4.677318730297172e-06
1,1,0.9992536121918073
1,1,0.9997172189695378
0,0,5.3572333042338106e-06
1,1,0.9999161871072144
1,1,0.999437702498077
1,1,0.9989150775143179
0,0,1.1072864993384854e-07
0,0,5.058514245165878e-06
1,1,0.999225844969329
0,0,4.010617157734317e-06
1,1,0.9998161304999477
1,1,0.9993938829111035
0,0,4.381701169764372e-06
0,0,1.1436395456693724e-07
1,1,0.9999541961259024
0,0,5.306687572170115e-06
1,1,0.9988867609358061
0,0,1.0400061819240928e-05
0,0,4.061075828153731e-06
0,0,9.094396313968149e-06
0,0,9.050766585660115e-06
1,1,0.9999142516679884
1,1,0.9998528045018774
0,0,5.122785280979036e-06
0,0,8.737974996342119e-06
0,0,6.9913054686149775e-06
1,1,0.9995956484837472
1,1,0.9994835454144005
1,1,0.999834946319333
0,0,0.0005606209236933524
0,0,3.5064234156108496e-06
0,0,3.600549940113824e-06
0,0,5.016693884556308e-06
1,1,0.9995226661488453
1,1,0.9994479976195553
1,1,0.999520659082185
0,0,4.808348610081892e-06
0,0,3.783678771114837e-06
0,0,1.1481057325389545e-07
1,1,0.9996327674645602
1,1,0.9997294678138491
0,0,5.430062231740623e-06
0,0,1.213931987412749e-07
1,1,0.999745494820022
0,0,4.677271034196394e-06
0,0,3.791302232046395e-06
0,0,1.2790778208003274e-07
0,0,4.091797742668358e-06
1,1,0.9991702768102597
1,1,0.9990133208370803
1,1,0.9997083816743517
0,0,1.0511958866822536e-07
1,1,0.9993213777194464
0,0,9.867066833510284e-06
0,0,6.896166213951871e-06
1,1,0.9998422791921514
0,0,3.7887026370810767e-06
1,1,0.999552538938306
1,1,0.9992936013651021
1,1,0.9985812107711171
0,0,0.001498124353651924
0,0,2.9359606297997708e-06
0,0,5.900250753711805e-06
0,0,0.0008054976455445581
1,1,0.9999331654690253
0,0,1.0819410428740011e-07
1,1,0.9994899242192483
1,1,0.9996716030603208
1,1,0.9997655498229355
0,0,0.0009650993687547484
0,0,4.073128319479665e-06
1,1,0.9995817314206248
0,0,5.5539631413312895e-06
1,1,0.9994497006430596
1,1,0.9996314162682578
0,0,3.89541634439383e-06
1,1,0.9994451098855759
1,1,0.999533043515039
1,1,0.9998482107427354
1,1,0.9994084945896701
1,1,0.9998523900314272
1,1,0.9996738328815039
1,1,0.9997840905089751
1,1,0.9998117715490057
0,0,7.34330437891828e-06
0,0,1.405306976992334e-07
1,1,0.9996440367831125
1,1,0.9997953626392851
1,1,0.9997609518285426
0,0,3.7044575835192226e-06
1,1,0.9995797812762431
0,0,0.001263987128318069
1,1,0.9998091659680027
1,1,0.9994098939819682
1,1,0.999767626896696
1,1,0.9994963245725731
0,0,5.5803931853957415e-06
0,0,3.445224962272453e-06
1,1,0.9992697308355509
1,1,0.9999428204191452
1,1,0.9998119074743375
1,1,0.9993512557243213
1,1,0.9994381908388725
0,0,3.6519400553669955e-06
0,0,5.012979324132106e-06
1,1,0.9998772953947831
1,1,0.9991628495039252
1,1,0.999406319251162
1,1,0.9998211921985384
1,1,0.9993980411737546
1,1,0.9998317416914839
1,1,0.9996303604055442
0,0,4.76332982310535e-06
1,1,0.9990157476912047
0,0,8.146246243526068e-06
1,1,0.9997325972172403
1,1,0.9999367858171808
1,1,0.9998407308388304
0,0,4.413706339803486e-06
0,0,4.127583402106763e-06
0,0,0.0015058569582034119
1,1,0.9997191126809974
0,0,4.8134695932078795e-06
1,1,0.9998894814897594
1,1,0.999948967069599
0,0,4.991120240678883e-06
1,1,0.9994278275208156
1,1,0.9998410119725678
1,1,0.9997490194194627
1,1,0.9996533580902732
0,0,0.0006322120872631953
0,0,3.6395914928258735e-06
1,1,0.9997863730526699
1,1,0.9998137194715266
1,1,0.9995342058474145
0,0,5.29540740884937e-06
0,0,4.260058718576295e-06
1,1,0.9997533969484701
0,0,1.2544941145724494e-07
0,0,4.76665654712196e-06
0,0,1.1575404667547558e-07
1,1,0.9994626399949489
1,1,0.9998577342863677
1,1,0.9995714285576811
0,0,5.031511456292848e-06
0,0,0.001642277965070551
1,1,0.9997124229348706
0,0,3.3634644686952247e-06
1,1,0.9996492182858295
1,1,0.9995130448402871
1,1,0.9998680773458237
1,1,0.9996315053138645
1,1,0.9993098721887689
1,1,0.9987457374384239
1,1,0.9998577756045485
0,0,5.7409739884543144e-06
0,0,4.01422348166981e-06
1,1,0.9998433001419625
1,1,0.9996073061889778
0,0,4.113097491887406e-06
1,1,0.9996532343447795
0,0,5.6869539902251415e-06
1,1,0.9995040560743251
1,1,0.9991012864246354
1,1,0.9995096700996221
1,1,0.9998571716438327
1,1,0.9998297506933596
1,1,0.9996951038417426
0,0,5.821632821313773e-06
1,1,0.9988822392092281
1,1,0.9998229751562465
1,1,0.9997455893178594
0,0,5.233418849231714e-06
1,1,0.999532351780781
0,0,1.0766926401522032e-07
1,1,0.9997289863814047
1,1,0.9998435902222323
1,1,0.9997614272757059
1,1,0.999750148963029
0,0,0.0010444705822820358
1,1,0.9999202343503099
1,1,0.999934296241647
0,0,0.0008221660056673222
0,0,1.0118515063039685e-07
0,0,0.0008639777194037065
1,1,0.9994772323364367
1,1,0.9997441040476757
1,1,0.9996655097299717
0,0,6.547644911222887e-06
1,1,0.9996614836576572
0,0,6.325827827342323e-06
0,0,2.735674945511057e-06
0,0,0.0014641953442816244
1,1,0.9992285973546197
1,1,0.999870953912641
0,0,4.748341390231392e-06
1,1,0.9989840886993461
1,1,0.999871445166654
1,1,0.9998731181535251
0,0,4.053295106613833e-06
1,1,0.9998151601107618
0,0,0.0006700972242442907
1,1,0.9998194435866028
1,1,0.9997418659875582
0,0,3.6540482606103468e-06
0,0,3.587346043979674e-06
1,1,0.9998190801726969
1,1,0.9999265509966078
0,0,5.1297992441003715e-06
1,1,0.9998193313989423
0,0,5.001773125411304e-06
0,0,3.577521448851013e-06
0,0,5.285384077146275e-06
0,0,3.5735601771696665e-06
1,1,0.998871671883442
1,1,0.9995060090849724
1,1,0.9996727225814447
1,1,0.9996785801832602
0,0,4.133461213813101e-06
1,1,0.9998864691123409
1,1,0.9997565964461193
1,1,0.9994400726232545
1,1,0.9996282594270596
1,1,0.9992506566603502
1,1,0.9991852767111867
1,1,0.9997443108426447
1,1,0.9994204591794585
1,1,0.9997047180242984
1,1,0.9995107973804336
1,1,0.9995887429283508
0,0,4.523544193960168e-06
1,1,0.9995272760854258
1,1,0.9998113756728446
0,0,0.0014432321501979268
0,0,3.941857921203341e-06
1,1,0.9996399348253772
1,1,0.9996611003167388
0,0,0.0012347570558755583
1,1,0.9994349581871145
0,0,4.745386748127342e-06
1,1,0.9998159096188334
0,0,4.668616265260675e-06
1,1,0.9995821192884894
1,1,0.9998175200926098
0,0,4.911784648133609e-06
0,0,3.5606212877712795e-06
1,1,0.999676320351426
1,1,0.9998259165018548
0,0,8.090855741184433e-06
0,0,5.236771131408596e-06
1,1,0.9988336162118626
1,1,0.9997897718173416
1,1,0.9999392050304732
0,0,3.820418971928561e-06
1,1,0.9994080288099854
1,1,0.9998830813494107
1,1,0.9997824014386336
1,1,0.9995562468532556
1,1,0.9993278191713731
0,0,1.2062067973870332e-07
0,0,4.811563632588988e-06
0,0,0.0006415172925740813
0,0,3.3559271903377756e-06
1,1,0.9994498864900461
0,0,4.066669077384661e-06
1,1,0.9993270340859033
1,1,0.9994072744557091
1,1,0.9998017873354058
1,1,0.9989247643252326
1,1,0.9996405056665372
1,1,0.9992388107808788
0,0,3.7006921847436755e-06
0,0,1.066123427814144e-07
1,1,0.9998959396422232
1,1,0.9998707458652145
1,1,0.9996438822418936
1,1,0.9997003803218416
1,1,0.9992792446819456
0,0,4.097815068647334e-06
1,1,0.9997462401474265
0,0,8.27220889378916e-08
0,0,3.4186897266605855e-06
0,0,4.063928044810316e-06
0,0,1.1709151519566444e-07
0,0,0.0015408442340562412
1,1,0.9987612661047506
1,1,0.9997604079946089
0,0,1.1044345364042739e-07
1,1,0.9996965470620695
0,0,5.832746348217818e-06
1,1,0.9997206212531758
0,0,3.963607295956419e-06
0,0,2.8445685447744076e-06
0,0,4.7992626663805844e-06
0,0,5.158428418851605e-06
0,0,5.967771635060457e-06
1,1,0.9995597311495771
1,1,0.9999044976902071
1,1,0.9992335347726502
0,0,8.254012353332509e-08
1,1,0.9996885058061185
1,1,0.9994036834890091
0,0,0.0016304217568775408
1,1,0.9994714844756504
1,1,0.9989667574839081
1,1,0.9998221014524796
1,1,0.9998866362634812
0,0,4.626382892625085e-06
1,1,0.9998511032240005
1,1,0.9990081074822877
1,1,0.9995328525115459
0,0,5.449979915118406e-06
1,1,0.9997483701663772
0,0,3.972983185909229e-06
1,1,0.9992863826670317
1,1,0.9998244914288831
0,0,4.023120702998719e-06
1,1,0.9996755633013181
1,1,0.9997816806773361
0,0,1.0246032584678901e-07
1,1,0.9997033868905396
1,1,0.999769848508223
1,1,0.9994039171284782
1,1,0.9991564221385566
1,1,0.9993004209711056
1,1,0.9978265469430093
0,0,0.0015778808827825548
0,0,3.861691502051196e-06
1,1,0.9996076828172524
1,1,0.9995623941633486
0,0,5.337895099427441e-06
1,1,0.9998573585616611
0,0,4.526995669381128e-06
1,1,0.9998345746726311
0,0,1.1234105051030749e-07
1,1,0.9994038764147081
1,1,0.9998580593107138
1,1,0.9997919593034551
1,1,0.9992143549945592
1,1,0.9997268436926059
0,0,4.133653848263141e-06
0,0,8.584276586091523e-06
0,0,5.852140301080064e-06
0,0,0.0008282369919170465
1,1,0.9995715339505578
0,0,5.837798511516418e-06
1,1,0.9998860802802815
0,0,1.1571019709456618e-07
0,0,4.458684582694246e-06
0,0,4.031888859538605e-06
1,1,0.9998224858613444
1,1,0.9998063267195568
0,0,3.4719812735420965e-06
0,0,7.267929387289627e-06
1,1,0.9997061068153729
1,1,0.9998072509670676
1,1,0.9998542723263673
1,1,0.9996664042274123
1,1,0.999887007673253
1,1,0.9996160551441094
1,1,0.9997665937487222
1,1,0.9997713588813888
0,0,0.0011549900092840406
0,0,3.9878306779201035e-06
1,1,0.9999161398565166
1,1,0.9999127194886251
1,1,0.9999026419095263
1,1,0.999788364098058
1,1,0.9998084689012315
1,1,0.9998342442005748
1,1,0.9997933723803394
0,0,3.7654092832451604e-06
1,1,0.9998694606261506
0,0,0.0011617021539225565
1,1,0.9995041357567662
1,1,0.999768808974495
1,1,0.9996562973724993
0,0,3.588983342744254e-06
0,0,5.3445831947019526e-06
0,0,1.0141942537905207e-07
0,0,4.766072730664919e-06
0,0,1.1466398453097158e-07
1,1,0.999278034208192
0,0,4.447830526611223e-06
0,0,1.1282004309931382e-07
1,1,0.9998621965336363
1,1,0.9997631318539683
1,1,0.9996969129878277
0,0,4.295072194889131e-06
1,1,0.9996258178132617
1,1,0.9992696064446477
1,1,0.999395512406887
0,0,5.6718602031124195e-06
0,0,5.40522357578425e-06
0,0,0.0008081295906066026
1,1,0.9997127669677406
1,1,0.9983544493606538
1,1,0.9997033041620773
1,1,0.9998880724632256
0,0,1.0845722539346238e-07
1,1,0.9998224344655593
1,1,0.9982520744408344
1,1,0.99932562458778
0,0,5.250353165519335e-06
0,0,6.471719288587401e-06
1,1,0.9997878274609789
1,1,0.9998043838125511
0,0,1.0110376066989798e-05
0,0,0.0008189981371929155
1,1,0.9997008060402128
1,1,0.9996892008649619
0,0,4.880261825703131e-06
0,0,3.7639954287826943e-06
1,1,0.9995803680675424
0,0,7.763099183842056e-06
0,0,1.1190663929798828e-07
1,1,0.999708994088726
1,1,0.9989618578063811
1,1,0.9998802737244774
0,0,4.1611254184617544e-06
1,1,0.9998480626076266
1,1,0.9994645225569759
0,0,4.89977421408547e-06
1,1,0.99937658961952
1,1,0.9994911828907405
1,1,0.9996628353000707
1,1,0.9998754319889104
1,1,0.9991535345554975
0,0,1.0224987502242275e-07
1,1,0.9994157932107854
1,1,0.9998178615663503
1,1,0.9994396552707255
1,1,0.9994223236090068
0,0,5.158218143819811e-06
0,0,1.0946766054919575e-07
1,1,0.999348537658986
1,1,0.9998220014257815
0,0,6.500052794553544e-06
1,1,0.9995239386273328
1,1,0.9995272287551753
1,1,0.9993768226909155
1,1,0.9999292164546136
1,1,0.9995213800452367
1,1,0.9998781013336404
1,1,0.9997323539724471
0,0,5.5551381294009576e-06
1,1,0.999235718267215
1,1,0.9999102290412791
0,0,0.0010444819057581648
0,0,6.073785347187931e-06
1,1,0.9996926784889711
1,1,0.9997399163402967
1,1,0.9999398257463916
0,0,2.79059962070716e-06
0,0,5.0053053405141164e-06
1,1,0.9989994729691575
0,0,4.921576316464162e-06
0,0,4.83217242284608e-06
1,1,0.9999386944940147
1,1,0.9994050935418485
1,1,0.9997688224249196
0,0,5.1338036881228584e-06
1,1,0.9998998859723712
0,0,0.0007321805255264174
1,1,0.9996534217123263
0,0,4.424101016801379e-06
1,1,0.9997872903679976
1,1,0.9998930355142747
0,0,3.3751464064966896e-06
0,0,3.539922594375478e-06
0,0,9.230358910225936e-06
1,1,0.9996542535815539
0,0,4.556079704109715e-06
1,1,0.9989705623440245
1,1,0.999898570203322
0,0,4.971201337381483e-06
1,1,0.9997790525746503
1,1,0.9992313192141883
1,1,0.9999085494198696
0,0,4.377267408696251e-06
1,1,0.9990697241120019
0,0,0.0005037061700911899
1,1,0.9999547945719119
1,1,0.9997425305764079
1,1,0.9995317616317057
1,1,0.9994228252742229
1,1,0.9996512512412933
1,1,0.9996841079860666
1,1,0.999638625842713
1,1,0.9998532718801187
1,1,0.9984943711187377
0,0,5.667841647006939e-06
1,1,0.9996736506122145
1,1,0.999603221405381
1,1,0.9997990609651073
1,1,0.9997757736308681
1,1,0.9996624397601785
1,1,0.9995863313265411
1,1,0.9998338866746763
1,1,0.9998323187812307
1,1,0.9998534845744473
1,1,0.9997061564963315
0,0,7.046919059630582e-06
0,0,4.407031905407646e-06
0,0,1.1012884698302277e-07
0,0,0.0005775226088281094
1,1,0.9998314943987565
0,0,5.017081844552963e-06
1,1,0.9996249831671918
0,0,1.1062023501514533e-07
1,1,0.9998544990875774
1,1,0.9996178510587911
1,1,0.9995015907412014
0,0,1.2348602012293518e-07
0,0,5.019004753724147e-06
1,1,0.9993594512486369
0,0,0.0009110602220982465
0,0,3.907331001640139e-06
1,1,0.999813897455989
1,1,0.999875029922369
0,0,0.0008893549611408744
0,0,4.587935715816604e-06
1,1,0.9994042225519717
1,1,0.999890559347846
0,0,8.474374681983721e-06
1,1,0.9996547559058072
0,0,3.5982737293994157e-06
1,1,0.9998815197183247
0,0,3.273105148745278e-06
0,0,7.080536566190036e-06
0,0,5.860975792074329e-06
1,1,0.9999266865761811
0,0,5.790591240731399e-06
1,1,0.999626636424222
0,0,9.748788451139918e-06
1,1,0.9998144624304148
1,1,0.9986777834650648
1,1,0.9998224069616557
0,0,1.207320515648978e-07
0,0,0.001177521964009453
0,0,9.25717286849381e-08
0,0,4.7941173993020304e-06
0,0,4.1616798044174715e-06
1,1,0.9995277408876505
0,0,0.0012606059300509227
1,1,0.9999269348674152
1,1,0.9984188594210572
1,1,0.9997436002528401
0,0,4.66018195189472e-06
1,1,0.9995299269175972
1,1,0.9996711376985473
0,0,7.02855247535567e-06
0,0,1.347539193379534e-07
1,1,0.9994328741595131
0,0,6.008059851231042e-06
1,1,0.9997237069959842
1,1,0.999196514893032
1,1,0.9998346900112597
1,1,0.999656207531121
1,1,0.9998802708981144
0,0,3.911433594518502e-06
1,1,0.9995452810645346
0,0,1.0999662215940262e-07
1,1,0.9997239043452184
0,0,4.568290370556745e-06
1,1,0.9998614617648062
1,1,0.99946482741207
1,1,0.9995035096333706
0,0,1.0519621125389393e-05
1,1,0.9997667825158892
1,1,0.9997509770328429
1,1,0.9996301094171509
0,0,1.221447406111885e-07
1,1,0.9997079703066788
1,1,0.9998811011501754
1,1,0.9995675234879582
1,1,0.999224507018642
1,1,0.999815818373316
1,1,0.9997361852439297
1,1,0.9996827887557361
0,0,5.18451797514424e-06
1,1,0.9997202723086552
1,1,0.9996338676323111
0,0,4.2080864275397756e-06
1,1,0.9985387309707989
1,1,0.9997197974189581
1,1,0.9995436832551653
0,0,4.863623142808001e-06
1,1,0.9990010099434338
1,1,0.9998547061180166
1,1,0.9994967944339025
0,0,4.393609606912394e-06
0,0,1.1663952111195945e-07
1,1,0.9997680173197021
0,0,1.2071831427521375e-07
0,0,1.0653605135542849e-07
0,0,1.112400311344619e-07
1,1,0.9997657795438539
1,1,0.9997041775958876
1,1,0.9988794254629799
1,1,0.9996976483561258
1,1,0.9991862006221777
0,0,3.5665573646670975e-06
1,1,0.9996485269721663
0,0,0.0006295975625157684
0,0,4.3493348432810086e-06
1,1,0.9997840518449497
1,1,0.9996807055507715
1,1,0.9994710906574428
0,0,5.2968958906112005e-06
1,1,0.9997967053412098
0,0,3.3140041947294395e-06
1,1,0.9992758159554352
0,0,5.6263746460562775e-06
1,1,0.9994230148611806
1,1,0.9999151819863952
1,1,0.9998811551213932
1,1,0.9996224026597517
1,1,0.9997317795745128
0,0,5.959478517041148e-06
1,1,0.999615837559538
1,1,0.998677119589561
0,0,9.489520352322583e-08
1,1,0.9995924957414474
0,0,4.01682848851678e-06
1,1,0.9997217322235875
1,1,0.9997993628822708
0,0,0.00048556315157766963
1,1,0.9998718183107814
1,1,0.9997626407908258
0,0,5.829647654180545e-06
1,1,0.9991439442443992
1,1,0.9999305739936675
1,1,0.9999535142633053
1,1,0.9999209995862334
0,0,1.0739983296855885e-05
1,1,0.9997975259892333
0,0,3.865062813157799e-06
0,0,6.717550724277898e-06
1,1,0.9994442890989051
0,0,4.958508253526188e-06
1,1,0.9994689643436725
0,0,1.0242282216070732e-07
1,1,0.9999136401352602
1,1,0.9995736994628244
1,1,0.9994619584709956
1,1,0.9995394099314111
1,1,0.9998078273676464
0,0,1.1778658190165291e-07
0,0,0.0007853011942500624
1,1,0.9998906290264087
0,0,0.002577770493076678
1,1,0.9990755105430279
1,1,0.9996698505072354
0,0,4.29143295385275e-06
1,1,0.9997594353018403
0,0,0.0008363936888619456
0,0,1.1749314777609293e-07
1,1,0.9998207275638209
1,1,0.9997285375402969
1,1,0.9991723708959743
1,1,0.9998329525319612
1,1,0.9997735056524002
0,0,0.0008930754402402055
0,0,3.7155216142885143e-06
1,1,0.9998584229537052
0,0,1.1185501543134084e-07
1,1,0.9997276528569455
0,0,3.107647791661107e-06
1,1,0.9993890959550604
1,1,0.9992674672895655
1,1,0.999416847352895
0,0,4.862058847137873e-06
1,1,0.998877669445015
0,0,6.235717167161235e-06
1,1,0.9998767494400571
1,1,0.9997615365478946
0,0,0.0009148993868653141
1,1,0.9997740631550845
1,1,0.9994250825040739
1,1,0.999411305322736
0,0,6.948548190734152e-06
1,1,0.9998480464646861
1,1,0.9998316275057642
1,1,0.9994701756372814
1,1,0.9997699997734829
1,1,0.9993002586651171
1,1,0.9996574895182441
0,0,9.873047424895329e-08
1,1,0.999922906803071
0,0,1.1693738786292266e-07
0,0,5.3412800260827816e-06
1,1,0.99843969470524
1,1,0.9994007599321141
0,0,1.0748533540876752e-07
0,0,8.640828829198444e-06
1,1,0.9994536231029233
1,1,0.9998288766745332
0,0,1.1531716764566076e-07
1,1,0.9992187268492704
0,0,6.8528765072699e-06
0,0,4.054051377542766e-06
0,0,3.986257156795103e-06
0,0,5.54290875486395e-06
1,1,0.9995642193716779
1,1,0.9997303016197631
1,1,0.9996443053765248
1,1,0.9998334307508256
1,1,0.9998738344420931
0,0,0.0022724348303610926
1,1,0.9992662741451335
1,1,0.9997195364193503
1,1,0.999763066583155
1,1,0.9990182355498849
0,0,8.649967014954107e-06
1,1,0.9995547303119332
0,0,1.2222671105831447e-07
1,1,0.9993624264649453
1,1,0.9998247468412675
0,0,3.83602509682235e-06
0,0,0.00043423613382571224
0,0,3.8685791314986656e-06
0,0,4.17709015763467e-06
1,1,0.9996201180404739
0,0,9.04707373829277e-06
0,0,4.690621634161544e-06
0,0,5.542845667550069e-06
0,0,4.793081229132485e-06
0,0,5.487142169945965e-06
1,1,0.9994703159844598
1,1,0.9994674707211898
0,0,5.194544339961309e-06
0,0,1.1162109516681365e-07
0,0,4.881984682958374e-06
1,1,0.9992241727230585
0,0,3.3007402691973526e-06
1,1,0.999776048296796
0,0,3.6596503403771365e-06
1,1,0.9997229897162244
0,0,8.16523298246707e-06
1,1,0.9998748251958645
0,0,5.77290618902001e-06
1,1,0.9987237265857433
1,1,0.9999084590572243
0,0,3.7777441455628354e-06
1,1,0.9998972808500226
0,0,5.390190334344779e-06
1,1,0.999534964164704
1,1,0.9992727913500478
1,1,0.9997190307236273
0,0,1.1686363061178768e-07
0,0,5.010856986078586e-06
0,0,1.007230435246146e-05
1,1,0.9997822320162918
0,0,4.8624950923025085e-06
0,0,6.87633168414036e-06
1,1,0.9998589713153259
1,1,0.9998698324167489
1,1,0.9998003913563879
1,1,0.9997203056562585
0,0,1.2146715947218088e-07
1,1,0.9999065801910092
0,0,5.0279536631533326e-06
1,1,0.999706035659558
0,0,0.0011744051039514923
1,1,0.9992538013642864
1,1,0.9996502690936496
0,0,5.887164457371734e-06
0,0,2.9129402420085345e-06
1,1,0.9999200671037596
1,1,0.9996958501695205
0,0,4.255927761849257e-06
1,1,0.9997505770177783
1,1,0.9996043210725771
0,0,3.4957800565958277e-06
1,1,0.999569474796815
1,1,0.9988607902180785
1,1,0.9995852569184877
1,1,0.9997035249941155
0,0,4.0349314026071645e-06
0,0,5.810197357621253e-06
0,0,6.7999571174255226e-06
0,0,1.198580100901299e-07
0,0,5.773556663769669e-06
1,1,0.9997929840818864
1,1,0.9993465875018808
0,0,5.91508503302952e-06
1,1,0.9989031516872663
1,1,0.999851786057942
0,0,1.0167096356691606e-07
1,1,0.9998534961703669
0,0,9.964169586688803e-06
1,1,0.999576953743619
0,0,1.0979529887886898e-07
1,1,0.9993388088132732
1,1,0.9998048798784666
1,1,0.9999359375524054
0,0,1.0231530468942143e-05
0,0,6.280956799328811e-06
1,1,0.9997316285316589
1,1,0.9996445628417451
1,1,0.9996894793913643
1,1,0.9996175050296827
1,1,0.9997843733012385
1,1,0.999779661762166
0,0,0.0008999090639671094
1,1,0.9998980732274888
1,1,0.9997649004718786
1,1,0.9989909141316948
0,0,7.143498902924837e-06
0,0,3.81573493489869e-06
0,0,1.1443052944026549e-07
1,1,0.9998473672053642
0,0,1.0312791412226107e-07
1,1,0.9991200575394755
1,1,0.9999216545951698
1,1,0.9998451584745006
1,1,0.9998277938348913
1,1,0.9997610209365131
1,1,0.9993950476603425
1,1,0.9986149879440922
1,1,0.9994391209456478
1,1,0.999565309410251
0,0,9.271418317117086e-06
1,1,0.9991775700716837
1,1,0.9998806124943295
1,1,0.9997150203869456
0,0,4.0028855670876705e-06
1,1,0.9989974046774626
0,0,1.0116914050991269e-07
1,1,0.9994991737448743
1,1,0.9995543916695042
1,1,0.9994720555132375
1,1,0.9998208792768503
0,0,4.986939666279807e-06
1,1,0.9998912650952597
0,0,0.0007018528596628576
1,1,0.9993704327565169
1,1,0.9997429703329365
1,1,0.9995133841582966
1,1,0.9999617112940141
1,1,0.9996577205705764
0,0,5.852455705370779e-06
0,0,4.60383962794817e-06
0,0,7.94979168224786e-06
0,0,4.0918573275577725e-06
1,1,0.9990220030075643
0,0,1.0948766324738358e-07
0,0,0.000774013254915129
0,0,0.000867994600575816
1,1,0.9998028029386294
1,1,0.9998868631274515
0,0,8.511142010662555e-06
1,1,0.9995981978815812
0,0,0.001314228448453694
1,1,0.9997122459102809
1,1,0.9996953627067976
1,1,0.9994787465541166
0,0,9.175395499386727e-08
1,1,0.9998789534936089
1,1,0.9997670760790827
0,0,0.0006466644863495696
0,0,0.0016632535201872285
1,1,0.9995442513259168
0,0,5.203327762838035e-06
1,1,0.999842322000438
1,1,0.9995805720576176
0,0,1.1002143578392331e-07
0,0,8.332252703650105e-08
1,1,0.9994131893222755
1,1,0.9997960854865156
0,0,5.773718655485736e-06
1,1,0.9997712209537014
0,0,0.0007516206086230518
1,1,0.9997181553104001
0,0,4.494132393495782e-06
0,0,1.1045175406861432e-07
1,1,0.9999114950947796
1,1,0.9997632663465411
1,1,0.9998061543706865
0,0,4.459544919245763e-06
1,1,0.9997900095629978
1,1,0.9996096074041657
1,1,0.999672138007285
1,1,0.9997149023259083
1,1,0.9998744631774575
0,0,1.0147589203700271e-05
1,1,0.9994704383642319
1,1,0.9995593263604249
1,1,0.9992773369721876
1,1,0.9997640128644546
1,1,0.9997372875982319
1,1,0.9995297669058048
1,1,0.9994338964388005
0,0,0.0012862863881526435
1,1,0.999307679212449
1,1,0.9997215043747606
1,1,0.9994246430171786
0,0,4.342563121470088e-06
1,1,0.9998857652968284
0,0,8.835809122746876e-06
1,1,0.9992989019985888
1,1,0.9997425191041424
0,0,5.050392422594677e-06
0,0,5.497453212793073e-06
0,0,4.221400412229728e-06
0,0,1.186888539906264e-07
1,1,0.9992075269709291
1,1,0.9997225011818592
0,0,5.4286789820615255e-06
1,1,0.9997104076458828
0,0,5.271391893047466e-06
0,0,6.043719710729715e-06
0,0,5.881194757346931e-06
0,0,1.2045174899552294e-07
1,1,0.9997197340736365
1,1,0.9999532736256878
1,1,0.9995092153162757
0,0,1.1566012831755613e-07
1,1,0.9994407887757956
1,1,0.9998110210287415
1,1,0.9999469675335902
1,1,0.9995992268264438
0,0,4.195075821434743e-06
1,1,0.9988767215853354
1,1,0.9998079627874547
0,0,0.002143530873186598
1,1,0.999844999130423
0,0,4.351686261010484e-06
1,1,0.9994732381195441
0,0,3.71647598999465e-06
0,0,0.0018586474766839017
0,0,3.869754660395242e-06
0,0,8.936664422204286e-08
1,1,0.9997128795227797
1,1,0.9997288395682253
0,0,4.920978671942259e-06
0,0,1.1020693037592312e-07
1,1,0.9998266808213264
0,0,1.0921296480416877e-07
1,1,0.9997134719602929
0,0,3.2954953106798885e-06
1,1,0.9998218401406765
1,1,0.9995188751378458
1,1,0.9997242589711656
0,0,1.2121911566365962e-07
0,0,7.784900215452707e-06
1,1,0.9997296116283028
1,1,0.9998050959053836
0,0,5.190267829937026e-06
0,0,1.091070363236648e-07
1,1,0.9992634035759315
1,1,0.9999022496219191
0,0,1.2247490145386905e-07
1,1,0.9997704562470492
1,1,0.9999364548432204
1,1,0.9998089235744405
0,0,5.45111408334581e-06
1,1,0.9993261706072588
1,1,0.9997951220996213
1,1,0.9995393754592237
1,1,0.9997686412845552
0,0,1.212282677751975e-07
0,0,0.0009193117348603299
1,1,0.9997143065306401
1,1,0.9996627585643665
1,1,0.9995275560658542
0,0,3.7433208092662002e-06
1,1,0.9994303218381186
0,0,1.0230825700103985e-05
1,1,0.999760110663493
1,1,0.9992857514551884
1,1,0.9999567999391915
0,0,0.00038398976763083184
0,0,4.902846866958587e-06
1,1,0.9997416121423286
1,1,0.9997473552330495
1,1,0.9998762890205839
0,0,1.008698719057796e-07
0,0,1.1999065935049078e-07
1,1,0.9994552134890312
1,1,0.9998457373539644
1,1,0.999655537169648
1,1,0.9995755009191124
0,0,5.381407394968067e-06
1,1,0.9998726207373533
0,0,1.2396925194252665e-07
0,0,4.191900453436653e-06
1,1,0.9998708469075532
1,1,0.9998672611013306
0,0,1.1599941864271759e-07
1,1,0.9998331034398379
0,0,0.0005697343089314989
1,1,0.9996688945608202
1,1,0.9998322421646053
1,1,0.9996264816656097
1,1,0.9996035283103707
1,1,0.9997246740222312
1,1,0.9995809438167046
0,0,1.0379721109219178e-07
1,1,0.9996606467392694
0,0,1.1849797419929578e-07
1,1,0.9996107970636761
1,1,0.9996904711162465
0,0,1.089616455972277e-07
0,0,3.940835524563488e-06
1,1,0.9997583908084232
0,0,6.1607695799148865e-06
0,0,0.0016373969963048966
1,1,0.9998729280875648
1,1,0.999924492207724
1,1,0.9996605799915905
0,0,4.334493967768551e-06
1,1,0.9996005109248091
1,1,0.9999071609310863
1,1,0.9998642947003312
0,0,1.1457522732484151e-07
1,1,0.9992812045348954
0,0,4.888789164207037e-06
1,1,0.9998238130782574
1,1,0.9999106020255838
0,0,4.115862448704817e-06
0,0,4.970931786551605e-06
1,1,0.9997956980795959
1,1,0.9998694387871063
1,1,0.999446537845031
1,1,0.9997080214805729
1,1,0.9992159250484111
1,1,0.9998759362855046
1,1,0.9996795514542391
1,1,0.9996390692256787
1,1,0.9997283039772423
0,0,1.2217005495630517e-07
0,0,4.754850781540692e-06
1,1,0.9998034443220207
1,1,0.9989302909269194
0,0,3.392916253408163e-06
0,0,0.0017747671032178921
0,0,1.2216012845528817e-07
0,0,3.4428425976368004e-06
0,0,4.486112248202791e-06
1,1,0.9990780846964978
0,0,1.154839528700835e-07
0,0,5.290439447712058e-06
0,0,0.0015313055170860326
0,0,5.477705516913302e-06
1,1,0.9998654783689424
0,0,0.0016293577294990526
1,1,0.9997453245446769
1,1,0.9998475329938576
0,0,1.0049036587408679e-05
0,0,0.0008411034599005657
1,1,0.9998455976710101
0,0,6.185871811732421e-06
1,1,0.9996211699318345
0,0,5.174828644732634e-06
1,1,0.9998067227026498
1,1,0.9997207711155223
0,0,5.680009389915306e-06
1,1,0.9997375033332295
1,1,0.9989562543743042
0,0,0.000730377066226699
0,0,9.479094944224097e-06
1,1,0.9990597622558794
1,1,0.9994642608688032
1,1,0.999917297306162
1,1,0.9997196384052695
1,1,0.9998186406895642
0,0,4.129136707059805e-06
1,1,0.9999479941668661
0,0,8.828839120197455e-08
0,0,4.116031458437165e-06
0,0,5.594273020596891e-06
1,1,0.9998885621388462
0,0,4.656658604967667e-06
0,0,0.0008958948657955965
0,0,0.0006702387221759005
0,0,0.0014541692519141134
0,0,4.910780389282946e-06
1,1,0.9995615154137979
1,1,0.9998802272782538
1,1,0.9999208373803528
1,1,0.998858577494969
1,1,0.9994443394161985
0,0,4.018539808284247e-06
0,0,3.8065078978651362e-06
1,1,0.9995619148386656
1,1,0.9993856509476406
0,0,4.75035936931566e-06
1,1,0.9998514181270032
1,1,0.9999131525229775
1,1,0.9995409981318
0,0,4.8508318575521884e-06
1,1,0.9995107584142248
1,1,0.9997658177175249
1,1,0.9998234139972851
1,1,0.9996569669498947
1,1,0.9985808597027632
0,0,3.982796562418969e-06
0,0,0.000864594580716316
1,1,0.9996873208045739
1,1,0.9997799837755689
1,1,0.9996383184266199
1,1,0.9997671695326714
1,1,0.9996205053697916
0,0,1.1027237080631363e-07
1,1,0.9994828063268466
1,1,0.9988094518844345
0,0,8.898853139992197e-08
1,1,0.998889257314337
0,0,0.0006562459713814165
0,0,3.6989527497962835e-06
1,1,0.999682686624083
1,1,0.9997215373709132
1,1,0.9993118170014034
1,1,0.999824564215651
0,0,6.195518698346996e-06
0,0,5.1501942251577725e-06
1,1,0.9988992084325462
0,0,1.0844207718500747e-05
1,1,0.9998956052075794
1,1,0.9997571999674288
1,1,0.9998296368620897
1,1,0.9995535393806294
1,1,0.9996676555817635
1,1,0.9997116400295284
1,1,0.9996320555502743
1,1,0.9998125325855378
1,1,0.9995539164625522
1,1,0.9998082479921573
1,1,0.9997396857446955
0,0,0.0011776357998393768
1,1,0.9998673229023256
1,1,0.999858320121641
1,1,0.9994869676140815
1,1,0.9995491695158665
0,0,4.503698370033677e-06
1,1,0.999914332411221
1,1,0.9998177344265677
0,0,7.687579508491419e-06
1,1,0.9993262550653436
0,0,3.884345447229461e-06
0,0,5.693798383274359e-06
1,1,0.9994025085573863
0,0,4.280078836272326e-06
0,0,5.240420163578086e-06
0,0,0.0006617138819053407
1,1,0.9998402077519043
1,1,0.999045469622037
0,0,3.3074927212002685e-06
0,0,0.0015906782155855818
1,1,0.9992778218482019
0,0,4.797520466948808e-06
1,1,0.9995373221766541
1,1,0.9998917255915599
1,1,0.9997877755307167
1,1,0.9998009595375406
1,1,0.9998110248979041
1,1,0.9998512806741073
1,1,0.9990016243963699
0,0,6.7897422097958075e-06
0,0,5.6780066179333315e-06
1,1,0.999944880306514
1,1,0.9995121111713307
0,0,3.7758562265048142e-06
1,1,0.9996026087888089
0,0,1.2081076700971834e-07
1,1,0.9991980330415822
0,0,1.1607199450408698e-07
1,1,0.9994151227163297
0,0,3.899131006929702e-06
0,0,6.238267257091467e-06
0,0,0.0009298986361650594
0,0,4.2315385349645675e-06
1,1,0.9987201277032594
1,1,0.999856313585867
0,0,4.262025306674295e-06
1,1,0.9991051743885903
0,0,3.6032854087147724e-06
1,1,0.9998245187418535
1,1,0.999588705512167
1,1,0.9998671871304242
0,0,5.514809311296443e-06
0,0,9.24639098545817e-06
0,0,6.59608999948023e-06
1,1,0.9997550845983668
1,1,0.9995588943006014
0,0,0.0009606186355760283
0,0,5.639799471381105e-06
1,1,0.9998233791198199
0,0,6.32890489857049e-06
0,0,0.0005208369572363393
0,0,1.1137228517749883e-07
0,0,5.116655786726533e-06
1,1,0.9995529900208275
0,0,4.0943451324660356e-06
0,0,1.1327752538505096e-07
0,0,4.81335646991584e-06
1,1,0.999811372922611
1,1,0.9996667286142091
1,1,0.9998263895902998
1,1,0.9990865682926353
0,0,4.107849535293853e-06
1,1,0.9998541902292027
1,1,0.9996655460487117
0,0,5.762190160997986e-06
1,1,0.9997600675781982
1,1,0.9998744062233272
0,0,3.937304287295436e-06
1,1,0.9996947547629855
1,1,0.9996938944833249
0,0,1.082043771175684e-07
0,0,6.160982142240937e-06
1,1,0.9997268490468061
1,1,0.9988655491487267
0,0,0.0008276192030450605
1,1,0.9993382420146488
1,1,0.9998534486637427
1,1,0.9992484302289089
1,1,0.9999390955990246
0,0,5.6899290081507165e-06
1,1,0.9996442945980409
0,0,4.575709476477765e-06
1,1,0.9998277859912181
0,0,0.0004736026838246267
0,0,1.4500625599622414e-07
1,1,0.9998479171844881
1,1,0.9999243268167418
0,0,0.0007903474482452654
1,1,0.9998290925314223
1,1,0.9994450835427403
0,0,1.0219670134359279e-07
1,1,0.9994671716638466
1,1,0.9998611578394099
1,1,0.9976938969593828
1,1,0.9997103243621974
1,1,0.9997018693651827
0,0,6.6939257350867195e-06
1,1,0.9990475905811282
1,1,0.9998279159401442
0,0,4.245549242166618e-06
1,1,0.9994730493863405
0,0,3.968786659468496e-06
1,1,0.9998895996418299
0,0,0.0009526194660266622
0,0,0.001630600626887172
1,1,0.9998367279331193
0,0,5.1619272784340245e-06
0,0,4.145390389827306e-06
1,1,0.9997331595857082
1,1,0.999563380370261
1,1,0.9994750454708706
0,0,4.895026699252211e-06
0,0,9.038171354468364e-06
0,0,1.1026078619724973e-07
1,1,0.9997087281766348
1,1,0.9997429848806755
0,0,8.388045980056652e-08
0,0,4.518721934332534e-06
1,1,0.9997539672188979
1,1,0.9992714614874706
0,0,4.20277910022342e-06
0,0,9.398773679274144e-06
0,0,3.520379539744522e-06
0,0,6.055922785627523e-06
0,0,0.0008172750731092577
1,1,0.9992350802519078
0,0,0.00048166550819073796
1,1,0.9998439280813702
0,0,4.667430570396015e-06
1,1,0.9997751128309516
0,0,5.908408243894334e-06
0,0,5.997790652963581e-06
0,0,3.29887998040083e-06
1,1,0.999797929278136
1,1,0.999515757594448
0,0,3.3182095148408905e-06
0,0,0.0011108851187831865
1,1,0.9999027368704825
1,1,0.9999092221606452
0,0,4.058970083501422e-06
0,0,5.513300895574972e-06
1,1,0.9999137766747516
1,1,0.9992780425505822
1,1,0.9993536830547577
1,1,0.9998365820865189
1,1,0.9991101208063699
1,1,0.9999070510047005
0,0,1.0912281611763699e-07
0,0,7.59596198372697e-06
1,1,0.9995168240398482
1,1,0.9995827450242359
1,1,0.9994993960259829
1,1,0.9997662963434706
0,0,6.294787802438419e-06
0,0,6.243764861116244e-06
1,1,0.9995815645542113
1,1,0.999223365234012
0,0,0.0016534309919436334
1,1,0.9996140946362707
1,1,0.998713174920166
0,0,0.0014927971801508187
1,1,0.9995645358802803
1,1,0.9998516663843464
1,1,0.9999298548290442
1,1,0.9996408135165105
1,1,0.9995251360798406
1,1,0.999511964690184
0,0,5.226615754420231e-06
1,1,0.9996849772359964
1,1,0.9992423357749685
1,1,0.9996217780739651
1,1,0.9998240137051371
0,0,8.371175817098358e-06
1,1,0.9995732976155489
0,0,3.605886419163407e-06
1,1,0.9995474652587262
1,1,0.9997716521067158
1,1,0.999810904519256
0,0,5.386980589407525e-06
1,1,0.9996602851395856
1,1,0.9999276442714375
1,1,0.9997459543010417
1,1,0.9997294971026075
1,1,0.999841344374606
1,1,0.9997194950158912
1,1,0.999713556841148
1,1,0.9997190649609861
1,1,0.9994473615207189
0,0,1.1362505318058313e-07
0,0,4.54319083150614e-06
1,1,0.9987599910984973
1,1,0.9998640016714486
1,1,0.9989458093546201
0,0,4.9217621898649706e-06
0,0,5.222572839812155e-06
1,1,0.9998101663726159
0,0,2.862733791815478e-06
1,1,0.9997601136829689
1,1,0.999855572804638
0,0,7.900645520897148e-06
1,1,0.999812072324657
0,0,4.679346966466126e-06
0,0,1.1246916369777626e-07
1,1,0.9998024584238008
1,1,0.999375017554244
1,1,0.9988565222251209
1,1,0.9999184745571673
0,0,3.791875696010831e-06
1,1,0.9996028986625052
0,0,1.2240932776353778e-07
0,0,5.906798999335224e-06
0,0,9.776248145936654e-06
1,1,0.9991297324101214
1,1,0.99976891165103
0,0,3.93904189102499e-06
1,1,0.9994281504032391
1,1,0.9997491198818343
1,1,0.9998924662107292
0,0,6.228829025677063e-06
1,1,0.9996559038244374
1,1,0.9999206038865274
0,0,0.0007771300822002615
1,1,0.9997307556163745
0,0,1.0791685761533747e-07
1,1,0.9997374100482839
0,0,4.534776570146676e-06
0,0,4.4172652070424945e-06
0,0,3.6158256718566703e-06
0,0,0.0010481584639470305
1,1,0.9993352530060883
1,1,0.9997928311526725
1,1,0.9996232681876437
1,1,0.9990866620557737
1,1,0.9996323790338636
0,0,5.483709239987803e-06
0,0,0.0009459447861446796
1,1,0.9997232408608661
1,1,0.999615338664376
1,1,0.9996102394608675
0,0,6.237799178081104e-06
0,0,3.929469141031283e-06
0,0,8.451241799626033e-06
1,1,0.9999029345423699
1,1,0.9996675782464207
0,0,0.0018611742390105517
1,1,0.999590531307196
1,1,0.9998322496329847
1,1,0.9998639406349991
1,1,0.999069185767283
0,0,0.0009256759638765213
1,1,0.9998162545616943
0,0,4.4895602886742544e-06
1,1,0.9998360805701098
0,0,4.728284303376086e-06
1,1,0.9998998021290415
1,1,0.9989631319987502
1,1,0.999854288271245
1,1,0.9998473662959599
0,0,5.281852009496209e-06
1,1,0.9993192260851216
1,1,0.9998080341296216
1,1,0.9994007716058326
0,0,3.882524713857739e-06
0,0,3.729230075753647e-06
0,0,0.0011806755908990573
0,0,1.0897479575420636e-07
0,0,1.2316440172476234e-07
1,1,0.9991637910922725
1,1,0.9994346560468256
0,0,3.6771777254705074e-06
0,0,5.997752967081714e-06
1,1,0.9996510721203085
1,1,0.9996540940914251
0,0,1.1496493855138519e-07
1,1,0.9979626539153686
1,1,0.99972667731021
1,1,0.9992004198263468
1,1,0.9998493561446058
1,1,0.9995028695865453
0,0,5.071824957633894e-06
1,1,0.9992373109000983
0,0,0.0007829271939238806
0,0,5.217264289760417e-06
0,0,1.0779044067105692e-07
1,1,0.9997197399138845
0,0,6.114501530113832e-06
1,1,0.999722800364711
0,0,3.532181747789144e-06
1,1,0.9995691456553779
0,0,6.0325799672460685e-06
1,1,0.9994047648019503
1,1,0.9999008941491322
0,0,3.894799200128478e-06
1,1,0.9999241625045614
0,0,3.8987782329008615e-06
1,1,0.999785076290855
1,1,0.9999086074655065
0,0,4.0924167167558186e-06
1,1,0.9998569187435924
1,1,0.9996215202813402
0,0,3.719062591513659e-06
1,1,0.999623014344073
0,0,1.0669177579198359e-07
1,1,0.9997025157530417
1,1,0.9998234742751366
1,1,0.9992614741191761
1,1,0.9998069929906912
0,0,8.78388865943821e-06
1,1,0.9995462275568395
1,1,0.9996322849597548
1,1,0.999731306704452
1,1,0.9998106437758941
1,1,0.999908772411305
1,1,0.9998994929174577
0,0,5.056340065353853e-06
1,1,0.9997515441138219
1,1,0.9995540335045933
1,1,0.9994323147659088
1,1,0.9995582024939212
1,1,0.9993517523726553
1,1,0.9995577551110255
0,0,5.682236978948973e-06
1,1,0.9978946345687777
0,0,4.822737912924502e-06
1,1,0.9994312548841204
0,0,1.1661905772356346e-07
0,0,0.0012168963232806205
0,0,4.988000087704415e-06
1,1,0.9995983681747082
1,1,0.9997628744526563
1,1,0.9995072165479325
0,0,5.403689813628661e-06
1,1,0.9998689344640429
1,1,0.9998873285755655
0,0,3.534282224655312e-06
1,1,0.9998968939240978
0,0,4.522789086941007e-06
1,1,0.9997740492771303
1,1,0.9997628310805831
0,0,3.693741384100299e-06
0,0,4.7652048842411605e-06
0,0,4.007819222492668e-06
1,1,0.9995714587325567
0,0,0.0007499614549666777
1,1,0.9998015485370005
1,1,0.9997734247828491
0,0,6.448515958206431e-06
1,1,0.9998089966476186
0,0,0.0009642400934235986
1,1,0.9995254131606427
1,1,0.9994866379872598
0,0,9.54365370817268e-06
1,1,0.9992231762202916
1,1,0.9991355990830881
1,1,0.9993812538957152
0,0,4.70130792782783e-06
0,0,1.0920867023953105e-07
1,1,0.9996657843475582
1,1,0.9997115523062344
1,1,0.9998407687738192
1,1,0.9995952003926294
1,1,0.9998776817439236
1,1,0.9992332629312048
1,1,0.9992371553967045
0,0,4.232123565526375e-06
0,0,6.063560486193729e-06
1,1,0.9992055172705631
1,1,0.9999142764950315
1,1,0.9996335747671145
0,0,1.1511993472544086e-07
0,0,4.1659633747784766e-06
1,1,0.9998148752011002
1,1,0.9998208247726759
1,1,0.9997556197143144
1,1,0.9994384010933178
1,1,0.9991554921759053
0,0,0.002302710223679373
1,1,0.9999264417568926
0,0,5.131491273631972e-06
0,0,4.044637233893275e-06
1,1,0.9997697864810122
0,0,5.431187219189029e-06
1,1,0.999659745212976
0,0,5.084913273437463e-06
0,0,1.0275180833549029e-07
0,0,4.481969161056234e-06
1,1,0.999464592907634
0,0,5.96573564850898e-06
1,1,0.9994400214674402
1,1,0.999737300998043
0,0,4.311535778538387e-06
1,1,0.9994946088452576
1,1,0.9999366794279465
1,1,0.9993746925696352
0,0,3.912642527698642e-06
1,1,0.9992503225140094
1,1,0.9997036543705192
1,1,0.9994663976614114
0,0,2.923142898131911e-06
0,0,0.0011485797809149291
0,0,4.818331160011253e-06
0,0,9.118790907959889e-06
1,1,0.9991490599392283
1,1,0.9998881926692637
1,1,0.9993030436315155
0,0,0.0015102250724324008
0,0,6.033210607163377e-06
1,1,0.9994579706551622
0,0,6.421764155420095e-06
0,0,5.033190398142489e-06
1,1,0.9998028180225667
1,1,0.999861081623335
0,0,7.668050211100421e-06
1,1,0.9998888202484486
1,1,0.9997920119990616
1,1,0.99960916630416
1,1,0.9997177237822432
1,1,0.9998094281007649
0,0,8.049654551476099e-06
0,0,3.91211027865844e-06
0,0,3.7930776767279393e-06
1,1,0.9994819228213789
1,1,0.9998555185443471
1,1,0.9996313472802656
1,1,0.9998228401351448
0,0,4.019377558189858e-06
1,1,0.9996795351463572
1,1,0.9998520312194155
0,0,1.1726151595802762e-07
1,1,0.9999318909174095
1,1,0.9997387668858619
1,1,0.9997882248556331
1,1,0.9997474992928679
1,1,0.999926944797055
0,0,0.0009282803023996667
0,0,1.1847914830264506e-05
1,1,0.9998434226232715
0,0,0.0009068127646070387
1,1,0.9996729527176983
0,0,3.7646520400901567e-06
1,1,0.9999287582174536
1,1,0.9994514067989816
1,1,0.9991783642917614
1,1,0.9998393650101706
1,1,0.9994607881229004
1,1,0.9997412082365977
1,1,0.9998924493009923
1,1,0.9999210090801712
1,1,0.9998629748498061
1,1,0.9996330801543463
0,0,1.1528989293235249e-07
0,0,3.842820853480867e-06
1,1,0.9995811656048761
1,1,0.9999133807329192
1,1,0.9998183170974361
1,1,0.9996732031920461
1,1,0.9995044313137317
1,1,0.9995016328286825
1,1,0.9998562172409269
0,0,6.1556027843823404e-06
1,1,0.9994504708418015
1,1,0.9993879209827926
0,0,3.54319733420666e-06
1,1,0.9989281999950839
1,1,0.9999312047020238
0,0,4.953591668309954e-06
0,0,9.48685073796548e-08
1,1,0.9998450352755441
0,0,5.439152830636443e-06
1,1,0.9997919190701534
0,0,6.161049891357757e-06
1,1,0.9996945933567684
1,1,0.9997001898693446
1,1,0.9998279344666576
1,1,0.9998029684932005
0,0,9.479516457210641e-06
1,1,0.9997683256029893
1,1,0.9998755181451175
1,1,0.9996162551037345
0,0,5.578386113480549e-06
0,0,4.309374090686064e-06
1,1,0.9996392419672749
1,1,0.9996571211674651
1,1,0.9997836365397806
0,0,8.188093541384172e-06
0,0,1.210811775078561e-07
1,1,0.9997752802878201
1,1,0.999619773146318
1,1,0.9998345495484545
1,1,0.9994165754572777
1,1,0.9995891900055327
1,1,0.9998014495327896
0,0,4.457087180818434e-06
1,1,0.9988204702080228
1,1,0.9998410980799866
1,1,0.9998880532558158
0,0,4.979281675666588e-06
0,0,1.1154983368606007e-07
0,0,5.140186192981133e-06
0,0,0.0014558433511506817
0,0,0.000534075687120429
0,0,1.0639938241887805e-05
1,1,0.9997614338609994
1,1,0.9994979798311271
1,1,0.9996413367265258
0,0,1.2180749611485e-07
1,1,0.9996541374126473
1,1,0.9996197614637018
1,1,0.9998114711240677
1,1,0.9995256628119232
1,1,0.9999152991928405
1,1,0.9997672211227983
0,0,8.631962055415801e-06
1,1,0.9999172793878048
0,0,5.723909350729696e-06
1,1,0.9995591295956291
0,0,6.665911157531994e-06
0,0,5.000932424654287e-06
0,0,5.722965556018155e-06
1,1,0.9997852928379439
1,1,0.999947518178061
1,1,0.9998883154838402
1,1,0.9996845510666017
1,1,0.9998581950614829
1,1,0.9992423052299215
1,1,0.9998845921391096
1,1,0.9996898688292254
0,0,4.871492970421839e-06
1,1,0.9993314620495419
1,1,0.9992007826880253
1,1,0.9997870943652167
1,1,0.9995973864016241
1,1,0.9988880096518797
1,1,0.9994878572963491
1,1,0.9997458537195446
0,0,8.816695919247581e-06
1,1,0.9998152945398151
1,1,0.9997310502688728
0,0,5.348892880745611e-06
0,0,7.671304134255987e-06
0,0,3.862180389875329e-06
0,0,0.0009932360246393947
0,0,5.055503433921202e-06
1,1,0.9997823916786887
1,1,0.999910466167853
0,0,0.0006088301762679602
0,0,5.2301524737784514e-06
1,1,0.9997550767745914
1,1,0.9998613488986581
1,1,0.999939644002626
1,1,0.9995090811407618
0,0,5.449570351843872e-06
1,1,0.9986013100489433
0,0,3.519481359206581e-06
0,0,4.128778292925012e-06
0,0,4.4265344343374444e-06
1,1,0.9989688699088511
0,0,0.0008504149424407671
0,0,6.259078637908079e-06
1,1,0.9985955572674079
1,1,0.9997008595964109
0,0,1.2031902485620847e-07
1,1,0.9999458089420739
1,1,0.9990593752987827
0,0,7.720534912969193e-06
0,0,5.712366299207318e-06
1,1,0.9999180283153901
1,1,0.9994668990798302
1,1,0.9995879417396253
0,0,1.2209567503402057e-07
1,1,0.9997855378620846
0,0,4.5697072263532816e-06
0,0,4.427058610317593e-06
1,1,0.9998698707879106
1,1,0.9997757370484731
0,0,3.818968583662278e-06
1,1,0.9995096654343265
1,1,0.9994277162177824
0,0,4.868066614001013e-06
1,1,0.9998031641494138
1,1,0.9998106336441989
0,0,0.0006414991344284244
1,1,0.9998027968470388
0,0,6.413038191319209e-06
0,0,3.3469661769740235e-06
1,1,0.9998408595248205
0,0,4.8279484331284515e-06
0,0,3.87384937932192e-06
0,0,3.653705747320573e-06
0,0,5.588695415557464e-06
1,1,0.9995282702394375
1,1,0.999762344678303
0,0,8.626577707128002e-08
1,1,0.9999045500226179
1,1,0.9982956113170107
1,1,0.9997269887494812
1,1,0.9997161620553375
0,0,5.10418092263349e-06
1,1,0.9985226389299618
1,1,0.9990870074619015
0,0,6.78114176006986e-06
1,1,0.9998402208079008
1,1,0.9995035426841232
1,1,0.9999395028255635
0,0,0.0006894482416483573
1,1,0.9994777450485495
1,1,0.999701471872706
1,1,0.9997856894789853
0,0,5.736176557106058e-06
1,1,0.9998240149434784
1,1,0.999876141645894
0,0,4.4912114370012224e-06
1,1,0.9993045926446508
1,1,0.9988559958575104
1,1,0.9997497764262525
1,1,0.9999045220320966
1,1,0.999862746630433
1,1,0.9997621420751424
1,1,0.999610189630816
1,1,0.9997945695305953
1,1,0.9999496648248056
1,1,0.9998264021666983
1,1,0.9994703322569762
0,0,5.5148127053559655e-06
1,1,0.9996071904603074
1,1,0.9998363471628396
1,1,0.9997499368225832
1,1,0.9992354453374342
1,1,0.9997607684374593
1,1,0.999448486303949
0,0,0.001362412850696312
0,0,0.0016239484618559283
0,0,1.10422047642997e-07
0,0,3.7749146461672823e-06
1,1,0.9986754906557277
1,1,0.9998820330497183
1,1,0.9997598291861739
1,1,0.9996778339038741
1,1,0.999898097253061
1,1,0.9997503242838168
0,0,6.072774622681746e-06
0,0,1.219377119922507e-07
1,1,0.999262689042671
1,1,0.9997089029403523
1,1,0.9997790614835744
0,0,1.1103631753438433e-07
1,1,0.9996750967459651
1,1,0.9993954396682971
0,0,7.397856593371437e-06
1,1,0.9998520878940628
1,1,0.9998134623348528
1,1,0.9996512679799708
1,1,0.9997920401217719
1,1,0.9998436857846225
0,0,0.0021705828200188973
0,0,1.1086833883638068e-07
1,1,0.9995145180622267
1,1,0.9998109977640811
0,0,6.781896549317317e-06
1,1,0.9997302459510352
0,0,1.2113567055077351e-07
0,0,1.0339324806966635e-07
1,1,0.9996167413514141
1,1,0.9996797949777528
1,1,0.9999339984058521
0,0,4.71598713403022e-06
1,1,0.9997779006616544
1,1,0.9999077822102405
0,0,5.556198945207468e-06
0,0,1.226812681101933e-07
0,0,1.1167847345968385e-07
1,1,0.9996549404840219
0,0,0.0014226050768306677
1,1,0.9996265385609441
1,1,0.9998478177742521
1,1,0.999592888303981
1,1,0.9993365615172587
1,1,0.9998076700748685
0,0,5.234502859954394e-06
0,0,0.0007105371214519812
1,1,0.9995517666561474
0,0,4.44776410288226e-06
0,0,4.050460647576952e-06
0,0,4.304476117126781e-06
1,1,0.9997092806970584
1,1,0.9995047230039453
1,1,0.9996513443140437
0,0,0.0006565073135411017
1,1,0.9997598465675035
1,1,0.9997603809825327
1,1,0.9993228127301533
0,0,5.5209938294494786e-06
0,0,0.0010112611118939724
0,0,0.0011606770625789881
0,0,8.439971618729224e-06
1,1,0.9998139250258987
1,1,0.9996222567455403
0,0,1.4570045835423062e-07
1,1,0.9997319106564581
1,1,0.9999004443461602
0,0,1.1147019912473992e-07
1,1,0.9998247606249491
0,0,5.84176449932692e-06
0,0,3.4640816247043293e-06
1,1,0.9997194319909596
1,1,0.9996401632425477
0,0,0.001629237794497072
1,1,0.9995866750173391
1,1,0.9989196411112514
1,1,0.9998687259474949
1,1,0.9996518510005873
1,1,0.9996538627472257
1,1,0.9997614357136572
1,1,0.9994571569770341
1,1,0.9992323659759308
1,1,0.9992708951248997
1,1,0.9997018636529402
0,0,0.002075598188114007
1,1,0.9996710663149349
1,1,0.9995216793108656
0,0,4.3486237688844676e-06
1,1,0.9998499201437584
1,1,0.9998093615484976
1,1,0.9997981036701143
0,0,3.6983258453322303e-06
0,0,5.63060089807543e-06
1,1,0.9991884407039977
1,1,0.9996520305225964
1,1,0.9998725849006128
1,1,0.9997550603837124
1,1,0.9996677473657295
0,0,1.11159336870165e-07
0,0,1.2598683656100513e-07
0,0,0.0005672700342667385
0,0,6.361448500216287e-06
1,1,0.9998924946380962
1,1,0.9996069267638225
0,0,4.226996178719429e-06
1,1,0.999725037447586
0,0,1.2358877714896625e-07
1,1,0.999821726146936
0,0,5.52191078164867e-06
1,1,0.9996784435869323
0,0,4.750317133324083e-06
1,1,0.9993143929550238
0,0,7.936191090052661e-06
1,1,0.9993861254985613
0,0,8.236440844442545e-08
1,1,0.9990997870839191
1,1,0.9997777587211476
1,1,0.9998756317127643
1,1,0.999890211963599
0,0,5.086188002461207e-06
1,1,0.9994234364807685
1,1,0.9996903570718099
1,1,0.9993471100419052
1,1,0.9997880286064382
1,1,0.9997572366438493
1,1,0.998866493838246
1,1,0.9990389802362167
1,1,0.9997428610131684
1,1,0.9996179075614495
1,1,0.999893904737157
1,1,0.9999336292914515
0,0,3.528863859176681e-06
1,1,0.999642490758134
1,1,0.9992920920305768
1,1,0.9994427196926899
1,1,0.9998131570678146
1,1,0.9994694690218092
1,1,0.9992565049067565
1,1,0.9998100258770206
1,1,0.9998078641480482
1,1,0.9998052216424294
1,1,0.9998497039364891
1,1,0.9991427967830027
1,1,0.9997324292634469
1,1,0.9998189086154596
1,1,0.9998089257807474
1,1,0.9998176486580089
1,1,0.9999145300098281
1,1,0.9998393037052802
1,1,0.9997944603159359
1,1,0.9996511880112798
0,0,8.460748499138011e-06
0,0,6.64450632606815e-06
1,1,0.9998231588408373
1,1,0.9997066298303877
1,1,0.9995818053264809
0,0,6.262039368323585e-06
1,1,0.9996955994083139
1,1,0.9991312380049969
1,1,0.999719127040988
1,1,0.9998026799671154
1,1,0.99987866380607
1,1,0.9998219608142156
1,1,0.9998636646288304
0,0,4.7953089670311984e-06
1,1,0.999560618148905
0,0,3.5957038959403607e-06
1,1,0.9994702913965338
1,1,0.9996224850775423
0,0,4.960503766673622e-06
1,1,0.9998783626083899
0,0,1.2142394938701596e-07
1,1,0.9997819278354814
0,0,3.799697951396067e-06
0,0,3.7408807141159908e-06
0,0,1.1129685694856917e-05
0,0,5.769510109306737e-06
0,0,5.2282011508773655e-06
1,1,0.9995964300269571
1,1,0.9996636893081391
0,0,4.300503791651532e-06
0,0,4.712562810990921e-06
1,1,0.999849210955396
1,1,0.9992177407374184
1,1,0.9998738390236894
1,1,0.9999160593844889
1,1,0.9996642840304518
1,1,0.9996550108098318
1,1,0.9995163591563672
0,0,0.0012411211859673131
0,0,6.5652091825758095e-06
0,0,0.0005835047335247375
1,1,0.9988110660561861
1,1,0.9997028644908725
1,1,0.9999527049123373
1,1,0.999678356903059
1,1,0.9997091297662132
0,0,2.6555271469479733e-06
1,1,0.9996722905274168
1,1,0.9998723748734663
1,1,0.998686071554305
0,0,4.743407083089009e-06
0,0,4.554836480692295e-06
1,1,0.9999308028767643
1,1,0.9991696055479067
0,0,4.895138693896672e-06
1,1,0.9997583732167533
1,1,0.997960584799522
1,1,0.9998032679379848
0,0,3.919317014622407e-06
0,0,1.184796056513116e-07
1,1,0.9996569833035592
1,1,0.9995964454121898
1,1,0.9999042305812292
0,0,6.089952156946842e-06
0,0,5.237534442481631e-06
0,0,1.1501897268951201e-07
1,1,0.9996774887188172
1,1,0.9998295353495855
1,1,0.9992845720723832
0,0,4.737078106180925e-06
0,0,7.16990644009562e-06
1,1,0.9996600344969697
0,0,5.368761919507869e-06
1,1,0.9997832570262067
0,0,4.651571773043441e-06
1,1,0.9997470889891471
1,1,0.9997972344984767
1,1,0.9994823090390293
1,1,0.9996463562419414
0,0,6.402300399942438e-06
0,0,4.839726831804485e-06
0,0,4.330853753331901e-06
1,1,0.9990074143818423
0,0,7.523147449154335e-06
0,0,9.305379890510345e-08
0,0,4.120957512945144e-06
1,1,0.9996616532956571
0,0,5.614536008495553e-06
1,1,0.9998468160582066
1,1,0.9995934094989487
0,0,4.988858539230138e-06
1,1,0.9995747742142622
1,1,0.9995118857483887
1,1,0.9995735482075498
1,1,0.9994567514617377
0,0,5.3939196558779666e-06
1,1,0.9995506645583785
1,1,0.9997654881959407
0,0,1.1411865841038983e-07
1,1,0.9996683817974347
1,1,0.9997267784013676
1,1,0.9998008334378122
0,0,5.388579004412672e-06
0,0,8.194288656903317e-08
1,1,0.999731631006118
0,0,1.2153836471327205e-07
1,1,0.9999229366998966
0,0,3.586152440943595e-06
1,1,0.9998085830775533
1,1,0.999244099593748
0,0,0.0015464805819915993
1,1,0.9999257319560522
1,1,0.9992611939667845
0,0,0.00030805613660494287
1,1,0.9998406033560765
1,1,0.9997629531451101
1,1,0.9997078129607152
1,1,0.9993234978098889
0,0,7.433502111966473e-06
1,1,0.9995888895000451
1,1,0.9997389392434002
1,1,0.99964840825482
0,0,1.180869701152254e-07
0,0,5.060716495113575e-06
1,1,0.9993573446191839
0,0,1.1089162093210949e-07
0,0,1.0925781401445563e-07
1,1,0.999804918298324
1,1,0.9990065501054227
0,0,4.0258865035397435e-06
1,1,0.9998419872704051
0,0,3.5330311734405484e-06
1,1,0.9993223753253117
0,0,0.0008646850995319302
1,1,0.9994661357211618
1,1,0.999769436406174
0,0,0.0010103275000893997
1,1,0.9998571326088691
0,0,1.108666111463839e-07
1,1,0.9997091888381432
1,1,0.9995028176580844
1,1,0.9998647182137711
1,1,0.9999056793458634
0,0,0.001163819949973501
1,1,0.9996516415625107
1,1,0.999871457100142
1,1,0.9996416143107479
0,0,4.1096656994367115e-06
0,0,4.209337682913304e-06
1,1,0.9994735945781558
1,1,0.9993811267411229
0,0,1.075586042891365e-07
1,1,0.999812199956718
1,1,0.9994535259541681
1,1,0.9989713134042639
0,0,0.0006371729769670119
1,1,0.9983564384442646
1,1,0.9999195281326715
1,1,0.9997277122690247
1,1,0.9997380614343241
1,1,0.9997171393100989
0,0,3.832279051997679e-06
0,0,4.4251815845385585e-06
0,0,0.0004896249846893107
0,0,4.160151182048143e-06
1,1,0.9994640359125921
0,0,4.9508881536558085e-06
1,1,0.999923134511719
1,1,0.9995889121566756
1,1,0.9997310632356421
0,0,7.489809770881418e-06
1,1,0.9997781545810034
1,1,0.9994476687044217
0,0,7.3090942550552605e-06
1,1,0.999908378447219
1,1,0.9996955402986457
1,1,0.9991245220006157
1,1,0.9998083932759553
1,1,0.999773654889014
1,1,0.9998085577768577
1,1,0.999558098732528
1,1,0.9987977404073493
1,1,0.9996864938292149
1,1,0.9995984879305562
1,1,0.9998792484987298
1,1,0.9998882739831699
0,0,6.127072977033406e-06
0,0,6.240947619908158e-06
1,1,0.9997534908176522
0,0,3.64015176369437e-06
0,0,1.1849768243978466e-07
1,1,0.99943522689788
0,0,1.0330320041626129e-07
0,0,5.106186401950916e-06
0,0,4.707131320136393e-06
1,1,0.9994459834657223
1,1,0.9993936121200964
0,0,5.6263208706290875e-06
1,1,0.9996091451133289
0,0,3.7384045760250672e-06
0,0,3.3207271297651883e-06
0,0,3.977006321288035e-06
1,1,0.9998398137540839
1,1,0.9989497756948983
1,1,0.9998630749922637
0,0,4.341041473175562e-06
0,0,4.912208188343761e-06
1,1,0.9998942503662089
0,0,5.2098328307380185e-06
0,0,7.67319535162282e-06
1,1,0.9994494986323957
1,1,0.9998527120266855
1,1,0.9998328938347593
1,1,0.9996755304307989
1,1,0.9992369999370909
0,0,7.75175909154285e-06
0,0,5.602250040538791e-06
0,0,4.721025250630198e-06
1,1,0.9989212990788624
1,1,0.9993257899497483
1,1,0.9998960375258895
1,1,0.9994856754843274
1,1,0.9998809855605296
0,0,1.2306245368623043e-07
0,0,3.937102672431769e-06
1,1,0.9993059983518137
0,0,0.0008047195294244331
1,1,0.9990745828353561
0,0,8.1762747998514e-06
1,1,0.9984466966562793
1,1,0.9997020182877842
0,0,6.3543324466017835e-06
1,1,0.9997067278358552
0,0,6.2062862899200335e-06
0,0,1.1195610872384533e-07
1,1,0.9996931392421767
1,1,0.9992031439865711
1,1,0.9998153443159044
0,0,5.454311094044084e-06
0,0,6.69254846557921e-06
0,0,3.6251246906621784e-06
1,1,0.999820085077933
0,0,3.62353906339563e-06
1,1,0.9992672734107346
0,0,0.0005843247793695061
0,0,4.005908427351096e-06
1,1,0.9996177732758915
1,1,0.999593891951411
0,0,1.1108945079430183e-07
0,0,0.0010106544618134683
1,1,0.9996995277562302
0,0,1.1258834288020485e-07
0,0,4.713378048471069e-06
1,1,0.9992601327646894
0,0,4.827773443101457e-06
1,1,0.999766049696297
1,1,0.9994161655897458
1,1,0.9997031677535886
1,1,0.9994510339051697
1,1,0.9998857470772501
0,0,0.0009207920215380042
0,0,0.0006303856613984391
1,1,0.9998225388025089
1,1,0.9995154785784937
1,1,0.9998463651050491
0,0,1.1466613204474068e-07
1,1,0.999455840038558
1,1,0.9995037663360377
0,0,5.122725482898917e-06
1,1,0.999442797069429
1,1,0.9997918142469906
0,0,0.0005046327878371886
0,0,4.052214304091853e-06
0,0,4.659367518597092e-06
0,0,4.315592183324065e-06
1,1,0.999896228891511
0,0,5.033870307782563e-06
1,1,0.9988401646791317
1,1,0.9998732816117544
0,0,1.0957992599352671e-07
1,1,0.9998824356665459
1,1,0.9994896704951558
1,1,0.9998322102580705
1,1,0.9998228823958237
1,1,0.9991616861833341
0,0,5.516054480673074e-06
0,0,4.955739175179872e-06
1,1,0.999841246454917
0,0,0.0010122897117956105
1,1,0.9997211457148854
1,1,0.9992889636269582
1,1,0.9998280931070455
1,1,0.9994667733126767
1,1,0.999611374658961
0,0,0.0005435760131837112
1,1,0.9997167244488683
1,1,0.9985232012796781
1,1,0.9992959954812378
1,1,0.999871994706157
1,1,0.9994545891219073
1,1,0.999430540501848
0,0,4.01416970580981e-06
1,1,0.9997542549067355
0,0,5.0086252626559e-06
1,1,0.9998850397562712
1,1,0.999492384788822
1,1,0.9998145781706055
1,1,0.9988637731088655
1,1,0.9995849648097348
1,1,0.9998841726717894
1,1,0.999603851401823
1,1,0.9998970382948079
1,1,0.9999183926060113
1,1,0.9997431901171464
1,1,0.9999001727163391
1,1,0.9996936671815524
1,1,0.9998152353812471
0,0,1.005376669768411e-07
1,1,0.9997355706750095
1,1,0.9994255306866475
1,1,0.9997028194122057
1,1,0.9997112068830196
0,0,4.20037147615755e-06
0,0,1.2010065533612434e-07
1,1,0.9993994151643433
0,0,9.685684481144166e-06
1,1,0.9997390249809728
1,1,0.9999454264442713
1,1,0.9996456189433748
1,1,0.999280861232963
0,0,5.248908290979734e-06
0,0,4.3265538297947536e-06
0,0,1.2201453813222607e-07
0,0,1.1048444722158333e-07
1,1,0.9999156256120151
0,0,7.832593632622172e-06
1,1,0.9994299172538289
0,0,0.0006190497503059
0,0,1.254315198351758e-07
1,1,0.9997159284505727
0,0,4.915420178764162e-06
0,0,5.266020077654566e-06
1,1,0.9994367280451482
0,0,4.621009214600714e-06
0,0,1.0344762512231446e-07
1,1,0.9997853131146667
1,1,0.9998296966146297
1,1,0.9998176112482107
0,0,6.055982139239582e-06
0,0,0.0009375414062419667
0,0,1.2101382906811668e-07
0,0,4.34145263646518e-06
1,1,0.9996084342783248
0,0,0.000904946529003487
1,1,0.9989871643845728
1,1,0.9998039647546274
0,0,7.3272157420181685e-06
1,1,0.999577124957084
1,1,0.9997641190408678
0,0,4.232187961406142e-06
1,1,0.9995232669916077
0,0,4.6913624695380334e-06
0,0,4.397707959612682e-06
1,1,0.999814468581545
0,0,0.0018806231479182043
1,1,0.9991928929868613
1,1,0.9996611408815531
1,1,0.9995459905911352
1,1,0.9997245878352468
1,1,0.9992236479358538
1,1,0.9997090322336997
1,1,0.9998849798042484
0,0,6.354524585546108e-06
0,0,3.3022351603190222e-06
0,0,3.4999575673138556e-06
1,1,0.9999485443059887
1,1,0.9994185284736171
1,1,0.9998955612109547
1,1,0.9995803774982462
1,1,0.9996223016053981
1,1,0.9992022589946623
0,0,5.211016352088158e-06
0,0,9.84341676322787e-06
1,1,0.999856906975678
1,1,0.999864542319109
1,1,0.9997249451847394
0,0,1.2033055948985436e-07
0,0,4.854368553523775e-06
1,1,0.9994386634895857
1,1,0.9997731359251237
1,1,0.9991173885691609
1,1,0.9993552638745258
1,1,0.9998516408297626
0,0,0.000531840356512158
1,1,0.9993612139969927
1,1,0.9996397174825469
1,1,0.999016295834151
1,1,0.9998050677737318
0,0,5.56377820676354e-06
1,1,0.9993054651560893
0,0,3.898006936219026e-06
1,1,0.9998514240541653
0,0,5.10744567320837e-06
1,1,0.9999044719717538
1,1,0.999755706111668
1,1,0.9982039070958532
1,1,0.9995424690924757
1,1,0.9992997789675958
0,0,4.035073443663405e-06
0,0,1.127646734069099e-07
1,1,0.9985525583282407
0,0,3.6138423416523795e-06
1,1,0.9998737704313806
1,1,0.9998983039673407
0,0,4.763096068740083e-06
1,1,0.9993729923793436
0,0,5.53718610991955e-06
0,0,4.107145225006237e-06
1,1,0.9998818856552955
1,1,0.999807064679938
0,0,1.2107470311221323e-07
1,1,0.9993277319542984
0,0,3.3519524485291675e-06
1,1,0.9993889549527699
1,1,0.9998949276862955
1,1,0.9996860332169255
0,0,5.288773498778143e-06
1,1,0.9997973033671597
0,0,8.843629918240104e-06
0,0,5.8856661040746415e-06
0,0,4.810615936798243e-06
1,1,0.9995889377477211
1,1,0.9997205138955988
0,0,1.176794801073184e-07
1,1,0.9997818475821352
1,1,0.99982551313103
1,1,0.9996672131432777
1,1,0.9997736126742832
0,0,4.838159445334026e-06
1,1,0.9999274343842312
0,0,1.1105375171858565e-07
0,0,6.10070026746265e-06
1,1,0.9996829755144272
1,1,0.9995873918653884
1,1,0.9997460566297145
0,0,8.266454566529325e-06
0,0,0.0007694423966262029
1,1,0.9998792057952083
0,0,5.205098706728531e-06
0,0,3.526303468448723e-06
0,0,3.4439163163523527e-06
1,1,0.9990462676142272
0,0,3.9703643098590305e-06
0,0,8.427645307892392e-06
0,0,6.103115085605278e-06
1,1,0.9992243522606559
1,1,0.9996778068091939
1,1,0.9993840860036018
0,0,1.1627417843825565e-07
1,1,0.9995671004839892
0,0,3.9087224932817915e-06
1,1,0.9996885483302698
1,1,0.9998590436623517
0,0,1.0845808880372092e-07
1,1,0.9997200538724949
0,0,1.0354352032550125e-05
1,1,0.9995098816908209
1,1,0.9999089136197346
1,1,0.9999057523487088
0,0,1.2174061200574918e-07
1,1,0.9998420370877985
1,1,0.9995936819313773
0,0,5.009160476289686e-06
0,0,1.084076108326916e-07
0,0,5.359708718614106e-06
0,0,6.213320915289384e-06
1,1,0.9995871063601476
1,1,0.9998014757402931
1,1,0.9999147745595047
1,1,0.9994636746495811
0,0,3.907841147424106e-06
0,0,0.0011287602799806456
1,1,0.9997729927308254
0,0,0.0012603298509836639
1,1,0.9997711088355712
1,1,0.9999147941935367
0,0,5.461505526717389e-06
1,1,0.9997356895881166
0,0,5.702615284620674e-06
1,1,0.9998494345790605
0,0,6.684282609215848e-06
0,0,1.21366653651513e-07
0,0,1.1177060758540123e-07
0,0,5.121046960122665e-06
1,1,0.9997639883692044
1,1,0.9993908570910304
1,1,0.9997649258728619
0,0,1.2148740354305377e-07
1,1,0.9995783819787808
1,1,0.9997900650906246
1,1,0.9992313304645618
1,1,0.9997571377552438
0,0,6.519254544456219e-06
1,1,0.9997324347464699
1,1,0.9990210466585794
1,1,0.9994494112783973
0,0,0.0013933868595152256
1,1,0.9992491354207138
1,1,0.999648378487808
1,1,0.9997526197540164
1,1,0.9995871579539898
0,0,1.010859338356263e-07
0,0,5.43029580669063e-06
1,1,0.9998952648703698
0,0,3.2314733055599467e-06
0,0,1.2451224382087284e-07
0,0,6.635796373073152e-06
1,1,0.9995773857465989
1,1,0.9992558311485554
1,1,0.9992518818553033
1,1,0.9998427263713309
0,0,1.0387267979207313e-07
1,1,0.9992815888913299
1,1,0.9998179679691922
1,1,0.9997209763348133
0,0,3.6698043732650625e-06
0,0,1.0105191449516188e-07
0,0,5.253061290145619e-06
0,0,3.79811492088235e-06
1,1,0.99979960981657
0,0,5.274806190102038e-06
0,0,5.424593898107134e-06
1,1,0.9997101234796727
1,1,0.9997067389243813
1,1,0.9997693730963282
1,1,0.9997663092900025
1,1,0.999074021598596
0,0,9.577697172143017e-06
1,1,0.9998946345594203
1,1,0.9998470458344489
1,1,0.9999152131234009
1,1,0.9994910011067123
1,1,0.9999077260043026
1,1,0.9997669901881862
1,1,0.9997813394630188
1,1,0.9996265489526643
0,0,9.448966960928211e-08
1,1,0.9995385585049397
1,1,0.9990422409163893
1,1,0.9992419257334549
1,1,0.9998058051264662
0,0,4.1889426140854085e-06
0,0,4.550448250592474e-06
1,1,0.9998326333524539
1,1,0.99963913075845
1,1,0.9984190798037494
1,1,0.9992906718723087
1,1,0.9996617134710776
1,1,0.9996431995383626
0,0,3.984384601781274e-06
0,0,0.0007122398824208838
1,1,0.9985914400675012
1,1,0.9997295553781446
1,1,0.999811539003417
0,0,0.0008558650938389243
0,0,6.225945158435795e-06
0,0,4.578947721262028e-06
1,1,0.9988617417196286
1,1,0.9998587437660846
1,1,0.9998775853389537
1,1,0.9999094966281109
1,1,0.999839616327812
1,1,0.9997221676263897
1,1,0.9998522348482921
0,0,1.1447309786660216e-07
1,1,0.9990170672156662
1,1,0.9995413161988
0,0,6.914371649244499e-06
1,1,0.9998017921840673
1,1,0.9995527624925689
1,1,0.9996549116967068
0,0,5.110520233988708e-06
1,1,0.9996390368839924
1,1,0.9997353191600429
1,1,0.9999583422355048
1,1,0.9998558960904309
1,1,0.9995154878074084
0,0,4.6280787700557895e-06
0,0,5.065782249657585e-06
1,1,0.9997906695348671
0,0,4.568789911363304e-06
1,1,0.9996338856908378
1,1,0.9997668830564358
1,1,0.9997142091093418
0,0,3.690965387679733e-06
1,1,0.9998728403010828
0,0,1.0490777053175466e-07
0,0,1.1688215194398644e-07
1,1,0.99931184631178
0,0,1.0916734524401637e-07
1,1,0.9994232145655226
0,0,8.980352221533577e-08
0,0,5.468422974236248e-06
0,0,0.0009207870591303061
0,0,4.315401084956764e-06
0,0,3.916914573753426e-06
1,1,0.9996771061208694
1,1,0.999739228956115
1,1,0.9992982076735262
1,1,0.9995451047113824
1,1,0.9996099698236717
1,1,0.9998225276682388
0,0,3.94410216334632e-06
1,1,0.9995389738361541
1,1,0.9992926514932654
1,1,0.9993689670326373
1,1,0.9992585403264644
0,0,0.0009823946609537639
1,1,0.9997756927938807
1,1,0.9998886264075527
0,0,4.970124523625344e-06
0,0,6.208024131172239e-06
1,1,0.9997657277491693
1,1,0.9990578795803858
1,1,0.9995276640622391
0,0,1.1384274471645086e-07
1,1,0.9998838597250467
0,0,6.1281693532117575e-06
1,1,0.9992759387388291
0,0,4.747713654465049e-06
1,1,0.9994634667276306
1,1,0.9998491494223689
1,1,0.9996273404019743
0,0,1.1180263382158788e-07
1,1,0.9998721534567733
0,0,5.004318170466103e-06
0,0,5.242495050002671e-06
1,1,0.9996731857290599
1,1,0.9997435623495349
1,1,0.9993661136071622
0,0,1.1463464528093612e-07
0,0,4.200760867251648e-06
1,1,0.9999551128464416
0,0,4.908911724549607e-06
1,1,0.9992520523869618
1,1,0.9994905377699146
1,1,0.9988632642436558
0,0,0.000730858467205298
1,1,0.9998646054750311
1,1,0.999575987988409
0,0,5.901854646050372e-06
0,0,8.169970780568617e-06
1,1,0.9995651764333728
0,0,5.548970859224858e-06
1,1,0.9998469970551535
1,1,0.999649771666245
1,1,0.9988611248323702
1,1,0.9998142086736544
1,1,0.9998842953547319
1,1,0.9999026035283229
1,1,0.9997518396211804
0,0,1.0807626746660869e-07
1,1,0.9996760582115668
1,1,0.9997817863175616
1,1,0.9998228932215106
0,0,8.339208089895352e-08
1,1,0.9994068407881384
1,1,0.9998003953744291
0,0,1.351763490689791e-07
1,1,0.9997276816082488
1,1,0.9997214393322996
1,1,0.9997353845745307
1,1,0.9996149764590982
0,0,0.0012895172412813061
1,1,0.9996307176626851
1,1,0.999641804184012
1,1,0.9994274284853693
1,1,0.9994613775132603
1,1,0.9995703636183043
0,0,5.980301257518801e-06
1,1,0.9999306987197142
0,0,3.4154990578487613e-06
1,1,0.9996762285908888
0,0,5.9412436618025585e-06
0,0,5.956622778442997e-06
1,1,0.9991219821552881
0,0,8.543941384644407e-06
0,0,5.366754126738176e-06
1,1,0.9997531428325585
1,1,0.9999124751481283
1,1,0.9999253519961442
0,0,5.701209116974388e-06
1,1,0.9997018822092602
1,1,0.9999006300858204
1,1,0.9998464918366883
1,1,0.9998766521388651
1,1,0.9988953420960555
1,1,0.9998936561293775
1,1,0.9997585915505552
1,1,0.9995259182533656
1,1,0.9991377683442626
0,0,4.2623098301668385e-06
1,1,0.9996539056414686
0,0,4.5149997576734215e-06
0,0,0.0014314294441842392
0,0,5.177920355339717e-06
0,0,0.0010866712117184943
1,1,0.9995299556630007
0,0,4.9130853330981055e-06
1,1,0.9998076858871623
0,0,4.0633256150199645e-06
1,1,0.9997518576900325
1,1,0.9997917251307857
1,1,0.9994500584194337
1,1,0.9993468815524842
1,1,0.9991147546918306
1,1,0.9995685148642257
1,1,0.9995330052142557
1,1,0.9996683920784671
0,0,1.256129412042706e-07
1,1,0.999636672175419
0,0,6.768627560159259e-06
1,1,0.9999279567383519
1,1,0.9997569731936422
1,1,0.99877030989763
1,1,0.9994616813202547
1,1,0.9993128952216508
1,1,0.9996926236391637
1,1,0.9990401351327296
0,0,3.6374266995518027e-06
0,0,4.51403553138453e-06
1,1,0.9995525019764941
1,1,0.9997837746431182
1,1,0.9996491508960557
1,1,0.9997759999241144
0,0,1.2562219158529399e-07
0,0,8.672647257078161e-06
1,1,0.9994686501139222
0,0,4.415909942078627e-06
1,1,0.9989840733086619
1,1,0.9999255781517544
0,0,5.8444256387655555e-06
0,0,0.0006331395789055863
0,0,0.0007780099168026022
0,0,4.358887036940173e-06
1,1,0.9999084461624785
1,1,0.9995052682983986
1,1,0.9997931869190824
1,1,0.9999150743060331
0,0,3.2781116026285336e-06
1,1,0.9998014304583602
0,0,4.484785170075971e-06
1,1,0.9995829014977377
0,0,3.3933214087375827e-06
0,0,0.0009771619480864267
1,1,0.9984019132123093
1,1,0.9998134457293706
1,1,0.9998562045836042
0,0,4.5760098315604526e-06
1,1,0.9999077841132137
0,0,1.1384137989703396e-07
1,1,0.9996722854393932
0,0,3.3932749341105896e-06
0,0,5.771782690731114e-06
0,0,1.1123461904693927e-07
1,1,0.9994951772161524
0,0,3.531885645968331e-06
1,1,0.9998414606112974
0,0,9.840231726517597e-06
1,1,0.9998303112791496
1,1,0.999650815002693
1,1,0.9998097326175892
1,1,0.9999626353422206
0,0,1.2193432853519177e-07
0,0,5.499960519932987e-06
0,0,4.3038336174280376e-06
0,0,8.225300150266627e-06
0,0,6.799706954731264e-06
0,0,4.486871167571772e-06
1,1,0.9994889663618298
1,1,0.9996371716363801
1,1,0.9993670523701083
0,0,6.292083262893874e-06
1,1,0.9997633709284908
1,1,0.9998972012603295
1,1,0.999584877646555
0,0,5.449893583049746e-06
1,1,0.999869117884026
1,1,0.9993902971377686
1,1,0.9993692096008225
1,1,0.9998626710284215
0,0,5.423502868837895e-06
0,0,0.0007307392330923929
1,1,0.9998530436402102
1,1,0.9998224313653095
1,1,0.9982356773612457
1,1,0.9995432643740073
1,1,0.9998013216088945
1,1,0.9998391750087339
1,1,0.999908050346839
1,1,0.9996477005646782
1,1,0.9994949660200737
1,1,0.9998609840836973
1,1,0.9998166283347336
0,0,3.91692240236728e-06
0,0,0.001548031068539022
1,1,0.9996176220593812
0,0,8.94838812978315e-08
1,1,0.999733178019548
0,0,6.373735072323002e-06
0,0,1.2150917391278883e-07
1,1,0.9990708948847301
1,1,0.9995869954730624
1,1,0.9997378849518792
0,0,4.18300164505514e-06
0,0,0.0016143559102151741
1,1,0.9999059452462233
0,0,6.17952797856435e-06
0,0,6.115187893215518e-06
1,1,0.9997357801999449
1,1,0.9993964346620653
1,1,0.9997333061107081
0,0,4.971130197352109e-06
1,1,0.9992421035901176
1,1,0.9996295731937959
0,0,6.585073115646465e-06
1,1,0.999842255948945
1,1,0.9992806203462069
0,0,6.113554690317009e-06
1,1,0.9993948051888415
1,1,0.999296627793629
1,1,0.9995530983250538
1,1,0.9998458106299707
1,1,0.9999141924278989
1,1,0.9996509849168432
1,1,0.9998818867228519
0,0,0.0012807424916808784
1,1,0.9998390704301315
1,1,0.9998087549266148
0,0,4.532740684759033e-06
1,1,0.9997780024853198
1,1,0.9998374559585813
1,1,0.9997908000201394
1,1,0.9997126955563018
1,1,0.999707458488942
0,0,5.355811372383123e-06
0,0,3.464862663429766e-06
1,1,0.9992520293931174
1,1,0.9995217796599117
0,0,0.0022866225493924307
0,0,5.488673306702605e-06
1,1,0.9999109618863995
1,1,0.9998056057834381
1,1,0.9997378480578151
1,1,0.9997803879394604
0,0,4.357327490033018e-06
1,1,0.9997738976051656
0,0,6.934881095966196e-06
1,1,0.9997097810167453
0,0,0.0008634111626644373
1,1,0.9996810638611798
1,1,0.9998310513919397
0,0,3.893508330330337e-06
1,1,0.9997059828474714
1,1,0.9993562630257903
1,1,0.9988533332534794
1,1,0.9998340862433598
0,0,4.103657816042426e-06
1,1,0.9994300923150115
1,1,0.9998298947160064
1,1,0.9996672328812847
0,0,3.182994462151317e-06
1,1,0.9998831801798902
0,0,8.545360348315357e-06
0,0,4.324329775877403e-06
0,0,4.045913630815316e-06
1,1,0.9996607627988618
0,0,5.632165132030125e-06
1,1,0.9991607383831526
1,1,0.9993696551372965
0,0,3.900051037431503e-06
1,1,0.9999106287363392
1,1,0.9997531410697208
1,1,0.9997495819332146
0,0,4.501808657058461e-06
1,1,0.9994069229219206
1,1,0.9995570311471609
1,1,0.9993738218015311
1,1,0.9998106411551713
0,0,5.834715077300248e-06
0,0,4.3302581039891244e-06
0,0,4.37778880328058e-06
0,0,0.0014094417889615816
1,1,0.9997433899721363
1,1,0.9998958421216018
1,1,0.9995687005187548
0,0,5.799497895842201e-06
1,1,0.99906652009326
1,1,0.9998789093055229
1,1,0.9996801721774102
1,1,0.9996616945718285
0,0,1.0682486058730043e-07
0,0,1.1454608181486678e-07
1,1,0.999392917551527
1,1,0.9994541623915483
0,0,4.326911281647185e-06
1,1,0.9997837347578228
1,1,0.999800212846368
1,1,0.9997091942380287
0,0,4.9676248782470316e-06
0,0,1.1568699803875435e-07
1,1,0.9999444692594329
0,0,5.749691141142717e-06
1,1,0.999623553630188
1,1,0.999764956598216
0,0,1.0819418041610549e-07
0,0,7.86067002787248e-06
1,1,0.9993900237983088
1,1,0.9994472351245925
1,1,0.9993357320082596
0,0,3.6581264262503763e-06
1,1,0.9996476689358111
1,1,0.9997197088871266
0,0,0.0012030668799141112
1,1,0.9996044115468622
1,1,0.9995051637447507
1,1,0.9998762693904605
0,0,3.6655586781874216e-06
1,1,0.9998159037994713
1,1,0.9998084905343756
0,0,1.4372367356000546e-07
1,1,0.999907208941497
1,1,0.9999105210554757
1,1,0.9987773476448615
1,1,0.9991218927924067
0,0,5.4930294377092365e-06
1,1,0.9997259556446628
0,0,4.3922312315411265e-06
1,1,0.9988651581664881
1,1,0.9997001356367679
1,1,0.9998459168940527
1,1,0.9988409882470013
1,1,0.9997363349529933
0,0,5.74520399084502e-06
0,0,1.0296728251458731e-07
1,1,0.9997214141982264
1,1,0.9993695837439949
1,1,0.9989546491706076
1,1,0.9994677138198921
1,1,0.9997688538848547
1,1,0.9997983776085648
1,1,0.9999226278014282
1,1,0.99836909868349
1,1,0.9992585605367452
1,1,0.999755984350544
0,0,5.085895481169414e-06
0,0,1.0262508046318298e-07
1,1,0.9997911404304546
1,1,0.9994963302074445
1,1,0.9998503315836229
0,0,1.2017014077667302e-07
1,1,0.9988026697863145
1,1,0.9999304429090706
1,1,0.9998017016971109
1,1,0.9993922910649673
1,1,0.9998182262930169
1,1,0.9995814238649161
0,0,4.841160225947796e-06
1,1,0.9998370326351932
0,0,4.4231499166525934e-06
1,1,0.999711034786703
0,0,4.617515916025338e-06
0,0,1.1015045678142022e-07
0,0,1.059594461008556e-07
1,1,0.9997318116904629
1,1,0.9988913497129573
1,1,0.9998879480342207
1,1,0.9998311857664554
0,0,6.151184738772346e-06
1,1,0.9997561982378108
0,0,5.5222659303181705e-06
0,0,4.018212205173327e-06
0,0,3.0814973020851796e-06
1,1,0.9995216049361721
1,1,0.9997581960887237
0,0,0.0010840219413111914
0,0,1.0325278275301855e-07
1,1,0.9998029701112002
0,0,0.000569953203909428
0,0,3.3646646082381184e-06
1,1,0.9998000499588023
1,1,0.9998614170369073
0,0,0.001248821556742358
1,1,0.9998113797058092
1,1,0.9994657228625112
0,0,3.815197739598381e-06
1,1,0.9980426516189216
0,0,1.1060498490102392e-07
1,1,0.9997112486074061
1,1,0.9998833006780329
1,1,0.9998301332272829
1,1,0.9996193931095977
0,0,4.8404895082853715e-06
0,0,0.0009257034417214884
1,1,0.9995232281557317
0,0,1.1078063765984852e-07
1,1,0.9995391898353493
0,0,0.0012283499365796566
0,0,1.038993359271998e-05
1,1,0.9997964167372423
1,1,0.9996625732276917
1,1,0.9998606087635187
0,0,5.581962961419918e-06
0,0,3.7465708709013073e-06
0,0,6.238167197198279e-06
0,0,0.0007503811580858705
1,1,0.9999195864865754
0,0,0.0017283911749866492
1,1,0.999616385368015
0,0,6.0508851572230325e-06
0,0,0.0007804675505335224
1,1,0.9994639589581955
0,0,4.16456478258434e-06
0,0,0.0015881192870142045
0,0,6.120810075467145e-06
1,1,0.9999344211214701
0,0,1.0883233288631896e-07
1,1,0.9998115905979705
1,1,0.9990016787233715
0,0,0.0009375420380642756
1,1,0.9995677950164821
1,1,0.9997940338287007
0,0,4.319750000290072e-06
1,1,0.9995103094548534
0,0,6.93166137875229e-06
1,1,0.999874759707713
0,0,8.9489589165765e-06
1,1,0.9998762529586406
0,0,1.0267707155684136e-07
0,0,4.98429645053898e-06
1,1,0.9998252662954971
0,0,4.935187429487853e-06
1,1,0.9997462933366725
1,1,0.9997477405156713
1,1,0.9998341154928126
1,1,0.9998252051974595
1,1,0.9998699428956642
0,0,5.0713723702975896e-06
0,0,0.0010866129042982702
1,1,0.999881909273767
1,1,0.9997590684848949
0,0,4.924371473362167e-06
0,0,3.6194839256244897e-06
0,0,1.1398073763914638e-07
0,0,3.80634097303449e-06
0,0,8.091740400136098e-06
1,1,0.9994662338695853
0,0,9.560270283606394e-06
1,1,0.999650059048494
0,0,1.1000883834684088e-07
0,0,6.6166570925455895e-06
1,1,0.9997885069663296
0,0,4.946171810991486e-06
1,1,0.9996822722537771
0,0,4.163110368848381e-06
0,0,0.0007223287104493625
1,1,0.9998615630065336
0,0,5.3742028075936946e-06
1,1,0.9996493393484357
1,1,0.9997409708148154
1,1,0.9995570497078199
0,0,5.826064702050098e-06
1,1,0.9998232073995728
0,0,5.525226698588045e-06
1,1,0.9995083938661469
0,0,7.185728439053151e-06
0,0,3.6150848670315395e-06
1,1,0.9988876776857981
1,1,0.9998381047489586
1,1,0.9995753914289456
0,0,1.0667685572992015e-07
1,1,0.99967423366265
1,1,0.9999062855769267
1,1,0.9998961612649262
0,0,6.883329098472584e-06
1,1,0.999220396307931
1,1,0.9997714064975565
0,0,4.583895161969609e-06
0,0,9.236087191186589e-06
0,0,4.749671510377572e-06
0,0,1.1023077678621098e-07
1,1,0.9998446861303082
1,1,0.9998759338480859
0,0,4.1763066693125624e-06
0,0,0.0013971699553966348
1,1,0.9995349301866919
1,1,0.9996061637417993
0,0,4.428164209176509e-06
0,0,6.693809031559718e-06
0,0,3.878247608962274e-06
0,0,4.071925351411848e-06
1,1,0.999621727813106
0,0,4.720855131713708e-06
1,1,0.999932241967362
1,1,0.9990775411567638
1,1,0.9998477497421172
1,1,0.9990056803993796
1,1,0.9997565986171907
0,0,5.7982588165866725e-06
1,1,0.999621834607434
0,0,4.471055158752801e-06
1,1,0.998685297349803
1,1,0.9998482781630885
0,0,3.963825238409323e-06
1,1,0.9996241208535875
1,1,0.9997382105207463
1,1,0.9997240960788706
1,1,0.999764855348642
0,0,5.352699621699899e-06
0,0,0.0012411618670830822
1,1,0.9998981693380096
0,0,1.1701756312190182e-07
1,1,0.9995982426475848
1,1,0.9991735317925077
1,1,0.9997360164659665
1,1,0.9983848678674768
1,1,0.999896498321719
0,0,0.0012449379020428772
0,0,4.68671459389319e-06
0,0,5.216463746113272e-06
1,1,0.9998271861875675
0,0,0.002045880655576535
1,1,0.9995151513453475
1,1,0.9998903871077569
0,0,8.176521228669032e-06
1,1,0.9997255146664428
1,1,0.999747752763947
1,1,0.9996841293722598
0,0,4.8015779067682504e-06
1,1,0.9997458830107959
1,1,0.9996639692966803
1,1,0.9998508139829777
1,1,0.9997789113659502
1,1,0.9997981141838088
1,1,0.9990898868166461
1,1,0.999754556560309
1,1,0.9996381093099604
1,1,0.9998614554173206
0,0,1.2014723261384413e-07
0,0,1.1611408782764779e-07
1,1,0.9995468545518352
1,1,0.9995736623551529
1,1,0.9996297144815037
1,1,0.9996961309265993
0,0,1.0257170196084113e-07
1,1,0.999025755757382
1,1,0.9998045555746615
0,0,5.18991670334916e-06
1,1,0.9996117943571194
0,0,9.624460673894945e-06
1,1,0.9979584250123673
1,1,0.9998753988954424
1,1,0.99983564685973
0,0,4.482813873906393e-06
1,1,0.9995626814694206
0,0,7.139965220521122e-06
0,0,5.339281094025135e-06
0,0,4.0006276142538895e-06
0,0,8.227386047305943e-08
0,0,1.3134769390965835e-07
1,1,0.9997646412030747
0,0,3.968677593674156e-06
0,0,1.1493533162463194e-07
0,0,0.0005477641089234512
1,1,0.9996679978176878
0,0,1.1401173861367686e-07
0,0,7.161077217593783e-06
0,0,5.345265340320591e-06
1,1,0.9999045165705815
1,1,0.9997755962255179
0,0,0.0009821284015793029
0,0,6.515384392092357e-06
1,1,0.9993980583249444
0,0,5.249523643978565e-06
1,1,0.999673168853463
1,1,0.9997894362021389
1,1,0.9998530365489672
1,1,0.9997297499439913
1,1,0.9998163568377934
0,0,4.257874186942704e-06
1,1,0.9998117521727947
1,1,0.9996315383329039
1,1,0.9996609176297166
0,0,0.0005153676350255681
1,1,0.9996882283783285
1,1,0.9994347710433523
1,1,0.9996170855968457
1,1,0.999702009921493
1,1,0.9996835844249404
1,1,0.9997624435535072
1,1,0.9993612367395867
0,0,8.43487289460692e-06
0,0,4.981649900897308e-06
0,0,3.4008521189221975e-06
1,1,0.9998966934433582
1,1,0.9997863111475322
1,1,0.9999078695461596
1,1,0.9995911382203471
1,1,0.9995254437145998
0,0,5.267698935502517e-06
1,1,0.9995134863709493
1,1,0.9998161280876554
1,1,0.9998013324832008
0,0,4.398777501748205e-06
1,1,0.9994869981018276
0,0,1.1722581863265678e-07
1,1,0.9998412135949375
0,0,3.2681974654822806e-06
0,0,6.246435588678598e-06
0,0,9.22946507048381e-08
1,1,0.9993695927221514
1,1,0.9998979921757942
1,1,0.9994536185800899
1,1,0.9995966788891387
1,1,0.9996975985983759
0,0,4.31156436508459e-06
1,1,0.999740558084271
1,1,0.9999051805509233
1,1,0.999805957376381
1,1,0.9996968374468294
1,1,0.9997720913034726
1,1,0.9992472671980303
1,1,0.9995711545407
0,0,4.603181146089343e-06
1,1,0.9996111218445786
1,1,0.9999000363600243
1,1,0.9995800553665473
1,1,0.9996405361205547
1,1,0.9998799076129843
1,1,0.9997916538327996
1,1,0.9989702359087537
1,1,0.9997143874558636
1,1,0.9999210484633966
1,1,0.9998222238056654
1,1,0.9998827284026971
1,1,0.9996827638937315
1,1,0.9996963594986347
1,1,0.9994924341459441
1,1,0.9997884894858202
0,0,1.1691206617049885e-07
1,1,0.9998827921520054
0,0,4.488781876723257e-06
1,1,0.9997377658720364
1,1,0.9997797070716421
0,0,1.1254028994188624e-07
1,1,0.9994528369384974
0,0,5.488849338609565e-06
0,0,0.0009314028343376776
0,0,5.754068287317068e-06
0,0,0.0015948341412299193
0,0,4.932775943343712e-06
0,0,0.0008056264698166896
1,1,0.9998435740002657
1,1,0.999464475993006
0,0,0.001188874181279495
0,0,5.053626914065342e-06
0,0,0.0004730619425261968
1,1,0.9999023349804579
1,1,0.9998503211186903
1,1,0.9996472467410908
1,1,0.9997913743184885
0,0,5.601905460234346e-06
1,1,0.9999045418886361
0,0,4.9273249595429835e-06
1,1,0.9995339035693587
1,1,0.9998367607945394
0,0,3.6679595359018526e-06
0,0,3.671105240802261e-06
0,0,1.020435192485317e-07
1,1,0.9993371397216116
0,0,1.106020679251379e-07
0,0,8.046746601779102e-06
1,1,0.9999011629552286
1,1,0.9996126188019746
1,1,0.9998820024252802
1,1,0.999322379181419
1,1,0.9996529046330541
0,0,4.986592270772151e-06
1,1,0.9995337471105674
1,1,0.9998011630283872
0,0,3.911999478271815e-06
0,0,1.0845314336110734e-07
0,0,4.535096157616684e-06
0,0,5.046506676618576e-06
0,0,4.477991080055439e-06
0,0,1.0114385661986786e-07
0,0,3.890415364563447e-06
0,0,4.804616798953053e-06
0,0,1.0143618612285741e-07
1,1,0.9998169350918974
0,0,1.165265107956771e-07
1,1,0.9996292335409794
1,1,0.9998675635115549
1,1,0.9992384333295993
1,1,0.9999206237570668
0,0,1.1421471618078748e-07
0,0,4.414069949240117e-06
0,0,4.365390580075513e-06
0,0,0.0012167092656348375
1,1,0.9995553281982663
1,1,0.9995667545550077
0,0,1.2242607643062273e-07
1,1,0.9996738508737196
0,0,3.7990811821502957e-06
0,0,4.8470595350150924e-06
1,1,0.9999007052543563
1,1,0.9995246341849431
1,1,0.9998693418675892
1,1,0.9999245552232509
1,1,0.9997859510200934
1,1,0.9997584314695335
1,1,0.9997487182178441
1,1,0.999737932670654
1,1,0.9992930394185514
1,1,0.9999149560200953
0,0,5.0639051722544805e-06
0,0,5.466146790372731e-06
0,0,5.592301187990758e-06
1,1,0.9994936922479009
0,0,0.0016642674662369341
0,0,1.2108624635709956e-07
0,0,3.7045286054292976e-06
0,0,5.7008193996065775e-06
0,0,4.541223397802842e-06
0,0,1.106764810954122e-07
1,1,0.9996496252845277
0,0,0.0008667949085054608
1,1,0.9992583011337777
1,1,0.9993541555504071
1,1,0.9993984834547833
0,0,3.6330608396520954e-06
0,0,4.187213842650838e-06
1,1,0.999471655221901
1,1,0.9995259194415327
1,1,0.9998946862433685
0,0,0.0018686416908903474
0,0,1.3746198273390858e-07
1,1,0.9998173751565281
0,0,4.452041023103597e-06
1,1,0.9993767369378277
1,1,0.9996339337961995
1,1,0.9995107793805861
0,0,6.3287637341072075e-06
1,1,0.9995603567484795
1,1,0.9993878501991119
1,1,0.999652822833711
1,1,0.9998758152195851
1,1,0.9988422948385819
0,0,6.786431086779129e-06
1,1,0.9993374166604388
0,0,4.019398208983455e-06
0,0,4.647501338722529e-06
1,1,0.999768020567205
1,1,0.9998162378724175
0,0,0.001313110850432451
1,1,0.9997136415274486
0,0,3.5214156221525006e-06
1,1,0.9998141063099801
1,1,0.9995748167213778
0,0,1.1736104214486128e-07
1,1,0.9992258705884447
0,0,3.7132808150059903e-06
0,0,1.0005916954501281e-05
1,1,0.9992324121055169
0,0,8.001810089695532e-06
1,1,0.9987514672743373
0,0,9.027892497466763e-06
0,0,1.1576567385721235e-07
0,0,3.7124302484382128e-06
1,1,0.9998883624948196
1,1,0.9995017380725281
1,1,0.9986390855408112
0,0,4.10161002131889e-06
1,1,0.9994260291766577
1,1,0.9993758730677298
0,0,2.6904025089639395e-06
1,1,0.9997727563987436
1,1,0.9991966231070015
0,0,9.331944362375401e-08
1,1,0.999669249035908
0,0,4.223940469796886e-06
1,1,0.9998521212565598
1,1,0.9996394893612223
1,1,0.9994455833497325
0,0,1.1656210336604046e-07
1,1,0.9996584984095077
1,1,0.9998758203861134
1,1,0.9988335879880197
0,0,4.2054070226388745e-06
1,1,0.9993879113489369
0,0,3.4502836079939273e-06
1,1,0.9998693718279075
1,1,0.9999098814318769
1,1,0.9997272873954741
0,0,4.913124725016744e-06
1,1,0.9998181213531305
1,1,0.9998766009316219
0,0,1.0807358384251048e-07
1,1,0.999451483582525
1,1,0.9997199326539139
0,0,0.0005813707631049817
1,1,0.999948184472562
0,0,9.130463234009425e-08
1,1,0.9997731144180187
1,1,0.9995767026826885
1,1,0.9997823377898537
1,1,0.9996313099768275
1,1,0.9991062610438808
1,1,0.9994129534188887
1,1,0.9997773015789451
1,1,0.999699151491723
1,1,0.9997386197653465
1,1,0.9992602070565964
0,0,9.277411519604137e-08
1,1,0.9996858962563486
1,1,0.999632330229298
1,1,0.999841212753968
0,0,6.671513732516256e-06
0,0,1.4035937688282534e-07
0,0,4.682817547397268e-06
0,0,1.135078524226553e-07
1,1,0.9995959378769489
1,1,0.9993307993051058
0,0,0.0017716927205190392
0,0,8.32658822637022e-06
0,0,1.20388755333908e-07
1,1,0.9996851031679264
1,1,0.9996535249737518
1,1,0.9998414684673822
1,1,0.9997145067434403
1,1,0.9991356079595313
1,1,0.9997117897180146
0,0,6.275056673307437e-06
0,0,3.5161619372082848e-06
1,1,0.9996537558502973
0,0,1.2037226443311263e-07
1,1,0.9990105132348538
1,1,0.9997898481451499
1,1,0.9999406585070348
1,1,0.9998015980362935
1,1,0.999434658779424
1,1,0.9993106263173612
1,1,0.9999489742737907
1,1,0.999713835980625
1,1,0.999803500351477
0,0,1.2074737722614325e-07
1,1,0.9998088113467765
1,1,0.9997969956439171
1,1,0.9996953741941411
0,0,3.5647649543201957e-06
0,0,7.268736417210636e-06
0,0,0.0007994967001689411
1,1,0.9998207653720687
1,1,0.9993383238236813
0,0,0.0014567441000700072
1,1,0.9990786226806107
1,1,0.9996033605407162
1,1,0.9996130663843737
0,0,6.165334480001146e-06
1,1,0.9997393885936551
1,1,0.999913091322794
1,1,0.9997089097796645
1,1,0.9997380902266869
1,1,0.9997950406531461
1,1,0.9997544502236626
0,0,6.711868279240655e-06
1,1,0.9994731456527958
1,1,0.9998217384100263
1,1,0.999330988939562
0,0,9.143346169866494e-08
1,1,0.9999509384876707
1,1,0.9998681221228047
1,1,0.9996398038477579
0,0,5.407289625579712e-06
0,0,4.161914215338806e-06
1,1,0.9997629715938838
1,1,0.9995481393252187
1,1,0.9998340578015396
1,1,0.999654640561571
0,0,3.890857362639227e-06
1,1,0.9998298933263682
0,0,7.519096015862428e-06
1,1,0.9996539683162241
1,1,0.9993151209316095
1,1,0.9996283835126417
1,1,0.9998810280885608
1,1,0.9997298359777151
1,1,0.9997744142009871
1,1,0.9998077855387802
1,1,0.9999219858008112
1,1,0.9999027936907513
1,1,0.9999264751635007
0,0,0.0010914323352500996
0,0,3.593829864701419e-06
0,0,3.917576125134935e-06
1,1,0.9997508596285143
1,1,0.9998289202639014
0,0,3.9994662532134835e-06
1,1,0.9995352400869318
0,0,3.709957177396856e-06
1,1,0.9996568988474468
1,1,0.9989055915804458
1,1,0.9996826418333259
1,1,0.9998672864112217
1,1,0.9995615326328018
0,0,8.52386385282308e-06
0,0,6.961802303149828e-06
0,0,8.010662392472454e-06
1,1,0.9997339416839155
1,1,0.9996396575408593
0,0,6.0954493171815295e-06
0,0,6.518568034794166e-06
1,1,0.9999151586023615
0,0,0.001329371249711798
0,0,3.94176535519844e-06
1,1,0.9999263288139133
1,1,0.9994600783952233
0,0,1.1485640578156264e-07
1,1,0.9996948673437611
1,1,0.9997435359343673
1,1,0.9995794996879169
0,0,6.070288517756033e-06
1,1,0.9994001706326835
0,0,3.1855396511501173e-06
1,1,0.999783030712425
0,0,7.43294503569051e-06
1,1,0.9996089108661439
1,1,0.9997658225850108
1,1,0.9998358214634477
1,1,0.9999248229474621
1,1,0.999794944839801
1,1,0.9996215129487962
0,0,4.6502710861817924e-06
0,0,0.0006153563396102448
1,1,0.9993874560883699
1,1,0.9996215284670114
1,1,0.9975277962673825
1,1,0.9998743439244405
1,1,0.9993457235125992
1,1,0.9995865551691212
0,0,3.446754073093485e-06
0,0,1.289362245834718e-07
0,0,0.0010850825680849424
0,0,1.213884586765561e-07
1,1,0.9996536965893097
0,0,6.052330123869476e-06
1,1,0.9995734444767034
1,1,0.9997244736100556
1,1,0.9992268313447219
1,1,0.9998202263376121
0,0,3.486319590057021e-06
0,0,1.1105599969361616e-07
1,1,0.9997711147960693
0,0,5.0906717755579914e-06
1,1,0.9996161187090448
0,0,4.594511594167674e-06
0,0,4.435294750230438e-06
1,1,0.9999262889862829
1,1,0.999871865546212
1,1,0.9998589122316144
0,0,9.171230872634549e-06
1,1,0.9997828338129582
0,0,0.0008689876548289407
0,0,1.0247037922230923e-07
0,0,0.0013661152429416045
0,0,1.2131594737389415e-07
1,1,0.9998703901877616
0,0,6.534711880167084e-06
0,0,4.976821052585495e-06
1,1,0.9998148473877171
1,1,0.9995909173461212
1,1,0.9997579267596447
0,0,3.5948819925235858e-06
0,0,1.073304590879869e-07
0,0,0.0005680826953384554
0,0,6.422289203266916e-06
1,1,0.9993767584464519
1,1,0.9996648150823909
1,1,0.9994464039620393
1,1,0.9995705086582292
0,0,3.127629604632509e-06
1,1,0.9995837639672907
0,0,3.3982793794308878e-06
1,1,0.9995952154384822
0,0,8.893451637066161e-06
0,0,8.195266136366656e-06
1,1,0.9988650309159214
0,0,1.1121784088715585e-07
1,1,0.9998027158952432
1,1,0.9997105306734809
1,1,0.9997366579109397
1,1,0.9993713051349988
1,1,0.9998824146137206
1,1,0.9996711825527002
1,1,0.9996267894324549
0,0,6.169041423169996e-06
1,1,0.999907849174715
0,0,7.745189141677299e-06
1,1,0.9998003131928886
0,0,1.0946814037967293e-07
1,1,0.9997034539663324
1,1,0.99980950315403
1,1,0.999470304074525
0,0,8.087738580889953e-06
0,0,4.5752389335815715e-06
1,1,0.9987183431846994
1,1,0.9998866359873863
0,0,3.865162254213989e-06
1,1,0.9995103250442166
1,1,0.9998501032277545
0,0,1.170296783035503e-07
0,0,4.830737744184355e-06
1,1,0.99969341100704
1,1,0.9991546830628711
0,0,4.924916839687538e-06
0,0,6.907457889758114e-06
0,0,5.197210572575438e-06
0,0,4.163775913141043e-06
0,0,8.388738599206122e-06
1,1,0.9998602413516703
1,1,0.9995126700881186
1,1,0.9998174891616557
1,1,0.9998760421977672
0,0,7.086329820517262e-06
1,1,0.9994691774766805
0,0,1.2009980557176072e-07
1,1,0.9997533290517405
1,1,0.9997987995018541
1,1,0.9997069911773006
1,1,0.9998124853217263
1,1,0.9997762180211953
0,0,5.645789442242284e-06
1,1,0.9998380273012318
0,0,7.3414757019952025e-06
1,1,0.9998339583460322
0,0,3.922544374079803e-06
1,1,0.9996788167979721
1,1,0.999450096938658
1,1,0.9997591890138908
1,1,0.9998913360695401
0,0,6.274505548749607e-06
1,1,0.9997149456010973
1,1,0.9997884976110498
0,0,7.669646684358641e-06
0,0,2.8843408643108086e-06
1,1,0.9997386614242282
0,0,1.0535476212547357e-07
1,1,0.9994678476418254
1,1,0.9998734365238646
1,1,0.9997405065584996
1,1,0.9990323175694323
0,0,3.2161795294926754e-06
1,1,0.999952401684854
1,1,0.9995078794016768
1,1,0.9998959054995908
0,0,4.475239322206055e-06
1,1,0.9991840739403103
0,0,6.4592792656216474e-06
1,1,0.9994810867018562
1,1,0.9997333290080173
1,1,0.9996019709203697
1,1,0.9994016127793044
1,1,0.9993408890085741
0,0,0.0012998873425411068
1,1,0.9997079826984234
1,1,0.9998948917560178
1,1,0.9991320684006872
1,1,0.9996401373536179
0,0,0.000833609248623438
1,1,0.9997970985391045
1,1,0.9998124630672028
0,0,0.0006250718009896673
0,0,1.0059702789985546e-07
1,1,0.9994625728480617
0,0,3.830490916538239e-06
1,1,0.999933758964725
1,1,0.9998943979473812
1,1,0.9997416604135079
1,1,0.9994129946957736
1,1,0.9998620553026548
1,1,0.9997429958692734
1,1,0.9999113089394918
0,0,7.113277008910105e-06
1,1,0.9999488807939146
1,1,0.9989053576038223
0,0,5.499204742173341e-06
1,1,0.9998878179547377
1,1,0.9997664061727514
1,1,0.9992017262360433
1,1,0.9992576961943309
1,1,0.9994980177817123
1,1,0.9991772156236414
1,1,0.9996250684097566
1,1,0.999675303785306
1,1,0.9994210071220494
0,0,4.659363586333098e-06
0,0,0.001267402382530134
1,1,0.9993853010888543
1,1,0.9997587508050505
1,1,0.9998924202993696
1,1,0.9997813776750256
1,1,0.9989727485808682
1,1,0.9997287178533062
1,1,0.999825722729129
1,1,0.999963166176257
0,0,6.034176514043365e-06
0,0,0.0012615421422336021
0,0,0.0010667142995182618
0,0,4.028253309661893e-06
1,1,0.9998132378890741
1,1,0.9989431255261305
1,1,0.9996188860226691
1,1,0.9993943720848952
0,0,4.488724007632609e-06
1,1,0.9994873914280705
0,0,6.2661098852486476e-06
1,1,0.9986986248002016
1,1,0.9998463821296346
1,1,0.9996725269623461
0,0,4.479999217826288e-06
1,1,0.9997933727299738
1,1,0.9999287738491532
1,1,0.999694008955887
1,1,0.9998605386340922
1,1,0.9997533840917837
0,0,4.6206304752994e-06
0,0,0.0014141222715854732
1,1,0.9995930541439835
1,1,0.9990818446556703
1,1,0.9997568670175794
1,1,0.999900493133778
1,1,0.9998887454068023
1,1,0.9992877173814045
1,1,0.9997551589754583
1,1,0.9998854699864809
0,0,0.0010396150915320864
1,1,0.9995407956845603
1,1,0.9998984978289742
1,1,0.9998533298695428
1,1,0.9998978957611607
1,1,0.9996384270410451
1,1,0.9990014179191694
1,1,0.9993198066053555
1,1,0.9998158928766324
1,1,0.9999139225056424
0,0,3.864678513577445e-06
0,0,3.6510023157700037e-06
0,0,7.441021557689859e-06
1,1,0.9998727107969227
1,1,0.9997491546414237
1,1,0.9998442778667332
0,0,3.8978089043846464e-06
1,1,0.9996657294764837
1,1,0.9998255761714161
1,1,0.9996500220094316
0,0,4.727764889165383e-06
1,1,0.9991150734580897
1,1,0.9991566715797142
1,1,0.999460411621748
1,1,0.9997161844391852
1,1,0.9997687237298898
1,1,0.9997256268025557
1,1,0.9999232406042486
1,1,0.999597300322838
1,1,0.9999197275557231
1,1,0.9998753399154848
1,1,0.999461654879947
1,1,0.9993601310377894
1,1,0.9996355628578466
1,1,0.999780519840867
1,1,0.9996994221814588
0,0,0.0009542254317222438
0,0,0.0007048726719834946
0,0,4.442810514849183e-06
1,1,0.9991370857093074
1,1,0.9994441242032149
0,0,6.589685063247042e-06
0,0,0.001382278553677867
1,1,0.9996952876164787
0,0,0.0009534313034038589
0,0,8.462057872771423e-06
0,0,2.938922304166604e-06
0,0,1.2057423659087707e-07
1,1,0.9996789928383231
0,0,8.267045470612578e-08
1,1,0.999389930867496
1,1,0.999458834307754
1,1,0.9992546361696051
0,0,3.842809974617559e-06
0,0,1.1546880991807451e-07
0,0,6.235255293905243e-06
1,1,0.9995968699412269
0,0,7.066117368918687e-06
0,0,1.2603843041320888e-07
0,0,1.1084953092602031e-07
0,0,5.317796826438547e-06
1,1,0.9999201018788155
1,1,0.9997227636031013
1,1,0.9998699657930711
1,1,0.9992954648193642
1,1,0.9998038241296252
1,1,0.9997727640377736
1,1,0.9992878465419744
1,1,0.9994249781299005
1,1,0.9996314054787868
1,1,0.9998143787523066
0,0,5.549299277000093e-06
1,1,0.9995799181800686
1,1,0.9997996401517855
0,0,1.210051234380864e-07
0,0,6.501575025398866e-06
0,0,4.365109927286108e-06
1,1,0.9995920238345499
1,1,0.9995522347160165
1,1,0.999556714753732
1,1,0.9998195057612538
0,0,5.458732427078387e-06
0,0,4.880312057454897e-06
1,1,0.9997797511985765
1,1,0.9998612624035385
1,1,0.9998795349017144
0,0,0.0008116448691365802
1,1,0.999720838219232
0,0,0.0007983029306714517
1,1,0.9998737575979737
0,0,1.2233001515733419e-07
0,0,4.532044764550768e-06
0,0,5.62793045837246e-06
0,0,0.0015551147344468666
0,0,5.742004574114755e-06
0,0,6.109967431957063e-06
0,0,3.4220263205559338e-06
0,0,0.0010213819316188789
1,1,0.9995339431015515
0,0,1.1516488631928973e-07
1,1,0.9997602315753016
1,1,0.9998167141778148
0,0,1.0329948133381272e-07
1,1,0.9995691395613072
1,1,0.9997524474737465
0,0,1.1465641179988775e-07
1,1,0.999866793793185
1,1,0.9995830487088446
1,1,0.9996191920808609
1,1,0.9997961789145821
1,1,0.9997298985026347
0,0,5.590818431938368e-06
1,1,0.9997106784693126
1,1,0.999630843690475
0,0,0.0017507396775013387
1,1,0.9993702227319498
1,1,0.9998235947523836
0,0,0.0008785219266428903
1,1,0.9997051311800015
1,1,0.9995772489806941
0,0,5.117552091153359e-06
0,0,5.717256540605816e-06
1,1,0.9996646652168001
1,1,0.9999390489014547
1,1,0.9998862176035246
1,1,0.9998469621587441
0,0,4.155660953241254e-06
0,0,0.0004135476254159816
0,0,0.0008222272987748367
0,0,0.001836857295630908
1,1,0.9997868581276999
1,1,0.9996151207459317
1,1,0.9995707661947609
1,1,0.9998843858409664
1,1,0.9998764820625574
0,0,5.088053325430463e-06
1,1,0.9996607935729962
0,0,1.1093158153576763e-07
1,1,0.999791360939672
1,1,0.999393410678534
1,1,0.9997179629631028
0,0,4.7673078748049715e-06
1,1,0.9997687476212413
0,0,0.0014055595349501174
1,1,0.9996869297322135
1,1,0.9999195652404111
0,0,5.484916197585732e-06
1,1,0.9997719300055772
1,1,0.9991299530561664
0,0,5.1478104354327855e-06
0,0,5.773524031699134e-06
1,1,0.9996432279542117
0,0,3.5937222753006544e-06
1,1,0.9997319835808005
1,1,0.9997663376757646
1,1,0.9995192161279044
1,1,0.9998057713118617
1,1,0.9996269178926226
0,0,3.63954835363605e-06
0,0,1.0951966035239195e-07
1,1,0.9998075239959092
0,0,4.683759425983066e-06
0,0,5.068938594671444e-06
0,0,4.34744713300414e-06
1,1,0.9997061619096361
1,1,0.9997459359939511
0,0,0.0005029532289245385
1,1,0.9999117562548859
1,1,0.999461366890386
1,1,0.9991081471134678
1,1,0.9996468202249357
0,0,5.8157653677438945e-06
1,1,0.9999039487428132
1,1,0.999920769924156
1,1,0.9996581238243527
0,0,4.8097253088764595e-06
1,1,0.9998593085131138
0,0,1.101177464361095e-07
0,0,3.5748649735614776e-06
0,0,4.800600040737879e-06
1,1,0.9998593910592032
1,1,0.9996491153245077
1,1,0.9998515037221588
1,1,0.999923635820796
0,0,4.209508744607532e-06
1,1,0.9997241360849504
1,1,0.9997752771325915
0,0,1.21615948385937e-07
1,1,0.9998541964744219
1,1,0.9996536798092029
1,1,0.9986945872161153
0,0,4.854131115840512e-06
1,1,0.9996131737225545
0,0,1.0236000218067989e-07
1,1,0.9997090363969627
1,1,0.9995893306764928
1,1,0.9983224718292832
1,1,0.999714792220914
0,0,0.0015308022068091687
1,1,0.9994804098583682
1,1,0.9998663169231241
1,1,0.9997507508578126
0,0,4.692630732142225e-06
1,1,0.9999152893613746
0,0,0.0009534636988951565
0,0,3.7043637242614077e-06
1,1,0.9998433739366851
1,1,0.9995595410667337
1,1,0.9997561817825036
0,0,1.1562377096106521e-07
1,1,0.9998113401266604
1,1,0.9996948012272624
0,0,7.428396026079279e-06
1,1,0.9999532063085103
1,1,0.9996608316488889
0,0,5.152057013718026e-06
1,1,0.9998307339530658
1,1,0.9996432167205593
1,1,0.999641855437296
1,1,0.9995260482636208
0,0,1.1458172344361425e-07
0,0,6.2711788831616545e-06
1,1,0.9997070084326454
0,0,3.4240186015130654e-06
0,0,3.929716411918866e-06
1,1,0.9995890525262008
1,1,0.9998417065348646
1,1,0.9997432938243543
0,0,0.0010861184261374526
1,1,0.9999026107596319
1,1,0.9996420594872893
1,1,0.9997861481737627
1,1,0.9988626067332216
1,1,0.9998693154028223
1,1,0.9998600977616251
1,1,0.9997949580448019
0,0,6.032596710407842e-06
1,1,0.9994979619473542
1,1,0.9998610937995844
1,1,0.9996524216281643
1,1,0.9997049028667183
1,1,0.9998121910649903
0,0,0.0013863238935471957
1,1,0.99980355196868
0,0,1.0259031306641001e-07
1,1,0.9996400411753632
1,1,0.9995254671674766
1,1,0.9995920510670083
0,0,4.99615588970194e-06
1,1,0.9993049319618906
1,1,0.9999093307460399
0,0,5.006366894034021e-06
0,0,4.037067474307662e-06
1,1,0.999779893246242
0,0,6.1301125517776265e-06
1,1,0.9995619262053734
1,1,0.999743937222429
0,0,0.0005264068497116326
1,1,0.9998637481684811
1,1,0.9998209224068383
0,0,0.0013908783812072547
1,1,0.9998378366143128
0,0,0.0008733201204882974
1,1,0.9999475278747253
0,0,5.2182978103359654e-06
0,0,3.9469743896037725e-06
1,1,0.9995583424773222
1,1,0.999891529415529
1,1,0.999778070153365
1,1,0.9996078940477989
1,1,0.9994516842027568
1,1,0.999932747784285
1,1,0.9997614111884857
1,1,0.9996258672698805
0,0,0.0009432809743861958
0,0,2.6967691937625856e-06
0,0,1.1509900589515663e-07
1,1,0.9980426413865153
0,0,5.5804806057209276e-06
1,1,0.9996203001577844
1,1,0.9998569624876825
1,1,0.9998342896100594
0,0,1.1631168418668224e-07
1,1,0.9997414096203431
1,1,0.9997241279023803
0,0,0.0006539423496028514
1,1,0.9996155711946773
0,0,7.688549218907773e-06
1,1,0.999928377970616
1,1,0.9997914284903311
0,0,4.990936565996845e-06
1,1,0.9996992794530903
0,0,2.500214471027438e-06
0,0,8.53613831268784e-06
0,0,4.429474998002611e-06
0,0,4.7023583540044e-06
1,1,0.9998543951893637
1,1,0.99940854239841
1,1,0.9996860147700295
1,1,0.9997806977420127
1,1,0.9997885739036407
1,1,0.9998670593382047
0,0,1.1395071149123137e-07
0,0,1.1770805059279067e-07
0,0,4.179253710921715e-06
0,0,5.8108322323571145e-06
0,0,0.0006067738676361839
1,1,0.9998857275968733
1,1,0.9995438271516829
0,0,6.0920481334303125e-06
1,1,0.9993624688288026
0,0,3.5948012652442404e-06
1,1,0.9999093834584082
0,0,3.738954392690314e-06
0,0,6.397528451816685e-06
1,1,0.9995131979477169
1,1,0.9997428523950999
0,0,5.384008489963002e-06
0,0,1.2799175431072044e-07
1,1,0.9996645071938575
1,1,0.9997614530492015
0,0,6.231932206700653e-06
1,1,0.9997645221287522
1,1,0.9996048156007723
1,1,0.9998223384486142
1,1,0.9996887219457878
1,1,0.9998685871170934
0,0,4.56737320450884e-06
1,1,0.9996324547036322
1,1,0.9998229170584442
1,1,0.9993837387842291
1,1,0.9999147012282821
1,1,0.9999249356133669
0,0,0.0008961938102407781
1,1,0.9995193837726377
0,0,3.984844116178772e-06
1,1,0.9998713087072811
0,0,6.711192603862916e-06
0,0,0.0007913375393498625
0,0,5.357235459250554e-06
1,1,0.9996133898245207
1,1,0.999653594638919
1,1,0.9999090884628501
1,1,0.9994258139118555
1,1,0.9997594850772318
1,1,0.9995624305369484
1,1,0.9988799066579763
0,0,1.2021675853205e-07
1,1,0.9993049555571115
1,1,0.9997532581561167
1,1,0.9998212155451729
1,1,0.9991443115459183
0,0,5.442486468367281e-06
1,1,0.9996593611491511
0,0,0.002123578801548389
0,0,5.967492653374188e-06
0,0,0.0007738788091688879
0,0,4.021152734606023e-06
1,1,0.9998227004605947
1,1,0.9998443589153114
1,1,0.999658126809601
0,0,4.60015764339011e-06
1,1,0.9997385899381251
1,1,0.9999336622187633
0,0,0.0010506552129863113
1,1,0.9996644887336913
0,0,4.7364974145682545e-06
1,1,0.9994961504864833
0,0,5.3310223412487676e-06
1,1,0.999571961036694
0,0,4.292056938263725e-06
1,1,0.9998660214817613
1,1,0.9995872582501187
0,0,1.288086771200786e-07
0,0,4.732795817845698e-06
1,1,0.9999318401737867
1,1,0.9994520543981791
0,0,1.0213554332583745e-07
1,1,0.9995447626624837
0,0,0.0009141340919243005
0,0,0.0011853152682885103
1,1,0.9997861615246719
1,1,0.9999554560808129
1,1,0.9999238653808358
0,0,0.0013706512374166613
1,1,0.9996896460932941
1,1,0.9998893366003266
0,0,9.022819897859198e-06
0,0,1.0269435177621977e-07
1,1,0.9997941347843298
0,0,5.285573312428606e-06
0,0,8.943012989593487e-06
1,1,0.9998795542375344
0,0,1.0506280520585174e-07
1,1,0.9998063236964061
1,1,0.9998320561757985
1,1,0.9997817145475157
0,0,4.780529369911266e-06
1,1,0.9995973831229462
0,0,3.4366151325056068e-06
1,1,0.9997760674509708
0,0,5.11902724147844e-06
1,1,0.999904278898586
1,1,0.9996435122235322
0,0,6.580230978624016e-06
1,1,0.9999151833774067
1,1,0.9994834974474849
1,1,0.9998401098154573
0,0,5.367161488421375e-06
0,0,4.7924568401134e-06
1,1,0.9998380892803084
1,1,0.9995454421826936
1,1,0.999803568270245
0,0,1.3621519031834127e-07
0,0,4.131061640359105e-06
0,0,3.6329849710400795e-06
0,0,1.0190386690887507e-05
1,1,0.9998258171882621
0,0,1.214646625741327e-07
1,1,0.9995603181516619
1,1,0.9997382363358883
1,1,0.9982517685946942
1,1,0.9991376810328605
1,1,0.9997353002364715
1,1,0.99968101774431
0,0,3.595456321009339e-06
1,1,0.9997331012200839
1,1,0.9997692930764241
1,1,0.9996035054347651
0,0,6.096915794677496e-06
1,1,0.9989000397237365
0,0,0.0004461167535998886
1,1,0.9996687294119575
1,1,0.9995294395327243
0,0,5.352699124619316e-06
1,1,0.9990119201790763
0,0,0.00046318232799676936
1,1,0.9994951348437076
0,0,3.9312443664972125e-06
1,1,0.9998962696434404
1,1,0.9997758150588024
0,0,0.0013046245988241377
1,1,0.9997842649532727
0,0,4.88912113071653e-06
0,0,4.93224433291818e-06
1,1,0.9998107885564663
0,0,4.768764419851288e-06
1,1,0.9997266810459567
1,1,0.9992500870877321
1,1,0.9991037334675287
1,1,0.999807952802491
0,0,3.7925002618449286e-06
0,0,5.107155721345035e-06
1,1,0.99988436718532
1,1,0.9998460486795357
0,0,4.215298444539668e-06
0,0,1.0906131753061327e-07
0,0,0.0011547110683166164
1,1,0.9989372504545072
1,1,0.9994854950067468
1,1,0.9996733533814376
0,0,4.768626240895956e-06
0,0,1.2034670880405035e-07
0,0,7.180321934652646e-06
1,1,0.9997575394624283
1,1,0.9996849961118545
1,1,0.9998199049073316
1,1,0.9999031403896875
1,1,0.9994378771744337
1,1,0.9998677744803289
1,1,0.9990931708969341
1,1,0.9999274521040816
0,0,1.2948188464316916e-07
1,1,0.9999127150328457
1,1,0.9997545310397137
1,1,0.9998080476235591
1,1,0.9989839661272348
0,0,3.958944972895897e-06
0,0,4.20473480447224e-06
1,1,0.9991578240314505
1,1,0.9997908464398092
0,0,1.1055720796043761e-07
1,1,0.9990918011122019
0,0,0.0015400730726896725
1,1,0.9997302124580563
1,1,0.9995728318607883
1,1,0.9998074910427375
1,1,0.999458273149076
1,1,0.9997248733814982
0,0,5.263866138402713e-06
1,1,0.9998393624826581
1,1,0.9996907656532493
0,0,4.187758118207927e-06
1,1,0.9997664239828561
1,1,0.9998571572585916
0,0,0.0007373149520427844
0,0,5.021716754458987e-06
1,1,0.9998686481502195
0,0,1.0857813620752908e-07
1,1,0.9995516860192376
0,0,4.1087400991983345e-06
1,1,0.9998417761729134
1,1,0.9998222048269759
1,1,0.9997343316711352
1,1,0.9996412275812365
1,1,0.9997214793289688
0,0,8.099455482163274e-06
1,1,0.9994290862487185
1,1,0.9995577238500557
1,1,0.9997624038662295
1,1,0.9997555243478499
1,1,0.9985891470462533
0,0,5.222596839274667e-06
1,1,0.9997667090078126
1,1,0.9998152947810257
1,1,0.9998929855959873
0,0,1.2087548290195274e-07
0,0,9.051363391177384e-06
1,1,0.9997720093215254
0,0,3.500658496996945e-06
0,0,3.4616043937816333e-06
1,1,0.9997608221493356
1,1,0.9997355370312883
1,1,0.9993135342353615
1,1,0.9992746168583578
0,0,6.021345729114613e-06
1,1,0.9998717490319164
1,1,0.9996335957883714
1,1,0.9998300619902795
1,1,0.9997166282283411
0,0,0.0009287327620273504
1,1,0.9999322441598193
1,1,0.9997252503113394
0,0,5.473584114081038e-06
1,1,0.9997454947055996
1,1,0.9989009442999084
1,1,0.9999233217492548
0,0,7.970185785246689e-06
0,0,0.0010136987258490548
1,1,0.9998878616278204
0,0,3.333368775946585e-06
0,0,8.306430091319841e-06
0,0,3.4262776002258264e-06
0,0,1.165881369653649e-07
0,0,1.1125414668180956e-07
0,0,3.13235968102742e-06
1,1,0.9998880451973515
1,1,0.9998093918668632
0,0,4.481798866931047e-06
1,1,0.9994123901897479
0,0,0.0008290775851260191
1,1,0.9998419600858833
1,1,0.9995667111541627
1,1,0.9998656521873032
1,1,0.9995734843688553
1,1,0.9998926658993773
0,0,5.410615488591452e-06
0,0,5.966992053840564e-06
0,0,3.916527188724389e-06
1,1,0.9997110675540529
1,1,0.9997388339902227
0,0,1.1068816014785177e-07
1,1,0.9998669991959306
1,1,0.9991912274517486
1,1,0.9997372436015537
1,1,0.9997501832784992
1,1,0.9999130900769955
0,0,1.1546522383596258e-07
1,1,0.9998676203707387
1,1,0.9997606530358436
1,1,0.9999355743974466
1,1,0.9999637923988703
1,1,0.9995368469102329
1,1,0.9998166460506986
0,0,3.437564930623861e-06
1,1,0.9998499913418596
0,0,1.1261311260623061e-07
1,1,0.9995526737586558
1,1,0.9991731452843841
1,1,0.9997151929173762
0,0,5.019100670494721e-06
0,0,6.918746909409504e-06
0,0,1.0865864840554308e-07
1,1,0.9999057548705018
1,1,0.9998406818711317
0,0,3.464314317054918e-06
0,0,5.23814581481969e-06
1,1,0.9998907078593616
0,0,6.17859403979605e-06
0,0,1.2092011406350658e-07
0,0,5.956141281531717e-06
1,1,0.999897379082798
1,1,0.9997937986162857
1,1,0.9987864100863528
0,0,1.2120981708661323e-07
1,1,0.9999434386276312
0,0,0.0011185114948525407
1,1,0.9989151891145247
0,0,4.680229048860573e-06
0,0,8.851861886374654e-06
1,1,0.9996424161074235
1,1,0.9994937314403817
0,0,4.889134932636184e-06
1,1,0.9993828101750054
1,1,0.999827902644857
1,1,0.9995865691924822
1,1,0.999580570095898
1,1,0.9997923658568711
1,1,0.9996910318883429
1,1,0.9995952096746001
0,0,5.726289592860587e-06
1,1,0.9998327309234145
1,1,0.9997171242706533
0,0,3.549398906095211e-06
1,1,0.9995891134291844
0,0,6.004506355778706e-06
1,1,0.9995296729986285
1,1,0.9996359815624087
0,0,9.909552992906892e-06
1,1,0.9998664142944725
1,1,0.9999043694009724
1,1,0.9997159375159871
1,1,0.9998626582594233
1,1,0.9995202450961703
0,0,9.590424258032864e-06
0,0,1.0876793655359091e-07
1,1,0.9996722188072126
1,1,0.9997827936940498
1,1,0.9998267025270885
1,1,0.9995574251087636
0,0,1.0884534706445526e-07
1,1,0.9995645205324468
0,0,4.040322076034336e-06
0,0,1.1445344955498794e-07
0,0,4.666619111721931e-06
0,0,4.989705645848966e-06
1,1,0.9998026570028256
1,1,0.9981837231981969
1,1,0.9996935512600198
1,1,0.999355866285037
1,1,0.9991136053516008
1,1,0.9999030532878621
1,1,0.9997571202195018
1,1,0.9997253786285727
1,1,0.9999419155626531
0,0,1.1530812252202804e-07
0,0,9.682833050515625e-06
1,1,0.9997415471252783
1,1,0.999809665110893
1,1,0.9998829846988475
1,1,0.9996775481043904
1,1,0.9997169541166309
0,0,0.0014243116043128833
0,0,0.0007523844261428665
0,0,1.226197660720968e-07
0,0,4.052247298744917e-06
1,1,0.9996530100474831
1,1,0.9997351005533799
1,1,0.9999107100830182
0,0,0.0011236750703146462
1,1,0.9994520176760058
1,1,0.9994401095731776
1,1,0.9996866101621684
1,1,0.9996789974462281
1,1,0.9997375783737737
0,0,4.070037226169144e-06
1,1,0.9997319534556274
0,0,4.441809955910978e-06
0,0,4.888324404794885e-06
1,1,0.9995720928930857
1,1,0.9998092409783921
1,1,0.9994828995317939
1,1,0.9985584177179802
1,1,0.9983877822767218
1,1,0.9999199115378378
0,0,4.454396671367186e-06
1,1,0.999656247547368
1,1,0.9998771139696735
0,0,5.573913250081199e-06
0,0,4.600681226667028e-06
1,1,0.999607831941765
1,1,0.9995878950261208
1,1,0.9997556106164034
1,1,0.9996283576040192
1,1,0.9998311340328352
1,1,0.9994983976940145
1,1,0.9986168973999364
0,0,5.0457862787323875e-06
0,0,0.0006935377691431885
0,0,4.681922261734073e-06
1,1,0.9998350099719217
0,0,3.74649598304499e-06
1,1,0.9997040492606765
0,0,4.281698671660419e-06
1,1,0.9998679711923262
1,1,0.999891133911738
0,0,0.00084959375763222
1,1,0.9996107645534515
1,1,0.999790368075167
1,1,0.9996290552179856
1,1,0.9997911459205332
0,0,1.0247515778780807e-07
1,1,0.9994486661028904
0,0,4.4660622978694635e-06
1,1,0.999764945980633
1,1,0.9996179285133527
1,1,0.9998972513525258
0,0,0.0014886744737411816
1,1,0.9997780111159384
0,0,1.2013575924781414e-07
0,0,5.982814408723655e-06
1,1,0.9998987805342515
1,1,0.9996786695057207
1,1,0.9993709436201682
1,1,0.9998553044910626
1,1,0.9994875506446662
1,1,0.9998277148021139
0,0,4.253828059935736e-06
1,1,0.9994301778201966
0,0,8.292858214555333e-06
0,0,5.132896845401809e-06
1,1,0.9998326372016526
1,1,0.9990538382284609
1,1,0.9995849299465547
1,1,0.9998758745590887
1,1,0.9997844291450388
1,1,0.9999128954249132
1,1,0.9993187792040892
1,1,0.9998141358883444
1,1,0.999571660082559
1,1,0.9998767592553803
1,1,0.9984093411164491
1,1,0.9993312116287044
1,1,0.9996550126650444
0,0,5.172879737446762e-06
0,0,4.740032832940529e-06
0,0,4.590916471322795e-06
1,1,0.9998797015548612
1,1,0.9998377290273504
0,0,5.1485120301826505e-06
1,1,0.9990094126010899
1,1,0.9998795524926897
1,1,0.9997567280545626
1,1,0.9993293986380269
0,0,5.237409869298738e-06
1,1,0.999640409967273
1,1,0.998782573014492
1,1,0.9997377864564596
1,1,0.999771239406467
0,0,4.090802493885946e-06
0,0,1.0329650105250107e-07
0,0,8.565954513046814e-06
0,0,0.0010658777028815134
0,0,5.2066048305817145e-06
0,0,1.220705555653382e-07
0,0,0.0006051561508568518
0,0,4.697413047414876e-06
1,1,0.9997573698193787
1,1,0.9993189110354896
1,1,0.9999091257060648
1,1,0.9995752952386462
0,0,5.635004586384529e-06
0,0,1.246213524887809e-07
1,1,0.9995981037811591
1,1,0.9995892812643172
1,1,0.999944257818878
1,1,0.9996836231073055
0,0,4.309949072633894e-06
1,1,0.9998435676710699
1,1,0.9998548500783757
1,1,0.999680087770102
0,0,0.0016078173204578528
0,0,5.609568948103171e-06
0,0,7.041594943845843e-06
1,1,0.9995589649949203
1,1,0.9998262980129051
1,1,0.9999311893830873
0,0,0.0007867363876766738
0,0,5.853185261320344e-06
1,1,0.9994092567549229
1,1,0.9999387852540542
0,0,3.111466227739633e-06
1,1,0.9996914212037591
1,1,0.999571141224271
0,0,4.957447182159858e-06
1,1,0.9991796887025957
1,1,0.9997832070341296
1,1,0.9997422019246827
0,0,1.2183184003684983e-07
1,1,0.9998135544721056
0,0,1.1891972147169836e-07
1,1,0.9990191985591103
0,0,0.0016049240708718656
0,0,1.2213151970930078e-07
1,1,0.9999480350657326
1,1,0.9998406485184282
1,1,0.9988298035080097
1,1,0.9998178750563556
1,1,0.9997480748135554
0,0,6.1574456374394025e-06
1,1,0.9997685797236802
1,1,0.999566649190923
0,0,5.7133817578226045e-06
1,1,0.9992994123376214
1,1,0.999105043323202
0,0,5.036935409503787e-06
1,1,0.9999420178105611
0,0,4.825125886778339e-06
1,1,0.9997615290086789
1,1,0.9999300237258658
1,1,0.9997436095414499
1,1,0.9994312039515959
0,0,5.6242461059045195e-06
0,0,1.1050823691025e-07
1,1,0.9997846890107597
0,0,6.949742779778057e-06
0,0,1.0814026301480069e-07
1,1,0.9998736600439864
0,0,6.262566206816284e-06
1,1,0.9993385583737607
1,1,0.9996651364283777
0,0,5.490889128736181e-06
0,0,5.368020418733972e-06
1,1,0.9995858796251469
0,0,0.0005009153217548911
1,1,0.9998008388130493
1,1,0.9998800354692712
1,1,0.9998997300014124
1,1,0.9997120435779598
1,1,0.9995593307604769
1,1,0.9999018178923468
0,0,1.1086258909201955e-07
0,0,3.7380520859895505e-06
0,0,9.428063899387804e-08
1,1,0.9992942273014488
1,1,0.9992400138653198
1,1,0.9997244549805971
1,1,0.9996295692799753
1,1,0.9996274777097043
1,1,0.9988509843087997
0,0,4.450186205683e-06
1,1,0.9995278739723436
1,1,0.9993834860774162
1,1,0.9998784541543276
1,1,0.9994530719206878
1,1,0.9998157272810184
1,1,0.999824817395469
0,0,6.623366830777776e-06
1,1,0.9998455481224522
1,1,0.999932787491551
1,1,0.9997909845672539
1,1,0.9999250352627432
0,0,5.088273192346717e-06
1,1,0.9997316424056002
0,0,5.018108126667777e-06
1,1,0.9994372324312226
1,1,0.9988194499768239
0,0,4.403603030510606e-06
0,0,3.930592298085822e-06
1,1,0.9998377783665373
1,1,0.9999078419882718
1,1,0.9997716267326304
1,1,0.9996952586604004
0,0,4.522628249924984e-06
1,1,0.9995018422821739
0,0,5.24349559027184e-06
0,0,0.0009094838943984378
1,1,0.9995722919193023
1,1,0.9996870435679927
0,0,1.0301022611277802e-07
0,0,4.881214594729232e-06
1,1,0.9995897661723089
1,1,0.9998546844769884
0,0,1.0831823676014496e-07
0,0,0.001247054353426148
1,1,0.999517751496242
0,0,5.8492083201116164e-06
0,0,5.20104032017388e-06
1,1,0.9998925759468508
0,0,6.434035205341994e-06
1,1,0.9992859013433234
0,0,5.640614337907263e-06
0,0,0.0014772529010708565
1,1,0.9998062967352495
0,0,1.2246528771017195e-07
1,1,0.9997103319910122
0,0,5.676980669569785e-06
0,0,5.176495590508129e-06
1,1,0.9997637521377308
0,0,1.1144678948925234e-07
1,1,0.9997489402830195
0,0,1.2179132219669652e-07
0,0,4.74848027724484e-06
1,1,0.9997675407451087
0,0,3.7916105546473862e-06
0,0,3.6949078030518757e-06
1,1,0.9998561820890476
1,1,0.99971181513551
0,0,1.143244630234898e-07
0,0,1.1513032220532007e-07
0,0,4.831124222341366e-06
1,1,0.9998162078484886
0,0,5.241007968298849e-06
0,0,6.356126539405519e-06
0,0,4.854800031617252e-06
0,0,2.590407375344917e-06
0,0,0.001441780534441078
1,1,0.9996982794962258
0,0,5.001013941614844e-06
1,1,0.9998409551874711
0,0,4.218516371755739e-06
1,1,0.9992192112689402
1,1,0.9999109257878327
1,1,0.9990416341342719
0,0,1.1065258859632049e-07
1,1,0.9990896836229562
0,0,0.0004549412158959302
0,0,4.62330436898606e-06
1,1,0.9997413508695161
0,0,3.80585942114976e-06
0,0,0.0010400214712017353
0,0,4.486866091569264e-06
1,1,0.9999174272295392
0,0,4.470672439762275e-06
1,1,0.9998816675907776
1,1,0.9998750021596491
1,1,0.9999219721137964
1,1,0.9999231120013663
0,0,1.0777945583725558e-07
1,1,0.9998401250116274
0,0,8.239900983101211e-06
1,1,0.9996336736051056
1,1,0.9999214683357286
0,0,4.58649472260356e-06
1,1,0.9995028568190135
1,1,0.9996879185349647
1,1,0.9997434755823784
1,1,0.9999270415164825
1,1,0.9998270454994457
1,1,0.9997851290733807
1,1,0.9997327288530993
1,1,0.9998511886256353
0,0,6.725986302902786e-06
1,1,0.9994186662327039
0,0,5.334039437860705e-06
1,1,0.9996265768380698
1,1,0.9997442035175511
0,0,4.214553254331837e-06
0,0,0.0009612172312802499
1,1,0.9997099500115738
1,1,0.99945532101145
0,0,0.0009833135741900497
1,1,0.9998545132618344
0,0,1.0930112193874955e-07
1,1,0.9995953010486707
0,0,1.1444998029939425e-07
1,1,0.9994945561894402
1,1,0.999283368470659
1,1,0.9995441552623802
1,1,0.9998094961661282
0,0,4.2558864987189244e-06
1,1,0.999812513159883
1,1,0.9997635574249931
1,1,0.9998845574952732
1,1,0.9992446198848721
1,1,0.9997001964028255
1,1,0.9998595825457757
1,1,0.9997885015196882
1,1,0.9998222491577319
1,1,0.9998799881301969
1,1,0.9995430840658958
1,1,0.9984969997802142
0,0,9.214646350106633e-06
1,1,0.9996914540933645
1,1,0.9989569269870635
1,1,0.999842368527909
1,1,0.9997475723891281
0,0,4.8050863343976935e-06
1,1,0.999692785741469
1,1,0.9997598180372889
1,1,0.9997699617138542
1,1,0.9996955536672417
0,0,5.8912666354435564e-06
0,0,4.9709138667227675e-06
1,1,0.9995968135608858
1,1,0.9997433403984115
1,1,0.9998910532818266
1,1,0.9998034704411222
0,0,3.992370756073193e-06
0,0,4.465888183366757e-06
0,0,9.426469419680933e-08
1,1,0.9996939084821425
1,1,0.9990676489488054
1,1,0.9998782830843068
1,1,0.9994857558065439
0,0,4.523748305236119e-06
0,0,7.582217050676702e-06
0,0,4.813050970913279e-06
0,0,3.47109285241529e-06
1,1,0.9997923516055137
1,1,0.9994977586345134
1,1,0.9998223692689426
1,1,0.9998338924847967
0,0,5.122063994753871e-06
1,1,0.9998722692648869
0,0,1.2052403573955209e-07
0,0,3.880363041935454e-06
0,0,5.464600388526912e-06
1,1,0.9999033691014931
0,0,9.278049821964867e-08
1,1,0.9996063093126581
0,0,4.143360795299051e-06
1,1,0.9996588941425743
0,0,5.134097296685812e-06
0,0,4.615181669209646e-06
1,1,0.9994035689961891
1,1,0.9997832458058766
0,0,1.0822665043272234e-07
1,1,0.9996756275510054
1,1,0.9996854140717085
1,1,0.9994042376675973
1,1,0.9996676215866193
1,1,0.9995631910650893
0,0,6.196901252002728e-06
1,1,0.9994071364481313
0,0,4.758966429747802e-06
1,1,0.9997099199523312
0,0,1.1355975052106253e-07
1,1,0.9999270868178949
1,1,0.9999257741938614
0,0,4.665542265046074e-06
1,1,0.9993013316740914
0,0,6.275836341479918e-06
1,1,0.9999151224716845
1,1,0.9996619344422822
1,1,0.9998750991442331
0,0,5.214696725627241e-06
0,0,1.2110655365003044e-07
1,1,0.99974110294841
1,1,0.9994893670188222
0,0,1.1906942101484872e-07
1,1,0.9996775570370321
1,1,0.999621302249484
0,0,0.0011325100479833868
1,1,0.9998674055993924
0,0,6.13226540013944e-06
1,1,0.9990989999264004
0,0,0.0006171719644690952
1,1,0.9997717546465108
1,1,0.9992076066118736
0,0,9.907202085780706e-06
0,0,4.372550158993279e-06
0,0,1.230039539266718e-07
1,1,0.9993197641563557
0,0,5.044211441091659e-06
1,1,0.9999114503671404
1,1,0.9993389327699942
1,1,0.9999031958311184
0,0,6.026493033152555e-06
1,1,0.9998502774602767
1,1,0.9990769228024268
1,1,0.9996895933514218
0,0,5.241226708601227e-06
0,0,0.0011520827822181642
1,1,0.9995233456345487
1,1,0.9997898394208377
0,0,9.71204569225647e-06
1,1,0.9998593191698418
1,1,0.999777928098744
0,0,4.0202780452495945e-06
1,1,0.99962151194717
1,1,0.9998774480783974
1,1,0.9996337756258112
0,0,0.0008313272882637712
1,1,0.9993107864012156
1,1,0.9998261078456873
1,1,0.9991497868702349
1,1,0.9996575332185911
1,1,0.9988935756394678
1,1,0.9996788090713755
0,0,6.678747134995213e-06
1,1,0.9996077339909399
1,1,0.999849938323907
1,1,0.9993950199902751
0,0,5.994481457025678e-06
0,0,5.4970617742285726e-06
0,0,4.560693727322877e-06
0,0,6.441626065648133e-06
1,1,0.9999112713297685
0,0,1.1191798955623609e-07
1,1,0.9998582289947607
1,1,0.9999122534473428
0,0,3.7517967110596183e-06
0,0,1.2082012068341043e-07
1,1,0.9996052642317992
0,0,4.7931750837752245e-06
1,1,0.9998104788036442
0,0,4.15877719781334e-06
1,1,0.9997438235208606
1,1,0.9998428287179097
1,1,0.9996250546017483
1,1,0.9996618839157877
0,0,1.1080562322918688e-07
1,1,0.9998854646390928
1,1,0.9998104986587841
1,1,0.9994531255225203
1,1,0.9984176194365321
0,0,0.001058118292081404
1,1,0.999895315107748
0,0,4.156461199391382e-06
1,1,0.9998848533861946
0,0,1.3137237691705547e-07
1,1,0.9996066167865858
1,1,0.9999076566593614
1,1,0.9997716848852045
1,1,0.9996395912158391
1,1,0.999790864473571
0,0,3.6828768898707777e-06
1,1,0.9993792001460825
1,1,0.9997207760755191
0,0,4.25081440572397e-06
1,1,0.9998333764956193
0,0,6.2048210926236485e-06
1,1,0.9997209447724559
1,1,0.9997683026750402
1,1,0.9998351154406893
1,1,0.9994556949050386
0,0,0.0010262161768817512
1,1,0.9998014128534194
0,0,3.679023855933019e-06
0,0,4.796115842958358e-06
1,1,0.9996599408107254
1,1,0.9997692403933334
0,0,4.582182735503905e-06
0,0,9.038945684588629e-06
0,0,4.1608316530024915e-06
0,0,0.0013868054141057944
1,1,0.9997528220213584
1,1,0.9994959077096679
1,1,0.9998637484973013
1,1,0.9997406783933178
1,1,0.9996821876641278
1,1,0.9988944886718127
1,1,0.9998382952237733
0,0,1.1304750156158291e-07
0,0,4.5977964429043795e-06
0,0,4.110821585610927e-06
0,0,3.5046566715934454e-06
1,1,0.9997531027932105
1,1,0.9997099380771591
0,0,1.1172730229910695e-07
0,0,1.2530673043531845e-07
1,1,0.9996051736361722
1,1,0.9995604208190405
0,0,9.845543968449324e-08
0,0,9.336568261796888e-06
1,1,0.9996632113940951
0,0,1.1693189200467289e-07
1,1,0.9994382180402003
1,1,0.9999242163464124
1,1,0.9998183560847
1,1,0.999800010812148
1,1,0.9993847545057913
0,0,1.1484586898782673e-07
1,1,0.9997226521929035
1,1,0.9999087221693946
1,1,0.9997392548903825
1,1,0.9996602404175444
1,1,0.9998748161832988
1,1,0.9997844936650159
1,1,0.9996732503147705
1,1,0.9998055489432189
1,1,0.9998375194581245
1,1,0.9986219804593228
1,1,0.9999227745840934
1,1,0.998857344764409
1,1,0.9998127404680132
1,1,0.9998273934187791
1,1,0.9996710340494078
1,1,0.9998498403475664
0,0,6.091920966922713e-06
1,1,0.99983586521402
0,0,4.448258769472159e-06
1,1,0.9999223008093162
0,0,5.51105305725948e-06
1,1,0.9996953614831301
1,1,0.9986255031246352
0,0,4.1420608589465625e-06
0,0,5.046309190808219e-06
1,1,0.9994677922215233
0,0,4.557085118306243e-06
1,1,0.9997077855462465
0,0,0.0013891600964353581
1,1,0.9997656711128378
0,0,6.603112892958166e-06
1,1,0.9997722107985221
1,1,0.9997134647743641
1,1,0.9996121437022173
1,1,0.9997857761496616
0,0,3.226876713775242e-06
1,1,0.9993683834701569
1,1,0.999533922636449
0,0,1.2720734192074414e-07
1,1,0.9998036309182695
1,1,0.9997448079337111
1,1,0.9997932769900125
1,1,0.9998832479442925
1,1,0.9993648337881234
1,1,0.99952948743578
1,1,0.9997000542200383
0,0,3.6602670373392482e-06
1,1,0.999745430088656
1,1,0.9996698473335454
1,1,0.9998354856443901
1,1,0.9993835002835417
1,1,0.9992646798162845
1,1,0.9991644211638289
0,0,5.091996104683901e-06
1,1,0.9997990437093711
0,0,4.211198049377419e-06
1,1,0.999350434494447
0,0,1.0380977777490454e-07
1,1,0.9993717385473154
1,1,0.9999339775562178
1,1,0.9997808096636978
1,1,0.9985302934550507
0,0,1.1093520532542935e-07
0,0,0.00117902008100629
1,1,0.9995572156350689
0,0,0.000444477836580938
1,1,0.9998945190682821
1,1,0.9998500588295463
1,1,0.999831693442643
1,1,0.999766315186542
1,1,0.9999164986002601
1,1,0.9997895213083656
1,1,0.9998211962274643
1,1,0.9997325412807266
1,1,0.9993389774658129
1,1,0.9997851901488192
0,0,5.892698698614215e-06
0,0,3.693084660697335e-06
0,0,0.0005283279826726242
0,0,5.1895380756162895e-06
1,1,0.9997626627295118
1,1,0.9994096562930778
1,1,0.9997854369223742
0,0,6.884485617876356e-06
0,0,4.2001526385401414e-06
1,1,0.9992109546976684
1,1,0.9995880666571547
1,1,0.9995060547826673
1,1,0.9996531354970425
0,0,0.0013488105888601694
1,1,0.9997413274778163
1,1,0.9997128998621555
0,0,4.3328749407043305e-06
0,0,4.459878189927211e-06
0,0,1.208009629312395e-07
1,1,0.999687321468553
0,0,0.0006416166366957205
1,1,0.9994850529976805
1,1,0.9998727897295607
1,1,0.9990044443774588
1,1,0.999569897533453
1,1,0.9998786802027427
1,1,0.9993436977686196
1,1,0.9995980043759127
0,0,4.730160369500817e-06
0,0,0.0011665155354622066
1,1,0.9997909154595118
1,1,0.9998159780297747
0,0,5.193346540564224e-06
1,1,0.9999162105439737
1,1,0.9998357059204313
1,1,0.9998962043050189
0,0,9.016645799054488e-06
1,1,0.99956854240062
1,1,0.9998171684074497
1,1,0.9999040941448871
1,1,0.9994155643081343
1,1,0.9995010142827161
1,1,0.9998162886257651
1,1,0.9998628872316202
1,1,0.9998346449249877
1,1,0.9997841133633119
0,0,4.974917492434822e-06
0,0,4.216850398959014e-06
1,1,0.9997872914898365
1,1,0.9996868268027458
1,1,0.9996403295023994
1,1,0.9997183242228659
1,1,0.9998128273600071
0,0,6.327085839647503e-06
1,1,0.9994169430484092
1,1,0.9998942270463971
0,0,1.0797847451848057e-07
0,0,1.1914886078582546e-07
1,1,0.9995900508548672
1,1,0.9996969264402561
1,1,0.999501151874677
0,0,0.0010668110172066018
0,0,5.746770157898577e-06
1,1,0.9995094713857875
1,1,0.9995498638888718
1,1,0.9999043601728898
1,1,0.9997805541323118
0,0,9.351831833641672e-06
0,0,5.1194748884809e-06
0,0,9.89294543654369e-06
0,0,1.2100632821611592e-07
0,0,4.201386735200882e-06
0,0,3.597895677706785e-06
0,0,1.2203920683274764e-07
0,0,4.7403089335286005e-06
0,0,5.897551381380276e-06
1,1,0.9995875768754049
1,1,0.9994103535610841
0,0,8.755280580029693e-06
0,0,5.1526687658372005e-06
0,0,0.0006792757823127424
0,0,3.7136457336837615e-06
1,1,0.9994721605710294
0,0,5.0353932598812695e-06
1,1,0.9998124065186601
1,1,0.9997210568947528
1,1,0.9985939284954675
0,0,7.106881573207506e-06
1,1,0.9998749712612411
0,0,6.919375036998699e-06
1,1,0.9996955221935333
1,1,0.9997430365307353
0,0,3.52142809775704e-06
1,1,0.999520892448257
1,1,0.9997903870073682
0,0,5.81928180067031e-06
0,0,0.0017122696224962754
0,0,0.0010987869187032246
1,1,0.9996547035182339
0,0,4.621329487108284e-06
1,1,0.9992425019029824
1,1,0.9997698135907653
1,1,0.9991135724468483
1,1,0.9998985325330724
1,1,0.9995232146689172
1,1,0.9997596614909646
0,0,1.2003066124028987e-07
0,0,5.9548886400704255e-06
0,0,0.0008005266830709047
0,0,5.1957128221229725e-06
0,0,1.1641964392281834e-07
1,1,0.999800092077133
1,1,0.9996337065350174
1,1,0.9996957468815229
0,0,1.144178066533909e-07
0,0,0.0007381249156531434
0,0,5.251687160126273e-06
1,1,0.9992102696046447
1,1,0.9993599944914877
1,1,0.9995510878976892
0,0,4.248635451389095e-06
1,1,0.9996326399308434
0,0,4.155427855557296e-06
1,1,0.9998480558423288
0,0,0.0006590969535368136
0,0,5.741676887023939e-06
0,0,3.523582138175736e-06
0,0,7.540123215418836e-06
1,1,0.9993673477020208
1,1,0.999586338502878
1,1,0.9999239785148482
1,1,0.9995595130847884
1,1,0.9994921541551129
0,0,6.215825852044644e-06
1,1,0.999606760888226
1,1,0.9994851631265173
1,1,0.9991763267099983
1,1,0.9998065285853514
1,1,0.9997902873732956
1,1,0.9998993203231072
1,1,0.9992584578902446
0,0,1.1030630321734708e-07
1,1,0.999724968444517
1,1,0.999285868346366
1,1,0.999888550756509
1,1,0.9998468809056813
0,0,3.8057596668548892e-06
1,1,0.9995696106146216
1,1,0.9988624487555146
0,0,1.1131694604534655e-07
1,1,0.9997953403922226
0,0,4.486056162756772e-06
1,1,0.9997239336538027
0,0,0.0010468328181844656
0,0,0.0009161809701078265
0,0,1.1328782192167245e-07
0,0,1.2122802476222895e-07
1,1,0.9998653178352884
1,1,0.9992838869828445
1,1,0.9997927023053284
1,1,0.9998085355753288
1,1,0.9999087709355282
1,1,0.999719697700198
1,1,0.9999301252122358
0,0,1.2200441138299116e-07
1,1,0.9997350664663771
1,1,0.9995523455952188
0,0,1.0825643209098533e-07
0,0,1.0863317206935018e-07
1,1,0.9997693583701354
1,1,0.9996124689563101
1,1,0.9998011235270724
1,1,0.999805688743784
1,1,0.9998442340922048
0,0,6.327631280733941e-06
1,1,0.9998091854585522
1,1,0.9997789543606093
0,0,4.210422719123962e-06
0,0,0.0007473556317140897
0,0,1.1546246496001311e-07
1,1,0.9999004646582841
0,0,5.335884966602091e-06
0,0,1.0350844840558691e-05
0,0,1.0846201927520843e-07
0,0,1.1196072968713992e-07
1,1,0.9995841387259895
1,1,0.9994846638563182
0,0,0.001565235149268391
1,1,0.9998535975354194
1,1,0.9999127066324941
1,1,0.9993297267271436
1,1,0.9994751000067049
1,1,0.9990677421417036
0,0,6.7007310275999035e-06
1,1,0.9995750933176575
1,1,0.9993245535987626
0,0,0.0008613425842799989
1,1,0.999452934368568
1,1,0.9994012980980321
1,1,0.9998754741949408
0,0,4.598452663828605e-06
1,1,0.999640242330874
1,1,0.9997226242013083
1,1,0.9994999343062592
1,1,0.9994268588372789
0,0,0.0011441046800300823
0,0,3.833631691007489e-06
0,0,5.1281105918724525e-06
1,1,0.9997783001187208
1,1,0.999727340823242
1,1,0.9991489910038489
1,1,0.9996131760467544
0,0,4.679432610756639e-06
0,0,1.0774850993716151e-07
1,1,0.9985774495616755
0,0,4.657038768752213e-06
1,1,0.9998370669140694
0,0,5.363046110744253e-06
1,1,0.9998449363181657
0,0,5.519497622471988e-06
0,0,1.1004030207777321e-07
1,1,0.9999122053364654
1,1,0.9987125044288739
1,1,0.9998372455714989
0,0,5.447381836540606e-06
1,1,0.9987211521585442
1,1,0.9998143850134149
1,1,0.9996569866697176
0,0,5.34632451124499e-06
0,0,5.602293658479082e-06
1,1,0.9998207203984536
1,1,0.9998665361937118
1,1,0.9998985736415784
0,0,3.2242504515155573e-06
0,0,5.551142826105233e-06
1,1,0.9993315752014161
1,1,0.999036898309917
1,1,0.9993187051513543
0,0,3.583992609739836e-06
1,1,0.9992299993382278
1,1,0.9998831307257293
1,1,0.9999105027848544
1,1,0.9993348571451635
0,0,0.0013652323096800055
1,1,0.999428189939275
0,0,6.025462498649878e-06
0,0,9.284709010346077e-08
0,0,9.439727858596767e-06
0,0,1.098934254522021e-07
0,0,1.130224009147287e-07
1,1,0.9992702360891124
1,1,0.9998253299892822
1,1,0.9995524877972379
0,0,4.607260209514728e-06
1,1,0.9998662829447944
1,1,0.9997494485715778
1,1,0.9998831361168348
1,1,0.9998644913758186
0,0,0.0017132674396433004
0,0,6.681042705504957e-06
1,1,0.9997564709118034
0,0,0.0008624533911663095
1,1,0.9997045188369051
1,1,0.9996738379235043
1,1,0.9998288915245216
0,0,4.903555673386351e-06
1,1,0.9994246805466251
1,1,0.9997012458029724
1,1,0.9998126024160456
1,1,0.9999130342514577
1,1,0.9998561612928921
1,1,0.999780585735869
0,0,4.21755901638776e-06
1,1,0.9997428162302862
1,1,0.9997984210557767
0,0,0.0007387023127301602
1,1,0.9997984183620708
1,1,0.9988372697393275
0,0,8.572073447865979e-06
0,0,0.0008869140412595362
0,0,1.1145231285738647e-07
0,0,4.7276607259296485e-06
0,0,9.972924207298127e-08
1,1,0.999001323403323
1,1,0.9996837240032662
0,0,4.331865405899662e-06
1,1,0.9997060723412222
1,1,0.9996226335549931
0,0,3.7912600643475846e-06
1,1,0.9980339662764439
1,1,0.9995641101566534
1,1,0.9998613373629799
1,1,0.9992022535033321
1,1,0.9997749161466155
1,1,0.9997221572026146
0,0,1.1703252120763709e-07
0,0,5.219742543548024e-06
0,0,0.0012700929899668526
0,0,5.752089140944472e-06
0,0,0.0012714003314968443
0,0,3.870695899282007e-06
1,1,0.9993197081802248
1,1,0.9991577372918266
1,1,0.998854168291981
0,0,7.144890694322579e-06
0,0,9.134406446745662e-08
0,0,4.923161210653749e-06
1,1,0.999917344121387
1,1,0.9996899620686338
1,1,0.9997323643151145
1,1,0.9986928693030694
0,0,0.0015673107962099878
1,1,0.9995531057066955
0,0,1.221684020097264e-07
1,1,0.9998739743503211
1,1,0.9998065182151629
1,1,0.9996879233267582
1,1,0.9995438841084237
0,0,8.291162416176467e-08
1,1,0.9997072085455568
1,1,0.999869158771209
1,1,0.9997285066635679
1,1,0.9996249465700999
1,1,0.9998048354180602
1,1,0.9991375975779575
1,1,0.9999238543259469
0,0,6.141311273813633e-06
1,1,0.999549264235791
0,0,7.451944696971978e-06
1,1,0.9996422352022081
1,1,0.9998948965816628
1,1,0.999755288075379
1,1,0.999242127953012
1,1,0.9998045737427393
0,0,9.33388194977958e-08
0,0,9.700402373329301e-08
1,1,0.9998097450337249
0,0,3.6167259550839154e-06
0,0,9.67359648361557e-08
1,1,0.9997875926147772
0,0,3.7969287045285926e-06
1,1,0.9994315987044574
1,1,0.9992178023965729
0,0,5.235089254816127e-06
1,1,0.9992229898628412
0,0,5.121293802483456e-06
1,1,0.9998894222917234
1,1,0.9998570389892238
1,1,0.9997043348612423
1,1,0.9998005301442168
1,1,0.9994985869725055
1,1,0.9994634805522993
1,1,0.9997492739531729
0,0,3.518476377048034e-06
0,0,4.742929941491392e-06
1,1,0.9998139928202774
1,1,0.9997992159479374
0,0,0.002528358532284859
0,0,6.628303596464918e-06
0,0,8.265043424537848e-08
1,1,0.9998774100835089
1,1,0.9997750772881273
0,0,4.285968564015774e-06
1,1,0.999936789518696
0,0,1.0675100195810478e-07
1,1,0.9990507552735663
1,1,0.999777489287044
0,0,5.4725628506949935e-06
1,1,0.9999045004268481
1,1,0.9998460079611647
1,1,0.9997039224564942
1,1,0.9996802418337059
1,1,0.9998309443401866
1,1,0.9992422724978238
0,0,0.0005777260078902559
0,0,1.1868204313055926e-07
0,0,0.0010701260460098312
0,0,0.0008164397758058514
0,0,0.0007808329386455821
1,1,0.9996362283826316
0,0,6.791949186043522e-06
1,1,0.9997688264219249
0,0,5.412245096557783e-06
0,0,5.3164235297293425e-06
1,1,0.9996652978719989
1,1,0.999551896680001
0,0,1.216163933188389e-07
0,0,4.376558643377429e-06
0,0,4.854850587115946e-06
1,1,0.9998772278022685
1,1,0.9999166792630206
0,0,8.352921387569901e-06
0,0,0.0009057544615310857
0,0,9.587665778697587e-06
0,0,5.605447020332443e-06
1,1,0.9999073813040408
1,1,0.9992802466411215
1,1,0.999528637018135
0,0,5.699460171293086e-06
0,0,5.11144934178088e-06
1,1,0.9998661411095974
0,0,0.0010493444089339301
1,1,0.9993435927030075
0,0,4.080437885127019e-06
0,0,6.254553384195589e-06
1,1,0.9997571849300098
0,0,9.222512093563113e-06
1,1,0.9998196561071733
0,0,5.264225386564263e-06
1,1,0.9985941397724831
0,0,3.9380738703872845e-06
1,1,0.9998118048922708
1,1,0.9994788254112384
1,1,0.9996029651155791
0,0,1.1692056484561517e-07
1,1,0.9998284007418682
1,1,0.9994401013405951
1,1,0.9995337638135664
0,0,3.452505196148817e-06
0,0,5.911775719625597e-06
1,1,0.999869368873173
0,0,3.7383072559333105e-06
1,1,0.999900205469709
0,0,0.0009357677884640806
0,0,3.6572358163262896e-06
0,0,0.001678880803217963
1,1,0.9997537800692265
1,1,0.9997424320810522
0,0,0.0014069262525862776
1,1,0.9994018712194311
0,0,1.1719771893196236e-07
1,1,0.9997125766858659
0,0,4.938741884930035e-06
1,1,0.9997056811083677
1,1,0.9989959760657168
0,0,0.0009921067350727455
1,1,0.9998573625206851
0,0,1.02452266590991e-07
1,1,0.9993896525106579
1,1,0.999812320469621
1,1,0.9997475956333338
1,1,0.999645066801084
0,0,5.960233151845024e-06
1,1,0.9998352073357729
1,1,0.9999507948665787
1,1,0.9993254549178685
1,1,0.9993788368010851
0,0,0.0009970074247294574
1,1,0.9992111231311451
0,0,1.0876924970602777e-07
1,1,0.9998257297795434
1,1,0.9996695220300321
1,1,0.9996779831761972
0,0,3.309087977143174e-06
0,0,1.1068671223274576e-07
1,1,0.9998360933239856
1,1,0.9996750940252671
1,1,0.9991785820313492
0,0,3.9489245580518765e-06
1,1,0.9998195864792265
0,0,4.359933538438013e-06
1,1,0.9990968048631547
0,0,0.0012895863751275006
0,0,0.0010230960899379317
1,1,0.9995316146902393
0,0,5.569640155000143e-06
0,0,4.843081874124149e-06
1,1,0.999323327563624
0,0,5.5489839690334564e-06
1,1,0.9997644906177514
1,1,0.9997613910845152
0,0,0.0012109054886254808
1,1,0.9994216846248462
0,0,4.544455747750284e-06
1,1,0.9991372037401515
1,1,0.9998609502819056
1,1,0.9992175933436513
1,1,0.9997124661893203
1,1,0.9997051696200326
0,0,1.2408731533819685e-07
0,0,7.72599672671796e-06
1,1,0.9995916593650908
0,0,3.6670011938775636e-06
0,0,4.8313685411190735e-06
1,1,0.9997720476061833
0,0,0.00070436392081825
0,0,3.3245207821834105e-06
0,0,5.290426740348406e-06
1,1,0.9993004859691244
1,1,0.9983086288850797
1,1,0.9997106824408679
0,0,1.0703898297901734e-07
1,1,0.9998183909128776
1,1,0.9991460259218734
1,1,0.9995302457073285
1,1,0.9995903934418521
0,0,1.2147625766727403e-07
0,0,0.0009190738515683232
0,0,0.0006438292659754072
0,0,7.764880252243679e-06
1,1,0.9998669877118678
0,0,7.135484454837556e-06
0,0,4.310828094387634e-06
0,0,1.2174183162242784e-07
1,1,0.9995646073556059
1,1,0.9996001090596267
1,1,0.9983212672204699
1,1,0.9999390416792024
1,1,0.9995997575966163
0,0,6.177159233605867e-06
0,0,0.0024935578299048744
0,0,4.5781213065779105e-06
0,0,4.970682901976182e-06
1,1,0.9996699082438182
1,1,0.9994073490701021
0,0,0.0012711168430665938
1,1,0.9998387984988912
1,1,0.999640590239718
1,1,0.999870705365333
0,0,5.01013711000783e-06
0,0,5.7881590130188145e-06
0,0,1.1097961702607392e-07
1,1,0.9997295067788262
0,0,7.118177770785621e-06
1,1,0.9994164623083135
1,1,0.9994346434427678
1,1,0.9993033233648749
0,0,3.963639946446695e-06
1,1,0.9986277209290619
0,0,6.117635989465865e-06
0,0,1.1511190833529544e-07
1,1,0.9996424916698575
0,0,7.3039836592423285e-06
0,0,4.080273488425792e-06
0,0,0.0010073446513613983
0,0,3.7192542352626923e-06
1,1,0.9996798173061935
1,1,0.9994036158491745
1,1,0.9997504901349383
0,0,0.0007162668371319586
1,1,0.9993659515729965
1,1,0.9994870087250428
1,1,0.9999190726955763
1,1,0.9994261202457025
1,1,0.9994761580743747
1,1,0.9998156953853401
1,1,0.9998950261222301
0,0,1.0924442655414537e-07
0,0,1.0289638684136256e-07
0,0,5.001327278263147e-06
1,1,0.9998017198731128
0,0,1.219225922345669e-07
1,1,0.9998996001366568
0,0,4.466556257862224e-06
0,0,6.573778806168318e-06
1,1,0.9987260033609852
0,0,6.019177471990449e-06
1,1,0.9991820794042939
1,1,0.9997947465639544
1,1,0.999687245980698
0,0,7.01226840325267e-06
1,1,0.9997235485110842
1,1,0.9993144686742333
1,1,0.9999253949841957
0,0,0.0010302315895420315
1,1,0.9997783462593361
1,1,0.9989027041503794
0,0,4.349334826524456e-06
1,1,0.9996819845834611
1,1,0.9999254064384844
0,0,3.312347588047321e-06
1,1,0.9999239139045151
1,1,0.9999519697330964
1,1,0.9997940151551179
0,0,7.951784534087796e-06
0,0,6.8462496762119895e-06
1,1,0.999425059275518
0,0,1.2431496519968825e-07
1,1,0.9998156304314736
1,1,0.9998520043191129
0,0,3.6499550303414486e-06
1,1,0.999734851271662
1,1,0.9996589133165309
1,1,0.9998100877715272
1,1,0.9991743226806723
0,0,3.677453343513391e-06
0,0,4.688136992863874e-06
0,0,0.001982990799820632
1,1,0.9995515469464231
1,1,0.9998251865506528
1,1,0.9995695292585772
1,1,0.9995055434562806
0,0,4.246386824385898e-06
0,0,1.145339066192335e-07
1,1,0.9998056826641032
1,1,0.9995592122769902
0,0,4.606801773054537e-06
1,1,0.9997819764827552
0,0,4.765787750700546e-06
1,1,0.9990143316618851
0,0,5.086330174041196e-06
1,1,0.9995721980691744
1,1,0.9993300153764011
1,1,0.9996304822369453
0,0,1.2073795885446536e-07
0,0,4.486949554315723e-06
0,0,5.0159873332937625e-06
1,1,0.9997208742803555
1,1,0.9992120184345902
1,1,0.9991309637218053
1,1,0.9992817879603673
1,1,0.9996018942810081
1,1,0.9999236012983415
1,1,0.9994978584829859
1,1,0.9992686315053504
0,0,3.722549609959282e-06
1,1,0.9996425100815782
0,0,5.923767699844801e-06
0,0,4.105978286211701e-06
0,0,4.109147824334139e-06
1,1,0.999740595218632
0,0,3.6630896292879206e-06
1,1,0.9996093082211315
1,1,0.9998423478341479
1,1,0.9999311594233319
0,0,1.3425415814981196e-07
1,1,0.9998310415506292
1,1,0.9998695422088824
1,1,0.9998852608749526
1,1,0.9999073424156646
1,1,0.999759512905815
1,1,0.999806310942507
0,0,5.399365832772885e-06
1,1,0.9999193978657012
0,0,5.740598701234014e-06
1,1,0.9997583164318418
0,0,0.002100414798998848
1,1,0.9996487809798792
1,1,0.9995118195875092
0,0,1.1049624756639782e-07
0,0,4.108519794249769e-06
0,0,1.2077411487147963e-07
0,0,0.0016276547871619414
1,1,0.9993605278796548
1,1,0.9997851647044059
1,1,0.9996582806767752
1,1,0.999754801475555
0,0,3.5546856230651755e-06
1,1,0.9998677364278256
1,1,0.9992435761365281
0,0,8.285326261214757e-06
1,1,0.9998815751210723
1,1,0.9995849947792105
1,1,0.9997117173666309
1,1,0.9994671191714797
0,0,5.632513513039758e-06
0,0,3.496060729814078e-06
1,1,0.9995515388155817
0,0,6.860810830880725e-06
0,0,4.803573107548201e-06
1,1,0.9996084307297743
1,1,0.9998418308558334
1,1,0.9995099481903302
1,1,0.9993882494927128
1,1,0.9996363434845591
1,1,0.9993575282367767
0,0,1.205270963715145e-07
1,1,0.9988257733291744
0,0,4.382070794351659e-06
1,1,0.9996694820672137
1,1,0.9998766499294771
0,0,4.311765175283813e-06
0,0,0.0011906872122816534
0,0,0.0012228304027855367
0,0,4.925330933586e-06
1,1,0.9994389392846085
0,0,7.811906771458301e-06
1,1,0.9996853376468735
0,0,3.67521258081485e-06
0,0,0.0007788026995160961
0,0,4.056584452774991e-06
1,1,0.9998941879985636
0,0,8.78552803717545e-06
1,1,0.9997071440260263
1,1,0.9994101242251638
1,1,0.9996585872034082
0,0,8.565559995432094e-06
1,1,0.9987130218395914
0,0,5.5849371154864304e-06
1,1,0.9995739085886136
1,1,0.9998330853561145
0,0,0.0012211691148638925
0,0,0.0009561209624621352
0,0,0.0016746529692217456
1,1,0.9995988994459472
1,1,0.9996746307558273
1,1,0.9998606948274361
1,1,0.9997090126740429
1,1,0.9993437022452881
1,1,0.9996741072145616
0,0,1.1538488543196198e-07
0,0,1.2417677553297652e-07
0,0,5.413549207429165e-06
1,1,0.9993091292805034
0,0,0.0011693507908674724
0,0,1.0352436709431201e-05
1,1,0.9998571658990943
0,0,4.2704095190682905e-06
1,1,0.9994036137015605
0,0,8.547542753551271e-06
1,1,0.9994832747341562
1,1,0.999717448545228
1,1,0.9995367206451418
1,1,0.9997382147968793
0,0,4.085805310039184e-06
1,1,0.9995430717742803
1,1,0.9995781214333963
1,1,0.9993110681957486
0,0,5.212026901417575e-06
1,1,0.9998545293859431
1,1,0.9993840715320711
0,0,1.077608930976165e-07
1,1,0.9996848330570316
0,0,0.0010709679559289325
1,1,0.9997145853692103
0,0,1.1989570008939191e-07
0,0,6.123901020357093e-06
0,0,0.0007765076012308217
0,0,1.0898052862084534e-07
0,0,0.0015160103031657273
1,1,0.9997563654097258
0,0,0.0007508929952449188
1,1,0.9991858422259217
1,1,0.9998242898706295
0,0,4.522642570607667e-06
1,1,0.9992456318078318
1,1,0.9997993763053857
0,0,4.407992939071352e-06
1,1,0.9992804294733694
1,1,0.9998769000533635
1,1,0.99979019353854
1,1,0.9998676815813528
1,1,0.9999302547238644
1,1,0.9995679185393496
1,1,0.9991557331952802
1,1,0.997805850337942
0,0,4.54114286072321e-06
1,1,0.9998389857800465
1,1,0.999589464922736
0,0,5.902541515760987e-06
1,1,0.9998448469602337
1,1,0.9993216031486059
1,1,0.9998404912392256
0,0,8.416596720712944e-06
0,0,6.473842894486106e-06
0,0,8.093325595179373e-08
1,1,0.9986093197040692
1,1,0.9995049574180978
0,0,4.426015965586288e-06
1,1,0.9996982355960703
1,1,0.9996650860455453
0,0,3.218755961867145e-06
1,1,0.9994937821062635
1,1,0.9984612119470353
0,0,4.238949532072912e-06
1,1,0.9996034821809837
1,1,0.9995596018043379
0,0,6.005995289069444e-06
0,0,4.091599008252031e-06
0,0,5.60113280915291e-06
1,1,0.9996988378430726
1,1,0.9995477146995158
1,1,0.9997977965509453
1,1,0.9997688744305093
1,1,0.9998099277847345
1,1,0.9997767375698393
1,1,0.999737430090947
1,1,0.9996433241141254
0,0,1.3355708711764314e-07
1,1,0.9998264168330282
0,0,1.1527568011459347e-07
1,1,0.999568808166651
1,1,0.9992809920523356
1,1,0.9996687057881033
0,0,4.233757001718333e-06
1,1,0.9992723689794207
0,0,3.017754253427633e-06
0,0,4.699443372686142e-06
0,0,1.1115203069116118e-07
1,1,0.9998905352981062
1,1,0.9998355118192254
0,0,5.462107638263196e-06
1,1,0.9998746702167889
1,1,0.9987320138494387
1,1,0.9994656801434016
1,1,0.999903084679845
1,1,0.9995643843120205
1,1,0.99862009580184
1,1,0.9997441548672026
1,1,0.9997171377272154
1,1,0.9998962568563927
1,1,0.9998988062019517
0,0,4.431181013331851e-06
1,1,0.9997090911928723
1,1,0.9998561245634805
1,1,0.999885778476581
1,1,0.999645640861342
1,1,0.9993851723461383
1,1,0.998963523624242
1,1,0.9998843864275403
1,1,0.9993834284473812
1,1,0.9996804629990722
0,0,1.0799732372495449e-07
1,1,0.9997386338061836
1,1,0.9998471516691759
0,0,3.4594614097335887e-06
0,0,0.0005113079717500046
1,1,0.9995724615957445
0,0,7.3518543299539045e-06
0,0,4.224472634074151e-06
1,1,0.9996621434283881
1,1,0.999841732938911
1,1,0.9999255083535287
1,1,0.999956641648004
1,1,0.999812754647869
1,1,0.9985781322439194
0,0,3.940137634587896e-06
1,1,0.9998334257708735
1,1,0.9995675296865497
1,1,0.9998487436107659
1,1,0.999514476110971
1,1,0.9996631053986569
1,1,0.9998871223816285
1,1,0.9997788489693704
1,1,0.9997586065511466
0,0,6.282934506347116e-06
0,0,9.644569633900771e-06
1,1,0.9998658100667186
1,1,0.9998276989557547
1,1,0.9999239991858428
1,1,0.9997202360474031
1,1,0.9998396447523653
1,1,0.9998561992650953
1,1,0.9996815939520156
0,0,1.2017332315082955e-07
1,1,0.9998480015761587
0,0,5.450555843586083e-06
1,1,0.9997464880604982
1,1,0.9990896851971971
0,0,8.085570879353606e-06
1,1,0.9995465198654039
1,1,0.9998736757418241
0,0,4.612071514128798e-06
1,1,0.9994480617101464
1,1,0.9997864004012509
1,1,0.9997512128326238
1,1,0.999814728888201
1,1,0.9997698935233669
0,0,0.0006362099916970077
1,1,0.9998066358160427
0,0,5.3625142691322006e-06
1,1,0.999648147317266
0,0,4.789766316090677e-06
1,1,0.9990297291321406
0,0,3.804810773350515e-06
0,0,4.755373559861844e-06
1,1,0.9998266727028273
0,0,3.4971840628307747e-06
1,1,0.9997829101908564
0,0,9.952419450122824e-06
1,1,0.9998305673915319
1,1,0.9997925914489886
1,1,0.9998112920272871
1,1,0.9995460410597194
0,0,5.010583287006412e-06
1,1,0.9999460035531863
0,0,4.0201532652823875e-06
0,0,7.128259043208281e-06
1,1,0.9996681651924991
0,0,7.670703701643144e-06
1,1,0.9999089352062355
1,1,0.9999233882510616
1,1,0.9996931872580372
1,1,0.9992944603192447
1,1,0.999567399986575
0,0,4.226334398833715e-06
0,0,4.4507365949798265e-06
0,0,1.0958292779590181e-07
1,1,0.9996982559006038
1,1,0.9996401598321805
0,0,6.213255338083465e-06
0,0,1.2112850810210857e-07
1,1,0.9998212730123959
1,1,0.9997777326936902
0,0,8.907518951503246e-06
0,0,3.881805964045664e-06
1,1,0.9987889886887843
1,1,0.9998433451396307
1,1,0.9994837040228745
0,0,1.215473585592755e-07
1,1,0.9998215811483325
0,0,1.213085028330187e-07
1,1,0.999747639340087
1,1,0.9997699774358191
1,1,0.9997311126961238
1,1,0.9996780999562066
0,0,0.0015957456429394512
1,1,0.999894046571161
1,1,0.9999560174985703
0,0,1.4277509415504134e-07
1,1,0.9997966549349426
1,1,0.9991939915865091
1,1,0.9998202602951202
1,1,0.9995213086217621
1,1,0.9998356132511611
0,0,1.1226313222534841e-07
1,1,0.9997232226326467
0,0,1.0323652831511211e-07
0,0,7.883160388858838e-06
1,1,0.9992660844941852
1,1,0.999747447134396
0,0,0.0013740943009937626
0,0,0.0016160650257401514
0,0,0.0011759597243058476
1,1,0.999439722448679
0,0,3.4375344109076905e-06
1,1,0.9990438483752294
1,1,0.9998152392912402
1,1,0.9983446369409766
0,0,1.1405801373635234e-07
1,1,0.9995777093215469
0,0,5.123135513821011e-06
1,1,0.9993976765810192
1,1,0.9997996867322535
1,1,0.9996870349228643
1,1,0.9993907683826478
1,1,0.9999192341721566
1,1,0.9998176606181869
1,1,0.9989273882542518
0,0,4.686112164386842e-06
1,1,0.9995154354609563
1,1,0.9994089115603328
0,0,4.799514882623532e-06
1,1,0.9995187092223327
1,1,0.9998602932846163
1,1,0.9998552696329287
1,1,0.9999590056836402
0,0,9.191900215279517e-08
1,1,0.9994102503127921
1,1,0.9998846339467519
1,1,0.999936251205144
1,1,0.9993566662751474
0,0,1.2078978719979006e-07
0,0,4.187891404264693e-06
1,1,0.9994792348840088
0,0,0.0020802826493243674
1,1,0.9991877910319877
1,1,0.9997418770928871
1,1,0.9997403569318204
1,1,0.9996714982275178
1,1,0.9999359991827776
1,1,0.9999142633098372
0,0,1.0180381570071308e-05
1,1,0.9997109342234446
1,1,0.9998803961940863
1,1,0.9998696432550065
1,1,0.9993915512485383
0,0,7.342430614715585e-06
0,0,0.0007412784011563805
0,0,3.2981968863814917e-06
0,0,0.0013313466498423162
0,0,8.51346312363153e-06
0,0,3.945285378405552e-06
1,1,0.9995971506734571
1,1,0.9998038557381339
0,0,6.130434763131635e-06
1,1,0.999846688258239
0,0,5.369056867507496e-06
1,1,0.9996167513275733
1,1,0.9998461600669452
1,1,0.9998498054087256
1,1,0.9993536193069043
1,1,0.9999029721293105
1,1,0.9996375037392863
0,0,6.392610531391122e-06
1,1,0.9996563307894495
1,1,0.9997282748495433
1,1,0.9996160691418795
0,0,4.1369778109858855e-06
1,1,0.9997302032807123
1,1,0.9997304161811836
1,1,0.9996685769355715
1,1,0.9998001452014398
1,1,0.9994828291003465
1,1,0.9995225334892827
1,1,0.9993783292417545
1,1,0.9994168242911405
1,1,0.9994725686195487
1,1,0.9992902001935121
1,1,0.9994751218026902
1,1,0.9998814499938478
0,0,1.1249945382193811e-07
0,0,4.428055154490017e-06
1,1,0.9997696280380822
1,1,0.9999059411112515
1,1,0.9996471558228793
0,0,8.963659400273064e-06
1,1,0.9993437672152469
1,1,0.9996453151418652
1,1,0.9997922464419476
1,1,0.9996337059813705
0,0,9.332753650075152e-08
1,1,0.9999174057445858
1,1,0.9998837322959542
0,0,9.271173121259573e-08
0,0,1.1695289476337667e-07
0,0,4.791661833212061e-06
0,0,4.986161082358926e-06
1,1,0.9996024644679764
1,1,0.9996024424153475
1,1,0.9998008793343011
0,0,4.224061059214566e-06
0,0,6.326186963014442e-06
1,1,0.9998905069734978
1,1,0.9991012129424724
1,1,0.999398066654469
0,0,0.0005236345821063465
1,1,0.9999154262108796
1,1,0.9996155831069591
1,1,0.9996916479367063
1,1,0.9993081639137353
1,1,0.9998342439004129
0,0,4.2339119834108035e-06
0,0,9.633720540697895e-06
1,1,0.9996568594902026
1,1,0.9996148765059004
1,1,0.999670109133117
1,1,0.9999541205903526
1,1,0.9998194606908828
0,0,4.617189797131569e-06
1,1,0.9996698233541812
1,1,0.9997398227784257
0,0,0.0014913732477809033
1,1,0.9987983453583797
0,0,1.1003389733108734e-07
0,0,5.5379239525300745e-06
0,0,6.2467439430712885e-06
1,1,0.9994285964672409
1,1,0.9994546150255956
1,1,0.9997958669262578
1,1,0.9998496221076038
1,1,0.9998397764398157
1,1,0.9997294448106576
1,1,0.9998970458372789
1,1,0.9989538947671368
1,1,0.9996066873146967
1,1,0.9993305904595836
1,1,0.9997795908564253
1,1,0.9995506923346371
1,1,0.9998196907137914
1,1,0.9999168115556247
0,0,3.837430354993168e-06
1,1,0.9995473975304021
1,1,0.9998115379619699
0,0,7.138362276640544e-06
1,1,0.9999256432059546
0,0,0.0005456771713311418
0,0,0.0014900824902552927
1,1,0.9999395391288006
1,1,0.9997739777920067
1,1,0.9993157331088174
1,1,0.9988458562038522
0,0,0.0007740846051827675
1,1,0.9994402438730413
0,0,1.2157413297267263e-07
1,1,0.9996202423136178
0,0,5.082902740350298e-06
1,1,0.999196417641868
1,1,0.999856910818186
0,0,1.0386508163643792e-05
1,1,0.9998654957002441
1,1,0.9997935986317127
1,1,0.9998167755730533
0,0,1.0967901115108496e-07
0,0,5.023872434080116e-06
1,1,0.9995457990397564
1,1,0.9998845233174171
0,0,9.966624991061135e-06
1,1,0.9995898683117779
1,1,0.9998354238748202
0,0,3.831629490777754e-06
1,1,0.9998441449861969
1,1,0.9998297249250261
1,1,0.9991316455195633
0,0,4.077855202535872e-06
0,0,1.0533815408813474e-05
1,1,0.9995642309915989
0,0,1.1422242679784593e-07
1,1,0.9997825780614225
0,0,5.941290683084318e-06
1,1,0.9988190636162202
0,0,0.0007984827903700864
0,0,6.453998962572504e-06
1,1,0.9998003236158303
1,1,0.9989740824767965
0,0,5.159590735763041e-06
1,1,0.99979503731152
0,0,1.1039368236324715e-07
0,0,0.0015865200706301498
1,1,0.9995646252248956
1,1,0.999348266925246
0,0,9.293543276025479e-08
1,1,0.9999055775285627
1,1,0.9994226652200802
0,0,3.283472379133027e-06
1,1,0.9988180285461906
0,0,0.0008115112947981517
1,1,0.9998968450397622
1,1,0.9997543234492836
1,1,0.9999140663689312
1,1,0.9996603815015652
0,0,6.651629150116717e-06
1,1,0.9993146748036985
1,1,0.9996831672687423
1,1,0.9989571754237015
0,0,6.47024356472486e-06
0,0,1.447284819485486e-07
1,1,0.9983920486355918
1,1,0.9997700780183746
0,0,3.7228352909501207e-06
1,1,0.9982175497898005
0,0,7.019513536573301e-06
1,1,0.9997696780430952
0,0,4.476497908638263e-06
1,1,0.9995041817739363
0,0,4.1458472939404e-06
0,0,0.0014302732793746915
1,1,0.99857666128809
1,1,0.9998770623380007
1,1,0.9994576133317861
1,1,0.9998790289598665
0,0,5.223193401097356e-06
1,1,0.9992357154612146
1,1,0.9997409430534179
0,0,6.066143940287939e-06
1,1,0.998874708228953
1,1,0.999831396014979
0,0,1.372860522350885e-07
1,1,0.9998672350614252
1,1,0.9991916280399202
1,1,0.9998728324315399
0,0,4.173925268437649e-06
0,0,3.6452829200214527e-06
1,1,0.9999097091289387
1,1,0.9997549885002127
1,1,0.9998428794279292
1,1,0.9998613213647493
0,0,3.984440423452552e-06
1,1,0.9999184833230579
1,1,0.9996809965669233
1,1,0.9998998207055391
1,1,0.9996278461838857
0,0,5.12509756484812e-06
1,1,0.9997103440146723
0,0,1.3202316830827146e-07
1,1,0.9998491818926524
1,1,0.9996406307733722
1,1,0.9997079552949979
1,1,0.99993952998811
1,1,0.99950522662919
1,1,0.9998985689170394
1,1,0.9996517088008892
0,0,1.2171724577591502e-07
0,0,5.040054260908751e-06
1,1,0.9997833199542607
1,1,0.9997900184874106
1,1,0.9998411929520171
1,1,0.9995812924402533
1,1,0.9998337670696658
0,0,4.239405412901628e-06
1,1,0.9995074380926655
1,1,0.9997560065057634
1,1,0.9997182303914915
0,0,4.696422786762316e-06
0,0,4.155040342305069e-06
1,1,0.9994269574489008
1,1,0.9998157451543467
1,1,0.9999033642773029
1,1,0.9989797807943515
1,1,0.9991624773525043
1,1,0.9997850908685886
1,1,0.9988786658842905
1,1,0.9998484369874543
0,0,5.215081743330159e-06
1,1,0.9984291680984708
0,0,5.415764674538353e-06
0,0,0.0008467377395909089
1,1,0.9996028302906701
1,1,0.9994786874510918
1,1,0.9992727089800826
0,0,5.147378499545284e-06
0,0,4.553157386648586e-06
1,1,0.9992678376822756
1,1,0.9999018901594477
0,0,6.812254655186986e-06
1,1,0.9997543128755304
1,1,0.9992470609455726
1,1,0.9995521345444439
1,1,0.9995550115907673
0,0,8.300296754383575e-06
1,1,0.9998592698609531
1,1,0.9998723910072729
1,1,0.9997522120676431
0,0,0.0007688914594265059
0,0,5.743509838998071e-06
0,0,0.0005959580479921794
1,1,0.9997552484977287
1,1,0.9995336750920537
1,1,0.9998362325854223
0,0,0.0020306446449222743
1,1,0.999765683864583
0,0,1.0789788387012245e-07
1,1,0.9991005860944734
1,1,0.9996157184050036
1,1,0.9997108610066509
1,1,0.9995211112213278
0,0,4.353310113728374e-06
0,0,0.0008513036707065389
1,1,0.9995832837218219
0,0,4.9381153890481e-06
0,0,4.654851194556921e-06
1,1,0.999699397362321
1,1,0.9997555561102658
1,1,0.9997298908945383
1,1,0.9994438672772328
1,1,0.9997796088740101
1,1,0.9997915080794125
1,1,0.9998830043013186
0,0,7.1738441603496085e-06
0,0,4.508273783128119e-06
1,1,0.9998205194337688
1,1,0.9995175418109725
1,1,0.9990473921204487
1,1,0.9998626920524584
0,0,1.054927304535934e-07
0,0,5.7581595439431675e-06
0,0,5.846813924054633e-06
0,0,7.322946416008243e-06
0,0,3.5943575398596424e-06
1,1,0.9993415801293665
1,1,0.99955214175026
0,0,4.129426704259376e-06
1,1,0.9987641224553488
1,1,0.9991017529773486
1,1,0.9995507118444915
1,1,0.9997451010813362
1,1,0.9996399797865833
0,0,1.0813528867724243e-07
1,1,0.9999110470726255
1,1,0.998952768625735
1,1,0.9996806230745116
1,1,0.9989351727636533
1,1,0.9993655715839702
0,0,4.14771802372804e-06
1,1,0.9994593040752809
0,0,5.490655356678851e-06
0,0,0.0008370706525006299
1,1,0.9991739862863104
0,0,0.0012753453087670083
1,1,0.9998252564744257
1,1,0.9997799148249765
1,1,0.9998864583651499
1,1,0.999466285035461
0,0,3.5315240419897235e-06
1,1,0.9997334078291674
0,0,1.097919650769253e-07
0,0,6.228712265485584e-06
1,1,0.9995544053221918
1,1,0.9992618158360042
0,0,3.7775169653308107e-06
0,0,1.2140597055780745e-07
1,1,0.9996366599885635
1,1,0.9994931433314262
0,0,1.1534990195330531e-07
0,0,1.1040203651816269e-07
1,1,0.9998584822580795
1,1,0.999767052500964
1,1,0.999643450427494
0,0,4.876097138178209e-06
0,0,5.999664409786648e-06
1,1,0.9998374162195339
1,1,0.9997424825754593
1,1,0.9998445696178364
1,1,0.9995809502545406
1,1,0.9996185407033177
0,0,4.328924515976969e-06
0,0,4.406387118968558e-06
0,0,7.228469952691753e-06
1,1,0.9997557610545803
0,0,5.831777099770149e-06
1,1,0.999916206405472
0,0,3.193860426419216e-06
1,1,0.9998436904360279
1,1,0.9986928043012246
1,1,0.9997111564984354
0,0,4.228682464541634e-06
0,0,1.0206662053977935e-05
1,1,0.9999279162809472
1,1,0.9994057572624531
1,1,0.9995658732934064
1,1,0.9998811952170557
0,0,5.128287459041348e-06
1,1,0.9999263902343112
1,1,0.9994942116419505
1,1,0.9993595359063969
0,0,8.978136228785013e-06
0,0,3.7388547162119238e-06
0,0,4.74801969754352e-06
1,1,0.9997717272177459
0,0,3.9729405943311265e-06
1,1,0.9994274212882832
1,1,0.9995688189792411
0,0,2.772932024780608e-06
1,1,0.9999239518886776
1,1,0.9997972674192068
0,0,4.264905206321882e-06
0,0,4.8150688862494926e-06
0,0,0.0008531719888773567
1,1,0.9997612256693587
0,0,7.975373963595781e-06
1,1,0.9998304296749735
1,1,0.9999549340619748
1,1,0.9992534156011805
1,1,0.9999154641875334
1,1,0.9995563306954859
0,0,4.069011032131205e-06
0,0,1.1166921144394661e-07
0,0,5.562903373813068e-06
0,0,5.482412601169849e-06
1,1,0.9997662531697714
1,1,0.9999497704834697
1,1,0.9998408155977303
0,0,5.651275236720777e-06
0,0,1.034883465073388e-07
0,0,5.444560580838705e-06
0,0,0.0009308482046904843
1,1,0.9998174899056571
1,1,0.99980150161458
1,1,0.9998797717227953
1,1,0.9996806820330043
1,1,0.9991898601821861
1,1,0.9998684316768378
0,0,0.0010005486953788495
1,1,0.9986231322178812
1,1,0.9997612961950569
1,1,0.9997582828623808
1,1,0.999883576581887
0,0,5.69600310729003e-06
1,1,0.9998571618810235
0,0,7.235453228235494e-06
0,0,5.709396073853817e-06
0,0,5.392456037120372e-06
0,0,1.209096188996171e-07
0,0,0.0008439045100175556
0,0,4.19041073402245e-06
0,0,0.0006867237913863702
0,0,1.1505672384611092e-07
1,1,0.9998939323143844
1,1,0.9997758748797291
0,0,3.21150027953611e-06
1,1,0.999159336352827
1,1,0.9999064698704491
1,1,0.9995386928993266
1,1,0.9994522103585362
0,0,1.1259755600804005e-07
0,0,4.586731695619697e-06
1,1,0.9995185714815316
1,1,0.9998128535220739
1,1,0.9996991357819508
0,0,0.0006607503566489644
1,1,0.9992897827713602
1,1,0.9997873959035788
1,1,0.9998705847092264
1,1,0.9989415101436903
1,1,0.9995729448692304
1,1,0.9991001464832652
1,1,0.9999063657669927
1,1,0.9997316955030572
1,1,0.999706924473138
1,1,0.9997484736121318
1,1,0.9997856194915106
1,1,0.9996922324422884
0,0,3.757731072288634e-06
0,0,5.902016854645533e-06
0,0,4.634405924070136e-06
0,0,9.063043734347393e-08
0,0,3.489608514947214e-06
0,0,9.23116023252982e-08
1,1,0.9998254396363946
1,1,0.9998398388142689
1,1,0.9992228593792115
0,0,0.001723354067717978
1,1,0.9998646081250414
1,1,0.9998921434368968
1,1,0.9997011085411437
0,0,1.0995285115061375e-07
0,0,0.0010433420351402816
0,0,3.6123426880803084e-06
0,0,3.946919857137883e-06
1,1,0.9998467292134373
1,1,0.9998785886232378
1,1,0.9997887204565371
1,1,0.9995700700125972
1,1,0.999869577515209
0,0,9.086765727132467e-06
1,1,0.9997586267268576
0,0,4.131270924913836e-06
0,0,4.352459983771885e-06
0,0,4.2117804338507105e-06
1,1,0.9999504650820997
0,0,0.0008926095281411633
1,1,0.9996353953607917
0,0,1.222592985506163e-07
1,1,0.9998848418808571
0,0,5.930907834329041e-06
1,1,0.9997843944201421
1,1,0.9999309667661755
1,1,0.9997798222367044
1,1,0.9999364758907237
1,1,0.9991414090868418
1,1,0.9998000987280111
1,1,0.9997861381215581
1,1,0.999536704081968
1,1,0.999582829080058
0,0,5.906133703710556e-06
0,0,8.457782331025243e-06
0,0,3.0202612969799967e-06
0,0,5.717506531732848e-06
1,1,0.9996590571675
0,0,1.1730119956480675e-07
1,1,0.9997040919607814
1,1,0.9998172551144843
1,1,0.9991343755647352
1,1,0.9998560642604595
1,1,0.9995672335814189
0,0,3.926069682205364e-06
1,1,0.9997200025706233
1,1,0.9993331885573989
1,1,0.999657332379183
0,0,3.305602010768614e-06
0,0,6.19345799441588e-06
1,1,0.9998191468232893
1,1,0.9993517013019245
1,1,0.9994173800241082
0,0,9.099236602985473e-06
1,1,0.9996584772736536
0,0,4.504949714786372e-06
1,1,0.9998451769348548
1,1,0.9997126513869753
1,1,0.9980550843925792
1,1,0.9998564659770826
1,1,0.9993972001025087
0,0,4.1647555043043464e-06
1,1,0.9999207307687225
1,1,0.9999075847232206
1,1,0.9997776018693818
1,1,0.9997511178300289
1,1,0.9996069141315158
0,0,1.107894191296079e-07
1,1,0.9991340958651994
0,0,1.22045619050947e-07
0,0,0.0007027687017354167
1,1,0.999395189642695
1,1,0.9996764186424975
1,1,0.9999120104465693
1,1,0.9998467653135872
0,0,5.416208049455791e-06
1,1,0.9996913188028774
1,1,0.9998230821778294
0,0,0.0010954040881813196
1,1,0.9997689644905585
0,0,0.0010095688516424202
0,0,1.2469760409731087e-07
1,1,0.9999040397419282
1,1,0.9983736747652537
1,1,0.9994175070886714
1,1,0.9998602081425976
1,1,0.9993825173553965
1,1,0.9999020980309266
1,1,0.9998184807585437
1,1,0.9996026618548507
0,0,4.007497593930251e-06
1,1,0.9995095494358042
1,1,0.9992896819004887
1,1,0.9997858817071886
1,1,0.999847606324913
0,0,0.0012609471865548958
0,0,3.666606641885262e-06
0,0,0.0007909276237278033
0,0,0.0007839348907391291
1,1,0.9995217749090265
1,1,0.9988023214238487
1,1,0.9996341904124608
1,1,0.9996439470066409
0,0,5.731532303217918e-06
1,1,0.9997991754305435
0,0,9.324056558441162e-06
1,1,0.9985596022380493
1,1,0.9997332063260866
1,1,0.9997645996396778
0,0,0.0006767130834557985
1,1,0.9993751019814486
0,0,0.0008566962374689332
1,1,0.9998274357195982
1,1,0.9997163407743183
1,1,0.999753624812987
1,1,0.9999129180795363
1,1,0.9997898287170417
0,0,4.773264363176713e-06
0,0,4.080227808949028e-06
1,1,0.9995888233310795
1,1,0.9999492190537008
0,0,0.001995666890087028
1,1,0.9992342469333277
0,0,5.350062594975787e-06
1,1,0.9996577554202963
1,1,0.999935925533529
0,0,1.1029464341991082e-07
0,0,6.2690965504419016e-06
0,0,0.0007441341839579986
1,1,0.9996018316773129
1,1,0.9990331781526864
1,1,0.9998995827655507
1,1,0.9994795490633154
1,1,0.9999188915215446
0,0,4.011152870681391e-06
0,0,3.771732917306093e-06
0,0,0.0011177967659281394
1,1,0.9998736782957763
0,0,4.01157752956268e-06
1,1,0.9996366572191985
1,1,0.999253704513696
1,1,0.9996201079075268
1,1,0.9997948551510166
1,1,0.9998277361905331
0,0,1.2522846965745863e-07
1,1,0.9990362667461207
1,1,0.9996928454915056
0,0,1.2048832656331593e-07
1,1,0.9999129560776047
1,1,0.9998298084248027
1,1,0.9993428702221556
1,1,0.9996109820601246
1,1,0.9996944440229948
0,0,0.0007322286584653753
0,0,4.442834906083923e-06
0,0,5.258048138998506e-06
1,1,0.999047050906845
1,1,0.9996998190831463
1,1,0.9998229061188794
1,1,0.9984649142028963
0,0,5.081487009144257e-06
1,1,0.9999023853159511
1,1,0.9997512646550355
1,1,0.9997736423600869
1,1,0.999880056028852
1,1,0.9991612994700181
1,1,0.9999373156861804
1,1,0.9998271703310482
0,0,5.864866710780092e-06
1,1,0.9993432939044339
1,1,0.9994689044334377
0,0,3.07053738107786e-06
1,1,0.9998289000916507
0,0,4.5351634705717575e-06
1,1,0.9996504617591441
1,1,0.9995362167638542
1,1,0.9996561924901001
0,0,7.299717868140793e-06
1,1,0.9997176093512393
0,0,4.623659482940632e-06
0,0,1.1090907808216783e-07
1,1,0.9996286797644518
0,0,5.300345062900474e-06
0,0,8.011047858918897e-06
0,0,4.188354833817328e-06
1,1,0.9999065312932247
1,1,0.9999126323443256
1,1,0.9991587970225154
0,0,0.0010563852914570358
1,1,0.9993346202025102
0,0,0.0008935959049675812
1,1,0.9998622260318627
0,0,0.0012640537717182679
1,1,0.9997705736512525
1,1,0.9993217101476102
0,0,1.2142857330450168e-07
1,1,0.9995324415854464
0,0,4.055961510645919e-06
1,1,0.9998455537549993
0,0,7.156033511195059e-06
1,1,0.9985878306108121
0,0,4.238542645584099e-06
1,1,0.9998857170477021
0,0,0.0005690881357322802
0,0,0.001190359190595328
0,0,3.7177864849483075e-06
1,1,0.9998156373398196
0,0,0.0015901190398175601
1,1,0.9997567829423079
1,1,0.9998483850664347
1,1,0.9999425668196193
1,1,0.9995103285311632
0,0,9.90855101289028e-06
1,1,0.9996110848129127
0,0,1.2509348472233093e-07
1,1,0.9996080681324385
0,0,0.0009799351478426044
0,0,8.014000273324286e-06
0,0,6.4983310480199545e-06
1,1,0.9997524394762872
1,1,0.9997673268676013
0,0,4.720227124341681e-06
1,1,0.9997612100908347
0,0,0.0009369126819857107
1,1,0.9997793314711636
1,1,0.9996419605958871
1,1,0.9995694248258451
0,0,5.0349155830354764e-06
1,1,0.999519409376538
0,0,5.64801694057242e-06
1,1,0.9998868585985564
1,1,0.9998330834992015
1,1,0.9989106748212991
1,1,0.999839393608648
1,1,0.9999120930301232
0,0,1.0570468267835558e-07
0,0,4.469650803482819e-06
0,0,0.0017644380560595994
1,1,0.9992385925982719
1,1,0.9999112062616123
1,1,0.9996597919954789
0,0,3.417317829548407e-06
1,1,0.9998960202931607
1,1,0.9997828199824843
1,1,0.9998843059708473
1,1,0.999609470047066
1,1,0.999801931414752
0,0,0.0009395832104143582
0,0,4.807043486272816e-06
0,0,4.555383915662483e-06
1,1,0.9997952602726995
1,1,0.9997698272254917
1,1,0.9996180325075597
0,0,0.0010717530538617694
0,0,9.11416784165676e-06
0,0,8.230888575234855e-06
1,1,0.9994553437125547
1,1,0.9987942180792041
0,0,6.3795538152839396e-06
1,1,0.9998335998628773
1,1,0.9999127000514627
0,0,5.215233622242639e-06
0,0,6.48417010428437e-06
1,1,0.9992685164889428
1,1,0.9993457090752275
0,0,1.0764000414567327e-07
1,1,0.9996050940599377
1,1,0.999594028416313
0,0,0.0007875652153319802
0,0,1.0875640849660557e-07
1,1,0.9996055715199105
0,0,0.00048163508509442495
1,1,0.9994325524388258
0,0,0.0013614249245386316
0,0,4.3677764943082865e-06
1,1,0.9993120315668835
1,1,0.9989322598025735
0,0,6.636653207610286e-06
1,1,0.999834270853477
1,1,0.9997706682614539
0,0,6.117627463000222e-06
0,0,1.2459427733926024e-07
0,0,3.4930222265575427e-06
0,0,5.069361340624262e-06
1,1,0.9995545802628865
0,0,3.7562175394737683e-06
1,1,0.9993667236770136
1,1,0.9997885731228239
1,1,0.9997043907570339
0,0,0.0017123621914427987
1,1,0.9992583448926676
1,1,0.9998363013747437
0,0,0.0018445123850237553
1,1,0.9995713678619189
0,0,4.575733103316489e-06
0,0,1.09869927680319e-07
1,1,0.999847867656917
0,0,1.0820828045144678e-07
1,1,0.9993748941297822
1,1,0.9997231997260412
0,0,4.764806762377763e-06
0,0,8.082005358396383e-06
0,0,0.0012529446728359215
1,1,0.9995584874215121
1,1,0.999774345334126
1,1,0.9997289142797908
0,0,5.897882265313044e-06
1,1,0.9995774310031534
0,0,5.516817103432412e-06
1,1,0.9992404079586339
1,1,0.999823955716105
1,1,0.9998792214115072
1,1,0.9998103037920018
1,1,0.9990570639927016
0,0,4.7025389354168035e-06
0,0,1.0305309802411263e-07
0,0,6.231823335263303e-06
0,0,5.211001524854059e-06
0,0,9.359706323940462e-06
1,1,0.999556099364413
0,0,2.6513864363097037e-06
0,0,4.933922122747795e-06
0,0,1.1548651373270383e-07
0,0,3.8770410263933094e-06
0,0,1.360887538920675e-07
1,1,0.999586076906659
0,0,1.0853895079034658e-07
1,1,0.9998348028202453
0,0,1.1441217050861547e-07
1,1,0.9998840920422966
1,1,0.9986873159374664
1,1,0.9993839393059688
0,0,5.164663002892197e-06
0,0,1.166316436631563e-07
1,1,0.9999385015279512
1,1,0.9991757932060469
0,0,0.0007673256956776531
1,1,0.9989067209565863
0,0,1.1461575596417427e-07
1,1,0.9991947066032946
1,1,0.999505810997908
1,1,0.9998646445555738
1,1,0.9995730153471941
1,1,0.9992263473759456
1,1,0.9998032389762187
1,1,0.9994933550217643
1,1,0.9993601600908442
1,1,0.9997998757179786
1,1,0.9994736610818317
0,0,6.044361263607275e-06
1,1,0.9998852929074665
1,1,0.9998088159546719
1,1,0.9983270854298889
1,1,0.9997211903604106
0,0,5.262779069772968e-06
1,1,0.9989705013768997
0,0,4.7469785441416575e-06
1,1,0.9982275915778241
1,1,0.9991487618456689
1,1,0.9992255325648417
1,1,0.9997567956622517
1,1,0.9996573017700039
1,1,0.9994531492692743
0,0,5.458265637180172e-06
0,0,9.364701395526978e-06
1,1,0.9983342516732708
1,1,0.9994428653782017
1,1,0.9997003618217197
0,0,3.7426108787318757e-06
1,1,0.9997969568341365
1,1,0.9998700976033664
0,0,4.670979029721186e-06
0,0,3.565191965107961e-06
0,0,1.208972271416573e-07
1,1,0.9998292479875001
1,1,0.9996926870249455
1,1,0.998715584657321
0,0,0.0009221072790497225
0,0,4.112087061494735e-06
0,0,1.2119153516774481e-07
1,1,0.9997758501932461
0,0,1.0970969678944967e-07
0,0,0.0014321376989133783
0,0,4.095612952762735e-06
1,1,0.999595359640237
1,1,0.9997345187363136
1,1,0.9999085464632581
0,0,5.6614482016488285e-06
0,0,3.946765882018564e-06
0,0,0.0013652971007288876
1,1,0.9993615419305886
1,1,0.9997750958099432
0,0,0.0011553971528652392
1,1,0.9997198370266804
1,1,0.9997216558690258
0,0,0.0013275990931109637
0,0,4.2443232552876655e-06
1,1,0.9997095278483517
1,1,0.9998296748083726
1,1,0.9993816900824698
0,0,8.111951303971147e-08
1,1,0.9997676563884882
1,1,0.9996589882979295
1,1,0.9996339001440702
0,0,3.771504597238463e-06
1,1,0.999429260455682
0,0,3.688087909963874e-06
0,0,5.662776082372553e-06
1,1,0.9994750733748461
0,0,8.2771492356457e-06
1,1,0.9998007680550286
1,1,0.9997418344796382
1,1,0.9996400131499363
0,0,4.041535825764524e-06
0,0,1.1204004735404244e-07
1,1,0.9993120645812912
1,1,0.9996844990448853
1,1,0.9998654678005029
1,1,0.9993374319066378
1,1,0.9999266904922651
1,1,0.9997362537103023
1,1,0.9994005363994878
1,1,0.9997740096940165
1,1,0.9995760203821784
0,0,0.0010889572062551158
0,0,5.629405330325826e-06
0,0,1.2414814722214398e-07
0,0,3.924289583118253e-06
1,1,0.9995711187131524
0,0,1.0204270382198914e-07
0,0,5.732625726626277e-06
0,0,3.832220426504187e-06
1,1,0.9997016242604045
0,0,4.064868658829526e-06
0,0,5.441532918330122e-06
0,0,4.384298276131105e-06
1,1,0.9998413973332319
0,0,1.1145167644504847e-07
0,0,0.0008726527039248553
1,1,0.9998672415827494
1,1,0.999580818210079
1,1,0.9997976126780871
1,1,0.9994467334753143
1,1,0.9989773813814904
0,0,0.000678191753577849
1,1,0.9999129516652417
1,1,0.9995291565355013
0,0,1.2166245074250512e-07
1,1,0.9996695118861174
0,0,1.2039430187710788e-07
0,0,5.435246637345701e-06
1,1,0.9998661105669434
0,0,4.230175566552441e-06
1,1,0.9997158193317339
1,1,0.9995208500562884
0,0,4.061618031616938e-06
0,0,5.372944147305307e-06
0,0,3.6564540538725766e-06
1,1,0.9995138681569156
1,1,0.9993195482061131
1,1,0.9998196217993771
1,1,0.9997147299031315
0,0,4.909030959933496e-06
1,1,0.9996550560048963
0,0,1.234737035343053e-07
1,1,0.9998321280780265
1,1,0.9996728714285733
0,0,5.153800054578252e-06
0,0,3.450499054221015e-06
1,1,0.9997965306152662
1,1,0.9988239526377389
1,1,0.9998960073023445
1,1,0.9995700354396073
1,1,0.9995377409140921
0,0,4.612306212292585e-06
0,0,4.7776169378125855e-06
0,0,4.1315624913401514e-06
0,0,3.7001272714693535e-06
1,1,0.9998688841172251
1,1,0.9997247465688534
1,1,0.9997108372085959
0,0,0.0019341684306605417
1,1,0.999611393557433
1,1,0.9986878695005146
1,1,0.9998579918006149
0,0,9.067984554627028e-06
1,1,0.9996419438006842
1,1,0.9995593337997671
0,0,4.411791161072419e-06
1,1,0.998963355969248
1,1,0.9997261473165602
0,0,1.0382627522776948e-05
0,0,3.7724369356661655e-06
0,0,0.0007223575722430101
0,0,3.767953463061116e-06
1,1,0.9996525446717522
1,1,0.9996105536324271
0,0,0.0006933305368700455
0,0,0.001169570716652826
0,0,0.000987507245562551
1,1,0.999913483666558
1,1,0.9999009064794872
1,1,0.9998317418417162
0,0,5.679525435955228e-06
1,1,0.9998409124799588
1,1,0.9998557224276807
0,0,3.659983506845935e-06
0,0,3.7775894953651806e-06
0,0,4.3686367310899315e-06
1,1,0.9999115100464222
0,0,1.1411036552060131e-07
0,0,0.0007628076515125591
1,1,0.9988103531272373
0,0,3.4726530983908796e-06
0,0,3.9046078449997716e-06
1,1,0.9996627719845891
0,0,1.1146236448979662e-07
1,1,0.9997694787940575
0,0,4.3765184244787924e-06
1,1,0.9989650707426645
0,0,4.744224413603766e-06
1,1,0.9992626517868664
1,1,0.9997400688371934
0,0,3.816125976206343e-06
0,0,6.0624967667875444e-06
1,1,0.9997880851354308
1,1,0.9997321379436502
0,0,3.900177268727001e-06
0,0,0.0008329386864851655
0,0,5.267428616174171e-06
1,1,0.9993781152305221
0,0,3.5109826954671234e-06
0,0,4.1770532022980875e-06
1,1,0.9996608032444767
1,1,0.9989445628957307
1,1,0.9994995589158597
0,0,1.1540352300144036e-07
1,1,0.9996334890318755
1,1,0.9998534015118418
1,1,0.9998202441971412
0,0,6.414652972790966e-06
1,1,0.9997396539244171
1,1,0.9997740864387379
0,0,1.1140846486237094e-05
0,0,1.0787467559715651e-07
1,1,0.9991987330127423
0,0,7.99608508124313e-06
1,1,0.999224509837869
1,1,0.9998905386945663
1,1,0.9994543277018798
0,0,1.0874558985567139e-07
1,1,0.9999180158085266
1,1,0.999480515705857
0,0,5.7637565425509076e-06
1,1,0.9997071548166084
0,0,5.107145168006522e-06
0,0,5.436739905817924e-06
1,1,0.999905403139476
1,1,0.9998280134750246
1,1,0.9999020904815951
0,0,3.845198850116446e-06
1,1,0.9984892479375823
0,0,1.1531177122613278e-07
1,1,0.9998572574288765
0,0,9.328761472649094e-06
0,0,1.146083220646821e-07
0,0,5.519191300160743e-06
1,1,0.9998554675535029
1,1,0.9995929239162995
0,0,4.164287634807358e-06
0,0,4.361631103554524e-06
0,0,7.22929071296277e-06
1,1,0.9992341684639954
1,1,0.9998068245333318
1,1,0.9997720808087625
1,1,0.9996330208803101
0,0,3.4021154323849715e-06
1,1,0.9998505598951265
1,1,0.9998099987688194
1,1,0.9999053711501947
1,1,0.9998457438955937
0,0,1.1127373685544757e-07
1,1,0.9997890276819728
0,0,7.697717302972488e-06
1,1,0.9999132443149933
0,0,0.0011419511999645018
1,1,0.9994779370126242
0,0,1.320932983175596e-07
0,0,5.5730288848156e-06
1,1,0.9998797162740658
0,0,0.0009704661018597455
1,1,0.9994135802920626
0,0,1.1192940158496942e-07
0,0,3.0508080556442373e-06
1,1,0.9997042271581945
1,1,0.9995900442752501
1,1,0.9998948550007649
0,0,5.816804733956133e-06
0,0,3.654996489765121e-06
1,1,0.9993098412859499
0,0,1.2082930147811983e-07
0,0,4.743674785735992e-06
1,1,0.9998194545959536
0,0,4.193913265280143e-06
0,0,6.291465647623941e-06
1,1,0.9995448188440591
1,1,0.9995692023512611
1,1,0.9996700555282614
0,0,6.8434580240858036e-06
0,0,1.0655314699003343e-05
0,0,3.9735176240575725e-06
1,1,0.9998769507268347
0,0,0.0009768978819266949
1,1,0.9995188142511723
0,0,0.000789688251855899
1,1,0.9997470240612205
1,1,0.9996494122373827
1,1,0.9987805147668252
0,0,4.5854607583916415e-06
1,1,0.9996016485837456
1,1,0.999712144673358
1,1,0.9997858543116507
1,1,0.9997921297277607
1,1,0.9993857549793904
0,0,3.6707950223007306e-06
0,0,4.519397756391058e-06
1,1,0.9998581385005086
1,1,0.9995552851253584
1,1,0.9994711191060218
1,1,0.9996968874816216
0,0,0.0008281857992182527
0,0,9.361141106087065e-06
0,0,4.904878624128244e-06
0,0,5.266920489525845e-06
0,0,4.12721608726724e-06
0,0,4.644072485119457e-06
0,0,0.0007833739102975107
1,1,0.9994920372760927
1,1,0.999669889224704
1,1,0.9998535462078912
0,0,4.614857163406838e-06
1,1,0.9998382066873432
1,1,0.9998973513888825
0,0,4.091332835870534e-06
1,1,0.9996118304512989
1,1,0.9997791499986692
0,0,4.3211564629916275e-06
1,1,0.9996241184067048
1,1,0.9989351819790128
0,0,1.0972718299943412e-07
1,1,0.9994128064999874
1,1,0.9997135763710662
1,1,0.998630270878102
1,1,0.999797644166731
0,0,0.0018080868997703706
1,1,0.9994010982392122
1,1,0.9998069430971115
1,1,0.9993244823342377
1,1,0.999920374353266
0,0,3.94751046496017e-06
1,1,0.9998302007296026
0,0,1.1682356767572084e-07
0,0,6.0058443321639284e-06
1,1,0.9996145598416253
0,0,3.459317286262474e-06
0,0,4.643838376590996e-06
1,1,0.9995119097169051
1,1,0.999924349186535
1,1,0.9997216761441677
1,1,0.9998705117989466
0,0,0.0005496818468796398
1,1,0.9998230508458003
1,1,0.9993253901898553
0,0,0.0005750363283348184
1,1,0.9998637903401795
0,0,0.0011007709312321186
1,1,0.9997236068928621
0,0,1.1033917070031725e-07
1,1,0.99973740633617
1,1,0.9997793660539813
0,0,1.0322051818598459e-07
1,1,0.9995091895813812
0,0,3.7526966236538224e-06
1,1,0.9993204802428403
1,1,0.9996881593414586
1,1,0.9994612386065306
1,1,0.9997180724899846
1,1,0.9995566693848625
0,0,5.764762498280741e-06
1,1,0.9997528542382422
1,1,0.9998621738869458
1,1,0.9995706221342705
1,1,0.99982184461383
1,1,0.9997509559248728
1,1,0.9987042951828523
1,1,0.9992457059580488
1,1,0.999693142214755
1,1,0.999759707649249
1,1,0.9993693376816254
1,1,0.9996525886473165
1,1,0.999240892751261
1,1,0.9990360429080549
0,0,0.0011997733291597955
1,1,0.9996051774468933
0,0,6.015674268232267e-06
0,0,4.710986948747209e-06
1,1,0.9998525393739538
0,0,5.0653808244936175e-06
0,0,3.6477684525649506e-06
1,1,0.9998893342715317
1,1,0.9999493167340269
0,0,6.554538291181491e-06
1,1,0.9998609173011775
0,0,1.2437198325307628e-07
0,0,6.192080233020692e-06
1,1,0.9996100149558578
0,0,1.1689238976269791e-07
1,1,0.9998100193136314
1,1,0.9997869163628486
1,1,0.9999318468829425
1,1,0.9999353359288157
0,0,9.626324367158009e-06
0,0,1.1058521882825522e-07
1,1,0.9996588887243978
1,1,0.9998350859168699
0,0,6.228965677954467e-06
1,1,0.9996701990895137
0,0,4.164807724317267e-06
1,1,0.999626972086876
0,0,0.000676279194234052
1,1,0.9997133408744832
0,0,1.0901156588184945e-07
1,1,0.9992717541682007
1,1,0.9998574220141498
1,1,0.9998207076502261
1,1,0.9996845981281565
0,0,1.0540372224815433e-05
0,0,6.142540711783522e-06
0,0,1.2916734031061452e-07
1,1,0.9997046885410558
1,1,0.9998427567706467
0,0,0.001738829025209451
0,0,1.1547312612944596e-07
0,0,4.250329703968765e-06
1,1,0.9996031356279274
0,0,4.778284567925391e-06
1,1,0.9993575898883493
1,1,0.9996292060180682
1,1,0.9994357770808768
1,1,0.9994142841998573
0,0,6.11922372750586e-06
0,0,3.2922213381244314e-06
1,1,0.9996619090447346
1,1,0.9994778179890258
0,0,0.0015040018787568065
0,0,5.230855289072621e-06
0,0,4.388186364174345e-06
1,1,0.9999302470391215
1,1,0.9998878125848324
1,1,0.9995215195384415
1,1,0.9998150295215658
0,0,4.95558519792719e-06
1,1,0.9996448244900842
0,0,2.7457070784446545e-06
1,1,0.9998636409041403
1,1,0.9999523845853875
0,0,8.307059434256463e-06
1,1,0.9996379995172114
0,0,0.0005622579291370909
1,1,0.9999454435825413
1,1,0.9995679192842017
1,1,0.9999289244850371
0,0,4.934465505265098e-06
1,1,0.9996612525060448
0,0,4.8848084136015706e-06
0,0,3.6168730596667736e-06
1,1,0.9996295419629968
1,1,0.9998516338429153
0,0,4.277503140217281e-06
1,1,0.9994005752994672
0,0,8.15519756204304e-08
1,1,0.9996589247789776
0,0,4.192620813348376e-06
1,1,0.999903416864444
1,1,0.9996169506468009
0,0,3.516560997893702e-06
1,1,0.9998279960380945
1,1,0.9997526362220862
1,1,0.999899428970103
0,0,3.5930794224603184e-06
0,0,4.923164346167958e-06
1,1,0.9993308660095489
1,1,0.9996966992844702
1,1,0.9996301247673269
1,1,0.9998849955565741
1,1,0.9997449141982553
0,0,4.466710337006913e-06
0,0,1.2063296726925534e-07
0,0,5.695536973551816e-06
1,1,0.9997320919479664
0,0,3.3507498861322886e-06
0,0,5.39264334369892e-06
0,0,0.0008729997245302384
1,1,0.99902027597518
1,1,0.9995999488047203
1,1,0.9990887584580578
1,1,0.9998913708975257
1,1,0.9995358355823843
1,1,0.9997891779180369
0,0,0.0015054829611607858
0,0,6.95989193994761e-06
1,1,0.9997919742421898
1,1,0.9997574974515188
1,1,0.9994666799548665
1,1,0.9994704168460548
1,1,0.9995452643861978
1,1,0.998367905460184
0,0,4.366008342965496e-06
1,1,0.9996909260119622
0,0,4.40301046693301e-06
0,0,0.0006559722429728883
0,0,0.0012479804974267397
1,1,0.9996191310009827
1,1,0.9994230036680019
0,0,8.668271975049626e-06
1,1,0.9998966590883852
0,0,3.14880807805511e-06
1,1,0.9996747660527519
1,1,0.999639683215431
1,1,0.9997952867859292
0,0,8.052492201240703e-08
1,1,0.9992406769022744
1,1,0.9995560853727252
0,0,5.546583778126849e-06
1,1,0.9992212416728429
1,1,0.999699708067109
1,1,0.9995424762584243
0,0,4.4702986104826665e-06
0,0,0.0005688522352546501
0,0,5.056922097633328e-06
1,1,0.9988842232606424
1,1,0.999913469994579
1,1,0.9998183819538142
0,0,9.096283302214256e-06
1,1,0.9998369994917811
1,1,0.9995077505772799
1,1,0.9998545961634656
1,1,0.9999207462508705
1,1,0.9997995212980647
1,1,0.9996395982505639
1,1,0.9996779676840768
0,0,3.6570271111947973e-06
1,1,0.9991802724936273
0,0,3.091473649002754e-06
0,0,4.496361892933849e-06
1,1,0.9998349422776388
0,0,0.002609297012904056
0,0,4.346651719824389e-06
0,0,0.0012789747826080042
0,0,6.1030866752528005e-06
1,1,0.9997731128074876
1,1,0.9999136613866794
1,1,0.9995030442901082
0,0,3.7238022525767125e-06
0,0,4.296971921283698e-06
0,0,4.689413000758023e-06
1,1,0.9997012606466645
1,1,0.9997996142971753
1,1,0.9996457373036156
1,1,0.9998398583704688
0,0,1.0805108907384867e-07
1,1,0.9998445624019923
1,1,0.9988916155187209
0,0,5.260303121371207e-06
1,1,0.9997114315047037
0,0,0.0011626230060435274
1,1,0.9998369901963076
1,1,0.9989812253466439
0,0,0.0008804088866045965
1,1,0.9998263784462045
1,1,0.9997728867286025
1,1,0.9997567530424019
0,0,7.100053825113475e-06
1,1,0.9992030522543389
1,1,0.9996983179886884
1,1,0.9997529252720259
1,1,0.9997895057979379
1,1,0.9993259075302053
1,1,0.9997450433327926
0,0,1.1444559461973727e-07
1,1,0.9994585567640927
1,1,0.9993230214284243
1,1,0.9996115755110317
1,1,0.9989699619593506
0,0,5.591061917585448e-06
0,0,1.0563988246725976e-05
0,0,3.978501404089543e-06
0,0,8.198952396990178e-06
0,0,5.074489907539539e-06
0,0,4.726407188115088e-06
0,0,4.890923726858731e-06
1,1,0.9997120124682788
1,1,0.9995896209123254
1,1,0.9999146091186537
1,1,0.9992621291575752
1,1,0.9998631256788996
1,1,0.9998785525921517
1,1,0.9997243287453453
0,0,9.145738108355117e-08
1,1,0.9995990487863479
1,1,0.9984434302943008
0,0,4.0685106664525295e-06
1,1,0.9996854873514602
0,0,0.0010032719501775883
1,1,0.9993616172732738
1,1,0.9998544049349424
0,0,0.0010697518683401436
1,1,0.9995691352330367
1,1,0.9998325926850629
1,1,0.9999144110941062
0,0,3.243174675205235e-06
1,1,0.9999229497516741
1,1,0.9996050957809345
1,1,0.9992154409570226
1,1,0.999943208997352
1,1,0.9990989886590272
0,0,1.2124696818377025e-07
0,0,7.501762761088743e-06
1,1,0.9993199123652025
0,0,1.0856705031467616e-07
1,1,0.9998936051256898
1,1,0.9999611623929614
0,0,6.002543400761242e-06
1,1,0.999637738401913
1,1,0.9993921860853542
1,1,0.9999375235040401
1,1,0.9994156341330469
1,1,0.9997795515810453
1,1,0.9998222936898774
0,0,5.853980306470032e-06
1,1,0.9995394107601119
1,1,0.9993733840262436
1,1,0.9999242148504063
1,1,0.999507876276384
1,1,0.9995189025522554
0,0,1.3173507637880948e-07
1,1,0.9996272108710214
1,1,0.99930434144469
1,1,0.9999043263713525
1,1,0.9991952924957974
0,0,7.2401831483231185e-06
1,1,0.9981926958219746
0,0,3.8448950577223205e-06
0,0,4.7083261196878575e-06
1,1,0.9998346150327044
0,0,4.965185646485174e-06
1,1,0.9997706650556745
0,0,8.482757116464815e-06
1,1,0.9998928134703058
0,0,1.24414617912789e-07
0,0,0.0006861289729491362
1,1,0.9993931867869698
0,0,1.0912502639215903e-07
1,1,0.9996110893086547
0,0,3.980493099342773e-06
1,1,0.9996768573827035
0,0,4.899838345336922e-06
1,1,0.9998809198349315
1,1,0.99987219297471
1,1,0.9997890145179313
1,1,0.9990586871728281
1,1,0.9998495863776915
1,1,0.9998028469975463
1,1,0.9998423952979658
1,1,0.9998221611532708
1,1,0.998912490868693
1,1,0.9996631160592359
1,1,0.9996891112315062
0,0,0.0011798819931162856
1,1,0.9999007978976826
1,1,0.9997434648224962
1,1,0.9997567593484958
0,0,1.0506801254489779e-05
1,1,0.9996692679021383
1,1,0.9994941667497562
0,0,0.0008756287998544057
1,1,0.9996283281938019
1,1,0.9990736942864586
1,1,0.9997513389454875
1,1,0.9998743779176805
1,1,0.9997832007166799
1,1,0.9997966965110299
1,1,0.9999166008725283
1,1,0.9996708043712055
0,0,1.2888285444739423e-07
0,0,1.0344220941211214e-07
1,1,0.9997034271966553
1,1,0.9996837455272247
0,0,6.004824399227318e-06
0,0,4.628255511402758e-06
0,0,8.063619558175824e-06
1,1,0.9998413986124399
1,1,0.999171827159375
0,0,4.6095805645153155e-06
0,0,1.1168575839036175e-07
1,1,0.9998761178131856
1,1,0.9994347307996301
1,1,0.9996585619835062
1,1,0.9996700809206175
0,0,3.629968051905102e-06
1,1,0.9995407607168977
0,0,1.3881820779459145e-07
1,1,0.9987503709799316
0,0,4.420036117411056e-06
0,0,5.572124315224632e-06
0,0,9.377814864847873e-08
1,1,0.9998615183707693
1,1,0.9999119477450115
0,0,9.248866032554672e-08
1,1,0.9998096214503243
0,0,4.445058945569481e-06
1,1,0.9995878379112516
0,0,4.2554146682507076e-06
1,1,0.9996767451335249
1,1,0.9998637299835199
1,1,0.9999027068733007
1,1,0.9996083955645768
0,0,0.000476445913969442
1,1,0.9994998580333113
1,1,0.9997111213751095
1,1,0.9999094733714534
1,1,0.9994196142625678
0,0,1.2756153212988817e-07
1,1,0.9998477363119797
1,1,0.9994402058286472
1,1,0.999588422361833
1,1,0.9997141806603197
0,0,5.265368314994757e-06
1,1,0.999497613793396
0,0,4.956901868667199e-06
1,1,0.9998097200804253
1,1,0.9993626531125739
1,1,0.9992092052259385
1,1,0.9995873899546249
0,0,1.2262233467850168e-07
1,1,0.9994599303423809
1,1,0.9998139568430646
0,0,4.9007650522389315e-06
0,0,0.0012020289230518064
0,0,4.8148020476548585e-06
1,1,0.9996532037613671
0,0,4.668558747214338e-06
0,0,8.483124307342047e-08
1,1,0.9993993062471211
1,1,0.9997129244279025
1,1,0.9998407831688337
0,0,3.941158187358401e-06
1,1,0.9998094605275842
1,1,0.9998278434087855
1,1,0.999222182551215
1,1,0.9990013071852539
0,0,3.731655842026509e-06
1,1,0.999293435666453
0,0,7.578761776591007e-06
0,0,3.7410616054585163e-06
0,0,2.979122660247127e-06
1,1,0.999542550429133
1,1,0.9995696035747009
1,1,0.9996560327941552
1,1,0.9984225343900106
1,1,0.9991557901143913
1,1,0.9998520688267497
0,0,1.1582635583190559e-07
0,0,5.001219990855318e-06
1,1,0.999343864305846
1,1,0.9998517013860143
0,0,4.1988956930296395e-06
0,0,6.452049599539384e-06
0,0,3.83798712251742e-06
0,0,4.9089119502849614e-06
0,0,4.792481930403706e-06
1,1,0.9992975557929012
1,1,0.9994300596415971
1,1,0.9995772307388465
1,1,0.9995786937058532
1,1,0.9995617426887611
0,0,4.477461479152051e-06
0,0,3.4139145789333843e-06
0,0,3.990616463279008e-06
1,1,0.9997750568023619
0,0,4.35291781832549e-06
0,0,4.32498937744409e-06
1,1,0.999497760629755
0,0,1.182379812273897e-07
1,1,0.9995655496314222
1,1,0.9992334854302839
1,1,0.9997911438723139
1,1,0.998755195573956
1,1,0.9998355832675003
1,1,0.9998291293745025
1,1,0.9998683241100798
0,0,1.2053285407500674e-07
1,1,0.9994114029122555
0,0,6.2358573359393915e-06
1,1,0.9997678995881236
1,1,0.9998059311164553
1,1,0.9991292395112119
0,0,8.446252160383479e-06
1,1,0.9986341529793099
1,1,0.9996196916465102
0,0,5.048474805256925e-06
1,1,0.9993327779808849
1,1,0.9997946173553155
1,1,0.9995063049960484
0,0,9.162903607615222e-06
1,1,0.999852672368856
0,0,5.233037303916923e-06
1,1,0.9992836294144553
0,0,0.0009205688980823122
0,0,0.0011443408544303028
0,0,3.442871254280033e-06
1,1,0.999725724979123
1,1,0.9997999559193308
1,1,0.9998402100653889
0,0,3.940701270523798e-06
0,0,5.48618797922517e-06
0,0,1.32304610996884e-07
0,0,5.189636328568151e-06
0,0,1.028524473868649e-07
1,1,0.9993628112977535
0,0,6.237025169473248e-06
1,1,0.9997876845949955
1,1,0.9994465258371109
1,1,0.9996743359143586
1,1,0.9998194006695679
1,1,0.999802936221925
0,0,3.691063086367329e-06
0,0,4.9587079184987895e-06
0,0,3.655553473385193e-06
0,0,4.399069167855588e-06
1,1,0.9998490285112662
1,1,0.9988610648506717
0,0,5.518544558590618e-06
1,1,0.9997152828676013
0,0,1.1703391602946825e-07
0,0,9.82798683313693e-06
0,0,3.5933597474478724e-06
0,0,9.435542350245314e-08
1,1,0.9998473931062295
1,1,0.9997987016917622
1,1,0.9996327279993272
1,1,0.9998512817903179
1,1,0.9995144242458702
1,1,0.9998864763440484
0,0,3.2079457376258714e-06
0,0,1.0775781728769613e-07
0,0,5.626388603119085e-06
1,1,0.9997588470111405
1,1,0.9994505717620381
0,0,6.913244162341898e-06
0,0,1.0940512891547122e-07
1,1,0.9994916560630439
0,0,0.0011024644204364702
1,1,0.9995469124899501
0,0,6.1385895301462384e-06
1,1,0.9998110104718793
1,1,0.9987017791403136
1,1,0.9999282605538289
1,1,0.9997815722765107
1,1,0.9997055208511318
1,1,0.9991913506885183
0,0,8.623100921435351e-06
0,0,3.958859958974873e-06
0,0,4.663735948399261e-06
1,1,0.9997778668997633
0,0,3.8169877564086876e-06
0,0,0.0014574628638424525
1,1,0.9997232308407411
1,1,0.9997283059819936
0,0,6.245275104246907e-06
0,0,0.001015404605865409
0,0,0.0017032575473550245
0,0,1.206806393415931e-07
1,1,0.9998808924171928
1,1,0.9991356537497696
0,0,7.144620113634848e-06
0,0,5.351185136204247e-06
0,0,4.609321897221429e-06
1,1,0.9993541326512844
0,0,5.646235015712791e-06
1,1,0.9995193239233123
0,0,5.589986645967615e-06
0,0,5.496912811542773e-06
0,0,6.245160638832255e-06
0,0,4.514344305712236e-06
0,0,1.1089888820484777e-07
1,1,0.9984896174541277
1,1,0.9990092242210145
1,1,0.999862611402015
1,1,0.99977954854106
1,1,0.9983453139380597
1,1,0.9995110961316593
0,0,1.2123262724748276e-07
0,0,4.241142828023418e-06
1,1,0.9999026526088161
1,1,0.9991662030535512
1,1,0.9996585271652259
1,1,0.9994990661268149
0,0,0.0011495725587996198
0,0,4.040991633719653e-06
1,1,0.9998684107261018
1,1,0.9997353853544108
0,0,0.0011567404190084849
1,1,0.9998858408792338
1,1,0.9990640047481218
0,0,5.025282451932832e-06
0,0,7.520804769080028e-06
0,0,8.119882224443603e-08
1,1,0.9997170274937793
1,1,0.9999350065256832
0,0,1.225081545339968e-07
1,1,0.9997355157209682
0,0,1.2080519646045177e-07
1,1,0.9994152481183866
1,1,0.9994768785641498
1,1,0.9992551422507648
1,1,0.9998792263151197
1,1,0.9996124691685384
1,1,0.9998370221030355
1,1,0.9998996241542559
0,0,0.0014180989757928933
1,1,0.9998235446444028
0,0,0.0018366472222913343
1,1,0.9998988311579331
0,0,5.986996126988794e-06
1,1,0.999755987845639
1,1,0.9998536871386355
0,0,4.1451991803669445e-06
0,0,3.806503273655261e-06
1,1,0.9998934396790231
1,1,0.9997465449890737
0,0,1.4115684512847737e-07
1,1,0.9998344842679951
0,0,0.001906216797275949
1,1,0.9998873156293229
0,0,0.0015127861871179332
1,1,0.9993424142579097
0,0,1.2111850709581428e-07
0,0,1.2120678361410504e-07
1,1,0.9995541301286649
1,1,0.9997299460501793
1,1,0.9996641148928914
1,1,0.9988488950450705
1,1,0.9995185760464078
1,1,0.9995022814186263
0,0,0.0012116178646618993
1,1,0.9995320752415221
1,1,0.9997024210197717
1,1,0.9995172841946681
0,0,1.0818744389040435e-07
0,0,0.0007574932503639417
1,1,0.9998524940492598
1,1,0.9998426281179746
0,0,6.584903642422137e-06
1,1,0.9996735227025748
1,1,0.9993148895994944
1,1,0.9998167794982991
1,1,0.9997611281953909
1,1,0.9998781503459732
1,1,0.9997794691529074
0,0,4.1071558128566015e-06
0,0,5.961199000133896e-06
0,0,0.0016835331326452685
1,1,0.9998127504756291
0,0,6.540204446077838e-06
1,1,0.9996429608517805
1,1,0.9995609540315891
1,1,0.9994422250672397
0,0,4.023794651599309e-06
1,1,0.9998017386589084
0,0,1.2205730148721417e-07
0,0,3.3838658238734368e-06
1,1,0.9998956547187999
0,0,4.47672714488118e-06
1,1,0.9998940739843954
1,1,0.9996043350343589
0,0,4.321485673696681e-06
0,0,0.000565151321901064
1,1,0.9995231893446526
1,1,0.9993881535275302
1,1,0.999719095084045
0,0,6.943345273516149e-06
0,0,5.135025410710116e-06
0,0,7.958025851582174e-06
1,1,0.9990641907695704
0,0,4.3886403702066205e-06
0,0,4.428333284623813e-06
1,1,0.9996063669344113
1,1,0.9995652889256287
1,1,0.9998143012480233
1,1,0.9997568509153558
1,1,0.9997807083425557
1,1,0.9990476362470121
1,1,0.999869337653592
1,1,0.9997375566994251
0,0,4.841536753671197e-06
1,1,0.9996252272585424
1,1,0.9996047768178195
1,1,0.9997665385061965
1,1,0.9997472453712984
1,1,0.9986251856410349
0,0,0.001233426697302161
0,0,3.572268957946901e-06
0,0,1.1439031792995462e-07
1,1,0.9998623330770537
0,0,0.0017566645562182973
0,0,4.1377373978333045e-06
0,0,3.7676142565308086e-06
0,0,6.0624847470166804e-06
1,1,0.9997772185120433
0,0,0.0015001555301082075
1,1,0.9992894559150969
0,0,5.918411274539501e-06
1,1,0.9993801018922027
0,0,3.894860490514858e-06
1,1,0.999669333621104
0,0,6.571368463626515e-06
1,1,0.9998875311016052
0,0,3.856343221113995e-06
1,1,0.9998613568832434
0,0,0.0010667625371149079
1,1,0.999730025566012
1,1,0.9998418382787052
0,0,0.0008408704130161487
1,1,0.9998731830954047
0,0,4.399097648684044e-06
1,1,0.9998157052227815
1,1,0.9999086650496086
1,1,0.9998298326558457
1,1,0.9996914414124782
1,1,0.9998186718391723
0,0,1.215626439741009e-07
1,1,0.9997190033658006
1,1,0.9998112711571685
1,1,0.9996512305769862
0,0,5.881355227796736e-06
0,0,1.2387690347947916e-07
1,1,0.9994422282018737
1,1,0.9997939200537183
0,0,4.1882698834308114e-06
1,1,0.9993884765027762
1,1,0.9997632391530099
0,0,1.3200779511074204e-07
0,0,6.322467306829447e-06
0,0,1.0151471319371333e-05
1,1,0.999413792911293
1,1,0.999584739720706
0,0,1.227906670577624e-07
1,1,0.9996096845453285
0,0,5.903388806364275e-06
1,1,0.9997854487107525
1,1,0.9995944271169339
1,1,0.999596379680709
1,1,0.9994326139277616
1,1,0.9996694381517497
0,0,0.0009223662446777836
0,0,1.0804081306304857e-07
1,1,0.9997261510386337
1,1,0.9999446442296425
1,1,0.9997506101125948
1,1,0.9995103545845713
0,0,4.359138654312048e-06
0,0,4.401689060026144e-06
1,1,0.9998337449144626
1,1,0.9998057535418066
1,1,0.9997706054087511
1,1,0.9998571277577141
1,1,0.9997879691049111
1,1,0.9997003159881216
1,1,0.9997957259785414
1,1,0.9998479074355338
1,1,0.9998780266575651
1,1,0.99962236100195
0,0,8.675873574528617e-06
1,1,0.9999251341900439
0,0,4.3183215753674054e-06
1,1,0.9997781591852146
0,0,5.627639662294073e-06
0,0,1.0217773435989783e-07
0,0,5.781718688753389e-06
1,1,0.9996442946136307
0,0,0.0004478715967196142
1,1,0.9999219333576498
0,0,5.513177396278509e-06
1,1,0.9992712557292369
0,0,1.1215965527472419e-07
1,1,0.9997057135137049
1,1,0.9986900234756972
1,1,0.9997268134064797
1,1,0.9992621453246181
1,1,0.9997738538985329
1,1,0.9994163684872718
1,1,0.9990575229510412
1,1,0.9990205324714085
1,1,0.9996923020190681
0,0,1.2050922777277213e-07
1,1,0.9998225923924693
1,1,0.999946402336459
1,1,0.9998179539078176
1,1,0.9994041076739039
1,1,0.9998768958040948
0,0,3.956889920501667e-06
1,1,0.9998356934627283
1,1,0.9999283002536218
1,1,0.9996950237492881
0,0,4.677291388737573e-06
1,1,0.9998390121429839
1,1,0.999741138125128
0,0,0.0007658731637105557
1,1,0.999881203943308
0,0,5.086454748015905e-06
0,0,0.0014805105182366788
1,1,0.9998771494263599
1,1,0.9998029713257609
0,0,1.2142586555448524e-07
1,1,0.9998020889067084
1,1,0.9997153240160829
1,1,0.9994951001072317
1,1,0.999771397159748
1,1,0.9996866689997826
0,0,6.130052427424032e-06
0,0,4.302910865464341e-06
1,1,0.9996575162310164
1,1,0.9998663773803185
1,1,0.999673101806003
1,1,0.9998820047703868
1,1,0.9998021651278054
1,1,0.9996152009233186
0,0,1.1215188163524411e-07
0,0,0.0014239829519177346
1,1,0.9999364994721347
0,0,6.5181176154936495e-06
1,1,0.9995380461945453
1,1,0.999893495751019
0,0,6.208478324159245e-06
0,0,0.0014072438582765844
1,1,0.9996313609869962
0,0,8.07907506792844e-06
1,1,0.999890635580656
0,0,0.000685106765012456
1,1,0.9986301333558072
1,1,0.9994446281506234
1,1,0.9995697198399325
1,1,0.9995165194514084
1,1,0.9995116319516195
1,1,0.9998506359898319
1,1,0.9990137775698957
0,0,5.586698323269656e-06
1,1,0.9998582258457159
1,1,0.9996979458129808
1,1,0.9998559745849992
0,0,5.1923967513802375e-06
1,1,0.9997375676747202
1,1,0.9998885936253058
1,1,0.9994689907347406
0,0,7.4875983480048125e-06
1,1,0.9991739158548995
1,1,0.9995232356222795
1,1,0.999914378877282
1,1,0.9999032003992815
1,1,0.9997708667143701
0,0,0.0017380238021895468
0,0,9.251581371628685e-08
0,0,4.782950519140577e-06
1,1,0.9998671923660298
0,0,3.007772224303476e-06
1,1,0.999836638312135
1,1,0.9998726890250136
1,1,0.9998997728935376
1,1,0.9999631823465424
1,1,0.9998408246004769
1,1,0.9994420163196386
0,0,1.0248579313879503e-07
1,1,0.9997745090275858
0,0,5.498198966755034e-06
1,1,0.9998895321836189
0,0,5.649661071465715e-06
1,1,0.9998006923759427
0,0,0.0014973695541282825
1,1,0.9998911126728632
0,0,4.072420737796393e-06
1,1,0.9996290167458668
1,1,0.9996878724296444
1,1,0.9995232206214517
1,1,0.9998507584185886
0,0,6.824888497635457e-06
0,0,1.1020112582911076e-07
0,0,0.0008275456236374918
1,1,0.9998908111745537
0,0,0.0006209554303164093
0,0,3.812932199966406e-06
1,1,0.9998805100505405
1,1,0.9997043413211605
0,0,5.191503080480604e-06
1,1,0.9996580489103402
0,0,3.427615863152146e-06
1,1,0.9998320983757822
1,1,0.9996357602422057
1,1,0.9994528223738192
1,1,0.9999271974009843
1,1,0.9998550000933144
1,1,0.9998867785720047
1,1,0.9998668220157804
1,1,0.9994255333093588
0,0,0.0008614579383802799
1,1,0.9997363516583286
1,1,0.9999061891258075
1,1,0.9998280218254153
1,1,0.9997479532130167
1,1,0.9992861481634684
0,0,0.0007238375357876822
1,1,0.9998625400062008
1,1,0.9994839431073248
1,1,0.999649092712292
0,0,9.540078689911856e-06
0,0,6.561450681240592e-06
0,0,1.0025627941831247e-05
1,1,0.9998150481153488
0,0,1.2184158886801904e-07
0,0,4.324685449174282e-06
1,1,0.9996043414279125
0,0,4.295088136660453e-06
1,1,0.9998930336570242
0,0,7.805202509570108e-06
0,0,1.1965273955294753e-07
0,0,0.000996081441567505
0,0,7.179827579106207e-06
0,0,3.575744253762058e-06
0,0,6.77078828719653e-06
1,1,0.9997031498725304
1,1,0.9995882594333538
1,1,0.9996824133484851
1,1,0.999611411825662
0,0,1.0384299164368569e-07
0,0,3.276440140202767e-06
1,1,0.9995065831859657
1,1,0.9986482574858833
1,1,0.9997666345243893
1,1,0.999807563218482
1,1,0.9998674401327607
1,1,0.9994961901040547
1,1,0.9995451959118643
1,1,0.9994798511873059
0,0,4.36224510352788e-06
1,1,0.9998044550508018
1,1,0.9995843662711881
1,1,0.9997648064768047
1,1,0.999450093315809
1,1,0.9998280767721963
0,0,3.1992001623648223e-06
0,0,6.1863898103887075e-06
0,0,4.71141488214509e-06
1,1,0.9997201850910352
1,1,0.9998914095304066
1,1,0.9993707269982296
0,0,6.283199643653478e-06
0,0,0.0011668396613422856
1,1,0.9998959314265089
1,1,0.9996414590130669
1,1,0.9997249115421479
1,1,0.9998997665960772
1,1,0.9997692219857106
0,0,0.001741645375077421
1,1,0.9990260552592555
1,1,0.9997035335952832
1,1,0.999845700668453
0,0,3.8757704683577895e-06
0,0,3.1852616780197176e-06
0,0,0.0013478412871338807
1,1,0.9997440705075573
0,0,1.2172748836241537e-07
1,1,0.999903667295374
1,1,0.999932390019825
1,1,0.9998596448403338
1,1,0.999656379418621
0,0,6.36817792579568e-06
0,0,5.309731126323672e-06
1,1,0.9994183940776296
0,0,3.7005929125045774e-06
0,0,3.19156499781911e-06
1,1,0.9996218203979835
1,1,0.9999166761206681
1,1,0.9991197822643286
1,1,0.9996692544818382
1,1,0.9998712887866749
0,0,4.501605665465345e-06
1,1,0.9997290862842844
1,1,0.999625413601448
1,1,0.99975555643221
0,0,4.4266449909511604e-06
0,0,1.1122982503873507e-07
0,0,7.822253367743133e-06
0,0,0.0012254692553060344
1,1,0.9997559239688331
0,0,0.0010136910682957156
1,1,0.9998590502229817
1,1,0.9999281783011019
0,0,1.0137426502934078e-05
1,1,0.9997735205795553
1,1,0.999892297166901
0,0,3.575501502358145e-06
1,1,0.9996927849968745
1,1,0.9998694319851517
1,1,0.9996146586500061
0,0,9.131577346772616e-08
0,0,3.6787774469954187e-06
1,1,0.9993079154282868
1,1,0.9998871287466937
0,0,9.023608824906507e-06
0,0,7.247561891568212e-06
1,1,0.9992925998769876
1,1,0.9995958877949089
1,1,0.9999178694269748
1,1,0.9995737021536906
1,1,0.9998452657158065
0,0,4.7335231882167976e-06
1,1,0.9995674091896105
1,1,0.9995927484695075
1,1,0.9995484858114786
1,1,0.9999406713889216
1,1,0.9993417135971858
1,1,0.9997587879597821
1,1,0.9998509696590434
0,0,5.148031187919897e-06
1,1,0.9990240681658671
1,1,0.9997555630194438
1,1,0.9997325598321712
1,1,0.9999101413041231
1,1,0.9997605962584488
0,0,6.4962227373132e-06
1,1,0.9995356507779231
0,0,4.500552045145339e-06
1,1,0.9995241991605675
0,0,5.88780178123989e-06
1,1,0.9999481151924334
1,1,0.99944437806139
1,1,0.9997596951449141
1,1,0.9994582121023957
0,0,4.5090419307319235e-06
1,1,0.9998791981652658
1,1,0.9993551375816302
1,1,0.9997461212899459
0,0,5.750213799974368e-06
0,0,0.001309302141639941
1,1,0.9997075273231821
0,0,0.002082362875824565
1,1,0.9996628025773147
1,1,0.9999226089711553
0,0,0.0009785025034235533
1,1,0.9997833387425186
1,1,0.999939952895979
0,0,0.000909845833361898
1,1,0.9992823625226417
1,1,0.9994673745634496
1,1,0.9994367515102373
0,0,4.026302008434679e-06
0,0,3.64191234583295e-06
1,1,0.9998692157115938
0,0,3.4767686798933935e-06
0,0,6.317635931075604e-06
1,1,0.999017514293473
1,1,0.9997722324892464
1,1,0.9995230480750465
1,1,0.9997248572603538
1,1,0.9997885813731361
0,0,0.001292008640502408
1,1,0.9998215071352909
1,1,0.9999046562412867
1,1,0.9996579418027575
1,1,0.9998961184731513
1,1,0.9995416041084751
0,0,9.914693905560647e-08
0,0,4.432434204323142e-06
0,0,6.117797322619764e-06
1,1,0.9995680625338086
0,0,8.184409526013467e-08
1,1,0.9999439216847656
1,1,0.9994191805797944
1,1,0.9998992907434525
1,1,0.9994564954365348
1,1,0.9989599854361213
1,1,0.9988129477850062
0,0,1.1655148693294488e-05
0,0,0.000958217373459723
1,1,0.9998017573886725
1,1,0.9996488846406876
1,1,0.9997882620282972
1,1,0.999678209624238
1,1,0.9992995909532533
0,0,9.685409845030067e-08
1,1,0.9997097627913687
1,1,0.9998836917623092
1,1,0.9998725921970156
0,0,0.0011539842593862265
0,0,3.929149012166401e-06
1,1,0.9992192120859652
1,1,0.9998150306329003
1,1,0.999475810859199
0,0,1.245076546139501e-07
1,1,0.9997308548078077
0,0,4.279150815988368e-06
0,0,7.72049705506836e-06
0,0,5.636189036611416e-06
0,0,4.8615026002192105e-06
1,1,0.9991422141598874
0,0,5.047689351783085e-06
0,0,0.0009908314571449718
0,0,4.190106168374124e-06
0,0,5.428962279740598e-06
1,1,0.9993096297110647
0,0,1.1081549844106777e-07
0,0,0.0017101245403524845
1,1,0.9993812443181931
1,1,0.9998222173111657
1,1,0.999801435908836
0,0,4.0676488207304485e-06
0,0,3.57923387647597e-06
1,1,0.9998957654325067
0,0,1.1580889520371249e-07
1,1,0.9999144299654319
0,0,1.1076155865621037e-07
0,0,5.793489153800882e-06
1,1,0.999884056215104
0,0,7.634450975774367e-06
1,1,0.9993830828687664
0,0,5.530379031615993e-06
1,1,0.9998433441784168
1,1,0.9997355134634774
0,0,4.1193012418229554e-06
1,1,0.9998049449279963
0,0,1.2789010455654212e-07
0,0,4.06370713713735e-06
1,1,0.9993587201347987
1,1,0.9997554914250029
1,1,0.9996859035216742
1,1,0.9995832243570227
1,1,0.999591086384631
1,1,0.9993635607020677
0,0,4.732381973050843e-06
1,1,0.9995434440449733
1,1,0.999844327441872
0,0,0.0011259328148946045
1,1,0.9994657248443202
1,1,0.9992104870923987
1,1,0.9995185502805884
1,1,0.9994359877632863
0,0,7.11847320065901e-06
0,0,4.770222385049476e-06
1,1,0.9995004828777514
1,1,0.9997693581862015
0,0,3.6789527484297256e-06
0,0,0.001012296549525356
1,1,0.9998090417508146
1,1,0.9996513644062115
0,0,3.545957836052404e-06
1,1,0.9983296804491827
1,1,0.9998880490230858
0,0,3.964548226560366e-06
1,1,0.9996632800433987
1,1,0.9998339046626401
1,1,0.9998618375518346
1,1,0.9996358291067466
0,0,4.637229997078567e-06
1,1,0.9998714638104492
1,1,0.9996893534417416
1,1,0.9998740246240816
0,0,1.0285661530091941e-07
1,1,0.9999201389035912
0,0,4.044835746839138e-06
1,1,0.9989008146725519
0,0,3.5279168236650258e-06
0,0,8.599103428795605e-06
0,0,5.632493234370572e-06
1,1,0.9998949152336847
1,1,0.9996400373197393
0,0,9.333932037446933e-08
1,1,0.9994420336698442
1,1,0.9996455140115438
1,1,0.9997834652099925
1,1,0.9993910619647368
1,1,0.9988596514998405
1,1,0.9997661010701868
1,1,0.9998783437703451
0,0,4.076386154170332e-06
1,1,0.9996094508368476
1,1,0.9996918268110928
0,0,1.227051786569422e-07
1,1,0.9999372098089355
1,1,0.999887643324163
1,1,0.9994353847752337
1,1,0.9992428141496765
0,0,5.0341209627520766e-06
0,0,5.861345874632855e-06
0,0,3.7395302440081433e-06
1,1,0.9996013539867886
0,0,4.122161613226988e-06
1,1,0.9998074446439713
0,0,0.0013723041787170355
1,1,0.9987845057616316
0,0,0.0012582986071748012
0,0,6.652434979383868e-06
0,0,5.161702519644117e-06
0,0,1.1553063674088374e-07
0,0,1.2500578354776944e-07
1,1,0.9993953192865899
1,1,0.9996295858357609
1,1,0.9997470756483894
0,0,0.0012284346820327235
1,1,0.9998514391442732
1,1,0.9997272877004194
1,1,0.9998202982945353
1,1,0.9998204278398812
1,1,0.998883148460556
0,0,8.792228544557267e-06
1,1,0.9997367508246404
0,0,1.2152847506036405e-07
0,0,4.740913004350149e-06
0,0,4.223377624618792e-06
1,1,0.9997874848434755
1,1,0.9998203477707863
0,0,1.2066123627738125e-07
1,1,0.9997351321042938
0,0,4.921622140986125e-06
0,0,1.215063059700555e-07
1,1,0.9998464961559071
1,1,0.9995834761541634
1,1,0.9997234658241507
0,0,0.0007057710684481229
1,1,0.9999081460984386
0,0,1.095896788633043e-07
1,1,0.9995828265851854
0,0,0.0013248271612710295
1,1,0.9998843885076916
1,1,0.9988496174715432
1,1,0.9994959904184364
0,0,3.8280277875335856e-06
1,1,0.9997535584342458
0,0,1.1531220478716645e-07
1,1,0.9998770970157983
1,1,0.9997284790108374
0,0,5.286282564200445e-06
1,1,0.9998343059206475
1,1,0.999812233456693
1,1,0.9995974660995612
1,1,0.9997833286215047
1,1,0.9993338991824328
1,1,0.9998740498055002
1,1,0.9997225470030116
0,0,0.0012384698941959081
1,1,0.9996075336391342
1,1,0.9997935115402025
0,0,6.3522523985588245e-06
1,1,0.9996185927899806
1,1,0.9997202115728658
0,0,5.809962979121505e-06
1,1,0.9994169568915063
1,1,0.9997131600918253
0,0,0.0015480909479947303
0,0,3.806379352720991e-06
0,0,0.0006945026312412643
1,1,0.9994892653712362
1,1,0.9994003944594217
0,0,4.840006565518713e-06
1,1,0.9999028497658188
1,1,0.9995070158347737
1,1,0.9997958367506189
0,0,5.781343244784897e-06
0,0,3.942614909418673e-06
1,1,0.9998175873595425
0,0,1.1102046753905083e-07
1,1,0.9998341758934436
0,0,9.442729935169756e-06
1,1,0.999742155137079
0,0,1.244464487738835e-07
1,1,0.9996786511716661
1,1,0.9994784995248672
0,0,5.5413898168618055e-06
1,1,0.9995216119449475
0,0,6.071919862536547e-06
0,0,8.984457770143924e-06
1,1,0.9998930564735047
1,1,0.9999347976547699
1,1,0.9996552609288082
1,1,0.9998373738509141
1,1,0.9999058365636013
1,1,0.9996268275350737
1,1,0.9997250432776946
1,1,0.9998163625872287
0,0,1.0213143810555716e-07
1,1,0.9997988955759423
0,0,6.514167871184559e-06
1,1,0.9997864619655524
0,0,3.277668657151498e-06
0,0,4.0302987457679965e-06
1,1,0.9994477064057842
0,0,3.993429977370349e-06
0,0,3.6762240369028393e-06
0,0,5.422752715108403e-06
1,1,0.999781921361266
0,0,4.181422455587665e-06
1,1,0.9997130522447213
1,1,0.9999369851866606
1,1,0.9999015254477706
0,0,5.553007254372132e-06
0,0,0.0007348632868016536
0,0,0.0011970343740741428
0,0,3.996265624274745e-06
1,1,0.9995314358601186
0,0,3.684105468894925e-06
0,0,6.507547000131065e-06
0,0,0.0012223739671093682
1,1,0.9988536926795267
1,1,0.9996548459185666
1,1,0.9997227787081303
0,0,4.055581573793285e-06
1,1,0.999839459686298
1,1,0.9998969578786878
1,1,0.9997390274364791
1,1,0.9998360259220032
0,0,7.662971733975358e-06
1,1,0.9995460390207698
0,0,3.981940664660676e-06
1,1,0.9997691343137188
1,1,0.9995930624465856
1,1,0.9995760590497157
1,1,0.999905989826283
0,0,4.741583692888657e-06
0,0,1.1910928027807199e-07
0,0,1.094365853138785e-07
1,1,0.9996851222861824
0,0,3.2033143811173677e-06
0,0,5.792317667628337e-06
1,1,0.999850082616527
1,1,0.9998916362312334
0,0,5.826639500832825e-06
1,1,0.9996889389784752
0,0,4.560646663111236e-06
0,0,4.864880289236623e-06
1,1,0.9995528563691727
0,0,1.0369508168394801e-07
0,0,0.0008679522215584589
1,1,0.9996868526459706
0,0,4.654407430775509e-06
1,1,0.999803798654431
1,1,0.9998181990945381
1,1,0.9998954001219595
0,0,5.585350697509444e-06
1,1,0.9996304709949237
1,1,0.9995778395337723
1,1,0.9995826708218478
1,1,0.998279756669622
1,1,0.9994749939213667
1,1,0.9997018013596921
1,1,0.9996964193644666
0,0,0.0010641887066085473
0,0,4.043314374669324e-06
0,0,6.2851970175696196e-06
0,0,4.4946016564648095e-06
0,0,5.059520693440604e-06
0,0,3.8120937618780615e-06
1,1,0.9997361775566006
1,1,0.9998460275421416
1,1,0.9997600270568514
0,0,4.439040736280485e-06
1,1,0.9993430706446472
1,1,0.9998657430587051
1,1,0.9994953338475426
1,1,0.9997367223358582
1,1,0.999591166292654
0,0,4.389619054306585e-06
1,1,0.999893950380098
1,1,0.9997421586602393
1,1,0.9984904711266203
1,1,0.9997357564695074
1,1,0.9993576316220054
1,1,0.9999188850061684
1,1,0.9997455261750924
1,1,0.9998398844648928
1,1,0.9998034125399192
1,1,0.9998878494404353
1,1,0.999023653870361
0,0,5.576672718528909e-06
1,1,0.9997538453476894
0,0,4.413033651963696e-06
1,1,0.9998557985458149
0,0,3.9403668613863296e-06
1,1,0.9998331252961689
1,1,0.9995410723650773
0,0,0.0005021690343979718
1,1,0.9997331385242314
1,1,0.9998536388329801
1,1,0.9995213797412427
1,1,0.9998457791116325
1,1,0.9995376005288009
1,1,0.9992352728849824
1,1,0.9993703324424158
0,0,4.456514006609355e-06
1,1,0.9998375495852606
1,1,0.9997444923162204
0,0,8.225003313498547e-06
0,0,5.862337187287546e-06
1,1,0.9997396839274724
0,0,4.08117526874705e-06
1,1,0.9995838779516223
1,1,0.9999203562237622
0,0,6.160842717513319e-06
0,0,5.255434981197448e-06
0,0,4.432208630519951e-06
1,1,0.9997236356885243
1,1,0.9998185486984564
1,1,0.9998721853927042
1,1,0.999535814742242
1,1,0.9993170354497013
0,0,7.0235151645678646e-06
0,0,1.1169819346793922e-07
1,1,0.9999383746383111
1,1,0.9995869197414293
1,1,0.999209050513757
0,0,3.247262674253588e-06
1,1,0.9995073143386388
1,1,0.9998460989742046
1,1,0.9999389828412087
0,0,5.05755649621831e-06
0,0,4.105537704947862e-06
1,1,0.9992842739633652
0,0,4.35117523491532e-06
1,1,0.9996010614237989
0,0,3.874808836780378e-06
0,0,4.2839871703997045e-06
1,1,0.9998150270577063
1,1,0.9998192104749772
1,1,0.9997472741591705
1,1,0.9996425111129199
1,1,0.9990731581891731
0,0,0.0008664910493313526
1,1,0.999746848444043
0,0,0.0005404509281857197
0,0,4.5048243397684486e-06
1,1,0.9998918656548165
1,1,0.9994891865642687
0,0,0.0005269150230999436
0,0,4.632127601074344e-06
1,1,0.9998230558649948
1,1,0.9996165509846506
1,1,0.9998549325921471
1,1,0.9992688317324293
1,1,0.9996312283968479
0,0,1.0350936663683182e-07
1,1,0.999712909418707
1,1,0.9998753822133433
1,1,0.9994276348953927
1,1,0.9996707023993643
0,0,3.825311184064238e-06
0,0,5.862433651903093e-06
1,1,0.9991015572303222
0,0,3.916162643073564e-06
1,1,0.9994822519700436
1,1,0.9999271222028595
1,1,0.9991685634245719
1,1,0.9998651405618734
1,1,0.9986876015943634
0,0,1.0784723880166649e-07
1,1,0.9984379657384606
1,1,0.9999410192837386
1,1,0.999649482851504
1,1,0.9998202158250598
0,0,0.0011796602173884982
1,1,0.9998032174373052
0,0,5.6415868356160345e-06
1,1,0.998594029150046
0,0,5.325162207962048e-06
1,1,0.9997431453866706
1,1,0.9999133148718538
0,0,3.5525864886918385e-06
0,0,5.104589754681526e-06
1,1,0.9990933513841228
0,0,1.0699335719365467e-05
1,1,0.9996531505212294
1,1,0.9994713790113093
1,1,0.999660200034025
0,0,4.110173650275157e-06
1,1,0.9998638776704885
0,0,0.0009283384786816452
1,1,0.9986287923211223
1,1,0.999738186318014
1,1,0.9996853155826778
0,0,0.0011444155735658623
0,0,5.001747290553366e-06
1,1,0.9999408154858201
1,1,0.9995560690964393
0,0,0.0013136516675016875
1,1,0.9998927071939447
0,0,4.742809442858876e-06
0,0,5.13418770591325e-06
0,0,4.2812038050666775e-06
1,1,0.9992052599140858
0,0,0.0014976580747522175
1,1,0.9995682960236276
1,1,0.9990302903848173
1,1,0.9995750892526154
1,1,0.9997339161438402
0,0,4.218114739510109e-06
1,1,0.9994873876143754
0,0,1.214081948889978e-07
1,1,0.9997307271788098
1,1,0.9998933091768929
0,0,8.063563555575607e-06
1,1,0.9998316532431252
1,1,0.9999146730921149
1,1,0.9992762453182448
0,0,7.27427568266379e-06
1,1,0.9989448878766733
1,1,0.9991888734275074
0,0,0.0008941384735772293
0,0,5.1184465843599504e-06
1,1,0.9998155507399984
1,1,0.9996808885538139
1,1,0.9997777541257118
1,1,0.9997646696886926
1,1,0.9997839526583167
1,1,0.9994572977402177
0,0,0.0007510287150360607
1,1,0.9997839878230601
1,1,0.999624113073595
1,1,0.9998918139255263
1,1,0.9998288629126056
1,1,0.99964844330569
1,1,0.9999399995554732
1,1,0.9996829286206323
1,1,0.999853624600012
1,1,0.9999037413702317
1,1,0.9997997649044363
1,1,0.9996335192277643
1,1,0.9998673829383391
1,1,0.9997385504008055
1,1,0.9995635371348756
1,1,0.9986670795004571
1,1,0.9997102270659213
1,1,0.9998998079488266
0,0,5.265313927606835e-06
1,1,0.9997011320717096
0,0,5.5850882781343455e-06
1,1,0.9998878421430284
0,0,5.4391745566086465e-06
1,1,0.9998800387259058
0,0,0.0011258305512782977
1,1,0.9991565805256093
1,1,0.9998034419967416
0,0,5.144921892896811e-06
1,1,0.9999333245387593
1,1,0.9994453841604833
0,0,0.0006618951127727433
0,0,1.232761347856856e-07
1,1,0.9994648540299106
1,1,0.9996878129512332
1,1,0.9997110706157935
1,1,0.9996510615958765
1,1,0.9993895523984633
1,1,0.9997156410777013
0,0,1.1606180786969241e-07
0,0,5.335206601618838e-06
1,1,0.9998347840271005
0,0,4.259568298516069e-06
1,1,0.9996506305665581
0,0,0.0006411230187236766
0,0,6.260105215160615e-06
1,1,0.9997672696322962
0,0,1.2149947064970803e-07
1,1,0.9998276752791914
1,1,0.9995444803150176
0,0,5.7624161883621955e-06
1,1,0.9999334577047204
0,0,1.0321628604858108e-07
0,0,0.0008950884889102569
0,0,4.009649256609392e-06
1,1,0.9998722599186339
0,0,5.8241445719946435e-06
0,0,4.721807062747288e-06
0,0,4.515287457646395e-06
1,1,0.9996066192205337
0,0,6.778594709032784e-06
0,0,0.0020867119069198086
0,0,1.2126910095000155e-07
0,0,4.9296407667957265e-06
1,1,0.9998241242953368
1,1,0.9997572726661131
1,1,0.9990055253140213
1,1,0.9995309989931573
1,1,0.9998238506863184
1,1,0.9996756959906832
1,1,0.999459729444164
0,0,1.2260734415891125e-07
1,1,0.9998985475281117
1,1,0.9996421663190707
1,1,0.9999061551829077
1,1,0.9993749513439639
1,1,0.9996528043087506
1,1,0.9994860950049523
1,1,0.9998169938790141
1,1,0.9996782845902191
1,1,0.9998294865290503
1,1,0.9989173354842106
0,0,1.2014802529382682e-07
0,0,5.969229030688985e-06
1,1,0.9993946963232543
1,1,0.9998513566892439
0,0,3.392375623461527e-06
1,1,0.9994856579044457
0,0,6.804069377977231e-06
0,0,3.4343781299955113e-06
1,1,0.9996162295567511
0,0,4.060760344425184e-06
1,1,0.9998639034609221
1,1,0.9996247414150264
0,0,5.112464068124523e-06
1,1,0.9990925855522111
1,1,0.9998917697197366
1,1,0.9997843010603016
1,1,0.9998821895799908
1,1,0.9986453630776617
1,1,0.9989467517319388
1,1,0.9998333085872797
0,0,6.156555986081593e-06
1,1,0.9997127912735225
1,1,0.9997786067809626
1,1,0.9996805163222907
1,1,0.9989375819692861
1,1,0.99974664165942
1,1,0.999919868984104
1,1,0.9994989400339607
1,1,0.9998753490266407
0,0,4.180745615638867e-06
1,1,0.9992770171945696
1,1,0.999787325431824
0,0,3.789803076616424e-06
0,0,4.394696813990129e-06
0,0,0.002178351301860284
1,1,0.9997913034815431
0,0,1.0100408144036219e-05
1,1,0.9989226503696121
1,1,0.9999320847991132
0,0,5.214676073519741e-06
1,1,0.9994359048257038
1,1,0.9996854112615932
1,1,0.9993178456257292
0,0,5.8323587966399794e-06
1,1,0.9993915248906279
1,1,0.9996624782335612
1,1,0.9997357496289864
0,0,9.363313891413299e-08
0,0,0.00116589542100635
1,1,0.9998098840296809
0,0,4.265310896306907e-06
1,1,0.9994629176961749
1,1,0.999560322935187
1,1,0.9998499158183674
1,1,0.9996611780218225
0,0,6.997957613881235e-06
0,0,5.246912794575987e-06
1,1,0.9995481092606106
0,0,7.300813078107349e-06
1,1,0.9996510742165362
1,1,0.9998557279656578
0,0,1.2068217158914176e-07
0,0,4.095656795533011e-06
1,1,0.9992461868113846
1,1,0.9994616221607662
0,0,1.0484482125254157e-07
1,1,0.999728713540459
1,1,0.9997130529036157
1,1,0.999685153354707
0,0,7.145718973522096e-06
1,1,0.9998695315409437
1,1,0.9998013426754286
1,1,0.9997818475127853
0,0,3.5225258843520362e-06
0,0,1.207364036498208e-07
0,0,6.690064517317605e-06
0,0,8.178598788616294e-08
0,0,1.1687258735272018e-07
1,1,0.9998202913762394
0,0,1.1299354076327597e-07
0,0,4.110584983603031e-06
0,0,1.057543410686056e-07
1,1,0.9992356036614987
1,1,0.9996162018996136
0,0,3.925762447934326e-06
0,0,4.557215681207778e-06
1,1,0.9992046922192251
0,0,4.596481248814071e-06
1,1,0.9999280664668821
1,1,0.9995703808108531
0,0,0.0005117852067898957
1,1,0.9998590929594579
1,1,0.9997021500532564
1,1,0.9995332860090057
1,1,0.9998137693563431
0,0,0.0005706558792313135
0,0,6.656848868038879e-06
1,1,0.999919897873808
0,0,5.175335341297225e-06
1,1,0.9998751814613638
0,0,0.0012076334470227893
1,1,0.9994745614846582
0,0,6.080828924830505e-06
0,0,4.21964302464556e-06
1,1,0.9995888551999209
0,0,5.7693162851501794e-06
1,1,0.9996159862895669
0,0,1.2079136596543954e-07
1,1,0.9996983736529532
0,0,5.237807093449698e-06
0,0,5.832174926434932e-06
0,0,0.0005189689871014168
1,1,0.9997849050868254
1,1,0.9997403566251751
0,0,0.0006034119810335933
1,1,0.998994537613353
0,0,5.9742436894783575e-06
1,1,0.9985701799864591
0,0,5.546415917565638e-06
1,1,0.9985837189419473
1,1,0.999706208405961
1,1,0.9995226419051569
0,0,4.839841821745338e-06
1,1,0.9995623140915576
1,1,0.9986490111393033
0,0,3.832751517089598e-06
0,0,3.6083093339854154e-06
1,1,0.9991102433771026
0,0,1.2223673461000091e-07
0,0,0.0015087322481433345
0,0,1.25063808979839e-07
1,1,0.9998067328848174
1,1,0.9998084843086777
1,1,0.9997109965367497
1,1,0.9998864176845149
0,0,0.00046906481324649
1,1,0.9996838978242241
1,1,0.9998325246266364
1,1,0.9996062297681507
1,1,0.9990182970505581
1,1,0.9998012722166529
1,1,0.9997849847102945
0,0,7.207950589386583e-06
0,0,1.061878756331809e-05
1,1,0.999754243752819
1,1,0.9995362842520661
1,1,0.9998095141095786
1,1,0.9991981276137137
0,0,6.065398689362425e-06
1,1,0.999354643017667
1,1,0.9997651884935734
1,1,0.9999186034209324
1,1,0.9996571374319558
1,1,0.9991141110110839
0,0,4.511238994999612e-06
1,1,0.9993381493756303
1,1,0.9998641620425179
0,0,4.956666222681139e-06
0,0,6.097697908508071e-06
0,0,5.4117031363187865e-06
0,0,4.409545376442622e-06
0,0,6.435040110341416e-06
1,1,0.9995008576877522
0,0,1.2102520217025678e-07
1,1,0.9999169636048025
1,1,0.9997177901389201
0,0,1.2151484261702663e-07
1,1,0.9998663298123837
1,1,0.9994533974443137
0,0,6.2077835516584235e-06
1,1,0.9998022587937132
1,1,0.9993295294540355
1,1,0.9997512318523019
1,1,0.9998167729705085
0,0,4.104267637386281e-06
1,1,0.9995409029854807
0,0,4.8609021401320245e-06
1,1,0.999353471010951
1,1,0.9996914689491694
1,1,0.9998166627483969
1,1,0.9998224768049966
1,1,0.9990043523147129
1,1,0.9997049296885776
1,1,0.9996820789046889
1,1,0.9998512227848108
1,1,0.9995932038308554
0,0,3.852022153119244e-06
1,1,0.9998885039527966
1,1,0.9995634313299359
1,1,0.9998089460894329
1,1,0.9994813087860617
1,1,0.9998129339162151
1,1,0.9996087979351851
0,0,4.586626468327254e-06
1,1,0.9995273291619052
0,0,6.844088977254407e-06
1,1,0.9999377912324456
0,0,4.841154645047539e-06
0,0,0.0009100062835577649
0,0,5.317541614243306e-06
0,0,9.170795387240829e-08
0,0,1.2111738739011282e-07
1,1,0.9994487456841945
0,0,4.449608951087166e-06
1,1,0.9996882168099704
0,0,1.0967733661649891e-07
0,0,3.98634391942553e-06
0,0,4.379685922875485e-06
0,0,1.2142083008252997e-07
1,1,0.9991195934446976
1,1,0.9991884846105946
1,1,0.9991878869129158
0,0,7.67431106453882e-06
0,0,4.823145565464159e-06
0,0,0.0017797007136830093
1,1,0.9996779214354489
0,0,3.698244643648166e-06
0,0,5.012566589467734e-06
1,1,0.999302087890808
0,0,2.7296854000960703e-06
0,0,1.2019501674265266e-07
1,1,0.9998617925808727
1,1,0.9992740932512686
1,1,0.9999256787742153
0,0,0.0010189497332578506
0,0,0.0004965755332318416
1,1,0.9998999109955062
0,0,5.1869868559786194e-06
1,1,0.9988696182431807
1,1,0.999933860371107
1,1,0.9999054891115396
0,0,4.137244913007098e-06
0,0,1.0273803987119799e-07
1,1,0.9998100181424445
0,0,3.574056272361527e-06
0,0,1.0895253598025591e-07
1,1,0.9996950904169414
0,0,1.245114696609946e-07
1,1,0.9994489654692863
1,1,0.9993270629820035
0,0,1.153153309431187e-07
0,0,1.1686400922415642e-07
0,0,8.272685804519732e-06
1,1,0.9996571990380797
0,0,1.1357345890481866e-07
1,1,0.9997780529767666
0,0,0.00044800429788372713
0,0,0.0011771617105266678
1,1,0.999808577122704
1,1,0.9993713544253433
0,0,4.821043617319103e-06
1,1,0.9998970587293422
0,0,0.0008642644974850585
1,1,0.9989827236347651
0,0,3.6327333354230005e-06
1,1,0.9992862931531675
1,1,0.9997558842105645
1,1,0.9996029449359748
1,1,0.9992869366659252
1,1,0.9992174405749201
0,0,0.0009400503852239129
1,1,0.9999006257170987
0,0,5.129786485987226e-06
0,0,1.2004155667409626e-07
1,1,0.9997872914858726
0,0,6.347842788823899e-06
1,1,0.9994414160213198
0,0,5.0752631797224334e-06
0,0,1.2425780833989396e-07
1,1,0.9995259499863428
1,1,0.9995414884269291
1,1,0.9996480697192995
1,1,0.9998133409724379
1,1,0.9998219364968888
0,0,1.2095161121286653e-07
1,1,0.9997198536777869
1,1,0.9997889147537907
1,1,0.9998521881366899
1,1,0.9994595979602624
1,1,0.9995340609517444
1,1,0.9986401927690037
1,1,0.9999382830738839
1,1,0.9994772048882415
0,0,3.957221068203814e-06
1,1,0.9998788470768495
1,1,0.9998455877514671
1,1,0.9994626769944036
0,0,6.760812087854966e-06
0,0,4.199470518080475e-06
0,0,1.1575413356001509e-07
0,0,3.850285028439439e-06
1,1,0.9997255617690188
1,1,0.9994439062898353
0,0,3.507937909465302e-06
1,1,0.9988804327433658
0,0,5.715134659467409e-06
1,1,0.9997357848251033
0,0,1.2387949742029939e-07
0,0,0.00145860117309403
0,0,8.57824404367376e-06
1,1,0.9999441201589181
1,1,0.9993073430796824
0,0,5.100962676429357e-06
0,0,0.000607720733676203
1,1,0.9998220250165928
0,0,5.93944459137436e-06
1,1,0.9996123566931824
1,1,0.9985010224292749
1,1,0.9999206242472259
1,1,0.9990243112263465
0,0,5.507017947250444e-06
1,1,0.9998503015994058
1,1,0.9995581719792882
1,1,0.9999263596792227
1,1,0.999607313644941
0,0,1.1901885030323369e-07
0,0,5.506109567729224e-06
1,1,0.99977154961851
1,1,0.9998992141464119
1,1,0.9994585342783006
0,0,4.1663577431900125e-06
1,1,0.9994531225622352
0,0,8.880026125750048e-06
0,0,4.02021530468658e-06
0,0,9.218349514456123e-08
1,1,0.9996767759283892
0,0,0.0011245012236714104
1,1,0.9997428154261744
1,1,0.999763523042675
1,1,0.999296066986978
1,1,0.9997444170454396
1,1,0.9999021839721852
1,1,0.999227224616228
1,1,0.9999245077337117
1,1,0.998691084895062
1,1,0.9994662679245078
1,1,0.999443004346774
0,0,0.0013478569200864677
0,0,0.0007419029800746269
0,0,4.6474043501560655e-06
1,1,0.9997415231749237
0,0,1.0971799702470024e-07
1,1,0.9992360278778581
1,1,0.9997129594312465
0,0,0.0012692491898723568
0,0,1.1017901061136152e-07
0,0,3.4957037751904737e-06
1,1,0.9997262132275954
1,1,0.999938509791876
0,0,4.123164022011754e-06
0,0,0.0012319088472568392
1,1,0.999669830623821
1,1,0.9998653918709483
0,0,5.512713407224062e-06
1,1,0.9986312360935381
1,1,0.9998760247473404
0,0,8.628328985648693e-06
0,0,4.52383952318647e-06
0,0,1.2242770806426292e-07
1,1,0.999743785791353
1,1,0.9993117302155519
0,0,5.169237679204514e-06
1,1,0.9996931855834401
1,1,0.9995216631121264
1,1,0.9990690699664965
1,1,0.9995166883931599
1,1,0.999898139982911
1,1,0.9994461598696142
0,0,0.0004541140605837518
0,0,1.1558684815433037e-07
1,1,0.9999197307665827
0,0,4.884239551180811e-06
1,1,0.9997583743422742
0,0,5.484125248201641e-06
0,0,0.00044486342147463903
0,0,4.96420958609898e-06
1,1,0.999823954258923
1,1,0.9994513711802178
1,1,0.999608973510765
1,1,0.999673207400385
1,1,0.9996424845868656
1,1,0.999393294428036
1,1,0.9998009495959529
1,1,0.9996358268319978
0,0,9.501524018329398e-06
1,1,0.9999406553536612
1,1,0.9998630900372255
1,1,0.9989576678886104
0,0,5.872029721202335e-06
0,0,5.9242437593560325e-06
0,0,0.0009601953481109465
1,1,0.9998692028804379
1,1,0.9997351507272406
1,1,0.9996980829719925
0,0,5.200860947001822e-06
1,1,0.9998941584691313
1,1,0.9987434608464841
1,1,0.9998365227757946
1,1,0.9993456404460614
0,0,6.688470322200477e-06
1,1,0.9989115954502464
1,1,0.9998409513181705
1,1,0.9995589524989958
0,0,1.2503164823020796e-07
1,1,0.9997033785645114
1,1,0.9990744517716266
0,0,3.226097687611769e-06
1,1,0.9996857287418974
1,1,0.9997238437193918
0,0,5.797780335605633e-06
0,0,0.002027797861519431
0,0,4.723518796105584e-06
1,1,0.9997885918295756
1,1,0.9990477736001621
0,0,3.63685466687455e-06
1,1,0.999582667186467
1,1,0.9998737260498566
1,1,0.9993357622769792
1,1,0.9998420305440159
0,0,3.768042273092549e-06
1,1,0.999698675961988
1,1,0.9996656182413151
1,1,0.9995329687625123
0,0,6.809284510410921e-06
0,0,0.0011724710575334442
1,1,0.9984005984008993
0,0,4.71409678611665e-06
1,1,0.9996699501856554
1,1,0.9994371856335216
1,1,0.9993291464034593
1,1,0.9998207478050598
1,1,0.9996941312325898
1,1,0.9997268318821116
0,0,6.5503566561254705e-06
0,0,1.2464764064861986e-05
0,0,4.189721316063991e-06
1,1,0.9998322997065349
0,0,1.2659789590730916e-07
1,1,0.9998184287526579
1,1,0.9996359454597271
0,0,1.148034817673909e-07
1,1,0.9992394270404753
0,0,5.63811601512453e-06
0,0,5.336844026823016e-06
0,0,9.209440414432526e-06
1,1,0.9994107938669426
1,1,0.9998153751482388
1,1,0.9996626787030425
1,1,0.9998878448747758
0,0,3.4302847565493027e-06
1,1,0.9994863530906404
1,1,0.9998364705614379
1,1,0.9982152682443454
1,1,0.9997280606071056
1,1,0.9997704413886582
1,1,0.9998696247989306
0,0,4.357026107923106e-06
0,0,5.201724584455056e-06
0,0,1.0891415999070405e-07
1,1,0.999638668622105
0,0,5.983895782444348e-06
1,1,0.9998965039908669
1,1,0.9994793266338199
1,1,0.9993991589315542
1,1,0.9993245786747073
0,0,8.099071137228836e-08
1,1,0.9994786106175044
1,1,0.9997502222972074
0,0,0.0007135700204835229
1,1,0.9995487820056729
0,0,7.103162994596775e-06
1,1,0.999934114595164
0,0,1.2278782546959777e-07
0,0,1.1021189685506805e-07
1,1,0.999716842460601
1,1,0.9994718317427044
0,0,5.174318376324739e-06
1,1,0.9998784186942319
1,1,0.9998217784470218
1,1,0.9998740369634342
1,1,0.9996426048592346
0,0,3.8039315815612523e-06
1,1,0.9998243857254625
0,0,1.1363484235612204e-07
0,0,4.231799380820296e-06
1,1,0.999909738966462
1,1,0.9993243361492308
0,0,5.512564380939322e-06
1,1,0.9986218399592803
1,1,0.9993903044568553
1,1,0.9998871760096217
0,0,6.307062953375587e-06
0,0,0.0008880418686605039
1,1,0.9999019106810314
0,0,1.2257440926817436e-07
1,1,0.9992684246843022
0,0,1.1523545167467626e-07
1,1,0.9997983531580518
1,1,0.9999262269242656
0,0,6.651504975960946e-06
1,1,0.9994515857859642
1,1,0.9998954292299147
0,0,4.474171247470981e-06
1,1,0.9997194796242065
1,1,0.9997715219506529
1,1,0.9999274896825597
1,1,0.9997696681916274
1,1,0.9991652098094363
1,1,0.9996448537848472
0,0,4.288786118533161e-06
1,1,0.9996714854804803
0,0,4.682693489756417e-06
1,1,0.9997700038929896
1,1,0.9998183902951963
0,0,5.303484802015147e-06
0,0,5.189305898197936e-06
1,1,0.999107255882731
1,1,0.9997253272245423
1,1,0.999641428616369
1,1,0.9994947813796556
0,0,7.957723666435873e-06
1,1,0.9990048831186623
1,1,0.999811176308224
1,1,0.9995692835097676
1,1,0.9997302549117825
0,0,4.606801391627773e-06
1,1,0.9995012876000156
0,0,0.0006507323535706086
1,1,0.9993694183745697
1,1,0.9998547558723927
0,0,0.0008296011505698239
1,1,0.9994447632089924
0,0,1.2198588402040385e-07
0,0,0.0014549302866960646
1,1,0.9994468038178924
1,1,0.9994965211784951
0,0,3.981256783447332e-06
1,1,0.9997783135375025
1,1,0.9993742688194459
1,1,0.9982653890783149
1,1,0.9998258403928423
0,0,4.6895766272937036e-06
1,1,0.9996412119900073
1,1,0.9995409506650674
0,0,9.207652971765557e-08
1,1,0.9995194488662286
0,0,6.365756609534007e-06
0,0,9.254101249338077e-08
1,1,0.9994387729001197
1,1,0.9998027505522457
1,1,0.9999121710034616
1,1,0.9995297794792833
0,0,1.3190338302791138e-07
1,1,0.9999160343322123
1,1,0.9997630846006472
0,0,4.695826528103311e-06
0,0,0.000654907443734686
0,0,5.764730621195554e-06
1,1,0.9994218070381901
1,1,0.9997328740542356
1,1,0.9992499928009331
1,1,0.9994861693014744
0,0,4.639213509335171e-06
0,0,7.745196403065169e-06
0,0,0.000581569040652942
0,0,5.068732228579434e-06
0,0,5.997841107054037e-06
1,1,0.9989749730354262
1,1,0.9998503047701913
1,1,0.9998536433949092
1,1,0.9994838539359587
1,1,0.9996595364631085
1,1,0.9987953690395931
0,0,5.599854415596724e-06
0,0,6.295190987645715e-06
1,1,0.9998640895751376
1,1,0.99963805672484
1,1,0.9998893393672414
1,1,0.9992055522736709
1,1,0.999786767853919
0,0,1.1073365763367014e-07
1,1,0.9994102207612585
1,1,0.9994204730941685
1,1,0.9994736885751477
0,0,5.152799289521959e-06
0,0,4.25880952133068e-06
0,0,3.957600652163206e-06
0,0,5.113687176296856e-06
0,0,0.0008636919613157898
1,1,0.9998984329881213
1,1,0.9998906115059993
0,0,5.107734968897298e-06
0,0,1.0988517018166457e-07
1,1,0.9996574860642888
0,0,9.38649610078319e-06
0,0,8.90060498919078e-06
0,0,7.465465100604339e-06
1,1,0.9982617210638635
1,1,0.9996137877108272
1,1,0.9997971159662203
0,0,1.217232962403554e-07
1,1,0.9998907017927725
1,1,0.9996565348883836
1,1,0.999890854490863
0,0,5.087944327022116e-06
1,1,0.9997558959015549
0,0,9.622963942474258e-06
1,1,0.9996299709464463
0,0,0.0005228192398310388
1,1,0.9999474908513175
1,1,0.9998466096973814
0,0,1.1837069026804753e-07
1,1,0.9997540379872081
1,1,0.99988194577043
1,1,0.9991945982667174
0,0,4.2427291239952314e-06
0,0,0.0007933987956181147
0,0,4.891248218330192e-06
1,1,0.9998376090098873
0,0,5.063668395294422e-06
0,0,0.0011772876932859928
1,1,0.9996415846183645
1,1,0.9997600035186853
0,0,9.339692128226571e-06
1,1,0.9998719930535874
0,0,9.42124610297928e-08
0,0,3.700104043074974e-06
1,1,0.9998404604879778
1,1,0.9994589301809067
1,1,0.9993345263206515
0,0,0.00164624262946227
1,1,0.9995980665661452
1,1,0.9994519937640581
0,0,4.8330147869861625e-06
1,1,0.9996269631151161
1,1,0.9990469494908456
1,1,0.999875400844251
1,1,0.9999483331254677
0,0,5.811956758409602e-06
1,1,0.9988912776451377
1,1,0.9994732721002019
0,0,6.2422490214186375e-06
0,0,0.0005366008797676207
0,0,6.534320180656225e-06
0,0,4.4866652782082306e-06
1,1,0.9998656843414385
0,0,4.18978875856891e-06
0,0,4.772684746950636e-06
1,1,0.9996537291560372
0,0,4.301393612147239e-06
1,1,0.9992620597249036
1,1,0.9998904484571779
0,0,4.318542637901604e-06
1,1,0.9996754284761071
1,1,0.99872306259973
1,1,0.999245370738768
0,0,1.241692725742216e-07
1,1,0.9997165583469401
1,1,0.9995849811976364
1,1,0.9992774810484931
0,0,0.000721725657715978
1,1,0.9997513579668861
1,1,0.9997791537931415
1,1,0.9997933485018601
1,1,0.9995362961326684
0,0,9.065425790543863e-08
0,0,3.923297357525643e-06
0,0,5.905134649149063e-06
1,1,0.9997776969184744
1,1,0.9992186199261095
1,1,0.99985897425516
1,1,0.9997545310973084
1,1,0.9991353284976523
1,1,0.9997219077712615
1,1,0.9996538316132236
1,1,0.9995281371355519
0,0,4.367739563307914e-06
1,1,0.9997078640159971
1,1,0.9999246267216512
0,0,3.86427472290534e-06
1,1,0.9998260436233212
0,0,5.032941967774559e-06
0,0,1.2049587367454656e-07
0,0,4.224305754151518e-06
0,0,3.7029786275424124e-06
1,1,0.9994640145304825
1,1,0.9997608820278742
0,0,5.484231178975575e-06
1,1,0.9992819526758631
1,1,0.9998970127036858
1,1,0.9997307542215607
0,0,0.0005337931864450626
1,1,0.9998780489547149
0,0,1.0274186018625708e-07
1,1,0.9998728596184948
0,0,5.620573521417438e-06
1,1,0.9998824429892276
1,1,0.9997912486554378
1,1,0.9998839715854114
1,1,0.9995593627040346
1,1,0.9996202736509302
1,1,0.9995685240571216
0,0,4.164510581870292e-06
1,1,0.9998079742241774
1,1,0.9997037718510695
1,1,0.9998771185716903
1,1,0.99976239190293
1,1,0.999488393134067
0,0,3.936592614361721e-06
1,1,0.9992119195484196
1,1,0.999738203001076
1,1,0.9997504233177994
1,1,0.998708016197683
1,1,0.9995478983939723
0,0,6.194750272753486e-06
1,1,0.9994189429154711
1,1,0.999740391787582
0,0,1.3515876872833333e-07
1,1,0.999775162508545
0,0,5.516724086659076e-06
0,0,1.0214409229897352e-05
1,1,0.9991818961423629
0,0,1.1097379811661478e-07
0,0,1.0358950617051023e-07
0,0,0.0015834640601676364
0,0,4.237562574498482e-06
1,1,0.9991353527528977
0,0,6.211701199679614e-06
1,1,0.9997994528614265
0,0,4.179742795932593e-06
0,0,1.2286713504430742e-07
1,1,0.9992709943865596
1,1,0.9996301116347613
0,0,3.604743795884128e-06
1,1,0.999590725236579
0,0,4.370815656996218e-06
0,0,1.1193492780400513e-07
0,0,1.1058709899035683e-07
1,1,0.9998178264327461
0,0,1.0240214783722113e-07
0,0,0.002421031105425372
1,1,0.9996741459466977
1,1,0.999851083452538
1,1,0.9999334331703477
1,1,0.9997287867795316
0,0,5.830338763262671e-06
0,0,4.179785257661694e-06
0,0,3.669536953419415e-06
1,1,0.9995876028549381
0,0,1.0139450749119615e-05
0,0,0.0019133065112523116
0,0,4.77482431867342e-06
1,1,0.9990546326746682
0,0,4.323009132295207e-06
0,0,3.948984683433513e-06
1,1,0.9998217906764415
0,0,0.0005667779574235305
1,1,0.9993747260984328
1,1,0.9998622198558246
1,1,0.9998954564130262
1,1,0.9996583428870266
1,1,0.9995212041198434
1,1,0.999728167984152
0,0,3.8376383541234384e-06
1,1,0.9995105043751799
1,1,0.9994534002335655
0,0,5.829298122642276e-06
1,1,0.9998509398934832
1,1,0.9997960347386249
1,1,0.9998151206063497
0,0,8.432227653744815e-06
1,1,0.999603714044256
1,1,0.9995469169140718
1,1,0.999582819989915
1,1,0.9998545804253306
0,0,3.965814493985598e-06
1,1,0.9996288337633426
1,1,0.999524807376224
1,1,0.9993482293867646
1,1,0.9994372197677205
0,0,3.129680610327138e-06
1,1,0.9996156496525489
0,0,4.736146167624773e-06
1,1,0.9996529007731075
0,0,4.5671040227062665e-06
1,1,0.9997297785972447
1,1,0.9993584478334258
1,1,0.9997481777553542
1,1,0.9997321318219011
0,0,4.1321611969517485e-06
1,1,0.999877011548136
1,1,0.9998259489455635
0,0,4.622523360660257e-06
0,0,1.2176102952475271e-07
1,1,0.9998549753111953
0,0,1.3304142234278897e-07
0,0,1.3619220675440935e-07
0,0,3.519370526118748e-06
0,0,1.0978470890352912e-07
0,0,4.044103587865587e-06
1,1,0.9995794604861306
1,1,0.9995621826094521
1,1,0.9997924891035725
1,1,0.9988917166227528
1,1,0.9992583728824486
1,1,0.9997472045521857
1,1,0.9998932650469523
1,1,0.9997386453589314
1,1,0.999537957311955
1,1,0.9998060772136639
1,1,0.9992717381060804
1,1,0.9997674405355484
1,1,0.9991133118975792
0,0,1.4379263246712026e-07
0,0,3.5052723145283595e-06
0,0,0.0009142250082231266
0,0,0.0012765035139908833
0,0,5.299344351951556e-06
0,0,5.0745618214845215e-06
0,0,5.4102121553261615e-06
0,0,0.0006876756515475816
0,0,1.2090762558065318e-07
0,0,3.4061620856742917e-06
0,0,3.466123072996668e-06
0,0,6.449350462539797e-06
1,1,0.9999241926062162
1,1,0.9989632215542225
0,0,5.0206169235693666e-06
1,1,0.9999259950433923
1,1,0.9995969403956171
1,1,0.9997088494515773
0,0,3.7559743237084637e-06
0,0,0.0006595945579919006
1,1,0.9998680301826949
1,1,0.9998803610611433
1,1,0.9997720762319056
0,0,4.486996955279026e-06
1,1,0.999690138163301
1,1,0.9995318754900046
0,0,3.734121129890588e-06
0,0,4.245788769292647e-06
1,1,0.9996047243837302
0,0,0.0008299601220563756
1,1,0.9995634815246066
0,0,5.185986748685951e-06
1,1,0.9996261489477613
0,0,1.2036764898467043e-07
1,1,0.9997528795953506
1,1,0.9998301116280027
0,0,1.1570088269196174e-07
1,1,0.9995437218202966
0,0,3.788525400925499e-06
0,0,1.0926344819294243e-07
0,0,4.028723520663328e-06
1,1,0.9998342840072734
1,1,0.9998854601080567
0,0,0.0009308329729676037
0,0,4.1770572549068745e-06
1,1,0.9997445253927197
0,0,3.765516729499139e-06
1,1,0.9999149682538702
1,1,0.9997148501537222
1,1,0.9998366213953941
1,1,0.9998723606492341
1,1,0.9996778900336226
0,0,7.502529721622715e-06
1,1,0.9996791996807743
1,1,0.99974458688983
0,0,5.072969184518913e-06
1,1,0.999902115645216
1,1,0.9999318091003755
0,0,6.4810335025695204e-06
1,1,0.9994255459384848
1,1,0.9996519137012468
1,1,0.9997791899238879
0,0,3.7099189691805043e-06
1,1,0.9997971793106514
1,1,0.9998059335939331
0,0,0.001030375837430629
1,1,0.9998363398370551
1,1,0.9997059379317423
1,1,0.9999319950019646
0,0,1.1043820732482732e-07
0,0,7.333547361896653e-06
1,1,0.9996856055372576
1,1,0.9986586950269203
0,0,0.0011347010473313293
1,1,0.999876329678715
0,0,0.0006819078454368371
0,0,3.7922245338037007e-06
1,1,0.9999203364085957
0,0,1.1114134251046726e-07
1,1,0.9998205798485716
1,1,0.9996014151709917
0,0,1.2524127259381998e-07
0,0,4.37557783659115e-06
1,1,0.9998366107689539
0,0,5.56838685243057e-06
1,1,0.9994255842459357
0,0,6.671491612540125e-06
1,1,0.9995428487211656
1,1,0.999610593308814
0,0,0.0008404149378952939
1,1,0.9997096919833113
0,0,9.156675079805054e-08
1,1,0.9997144573977531
0,0,0.000695237077005542
0,0,1.1099515146501605e-07
1,1,0.9995109383891484
1,1,0.9997533404288248
1,1,0.9996556550234211
1,1,0.9997726385544917
1,1,0.9999383749153969
0,0,4.136342520645929e-06
0,0,1.0885285408736371e-07
0,0,5.8315654790138626e-06
0,0,4.943898763606684e-06
1,1,0.9997274233075361
1,1,0.9996539080876765
1,1,0.9998576849838371
0,0,6.033359937343172e-06
0,0,0.0006959637197243899
1,1,0.9998394268965395
1,1,0.999730002843547
0,0,5.7582555013845265e-06
1,1,0.999882080513176
1,1,0.9995155136339827
1,1,0.9999025571424954
1,1,0.9989888169408703
0,0,5.980717216010112e-06
0,0,5.262821927125099e-06
1,1,0.9993113070851991
1,1,0.9997453614477482
1,1,0.9996347276827271
1,1,0.9996496819875156
1,1,0.9994201373741173
1,1,0.9998207992754812
1,1,0.9997760575655039
1,1,0.9996136019402642
1,1,0.9997373672135739
0,0,1.2138543375968215e-07
1,1,0.9996606565852784
1,1,0.9995607256640541
1,1,0.9999288122465219
1,1,0.9996707900578099
1,1,0.9984415306513473
0,0,0.0008118094837245694
1,1,0.9997794763037292
1,1,0.9998835164572989
1,1,0.9997434080419793
1,1,0.999948727644304
0,0,3.821248607233773e-06
1,1,0.9995320066088079
1,1,0.999917065416591
1,1,0.999185126392261
1,1,0.9992936548955209
1,1,0.999727155268975
1,1,0.9994941290782251
1,1,0.9996641474151964
1,1,0.9999265676947172
0,0,0.00038458142361498456
0,0,5.230815627095872e-06
1,1,0.9994528003928023
1,1,0.999914750324136
1,1,0.9993287152386345
0,0,5.1176431026123275e-06
0,0,1.1620854257835664e-07
1,1,0.9996428019041892
1,1,0.9994349813815765
0,0,5.4640196303077355e-06
0,0,4.990570712865435e-06
1,1,0.9995683237354528
1,1,0.9997430123006722
1,1,0.9995978793624557
0,0,1.0889835250519748e-07
1,1,0.9998822512216765
1,1,0.9985757904574524
0,0,1.0825895292553497e-07
1,1,0.999880411477536
1,1,0.9998691342855417
1,1,0.9993754359218019
1,1,0.9997654175148791
1,1,0.9997639290785374
1,1,0.9986474068577444
0,0,1.1561379548336336e-07
1,1,0.9999027987454147
1,1,0.9998521271989809
0,0,5.4611936287891345e-06
1,1,0.9999095588449056
1,1,0.9991780548438868
1,1,0.9994948563085567
1,1,0.9998771447307577
1,1,0.9998695989541754
0,0,6.847101820920376e-06
1,1,0.9998778678933031
0,0,0.0004990564723501749
1,1,0.9996431729442459
0,0,5.476343038269699e-06
1,1,0.9993498854093296
0,0,4.891842336378444e-06
1,1,0.9996942910430382
0,0,5.945198872745844e-06
0,0,5.223168584764312e-06
0,0,0.0014074558444542177
0,0,1.0442778677437072e-07
1,1,0.9995358111844869
0,0,1.0516693697975114e-05
1,1,0.9996044236789499
1,1,0.9996392876381412
1,1,0.9993077642101889
1,1,0.9998303673944903
1,1,0.9995717810803048
1,1,0.9996655012735547
0,0,5.516455899413532e-06
0,0,3.59967596373956e-06
1,1,0.9994084299156363
0,0,1.0941171132274787e-07
1,1,0.9996161389700551
0,0,5.112190337726097e-06
1,1,0.999320676799556
1,1,0.9999185131847498
1,1,0.9999272786536834
1,1,0.9995747293999407
1,1,0.9990323255314661
1,1,0.9992338282836071
1,1,0.9997311773005674
1,1,0.9995248581210775
0,0,4.696009535748387e-06
1,1,0.9999142807582289
0,0,3.6828416093828773e-06
0,0,4.886768926105309e-06
0,0,1.1288823905334314e-05
0,0,5.7144469727502505e-06
1,1,0.9998078709157854
1,1,0.999319125655187
1,1,0.9994616927839804
1,1,0.9989700791842094
1,1,0.9997593552893299
1,1,0.9999172858085028
1,1,0.9998522570567929
1,1,0.9995424056253387
1,1,0.9997100681120349
1,1,0.9995633884031295
1,1,0.9980784552638664
1,1,0.9991699692520382
1,1,0.9997704014869173
0,0,1.444033486190953e-07
0,0,4.8864098465317095e-06
1,1,0.9991315884361288
1,1,0.9996453136659221
1,1,0.9998568842503402
1,1,0.9998825951699731
1,1,0.9998230504365162
1,1,0.9996952827660287
1,1,0.9997737681378139
1,1,0.999527589197744
1,1,0.9998786863853264
1,1,0.9995825077987237
1,1,0.999720622520662
1,1,0.9994667452939145
0,0,3.384850056652972e-06
1,1,0.9992402887338661
0,0,4.682522498693355e-06
1,1,0.9999279244743585
1,1,0.9994093406335837
1,1,0.999741640135961
1,1,0.999391824804387
0,0,4.592654881813196e-06
1,1,0.9987215502961088
1,1,0.9998388482523222
0,0,3.917230349894818e-06
1,1,0.999913216795784
0,0,0.0014014850078003216
1,1,0.9994651542517187
1,1,0.9999095798089508
1,1,0.9998930507593055
1,1,0.99986795709426
1,1,0.9997788143921335
0,0,5.139151879673507e-06
1,1,0.9995772761650202
1,1,0.999153942713624
1,1,0.9999285256452088
1,1,0.9997935590945646
1,1,0.9997673453211092
0,0,4.3835142617815094e-06
0,0,6.2349976289036265e-06
1,1,0.9997468077729731
0,0,0.00125628771372899
1,1,0.9998432293470453
1,1,0.9997200032073257
0,0,0.0006044164617108853
1,1,0.9997328851703392
0,0,5.864869172313276e-06
1,1,0.999682511861413
1,1,0.998617684456375
0,0,0.0010288035324680586
1,1,0.9998207934781341
1,1,0.9992934536349818
1,1,0.9997607153837773
0,0,1.0595696390011981e-07
1,1,0.9993548937936912
1,1,0.9987685095599231
1,1,0.9998436032684781
1,1,0.9997622609791122
0,0,1.1552235533381121e-07
1,1,0.9996481927576543
0,0,5.070257201679729e-06
1,1,0.9994040109364579
0,0,4.784671674306948e-06
0,0,5.333272582460868e-06
1,1,0.999858948166594
0,0,4.855684652814129e-06
1,1,0.9996637363020767
0,0,5.054430508567796e-06
1,1,0.9992875873887108
0,0,6.4986068559086824e-06
1,1,0.9997089562809446
0,0,9.595853139540301e-06
0,0,1.215469028368328e-07
0,0,9.695053503618686e-08
0,0,5.507741032218916e-06
0,0,3.8096018836561825e-06
0,0,4.13724789573269e-06
1,1,0.9999303027444547
0,0,0.001451166012918465
0,0,4.747278844343128e-06
1,1,0.9992160171840689
0,0,0.0018358085192626786
1,1,0.9998895551567725
1,1,0.9998001989268841
1,1,0.9996831676074325
1,1,0.9999397939890221
1,1,0.9998082608357062
0,0,6.154108965497319e-06
0,0,4.563360219765676e-06
1,1,0.9997207890910669
1,1,0.9997093627528766
1,1,0.9996487055204655
0,0,4.562481181822009e-06
1,1,0.9998619714197292
1,1,0.9999249124804424
1,1,0.9997495364019225
1,1,0.9996716482625476
1,1,0.9998476231364447
1,1,0.9997916661403623
0,0,1.280815695286193e-07
1,1,0.9998626437695011
0,0,3.6009855040764187e-06
1,1,0.999780182770823
1,1,0.9995038327948859
1,1,0.9994786638637757
0,0,8.435049843607843e-06
0,0,6.276692678749393e-06
0,0,1.0940751301450904e-07
1,1,0.9999096511159724
0,0,0.0011475241340864273
1,1,0.9998123264725532
1,1,0.9998638747766324
1,1,0.9995617213286245
1,1,0.9994285101380425
0,0,3.3939658706842308e-06
0,0,0.0011630132636138478
1,1,0.999814310589174
1,1,0.999284366545301
1,1,0.9995549764163019
1,1,0.9997333230057314
0,0,9.445857680634124e-08
1,1,0.9997208054644489
1,1,0.9996377606490074
1,1,0.9998093793996746
1,1,0.9997856861255441
0,0,5.493706536106632e-06
1,1,0.9996935653724078
1,1,0.9996166976533573
0,0,1.1055107433686356e-07
0,0,1.2217927411570704e-07
0,0,4.829699350379478e-06
1,1,0.9993680082549843
0,0,0.0007668279116343046
1,1,0.9996333226702091
1,1,0.9997021105488383
0,0,0.0012818040192288298
1,1,0.9994289817842772
1,1,0.9990283559772585
1,1,0.9994281193619893
1,1,0.9997052076958429
0,0,0.0016946768256699007
1,1,0.9998527009202752
0,0,1.171174229205466e-07
0,0,4.220947400199028e-06
1,1,0.9997295782039832
0,0,3.302420734801276e-06
0,0,5.316792711711881e-06
1,1,0.9996152754290359
1,1,0.9997255215949837
0,0,6.552471346697109e-06
1,1,0.9996936212853359
1,1,0.9997285769487839
1,1,0.9997496219576248
1,1,0.9999013132102978
1,1,0.9998470157793738
0,0,5.153098761847139e-06
0,0,5.767438643059881e-06
0,0,0.0014029972274765931
1,1,0.9998871083954685
1,1,0.9997605335150562
1,1,0.9997695230598088
0,0,5.597965113004099e-06
1,1,0.9994128723678141
1,1,0.9997022559412079
0,0,8.544105282057254e-06
1,1,0.9998816014542721
1,1,0.9995951769726905
1,1,0.9998148091838159
1,1,0.9998002472136839
1,1,0.9996186797170808
0,0,8.720015395587004e-06
1,1,0.9997320542000435
0,0,5.196182945474527e-06
0,0,0.0008060151747184287
0,0,0.0006862317700388974
0,0,1.0911636546484719e-07
0,0,1.0229699570755201e-05
1,1,0.9998397232570672
1,1,0.9996819734780529
0,0,0.0007513106674267037
0,0,3.718974410228414e-06
1,1,0.9999190279212542
1,1,0.9984369951071767
1,1,0.9999028531201428
0,0,1.1602465642733106e-07
0,0,4.24213795115043e-06
1,1,0.999776693835948
1,1,0.9995210209261293
0,0,1.1836470520123105e-07
0,0,1.0315675776712458e-07
0,0,5.50987715919534e-06
1,1,0.9996216242293268
0,0,3.7119710544597233e-06
1,1,0.9997026440765022
1,1,0.9999080808308602
1,1,0.9998331786913704
1,1,0.9997662550708991
1,1,0.9991542337296927
1,1,0.9996970943798215
1,1,0.9998449076258056
1,1,0.999860310167419
1,1,0.9996541492668737
0,0,4.82880162411481e-06
0,0,3.64319658089209e-06
0,0,3.646815298483893e-06
0,0,5.06597804768364e-06
1,1,0.9997903996539498
0,0,5.386254271474297e-06
1,1,0.999901010250372
0,0,6.850322156865168e-06
0,0,1.080553738436962e-07
0,0,3.491098326154152e-06
0,0,3.56036367054522e-06
1,1,0.9998287078334457
1,1,0.9986122478526239
0,0,0.0010744717119413939
0,0,3.4177860451569038e-06
1,1,0.9997285749139773
1,1,0.9994608998432204
1,1,0.9999169107921471
0,0,6.911125695827888e-06
0,0,0.000986297263975322
0,0,1.165370636627316e-07
0,0,4.2771602811297245e-06
1,1,0.9999171527451454
0,0,1.23019608709273e-07
1,1,0.999922756648514
1,1,0.9999407622798001
1,1,0.9993506258269985
0,0,2.688441420674035e-06
0,0,5.50083937299512e-06
1,1,0.9997677577186562
0,0,1.1304003101519808e-07
1,1,0.9998836685372712
1,1,0.9994572854227679
1,1,0.9997737776755349
0,0,0.0008688465061899292
1,1,0.9995719887273656
0,0,6.492452934541202e-06
1,1,0.999742681207254
1,1,0.9998740385746473
0,0,4.586797353351826e-06
0,0,1.1464202709663913e-07
0,0,0.0011727335780683116
1,1,0.9999387131183376
0,0,1.228674037566118e-07
1,1,0.9999243225213927
0,0,4.226824463607695e-06
0,0,3.967493432193588e-06
0,0,0.0014808480418588674
1,1,0.9996753087832254
1,1,0.9995820526460967
1,1,0.9984141339435441
1,1,0.9996131678185364
1,1,0.9995475671307972
1,1,0.9996964900445227
1,1,0.999030707626448
1,1,0.9997642791518325
0,0,3.796485701387895e-06
0,0,4.088539713621705e-06
0,0,0.000980628124536477
1,1,0.9998423874251672
0,0,3.2210305359319604e-06
0,0,1.0904503862149522e-07
1,1,0.9998636338029391
0,0,4.4799567483325524e-06
1,1,0.9998876407108216
1,1,0.9998116039406736
1,1,0.9997267428137475
1,1,0.9998265937345396
1,1,0.9999366780352262
1,1,0.9988344804451013
1,1,0.9994691898868819
0,0,6.150582858586431e-06
1,1,0.9994160900943689
0,0,1.085295643986291e-07
1,1,0.9993768898563883
1,1,0.999674888531896
0,0,5.7425471410101545e-06
1,1,0.9996504234445801
1,1,0.9996810476904663
0,0,5.94721528646773e-06
1,1,0.998885143682627
1,1,0.9996308604755838
0,0,5.9865044811314e-06
0,0,5.513915294094841e-06
1,1,0.9997941691788332
0,0,1.0950991258434436e-07
1,1,0.999815411850401
0,0,0.0011947383934729774
0,0,5.6591199725981355e-06
1,1,0.9995381988443314
0,0,5.528859711692316e-06
1,1,0.9996501868793912
1,1,0.9999487612633577
0,0,4.906073977593145e-06
1,1,0.9999229887661742
1,1,0.9998205768177473
1,1,0.9996257364990199
1,1,0.9990094129205209
0,0,4.12236713439734e-06
1,1,0.9998355101184346
1,1,0.9995348848009895
0,0,5.0906431649550156e-06
0,0,1.198502222123618e-07
1,1,0.9994525926820951
1,1,0.9992023315407181
1,1,0.9993934387315203
1,1,0.9998612784855928
0,0,4.2626871716840376e-06
1,1,0.9994430721753353
0,0,5.35751473190025e-06
1,1,0.9997863510031504
0,0,1.0544978888236316e-07
0,0,5.980812921396172e-06
0,0,5.864141017251192e-06
1,1,0.9997252167216354
0,0,4.693101151617902e-06
1,1,0.999868735937423
1,1,0.9998074433233719
1,1,0.9996487915099053
1,1,0.9996341423078181
0,0,3.985183352485027e-06
1,1,0.9995815217166129
1,1,0.9996643846476949
0,0,5.3149307471553615e-06
0,0,5.314350795811459e-06
0,0,5.562060554586619e-06
1,1,0.9996777570589869
1,1,0.9986194466784845
1,1,0.9995945136808674
1,1,0.9996217590803321
1,1,0.9997496430758307
0,0,4.499377773480276e-06
1,1,0.99851010693785
0,0,1.2639955135062779e-07
1,1,0.9993125146739458
1,1,0.9995542014327905
1,1,0.9998612430947211
1,1,0.9996133206245911
1,1,0.9997510409214682
1,1,0.9997422818054365
1,1,0.9998476108762078
1,1,0.9995480080161875
1,1,0.9997704074344749
1,1,0.9992461998749055
0,0,0.0008217075253354763
1,1,0.9992524129039808
1,1,0.9995944216187229
1,1,0.9997763776911585
1,1,0.9997266784136237
0,0,6.382175862315283e-06
0,0,4.772058729981154e-06
0,0,3.883311006417116e-06
1,1,0.9998218037725651
0,0,1.0303610993535451e-07
1,1,0.9997778514032863
1,1,0.9990942791108574
1,1,0.9998087169436625
1,1,0.9995055108883223
1,1,0.9996145137501253
1,1,0.9994642611698363
0,0,1.1855383858178631e-07
1,1,0.9996038220086328
0,0,4.769629815302932e-06
1,1,0.9995975493758147
1,1,0.9998907214285214
0,0,0.0015392166715441288
1,1,0.9997313473064896
1,1,0.9983454064342416
1,1,0.9998702392398955
1,1,0.9991534724799496
1,1,0.999428561114881
1,1,0.9997834579212601
1,1,0.9995932866856692
1,1,0.9997308312681621
0,0,6.2079048561157455e-06
0,0,6.459309537054601e-06
0,0,4.2887558817227265e-06
1,1,0.9995253895673768
1,1,0.9998054883444246
1,1,0.999475880231649
1,1,0.999725507189706
1,1,0.9996682438946196
1,1,0.99983541965673
1,1,0.99971639677557
1,1,0.9994598101437373
1,1,0.9998317169035019
0,0,3.7422379285678008e-06
1,1,0.9994059221544693
1,1,0.9997889776834494
1,1,0.9996248231102391
1,1,0.9995711774073393
1,1,0.9996362819684863
1,1,0.9998579728924589
1,1,0.9998744488951574
1,1,0.999515075857907
1,1,0.9993560469097857
1,1,0.9996856524251634
1,1,0.9985745468351197
1,1,0.9998002748840575
1,1,0.9999014643894159
0,0,5.070088776119307e-06
1,1,0.9997193330751264
1,1,0.9995699666326064
1,1,0.9995983817652538
0,0,3.3955177346203416e-06
1,1,0.9998147535379014
0,0,4.193266885535236e-06
1,1,0.9998837475905691
1,1,0.9995124913677244
1,1,0.9996326164079555
0,0,1.0002597503667601e-07
0,0,4.158773405519671e-06
1,1,0.9998336402920798
1,1,0.9993484100305957
1,1,0.999671291769358
0,0,4.377694865598573e-06
0,0,5.391405788418793e-06
0,0,0.0005905839873664094
1,1,0.9998814993454707
1,1,0.9993672329981443
1,1,0.9995074583595407
1,1,0.999759025744159
1,1,0.9996624082714679
1,1,0.9997482973866711
0,0,4.0446301168255045e-06
1,1,0.999481935621218
1,1,0.9997017701776438
1,1,0.9999039376570319
1,1,0.9997166635934559
1,1,0.9999185763618161
1,1,0.9997894243295946
1,1,0.9998365096951135
0,0,3.3810288953676413e-06
0,0,5.932536182727913e-06
1,1,0.9998678959367916
0,0,8.127235517959697e-06
0,0,3.2188112976043904e-06
1,1,0.9998385036691088
0,0,5.9828090221024745e-06
1,1,0.999914464970015
0,0,1.0337289514624373e-07
1,1,0.9998102341873636
0,0,3.375449302225869e-06
0,0,4.562796219818152e-06
1,1,0.9988887652087172
1,1,0.9998907323089816
0,0,4.1954903595429254e-06
1,1,0.9996334630780839
1,1,0.9997369723934065
1,1,0.9996180308644022
1,1,0.9992358065219508
1,1,0.9997788215422625
1,1,0.9998871661400391
1,1,0.9999017186532125
1,1,0.9991935937014974
0,0,1.1714753647481693e-07
1,1,0.9998757033426888
0,0,6.117983226285841e-06
1,1,0.9999186533153919
1,1,0.9994417372185007
1,1,0.9996773182849338
1,1,0.9990180708189618
1,1,0.9998462807204769
1,1,0.9998634771628442
1,1,0.9998633645831916
0,0,9.858122521429669e-06
1,1,0.9999518530655696
0,0,6.107204532537806e-06
0,0,3.753036100194222e-06
0,0,0.0014522565584963864
0,0,4.625557243011112e-06
1,1,0.9998183421186508
0,0,1.0883985191818528e-07
1,1,0.9996456480571325
0,0,5.832560852853698e-06
1,1,0.9996391289093974
0,0,3.477579055281282e-06
0,0,5.570222595399259e-06
1,1,0.9992090703253212
1,1,0.9998537545496945
1,1,0.9997283763195187
0,0,1.1034204466284539e-07
0,0,1.1614579064133827e-07
1,1,0.9979354794621633
0,0,5.950500069888953e-06
1,1,0.999878221270855
0,0,5.559099579780816e-06
1,1,0.9998610798938226
1,1,0.9997023610225361
1,1,0.9994374882898899
1,1,0.9997254795246769
1,1,0.9998742092419424
0,0,6.264022241674855e-06
0,0,9.445872649539091e-06
1,1,0.9998840642499723
1,1,0.999323295077961
1,1,0.9996388556550285
0,0,4.944655642222997e-06
0,0,4.9246931841979155e-06
0,0,1.0688034409199702e-07
0,0,5.733003546666311e-06
1,1,0.9996247903616023
1,1,0.9992941833428013
1,1,0.9996182207452295
1,1,0.9995681217425532
0,0,0.0009331551270942326
0,0,0.0009686093404982079
1,1,0.9996363614595342
0,0,3.496495441906511e-06
1,1,0.999869637519841
1,1,0.9997436427641885
1,1,0.999744041088204
1,1,0.9998654962568656
0,0,3.6038728006295263e-06
1,1,0.9998567464986994
1,1,0.9992718231525624
0,0,4.206510837263392e-06
1,1,0.9989244913096161
1,1,0.9997070395244196
0,0,4.47274439945221e-06
0,0,4.41110323998906e-06
1,1,0.9990894467098136
1,1,0.9995853629378049
0,0,4.904393977607264e-06
0,0,5.531521395222767e-06
1,1,0.9997865573073623
0,0,3.58139557035014e-06
0,0,0.001070309811809898
0,0,1.210164287513791e-07
0,0,3.942182183522471e-06
0,0,7.914482905762355e-06
1,1,0.9997325968543269
1,1,0.9996646556921868
0,0,4.089614713378046e-06
1,1,0.9998504591482069
1,1,0.9994713860169046
0,0,4.176663762075897e-06
0,0,0.0013633558244361523
1,1,0.9997661002297223
1,1,0.9997804332380985
1,1,0.9987581735915526
0,0,1.185815199597514e-07
1,1,0.9993601965456383
1,1,0.9992481701825038
1,1,0.9997083704446637
1,1,0.9972288820591392
1,1,0.9997860737636398
1,1,0.9996588776112166
0,0,4.5812804994443825e-06
0,0,4.72666776692037e-06
0,0,5.4254465258005315e-06
1,1,0.9998356778004669
1,1,0.9997557003494097
1,1,0.9999070702425905
1,1,0.9999284911391226
0,0,0.001112873158759522
1,1,0.9997771060381674
1,1,0.9996751311674019
1,1,0.9998704842648581
1,1,0.998919879809901
0,0,1.2168228201495702e-07
1,1,0.9996166743521782
0,0,0.0010795913373465105
0,0,1.1302278002746715e-07
1,1,0.9999249856007842
0,0,5.346793683159972e-06
1,1,0.9985697182222921
1,1,0.9996417038968909
0,0,3.5797379768830017e-06
0,0,5.721031485615055e-06
1,1,0.9998469317538903
0,0,5.140341063209548e-06
1,1,0.9996559037229301
1,1,0.9995488621858731
1,1,0.9991440556211406
1,1,0.9993289068644873
1,1,0.9997972247947369
1,1,0.9993609329275237
1,1,0.9994994890361073
1,1,0.9997649347916082
1,1,0.9998321462142933
0,0,6.040773864786132e-06
1,1,0.9995147452200823
0,0,4.6647002244648715e-06
1,1,0.999902822244549
1,1,0.9990013499439039
1,1,0.9997515190832413
0,0,5.4857582548661255e-06
1,1,0.999559180212542
1,1,0.998834926296193
1,1,0.9998391312337097
1,1,0.9998292807946365
1,1,0.9996757282964183
1,1,0.9999151099567081
1,1,0.9996837224004744
1,1,0.9997669862730797
1,1,0.9987721889633453
0,0,0.0008358985457879798
1,1,0.9996404715393525
0,0,4.700873221683395e-06
1,1,0.9998893776921213
1,1,0.999358996115622
1,1,0.9999421183178402
1,1,0.9997755539993166
1,1,0.9998686942466116
1,1,0.9994133041184764
1,1,0.9997315684678242
1,1,0.9997101158803772
0,0,0.000983857024038686
1,1,0.9997354388098036
1,1,0.9998871712684445
1,1,0.9999168315582049
1,1,0.9998518731153835
0,0,5.693334489407419e-06
0,0,4.7230470120762256e-06
0,0,0.0009896531192846198
1,1,0.9998809667086331
0,0,5.339129441021957e-06
0,0,5.394025367683573e-06
1,1,0.9997975819146833
1,1,0.9998741214072642
1,1,0.9993060006398037
1,1,0.9998964092693371
0,0,0.0013028543019930883
1,1,0.9997637880091448
0,0,4.19759395719844e-06
1,1,0.999789187082821
0,0,5.741317548593622e-06
0,0,3.31184531398461e-06
1,1,0.9996306319528518
1,1,0.9991368936953131
0,0,6.097006323726925e-06
0,0,3.836326401856057e-06
0,0,4.522331489754888e-06
1,1,0.9993334631079234
0,0,4.293918657118823e-06
0,0,8.86406645407855e-06
1,1,0.9993949434531142
1,1,0.9996793449991976
1,1,0.9993748893021343
1,1,0.9996924753808213
1,1,0.9994449282565385
0,0,8.858301660115503e-08
0,0,1.1152467896115772e-07
1,1,0.9998211304860816
0,0,0.0008964989726223643
1,1,0.9989379761562082
1,1,0.9999085228104237
1,1,0.999544028052095
1,1,0.9991013110296587
0,0,5.9980672112789745e-06
1,1,0.9998410350082937
0,0,7.803133506150298e-06
1,1,0.9994141057670592
1,1,0.999787086441993
1,1,0.9997741469901504
1,1,0.9997558756394784
1,1,0.9996738943317802
1,1,0.9993368345562885
1,1,0.9998878424494062
0,0,5.454270784953954e-06
1,1,0.999680440624023
0,0,9.396597659025082e-06
1,1,0.99986278124897
1,1,0.9997692775402915
0,0,1.2039044505378522e-07
1,1,0.9996764967944696
1,1,0.9998512613784034
1,1,0.9996539680587032
1,1,0.9998656168253276
1,1,0.9997615516365954
0,0,4.68101614050273e-06
0,0,5.699711015935603e-06
0,0,4.4041473041216055e-06
0,0,4.214085305972264e-06
0,0,1.217122938856653e-07
0,0,1.1785393218968769e-07
0,0,0.0009458022607421059
1,1,0.9997797550232238
0,0,5.859754968460323e-06
0,0,3.6720228450011883e-06
0,0,5.511246688015782e-06
0,0,4.827705939375548e-06
1,1,0.9995025572525973
1,1,0.9997064629746727
1,1,0.99976276777335
0,0,9.249142533973409e-08
0,0,7.664699975936197e-06
1,1,0.9996655252209935
1,1,0.9995768029088465
1,1,0.9996699957579698
1,1,0.999803229635096
1,1,0.999271538928378
1,1,0.9996830433229569
1,1,0.9997398974084044
1,1,0.9998970354879739
0,0,0.0008528864177165823
0,0,4.199529526992317e-06
0,0,1.0787411993747476e-07
1,1,0.9997940485816363
0,0,0.0007402622369748701
0,0,4.28417211822296e-06
1,1,0.9997309050840415
0,0,5.543242449896651e-06
1,1,0.9995384639523497
1,1,0.9991428053340159
0,0,0.0007890538751025125
0,0,4.236915439001153e-06
1,1,0.9998743025308839
1,1,0.999882364611853
1,1,0.9998387725713564
0,0,8.507168338170194e-08
1,1,0.9996526219412435
0,0,1.1589415395462826e-07
1,1,0.9993708942799564
1,1,0.9997812578298038
0,0,7.440915773606268e-06
1,1,0.9995686485194091
1,1,0.9998050493210235
1,1,0.999909335302012
1,1,0.9995007913447272
0,0,1.0980226765739746e-07
0,0,0.0018184327447108256
0,0,0.0008305140885198749
1,1,0.9994643540049504
1,1,0.9990332252028092
1,1,0.9997341516462758
0,0,8.681260484372222e-08
1,1,0.9989067661622193
0,0,3.913740561015533e-06
0,0,6.376633987520419e-06
0,0,4.256258519531286e-06
1,1,0.9994986862699897
1,1,0.9995366145192435
0,0,1.1008400772790105e-07
1,1,0.999886853955503
1,1,0.9998547221673185
1,1,0.99971237196747
0,0,0.00187906499927987
0,0,0.0007511408049926178
0,0,4.620285457739913e-06
0,0,1.170911982887064e-07
1,1,0.9997441268916404
0,0,5.615419200642205e-06
0,0,4.163908673206174e-06
0,0,5.042675255981004e-06
1,1,0.9997730657927401
1,1,0.9992009272256738
1,1,0.9998511452455908
1,1,0.9989254807325239
1,1,0.9997963558726845
1,1,0.999915810152643
1,1,0.9992011713945956
0,0,6.193909711184767e-06
1,1,0.9997563854953089
0,0,0.0008803554539263121
0,0,9.274255323821395e-08
0,0,5.600612184638858e-06
1,1,0.9998513705513923
1,1,0.9984005179150838
0,0,0.0013148590335769561
1,1,0.9995771587289444
1,1,0.9997342097495769
1,1,0.9998473582228032
1,1,0.9998577513779567
1,1,0.9996380124199714
0,0,6.728988996079071e-06
0,0,4.450295606267503e-06
1,1,0.9998096714497692
1,1,0.9997981407827676
1,1,0.9997121617218914
0,0,0.0013846916088880988
1,1,0.9997206893788758
1,1,0.9992871693042412
0,0,4.137406175931745e-06
1,1,0.9998937324114081
0,0,8.354593394022458e-08
1,1,0.9998910950889387
1,1,0.9999309436709477
1,1,0.9997796812002655
1,1,0.9994768960050795
1,1,0.999783186579306
1,1,0.9997783839035144
1,1,0.999783745983867
1,1,0.9997195005774083
1,1,0.9993805982760704
0,0,4.487839100244268e-06
0,0,6.9555766472753065e-06
1,1,0.9998043583982533
0,0,5.535479073202536e-06
1,1,0.999708718361427
0,0,0.0013471983200361948
1,1,0.9996956134629046
0,0,5.344077655609332e-06
1,1,0.9998022565026917
0,0,5.117745189140583e-06
1,1,0.9991092363901226
0,0,0.0009150559987126669
1,1,0.9996143259278224
1,1,0.9998696974651571
1,1,0.9996999246108049
1,1,0.9996640898294162
1,1,0.9998777070425648
1,1,0.999286546492675
1,1,0.999464883186613
1,1,0.9994817005093461
1,1,0.9995307879673285
1,1,0.9998592266893253
0,0,3.6275472856132407e-06
0,0,0.0015889242069234005
0,0,6.068139697054319e-06
0,0,0.0004390098755285587
0,0,3.4150330821526797e-06
0,0,1.218257228713988e-07
0,0,4.5893067907506394e-06
1,1,0.9995363756305518
1,1,0.999894602039546
0,0,5.351909927861347e-06
1,1,0.9991636983381972
1,1,0.9990873187072257
1,1,0.9998078843512331
1,1,0.9997619591590645
0,0,1.038223335440604e-07
1,1,0.999716572941362
1,1,0.9996366356132647
1,1,0.9996919801686639
0,0,9.45745534524339e-06
1,1,0.9998670097030031
1,1,0.9992679597525309
1,1,0.9997865710357258
1,1,0.9996998231479829
0,0,4.5766743871498055e-06
1,1,0.9998372913100947
0,0,5.387800989458508e-06
1,1,0.9992549147641849
1,1,0.9992951218120218
1,1,0.9994031874360075
1,1,0.9994113014327601
1,1,0.9997506372991503
0,0,3.2873577543402526e-06
1,1,0.9996759149612041
1,1,0.9999051225657537
0,0,1.0914870820362044e-07
1,1,0.9994806400012528
1,1,0.9991120686008328
0,0,5.358935851567416e-06
1,1,0.9998589732786146
0,0,1.1339956157248051e-05
1,1,0.9996864072734344
0,0,9.700696528664854e-06
1,1,0.9994161562373491
0,0,5.736453520798748e-06
0,0,0.0011017615879675717
1,1,0.9996604225819397
1,1,0.9998826025045329
0,0,5.062959874915047e-06
0,0,4.512209031693369e-06
0,0,0.0017044340622824625
0,0,4.633395450106797e-06
1,1,0.9997933162712503
0,0,6.261791194722499e-06
1,1,0.9996214439106764
1,1,0.9996271577744281
1,1,0.9989567783922327
1,1,0.9995917514090316
1,1,0.9998298329125738
0,0,5.543559270741725e-06
1,1,0.9993014749915642
1,1,0.9998786763399481
1,1,0.999354112201162
1,1,0.9996094843388548
0,0,9.190709054781178e-06
1,1,0.9996902056080144
1,1,0.9986718711380632
0,0,4.540411756018802e-06
0,0,7.2663373431097025e-06
1,1,0.9998974919009761
0,0,3.211301949917326e-06
0,0,5.633807332838043e-06
1,1,0.9996882119234992
1,1,0.9997750925648825
1,1,0.9992057293740371
0,0,3.657734860332152e-06
1,1,0.9997245241825664
0,0,4.093094486028894e-06
0,0,6.856569207544626e-06
1,1,0.9997647165693773
1,1,0.9996015444420934
0,0,3.8545489663129025e-06
0,0,6.87157583391443e-06
1,1,0.9997237177382675
1,1,0.9997544785414735
1,1,0.9994011885768442
1,1,0.9993417895827934
1,1,0.998854880327021
1,1,0.9992465748844734
1,1,0.9994416211086757
0,0,0.0007007272746742624
0,0,2.887936927263453e-06
0,0,0.0005937481958924848
0,0,1.1556351837233725e-07
0,0,4.005909646201091e-06
0,0,1.1535669219856506e-07
1,1,0.9996355547591201
1,1,0.9996477784806338
1,1,0.9998214437376649
0,0,1.206747529474059e-07
0,0,1.2182747304155207e-07
1,1,0.9995234584402424
1,1,0.9997969290201786
1,1,0.999661554828764
1,1,0.999493880867832
1,1,0.9999312503840105
1,1,0.9995903808561631
0,0,3.3149362150070244e-06
1,1,0.9994324635479045
1,1,0.9998587672666648
0,0,3.203426378828534e-06
0,0,3.2100196739515723e-06
1,1,0.9998219200374248
1,1,0.999907173968002
0,0,5.694811354571715e-06
1,1,0.9998047097986081
1,1,0.9997269528528895
0,0,6.131287794144171e-06
0,0,5.4953504834015995e-06
1,1,0.999605275284508
0,0,6.93853354583827e-06
1,1,0.9998530088686198
1,1,0.9997746613116986
0,0,5.610246679770362e-06
0,0,5.249142553215123e-06
1,1,0.999588591517742
1,1,0.9998029538268779
0,0,3.712379361490191e-06
1,1,0.9998422616899374
0,0,5.277500040382456e-06
1,1,0.9998549791297465
1,1,0.9995559015908962
1,1,0.9998156907471949
1,1,0.9998018575735294
0,0,6.794217159106636e-06
1,1,0.9998687823865248
1,1,0.9996992682134646
1,1,0.9994763348249671
1,1,0.9998116727994769
0,0,3.24907991999638e-06
1,1,0.9997968182647101
1,1,0.9995495992682876
0,0,4.381582471500355e-06
1,1,0.9997351902400703
1,1,0.9998539598494095
0,0,3.7788657484922568e-06
1,1,0.9996353607109051
0,0,0.0016824335212203968
1,1,0.9995269226741357
0,0,8.150357706142106e-06
1,1,0.9997451796632651
0,0,5.3495168279005006e-06
1,1,0.9997013424057214
0,0,6.85037798754622e-06
1,1,0.9995213557961613
0,0,4.290913732142542e-06
1,1,0.9996776545741269
0,0,4.034124261791251e-06
1,1,0.9997460683999195
1,1,0.998939686729383
1,1,0.9997823223081879
0,0,4.634873470158863e-06
0,0,4.556556219932374e-06
1,1,0.9997068975904092
0,0,5.841005973212503e-06
0,0,3.2077991971669747e-06
1,1,0.9997585354073909
0,0,4.905385946310803e-06
0,0,6.156552214897382e-06
0,0,3.914281133710304e-06
1,1,0.9996807143563093
0,0,0.0006675960197102943
1,1,0.9999126537441987
0,0,9.406321201996965e-08
0,0,3.914778788888463e-06
0,0,8.077169642861672e-06
1,1,0.9998335547288255
1,1,0.9988439659062662
0,0,8.26163758139412e-06
0,0,4.123306455098198e-06
0,0,0.0010384308427482762
1,1,0.9989505991295455
0,0,1.0963721022069969e-07
1,1,0.9998252763821689
0,0,2.550458357518608e-06
1,1,0.9998983358672479
0,0,4.404211754214161e-06
1,1,0.9995496052963461
1,1,0.9994318352381741
1,1,0.9994770512592052
1,1,0.9999029143691642
0,0,5.4738418516692216e-06
1,1,0.9998756839360594
1,1,0.9996704025111898
1,1,0.9998415764156791
0,0,5.289854118378111e-06
0,0,7.024000389002623e-06
0,0,4.686614573198004e-06
1,1,0.9993602452625019
1,1,0.9988893330978227
0,0,8.53165663267796e-06
0,0,1.2120876915061913e-07
1,1,0.9994873391312262
0,0,3.108689385606566e-06
0,0,1.0884438948790853e-07
0,0,9.204685459350444e-06
1,1,0.9996504560378063
1,1,0.9996148803435932
0,0,4.351469147404314e-06
0,0,1.2045813994714275e-07
0,0,4.170727599469028e-06
0,0,9.085672739150032e-06
1,1,0.9999463974693583
0,0,3.6087868291177707e-06
0,0,6.578509415987077e-06
0,0,8.146184431049102e-06
1,1,0.9999169742938431
1,1,0.9987889391196493
0,0,3.4765164608251097e-06
1,1,0.999711276422572
0,0,6.5535852660795524e-06
1,1,0.9997685423506505
1,1,0.9998087546840335
1,1,0.9984334371986546
1,1,0.9993598019278787
0,0,0.0008443853930340537
0,0,0.0008441524175513996
0,0,0.0010609184768953013
0,0,3.6223374765115084e-06
1,1,0.9993786091775629
1,1,0.9998302604465001
1,1,0.9994342791826404
1,1,0.9998995675550166
1,1,0.9998550203892047
1,1,0.9986236393029339
0,0,3.905251448510125e-06
1,1,0.9997146107240154
0,0,4.482226600083465e-06
0,0,0.001785475467305681
0,0,1.0864210257581815e-07
1,1,0.999929181270767
0,0,2.9025563186904514e-06
0,0,5.502728862977432e-06
1,1,0.9999006760069528
1,1,0.9998058970622895
1,1,0.9998314850537401
1,1,0.9996587834638351
1,1,0.9998350184272499
1,1,0.9999406967553629
0,0,5.056471882582896e-06
1,1,0.9997848945345932
1,1,0.9999505568202155
1,1,0.9997332073261732
1,1,0.9998780669238073
1,1,0.9997098295361841
0,0,7.154973449551389e-06
1,1,0.9996718516718792
0,0,5.247580991634374e-06
1,1,0.9996697869478646
0,0,4.5124364634968306e-06
0,0,4.500243898905181e-06
1,1,0.9997337418700678
0,0,1.2983447141142083e-07
1,1,0.9997526639256283
1,1,0.9998440305574312
1,1,0.9998964737632179
1,1,0.9996715032469142
1,1,0.9994317504336621
1,1,0.9989454589526989
0,0,4.013008933592076e-06
1,1,0.9998306401946174
0,0,4.7613501644856945e-06
1,1,0.9998161957978575
0,0,0.0019375974048195924
1,1,0.9993644759413268
0,0,0.0014341644810208706
1,1,0.9998660027068829
1,1,0.9998886873613924
1,1,0.998817990807342
0,0,1.0951651577779614e-07
1,1,0.9997198039763839
1,1,0.9996784270829318
0,0,1.214884657687881e-07
1,1,0.9999075061521953
1,1,0.9994932316158869
1,1,0.9998525457870933
1,1,0.9996967689150202
0,0,5.07507733734399e-06
1,1,0.9995671743529222
0,0,5.093620883689507e-06
1,1,0.9994381357752237
1,1,0.9998607632057797
0,0,5.9886053355310915e-06
1,1,0.9999001533738215
1,1,0.999442651098554
1,1,0.999323845870469
1,1,0.9998847751774184
1,1,0.9983151745033055
0,0,1.1415238286081105e-07
1,1,0.9995058371971023
1,1,0.9997652216232409
0,0,3.925999644813598e-06
1,1,0.9993182313219877
1,1,0.99962922207352
0,0,5.002139310091429e-06
0,0,0.0012882125693913205
1,1,0.9993304627113186
1,1,0.999386999568837
1,1,0.9996374467945544
1,1,0.9997409334731271
0,0,6.543875919007483e-06
0,0,6.244456857454934e-06
1,1,0.99973255864488
1,1,0.999770480097441
0,0,4.087050360895122e-06
0,0,0.0007624449767117366
1,1,0.999859341996576
0,0,5.0182739431044365e-06
1,1,0.999881977832633
1,1,0.9998503011346905
1,1,0.9995498358968704
0,0,3.754697284190873e-06
1,1,0.999729759999673
1,1,0.9999486320821269
1,1,0.9996278294986037
1,1,0.9994920327882261
1,1,0.9995701496763216
1,1,0.9991795989830706
0,0,4.627475070471914e-06
1,1,0.9997380909263582
1,1,0.999387224353431
0,0,5.056397686017261e-06
0,0,8.312197760950456e-08
1,1,0.9997450156707794
1,1,0.9994502737460701
0,0,4.372868628285235e-06
0,0,1.1369373417373871e-07
1,1,0.9998160029481435
1,1,0.9995635002129378
1,1,0.999755670151148
1,1,0.9998598503838358
1,1,0.9996527329152807
0,0,4.617027927446254e-06
1,1,0.9997488029184036
1,1,0.9995307841499347
1,1,0.9995021886699104
1,1,0.9993726875194873
0,0,4.1131090608762e-06
1,1,0.999649405577163
1,1,0.9997959896028886
0,0,6.807499685783546e-06
1,1,0.9996460258573642
1,1,0.9998397700178612
1,1,0.9995761806506869
1,1,0.9998993426271352
1,1,0.9980206811569342
0,0,5.966631776495413e-06
1,1,0.9996097655255175
0,0,4.1701770340085455e-06
1,1,0.9994795556904509
0,0,3.877044863308202e-06
1,1,0.9997297357854653
1,1,0.9999306728149577
0,0,1.0938760594105032e-07
1,1,0.9997868740687875
1,1,0.9996474163269959
1,1,0.9989138157250728
1,1,0.999782625916037
0,0,6.573361276087845e-06
1,1,0.9997899692649451
0,0,7.553757054379933e-06
1,1,0.9997646019993365
1,1,0.9997560886314405
1,1,0.9994456840702156
1,1,0.9985146922929612
0,0,4.334130300543957e-06
1,1,0.9998507462913462
0,0,4.9095039248430184e-06
1,1,0.9996788754091701
1,1,0.9994997471869573
1,1,0.9997724012216446
1,1,0.9996652971396867
1,1,0.9997462256542812
0,0,1.2213632454937396e-07
1,1,0.999780949494725
0,0,5.659669370193805e-06
1,1,0.9998780051249996
0,0,0.0021443956335914453
1,1,0.9997806089179438
0,0,1.218444299823767e-07
1,1,0.9985980082279409
0,0,1.2190595222118764e-07
0,0,6.612179660071683e-06
0,0,0.0027330566949345654
1,1,0.9998344049813169
0,0,0.0011221672152970596
1,1,0.9996975682226629
1,1,0.999745502746186
1,1,0.9996099198378431
1,1,0.9998178393953009
1,1,0.9997094618676748
1,1,0.9997984784667971
1,1,0.9994671632742597
0,0,0.000691866686897849
1,1,0.9998151289268842
0,0,5.874576114448968e-06
1,1,0.9998628104910791
1,1,0.9996295869482975
1,1,0.9996454447795219
0,0,3.729585115281169e-06
0,0,1.128302514217526e-07
1,1,0.9998614226801957
0,0,4.519478101567142e-06
1,1,0.999770637361838
0,0,0.001318537428754577
1,1,0.9995049737164174
1,1,0.999681204946008
1,1,0.9999120148255498
0,0,4.009417085129694e-06
1,1,0.9996977521690986
1,1,0.9997740513466726
0,0,1.1028108604454103e-07
1,1,0.9999017263552487
0,0,6.0120797098118984e-06
1,1,0.9998855753494371
1,1,0.9993555746288674
1,1,0.9997600517649418
1,1,0.9998557464442103
0,0,8.252056165105177e-08
1,1,0.9998465219040471
1,1,0.9992427010417742
1,1,0.9997097812801589
1,1,0.9992591168606745
1,1,0.9997758662727705
1,1,0.9998672243887655
0,0,0.0005779099686735696
1,1,0.9997095004094683
1,1,0.9996669305981887
1,1,0.9994744163916383
0,0,9.333108556008378e-08
1,1,0.9996218958367157
0,0,1.020842784669481e-07
1,1,0.9998986484749527
0,0,5.616437391233328e-06
0,0,4.423457137738282e-06
1,1,0.9996858360558499
0,0,4.034076845364907e-06
1,1,0.9995713339647362
1,1,0.9997527701874925
1,1,0.9997514129943882
1,1,0.9995043553787283
0,0,7.952090371076092e-06
0,0,3.1678153549233476e-06
0,0,1.0792662408194453e-05
0,0,7.730231699890477e-06
0,0,5.051102923969975e-06
0,0,4.7531505587268086e-06
0,0,4.8480188441346776e-06
1,1,0.999454911764698
1,1,0.999803008537898
0,0,0.0007702227573028452
1,1,0.9995193524844708
1,1,0.9998165064399864
1,1,0.9996748485462754
1,1,0.9995085648790875
1,1,0.9998519880650537
1,1,0.9999287603874821
0,0,0.0013659775064163043
0,0,0.001370304951629214
0,0,6.492969288306521e-06
0,0,4.916181586250415e-06
1,1,0.9994958174743939
0,0,0.0011858137648623902
1,1,0.9990133331251337
1,1,0.9995821815884731
0,0,0.0005074754422275547
0,0,1.1415949545084913e-07
1,1,0.9997299507108974
0,0,3.3361282668893066e-06
1,1,0.9998563775402795
0,0,0.0014887239882265108
0,0,5.415893485912634e-06
0,0,4.563307046908459e-06
1,1,0.9998648737001282
1,1,0.9998418882946146
0,0,4.460120617535099e-06
1,1,0.9997012592786291
1,1,0.9997401917355397
0,0,5.200129456346138e-06
0,0,0.0010439339605526968
1,1,0.9981663609835272
1,1,0.9997753023510099
1,1,0.9994972356959175
1,1,0.9998184091872265
1,1,0.9996486272135573
0,0,1.209178419743124e-07
0,0,1.067656010394042e-07
1,1,0.9994966729851331
1,1,0.9998754513061001
1,1,0.9997199655613191
1,1,0.9997181418679059
1,1,0.999904447225038
0,0,0.000584016942994055
1,1,0.9996385808679717
1,1,0.999653923087098
0,0,0.0006428544737252164
1,1,0.9998538381190392
1,1,0.9995449015594297
1,1,0.9997901271123258
0,0,6.293593635318112e-06
1,1,0.9996313595914522
1,1,0.9997068322087972
1,1,0.9998671603283543
1,1,0.9999347151341311
0,0,3.731590276676594e-06
0,0,1.208022261708819e-07
1,1,0.9997758917021088
1,1,0.9997641744531424
1,1,0.9999496012431401
1,1,0.9996582586531034
1,1,0.9993307455111848
0,0,9.273221637096457e-08
1,1,0.9998192578236964
0,0,1.2148960300689895e-07
1,1,0.9998439755421994
1,1,0.999755027765334
1,1,0.9995678976129683
1,1,0.9996101951886779
1,1,0.9994963956250223
0,0,4.391283189408241e-06
1,1,0.9993179143422799
1,1,0.9998025771265556
1,1,0.9994063109090048
1,1,0.9997748743414859
1,1,0.9995155934694845
1,1,0.9997455725520583
1,1,0.9994605251358577
1,1,0.9995145692160848
1,1,0.9995233061575898
1,1,0.9993719533362043
0,0,5.3483019850312886e-06
1,1,0.9997362307976184
0,0,0.0011940544192421373
1,1,0.9997906601603949
1,1,0.9997092245912902
1,1,0.9996598104595881
1,1,0.9997577334378055
0,0,0.0008066779582112812
0,0,5.003593971669159e-06
1,1,0.9996784390529301
1,1,0.9996862605357868
1,1,0.9997248855616347
0,0,3.958596061963152e-06
1,1,0.9990520250565117
1,1,0.999467945042108
0,0,1.1183106480043918e-07
0,0,4.936369579959666e-06
1,1,0.9997989062856728
1,1,0.9993000428888905
1,1,0.9999437047824193
1,1,0.9997875402841367
1,1,0.9999292283312605
0,0,7.970270411729487e-06
1,1,0.9992616422370708
1,1,0.999946383248991
0,0,5.452510402271767e-06
1,1,0.9997042067400332
1,1,0.9998660362049615
0,0,1.2141576218522553e-07
1,1,0.9998732643064008
0,0,1.1661854148847604e-07
1,1,0.9992526554859689
0,0,5.517334025688276e-06
1,1,0.9997944525622328
1,1,0.9989961500930835
0,0,3.6141299708955717e-06
1,1,0.9993873812338973
0,0,9.524340509234657e-06
1,1,0.9997413242336117
0,0,5.5412681673048785e-06
0,0,3.9624925851521486e-06
1,1,0.9996943866521208
1,1,0.9995561621366044
0,0,1.3681098876890575e-07
1,1,0.9999027761143159
0,0,5.106581691455381e-06
0,0,8.091913672471061e-06
1,1,0.9991046471043501
1,1,0.9997093947998202
1,1,0.9998339758646837
0,0,1.2137552904506906e-07
0,0,3.642241400301796e-06
0,0,4.889446158732125e-06
1,1,0.9997108165492482
1,1,0.9998644809692744
1,1,0.9992062764170512
1,1,0.999939892258624
1,1,0.9999136907458063
0,0,2.84954044868419e-06
1,1,0.9998057246039368
1,1,0.9990955815480199
1,1,0.9997636297878514
0,0,3.816005023960783e-06
1,1,0.999179752439084
1,1,0.9999212878002617
1,1,0.9996588942600267
0,0,0.0006708869113724104
1,1,0.9993960895896341
1,1,0.9995932206810146
0,0,4.264368891807228e-06
1,1,0.9991397853272941
0,0,4.663989892564468e-06
0,0,1.211353617451702e-07
1,1,0.9998530965476989
1,1,0.9998946364057533
1,1,0.9999077791102181
1,1,0.9994858916887628
1,1,0.9996191176807535
1,1,0.9999143291659786
0,0,4.5678886768738576e-06
1,1,0.9998788715717405
1,1,0.9997970191463865
0,0,5.667999626074172e-06
0,0,4.283497200673244e-06
1,1,0.9998434848880772
0,0,0.000620242258738379
1,1,0.9993600614681455
1,1,0.9997916569227981
1,1,0.9990899646013721
1,1,0.9995587702683748
1,1,0.9995615582175432
1,1,0.9996959703560496
0,0,5.353306588948947e-06
1,1,0.9994363165095236
1,1,0.9999009177052205
1,1,0.9993163129749095
1,1,0.9996636574163487
0,0,9.060768568367423e-06
0,0,0.0013433989482143913
0,0,0.001934152040974088
1,1,0.9997362868991694
1,1,0.9994664984891038
1,1,0.9993024949736555
0,0,4.967641116541074e-06
1,1,0.9997120379106044
0,0,0.0010622861887973106
1,1,0.9985505748540724
1,1,0.9996526909755771
1,1,0.9994123307553185
0,0,6.202554787096959e-06
0,0,3.2546573604381382e-06
1,1,0.9988991221085192
1,1,0.9996870992919078
0,0,6.552359680024372e-06
1,1,0.9998078038314973
1,1,0.9998989818673889
0,0,4.323533488517474e-06
0,0,6.241178764518896e-06
1,1,0.9998982483718034
0,0,5.1338288778153754e-06
0,0,8.080698657633317e-06
0,0,1.1342949588506233e-07
0,0,1.2262825693566455e-07
0,0,4.838173803834331e-06
0,0,6.476294807223484e-06
1,1,0.9997567197197397
1,1,0.9998504250646663
1,1,0.9998553868279938
0,0,1.1864946721169168e-07
0,0,5.3482574769016035e-06
1,1,0.9998468035819448
1,1,0.9993386802956195
1,1,0.9998135913274524
0,0,0.0019765692175730434
1,1,0.9995471072082246
1,1,0.9998436883766444
1,1,0.9993267269356924
1,1,0.9994376657335999
1,1,0.9994700047733667
0,0,4.5015594440244726e-06
1,1,0.9998760911576906
0,0,1.2160063523860469e-07
1,1,0.9991264212284305
0,0,5.512515112203628e-06
1,1,0.9998890315939025
1,1,0.9993719159469505
1,1,0.9999024861390955
1,1,0.9996665032522628
1,1,0.9999436580469223
0,0,0.0007658924235628924
0,0,4.45821177006755e-06
1,1,0.9994216439644841
1,1,0.9996589049638408
1,1,0.9997734133732723
0,0,0.0013726115542546649
1,1,0.9999422800625393
1,1,0.9999376600124291
1,1,0.9997250645847489
1,1,0.9991902676273804
1,1,0.9993717232893489
0,0,1.1250774813569477e-07
0,0,0.0006306859087601399
1,1,0.9999385030190546
0,0,1.1710187046086662e-07
1,1,0.999824403416428
0,0,8.643575372214896e-06
1,1,0.9998350422373452
0,0,1.2221329872537983e-07
0,0,0.0004502228184344669
1,1,0.9999057120746624
1,1,0.999876763168966
1,1,0.9995829186922437
0,0,4.188326305544447e-06
0,0,4.4734329600517905e-06
1,1,0.9998602261100642
0,0,6.247041477010725e-06
1,1,0.9988676388406378
1,1,0.9996509932697754
1,1,0.999871131053842
1,1,0.999857887062807
0,0,6.0806435637403945e-06
0,0,0.0009776482783303946
1,1,0.9997013218507836
1,1,0.9997640318218018
1,1,0.9991292905274299
1,1,0.9998174244338742
0,0,1.1356522114667453e-07
1,1,0.9994616883488623
1,1,0.9998685822557342
1,1,0.9991785671838287
1,1,0.999950016266141
0,0,4.99226715481804e-06
0,0,0.0008030356341821326
0,0,4.529834984460043e-06
0,0,4.2676428806882305e-06
1,1,0.9999439077367999
1,1,0.999731832910641
1,1,0.9999051774400398
1,1,0.9994283650771529
0,0,4.886572617898541e-06
0,0,0.0007964541175934853
1,1,0.9997310533677779
1,1,0.9999382837365322
1,1,0.9995078715789413
1,1,0.9995826460376516
1,1,0.9998064683508376
0,0,4.391442515467716e-06
1,1,0.9996382208646056
1,1,0.9997476951212023
1,1,0.999603164441611
1,1,0.9985300995241215
1,1,0.9992810142781301
1,1,0.9997655866793466
0,0,4.423510243219283e-06
1,1,0.9995587045533256
1,1,0.9993713717629052
0,0,4.910642384620295e-06
0,0,1.159436720669818e-07
0,0,0.0010960064671958166
1,1,0.999811149808258
1,1,0.9994152035872446
1,1,0.9999386633815432
1,1,0.9994637237838052
0,0,0.00039034374584297064
1,1,0.9981547774793516
0,0,8.959263097182028e-06
1,1,0.9996313014189603
1,1,0.9994669734242188
1,1,0.999914110233388
1,1,0.9989759278123146
0,0,3.613105744288296e-06
0,0,1.108447147415453e-07
1,1,0.9997092625137732
0,0,5.2011819598021645e-06
1,1,0.999724504533815
0,0,3.5350075175101015e-06
1,1,0.999092257462435
1,1,0.9999306678458054
1,1,0.9997069829369097
1,1,0.99976037678781
1,1,0.9997708756952566
0,0,3.752301019380612e-06
1,1,0.9999329290864268
1,1,0.9996280135861562
1,1,0.9993797659742949
1,1,0.9997378062048093
1,1,0.9997973261351064
1,1,0.9995824882922438
1,1,0.9997806733378651
1,1,0.9995694408271995
1,1,0.9993147060113379
1,1,0.9998553139559047
0,0,1.0888980708277928e-07
1,1,0.9992638782174469
0,0,5.209976857429027e-06
1,1,0.9995345315250654
1,1,0.9990500426716609
1,1,0.9996527525704145
0,0,4.420268640170836e-06
1,1,0.9998150356791172
1,1,0.9996250439151076
1,1,0.9997773896620885
1,1,0.9998673668360545
1,1,0.9997130692168293
1,1,0.9989859497229485
1,1,0.9997942846022393
1,1,0.9993523570635958
0,0,3.545922885203908e-06
1,1,0.9996334453742972
1,1,0.9987394952458393
1,1,0.9997334211078357
1,1,0.999725339127169
1,1,0.9998065942119879
1,1,0.9992364594411075
1,1,0.9998235716150917
1,1,0.9999311329759079
1,1,0.9995937924664375
0,0,0.0010703288957116806
0,0,0.0010780283101363673
1,1,0.9998937651055971
1,1,0.9998922983233113
1,1,0.999920222690417
1,1,0.9998019353001182
0,0,3.9862164872545345e-06
1,1,0.9998495587570885
0,0,4.723313048442889e-06
1,1,0.9996655038083593
0,0,3.5375426848221482e-06
0,0,6.094788912792163e-06
1,1,0.9990120933129172
1,1,0.9994687067203153
1,1,0.99966410989815
1,1,0.9993092137797205
1,1,0.9995426254051485
1,1,0.9996190832518106
0,0,5.3269842918386396e-06
1,1,0.9994198741858173
0,0,3.7692534365832573e-06
0,0,4.4010147269586746e-06
1,1,0.9996490491876476
1,1,0.9997361154668375
0,0,4.089818625941937e-06
1,1,0.9997064581652627
1,1,0.9996479962165538
1,1,0.9998910266119052
1,1,0.9998139093878621
0,0,7.404409661713942e-06
1,1,0.9995649474863713
1,1,0.9993964131285441
1,1,0.9995241940730473
1,1,0.9998810444896623
0,0,7.5149813666852035e-06
1,1,0.9993921052908125
1,1,0.9992539689559679
0,0,5.048334934360221e-06
0,0,3.667362541748607e-06
1,1,0.9995847089953305
1,1,0.9993250437546004
1,1,0.9996348741250357
1,1,0.9996537396757951
1,1,0.9995138130938255
1,1,0.9999430352759177
0,0,3.850995201301272e-06
1,1,0.9997643341264851
1,1,0.9993793582813627
1,1,0.9993884095134519
1,1,0.9997149309367559
1,1,0.9999294312316854
1,1,0.9998407863481313
1,1,0.9994081968732528
1,1,0.9990734589681631
1,1,0.9996223512606274
1,1,0.999708019101035
1,1,0.9998051032801779
1,1,0.9998128475454588
1,1,0.9998088035758409
0,0,4.941490290712798e-06
1,1,0.9998272712984733
0,0,1.0751765229379099e-05
1,1,0.9998879365554012
0,0,4.566067409426383e-06
1,1,0.9997272597276576
1,1,0.9997045977501751
0,0,5.794424067216081e-06
1,1,0.9997362858564148
0,0,4.465358915899981e-06
1,1,0.9997439678837824
1,1,0.999757857843153
0,0,4.309101748027702e-06
1,1,0.9996936818541348
1,1,0.9994996019355048
0,0,0.0021349002975292286
1,1,0.9999048015756692
1,1,0.9997087449715217
1,1,0.9998862125558985
1,1,0.9997744330121023
0,0,0.00045199103589840605
0,0,8.240450453737085e-06
1,1,0.9992057417672198
1,1,0.9997809108481304
1,1,0.9998097940322546
1,1,0.9999006781081402
1,1,0.9993133050604885
0,0,9.780742727808348e-06
0,0,5.236978873725311e-06
1,1,0.99978625442243
0,0,1.1604565288951984e-07
0,0,4.816905263062816e-06
0,0,0.000613274523678915
1,1,0.9997341246281599
1,1,0.9997888192021677
1,1,0.9996343746624279
1,1,0.9998466974311395
1,1,0.9995197624338733
0,0,5.329594075905818e-06
1,1,0.9998099479512997
1,1,0.9995591782037576
0,0,0.002195418673387166
1,1,0.9997010476078749
0,0,1.0683384733729277e-07
1,1,0.9994986683786152
1,1,0.9986579982038191
1,1,0.9996243480547653
0,0,5.751080147606741e-06
0,0,4.84043159208027e-06
0,0,0.0016381855450420917
1,1,0.9998165707346879
1,1,0.9995321035561411
1,1,0.9997724399441144
1,1,0.9997041543543526
1,1,0.9997379153943905
0,0,5.844371584766821e-06
1,1,0.9997571593877347
1,1,0.9996222315929416
0,0,1.1736971209023306e-07
0,0,7.636850901912464e-06
1,1,0.9992949636706406
0,0,1.0471092365529329e-07
1,1,0.9998882056856021
1,1,0.9997316138545943
0,0,3.919304045490657e-06
0,0,8.265215515854753e-08
1,1,0.9988640159053076
0,0,1.239678706397097e-07
0,0,4.804546707539584e-06
1,1,0.9999338711596027
0,0,1.2051165791209383e-07
1,1,0.9997559643021956
1,1,0.9992933762792757
0,0,0.00068107676789704
1,1,0.9997208479749923
1,1,0.999713396906908
1,1,0.9993648927042964
1,1,0.9999030337480213
0,0,1.1092334455565219e-05
1,1,0.9996786052114339
1,1,0.9998004786368695
1,1,0.9996813136313569
1,1,0.9998359219448486
1,1,0.9998998227164063
1,1,0.9997266242465134
0,0,7.789240480183587e-06
1,1,0.9993788629020257
1,1,0.9991718669761624
1,1,0.9998895029851931
1,1,0.9996496845732804
1,1,0.9992951883819309
0,0,0.0019663742879100937
0,0,5.461851918629615e-06
1,1,0.9999147364374664
1,1,0.9997578232586105
1,1,0.9997353453460325
0,0,9.510116414678755e-06
1,1,0.9994365481378045
1,1,0.9998972686707945
1,1,0.9995203770800499
0,0,6.866832150598854e-06
1,1,0.9998506439461704
1,1,0.999418422903974
1,1,0.9997499413058325
0,0,0.000588383074830547
1,1,0.9999250012158406
0,0,4.7270664482896136e-06
1,1,0.9998142650163707
0,0,0.0007130655900589016
0,0,5.30796996561561e-06
1,1,0.9998162896384069
1,1,0.9995504284075328
1,1,0.9995798592538228
1,1,0.9992371572317568
1,1,0.9996463308688485
1,1,0.9996207803074183
1,1,0.9996589953532776
0,0,1.1048230411547277e-07
0,0,0.0008646264317088241
1,1,0.9997688320332685
1,1,0.9993666944446797
1,1,0.9998692014833434
0,0,5.39614491440465e-06
0,0,1.0172169691221646e-07
1,1,0.9998753045445391
0,0,6.034344654655022e-06
1,1,0.9992369071097235
1,1,0.9995573652820491
1,1,0.9998760954316284
0,0,4.795072203166751e-06
0,0,8.996708745629978e-06
1,1,0.999517144088747
0,0,7.499574703841639e-06
1,1,0.9999437875910319
1,1,0.9996388171322228
0,0,3.826782553049287e-06
1,1,0.999680543096987
1,1,0.9997681851170858
1,1,0.9999200412735143
1,1,0.999893115796277
0,0,4.968613491245296e-06
1,1,0.9994570768162131
1,1,0.9983221377498983
1,1,0.9999286324155023
1,1,0.9997486261544607
0,0,4.7936832455261155e-06
1,1,0.9998340753227573
1,1,0.9991287441499719
1,1,0.9996296375714102
0,0,0.0004704637123315929
1,1,0.9998086544470136
1,1,0.9998566363277559
1,1,0.9997683004554576
1,1,0.9997707520538756
1,1,0.9991910168672534
0,0,5.703043544527929e-06
1,1,0.9995360584154738
1,1,0.9994805349423823
1,1,0.9997902766803404
0,0,1.0930351055090673e-07
0,0,5.7481156727472094e-06
1,1,0.9996624374763466
1,1,0.9993271549880995
1,1,0.9997018645008859
0,0,4.379799551980021e-06
1,1,0.9998854008133007
1,1,0.9996789915751608
1,1,0.9998496049838703
1,1,0.999800878200375
0,0,4.630212998791601e-06
1,1,0.9994289566472062
0,0,5.614987027929845e-06
0,0,3.288696138251888e-06
0,0,6.25893089702613e-06
1,1,0.9995931931409106
1,1,0.999225732907523
0,0,6.120214977454227e-06
0,0,1.2167194805618582e-07
1,1,0.9996818300096388
1,1,0.9995935404928578
1,1,0.999302335802351
0,0,0.0003874936554645444
0,0,9.179324057459208e-08
0,0,0.0007030022267214533
0,0,4.7236420519680665e-06
1,1,0.9998495041617854
1,1,0.9998205210967841
1,1,0.9999284639708417
1,1,0.9997451020553493
1,1,0.9990416447743732
0,0,1.1455187784353989e-07
0,0,4.330921735026266e-06
1,1,0.9998072640572767
1,1,0.9994063390794169
0,0,4.765125521805289e-06
1,1,0.9996234045385227
1,1,0.999462387770232
1,1,0.9996979710563404
1,1,0.9998113411435238
0,0,6.370743357896304e-06
1,1,0.9999011686078267
0,0,4.804347304793082e-06
0,0,4.710213312538323e-06
0,0,3.726828142981732e-06
1,1,0.9990701448439843
1,1,0.9994461706547959
1,1,0.9998185975308402
0,0,0.0007041474440064125
0,0,5.5406647458218105e-06
1,1,0.9998204213050399
1,1,0.9998003070725353
1,1,0.9992391039423688
0,0,1.0704691467671066e-05
1,1,0.999652705902357
0,0,5.609386476470101e-06
0,0,5.848933517324724e-06
1,1,0.9997986160082205
1,1,0.9997542070046471
0,0,7.432333941857243e-06
0,0,1.1518550808982869e-07
1,1,0.9996680888175168
1,1,0.9994658672976388
0,0,1.156114091562594e-07
1,1,0.9999071403223329
0,0,1.2239404851517922e-07
0,0,7.792713772559527e-06
1,1,0.99967045592959
1,1,0.9997516853201192
0,0,6.0355088165269145e-06
1,1,0.9990578665040761
1,1,0.99983297433251
1,1,0.9995683259605362
1,1,0.9994951699588016
0,0,5.889988001232989e-06
1,1,0.9998340498703294
1,1,0.9992324396272816
1,1,0.9998653194143224
0,0,4.1347800928615375e-06
1,1,0.9998709663173617
1,1,0.9998569186807515
1,1,0.9999115663825373
0,0,7.612107699489203e-06
0,0,5.59128769909401e-06
1,1,0.9997643912505666
1,1,0.9998636754081183
0,0,1.2418611339603265e-07
1,1,0.9998623413665292
1,1,0.9998757664299102
1,1,0.9996000318117528
1,1,0.999517206645532
0,0,7.627730542545016e-06
0,0,3.56236836051664e-06
1,1,0.9997448940453888
0,0,9.018790115489336e-06
1,1,0.9994624241872413
1,1,0.9998570914204604
0,0,4.674867183533065e-06
1,1,0.9997814622728833
0,0,5.632458851415047e-06
0,0,7.802898386867283e-06
0,0,3.7110766554087227e-06
0,0,1.127432089012382e-05
1,1,0.99978370200082
0,0,1.091927065793133e-07
1,1,0.9998883882678491
0,0,3.13024573479965e-06
0,0,6.0825716998860786e-06
1,1,0.9998335862396283
1,1,0.9998991775230898
0,0,5.734283875379253e-06
1,1,0.9994911654266107
1,1,0.9998747632497131
0,0,5.519913422098083e-06
1,1,0.9995467771375643
1,1,0.9998299682100696
1,1,0.9998014055293118
1,1,0.9993648021915602
0,0,6.219389232454555e-06
1,1,0.9998485833223653
0,0,6.238448155204203e-06
1,1,0.9996969946028839
1,1,0.9998751021325609
1,1,0.9996003355875897
1,1,0.9999367962324345
1,1,0.9991495883245506
0,0,3.8965657186936485e-06
1,1,0.9996440890766755
0,0,3.583702609313549e-06
1,1,0.9993610268757296
0,0,0.00155772892603681
0,0,5.524176216545343e-06
1,1,0.9995630401569441
1,1,0.9997654501635274
0,0,5.175313881218297e-06
1,1,0.9995304150804415
1,1,0.9998902138403334
0,0,4.50556393334371e-06
0,0,4.001132303342199e-06
1,1,0.9997220416831321
1,1,0.9993556284233708
1,1,0.9987911030650054
0,0,5.819014119545499e-06
1,1,0.999382912344852
0,0,9.27713271691947e-06
1,1,0.9993838464936752
1,1,0.9990032394596182
1,1,0.99858350096935
1,1,0.9996368256120213
1,1,0.9996789841676262
1,1,0.9997134876710123
1,1,0.9990746298853147
1,1,0.9994491812477952
1,1,0.9996579236212189
1,1,0.9997573074875356
0,0,2.956187225255696e-06
0,0,5.09453027640984e-06
0,0,0.0010000992596958446
0,0,0.0007364158199773697
1,1,0.9998634649251277
1,1,0.9991431785194961
1,1,0.9998820922323056
1,1,0.9994763996501083
0,0,0.001097223211378531
1,1,0.9993410713221099
1,1,0.9994146088801387
0,0,0.0006239102315841162
1,1,0.999582020370833
1,1,0.9998203414948451
0,0,9.342696111884086e-06
0,0,4.676436432788867e-06
0,0,6.679857884884394e-06
1,1,0.9996264254630743
0,0,4.186154242031764e-06
1,1,0.9996816699751052
0,0,3.822088500142294e-06
1,1,0.999359317950234
1,1,0.9999386108201131
0,0,6.574190088633883e-06
0,0,5.651029518124372e-06
1,1,0.9997329280152613
0,0,0.0008553744173801183
1,1,0.9998546910268346
0,0,4.248183495427205e-06
1,1,0.998197904790968
1,1,0.9991402486500791
0,0,3.4438192943980562e-06
1,1,0.9998424462508242
0,0,1.0280191686536366e-05
0,0,9.588960361037085e-06
0,0,3.7493199716846e-06
1,1,0.999928284841731
0,0,4.407974115192941e-06
1,1,0.999650240701418
1,1,0.9996003287643775
1,1,0.9998615133794386
1,1,0.9997864194000903
0,0,3.953761787563513e-06
1,1,0.999728394243669
0,0,4.630131341195714e-06
1,1,0.9996291195824849
0,0,1.1417939696898254e-07
1,1,0.9994994595398633
0,0,5.0105911710426415e-06
0,0,6.35934648290204e-06
1,1,0.9997913980490961
1,1,0.9994561745909021
0,0,5.245321002298793e-06
1,1,0.9996529574750319
1,1,0.9998539165921524
0,0,5.804208943879828e-06
1,1,0.9998310262678006
1,1,0.9997323033923348
1,1,0.9999002331755484
1,1,0.9998069455838693
1,1,0.9989836786917017
0,0,5.565113777431253e-06
0,0,3.850394908303023e-06
0,0,1.0326095308343231e-07
1,1,0.9996602183129774
1,1,0.9998647570392568
0,0,8.213445419163297e-06
0,0,7.380605503623251e-06
0,0,5.040956788205749e-06
1,1,0.999233222938358
1,1,0.999680395216764
0,0,3.663623565843802e-06
0,0,6.017696435695944e-06
1,1,0.9997231117912396
1,1,0.9996734998673796
0,0,6.306608047250892e-06
1,1,0.9997757673238401
0,0,0.0017454287180834356
1,1,0.9994493649730904
1,1,0.9992588211636722
1,1,0.9996195480985262
1,1,0.999782811332201
1,1,0.9996113139871873
0,0,6.617023159108014e-06
1,1,0.9995395618957245
0,0,2.8996325184717314e-06
1,1,0.9996920450178232
0,0,3.932532080605518e-06
1,1,0.9996798477027221
1,1,0.999498565232155
1,1,0.9997475607596039
0,0,0.0006633145270011818
0,0,0.0012633767134349098
1,1,0.9988161113641973
0,0,0.0009450423404249988
1,1,0.9999446579338392
1,1,0.9996105807400564
1,1,0.9993319414950376
1,1,0.9998785041915402
1,1,0.9998244959945339
1,1,0.9992758363464269
0,0,5.452522934853046e-06
0,0,4.086801758611527e-06
0,0,3.5810876852781474e-06
0,0,4.873507588419086e-06
0,0,0.002445077961428681
0,0,0.0009060656735040629
1,1,0.9995137435467796
1,1,0.9997593730435803
0,0,4.864744109100639e-06
1,1,0.999558448686588
1,1,0.9997901507614018
1,1,0.9998172710297409
0,0,5.8985177048997e-06
1,1,0.9997616903814505
0,0,1.0778996858307295e-07
1,1,0.9996378231105457
1,1,0.9996681561494498
1,1,0.9995646224760406
0,0,4.312068096706248e-06
1,1,0.9998037199682901
1,1,0.999813648921626
1,1,0.9995408112842309
1,1,0.9992885353592506
1,1,0.9996612466322975
0,0,0.0015630557177787224
0,0,6.373552263603402e-06
1,1,0.9997347035524136
1,1,0.999606590561835
1,1,0.9994634276164832
0,0,0.0011482484970941336
0,0,3.529368991076442e-06
0,0,5.200274772523272e-06
1,1,0.9998322795401658
1,1,0.9998513855179774
0,0,4.202830939332202e-06
1,1,0.9985738061301295
1,1,0.9991761823952557
0,0,5.927292699414039e-06
1,1,0.9997602201469856
0,0,1.117288739022834e-07
1,1,0.999535155203422
1,1,0.9990865973526455
0,0,3.508628330142413e-06
0,0,4.205438225303241e-06
0,0,0.0012952808032877835
1,1,0.9996035036529071
0,0,0.002061270718696363
1,1,0.9998775701815904
1,1,0.9998575962758697
1,1,0.999705895740418
1,1,0.9999218841834429
1,1,0.9992385543650996
1,1,0.9998282880794757
0,0,3.4398922823451075e-06
1,1,0.9998204374899538
1,1,0.9991492344556607
0,0,1.160059509638338e-07
1,1,0.9998888987039593
1,1,0.9998024321170088
0,0,6.642105673736636e-06
0,0,5.738817702652193e-06
1,1,0.9998497041297769
1,1,0.9996369103568292
0,0,6.165870711887785e-06
1,1,0.9999219731380526
0,0,0.0005308773506098863
1,1,0.999736367069133
1,1,0.999555044835997
0,0,1.0667806351220439e-05
1,1,0.9997489928669027
0,0,3.5375249954039527e-06
0,0,1.134650682444413e-07
1,1,0.9999032388442856
0,0,0.0012629257818671778
0,0,0.00040616791161891727
0,0,0.0013556456281749148
0,0,3.409275090032066e-06
1,1,0.9999018777360942
0,0,4.088501959792037e-06
1,1,0.9999343424307688
1,1,0.9998507777880343
1,1,0.9996976950764106
1,1,0.9992899603086752
0,0,0.000689945746759121
1,1,0.9997090417069587
0,0,5.60564114583588e-06
1,1,0.999814156438189
0,0,4.905451436831732e-06
1,1,0.9997769409803136
0,0,3.6558825450163123e-06
1,1,0.9996094691309125
1,1,0.999457183500437
0,0,4.23905124095494e-06
1,1,0.9996842110492843
1,1,0.9997194677760594
1,1,0.999809336974927
1,1,0.9997003529284487
0,0,9.261801864116458e-06
1,1,0.9998702494757293
0,0,5.677812760813083e-06
0,0,4.975306766987431e-06
0,0,1.230090918326335e-07
0,0,1.0982371988095773e-07
1,1,0.9997920738343011
1,1,0.9994137734709817
1,1,0.9995485840262024
1,1,0.9998627038187843
1,1,0.9998969829084595
0,0,0.0005226828958887498
1,1,0.9995728122640611
1,1,0.999860398770039
1,1,0.9997589833555948
0,0,6.127394038083643e-06
0,0,4.198371455239536e-06
1,1,0.9997347737913063
1,1,0.9996355956733967
0,0,5.252306314151694e-06
1,1,0.9992341700373908
0,0,0.001618249203585097
1,1,0.9993484110526769
0,0,4.706557589593269e-06
1,1,0.9995783815549204
0,0,3.629513911696618e-06
0,0,4.1885166994750156e-06
0,0,4.29526838198521e-06
1,1,0.9998548877765915
1,1,0.9998268431983238
0,0,3.9964394831145025e-06
1,1,0.999645307457101
0,0,6.1703567523942405e-06
1,1,0.9996887968885061
1,1,0.9992929031478479
0,0,3.355781729737555e-06
1,1,0.9996725125200625
0,0,3.7335042941157124e-06
0,0,6.754892955762798e-06
1,1,0.999532630353259
1,1,0.999862880548274
0,0,3.881235673602376e-06
0,0,4.578686221931798e-06
0,0,1.012609402603928e-07
0,0,1.2080424734628835e-07
1,1,0.99853186082905
0,0,0.0010904416408013455
0,0,0.0010341928362894968
0,0,6.631878379861828e-06
1,1,0.9998230271464917
0,0,0.0013544723523057638
0,0,1.1556476009501987e-07
0,0,5.562702927807806e-06
1,1,0.9996804265619977
0,0,5.76660742406485e-06
1,1,0.9998507178495653
1,1,0.9992117459225524
0,0,4.448672253777438e-06
0,0,4.161200923470126e-06
0,0,0.0012158732753777262
1,1,0.9992465224286874
0,0,6.115349692658146e-06
1,1,0.9998245710134582
1,1,0.9985871067187553
0,0,5.390765679670115e-06
1,1,0.9997601093621156
0,0,4.229267184556822e-06
0,0,0.0003422030082676994
1,1,0.999875874425899
1,1,0.9995630928974927
0,0,5.38727927833208e-06
0,0,0.0008530737120580808
1,1,0.9998203815496868
1,1,0.9991025334268225
1,1,0.9996824875754109
0,0,0.001358345481830289
1,1,0.9998386986119725
0,0,4.2986043203722865e-06
1,1,0.9997369108409909
1,1,0.9995906412757907
1,1,0.9999079358832766
0,0,4.33265575653683e-06
1,1,0.9994377682879011
0,0,0.0015498705165899425
1,1,0.9996909816138403
1,1,0.9988393511174877
0,0,3.962392718805339e-06
1,1,0.9996970211264382
0,0,5.416634380170346e-06
0,0,0.001062124270781217
0,0,4.6533001203012816e-06
1,1,0.999464745866478
1,1,0.9997218114087423
1,1,0.9997025470685029
1,1,0.9992885691135921
0,0,1.2877410384953303e-07
0,0,0.0015189964058051654
0,0,3.933850718397714e-06
1,1,0.9998634596786641
1,1,0.9995993020623969
1,1,0.9997217848080006
1,1,0.9980775065240073
0,0,6.84831762209143e-06
1,1,0.9991404020405475
1,1,0.9997578627905825
1,1,0.9998306664669516
1,1,0.9998098646325329
1,1,0.9997123624047806
0,0,1.1385551280350725e-07
0,0,5.14650503359654e-06
0,0,4.1471165841211415e-06
1,1,0.9996165909145143
1,1,0.9995458015938591
1,1,0.9997004972444781
0,0,5.648800950320578e-06
1,1,0.9998616848177599
0,0,3.727654181843408e-06
0,0,3.987652235932755e-06
1,1,0.9998270974371242
1,1,0.9997484714033946
0,0,1.1502080740089566e-07
1,1,0.9994487283007956
1,1,0.9998111367262668
0,0,4.111548123522789e-06
1,1,0.9999213913210749
1,1,0.9997470545829519
0,0,5.030371207036712e-06
1,1,0.9996464901616605
1,1,0.9998324389919278
1,1,0.9998193395367154
1,1,0.9998299276160663
1,1,0.9996638073263978
1,1,0.9998320367934423
0,0,4.969561037606356e-06
1,1,0.9997167391463702
1,1,0.9998030631574938
0,0,6.863767774793326e-06
0,0,4.991505481276465e-06
1,1,0.999716445086395
1,1,0.9998507948637136
1,1,0.9999278234470772
0,0,9.896652606096684e-06
1,1,0.9990437630198274
1,1,0.9999206573426163
1,1,0.9990356270294088
1,1,0.9998414044447618
1,1,0.9995503102557625
0,0,0.0006647443320667469
1,1,0.9998724242983611
1,1,0.9989474482246521
1,1,0.9998647943914368
1,1,0.9995089529782404
1,1,0.9994605984086098
1,1,0.9998116876559765
0,0,0.0006796133432037753
1,1,0.998344520833547
1,1,0.9996745090245905
1,1,0.9998202184875014
1,1,0.9989693997764327
0,0,1.0813153407736166e-07
0,0,3.713220360757707e-06
0,0,1.0161877269744848e-07
1,1,0.9995313143503181
1,1,0.9996134953579846
1,1,0.9998483664471707
1,1,0.9992826630861699
1,1,0.9997960256916492
1,1,0.9998996699527862
1,1,0.9995525801453
1,1,0.99960137360443
1,1,0.999643757592592
1,1,0.9994660226540103
1,1,0.999019761028843
1,1,0.9995677740773379
1,1,0.9989868846803832
1,1,0.9998239273351112
1,1,0.9998188911599695
1,1,0.9999032138943641
1,1,0.9998435857065288
0,0,5.441509734247336e-06
1,1,0.9999047686420237
1,1,0.99982865446337
1,1,0.9998080326699278
1,1,0.9997727387120268
1,1,0.9998343945319857
0,0,0.000818947995155905
1,1,0.9997759304582708
0,0,1.1767592699352066e-07
0,0,5.001266096856516e-06
1,1,0.9991917045743269
0,0,3.946015380955106e-06
1,1,0.9998284837088595
0,0,9.654809798012886e-06
1,1,0.999824111635041
1,1,0.9997490111113874
0,0,4.198256691858572e-06
1,1,0.9996907568138537
1,1,0.9995303086041782
0,0,1.15347811883013e-07
0,0,5.206107157510961e-06
1,1,0.999882036631369
1,1,0.9998385172518284
1,1,0.9981533964507447
1,1,0.9998555764925421
1,1,0.9997921473419047
1,1,0.9990862900785078
1,1,0.9991549215886779
1,1,0.9996888567418013
0,0,5.40440946088833e-06
1,1,0.9998375422908923
1,1,0.999779415239432
1,1,0.9993244232915354
1,1,0.9988044712571786
0,0,0.0008326911048153309
0,0,4.4543007910597885e-06
0,0,3.5094297935323553e-06
1,1,0.9998435342412547
0,0,4.140534295026854e-06
0,0,3.6933621594465284e-06
1,1,0.9997980131344986
1,1,0.9998158548544229
0,0,1.124116927570406e-07
1,1,0.9986969837313707
0,0,4.674032697016472e-06
1,1,0.999780262805258
1,1,0.999812247972089
1,1,0.9998765310966
1,1,0.9998455750016836
0,0,6.653304606042225e-06
1,1,0.9992495391367432
0,0,1.2352653607531457e-07
1,1,0.9995124964498125
1,1,0.9997828018213081
1,1,0.9999320701158726
0,0,3.874909759461678e-06
0,0,9.500477223525013e-08
0,0,1.1522141976125279e-07
0,0,4.726523904023844e-06
0,0,7.676600898471746e-06
1,1,0.9996925902148509
1,1,0.9999194093652232
1,1,0.9999357606456271
1,1,0.999927093444945
1,1,0.999721449168478
0,0,3.6053066226403824e-06
0,0,4.090609380063737e-06
1,1,0.9995781367745467
0,0,4.439712645862381e-06
0,0,3.624726378941184e-06
0,0,5.178381092741227e-06
0,0,6.228913544143735e-06
1,1,0.9999083298985686
1,1,0.9996850993343785
0,0,1.1361708612743371e-07
0,0,5.753905990541932e-06
0,0,0.002120212257027244
1,1,0.9996450337617113
1,1,0.9998203940161023
1,1,0.9998502744700036
0,0,4.850441838767711e-06
1,1,0.9998258732162999
1,1,0.9998966845836429
0,0,1.218728708977437e-07
0,0,4.157858298355462e-06
0,0,4.625852659745722e-06
1,1,0.9998056425566403
1,1,0.9996539341257124
1,1,0.9998431635185299
1,1,0.9995564116280536
0,0,4.177042869591691e-06
1,1,0.9998688413816768
0,0,2.9610583928304766e-06
0,0,1.1232574852206094e-07
1,1,0.9994117143188116
0,0,1.1651588350960221e-07
1,1,0.9999481228795447
0,0,1.2405094124820583e-07
1,1,0.999532727183962
0,0,3.2209132459368316e-06
1,1,0.9990824259195991
1,1,0.9995199933511131
1,1,0.9991951043774364
1,1,0.9997340336642587
1,1,0.9998512664830769
0,0,4.540933609384482e-06
1,1,0.9992725813864812
1,1,0.9994860008491028
0,0,3.4781273201233316e-06
1,1,0.9996892959949352
0,0,4.7456118434645465e-06
1,1,0.9997694375472698
1,1,0.9993128174928614
0,0,3.7936012797036926e-06
1,1,0.9989650759968366
0,0,2.741270661792572e-06
0,0,4.650711374954076e-06
1,1,0.9996315130959287
0,0,4.848563140689711e-06
1,1,0.9997792876648274
0,0,5.008675166252519e-06
1,1,0.9994839270869408
1,1,0.9996382514106348
0,0,4.4368540566772384e-06
0,0,5.693172176543148e-06
1,1,0.9998448953363018
1,1,0.9998212779687441
1,1,0.9996785633096027
1,1,0.9995352394526954
1,1,0.9999087810914445
0,0,4.8778706632327e-06
0,0,4.274723174719759e-06
0,0,6.800179521631441e-06
1,1,0.9999384214383884
1,1,0.9997577935617312
0,0,4.099440049239115e-06
1,1,0.99979572958734
1,1,0.9994833362927276
0,0,0.0017533905567247762
0,0,5.062678947116811e-06
1,1,0.9998207765524442
0,0,2.636677706466851e-06
1,1,0.9993417501756418
0,0,5.361358278528025e-06
1,1,0.999828868039638
0,0,5.212624421586488e-06
0,0,1.220381889091436e-07
1,1,0.9997800327740894
1,1,0.9996571367239836
1,1,0.9998084524209867
1,1,0.9995589774838106
1,1,0.9995637684437707
1,1,0.999471841414138
0,0,0.0013069468832908018
1,1,0.9994470725344962
0,0,5.412540883906003e-06
1,1,0.9998171412818639
0,0,4.36507445507121e-06
0,0,1.1536025233574895e-07
0,0,5.009880213960813e-06
0,0,6.065654440157711e-06
1,1,0.999764239000596
1,1,0.9998124904399557
1,1,0.9995958272556636
0,0,0.0015399491660921555
0,0,5.433433159555705e-06
0,0,1.1288007547346833e-07
1,1,0.9993665225455751
0,0,1.0992470817899495e-07
0,0,5.837559311695922e-06
0,0,4.853998036596918e-06
1,1,0.9998447706897428
0,0,5.4616388486520915e-06
0,0,3.5837193971473334e-06
1,1,0.9996064373202461
0,0,4.844717059367009e-06
0,0,0.0014502322173834392
1,1,0.9992540511953265
0,0,6.420961955783357e-06
1,1,0.9996292642397582
0,0,4.655123192579794e-06
0,0,3.827773706005441e-06
1,1,0.9997704950535939
0,0,3.94719165832933e-06
1,1,0.999851329874391
0,0,4.287356779252766e-06
1,1,0.9997727192791158
0,0,8.085514822296506e-06
1,1,0.9986860292672708
1,1,0.9996969462325983
0,0,5.5742180858348266e-06
1,1,0.9997971730350981
1,1,0.9988448020216625
0,0,4.805710797560767e-06
0,0,1.0762580455406482e-07
1,1,0.9998547014415011
0,0,3.7390498138687325e-06
0,0,0.0006542646456297934
1,1,0.9996684755771196
1,1,0.9999053250758004
0,0,1.2448011275838446e-07
1,1,0.9996525394541877
0,0,1.2310077686271515e-07
1,1,0.9998303357380427
0,0,6.569126696548715e-06
1,1,0.9983125223375453
1,1,0.9996196777602689
1,1,0.9997345434785624
0,0,4.536875761805618e-06
0,0,9.5231204739429e-06
1,1,0.9998789861266852
0,0,4.687535964692354e-06
1,1,0.9999016598038811
0,0,8.073697466090522e-06
1,1,0.9994682546055473
0,0,5.180992453337393e-06
1,1,0.9997963928941864
0,0,5.547342744540495e-06
1,1,0.9994907234716407
1,1,0.9992424865147607
1,1,0.999820271753071
1,1,0.9993392203741772
1,1,0.9995597896487176
1,1,0.9998225742234123
1,1,0.9998789181070084
0,0,2.8541189366442596e-06
0,0,5.423653215863062e-06
0,0,4.110904110033215e-06
0,0,1.3669869484840157e-07
1,1,0.9991527528975555
1,1,0.9997851421169938
1,1,0.9997612534210205
0,0,1.0890135044719008e-07
1,1,0.9999374738256754
0,0,5.951164939002782e-06
1,1,0.9998233555429437
1,1,0.9982668068833443
1,1,0.9996611219894224
0,0,4.8122358355275685e-06
1,1,0.9998052231668771
0,0,1.134422115556564e-07
0,0,7.056701753824099e-06
1,1,0.9998927767963541
1,1,0.9999142496869424
1,1,0.9996699356444911
1,1,0.9992804396679226
1,1,0.9996330723128463
0,0,1.1219823435755659e-07
1,1,0.9995949291307439
0,0,1.1751119902080581e-07
1,1,0.9993004867696773
0,0,1.0378635017180482e-07
1,1,0.9999255391591177
1,1,0.9997706041631504
0,0,4.783699076861721e-06
0,0,6.6294349898101576e-06
1,1,0.9998846750156196
1,1,0.997795933855073
1,1,0.9995246345028661
1,1,0.9996383936081615
1,1,0.9996979613339902
1,1,0.9988498604215766
1,1,0.9996794977825451
1,1,0.9997161752170776
0,0,3.6792163324030532e-06
0,0,4.084355843409999e-06
0,0,4.895298887177403e-06
1,1,0.9996279107687102
1,1,0.9998690827568318
1,1,0.9992833982807007
1,1,0.9996178148544451
1,1,0.9997270066711039
1,1,0.9996998176941689
0,0,9.484113683155244e-06
1,1,0.9995721948473915
1,1,0.9997614329559943
0,0,4.963266959547922e-06
0,0,5.438499321524575e-06
1,1,0.9996563045112129
0,0,0.0011176711462599423
1,1,0.99929973416006
1,1,0.9997378962441568
0,0,4.6450219404734744e-06
0,0,0.0006053965893883216
1,1,0.9996559566087848
1,1,0.9997462408851877
0,0,5.023128387513757e-06
1,1,0.9998336408051793
0,0,9.294201213249946e-08
1,1,0.9996850214571664
1,1,0.9998559844994831
1,1,0.9996380936398167
0,0,4.0671236736737675e-06
0,0,7.869646104019555e-06
1,1,0.9991410193586108
0,0,5.158123146967195e-06
1,1,0.9994657083856775
1,1,0.9999232611240809
1,1,0.9995650985106954
0,0,0.0015721913446253607
0,0,5.567780724641269e-06
1,1,0.9998016758562924
1,1,0.9996010878476225
0,0,1.023618794270482e-07
1,1,0.999640555204344
0,0,0.001208311835703776
1,1,0.9997333058122804
1,1,0.9999181447500788
1,1,0.9994104952887024
0,0,5.68051456165563e-06
1,1,0.9994548526406601
1,1,0.9996624628408576
0,0,6.611269791997381e-06
1,1,0.999876936604992
1,1,0.9997816313242023
0,0,3.874195601673699e-06
1,1,0.9996864511828554
1,1,0.9996416999955491
1,1,0.9997558557102746
0,0,8.324670098133866e-06
1,1,0.9998975161215038
1,1,0.9995601974485463
0,0,5.7645067254016065e-06
0,0,4.424030086312468e-06
0,0,5.2597863376667995e-06
1,1,0.9998563584061058
1,1,0.9996693837786181
1,1,0.9993747933142948
1,1,0.999533861044197
0,0,4.358385226779958e-06
1,1,0.9996332811644365
1,1,0.9991747087870098
0,0,6.3206072060977546e-06
0,0,7.435970184123924e-06
1,1,0.999689590080092
0,0,1.1267822819464548e-07
1,1,0.9998328722078549
1,1,0.9995336888418863
1,1,0.9997423875686644
1,1,0.9992450407349502
1,1,0.999226311630392
0,0,0.0011798925229152815
1,1,0.9993117591057681
1,1,0.9997672619356283
0,0,3.5455739713653216e-06
1,1,0.9997312206244131
1,1,0.9994947195413708
0,0,4.466641677861989e-06
1,1,0.9996158266816091
0,0,8.286115008114872e-06
0,0,1.319518624315295e-07
1,1,0.9996604005256036
0,0,3.949555207061395e-06
1,1,0.9998841400418789
1,1,0.9992396164289737
0,0,1.2183128796031374e-07
1,1,0.9992801627416473
1,1,0.9999273075420342
0,0,6.029320710524851e-06
0,0,5.438750915117697e-06
1,1,0.99988142836081
1,1,0.999431183539996
1,1,0.9997458946498305
1,1,0.999616914865803
1,1,0.9997381206083747
0,0,9.203028429116837e-08
1,1,0.9998640794652309
1,1,0.9998040068745417
1,1,0.9996031910692642
1,1,0.9993988039649977
1,1,0.9995693570151778
1,1,0.9997431367815414
0,0,4.3436491167386696e-06
1,1,0.9998584324096158
1,1,0.9997607522050753
0,0,1.0528840607938913e-07
1,1,0.9990717900932448
1,1,0.9999424309948851
1,1,0.9992168391573689
1,1,0.9998805568236625
0,0,0.0010056630668619532
1,1,0.9998627966466754
1,1,0.9998056073690149
1,1,0.9997550421789416
0,0,0.0010183964639229525
1,1,0.9997385046419773
1,1,0.9997444789143829
0,0,8.87201835899226e-06
0,0,4.015562946070687e-06
1,1,0.9994924864568386
0,0,1.1460259648806089e-07
1,1,0.9978253396835493
1,1,0.9999236396010676
1,1,0.9982982499334753
0,0,1.0961785372009808e-07
1,1,0.9996646032948059
1,1,0.9993969583962393
0,0,5.902589327563043e-06
0,0,6.450434199842044e-06
0,0,9.643899472206514e-06
0,0,4.30287036629252e-06
1,1,0.9997228020952668
1,1,0.9995839381658655
0,0,4.108542048438298e-06
1,1,0.99941292835352
1,1,0.9997500227356229
1,1,0.9989632385291952
0,0,3.5423239030845423e-06
0,0,1.1204688695447309e-07
1,1,0.9993628717329195
0,0,0.0010319026049470399
0,0,3.948265801727355e-06
1,1,0.9998268721964095
0,0,5.202894371161663e-06
0,0,3.8423134833477734e-06
1,1,0.9996812461958673
1,1,0.9994546439685714
0,0,5.293458346011002e-06
1,1,0.9997960760507335
1,1,0.9996140644741165
1,1,0.99981763801079
0,0,6.765146403769414e-06
1,1,0.998708492205768
0,0,5.671868971180109e-06
1,1,0.9995929035974254
1,1,0.9996848915575238
0,0,4.777846292135683e-06
1,1,0.9995347351101745
0,0,1.0441552172474747e-05
1,1,0.9992413451740435
1,1,0.9999476331022861
1,1,0.9992949598269949
0,0,1.188949557622942e-07
0,0,5.59791857070724e-06
1,1,0.9990359276280478
1,1,0.9994536482943558
1,1,0.9999141683085696
1,1,0.9998693067007873
1,1,0.9997309713670869
0,0,6.0899068087018905e-06
0,0,4.217338381592656e-06
0,0,4.846936691301096e-06
1,1,0.9997117337852867
1,1,0.9998369740917664
1,1,0.9998974533442027
1,1,0.9999129169721881
0,0,4.227731058528574e-06
1,1,0.9991958848080554
0,0,1.244206270175986e-07
0,0,4.266881345449539e-06
0,0,6.244775533612032e-06
0,0,4.47135310401404e-06
0,0,0.0006409696775327757
1,1,0.9998319113860331
0,0,6.746734364003943e-06
0,0,5.2499843218651695e-06
0,0,4.1011734468443185e-06
1,1,0.9997364492637536
1,1,0.9994996140166458
0,0,9.224183503938204e-08
1,1,0.9997381978980788
0,0,1.0596964427338045e-07
0,0,8.375118856782298e-06
1,1,0.9994000369235645
1,1,0.9997392307106734
0,0,1.0669942832026504e-07
1,1,0.9998946681121829
1,1,0.9994000618572922
1,1,0.9997382811545259
0,0,4.264807947065921e-06
1,1,0.9995850107409061
0,0,4.90693507771328e-06
1,1,0.9993318063104417
0,0,1.2355664749192877e-07
1,1,0.9998598297232323
1,1,0.9998944754747942
0,0,4.250582455631167e-06
1,1,0.9993787231571194
0,0,4.975347554915515e-06
1,1,0.999642967644071
1,1,0.9997326481428734
0,0,0.0017203045999614425
1,1,0.9997819147315958
1,1,0.9998941708420518
0,0,5.133510323470292e-06
1,1,0.999767345207738
1,1,0.9995973905115487
0,0,4.973384170117412e-06
1,1,0.9998097073258562
1,1,0.9997007116809382
1,1,0.9992210863165686
0,0,5.296157425128841e-06
0,0,5.701384726879309e-06
1,1,0.9993240591060379
1,1,0.9996235396970975
1,1,0.9982783629851881
1,1,0.9994915248605631
1,1,0.9997694858342568
0,0,1.1411101313555062e-07
1,1,0.9998713652351883
0,0,5.675908453213564e-06
1,1,0.9997850755064627
1,1,0.9998166395850516
1,1,0.9996236562849038
1,1,0.9995370137708802
1,1,0.999689667540268
1,1,0.9992901761529263
1,1,0.999621565164483
0,0,3.876185046086064e-06
0,0,0.0014163175726856043
1,1,0.9997993081100615
0,0,5.765301910389891e-06
1,1,0.9995949436394805
1,1,0.9994403893783066
1,1,0.9995886973627316
0,0,0.0006187071915600684
0,0,5.496240502710602e-06
1,1,0.9998824392412791
0,0,3.7640594418967756e-06
1,1,0.9998592533038333
0,0,4.2788512655379146e-06
0,0,0.0009566256812488177
0,0,5.3951640121221954e-06
1,1,0.9988323017340263
0,0,0.000969483037315234
1,1,0.9998996549803522
1,1,0.9999538967010846
1,1,0.9996224587436792
1,1,0.9998380986047688
0,0,0.0006688983567582609
0,0,7.932106012253554e-06
1,1,0.9999560118631915
0,0,1.0877840794344339e-07
1,1,0.9988543375061667
1,1,0.9999209499818238
0,0,4.49457632086553e-06
0,0,0.0006577282019046519
1,1,0.9998224095737678
0,0,3.7099999957356804e-06
1,1,0.9996783501534086
1,1,0.9998718766574138
1,1,0.9992669581862214
1,1,0.9995879227787386
1,1,0.9996028938304379
1,1,0.9998673889707332
0,0,5.321631035677452e-06
0,0,5.24723594121469e-06
0,0,4.160431291085376e-06
1,1,0.9994044741091378
1,1,0.9998356708853683
1,1,0.9998559795342876
1,1,0.9992753930786247
1,1,0.9998272845346946
1,1,0.998986870692519
0,0,1.1196316294493483e-05
1,1,0.9998703991619706
0,0,4.682666381764582e-06
1,1,0.9999031381517416
1,1,0.9999028719784113
1,1,0.9998988791205388
1,1,0.9998262750050807
0,0,5.4157773935688685e-06
1,1,0.9995340371446969
1,1,0.999630101972921
1,1,0.9999099420525843
1,1,0.9997504399934926
1,1,0.9997103038912101
0,0,0.0007543023238092423
1,1,0.9994803412571788
1,1,0.999791866767567
1,1,0.9997018489767836
0,0,5.175288531258246e-06
1,1,0.9998144422083183
1,1,0.9994927976945067
0,0,6.806862489498257e-06
1,1,0.9998709830874853
1,1,0.9995756751317583
0,0,6.711994310004396e-06
1,1,0.999630212897229
0,0,1.0843779760565775e-07
0,0,4.751697084073024e-06
1,1,0.9996302943629686
0,0,3.8919474540214566e-06
0,0,5.944439339870961e-06
1,1,0.9997458832311475
1,1,0.9997250439486902
0,0,1.2526457456382094e-07
1,1,0.9999065719530783
1,1,0.9998719320829683
1,1,0.9994721242271218
1,1,0.9994640487811913
1,1,0.9998221177038922
1,1,0.9995603895554576
0,0,3.866302655383366e-06
1,1,0.9992370004587802
0,0,1.1931856197638852e-07
1,1,0.9998514239942982
1,1,0.9998204690273153
1,1,0.9996233357236599
0,0,1.1174010236308317e-07
0,0,5.5995456441402605e-06
1,1,0.9991175256217764
1,1,0.9997021353553708
1,1,0.9996563096098084
1,1,0.9996705230618119
1,1,0.9996166547438187
1,1,0.9990086498315133
1,1,0.999722680818713
1,1,0.9996980242656185
0,0,0.0017325159369874603
0,0,4.347344691508373e-06
1,1,0.9999129465590572
0,0,0.0005816457137249382
0,0,4.1585964107499255e-06
0,0,4.276333786219314e-06
1,1,0.9998512437242049
0,0,0.0008715039788081507
1,1,0.9997563867468898
1,1,0.9997941756914835
1,1,0.9981987081269559
1,1,0.9997107991050506
1,1,0.9998275654598264
1,1,0.9998037010976559
1,1,0.9997613190737656
0,0,0.0008653827880014786
0,0,1.0505123246240902e-07
1,1,0.9997829409307513
1,1,0.9998158764273394
1,1,0.9996675662548942
1,1,0.9994222503106919
0,0,1.0420128796580286e-07
1,1,0.9999154056112278
1,1,0.9992648617714015
0,0,3.398470573064211e-06
1,1,0.999374869274663
0,0,4.597553878872299e-06
1,1,0.9998532927565469
1,1,0.999236922626921
1,1,0.9996267261930396
0,0,3.856371965940694e-06
1,1,0.9991120317654187
0,0,1.0866862271631296e-07
1,1,0.9993029481315001
1,1,0.9993546600108721
1,1,0.9991121534303935
1,1,0.9995493392282531
1,1,0.9986208931760729
0,0,7.147209174044051e-06
1,1,0.9993391576235727
0,0,5.351642051381316e-06
0,0,0.0008149360872460336
0,0,3.9222858672105014e-06
1,1,0.9997908385376146
0,0,5.8717140643116855e-06
1,1,0.9997676702199279
1,1,0.999630950189449
0,0,3.7894467705621352e-06
0,0,1.1165927424411658e-07
0,0,0.00126909987614692
1,1,0.9998183879264213
0,0,2.989449756896907e-06
1,1,0.9994115438191037
1,1,0.999843477028697
1,1,0.9992734038472354
1,1,0.9990795308212925
1,1,0.9992509280256104
0,0,5.491633823441426e-06
0,0,9.83837804765456e-06
0,0,2.6624680100318227e-06
0,0,4.257185319593762e-06
1,1,0.9999260487756907
1,1,0.9998799644232628
1,1,0.9993561064937531
1,1,0.9996368950112938
1,1,0.999664735263533
0,0,1.1003689627195584e-07
1,1,0.9996937737972608
1,1,0.9998168137119092
1,1,0.9998884835324072
1,1,0.999883497178092
1,1,0.9994025231943316
1,1,0.9999257738441647
1,1,0.9992923453699013
1,1,0.9999366665386119
1,1,0.9999273609096659
1,1,0.9999051145356608
1,1,0.9995428228377097
0,0,5.373837556500244e-06
1,1,0.9999376970734782
0,0,4.0128173886612455e-06
1,1,0.9996288228466724
1,1,0.9995899597187505
1,1,0.9991791151967346
0,0,5.652732538591462e-06
0,0,0.0012315482232621248
0,0,4.012529246274038e-06
1,1,0.9995350106908176
0,0,1.1078883884227888e-07
1,1,0.9996573744653436
1,1,0.9995057126150533
1,1,0.999397720509395
1,1,0.9998128912487845
1,1,0.9999071006762522
0,0,1.0927338952624905e-07
0,0,4.0264460719688634e-06
1,1,0.999893285107134
1,1,0.9997756105948329
1,1,0.9993597768022829
1,1,0.9996130451307279
0,0,4.344426967307677e-06
0,0,5.850616522528196e-06
0,0,4.900946065391049e-06
0,0,1.2208561500461705e-07
0,0,0.0008767965930418051
1,1,0.9993904113676011
1,1,0.9998474249561177
1,1,0.9995967532456013
1,1,0.999810495553957
1,1,0.9995707843868721
1,1,0.9990479739358572
1,1,0.9994890960880317
0,0,0.000626742203856222
1,1,0.9997175696954254
0,0,4.94403064855237e-06
1,1,0.9998084181305296
1,1,0.9992609270793522
1,1,0.9996685682845994
1,1,0.9998395913204471
0,0,6.092905983449312e-06
0,0,1.3463332728834447e-07
1,1,0.999787932292745
1,1,0.999844831924074
0,0,8.960441571947727e-06
1,1,0.999729505201264
1,1,0.999854198888322
1,1,0.9993049257663538
1,1,0.9998961055421728
1,1,0.9998219089387431
1,1,0.9998132297438189
1,1,0.9996987851776259
1,1,0.9998418377187198
1,1,0.9997194620067985
1,1,0.999803086483479
0,0,0.0009886382664211493
1,1,0.9999165468041783
1,1,0.9996711734378895
1,1,0.9996559240704842
1,1,0.9995108628420541
1,1,0.9996480875601738
1,1,0.9996951580610197
1,1,0.9995706691715047
1,1,0.9998242784067287
1,1,0.9992445603046898
1,1,0.999775068076366
1,1,0.9992381770179427
1,1,0.999745496075896
1,1,0.9998431126319631
0,0,6.569413438418098e-06
0,0,4.2699134016410856e-06
0,0,4.954112567346886e-06
1,1,0.9998495052583184
1,1,0.9994624221015652
1,1,0.9998798298880567
1,1,0.9999178203471024
0,0,0.0016836598434246046
1,1,0.9998377027624094
1,1,0.999144876407098
1,1,0.9995974370690001
1,1,0.9997950871177071
0,0,4.5179032819326094e-06
0,0,3.216981911595842e-06
1,1,0.9997087919164556
1,1,0.9997758987181228
1,1,0.9992867633807315
1,1,0.9997738412094395
1,1,0.9999430606463854
0,0,0.0005737693443671292
1,1,0.9995049862748426
0,0,4.172021919810393e-06
0,0,0.000999464137724039
1,1,0.9992501542057198
0,0,1.33671990923242e-07
1,1,0.9999143621876989
1,1,0.9998434686493073
1,1,0.9993019773011721
0,0,8.647381909899725e-06
1,1,0.9995841694393414
1,1,0.9998677968196287
1,1,0.9999497250000886
0,0,4.153557331005071e-06
0,0,0.0007162947854785006
1,1,0.9999225053383327
0,0,3.750615910607048e-06
1,1,0.9997914595243617
1,1,0.9997728946171025
0,0,0.0013858368854935293
1,1,0.9994239246974487
0,0,4.02803608975585e-06
1,1,0.9992564184636563
1,1,0.999810241192648
0,0,1.2144101233111637e-07
1,1,0.9986280590683003
0,0,3.8881168507763455e-06
1,1,0.9996039295498172
1,1,0.9997250283729743
0,0,5.476406765402194e-06
1,1,0.9998061619778674
1,1,0.9992147602393665
0,0,0.0012474838522289133
0,0,1.0917194034014513e-07
1,1,0.9996965255609517
0,0,5.170559003595454e-06
1,1,0.999501213261202
0,0,0.0006254210911795013
1,1,0.9994938031991552
0,0,6.459063319722858e-06
1,1,0.9992115304141167
0,0,1.0254465706267736e-07
1,1,0.9998252767553854
0,0,0.0010588147688100939
1,1,0.9998136052006454
1,1,0.9997534566716292
1,1,0.9998683976359867
1,1,0.9995021272270919
1,1,0.9998464900629562
0,0,4.616974425520688e-06
0,0,0.0009198434924728796
1,1,0.9998114097659657
0,0,5.0759185888513436e-06
1,1,0.9998875002812424
1,1,0.9997592263867352
1,1,0.9997145869115578
0,0,9.515913651276346e-06
1,1,0.9997803776757422
0,0,4.755240384415827e-06
1,1,0.9997956262619455
0,0,0.0011973650512024253
1,1,0.9998954253614817
0,0,4.2741285646240364e-06
0,0,5.2747850221355735e-06
1,1,0.9997613110114871
1,1,0.9998272667991315
1,1,0.9985656627863967
1,1,0.9996948052156087
1,1,0.9996262466578646
0,0,4.132160580868572e-06
1,1,0.9998997951916495
1,1,0.9999312787250084
0,0,5.2603421054760164e-06
0,0,0.0008765355324286232
1,1,0.9997650139816561
0,0,8.05878763699788e-06
1,1,0.9995700631253616
0,0,1.1538791512561924e-07
0,0,0.0005030886269642617
0,0,0.0009220002455643712
1,1,0.9994654056377323
1,1,0.9995686687528377
0,0,4.098017988152509e-06
0,0,0.000676951375246136
1,1,0.999075157456052
1,1,0.9998340922741528
0,0,3.811697737276645e-06
1,1,0.9989427331063643
1,1,0.9994359551314854
1,1,0.9994450107206405
1,1,0.9986566935449814
0,0,6.392941324142612e-06
0,0,4.515631545438506e-06
0,0,9.071017339601926e-06
1,1,0.9993413383386593
0,0,1.0307768004384919e-05
0,0,1.1093374931204628e-07
0,0,3.34718564300698e-06
1,1,0.9997190460483291
1,1,0.9998099939397294
1,1,0.9993237555853027
1,1,0.998879369692148
1,1,0.9996994681598083
1,1,0.9998396412011803
1,1,0.9997988953653423
0,0,4.199055015861652e-06
1,1,0.9992263975285091
0,0,4.616751001338385e-06
1,1,0.9992726524241291
1,1,0.9996505616576283
1,1,0.9996637395728025
0,0,4.364117874350111e-06
0,0,5.766400868955726e-06
0,0,5.155470038343256e-06
1,1,0.9997513311696392
1,1,0.9998918038744774
1,1,0.9986712998810348
1,1,0.9998462218232953
0,0,1.1458553141834281e-07
0,0,4.460690258753677e-06
1,1,0.9995598774231135
1,1,0.999545717223213
1,1,0.9997797637740763
0,0,5.8505738492421115e-06
1,1,0.9997138960214077
0,0,5.42380333843619e-06
1,1,0.9996284681094477
1,1,0.9998266989643165
1,1,0.9995334529824983
0,0,0.0008459994244754501
1,1,0.9996334360324813
0,0,0.000506662619057161
0,0,0.0010835323231312586
1,1,0.9995743921239177
1,1,0.9996234464138353
0,0,4.366653356827657e-06
1,1,0.9989666980741055
1,1,0.9994847107587844
1,1,0.9992865976085508
0,0,4.241610332929808e-06
1,1,0.9997199327703582
1,1,0.999717211582052
0,0,0.0009975084542136836
0,0,0.0008112875766348308
0,0,3.946784317253118e-06
1,1,0.9996337760248556
0,0,5.299826872579547e-06
1,1,0.9991434908015603
1,1,0.9997415048766874
1,1,0.9995152862496561
0,0,3.4695182545684094e-06
0,0,5.6939958374832815e-06
1,1,0.9995791822310031
0,0,0.0009763677705163704
0,0,0.0015317651695801507
0,0,3.4152832610471174e-06
1,1,0.9999426035059882
1,1,0.9998553315366231
1,1,0.9996706822792877
1,1,0.9997665750743651
0,0,9.031046136914619e-06
1,1,0.9994865090991569
1,1,0.9998781404267235
1,1,0.9997980743873245
1,1,0.9991517868397535
0,0,5.133776414503452e-06
0,0,8.003091351965925e-08
1,1,0.9998329037833469
1,1,0.9998274539396836
1,1,0.9996269971905604
1,1,0.9997595086404573
1,1,0.9997874644006565
1,1,0.999116232276489
0,0,1.0742602278304155e-07
1,1,0.9997407429361406
0,0,0.0013020843774180508
1,1,0.999818315293315
1,1,0.9997542807839535
0,0,3.402444749894099e-06
0,0,0.0009549841626974382
1,1,0.9999041650243032
1,1,0.9997973058659441
0,0,4.643988438019831e-06
0,0,4.6224259857120215e-06
0,0,6.094798632409664e-06
1,1,0.999841651580747
0,0,7.034697817600142e-06
1,1,0.9995019944092526
1,1,0.9997283720545276
0,0,1.21875656179831e-07
1,1,0.9997965380699795
1,1,0.9992718973913026
1,1,0.9995729324337389
1,1,0.999362336843477
0,0,1.000147761480202e-07
0,0,3.590771223268922e-06
1,1,0.9997552971151711
1,1,0.9987629764624892
1,1,0.9998629117213546
1,1,0.9990772099063583
0,0,9.072577817967873e-08
1,1,0.9996281798516552
1,1,0.9996963093422805
1,1,0.9997946931019761
0,0,0.001090916606825362
1,1,0.9999036691574423
1,1,0.9998395009227038
1,1,0.9998443412069934
0,0,3.7357855680204068e-06
1,1,0.9996274555175144
1,1,0.9996523108812367
0,0,0.0006803698114339104
1,1,0.9995018035454399
0,0,5.377651055777558e-06
1,1,0.9998322354295742
1,1,0.9997774220793058
0,0,3.864356047529857e-06
1,1,0.9995726942849029
1,1,0.9998489762208987
0,0,5.814149640158767e-06
1,1,0.9997701315575205
1,1,0.9997121125462608
1,1,0.9992495136439932
0,0,5.670108786204682e-06
1,1,0.9995956178267041
0,0,1.321887162715261e-07
0,0,0.0009488177196941566
0,0,1.0773409835613809e-05
0,0,4.524493637627127e-06
1,1,0.9990117583017175
1,1,0.9996208181339538
0,0,1.2183062800558073e-07
0,0,4.27395316636723e-06
0,0,7.868590369545046e-06
0,0,4.470878158026632e-06
1,1,0.9995924689079622
0,0,3.907998419906664e-06
1,1,0.9999072276884237
1,1,0.9997160463500397
1,1,0.9999336748686863
0,0,9.502240167895435e-06
1,1,0.9990789361626142
1,1,0.9994289837011617
1,1,0.9990378372279537
0,0,0.000668616231785681
1,1,0.999405573624678
1,1,0.9978162608604856
1,1,0.9999396558092478
0,0,4.946118291191322e-06
1,1,0.9995804488723529
1,1,0.9994393418863277
1,1,0.999677237885063
1,1,0.9994200129593429
1,1,0.9996922946195292
1,1,0.9998696897834883
1,1,0.9990762189981354
1,1,0.9998779999057866
0,0,1.037409635182429e-07
0,0,6.574129404076273e-06
0,0,4.675513743914248e-06
1,1,0.9997341110739011
0,0,5.271812417242164e-06
1,1,0.9995022577509326
1,1,0.9997924148921342
0,0,0.0004415979975368225
1,1,0.9997337228952647
1,1,0.9996895830397677
0,0,6.33256537911229e-06
0,0,8.235492742549501e-06
1,1,0.9983993575232165
1,1,0.9994625995083001
0,0,1.1006422159907634e-07
0,0,1.0791031546433896e-07
0,0,0.000835587593915919
0,0,1.1920086105238254e-07
0,0,4.55462762427765e-06
1,1,0.9998951058366423
0,0,4.28884841019035e-06
1,1,0.9999009514943572
1,1,0.9997066551633262
1,1,0.9992820113509037
0,0,5.470324113937867e-06
0,0,5.271180290706877e-06
1,1,0.9996713499408293
0,0,1.1598595469601635e-07
0,0,4.448620540615038e-06
1,1,0.9997503828363267
1,1,0.9993649744508655
1,1,0.9994163628728374
0,0,4.76043598344927e-06
0,0,5.123237500708745e-06
1,1,0.9999153983432527
1,1,0.9997636723925362
1,1,0.9995563137526904
1,1,0.9995666066830697
1,1,0.9996365860805072
0,0,0.001058751788917379
1,1,0.9996621567802318
1,1,0.9994686744502187
1,1,0.9998589269938216
1,1,0.999131402987594
1,1,0.9999154077727124
1,1,0.999803886246115
1,1,0.9998141235356928
1,1,0.9994177057972954
0,0,1.1016175162339587e-07
1,1,0.9992366133723729
0,0,9.414524955168778e-06
1,1,0.9998508109478389
1,1,0.9987450966468223
0,0,4.609548051080413e-06
0,0,6.084047401249095e-06
1,1,0.9997963053273793
1,1,0.9997914373861124
1,1,0.9991884844088211
0,0,4.924817971391718e-06
1,1,0.9990056735854866
1,1,0.9997088754154376
1,1,0.9995146052051784
0,0,8.02124127170829e-06
1,1,0.9999593740855299
0,0,8.832640279541754e-06
0,0,6.895585235762802e-06
0,0,0.0009476010307182634
1,1,0.9993021825548618
0,0,4.165904615065149e-06
0,0,4.0284322869642605e-06
1,1,0.999478536514004
0,0,8.384984286406418e-06
1,1,0.9997595181863085
1,1,0.9993753242588214
0,0,4.801853849420445e-06
0,0,5.730413715386518e-06
1,1,0.9997114227357635
1,1,0.9998590230642961
1,1,0.9998485962950429
0,0,0.00052904434927943
1,1,0.9998094708550507
0,0,8.085263786165176e-06
1,1,0.9990683375187578
0,0,6.339536450770601e-06
1,1,0.99947085588654
1,1,0.9992925704607287
0,0,5.86785161619295e-06
0,0,5.480506027007945e-06
0,0,5.376629882806941e-06
1,1,0.999861438858919
1,1,0.999808448004707
1,1,0.9998849394576956
1,1,0.999893233046464
1,1,0.9998813778544872
0,0,6.329291018223138e-06
1,1,0.999222671226296
1,1,0.9996589642812151
1,1,0.9997851519588757
0,0,1.236609551046051e-07
0,0,0.000779753533297447
0,0,5.786854103324053e-06
1,1,0.9997110709622947
0,0,3.991910146279235e-06
0,0,6.756032360871853e-06
0,0,4.815995066216136e-06
1,1,0.9998994044464541
0,0,7.658607735687858e-06
1,1,0.999766240220924
1,1,0.9998385940696204
1,1,0.9994007644333672
1,1,0.9998519327460454
1,1,0.9986833459972339
1,1,0.9994636400152686
1,1,0.9998878030709171
1,1,0.9999077570242714
1,1,0.9995765560970902
1,1,0.9997332794053583
1,1,0.9997998100221348
1,1,0.9998407899432203
1,1,0.9997214520262807
1,1,0.9997680736644221
1,1,0.9996638467890911
0,0,4.567115476282578e-06
0,0,1.1004129345710238e-07
1,1,0.9998304542869617
1,1,0.9997677207266759
0,0,9.088851036442334e-08
0,0,6.41322512713091e-06
0,0,0.001179023609375162
0,0,6.057149621090533e-06
1,1,0.999575868203061
1,1,0.9992045080515097
0,0,0.0012463063952912658
0,0,5.865579437152626e-06
0,0,1.0964498666295542e-07
1,1,0.9995756081631643
1,1,0.9997458420924653
0,0,1.134420351401547e-07
1,1,0.9998490995349631
1,1,0.9995053045048765
0,0,5.295962316544077e-06
1,1,0.9990121070206033
1,1,0.999717010076587
0,0,7.158025373114532e-06
0,0,4.159676658903225e-06
1,1,0.9994999808968442
1,1,0.9991639609159437
0,0,3.597032660584016e-06
1,1,0.9997808674302048
1,1,0.9993243573794187
0,0,0.00040116809376740793
0,0,5.9074809740857456e-06
0,0,0.0015531275689493976
1,1,0.9995624287134105
1,1,0.9990459886532274
0,0,4.72762973201151e-06
1,1,0.9998741036642486
1,1,0.999391003199176
1,1,0.9997990502360916
0,0,4.429632265579119e-06
1,1,0.9995860046515237
1,1,0.9999474074798775
0,0,0.0026531777476200102
0,0,6.563825283493223e-06
1,1,0.9991344271186531
1,1,0.9997775107541422
0,0,5.738563420241871e-06
1,1,0.9992235401161303
1,1,0.9997948636955599
1,1,0.9999205977808128
0,0,5.218698568576208e-06
0,0,4.8224816869055695e-06
1,1,0.9998450276346176
1,1,0.9993100141821378
1,1,0.9998687652200466
1,1,0.9980923356584606
1,1,0.9994971954965558
1,1,0.9997518760393883
1,1,0.9999523427971143
1,1,0.9995624812871476
1,1,0.9995515871269194
0,0,5.985286397128002e-06
0,0,3.852742655150154e-06
0,0,1.0745152730825356e-07
0,0,1.3091607153815351e-07
1,1,0.9988383722756607
1,1,0.9996798195752187
0,0,9.20895053536715e-08
0,0,6.662489884832943e-06
1,1,0.9997520101588953
1,1,0.9998175845723912
0,0,0.001349764008128154
1,1,0.9998634278913109
1,1,0.9998693907988165
1,1,0.9994182690449668
1,1,0.9997496082044388
1,1,0.9998503199446184
1,1,0.9997223169970739
1,1,0.9998368350639526
1,1,0.9997643398153763
0,0,4.140634369190987e-06
1,1,0.9989594512399291
0,0,4.13750755272494e-06
0,0,1.1197612208475546e-07
0,0,8.976932644404708e-08
0,0,4.766995436378527e-06
0,0,4.9610516169219366e-06
1,1,0.9999169648169691
0,0,1.0279920021359551e-07
1,1,0.9982674337059049
1,1,0.9994398147620109
1,1,0.9998758618522324
0,0,0.001521290200306234
1,1,0.999357352022129
0,0,7.740983912251924e-06
1,1,0.9994501040813532
1,1,0.9997325936779152
1,1,0.9997433847566519
0,0,6.146646771546628e-06
1,1,0.9994330937243812
1,1,0.9999229289009479
1,1,0.9997873364481001
1,1,0.9997889637640756
0,0,0.0011131419609178707
1,1,0.999916633831673
0,0,4.4903450912602596e-06
1,1,0.9997226093916896
1,1,0.999788176086991
1,1,0.9998218672050531
0,0,1.2287862995270272e-07
1,1,0.9997583923228787
1,1,0.9997217669148062
0,0,5.742199371507864e-06
1,1,0.9995987503479492
0,0,0.0005929032015422931
1,1,0.9997742537857552
1,1,0.9987682480268919
0,0,5.830452658892007e-06
0,0,4.3624401163854375e-06
1,1,0.9995427279811053
1,1,0.9995673404103871
0,0,1.2276743344301828e-07
0,0,6.2422371476463856e-06
1,1,0.9990551715806234
1,1,0.998598771262714
0,0,1.1528425732185808e-07
0,0,8.993705734921012e-06
0,0,5.688705063750777e-06
1,1,0.9998061477730801
1,1,0.9998725943818204
1,1,0.9998617610545752
1,1,0.999766688051665
0,0,6.533524293009926e-06
1,1,0.9997708596154685
1,1,0.9997611873843912
0,0,5.199831364252561e-06
1,1,0.9995927073579645
1,1,0.9993137591284181
0,0,5.151648876423138e-06
0,0,4.103699674226034e-06
0,0,3.5409007920361537e-06
1,1,0.9997853140692374
1,1,0.9994032352157404
1,1,0.9998285438571598
1,1,0.9997392815347415
1,1,0.999811574444247
0,0,0.0005139041757753307
1,1,0.9989361887630868
1,1,0.999714971217497
0,0,0.0007615447957147444
1,1,0.9995381504486119
1,1,0.9991849274700969
0,0,5.6801543086533395e-06
0,0,0.0007271418978017502
1,1,0.9998104599853882
1,1,0.9993382696235233
1,1,0.999524146768674
1,1,0.9996454842989575
1,1,0.9990262570393594
0,0,4.000646330896605e-06
0,0,0.0014282923962820509
0,0,2.7788025098427826e-06
0,0,4.850269866014428e-06
1,1,0.9998157707237934
0,0,4.327620092517933e-06
1,1,0.9995736061970308
0,0,0.0006305155282361252
0,0,0.0010316340063634003
1,1,0.9997252499374304
1,1,0.9997955290530959
1,1,0.9994337434013704
0,0,4.29083243325404e-06
1,1,0.9995423209696619
1,1,0.999530953337214
0,0,8.147646094966993e-06
0,0,1.1427016197273195e-07
1,1,0.9990366985728198
1,1,0.9988551876899124
1,1,0.9989256146773042
1,1,0.9996361721766092
1,1,0.9996019087119657
0,0,1.0417113748046067e-07
1,1,0.9995081405298007
1,1,0.9988674914703961
0,0,4.182070515040406e-06
1,1,0.9998392734251875
1,1,0.9997917138454441
1,1,0.999790225127428
1,1,0.9998875870920427
0,0,5.697451407339264e-06
1,1,0.9996028757856009
1,1,0.9996666406549275
0,0,0.0008100143410901455
1,1,0.9998627440557788
1,1,0.9995781416986917
0,0,5.7147460962213916e-06
0,0,3.7758384304792616e-06
1,1,0.9996425889372554
1,1,0.9999105793323125
1,1,0.9999241957755031
0,0,4.507635402955283e-06
0,0,5.35771244830669e-06
1,1,0.9997904626288663
1,1,0.9998882420500896
0,0,4.8227078284576735e-06
1,1,0.999694778376762
1,1,0.9999453608863497
0,0,7.083466181065271e-06
0,0,4.04830186256239e-06
1,1,0.9996827943622902
1,1,0.9995997639783755
0,0,4.108084346089069e-06
1,1,0.9997867809421432
1,1,0.9999030019325061
0,0,0.0007237480221882364
1,1,0.9994764456113349
1,1,0.9996079130110451
1,1,0.9998672166403241
1,1,0.9999038957194178
0,0,4.4428726665629525e-06
0,0,6.081573299795167e-06
0,0,3.1310339234858552e-06
0,0,1.2074820633385282e-07
1,1,0.9998940231999317
1,1,0.9998777627040004
0,0,1.034828948767086e-07
0,0,4.018170932266461e-06
1,1,0.9998662490865107
0,0,1.0128417292334887e-07
1,1,0.9997794526305285
1,1,0.9989717015330514
0,0,6.76321873339564e-06
1,1,0.999377090070215
1,1,0.999243057777765
1,1,0.9999122597668967
1,1,0.9997575456614107
1,1,0.9998983937701835
0,0,5.180771241690477e-06
1,1,0.9997911451599304
0,0,6.935268668962577e-06
0,0,1.2367544258733631e-07
1,1,0.9999573382539629
1,1,0.9998500070574233
0,0,5.025890122455622e-06
0,0,1.0705201899404483e-07
1,1,0.9998167771531029
1,1,0.9998475425677843
1,1,0.9995516510842583
1,1,0.9999020628713198
1,1,0.9997623699067465
0,0,0.0012642013141017337
1,1,0.999586764969268
1,1,0.9995837670078173
0,0,1.0921063391411436e-07
0,0,3.5106508357346717e-06
1,1,0.9997262987435527
1,1,0.9998234027745208
1,1,0.9999280433845655
1,1,0.9993762995125668
0,0,5.75979732537359e-06
0,0,5.608627823986456e-06
1,1,0.9998863651056511
1,1,0.9997531818475376
0,0,8.752504471142547e-06
0,0,4.804930476298861e-06
0,0,5.6893865180783706e-06
0,0,1.237118647787579e-07
0,0,4.348113565408207e-06
0,0,6.0467923244752905e-06
1,1,0.9989880712339663
1,1,0.9998533611345317
1,1,0.9990210667318228
0,0,0.0008473184030172087
0,0,1.0240352858478665e-07
1,1,0.9998189484066606
1,1,0.9998588848498052
1,1,0.9997437462825134
1,1,0.9999114368788291
0,0,0.0007710922048986985
0,0,4.135942662093402e-06
1,1,0.9999500136401352
0,0,4.6756223082276365e-06
1,1,0.9995137765290666
1,1,0.9991282298949671
0,0,0.001679100330283559
1,1,0.9994625385981484
1,1,0.999645705809305
1,1,0.9995169321438973
1,1,0.999612471969908
1,1,0.9999051851100115
1,1,0.999927755363527
1,1,0.9995275273000384
1,1,0.9997987248297656
1,1,0.9995561100146944
0,0,4.079884697894459e-06
0,0,0.0011348198127974435
1,1,0.9999282982641252
1,1,0.9999147145455519
0,0,3.6118233210791604e-06
0,0,1.1538975634333355e-07
1,1,0.9993207846990592
0,0,3.790956235357227e-06
0,0,4.161627114857825e-06
1,1,0.9995754723501292
1,1,0.9994420940608955
0,0,0.0014876386096678222
1,1,0.9999029416636865
1,1,0.9997605810060312
1,1,0.9999488365318534
0,0,4.442219930177681e-06
1,1,0.9999101840349817
0,0,1.075804541865442e-07
1,1,0.9993760908052667
1,1,0.9998164812668847
0,0,5.716036399496268e-06
1,1,0.9999135244127866
0,0,8.313008985725531e-06
0,0,9.546990276399764e-08
1,1,0.9998605340304378
1,1,0.999037275768143
1,1,0.9997190774678916
1,1,0.9997484302621149
0,0,3.958290738601084e-06
0,0,9.378510666641515e-06
0,0,1.0424954214957825e-07
1,1,0.9999449298297555
0,0,8.463015882943481e-06
1,1,0.9999018497527584
1,1,0.9995727033625665
0,0,5.7483713138057565e-06
0,0,4.740097954836944e-06
1,1,0.9998335531743074
0,0,3.786568091914536e-06
0,0,8.566727412415154e-06
1,1,0.9996127286760809
1,1,0.9998429646859494
1,1,0.9997551605354301
1,1,0.9997262297429779
1,1,0.9991866578349022
1,1,0.9993507971380012
0,0,6.7564893396778e-06
1,1,0.9997143369876804
1,1,0.9993365736671465
1,1,0.9997101479960503
0,0,1.210977066175012e-07
1,1,0.9998326651639377
1,1,0.9990196606973563
0,0,0.0006734114800470789
0,0,0.0006472674306219802
0,0,6.1064986144510156e-06
1,1,0.9996833549087558
0,0,4.968977955923395e-06
1,1,0.999095220205435
1,1,0.9999014112466535
0,0,8.239778747548003e-08
1,1,0.9987978279542196
0,0,0.0007435222460386555
1,1,0.9992027505077192
1,1,0.9999134575212849
0,0,6.881853288683502e-06
1,1,0.9998629150827312
0,0,2.870526590640347e-06
0,0,0.0010353609718692777
1,1,0.9993850343699554
1,1,0.9977042286561396
1,1,0.9998037160336
0,0,3.928168926704452e-06
0,0,4.929016805479603e-06
1,1,0.9985087336554523
0,0,3.5494902500774362e-06
1,1,0.9996219350569011
1,1,0.9996138227913993
0,0,5.2608161335299306e-06
0,0,3.981023823151696e-06
0,0,1.0930711990004389e-07
0,0,4.2519167109732796e-06
0,0,1.1108874722200602e-07
1,1,0.9997153564274252
0,0,4.931878440741326e-06
1,1,0.9983647412436678
0,0,4.2730852722443645e-06
1,1,0.9997843236979671
1,1,0.999314181879383
0,0,5.990728236560658e-06
1,1,0.9999048315293132
0,0,1.0330836894356504e-07
0,0,9.317030057594708e-06
1,1,0.9999100916233603
1,1,0.9998711763354212
0,0,6.002851150451207e-06
1,1,0.9996659372469612
1,1,0.9996092705133446
1,1,0.999265692497249
0,0,4.53325238085609e-06
1,1,0.9991009166038148
0,0,5.423071734213665e-06
1,1,0.9998067494463787
1,1,0.9998041361292105
1,1,0.9988188611184547
0,0,9.968769213058091e-08
0,0,4.213152588881646e-06
1,1,0.9996542945618797
1,1,0.9994564358243879
1,1,0.9993940957299683
1,1,0.9998017988330236
0,0,5.085110156927738e-06
1,1,0.9996558622646866
0,0,1.1204336229594152e-07
0,0,3.519841826883579e-06
0,0,5.859816495420233e-06
1,1,0.9997284724740424
1,1,0.9997950749580298
1,1,0.999541386787109
0,0,4.615229385409866e-06
1,1,0.9988137207146708
1,1,0.9994954006549005
1,1,0.9994224281104938
1,1,0.9994170643544605
1,1,0.9997897475166775
0,0,3.2650398976573796e-06
1,1,0.9994682383709036
1,1,0.9991129773414508
0,0,3.3424955964405083e-06
1,1,0.9996512239757319
1,1,0.9996661068036509
0,0,0.0010786161416561039
1,1,0.9998674595631929
1,1,0.9996417179222243
1,1,0.9996747005977107
0,0,0.00042788885877406696
0,0,5.263383602252815e-06
1,1,0.9998052881885385
1,1,0.9998220853910623
1,1,0.9996589871969837
0,0,4.3423547675855e-06
1,1,0.9999219310508941
1,1,0.9998345165100551
1,1,0.9998016017919568
0,0,4.0101632858759835e-06
1,1,0.9989070735428179
0,0,4.322958882494574e-06
1,1,0.9997732382453933
1,1,0.99990326018589
1,1,0.9998708413820812
0,0,4.874559745985726e-06
1,1,0.9998609658369687
1,1,0.999750400981545
1,1,0.9997172471862369
0,0,1.1500080032071558e-07
1,1,0.9996651513808815
1,1,0.9991798412704201
1,1,0.9993928083526407
1,1,0.9998795847000767
1,1,0.9990308114645372
1,1,0.9995261340844098
1,1,0.9997138059992597
0,0,3.8623722024102446e-06
1,1,0.9998961394275024
1,1,0.999656130915478
1,1,0.9997510605359773
1,1,0.9996563556529947
0,0,4.144620886061871e-06
1,1,0.9999118319356122
1,1,0.9998280103302457
1,1,0.9996677931523329
1,1,0.9997610406607403
1,1,0.9998757419415949
1,1,0.999830532207015
1,1,0.9998310965752848
1,1,0.9996326850376722
1,1,0.9997301917310397
0,0,5.98324743068968e-06
0,0,6.726388530133696e-06
1,1,0.9999305769656928
1,1,0.9995953864115895
1,1,0.9987871776198841
0,0,6.7548639442969596e-06
1,1,0.999427346744529
0,0,3.4621141398940094e-06
1,1,0.9995083695510947
0,0,0.0021644275879824882
0,0,1.1488732589059241e-07
1,1,0.9985739630615367
0,0,0.0009633029728995349
1,1,0.99972530173832
1,1,0.9996481381750256
1,1,0.9998095342736494
0,0,0.0006902313619923301
0,0,1.1049469536721872e-07
1,1,0.9997349716315036
1,1,0.9996061138491804
1,1,0.9995606618627811
1,1,0.9998021635392026
1,1,0.999768764204965
1,1,0.9996911972925606
0,0,5.350229396111848e-06
0,0,5.088997134537705e-06
1,1,0.9996674588056361
1,1,0.9998744310781413
1,1,0.9982536805410235
1,1,0.9980260105644329
1,1,0.9995815433462232
1,1,0.9995504854874487
1,1,0.9996584838050919
1,1,0.9997951680651351
1,1,0.9990966653255069
0,0,0.0014926452432683882
0,0,8.255854556328156e-08
0,0,1.0835889710282601e-07
1,1,0.9998260708934668
0,0,1.214502412127801e-07
1,1,0.9998026535469396
1,1,0.9996876175823857
0,0,6.170309704836149e-06
1,1,0.999601233367426
1,1,0.999329683907878
1,1,0.9995936134136926
0,0,5.0231161259656025e-06
0,0,4.260985178019774e-06
1,1,0.9997734893637341
1,1,0.9992685715434032
0,0,4.696678381672993e-06
1,1,0.9999485045208636
1,1,0.9997824353216224
0,0,8.302171204341902e-08
1,1,0.9987222517396781
1,1,0.9998669755171966
0,0,0.002237620863258906
0,0,4.4696228642326515e-06
1,1,0.999870455504455
1,1,0.9997609412431361
0,0,4.084475309317089e-06
0,0,1.2987677316671357e-07
1,1,0.9993834595793545
0,0,1.1486026964966661e-07
0,0,5.272106405530416e-06
1,1,0.9995035994904342
0,0,3.7469667755851504e-06
0,0,4.6124426922100036e-06
0,0,7.158375140261482e-06
0,0,6.407844363545678e-06
1,1,0.9989647372493787
0,0,4.991513902150166e-06
1,1,0.9997299400685139
1,1,0.9998342696062675
0,0,4.396429708347631e-06
1,1,0.9993562586510075
1,1,0.9997053477688806
1,1,0.9996991466742258
1,1,0.9997491274151769
0,0,0.0008456381858444998
1,1,0.9997380390229123
1,1,0.9996380483429417
0,0,6.505283693368878e-06
0,0,0.001974013409623677
1,1,0.9997645252921524
0,0,0.0015479621900739795
1,1,0.9998960480051601
0,0,3.544734957382442e-06
1,1,0.9994561410706377
0,0,4.657515737890236e-06
1,1,0.9992218248527821
0,0,4.300984794396599e-06
0,0,3.5296120669013765e-06
1,1,0.9993664079598912
1,1,0.9998506876206031
1,1,0.999859890129726
1,1,0.9988567893089324
1,1,0.9995458737584728
1,1,0.9998398457298162
1,1,0.999771362274039
0,0,8.133073576481347e-06
0,0,5.835410557832101e-06
0,0,4.518159927530532e-06
1,1,0.9995423567396072
0,0,5.1352540574659065e-06
1,1,0.9998117787109638
0,0,5.847380465967523e-06
0,0,4.150505389648665e-06
1,1,0.9996755227046127
0,0,8.594100097194974e-06
1,1,0.9993236047247597
1,1,0.9998100979794213
0,0,3.781972900245811e-06
1,1,0.9996267575802337
1,1,0.999669449653046
1,1,0.9997577912443744
0,0,4.1010614277677155e-06
1,1,0.9992642549803326
1,1,0.9998586697368363
1,1,0.9997153555813797
0,0,1.1600139900353902e-07
0,0,5.438472262727476e-06
1,1,0.9984370531859642
0,0,0.0006515071693862216
1,1,0.9987615039933911
1,1,0.9997937800049432
0,0,5.687053937348227e-06
1,1,0.9990729137782522
0,0,0.001009618403131393
1,1,0.9996234678815887
0,0,5.719981372110281e-06
0,0,8.578321860999134e-06
1,1,0.999374060798141
1,1,0.999846530813998
1,1,0.9997740771553273
1,1,0.999683341876568
1,1,0.9995570311863361
1,1,0.9996844266959681
1,1,0.9998491603345326
1,1,0.9997032968387823
0,0,4.211132333598849e-06
1,1,0.9998950569279716
1,1,0.9997704182195425
0,0,1.2083569342139864e-07
0,0,0.0017396297623777453
1,1,0.9993316186747998
1,1,0.9990965671464699
0,0,4.467221456440358e-06
1,1,0.9995340339976994
1,1,0.999695142112872
1,1,0.9993846927756872
1,1,0.9997436220080319
0,0,1.0373540741595012e-07
0,0,6.1032981019369034e-06
1,1,0.9995857028022851
1,1,0.9998983271967824
1,1,0.9997441882436575
0,0,0.0008864060983200997
1,1,0.9998209250080689
1,1,0.9991701917279211
1,1,0.9997635644620019
1,1,0.9997865063876145
1,1,0.9997396695181786
0,0,3.769410943379133e-06
1,1,0.9994823697230213
1,1,0.9994967316775797
0,0,4.384638514973343e-06
0,0,1.2079854231321254e-07
1,1,0.999867404761606
0,0,3.667814178866551e-06
1,1,0.9995016644791241
1,1,0.9991238635137603
0,0,0.0003310024471509927
1,1,0.9995919766028821
0,0,4.7385888721523254e-06
0,0,0.0008930922156286079
1,1,0.9998070225490509
1,1,0.9993770943936167
0,0,7.559732694667512e-06
1,1,0.9998255704896851
1,1,0.999534251228071
1,1,0.9999094577687113
1,1,0.9995883410361429
1,1,0.9997249111482185
0,0,4.793038372293033e-06
1,1,0.9997974863073564
0,0,5.618382446841986e-06
1,1,0.9999081272513662
1,1,0.9996772801857162
0,0,6.238062411109485e-06
0,0,1.0915721746534462e-07
0,0,3.840491434335911e-06
1,1,0.9997571881027417
1,1,0.9994750626293735
1,1,0.9992368917780372
1,1,0.9998979339080654
0,0,0.0008698927134116946
1,1,0.9996173888254439
1,1,0.9998854348058941
1,1,0.9995704072826535
0,0,6.148403313374168e-06
1,1,0.998944918012694
1,1,0.9995754792716699
0,0,1.211277706997999e-07
0,0,3.88305092550993e-06
1,1,0.9990219070803577
0,0,1.1540907335056524e-07
0,0,5.214183610985049e-06
1,1,0.999841206282802
1,1,0.9997962190305949
0,0,6.406826801774792e-06
1,1,0.9996430960798445
1,1,0.9997532265890373
1,1,0.9997484222365111
0,0,8.957994934062438e-06
1,1,0.9998046467867279
1,1,0.9997498912408012
0,0,4.399091926787756e-06
1,1,0.9999137575628338
0,0,1.043480587056707e-07
1,1,0.9995493915176288
1,1,0.9991379365342642
1,1,0.9996934656420701
1,1,0.9993980702084321
1,1,0.9998833756018128
0,0,5.669084075916831e-06
1,1,0.9984508206374506
0,0,6.350036134369362e-06
1,1,0.9995844742380975
0,0,0.0003766423561330562
1,1,0.9999240146665079
0,0,1.2207166519640117e-07
1,1,0.9996746019421195
1,1,0.9993654944304488
1,1,0.9998417108307837
0,0,1.1097683842347418e-07
1,1,0.9998490617171844
1,1,0.9997836482518502
0,0,0.0012754800348963068
1,1,0.9997932279379164
0,0,4.044237215771713e-06
0,0,3.669662220441035e-06
1,1,0.9997579315880682
1,1,0.9996888024911049
1,1,0.9996559118316508
1,1,0.9997385425120567
1,1,0.999773665991256
0,0,1.0911723970372158e-07
0,0,0.0009996215481234525
1,1,0.9996288343915429
1,1,0.999816654744983
1,1,0.998594549571559
1,1,0.9993258480080738
1,1,0.9997183883892387
1,1,0.9998741110343857
1,1,0.999749486633511
1,1,0.9998226660577723
0,0,1.2816648592996713e-07
1,1,0.9998839313869119
1,1,0.9999489859354496
1,1,0.999582857512338
0,0,1.1528226291624594e-05
0,0,1.0393737490209065e-07
1,1,0.9997599872839643
1,1,0.9999328540608179
1,1,0.9993636127014373
1,1,0.9994515244353499
1,1,0.9994999051067044
1,1,0.9997626549591843
1,1,0.9997930804030576
0,0,7.491763872784843e-06
1,1,0.9997820287581853
1,1,0.9998365815551712
1,1,0.999786421700763
0,0,0.00113067748797076
0,0,5.866024567882483e-06
1,1,0.9994829198183749
0,0,0.000743836923210552
0,0,0.0008235380965368619
0,0,5.605409580336051e-06
1,1,0.9996559550037011
1,1,0.999873983605663
1,1,0.9997776535518461
0,0,6.490508131777478e-06
0,0,5.265462063250911e-06
0,0,3.1894222695254803e-06
1,1,0.999790453284605
0,0,3.3729716008584624e-06
1,1,0.9995914004597591
1,1,0.9987448744814533
0,0,4.551395551375263e-06
1,1,0.9997325756608217
1,1,0.9993005197932338
0,0,5.229692606587392e-06
1,1,0.9998380141899691
1,1,0.9996947723796813
1,1,0.9995193938645038
1,1,0.9998996717132876
0,0,5.08074778823765e-06
1,1,0.9995881837696513
0,0,4.117505619798889e-06
0,0,5.3650543787930905e-06
1,1,0.9991417844855683
0,0,9.184755568637486e-06
1,1,0.9998900617676149
0,0,6.568124937559598e-06
1,1,0.9996537101564009
0,0,1.2403476726151278e-07
1,1,0.9998507757400572
1,1,0.9996616165481681
1,1,0.9998151761652053
1,1,0.9997906517003001
1,1,0.9999185386428082
1,1,0.999811493443791
1,1,0.9998608209958003
1,1,0.9989849509286541
1,1,0.9995660524315076
0,0,5.863969252125052e-06
0,0,5.821480419257956e-06
1,1,0.9991898725222864
1,1,0.9996649503317468
1,1,0.999868137627241
0,0,5.264189845232156e-06
0,0,0.0007468442459621916
0,0,4.3467227516534735e-06
0,0,3.824895537592305e-06
1,1,0.9997629548391177
1,1,0.9996624021512235
0,0,0.0022128209244635186
1,1,0.999590970445865
0,0,0.0012860359128130004
0,0,3.574042369429702e-06
0,0,3.7985858246198695e-06
1,1,0.998747411094313
0,0,5.97093765326092e-06
0,0,4.433279296444094e-06
1,1,0.9989198897276185
1,1,0.9995762105118288
0,0,4.241129885705374e-06
1,1,0.999655808155549
1,1,0.9997903337412285
0,0,3.9576456106855725e-06
1,1,0.9999100834702687
1,1,0.9998151189395083
1,1,0.9998765652579709
1,1,0.9997477067863928
1,1,0.9995495539121125
0,0,1.2279592309355092e-07
1,1,0.9996524384374932
0,0,1.1038706447138184e-07
0,0,1.1690451179986183e-07
1,1,0.9996443303334469
1,1,0.9999372253186907
0,0,5.658052624363288e-06
0,0,6.953223306837568e-06
1,1,0.9998988427923697
1,1,0.9989986503244993
0,0,3.724133454147831e-06
1,1,0.9998700260854341
0,0,0.0012405371285458275
0,0,4.66124891683992e-06
0,0,3.5181610583482555e-06
1,1,0.9998397919989661
1,1,0.9999007001256346
1,1,0.9999102346257245
1,1,0.99985741481368
1,1,0.9997953969390175
1,1,0.9992301711749375
1,1,0.9994610292785882
1,1,0.9995387639248382
1,1,0.9995099218666568
1,1,0.9998656514005702
0,0,6.203500409118703e-06
0,0,5.790816897486297e-06
1,1,0.9997092003367245
1,1,0.9995282157909214
1,1,0.9997818201456969
0,0,6.8434726950729324e-06
0,0,7.9728566426887e-06
1,1,0.9988398644695198
1,1,0.9999027281068298
1,1,0.9996253520579468
1,1,0.9998494792688539
1,1,0.9997980352984458
1,1,0.9999064491030336
0,0,5.445291516476245e-06
1,1,0.9998311639987278
0,0,0.0015972871043820405
1,1,0.9995478040765214
1,1,0.9993562168226008
1,1,0.9997173629814116
0,0,5.036185977735371e-06
0,0,1.210277931461857e-07
1,1,0.9997769467658835
1,1,0.9997707159584666
1,1,0.9999083303116246
1,1,0.9995117867239804
0,0,2.6775536381938195e-06
0,0,4.239450679158648e-06
0,0,0.0008339270431973282
1,1,0.999544026289382
0,0,1.15920560251052e-07
1,1,0.9996109025443658
0,0,4.165905350495546e-06
1,1,0.9997130185576375
1,1,0.9996278215556891
1,1,0.9997801439675428
1,1,0.9991584438321637
1,1,0.9998079665801134
1,1,0.9998491111702755
1,1,0.9994977713796657
0,0,0.0006324121829055171
1,1,0.9992240595985701
1,1,0.9984505564785597
1,1,0.9994599868732764
0,0,5.157685314729991e-06
1,1,0.9997939473194672
0,0,3.700564428118504e-06
0,0,8.233709846416743e-06
1,1,0.9995298402368537
0,0,1.1887244083286132e-07
1,1,0.9994843797281978
1,1,0.9998328874994571
1,1,0.9995004304954008
0,0,1.1382899320986968e-07
1,1,0.9997126178861642
1,1,0.9996520884001626
1,1,0.9998920178406839
1,1,0.9999311893662788
0,0,6.651161788055129e-06
1,1,0.9992708402110424
1,1,0.9998833011237949
1,1,0.9996829468479954
0,0,0.0009200704675121281
1,1,0.999594843549048
1,1,0.9997635513377956
1,1,0.9985135346188503
1,1,0.9992210827831557
1,1,0.9997995671839391
1,1,0.9999108648503383
1,1,0.9998370703080163
1,1,0.9999265150370472
0,0,4.057862924617661e-06
0,0,4.35118236744747e-06
0,0,1.0214133924358508e-07
1,1,0.999651170224059
1,1,0.9983670200902529
0,0,5.089728760911557e-06
1,1,0.9996715919637946
0,0,6.201116516340501e-06
0,0,4.578060472142703e-06
1,1,0.9996443028137117
0,0,5.949098751074254e-06
0,0,5.971230326579413e-06
1,1,0.9997036432081209
1,1,0.9998880106260251
0,0,1.1254101394623571e-07
1,1,0.9996335197006871
0,0,5.955293313964948e-06
1,1,0.999823971694194
1,1,0.9998416955071292
1,1,0.9995903568768076
0,0,5.693037199308127e-06
0,0,0.0009936439382948474
1,1,0.9995509382525777
1,1,0.9998435891108614
1,1,0.9995953025643384
0,0,0.00093102948370721
0,0,5.774575766926402e-06
1,1,0.999767113688477
1,1,0.9998221363299565
0,0,8.265698919967748e-06
1,1,0.9998991610412865
1,1,0.9989461647775186
1,1,0.9998697885503041
0,0,0.0005335409100579204
1,1,0.9998086068464743
0,0,5.67371286395466e-06
1,1,0.9995638261169001
1,1,0.9998106134134936
0,0,0.0016542149460007669
1,1,0.9991251051503326
1,1,0.9988930047338884
0,0,4.760969768824796e-06
1,1,0.9995568318603442
1,1,0.9996802716620476
0,0,1.138402261203894e-07
1,1,0.9998084448598286
1,1,0.9995705781203573
0,0,4.351428762822852e-06
0,0,1.2400933483639774e-07
1,1,0.99991909367869
0,0,1.1105585131572466e-07
1,1,0.9991084385643787
0,0,1.113196089816097e-07
0,0,9.251991251230258e-08
1,1,0.9996494544143206
1,1,0.9993541054540389
1,1,0.9997382666130489
0,0,0.0006761591808983882
1,1,0.9998240889407802
1,1,0.9998623881594266
0,0,1.0738275563312742e-07
0,0,4.165545135181654e-06
0,0,5.228651521754683e-06
1,1,0.999698812940839
1,1,0.9995413298085576
1,1,0.9998184654165969
0,0,5.4774695733409444e-06
0,0,8.607813715322145e-08
1,1,0.9997690297244509
0,0,4.880757271537015e-06
0,0,0.0010134565402737284
1,1,0.9998816499335385
0,0,3.3202646037705453e-06
0,0,5.1211668891809794e-06
1,1,0.9998680071483166
0,0,3.5821534807402844e-06
1,1,0.999892681433908
1,1,0.9999095157708489
0,0,1.1048865196927024e-07
0,0,5.641226074294057e-06
0,0,3.3824222054222772e-06
0,0,5.429662156935459e-06
0,0,7.662411545784236e-06
0,0,1.0860311879455449e-07
0,0,5.500869691821923e-06
0,0,8.781964758810473e-06
1,1,0.9998345101862752
0,0,5.449249169795796e-06
1,1,0.999244258009438
1,1,0.9993760211355555
1,1,0.9998500330444029
1,1,0.9996682132089312
1,1,0.999800494955868
1,1,0.9997508687132808
1,1,0.9996820833317273
1,1,0.9992694264271411
0,0,0.0009039432362255641
0,0,4.103233722435122e-06
0,0,3.4830505258947617e-06
1,1,0.9996531318083381
1,1,0.9998392259372956
1,1,0.9998352059382684
1,1,0.9997820323148948
1,1,0.9998513149621772
1,1,0.9998599130644946
0,0,3.351018927967159e-06
1,1,0.9993767118986533
1,1,0.9998416561458596
1,1,0.9996601987515317
0,0,0.0013370452530737352
1,1,0.9995204112800784
1,1,0.9992744231226849
1,1,0.9996965926457291
0,0,5.873394844575167e-06
1,1,0.9990542676974868
0,0,1.0269119800910684e-07
0,0,1.2208883700174356e-07
0,0,0.0017066710744861595
1,1,0.999412227541973
0,0,1.0063585905710588e-07
1,1,0.9999036715060601
0,0,5.15470954925095e-06
1,1,0.9994297862432199
1,1,0.99947561708071
1,1,0.9999317321235951
1,1,0.9997327609428569
1,1,0.9995401927142906
1,1,0.9994272613547776
0,0,4.260548796358883e-06
1,1,0.9997703707716473
0,0,1.0700176773330726e-07
1,1,0.9998089715231071
1,1,0.9994945730448117
1,1,0.999477292899974
1,1,0.9997533521762298
0,0,4.389483560691639e-06
1,1,0.9995932963958185
1,1,0.9995294945179496
1,1,0.9997561728676824
1,1,0.9999600659107775
1,1,0.9997114376737386
1,1,0.9996305288369178
1,1,0.9994702943759217
1,1,0.9998497792713087
1,1,0.9998106174200706
0,0,5.102243980063144e-06
1,1,0.9995232887508759
1,1,0.99977440652517
0,0,1.0729516247883749e-07
1,1,0.9993669477263625
1,1,0.9998736456718813
1,1,0.9997416474416569
1,1,0.9996745272805236
1,1,0.9994197280252283
1,1,0.9999329701710843
0,0,4.9151491781681556e-06
1,1,0.999773078361046
1,1,0.9999408767297958
1,1,0.9998052170770719
1,1,0.9996590674461917
0,0,0.0007796839292148576
1,1,0.9997057292760158
0,0,1.2061444788147305e-07
0,0,5.455545079126437e-06
1,1,0.9995073277238429
1,1,0.9993549403665088
1,1,0.9997476282507906
1,1,0.9995249649022715
1,1,0.9995561981231169
1,1,0.9996555837812668
0,0,2.8675030996018097e-06
1,1,0.999705138726347
0,0,5.481248657529906e-06
1,1,0.9997811055703926
1,1,0.9996486430118295
1,1,0.9997233312402853
1,1,0.9998229386434359
1,1,0.9999054661370522
1,1,0.99964845108692
1,1,0.9998093663543715
0,0,4.753124754121857e-06
1,1,0.999855412275854
0,0,3.784342987978525e-06
1,1,0.9997494791205244
1,1,0.9996560049863785
1,1,0.999854882868465
0,0,4.103370924880765e-06
1,1,0.9997578572795854
1,1,0.9997250920633988
1,1,0.9998641582056415
1,1,0.9994368757938069
1,1,0.9996810724087247
0,0,0.0014374868330117418
0,0,1.2458328705240173e-07
0,0,1.2174755501650387e-07
0,0,0.0008567391141379805
1,1,0.9996724315868062
1,1,0.9998431277022211
1,1,0.9996009721742192
1,1,0.999825493814307
1,1,0.9992832255645004
0,0,2.929350729178892e-06
1,1,0.999853013650527
1,1,0.9996792995368136
1,1,0.999511615123617
0,0,4.101663743485078e-06
1,1,0.9985206927005831
0,0,3.7123502926105294e-06
0,0,5.714399124405475e-06
0,0,1.1515909671104687e-07
0,0,1.1866167637218606e-07
0,0,3.6577237057247337e-06
1,1,0.999724591867477
1,1,0.9996417904454606
1,1,0.9999463108303331
1,1,0.9998408730348421
0,0,4.3228075368295686e-06
1,1,0.9997733573050837
0,0,0.0029149016948532515
1,1,0.9998225034238907
1,1,0.9998901757395967
1,1,0.9999174924124441
1,1,0.9998755221649209
0,0,4.787883915981826e-06
0,0,4.9090295398799804e-06
1,1,0.9990372047809537
1,1,0.9997914787114818
1,1,0.9997585539843437
0,0,5.910381203560363e-06
1,1,0.9995676977543022
0,0,4.090779862517631e-06
1,1,0.9997916992165672
0,0,3.300290270715377e-06
1,1,0.9998097976179254
0,0,4.620898322389363e-06
1,1,0.9998667310509014
0,0,0.0006302742205009273
0,0,3.3907771366810893e-06
0,0,1.2778351754317096e-07
0,0,3.682106373784998e-06
1,1,0.9990908842103534
0,0,4.111826056363176e-06
0,0,1.06619696947224e-07
1,1,0.9997674851155461
1,1,0.9999166135868044
1,1,0.9996522231507363
1,1,0.9997524969014512
1,1,0.9998036222519188
1,1,0.9997057484693712
1,1,0.9995913832322972
0,0,7.153211307995704e-06
1,1,0.999582003566677
1,1,0.9998864199341141
1,1,0.9998604792641289
0,0,1.0348496463916702e-07
1,1,0.9991565002440254
1,1,0.99979176485734
1,1,0.9997508318881815
1,1,0.9997595763584047
0,0,4.7631114788306e-06
1,1,0.9997165532278619
1,1,0.9997571609539824
1,1,0.9997688169524801
0,0,1.0855405275776123e-07
1,1,0.9998248333572425
1,1,0.998879773101625
1,1,0.9998690320370082
1,1,0.9998698110488409
0,0,6.3456839103693745e-06
0,0,6.988168510911939e-06
1,1,0.9998342222427936
1,1,0.999608048169378
0,0,1.1035096122623228e-07
1,1,0.9995306369377988
0,0,3.4873615974086584e-06
1,1,0.9996103520729656
0,0,0.0007897005974546547
0,0,6.346635633301585e-06
1,1,0.9992624686151602
0,0,0.0010055821631678435
0,0,4.166209363279831e-06
1,1,0.9997025745000374
0,0,4.285252513998915e-06
1,1,0.9994892973228737
1,1,0.9995941117428704
1,1,0.9996636144564697
1,1,0.9998539721041096
0,0,3.911418600250824e-06
1,1,0.9997200521189759
1,1,0.9998115996293896
0,0,5.705359390381049e-06
1,1,0.9998081586453181
1,1,0.999875742261627
0,0,0.000851997815008628
1,1,0.9998554136999873
0,0,5.153763338787363e-06
0,0,1.1812352683436453e-07
1,1,0.9998798231602464
1,1,0.9999153926806051
0,0,3.785708229149733e-06
0,0,3.5140475446113967e-06
0,0,6.081545206350704e-06
0,0,6.033630387073132e-06
0,0,0.001165995543295375
0,0,6.095983361015321e-06
1,1,0.999691425809975
1,1,0.9997980351150686
0,0,4.263082331960124e-06
0,0,1.0833854440196381e-07
0,0,8.364242424350088e-06
1,1,0.9998286245113742
0,0,9.283366748675475e-08
1,1,0.9998127880054462
1,1,0.9998300651037059
1,1,0.999861213969515
0,0,0.000506847488271144
1,1,0.9986138879690429
1,1,0.9997781944002394
1,1,0.9993547601547093
1,1,0.9996525169974846
1,1,0.999752764840722
1,1,0.9998773381826276
1,1,0.9994445213968695
1,1,0.9997422787092405
1,1,0.9993570664062387
1,1,0.9994506628282273
1,1,0.9997027035418334
1,1,0.9999054394088339
0,0,0.0008267923217001659
0,0,6.293917852908921e-06
0,0,4.930131285092978e-06
0,0,3.715516821546402e-06
1,1,0.9998401848644346
0,0,1.108761072193178e-07
1,1,0.9998083287380934
1,1,0.9998493695162711
1,1,0.9997901773331374
1,1,0.999195455628347
1,1,0.9998443150011123
1,1,0.9999029511343039
0,0,5.220860513280768e-06
0,0,5.352908481585212e-06
0,0,5.089784314051853e-06
1,1,0.9998905410258782
0,0,3.43046392120568e-06
1,1,0.9996129526876801
0,0,3.7720115495841752e-06
1,1,0.9994721244869655
1,1,0.9996890755456967
0,0,4.390160518931168e-06
1,1,0.999725714376719
0,0,1.1117877848347266e-07
1,1,0.9996387820935965
0,0,1.1515843497187002e-07
1,1,0.9997302003517868
1,1,0.9996535955041269
0,0,1.1699601979173625e-07
0,0,6.045212686703748e-06
0,0,3.828651482167622e-06
1,1,0.9997271618672781
1,1,0.9996554853387057
1,1,0.9998865372997968
0,0,1.0939732276642458e-07
1,1,0.9997015194242534
1,1,0.9996339023934794
1,1,0.9998525829524905
0,0,3.527386594863812e-06
1,1,0.9998880212561786
0,0,3.918387425872257e-06
1,1,0.9995572204339815
0,0,1.4630637096879553e-07
1,1,0.9997486682163019
1,1,0.9996063972990455
1,1,0.9993700619954925
0,0,6.561883682769814e-06
0,0,3.5653173016472886e-06
0,0,0.0008009550818323443
1,1,0.9994168693891875
1,1,0.9997283631331814
0,0,5.343076526470934e-06
0,0,3.807836551179242e-06
1,1,0.9998852154986252
0,0,5.659202769869093e-06
1,1,0.998714003235362
0,0,0.0012363970030074118
0,0,1.1004693177122982e-07
1,1,0.9997386925645113
1,1,0.9998900651495196
1,1,0.9996931626409615
1,1,0.9997802987421471
0,0,6.78716542632465e-06
0,0,0.001980727150029594
1,1,0.9997735921036593
0,0,4.940335605249603e-06
0,0,9.142168092155563e-06
0,0,4.254749470968302e-06
1,1,0.9997601665668091
1,1,0.9988117679876454
0,0,3.6330804599418235e-06
1,1,0.999901361945989
1,1,0.9987731925247025
0,0,8.610392471732324e-08
1,1,0.9998002548089859
0,0,3.8887220527404335e-06
1,1,0.9998813088729129
1,1,0.9997810505694222
1,1,0.999866207473258
0,0,9.35976207261896e-06
1,1,0.9994053839736178
0,0,4.4556509749473375e-06
1,1,0.999215815037221
0,0,0.00044805096984230783
1,1,0.9994908322503594
0,0,4.938826704389464e-06
1,1,0.9991070424658608
1,1,0.9996773742816446
0,0,1.1446214263767506e-07
1,1,0.9997742551696667
1,1,0.9996802770645791
1,1,0.9997428063106806
1,1,0.9997195245972703
1,1,0.999494709287013
1,1,0.9996376948067116
1,1,0.999148414967638
0,0,3.4570762500720198e-06
1,1,0.9993560238850961
1,1,0.9998407224020173
0,0,6.25345516933145e-06
1,1,0.9998707692794604
1,1,0.9992901312888364
1,1,0.9997989654860441
0,0,6.4452006838777326e-06
1,1,0.9994655079947719
0,0,4.636287433154448e-06
1,1,0.9996320641598055
1,1,0.9998170944209501
1,1,0.9994259863988656
1,1,0.9997840804674948
1,1,0.9997905667802668
1,1,0.9998644214237881
1,1,0.9998164278728945
1,1,0.9997419822590063
1,1,0.9990170352175729
1,1,0.9999135228813452
1,1,0.9997303725510497
1,1,0.9992892093788658
1,1,0.9998616419944586
1,1,0.9997895830119798
0,0,5.02306157664803e-06
1,1,0.9998945137044432
1,1,0.9994619350220175
0,0,6.162925352836512e-06
0,0,3.6843354191367847e-06
1,1,0.9996404790190111
1,1,0.9998121430134622
0,0,2.6987447120179347e-06
1,1,0.9998420090633636
0,0,8.84244994340789e-06
0,0,0.0006685866629732504
0,0,5.42582429977527e-06
1,1,0.9998755735420876
0,0,4.422454518560469e-06
1,1,0.99988475323426
1,1,0.9997944121750175
1,1,0.9991874556747286
0,0,3.927318595304135e-06
1,1,0.9998730093697275
0,0,5.862809630567688e-06
1,1,0.9995502338581401
1,1,0.9997351785897977
1,1,0.9996520813655487
0,0,5.708581724454865e-06
0,0,1.0994380473142069e-07
1,1,0.999466993757516
0,0,5.243689522847348e-06
1,1,0.999686935040518
1,1,0.9998925807595012
1,1,0.9999098668481183
0,0,3.246356602651406e-06
1,1,0.9996770718523115
0,0,3.5119994656091747e-06
1,1,0.9985666231890967
0,0,1.1374049120257421e-07
1,1,0.9997532478893605
0,0,2.8113628655449223e-06
0,0,3.2276573073075075e-06
0,0,1.1778479717877833e-07
0,0,0.00044612893758092697
0,0,0.0015662564112386664
0,0,5.9735133156505516e-06
1,1,0.9989638103401314
1,1,0.9998434498726634
0,0,3.372257917449969e-06
0,0,4.144978144398662e-06
1,1,0.9990022778634203
0,0,4.409821979771929e-06
1,1,0.999889555771022
0,0,0.0016652449827166008
1,1,0.9998679177939707
0,0,0.0010502982276391069
0,0,5.363232008867897e-06
1,1,0.999938814161654
1,1,0.9998457116581188
1,1,0.9997387925837548
1,1,0.999474172853558
1,1,0.9994392243209375
1,1,0.9998167651584317
0,0,4.3549917476040874e-06
1,1,0.9998204885608452
1,1,0.9998640035784948
1,1,0.999389767265002
0,0,0.0007537038496704107
1,1,0.9997552401992608
0,0,4.043104818957386e-06
1,1,0.9995378128191261
0,0,1.1470220543302498e-07
1,1,0.999007297815938
0,0,4.015459087353045e-06
1,1,0.9996861953187789
1,1,0.9994798329561074
0,0,5.517055341307696e-06
0,0,1.1161550367235756e-07
1,1,0.9995508789621427
1,1,0.9998292403563861
0,0,5.61314671855255e-06
0,0,4.033766145715406e-06
1,1,0.9995008102611234
1,1,0.9998628356163262
1,1,0.9998226214013171
0,0,6.808540173779749e-06
0,0,1.0257593529256057e-07
1,1,0.999685784499925
0,0,0.0012153072766439065
0,0,6.073778769251877e-06
1,1,0.9991070617401356
0,0,8.381796453878358e-08
1,1,0.9993975266725744
0,0,0.0007231809184780376
1,1,0.9991695348012456
1,1,0.9998059089283683
0,0,3.748957757892204e-06
1,1,0.9994140866620445
1,1,0.9997398597900033
0,0,5.210411990832425e-06
1,1,0.9995573426793256
1,1,0.9996431841759015
1,1,0.99959279207306
1,1,0.9998220276098845
0,0,9.923511972124437e-06
1,1,0.999792334972027
1,1,0.9994573128328524
1,1,0.9997756095028525
0,0,4.064950438365646e-06
1,1,0.9995610990975502
1,1,0.9996055441434457
0,0,7.0530583370825275e-06
1,1,0.9999100457722306
1,1,0.9998847469933243
1,1,0.9999286693809741
1,1,0.9993886885222953
1,1,0.9990769051281458
0,0,4.927039252105933e-06
0,0,4.996481466759068e-06
0,0,0.0005990317780073574
1,1,0.9999229520594513
0,0,5.214234888304367e-06
1,1,0.9998765360264995
1,1,0.9998343291591436
0,0,4.652487850962667e-06
1,1,0.9998607274678096
1,1,0.99982623508632
1,1,0.9996370424359196
1,1,0.9990766950606745
0,0,4.096968410868554e-06
1,1,0.9995957909247988
1,1,0.9998169289294241
0,0,0.0007622928661535552
1,1,0.999737129052337
0,0,1.0761808699472174e-07
0,0,5.586458040520235e-06
1,1,0.9990967890317715
1,1,0.9998205050572452
1,1,0.9998888080983925
0,0,6.534517410569655e-06
1,1,0.9998597016518411
1,1,0.9995299358864203
1,1,0.999369795911948
0,0,5.876972882669448e-06
1,1,0.9999101494282434
0,0,5.732704735422169e-06
1,1,0.9993162844736038
1,1,0.9995359251021639
0,0,4.2923535554905515e-06
0,0,1.2844328453461562e-07
0,0,4.46937046070318e-06
1,1,0.9994922139473673
1,1,0.9995135660534374
1,1,0.9998102527524173
0,0,4.374524133498311e-06
0,0,5.149760053081025e-06
0,0,3.93909389289219e-06
1,1,0.999341337445028
1,1,0.999795462912871
1,1,0.9995017426066247
1,1,0.9997796122842904
0,0,4.098260724900297e-06
1,1,0.9991514123414946
0,0,4.427363711420826e-06
0,0,5.205745311525853e-06
0,0,0.0019528264756039102
1,1,0.9994926576510379
1,1,0.9996432731342841
0,0,7.88864436748324e-06
0,0,4.354099953172942e-06
0,0,3.7707245010357283e-06
0,0,9.203941289089166e-06
1,1,0.9998023695416869
1,1,0.9999058558857218
0,0,9.258480441029522e-08
0,0,4.9314552631826035e-06
0,0,4.747212426769661e-06
0,0,4.4315174654865755e-06
0,0,4.06030978095561e-06
0,0,5.460297726976267e-06
0,0,0.001843008124113909
0,0,8.376073196023879e-06
0,0,0.0007737542170697946
0,0,6.7354266185771095e-06
1,1,0.9992107685273706
1,1,0.9995732534111686
0,0,5.9734562713307155e-06
0,0,7.903646480450172e-06
0,0,3.795538124313638e-06
1,1,0.9997038689408839
0,0,0.0019749794796987694
0,0,0.0006330077882647355
1,1,0.999728271686697
0,0,5.8658522523511265e-06
1,1,0.9992797555918618
1,1,0.9999227504468323
1,1,0.9995047511026566
0,0,0.0009532850723613939
1,1,0.999688922504916
1,1,0.9997361932541109
0,0,1.0892165067938872e-07
1,1,0.9997803313519855
1,1,0.9997835971325204
1,1,0.9994928395292489
1,1,0.9996823055547019
1,1,0.9999237430887049
1,1,0.9993304743811501
1,1,0.9997763390626684
1,1,0.9998065321993811
1,1,0.9996587021431789
0,0,3.9428464917290005e-06
1,1,0.9998967745945474
1,1,0.9994405510970922
0,0,4.45513078193279e-06
1,1,0.9996456376567301
1,1,0.9995883742962098
1,1,0.9996321047458407
0,0,4.229153562501928e-06
1,1,0.9999206695257556
0,0,3.7919370518667416e-06
0,0,9.022914235550211e-06
0,0,4.820462864560251e-06
0,0,0.0010808303524774028
1,1,0.9999112401345784
0,0,0.001619809898352529
1,1,0.9999096345824294
1,1,0.9997550227946101
0,0,4.065789173905576e-06
0,0,1.358081035689834e-07
1,1,0.999659371538689
0,0,6.277616822718104e-06
1,1,0.9996645693148613
0,0,3.4574263625152928e-06
1,1,0.9991623815420767
0,0,5.559681331749503e-06
0,0,6.088191741885698e-06
0,0,5.9798658965886575e-06
1,1,0.999749791198378
0,0,5.570922821679102e-06
0,0,4.74725925340336e-06
0,0,5.1196215479630565e-06
0,0,5.345706168133895e-06
1,1,0.9995740210273651
1,1,0.9997075251089218
0,0,1.2461200981303144e-07
0,0,0.0008545796945267313
1,1,0.9998528341691001
1,1,0.999699229302284
0,0,3.857954177592739e-06
1,1,0.9996171891961928
1,1,0.9993284575142114
1,1,0.9994931121174113
1,1,0.9995898000765265
0,0,7.97501789919196e-06
1,1,0.9995693475206543
0,0,4.945681798118307e-06
1,1,0.9993772301462257
1,1,0.9999202170461576
0,0,4.995833532329675e-06
1,1,0.9995572269290024
1,1,0.9996392693028928
1,1,0.999703944856555
1,1,0.9999092844686464
1,1,0.9990922226764941
0,0,5.694849493480813e-06
1,1,0.9992190988533604
1,1,0.9998265622575354
0,0,1.215885069300306e-07
0,0,1.2546959440754885e-07
0,0,6.438149379184427e-06
1,1,0.9997658237217525
1,1,0.9994658948971502
1,1,0.9994911765410053
1,1,0.9998787000446778
1,1,0.9998501935009771
1,1,0.9997273855174186
0,0,0.0012619648489440999
0,0,3.625740755342396e-06
0,0,8.31617001417631e-06
1,1,0.9993170880591815
1,1,0.999858990735672
0,0,5.540841959456799e-06
0,0,5.9067552253489204e-06
0,0,1.0982471710718107e-07
1,1,0.9997284085884489
0,0,5.1712412357601785e-06
1,1,0.9997422456622296
0,0,1.059267056111725e-05
0,0,0.0016603121206643652
1,1,0.9992691639653015
0,0,6.620731287710743e-06
1,1,0.9998757919809154
1,1,0.9997468938636251
1,1,0.999646131744881
1,1,0.9995163915474046
1,1,0.9998369803953301
1,1,0.999750879004608
0,0,1.205846904537118e-07
1,1,0.9995010979704667
1,1,0.9998290752526131
1,1,0.9997586120793678
1,1,0.9996812129287084
1,1,0.99962811563236
0,0,8.303923856110897e-08
1,1,0.9997900859454424
1,1,0.9996018422038895
1,1,0.9994644129783108
0,0,7.044899746370074e-06
1,1,0.9997357242666615
1,1,0.9991750837414881
0,0,0.0017399748004344984
1,1,0.999395107847088
0,0,6.364606693118473e-06
0,0,4.036379787513709e-06
1,1,0.999809425456843
0,0,0.0006431669320701623
1,1,0.9998370807454181
1,1,0.9997071829205636
1,1,0.999575064384566
0,0,1.2798872068936318e-07
0,0,0.0012816279801996025
1,1,0.9999381276639404
0,0,4.077714566604642e-06
1,1,0.9996409708519384
1,1,0.9994814212967886
1,1,0.9995205229148473
1,1,0.9994486683833925
1,1,0.9995081376666066
0,0,6.209702560303133e-06
1,1,0.9997453184671814
0,0,4.408431459188809e-06
1,1,0.9992979358015945
1,1,0.9995371342006619
1,1,0.9996960046327811
0,0,1.2138037980110898e-07
1,1,0.9997797580661791
0,0,0.0016491906125897786
1,1,0.9997890301473727
0,0,5.039794687405002e-06
1,1,0.9995415645692274
0,0,3.928155662225544e-06
0,0,6.230853087234178e-06
0,0,4.520115657586451e-06
1,1,0.9995329409725118
1,1,0.9994719951774074
1,1,0.9995913245122665
0,0,5.758688325451634e-06
0,0,6.401176776863506e-06
0,0,7.326113620614539e-06
0,0,0.0010055789459960146
1,1,0.9991955386560548
1,1,0.9995919396386028
0,0,8.181143831421177e-08
0,0,1.0975597622110892e-05
0,0,4.994310747047234e-06
0,0,6.340628906185086e-06
1,1,0.9998730243613252
0,0,3.08655884296756e-06
1,1,0.9997300528691684
1,1,0.9995778009571344
0,0,3.742587513262595e-06
0,0,6.076664388813568e-06
0,0,0.0013385056496868157
1,1,0.9997489843863795
1,1,0.999841426510241
1,1,0.9996894402845513
1,1,0.9998705484430886
1,1,0.9997675475557101
1,1,0.9999086752796221
1,1,0.9994399087528978
1,1,0.9998291725430583
0,0,5.716963947778049e-06
1,1,0.9995783758473402
1,1,0.9992787639004018
1,1,0.999723966290217
1,1,0.9999002846906376
0,0,5.7497589784204126e-06
1,1,0.9998116831299125
1,1,0.9996624684822415
0,0,3.5345139023781367e-06
1,1,0.9993099097246255
1,1,0.9998705369020474
1,1,0.999693686473762
0,0,4.899404146639113e-06
1,1,0.9996146922033603
1,1,0.9998355243397797
0,0,5.910806051251466e-06
1,1,0.9987128613098297
1,1,0.9996598075813832
1,1,0.999764730967451
1,1,0.999451954315976
1,1,0.9996336215575097
1,1,0.9997640974785441
0,0,4.475591622436426e-06
1,1,0.9999027932074358
1,1,0.9998817564591411
1,1,0.9996887822960068
1,1,0.9998909800077016
0,0,1.2424472570468858e-07
1,1,0.9993092353004417
0,0,9.413762955660282e-08
1,1,0.9997330674024218
1,1,0.9998112291062328
1,1,0.9997871946738666
0,0,3.727871063885773e-06
0,0,0.0006172880118655024
0,0,1.4065604368454814e-07
0,0,4.022990987388754e-06
0,0,4.046942463691529e-06
0,0,5.409650627376485e-06
1,1,0.9995441969348475
1,1,0.9998845958386717
0,0,0.0012133578936887762
1,1,0.9997194575334063
1,1,0.9997968885996279
0,0,4.807389886141054e-06
1,1,0.999360989762158
1,1,0.9997536635051506
1,1,0.9997443890946398
1,1,0.9998656695175364
1,1,0.9996587629810882
0,0,0.0007242619636824496
1,1,0.9990742309313833
1,1,0.9983828339364951
1,1,0.9996962756739912
1,1,0.9989913240513733
1,1,0.9998032960539799
1,1,0.9995911755456153
0,0,5.480371367626081e-06
0,0,0.0010226190728543146
0,0,4.229347681832104e-06
1,1,0.9997096426792572
1,1,0.9998325924428438
1,1,0.9998990994214944
1,1,0.9996951339980338
0,0,1.0959263155056077e-07
1,1,0.9997931289013041
0,0,3.8669952630745515e-06
0,0,5.315815644920227e-06
0,0,3.7253124930458753e-06
1,1,0.9998944413754592
1,1,0.9997840278048029
1,1,0.9998101762989919
0,0,4.566291307183934e-06
0,0,3.7957324936208815e-06
0,0,4.806250433194992e-06
0,0,1.0807729373535e-07
0,0,3.5812526194714874e-06
1,1,0.9990419662463955
0,0,9.288679793844426e-08
0,0,0.0006481844646241998
0,0,3.94020709494657e-06
1,1,0.9992966631231203
0,0,3.3098942471892266e-06
1,1,0.9998576103409985
0,0,1.058966582717099e-07
1,1,0.9998253051128932
1,1,0.999738569443603
1,1,0.9996647380392537
1,1,0.9990133258177043
1,1,0.9994705485797984
1,1,0.9994540063699443
0,0,3.592208640794661e-06
0,0,0.0006636876777681956
1,1,0.9997396316930809
0,0,4.434460955662447e-06
1,1,0.9998179508006502
0,0,0.0015661662080037834
1,1,0.999715218753621
1,1,0.9997537600950791
1,1,0.9995809279512816
1,1,0.9995337872282297
1,1,0.9992818361859224
1,1,0.9997845554024161
1,1,0.9996649688157735
0,0,5.137534218135613e-06
1,1,0.9985331793380617
1,1,0.9998447208545583
0,0,0.0008897041271120792
0,0,4.402504644481061e-06
1,1,0.9998536919386662
0,0,3.4609350279952564e-06
0,0,9.627722032061543e-06
0,0,0.0014075899963397367
0,0,4.231878254855142e-06
1,1,0.9995959074178351
0,0,1.0866478258254542e-07
0,0,3.7617848638562643e-06
1,1,0.9992624696625286
1,1,0.999102944844244
0,0,0.0013342224267296151
0,0,1.1346764683502424e-07
1,1,0.9995245126257488
1,1,0.9992244186029955
1,1,0.999682820757244
1,1,0.9997739943850001
1,1,0.999303878831822
1,1,0.9996931460468644
1,1,0.9998444774254707
0,0,4.373981005523415e-06
0,0,3.7747665273899694e-06
1,1,0.9998805894358572
1,1,0.9997907869470072
0,0,0.0008956048175024189
0,0,1.1178544721064549e-07
0,0,4.773138683664363e-06
1,1,0.9993665803169156
0,0,1.1416190229548399e-07
1,1,0.9997942543029998
0,0,5.305388131634515e-06
0,0,4.650168358104257e-06
1,1,0.9996040414620625
1,1,0.9998025463043378
1,1,0.9993916359695739
1,1,0.9998436449817306
1,1,0.9998494057400171
1,1,0.9998613386901734
0,0,0.0007518504400340953
0,0,5.400353970786539e-06
0,0,6.063753335717731e-06
0,0,0.0012550834007477429
1,1,0.9997628139311022
1,1,0.9998827204910608
1,1,0.9992110128103925
1,1,0.9994150503605626
0,0,5.497245272346126e-06
1,1,0.9996919155933619
1,1,0.9999046895632018
1,1,0.9996504807139471
1,1,0.9998349854817792
1,1,0.9995335427893361
1,1,0.9994387309358922
0,0,5.704468549689766e-06
0,0,1.0313799436677759e-07
0,0,4.803764189808066e-06
0,0,1.1010625768317241e-07
1,1,0.9999095225599276
1,1,0.999924018295339
1,1,0.9998686653813476
1,1,0.9990487750154299
1,1,0.9999236501486575
0,0,4.109529218672328e-06
1,1,0.9991098791854319
1,1,0.9997554506392449
0,0,4.620042352783549e-06
0,0,9.26460959297902e-06
0,0,0.0015318171075359892
1,1,0.9996324111739572
1,1,0.9996880408004912
0,0,4.346839487433734e-06
1,1,0.999205925371335
1,1,0.9997184203529678
1,1,0.9995986942140933
1,1,0.9996878932857893
1,1,0.9994930873619116
0,0,4.945515947951107e-06
1,1,0.9996761418448511
0,0,0.0011322815395282593
1,1,0.9997436150606036
1,1,0.9998563592877894
1,1,0.9997233764828234
1,1,0.9996220972380611
1,1,0.9990052593577416
1,1,0.9998533771319615
1,1,0.998856451878391
1,1,0.9989848571364197
1,1,0.9999289196706063
1,1,0.9995922203030358
1,1,0.9997000820701707
1,1,0.9998439848891828
0,0,7.0960095220438025e-06
1,1,0.9996586479277597
1,1,0.9998465651007631
0,0,3.2904656349010145e-06
1,1,0.9998884232219347
1,1,0.9993482735703708
0,0,5.488893902405916e-06
1,1,0.9989087636865891
0,0,0.000937519517426658
1,1,0.9993990118404206
0,0,6.321432900733915e-06
0,0,6.378776282310296e-06
1,1,0.9998284087933047
0,0,0.0010148101419347978
0,0,6.858279534437686e-06
1,1,0.9999314981275703
1,1,0.9999277173441822
1,1,0.9997640691817604
1,1,0.9999347878371094
1,1,0.9991761460764146
0,0,8.392192116702931e-06
1,1,0.9998264611699638
0,0,6.131371894059266e-06
0,0,1.3173127855768835e-07
1,1,0.9997751618511737
1,1,0.9995540499863261
1,1,0.9997826966772068
0,0,1.112333053123029e-07
1,1,0.9997282169848946
1,1,0.9998961172212495
0,0,0.0013370717139718745
1,1,0.9996496847060671
1,1,0.9996432500705618
0,0,4.3265340076637556e-06
1,1,0.9993587732095814
1,1,0.9987847308160689
0,0,4.370795890867957e-06
0,0,4.237085389132931e-06
1,1,0.9992836690627696
1,1,0.9998689984132306
1,1,0.999282564218592
0,0,5.770542574309776e-06
0,0,5.0743137280966216e-06
1,1,0.9991589714991456
1,1,0.9996590759673384
1,1,0.9998853339761066
0,0,4.741512870692608e-06
1,1,0.9989840439333647
1,1,0.9996970889399277
1,1,0.9997348631572468
1,1,0.999500813259864
1,1,0.9994180047208443
0,0,5.142638854426527e-06
1,1,0.999404617387401
0,0,5.055133070429405e-06
1,1,0.999774889727215
0,0,9.329973385484074e-08
0,0,1.0389288262487242e-07
1,1,0.9995524682291981
1,1,0.9996217259563113
0,0,0.0009159138373146577
1,1,0.9998923636159445
1,1,0.9991364001228816
1,1,0.9998951329890485
1,1,0.9998847398282735
0,0,0.0011931099313988974
0,0,1.1634864045007109e-07
0,0,1.1343301989319498e-07
1,1,0.9998709733385024
1,1,0.9995565849729035
1,1,0.9995371616825168
1,1,0.9999282887848117
1,1,0.9994760451455984
1,1,0.9997184731710963
1,1,0.9997652921612062
0,0,5.103032315807514e-06
1,1,0.9999403679766994
1,1,0.9995170217206939
0,0,3.7172078889537265e-06
0,0,5.692711081825742e-06
0,0,1.033771850500676e-07
1,1,0.9992976429969117
1,1,0.9994679143904407
0,0,0.0011020079137023997
1,1,0.9997577710320606
0,0,5.621862518143718e-06
1,1,0.9998872433439071
1,1,0.9995495758167494
0,0,4.3807362873870384e-06
0,0,9.333002953474882e-08
0,0,4.2531916303704606e-06
1,1,0.9998094674064808
0,0,5.172190014180573e-06
0,0,1.186038146583131e-07
1,1,0.9998060344274857
1,1,0.9993045320305275
1,1,0.9990571694161356
0,0,9.253497467554119e-06
0,0,8.930408174991268e-06
0,0,4.840359263598381e-06
1,1,0.9995624424389246
0,0,0.0010539081282070846
0,0,5.840638387167399e-06
1,1,0.9998529822859645
0,0,3.953999518134757e-06
1,1,0.9998197306721864
0,0,1.21957646094657e-07
0,0,3.610027308141403e-06
1,1,0.9995733115695828
1,1,0.9992716489540555
1,1,0.9994474253334247
0,0,1.1935377089749656e-07
1,1,0.999793123409768
1,1,0.9997638822491912
0,0,0.001008686194532986
1,1,0.9998651726974725
0,0,3.880275576419595e-06
1,1,0.9998685637926036
0,0,1.1350025926646505e-07
1,1,0.999062450445151
1,1,0.9998771299080845
1,1,0.999607210331726
1,1,0.9995544515941592
0,0,7.982424715198534e-06
0,0,6.214910830530892e-06
1,1,0.9997885661809554
0,0,4.902857202796943e-06
1,1,0.9995615573691206
1,1,0.9997222613973342
1,1,0.9990373220283453
1,1,0.9995942669043314
1,1,0.999516575846917
0,0,4.364808613784279e-06
1,1,0.9997362937956897
1,1,0.9997174029597306
1,1,0.9996508489713739
0,0,0.0008563980037726328
1,1,0.9995818677185424
1,1,0.9999132765066664
1,1,0.9994424855237106
1,1,0.9998466299721542
1,1,0.9991102420742085
1,1,0.999493196805008
1,1,0.9998169313867817
0,0,1.1760969960042208e-07
1,1,0.9987226830889283
1,1,0.9998488058186797
1,1,0.9998359711060147
0,0,1.2419541930919868e-07
0,0,6.192830673531363e-06
1,1,0.9998535641429357
1,1,0.9998861445812474
1,1,0.9995585076582534
0,0,1.1070142949645338e-07
1,1,0.9998773684871075
1,1,0.999645998343353
1,1,0.9997448040285118
0,0,4.303459668994387e-06
0,0,6.954249764309723e-06
1,1,0.9993089856240609
1,1,0.99986514401866
1,1,0.9993915921435952
0,0,8.080571736031554e-08
0,0,5.760807104247351e-06
0,0,5.883784995085157e-06
0,0,1.1328291191867342e-07
0,0,4.8002083209618e-06
1,1,0.9998085862475949
1,1,0.9998761885561424
1,1,0.9995589155534083
1,1,0.9993071422908749
1,1,0.9999314051597495
1,1,0.9992828114679494
1,1,0.999619054119311
0,0,4.379557803590704e-06
1,1,0.9996549910249843
1,1,0.9999157066697872
1,1,0.9998033489822465
1,1,0.9995779277875722
1,1,0.9998358789588105
1,1,0.9986973453049615
1,1,0.99987997363286
1,1,0.9997625619754227
0,0,3.83224410114196e-06
1,1,0.9997782936257583
1,1,0.9999085057557071
0,0,4.0780920418639145e-06
1,1,0.9997685109857759
0,0,5.095847484925999e-06
0,0,6.48122913318316e-06
1,1,0.9999287953356951
0,0,4.947670486006822e-06
1,1,0.999674856063772
0,0,3.6889133001508544e-06
0,0,6.550979462344546e-06
1,1,0.999467752911761
1,1,0.9991481672402097
1,1,0.999807875693258
1,1,0.9997721047809821
0,0,5.1782748787596375e-06
0,0,4.226627758480274e-06
1,1,0.9999100519012973
0,0,7.241418418464402e-06
0,0,1.3545357347497542e-07
1,1,0.9999033998765464
1,1,0.9997995977730603
1,1,0.9997002941999402
1,1,0.9998650118997656
0,0,3.7475757112510496e-06
1,1,0.9994523965756
0,0,5.857067191966753e-06
1,1,0.999428019862538
0,0,4.1104555498029824e-06
1,1,0.9998481220957504
1,1,0.9993935578634696
0,0,8.166028737046729e-08
1,1,0.9997105889684549
0,0,6.983784669468075e-06
1,1,0.9995221593786546
0,0,1.1500208174631991e-07
0,0,4.70143198786635e-06
1,1,0.999846896419755
0,0,0.0007545774314398614
0,0,1.0979011383846433e-07
0,0,4.923334522664421e-06
0,0,5.451630585140781e-06
0,0,5.196917197264873e-06
1,1,0.9992303377394341
1,1,0.9999291067603054
1,1,0.9998508714282275
0,0,5.220142669394327e-06
1,1,0.9998481399038535
1,1,0.9996831229446972
1,1,0.9979610797852234
0,0,5.662913274999207e-06
1,1,0.9994874413757882
1,1,0.9996952886910784
1,1,0.9996065981643213
1,1,0.999336676162313
0,0,1.0928525732206937e-07
1,1,0.9998697149412279
1,1,0.9988352372305298
1,1,0.9994638487071583
1,1,0.9999157613417524
1,1,0.9994353687580804
0,0,1.1536326613757297e-07
0,0,4.535564546110682e-06
1,1,0.9995215813884392
1,1,0.9999318498658002
0,0,7.086051714466726e-06
0,0,1.2759282103328753e-07
1,1,0.9996463286350366
1,1,0.9995979968942486
0,0,3.5563908011939802e-06
0,0,8.930199521734979e-06
1,1,0.9989620270924144
1,1,0.9994890727792758
0,0,3.89618327919517e-06
1,1,0.9997772397748006
1,1,0.9997059236916253
0,0,1.111114939403454e-07
1,1,0.9995377985909177
0,0,5.194398464750577e-06
0,0,5.705149998113921e-06
0,0,3.6845023792735437e-06
1,1,0.9999010957966656
1,1,0.9998612859204934
1,1,0.9999263266302841
0,0,0.002635026812053392
0,0,1.099448232216522e-07
0,0,1.1789817924948519e-07
1,1,0.9996965165479791
0,0,0.001061221377056484
1,1,0.9997447668092142
0,0,1.1365845378224477e-05
0,0,4.516385072762214e-06
1,1,0.9997283030980364
1,1,0.9998246165053779
1,1,0.9996542303291827
1,1,0.9993536791067461
1,1,0.9986392268058832
1,1,0.9997287325067704
1,1,0.9991242322830196
1,1,0.9998034932282391
1,1,0.9998214480165307
0,0,1.1077320971882487e-07
1,1,0.9997644707725268
1,1,0.9997889180745236
1,1,0.9997090985624684
1,1,0.9998626165491329
1,1,0.9997537077715865
1,1,0.9995392225506994
1,1,0.9997689245250462
1,1,0.9997635850766767
0,0,0.0009757219194083768
1,1,0.999725915845275
1,1,0.9996010416778859
0,0,0.0007918172106350761
0,0,3.4342966811944856e-06
1,1,0.9993436877386676
0,0,4.703877596361368e-06
1,1,0.999651544071354
1,1,0.9998815863882389
1,1,0.9999067977235057
1,1,0.9996556004072683
1,1,0.9997363376480495
0,0,4.235207125155865e-06
0,0,4.653639409258267e-06
0,0,3.8004995645732316e-06
1,1,0.9998073563338483
1,1,0.9998051088355274
0,0,3.0343375696408326e-06
0,0,4.743008781601674e-06
1,1,0.9998300473533421
1,1,0.9996179482263302
0,0,4.83240757029293e-06
1,1,0.9987803098445662
0,0,5.525583900664007e-06
1,1,0.9994446806654483
0,0,5.198712332440077e-06
0,0,0.0013890508996698225
1,1,0.9991593150144943
0,0,1.1011790604611893e-07
0,0,2.5937102275041174e-06
0,0,0.0013173034978443562
0,0,3.84193165032618e-06
0,0,4.505753422292186e-06
0,0,0.0012801932525487603
0,0,4.616232001044273e-06
0,0,3.684813319878547e-06
1,1,0.9998796844739083
0,0,5.605870872960398e-06
0,0,3.572730739644757e-06
1,1,0.9998369998215236
0,0,0.0017864074056695644
1,1,0.999739924673651
1,1,0.9998920118243059
1,1,0.9997016079352444
0,0,0.0006637240543215599
1,1,0.9998596421723173
0,0,9.02443648718468e-06
0,0,3.6003924115736768e-06
1,1,0.9996867578555116
1,1,0.9996435275195162
1,1,0.9998474043506179
0,0,1.1691535935055825e-07
0,0,5.236313844768016e-06
0,0,5.947000771104494e-06
1,1,0.9998067829280611
0,0,1.0812202662929746e-07
1,1,0.9997445221547689
1,1,0.9994856490505754
1,1,0.9997292062652505
0,0,0.0005059358838613323
1,1,0.9991727871486806
1,1,0.9998690839014669
1,1,0.9995564952225171
0,0,5.274251989427511e-06
1,1,0.9984363918850412
1,1,0.9998664605286699
1,1,0.9998515874685058
1,1,0.9997259425958414
1,1,0.9997575108092943
1,1,0.9996741060044505
1,1,0.9996469651504217
1,1,0.9999003025151859
1,1,0.9999365919400907
0,0,1.1630399499026831e-07
1,1,0.9995994460573706
0,0,5.209054644005305e-06
0,0,9.256331682821322e-06
1,1,0.9997252654211962
0,0,1.0861326662335438e-07
1,1,0.9996630111689432
1,1,0.999209830070016
1,1,0.9988870416299479
1,1,0.999607056421658
0,0,5.437078537573178e-06
1,1,0.9996956957263796
1,1,0.9998174312008663
1,1,0.9996695403159017
0,0,5.5114902383068e-06
1,1,0.9993455668247215
1,1,0.9996409164451205
0,0,1.0796299009155575e-07
1,1,0.9997833469537734
0,0,4.308062971938744e-06
1,1,0.9983615862540978
0,0,5.9422269310978535e-06
0,0,5.714439789467534e-06
0,0,1.0333941935558746e-07
0,0,0.0015431487951663974
1,1,0.9994002455255985
1,1,0.9998787411672394
1,1,0.9993872301799803
0,0,4.987827066409332e-06
1,1,0.9998415131519823
0,0,5.394679987369334e-06
0,0,5.38349469557533e-06
1,1,0.9988992887923628
1,1,0.9997184466687015
1,1,0.9998249928215358
1,1,0.9997203583649447
0,0,0.0005794497159688689
0,0,5.415235185811208e-06
1,1,0.999794091853852
1,1,0.9992610064043292
0,0,8.860680018836718e-06
1,1,0.9994714516032942
0,0,0.0007618485696013509
0,0,7.239770272420307e-06
0,0,1.1701925475157397e-07
0,0,4.153834368360187e-06
0,0,9.348166428112567e-08
1,1,0.9994770247272635
1,1,0.999649834520202
1,1,0.9998559409315938
0,0,5.234864838989068e-06
1,1,0.9997332357798563
0,0,0.0005751619439365106
0,0,1.2276806846548827e-07
0,0,1.1498167507262155e-07
1,1,0.9993675085159985
1,1,0.9997496826455682
1,1,0.9997270721594433
1,1,0.9996655943614207
1,1,0.9996700674110612
0,0,5.630378875605692e-06
1,1,0.9999095869011987
1,1,0.9995000990120793
0,0,1.2577908594714602e-07
1,1,0.9995212925449087
1,1,0.9996272186688308
1,1,0.9997821050218139
1,1,0.9997917258563295
0,0,1.215446481101874e-07
1,1,0.9989027774903279
1,1,0.9999292830058455
0,0,5.293776213128436e-06
0,0,5.912833069747122e-06
1,1,0.9984562212339803
1,1,0.999677584404336
1,1,0.9993097094489525
0,0,5.643067528976047e-06
1,1,0.9997677280110333
1,1,0.9999070470553529
1,1,0.9992859536059169
1,1,0.9998577704355343
1,1,0.9997891149122575
0,0,4.246314879168183e-06
1,1,0.9995769899957949
0,0,4.829589328800292e-06
1,1,0.9997795978442532
0,0,5.546388835171197e-06
1,1,0.9998060611733461
1,1,0.999363456321502
1,1,0.9999513206313143
1,1,0.9998172698019447
1,1,0.99992359541742
1,1,0.9995376536441235
0,0,4.080105577167142e-06
0,0,4.464677169023537e-06
1,1,0.9998377179744226
1,1,0.9995119232251336
1,1,0.9996733249324798
1,1,0.999450234138535
0,0,1.1164915566767642e-07
1,1,0.999863404501119
1,1,0.9997527188703149
1,1,0.999269533549996
1,1,0.9999014666147572
1,1,0.9997201411769565
0,0,3.732982407335e-06
0,0,3.953401622590939e-06
0,0,6.3160207346255595e-06
1,1,0.9997863298243852
1,1,0.9997442076460686
0,0,1.154412626420128e-07
1,1,0.9992415029163682
0,0,5.923634979668362e-06
1,1,0.9995289213438942
1,1,0.999637485426579
1,1,0.9997751311002245
1,1,0.9994597938184293
1,1,0.9997744936683426
0,0,3.9491991165069695e-06
0,0,4.529304363288076e-06
1,1,0.9998132473765937
1,1,0.9997747260391397
1,1,0.9991482945594912
1,1,0.9993314880431987
1,1,0.999851919350824
1,1,0.9996614242056574
0,0,0.0017853813848106581
0,0,3.922403406316256e-06
1,1,0.9990875244556079
0,0,3.743108493799346e-06
1,1,0.9999154254655096
1,1,0.9998633479929242
0,0,4.140750351896726e-06
1,1,0.9996024739891834
1,1,0.9995207062715098
1,1,0.9998733907367752
0,0,3.826901334680953e-06
1,1,0.9997995912400396
0,0,1.1531405490724137e-07
0,0,6.18503907656515e-06
0,0,5.09268534630616e-06
1,1,0.9996336367953313
1,1,0.9983725424196749
1,1,0.9997907681646565
1,1,0.9993294555658074
1,1,0.9991125062626807
0,0,5.27048413652042e-06
1,1,0.9997127964721304
1,1,0.9996561448435406
1,1,0.999270786233677
1,1,0.9997422034253303
0,0,5.602886979404239e-06
0,0,4.105761874930205e-06
0,0,3.573301359595349e-06
1,1,0.9987753739688481
0,0,5.3029577708992184e-06
1,1,0.9998701250047405
0,0,5.627324995120049e-06
0,0,4.229697602998121e-06
1,1,0.9996942910294543
1,1,0.9998525347604624
1,1,0.9998851368729814
1,1,0.9997172167158758
0,0,4.05329227212657e-06
1,1,0.999904916076745
1,1,0.9984926837380959
1,1,0.9999344453057132
1,1,0.9999490096662456
1,1,0.9996012999923122
1,1,0.9994908685168198
0,0,9.494134233460469e-06
1,1,0.9985537591999194
1,1,0.9996736996662731
0,0,1.1691469000410105e-07
1,1,0.9995579383368459
0,0,6.33380995242648e-06
0,0,4.136454749441017e-06
1,1,0.9997368245185196
0,0,4.492392723963661e-06
1,1,0.9999397432820322
0,0,4.456924309698392e-06
0,0,0.0019666634776522984
1,1,0.999794803704895
0,0,0.00047396326790248897
0,0,0.0010922893531062226
1,1,0.9997407733688721
1,1,0.9994909808200604
0,0,7.173103128907408e-06
1,1,0.9995375764304969
0,0,6.1427714518496145e-06
1,1,0.9997843610176538
0,0,4.929566989748547e-06
1,1,0.9998205906156856
0,0,5.314628004829793e-06
0,0,6.602141346824822e-06
0,0,4.3165011792321965e-06
0,0,0.0010688419575530755
1,1,0.9994508867434193
1,1,0.9995085365061004
1,1,0.9997212363459835
0,0,9.326538354009737e-08
0,0,8.965439671409645e-06
0,0,1.0094082806409197e-07
1,1,0.9999045804279293
1,1,0.9991525428546202
0,0,5.031686800350471e-06
1,1,0.9997641907778462
1,1,0.9999030867541382
1,1,0.9998038788491104
1,1,0.999851152806605
1,1,0.9997791211411409
1,1,0.9997891084341113
1,1,0.9995564571166129
1,1,0.9997620664590727
0,0,1.035856482816173e-07
0,0,3.4534960236234553e-06
1,1,0.9997242662737826
0,0,3.6320754038313698e-06
0,0,6.329872706255954e-06
0,0,1.1001964973213952e-07
0,0,4.385346238814398e-06
0,0,4.467229321705103e-06
0,0,3.6543431233033836e-06
1,1,0.999893244783811
0,0,9.235253781460687e-06
0,0,5.649780689943142e-06
0,0,5.779140898449886e-06
1,1,0.9998484525083761
1,1,0.9991732622926881
0,0,3.295526760294768e-06
1,1,0.9999523527012324
0,0,4.22206968129522e-06
0,0,4.255998149535201e-06
0,0,5.497821110257464e-06
1,1,0.9998912521203289
1,1,0.9989050611825875
0,0,1.0830623213130934e-07
0,0,1.1321791196746991e-07
1,1,0.9994650713538078
1,1,0.9998959726393574
1,1,0.9997409719057649
0,0,5.445183573806246e-06
1,1,0.9995986647694977
0,0,4.096518169884043e-06
1,1,0.9996145758950825
0,0,4.3171971994236025e-06
0,0,5.627656261195265e-06
0,0,5.784214585498812e-06
0,0,5.794565658391975e-06
1,1,0.999811909137325
0,0,8.646993533924199e-06
0,0,3.870682713530507e-06
1,1,0.9995484700873589
1,1,0.9997982990125932
1,1,0.9993431664334189
1,1,0.9997284386056576
1,1,0.9997090873833109
1,1,0.9997204049641567
1,1,0.9997291245942374
0,0,6.646933564818288e-06
1,1,0.9996698196645474
1,1,0.9998114796932839
1,1,0.9998080397215615
1,1,0.999663666852943
1,1,0.999761888885679
0,0,0.002591339233297133
0,0,5.869532682497857e-06
0,0,1.2510479036303577e-07
1,1,0.9998833567165476
0,0,4.790245571478965e-06
1,1,0.999815109027262
1,1,0.9998668565778954
0,0,4.415540067731833e-06
1,1,0.9997635367469512
1,1,0.9996899425639132
1,1,0.9991162291746738
0,0,4.1934254127818426e-06
1,1,0.9997563945575505
1,1,0.9996536179714695
0,0,3.064236583135226e-06
0,0,1.1079866249144124e-07
0,0,8.558609685289139e-06
1,1,0.9993470092596491
0,0,6.282641604085939e-06
1,1,0.9995984736662602
1,1,0.9998913859986702
1,1,0.9998580150131992
1,1,0.999519725235308
0,0,9.21771776737778e-06
1,1,0.9995525230173194
1,1,0.9992834388527083
0,0,3.775116488962244e-06
1,1,0.9997042565265911
0,0,1.1070168044762206e-07
1,1,0.9999103551247911
0,0,0.001329882783418149
1,1,0.9998776159995764
0,0,7.710319604778506e-06
1,1,0.9991227671267519
0,0,4.859643651842416e-06
0,0,4.097574992587033e-06
1,1,0.9999057035030199
1,1,0.9996847208781983
1,1,0.9998011876030047
0,0,4.1133186194506045e-06
1,1,0.9994368028600559
1,1,0.9991588446086447
0,0,5.8811284323865224e-06
1,1,0.9996918881715101
1,1,0.9992325193730784
0,0,4.039180726895304e-06
0,0,4.6920086874838074e-06
1,1,0.9998551489353881
1,1,0.9997151216749967
1,1,0.9988008511672993
1,1,0.9996765402821406
1,1,0.9998161090313978
1,1,0.9989538755720705
1,1,0.9995597716664868
1,1,0.999795700689102
0,0,5.128480909551009e-06
0,0,1.0329551547738522e-05
1,1,0.9994725429274137
0,0,3.645803334064432e-06
1,1,0.9996610576319651
1,1,0.9997497754535977
1,1,0.9995656885814541
1,1,0.9999162853806776
1,1,0.9995299478481766
1,1,0.9999338229638051
1,1,0.9996964131494741
1,1,0.9995654066392409
1,1,0.9997741794828974
1,1,0.9980424177805322
0,0,1.0767006789964377e-05
0,0,0.0014782292113283198
1,1,0.9998732225941187
0,0,6.1942439370043575e-06
1,1,0.9998557996918559
1,1,0.9998739308680605
0,0,4.812773228821417e-06
0,0,0.0003927123981194561
1,1,0.9998219444389982
1,1,0.999703063288335
1,1,0.9998962487229556
0,0,3.5473076117844356e-06
1,1,0.9993324917438546
1,1,0.9996571638294176
1,1,0.9998723954340901
1,1,0.999546371399849
0,0,0.0014719849750401124
1,1,0.9992941323567751
0,0,0.0005623047745683523
1,1,0.9996014460416545
0,0,4.772757553098635e-06
0,0,0.0015964161114032144
1,1,0.9997890056176785
0,0,5.002164655735601e-06
1,1,0.9997751405913804
0,0,5.583188128111031e-06
1,1,0.999823676230496
0,0,3.990070778268058e-06
1,1,0.9996959690521707
1,1,0.9997795482203095
1,1,0.9996633025474446
0,0,0.0014029522356380608
1,1,0.998840169869114
0,0,1.1753823008084753e-07
1,1,0.9996859925547544
1,1,0.9996981670705609
0,0,6.092082021116524e-06
1,1,0.9998139781465082
1,1,0.999853402884442
1,1,0.9997205992410528
0,0,7.418795371045746e-06
1,1,0.9998934103656398
0,0,3.858311920673717e-06
1,1,0.9986082976419484
1,1,0.9989369543880534
0,0,3.813471933507084e-06
1,1,0.999439766511109
0,0,4.064005103830816e-06
0,0,5.5133917865449175e-06
1,1,0.999814497076939
0,0,5.889225819711279e-06
1,1,0.9989271617290889
1,1,0.9998498579060822
1,1,0.99962527428183
0,0,5.016760081583792e-06
1,1,0.999212829941524
1,1,0.999252802871756
0,0,9.362113261233991e-08
0,0,5.110850955317162e-06
0,0,7.538052083200599e-06
1,1,0.9993218380989476
0,0,0.0018019430447314385
0,0,1.289638859979905e-07
1,1,0.9997237525492472
1,1,0.9997661984585214
0,0,4.779129550665879e-06
1,1,0.9999030573950245
1,1,0.9998603940906371
1,1,0.9997737392510175
0,0,6.104074636239125e-06
1,1,0.99939661410589
0,0,0.0010647748979729144
1,1,0.999874744887099
1,1,0.9998020095697353
1,1,0.9997270868256722
0,0,1.0876178123318099e-07
1,1,0.9997487150881558
0,0,6.1782560260192295e-06
0,0,0.0006438357497551575
1,1,0.9998379509377604
0,0,6.0626698864923004e-06
1,1,0.9986690957457885
1,1,0.9998366091894004
1,1,0.9988379942166471
1,1,0.9998265305613865
1,1,0.9997627974750573
0,0,5.458968310290438e-06
1,1,0.9998391635609974
0,0,3.954346037180784e-06
0,0,0.0008912676878866547
0,0,9.158612413112244e-06
1,1,0.9995197713597249
0,0,4.336161142290011e-06
1,1,0.9995140071851026
1,1,0.9991646314304988
0,0,4.451045479823803e-06
0,0,6.238469712000935e-06
1,1,0.9994879032901879
1,1,0.9996570003869982
0,0,4.414296535196914e-06
1,1,0.9997444695065073
0,0,6.465127190345577e-06
1,1,0.9994777299112929
1,1,0.9998863403568946
0,0,4.367562620759091e-06
0,0,4.9380651295993176e-06
0,0,4.626327777576985e-06
1,1,0.9996851175605083
1,1,0.9998530186166124
1,1,0.9996554056849999
1,1,0.9996092273103553
0,0,5.2291109157190475e-06
1,1,0.9993207153086008
1,1,0.9998910748018137
1,1,0.9998200528109877
0,0,0.001275460222506376
1,1,0.9998841527080619
1,1,0.9992409649213501
1,1,0.9996242610882761
1,1,0.9999479394538414
1,1,0.9998323322069863
0,0,1.0364064346356374e-07
0,0,0.0011084919024429128
1,1,0.9992413012417053
0,0,8.979018237641745e-06
1,1,0.9997365815469182
0,0,6.169218445641058e-06
1,1,0.9993131505050872
0,0,3.610169952055077e-06
0,0,4.5185385254126515e-06
1,1,0.999919301181234
1,1,0.999887628911383
0,0,6.602869474342317e-06
1,1,0.9998278607732138
0,0,3.633943332783926e-06
1,1,0.9999036658791278
1,1,0.9999173267109643
0,0,4.462448940982979e-06
1,1,0.9992038822834052
1,1,0.9996873609143369
1,1,0.9993279793183996
1,1,0.9996465645741522
0,0,4.861573077718201e-06
1,1,0.999403926012836
1,1,0.999839052856089
1,1,0.9998860363164117
1,1,0.9997548158214751
1,1,0.9999236850275225
0,0,5.131612616223287e-06
1,1,0.9994057398967483
1,1,0.9992924105033626
0,0,1.1665039736456502e-07
1,1,0.998952123031102
1,1,0.9998880147842731
0,0,0.0010662645431879546
1,1,0.9998244678848658
0,0,5.872789255374002e-06
0,0,3.437466473683598e-06
1,1,0.9999205211908401
0,0,9.190726689421155e-08
1,1,0.9994742804542639
1,1,0.9997204135070354
0,0,1.1113864699662045e-07
1,1,0.9997870392146238
1,1,0.9995905647235548
0,0,4.754304204938008e-06
0,0,4.5842450609967745e-06
1,1,0.9998273851728637
1,1,0.9996435266101932
1,1,0.9998071984852296
1,1,0.9995308171711477
0,0,4.71107612632875e-06
1,1,0.9994825326020338
1,1,0.9996425792518395
1,1,0.9998028045399063
0,0,5.070651564890204e-06
1,1,0.999898773683014
1,1,0.9992681293516507
1,1,0.9996341907585446
1,1,0.9996777322039822
1,1,0.99986742999321
1,1,0.9998934663601381
1,1,0.9995912869981011
1,1,0.9992315725271248
1,1,0.9997109120344764
0,0,6.711026098210293e-06
1,1,0.9994359181411177
1,1,0.9993978685195019
1,1,0.9994918672596432
0,0,0.0009854817635231322
1,1,0.9999139290359321
1,1,0.9999014775059003
1,1,0.9991969548834767
0,0,0.0019274140078148437
0,0,0.0008507378900215398
0,0,5.252594689680713e-06
0,0,7.129528578448028e-06
1,1,0.9998712973824253
1,1,0.9998576173756493
0,0,3.906280286738756e-06
1,1,0.9994417072739742
0,0,5.766144034246653e-06
1,1,0.9997417070857545
1,1,0.9996218028686249
1,1,0.9995503758606192
1,1,0.9997984056875775
1,1,0.9996988409879524
1,1,0.9998437864559824
0,0,5.079303375740097e-06
1,1,0.9996496644662267
1,1,0.9998337415204688
1,1,0.9997353095978905
1,1,0.9997747109125427
1,1,0.99922440466396
1,1,0.9997802218631457
1,1,0.9993191455864641
1,1,0.9998822192160473
1,1,0.9997972460169408
1,1,0.9996064695007627
1,1,0.9993817951197989
1,1,0.9999159689003907
0,0,3.62361600698416e-06
0,0,1.0812377039437757e-07
1,1,0.9997204009970376
0,0,4.89275220275934e-06
1,1,0.9998978316660581
1,1,0.9998905209382861
0,0,8.289395502560498e-06
1,1,0.9998277477861214
1,1,0.999526475055771
1,1,0.9998613504113191
1,1,0.9999224113617533
0,0,3.3849373431660837e-06
1,1,0.9988265466168157
1,1,0.99966604396399
1,1,0.9998898368003646
1,1,0.9996102279471369
1,1,0.9997800967110938
0,0,9.103178763216553e-06
0,0,5.565349563780572e-06
1,1,0.9998503813442458
0,0,9.286053077691853e-08
0,0,9.418856724529639e-08
1,1,0.999739733175641
0,0,4.442772224480437e-06
1,1,0.9984828663508633
1,1,0.9997883307080926
1,1,0.9995809196706017
1,1,0.9992185810466202
1,1,0.9992015995137153
0,0,3.6845146919822373e-06
0,0,8.536549503995392e-06
0,0,6.456178019277931e-06
1,1,0.9999258253109067
1,1,0.9995206753281592
0,0,5.667025675510075e-06
0,0,3.95908103154107e-06
1,1,0.9998108688469861
0,0,4.700825517446453e-06
1,1,0.9994667548897825
1,1,0.9996395178450339
1,1,0.9995645192758248
1,1,0.9998604522434184
1,1,0.9997933442125302
1,1,0.9997604043886116
0,0,5.140744177867844e-06
1,1,0.9988989052354057
0,0,1.1291738640918785e-07
0,0,5.088116837322856e-06
1,1,0.9996840757645482
1,1,0.9999319280192551
0,0,5.989107002227806e-06
1,1,0.9992089553135518
1,1,0.9998127020503338
0,0,5.414574409177305e-06
0,0,1.1304278118889056e-07
1,1,0.9996834000439038
1,1,0.9998791227551536
0,0,1.1487769920439176e-07
1,1,0.9997968947168925
1,1,0.9993819181128464
0,0,3.633909022221292e-06
1,1,0.9991175795808984
1,1,0.9996759153721473
1,1,0.9998491020672232
1,1,0.999845932475608
1,1,0.9995614167658146
1,1,0.9998896633153901
0,0,0.0012787483801273594
1,1,0.9997146335353154
1,1,0.9997048129268877
0,0,3.891544998928871e-06
1,1,0.9997491705616907
1,1,0.999365908104003
1,1,0.9995923812699903
1,1,0.9991570806642893
1,1,0.9998807970093206
1,1,0.9996520140483108
1,1,0.9988900283290288
1,1,0.9994252188571593
1,1,0.999235717637414
1,1,0.999666112093218
1,1,0.9997028346854909
1,1,0.9995255252999571
0,0,0.0016157752598280905
0,0,5.805054492614842e-06
1,1,0.9999332556565044
0,0,6.163754242864155e-06
1,1,0.9996031373873484
1,1,0.9994591649334517
1,1,0.9985497445077246
1,1,0.9996758795233744
1,1,0.9997954834540601
0,0,4.503104303056976e-06
1,1,0.9998094852169159
0,0,9.668233559719677e-06
1,1,0.9994640069088211
1,1,0.9998398568699403
1,1,0.9998295513447923
1,1,0.999679063172091
1,1,0.9998947453961804
1,1,0.9996407963967335
1,1,0.9992145878981863
1,1,0.9994218144595078
1,1,0.9998510300613813
1,1,0.9993848248826259
0,0,0.0014027524200334314
1,1,0.9997141758958866
1,1,0.9996917270729495
0,0,3.613226865862652e-06
1,1,0.999916053807882
1,1,0.9998442443677061
1,1,0.9995989668732989
1,1,0.9994490197708165
0,0,1.1455183490504386e-07
1,1,0.9995888679872625
0,0,4.205343661104217e-06
1,1,0.9991615593611399
0,0,5.977943003340496e-06
1,1,0.9998967538265249
1,1,0.9995322262969273
1,1,0.9997797440076823
0,0,0.0011814685017019664
1,1,0.9995669538976729
0,0,6.699255167762107e-06
0,0,4.10325183128451e-06
1,1,0.9997919477625508
1,1,0.9997866245261081
1,1,0.9998855984896636
1,1,0.999792917606679
1,1,0.9994945802521777
0,0,4.480769581266929e-06
1,1,0.9997238611414809
1,1,0.9999194587477688
1,1,0.999788646715658
1,1,0.9996255742063945
1,1,0.9994886305239652
1,1,0.9998672120485758
0,0,0.0006586418008572228
1,1,0.9998924682253266
1,1,0.9997771619873664
0,0,0.0013172803458289014
1,1,0.9993377723493657
1,1,0.99946044808657
1,1,0.9997436013342088
1,1,0.9996227667813999
0,0,0.0012238998103883912
0,0,6.380854350783756e-06
1,1,0.9993697762723658
0,0,7.989462035492882e-06
1,1,0.9995037332257893
1,1,0.99927129222654
1,1,0.9995526981854229
0,0,6.176170430614861e-06
1,1,0.9994384689103527
1,1,0.9999488532606134
0,0,1.1100357828825786e-07
1,1,0.9997217834144854
1,1,0.9997100958881884
0,0,6.2916069459777125e-06
0,0,4.244369787711e-06
1,1,0.9996340264948373
0,0,6.166115910682188e-06
0,0,5.828681130960813e-06
0,0,4.3207348403516925e-06
0,0,0.002289838387148716
1,1,0.9996584357958819
0,0,4.631355931360432e-06
0,0,6.142733900600591e-06
1,1,0.9997906574260043
0,0,5.537016027577966e-06
1,1,0.9997182509793519
1,1,0.9999029190028169
1,1,0.9998005909492595
0,0,4.2075896465167884e-06
1,1,0.9998780674150035
1,1,0.9999186673950368
1,1,0.9994467741455482
1,1,0.9996239863269833
0,0,8.036604608956863e-08
0,0,0.00048771490226368714
0,0,4.0780472892454656e-06
0,0,8.760084151036043e-06
1,1,0.9997966805969645
1,1,0.9996658474961782
1,1,0.9997890010917811
1,1,0.9997828122884445
0,0,1.1658352224269095e-07
1,1,0.9998695889751079
0,0,5.253002771006398e-06
0,0,1.1612311097735527e-07
0,0,3.4193278079396947e-06
0,0,3.997271419295502e-06
1,1,0.9999064969284756
1,1,0.9999278422758372
0,0,1.1951895073392634e-07
1,1,0.9989393398452974
1,1,0.9993478888102145
0,0,4.6226031251420125e-06
1,1,0.9997147372970857
0,0,1.109496103168074e-07
0,0,0.0007592318004788511
1,1,0.9997623845187522
1,1,0.999624503338889
1,1,0.9998824894052735
1,1,0.9993986942047791
1,1,0.9990399914902086
1,1,0.9997213225889162
0,0,4.25677167869216e-06
1,1,0.9995534726257876
1,1,0.9993025285343884
1,1,0.9999162945624176
0,0,3.7986083352237812e-06
0,0,7.400223779180174e-06
1,1,0.9997448529949453
0,0,9.16822599778669e-06
0,0,0.000407528646767841
1,1,0.9997054317078282
1,1,0.9998972139325363
0,0,1.0605982776909322e-07
1,1,0.999774126443867
0,0,4.508156591895722e-06
0,0,3.860242557218375e-06
0,0,5.056616239270511e-06
0,0,4.62936204581075e-06
1,1,0.9999308135678531
0,0,6.36931531904244e-06
0,0,4.5651924747943885e-06
0,0,6.983674892223094e-06
1,1,0.9998862259343684
1,1,0.9996711274034672
1,1,0.9996563577936495
0,0,0.0005238079860763344
0,0,1.1176286048735371e-07
0,0,6.02634335102237e-06
0,0,0.000667550861825694
1,1,0.9998727534819266
0,0,1.0273572215143395e-05
1,1,0.9999388815339986
1,1,0.9999163093939879
1,1,0.9998769082321898
1,1,0.99938605450255
1,1,0.9998241607196497
0,0,5.919928824929578e-06
1,1,0.999928317992982
1,1,0.9998513401591371
1,1,0.9998331282408267
1,1,0.9998422529253301
1,1,0.9998241794250896
1,1,0.9988468459756494
0,0,4.530059714476044e-06
1,1,0.9997980955965631
1,1,0.9998298159517187
1,1,0.9998759219212496
0,0,7.890816115445427e-06
0,0,1.0583377667701337e-05
1,1,0.9993052005842763
0,0,1.2329890871007678e-07
0,0,0.0007006243909504235
1,1,0.9991864326532074
0,0,6.422843742583726e-06
0,0,3.920414187771774e-06
1,1,0.9996445087193958
1,1,0.9997910693206613
1,1,0.9995647282349046
0,0,3.063604674081932e-06
1,1,0.999911942320577
1,1,0.9994138940747108
0,0,3.5439114542848503e-06
1,1,0.9998254744984957
0,0,3.585007518904053e-06
1,1,0.9998629594885106
1,1,0.9999310699556895
0,0,1.1108849972801118e-07
0,0,1.0872700317883988e-07
0,0,8.174780505135034e-06
1,1,0.9998314322455447
0,0,6.0785700783566e-06
1,1,0.9998197318608033
0,0,3.372837499961647e-06
1,1,0.9994227478414327
1,1,0.9994546539048699
1,1,0.9998115922427884
1,1,0.9999185216983576
1,1,0.9998714711230641
1,1,0.9997204493206032
1,1,0.9987991092801781
0,0,5.212495451786678e-06
0,0,0.000871595318179995
0,0,3.9583061484752004e-06
1,1,0.9994406824853819
1,1,0.9996526854844693
0,0,1.0968693871400871e-07
1,1,0.9998102621770033
0,0,3.181099692966555e-06
1,1,0.9997462493975131
1,1,0.9998651120701973
0,0,5.6451817167910525e-06
1,1,0.9995461607189429
1,1,0.9993781641975163
0,0,4.7402124296120025e-06
0,0,3.201570635749006e-06
1,1,0.9997741979579687
0,0,1.0665194669701973e-05
1,1,0.9992985720981439
0,0,6.688704154401136e-06
0,0,4.817924288362514e-06
0,0,4.780407654270287e-06
1,1,0.9997664811849084
1,1,0.999903272311052
0,0,5.783781224947819e-06
0,0,5.995141181648616e-06
1,1,0.9996675548086131
1,1,0.9998864312266166
0,0,1.1647429421226784e-07
0,0,9.564918686073998e-06
0,0,5.110375503159399e-06
0,0,1.0960024493296914e-07
0,0,3.919798780584051e-06
1,1,0.999910499280858
0,0,4.483355268668813e-06
1,1,0.9998890478721292
0,0,4.1717850699308405e-06
0,0,6.10790273614887e-06
1,1,0.9996163244456653
1,1,0.9994734894941505
0,0,9.969534780908115e-06
0,0,6.002208311432649e-06
0,0,4.1391848705743846e-06
1,1,0.9998192031510357
1,1,0.9994146077303344
1,1,0.9996837833082776
0,0,5.9673323300000955e-06
0,0,4.873080706505839e-06
0,0,6.419942969555399e-06
0,0,8.002605730571095e-06
1,1,0.9998018288940049
0,0,8.278042385205922e-08
0,0,5.898462994577384e-06
0,0,1.153435496552112e-07
1,1,0.9995054954265064
1,1,0.9996629111418561
0,0,4.5435217719707015e-06
0,0,1.0338479182718787e-07
0,0,0.001412926109974712
1,1,0.999304576918819
0,0,5.4392099182422575e-06
0,0,4.452421519129009e-06
1,1,0.9992480006300459
1,1,0.9999119217528212
0,0,0.0018487317067959622
1,1,0.9995302751318145
1,1,0.9992311703210133
1,1,0.9997332902332198
0,0,5.117856887517245e-06
1,1,0.999838854362027
1,1,0.9999169578293753
0,0,5.719949472628894e-06
0,0,1.153775069251169e-07
1,1,0.9998055443219858
1,1,0.999201060772826
1,1,0.9997796010097002
1,1,0.9993921365745253
1,1,0.9995283078427315
1,1,0.9997326130009779
1,1,0.9996192646578532
0,0,3.3297651279456035e-06
1,1,0.9999002370855683
1,1,0.9996740638126627
1,1,0.9997200306057856
1,1,0.9993325165343115
0,0,6.5719748859318804e-06
0,0,1.0642405527230582e-07
0,0,1.0784966250084192e-07
1,1,0.9999070594681884
0,0,4.923309842385138e-06
0,0,0.001319947560943537
1,1,0.9994216728520573
0,0,1.2052944898026275e-07
0,0,9.320349829394342e-08
1,1,0.9997740541937228
1,1,0.9998488489156437
0,0,1.1261262118222915e-07
0,0,4.88090856942197e-06
1,1,0.999738223914073
1,1,0.9998144547593759
1,1,0.9987621526637555
0,0,0.0005566967927105575
1,1,0.9997160099113701
1,1,0.999317121877289
1,1,0.9997381978637045
1,1,0.9997208864647333
0,0,0.0013150057004057112
1,1,0.9998601501061923
0,0,4.021854270021971e-06
0,0,1.1059064068740893e-07
1,1,0.999020008732372
1,1,0.99982237226446
0,0,3.5678502262542643e-06
0,0,5.133989415741598e-06
1,1,0.9998534399379181
1,1,0.9997288229756242
0,0,1.1076470153893857e-07
1,1,0.9995213295062709
1,1,0.9990100459701833
0,0,6.131414454873126e-06
1,1,0.9998072692339541
1,1,0.999671787565367
1,1,0.9993191083340052
1,1,0.9996333930995842
1,1,0.9996816862919231
1,1,0.9991657140730393
1,1,0.999711717345443
1,1,0.9998164439418026
0,0,5.421904957017045e-06
1,1,0.9989733853593528
1,1,0.9998901662715122
1,1,0.999856336932539
0,0,4.654902924257711e-06
1,1,0.9995617091709553
1,1,0.9998522296501122
1,1,0.9996591977016831
0,0,5.214762115350331e-06
1,1,0.9994059089331633
1,1,0.9998764106525355
0,0,5.733660577824662e-06
1,1,0.9998710464513448
1,1,0.9997757226440054
0,0,0.0009859609589452883
0,0,4.0449105058605375e-06
1,1,0.99952484660367
1,1,0.9998423492932242
1,1,0.9984167653804209
1,1,0.9993345405325895
0,0,4.383441567640081e-06
1,1,0.9997005297849052
0,0,3.968694828033864e-06
1,1,0.9997128425866678
0,0,5.158930821708516e-06
1,1,0.999364933858814
1,1,0.9997289008465631
0,0,1.2983095398272438e-07
0,0,4.179878385405701e-06
1,1,0.9990677388720967
1,1,0.999056566116812
1,1,0.999395630001835
0,0,6.157800566400843e-06
1,1,0.9999023799527648
1,1,0.9998782099255782
1,1,0.9996239277596957
0,0,5.213324847361915e-06
0,0,0.0009751439654529251
0,0,9.513834916742196e-08
0,0,1.0415013668592856e-05
0,0,0.0004498260805273366
0,0,1.212311178728619e-07
0,0,0.0007873952190128919
1,1,0.9995506402404237
1,1,0.9997296470913615
1,1,0.9996425404366016
1,1,0.9998853132947103
0,0,0.0005562842639079721
1,1,0.9998164949783581
1,1,0.9997951488298487
1,1,0.9989756793382922
0,0,5.871297777202021e-06
1,1,0.9998027203924338
1,1,0.999528542124721
0,0,1.0195491554538092e-07
0,0,6.263080506044508e-06
1,1,0.99963088249447
1,1,0.9998464218612979
1,1,0.9998559005624714
0,0,0.0020655177257440896
1,1,0.9996990715515252
0,0,0.001011189951030228
0,0,5.719069399426917e-06
1,1,0.9990847301645628
0,0,5.9665161941669795e-06
1,1,0.9995611317926677
0,0,5.295086021877387e-06
0,0,5.1537903838558676e-06
1,1,0.9995479188437576
1,1,0.9998003361700615
1,1,0.9994830989457046
0,0,4.875344648533667e-06
1,1,0.998954845403931
1,1,0.9999340575030435
1,1,0.9997527313633261
1,1,0.9993985160447401
0,0,6.006026152727811e-06
0,0,0.00071366179787327
0,0,5.009055267894046e-06
1,1,0.999366909175819
1,1,0.9995267366581998
0,0,5.220020023590741e-06
1,1,0.9992311164927076
1,1,0.9999426205341302
1,1,0.9998513480898668
1,1,0.9997865858485118
0,0,5.271719547057616e-06
1,1,0.999804861552929
1,1,0.9991068933145459
0,0,5.748622330208654e-06
0,0,4.268475578219384e-06
1,1,0.9999039936543348
1,1,0.9998136888197674
1,1,0.9996744879019803
1,1,0.9992288580960935
0,0,4.969752736000983e-06
0,0,3.6329076821692995e-06
1,1,0.9995776850911369
1,1,0.9997486652821315
0,0,9.386844355380124e-06
1,1,0.9997691666414716
1,1,0.9998490182775686
1,1,0.9997905957819728
1,1,0.9986442146022438
1,1,0.9998439703308792
0,0,5.837238342571181e-06
1,1,0.999579149959633
0,0,4.974543228497846e-06
1,1,0.9995434977718408
0,0,1.1070080511451196e-07
1,1,0.9997653888435704
1,1,0.9997703338737763
1,1,0.9997380363318028
0,0,3.179337094031959e-06
1,1,0.9996838737140075
0,0,4.545738599597681e-06
1,1,0.9997969002451216
1,1,0.9998165095272555
0,0,7.901369462478719e-06
1,1,0.9993822890352311
1,1,0.9998552258551432
1,1,0.998784486279841
0,0,0.0012496389999560405
1,1,0.999882783087195
0,0,4.280508220721097e-06
1,1,0.9999210715624126
1,1,0.9998636421214551
1,1,0.9998073281638464
0,0,3.7694051895374678e-06
1,1,0.9999030682229587
0,0,3.956839515349233e-06
1,1,0.9996451207400029
1,1,0.9998944844330971
0,0,5.453700209108214e-06
0,0,3.8089917218000525e-06
0,0,3.335571380314659e-06
0,0,4.935163694107611e-06
0,0,1.1513382694838071e-07
1,1,0.9999359045129922
1,1,0.9995376450686432
0,0,4.029603730625246e-06
1,1,0.9997726701632369
0,0,0.0004786333369703217
0,0,0.0020280323256460613
0,0,9.598223045543058e-08
0,0,0.0013987834200379285
1,1,0.9997107743138199
0,0,4.433346676653923e-06
1,1,0.999697831973885
0,0,6.208332193952391e-06
1,1,0.9996104275957376
1,1,0.9996983405458799
0,0,0.0010115487712614806
1,1,0.9998818223783416
1,1,0.9992061167344476
0,0,6.790337206855038e-06
1,1,0.9997014021407649
1,1,0.9998606641869714
1,1,0.9999450502270388
1,1,0.9996883706500734
0,0,0.0011487205280290328
1,1,0.9996753507916979
1,1,0.9998808602846789
0,0,6.323303709555983e-06
0,0,3.6249783936003938e-06
0,0,1.1551621231653134e-07
1,1,0.9998645047108135
0,0,5.314591402720471e-06
1,1,0.999730699443854
1,1,0.9995196553132251
1,1,0.9996504533196725
0,0,5.655978295170233e-06
1,1,0.9997889611182733
1,1,0.9990747667121972
1,1,0.9997134101558361
0,0,5.107271431962691e-06
1,1,0.9998438181674424
1,1,0.9997841465839772
1,1,0.9995891308831157
1,1,0.999589890695977
1,1,0.9984422370596648
1,1,0.9996716837592386
1,1,0.9983320610221706
0,0,3.2353072507024715e-06
1,1,0.9997946241586827
0,0,4.92785819502154e-06
1,1,0.9992119715398913
0,0,4.286176333145805e-06
1,1,0.9996387929849526
0,0,4.54808198803235e-06
0,0,0.0007806074247495999
1,1,0.9996097679261501
1,1,0.9995901855954831
0,0,4.576190524991429e-06
1,1,0.9998590694449364
1,1,0.9998304160716902
0,0,1.1669777190608043e-07
1,1,0.9996993383852548
1,1,0.9993289794815695
1,1,0.9991616196520143
0,0,4.306595636094442e-06
1,1,0.9997032007888168
1,1,0.9998883663491629
1,1,0.9994080061178158
1,1,0.9988466707980368
1,1,0.9995987015184609
1,1,0.9998437708720903
1,1,0.9994101788632468
0,0,6.010750719477048e-06
1,1,0.9990447739549098
1,1,0.9998755403745963
0,0,8.113987337006444e-06
1,1,0.9999400578037764
1,1,0.9995377508615824
1,1,0.9997890214888162
0,0,1.0554097152264672e-05
1,1,0.9996530831351877
1,1,0.9996814918096835
1,1,0.999648868406504
1,1,0.9988796524162973
1,1,0.9991063205311742
1,1,0.9998083034914977
1,1,0.9996731574801493
0,0,5.920478716790067e-06
0,0,5.410454916851277e-06
0,0,1.1443765895729868e-07
1,1,0.9996029429833548
1,1,0.999886945338015
1,1,0.9996907854947836
0,0,5.39483876357723e-06
1,1,0.9998222676707766
0,0,1.0324549629051583e-07
1,1,0.9992300366243815
1,1,0.999838875014785
0,0,1.0305081076923842e-07
1,1,0.9989582019537531
0,0,0.0006136241119672512
1,1,0.9997848897301963
1,1,0.9989014702168874
1,1,0.9996807330675187
0,0,0.0010256935195624977
1,1,0.9998058378152478
1,1,0.9997444955305642
1,1,0.9990329171398631
1,1,0.999800132428596
1,1,0.999904207433604
0,0,0.0008750702833887796
0,0,4.717872785337763e-06
0,0,0.0005591697809567776
1,1,0.9994024725458344
1,1,0.9997707780863447
1,1,0.9988452373581608
1,1,0.9996170729668632
1,1,0.9998323689865606
1,1,0.9991987182650244
0,0,0.0010683144751747627
1,1,0.9996623110131605
1,1,0.9996494044859042
0,0,5.751150440975976e-06
0,0,4.614320646157591e-06
1,1,0.999394453805095
0,0,0.0011239619813276718
0,0,3.8035301900393423e-06
1,1,0.9996277497002785
0,0,3.319750991206595e-06
0,0,4.157641309872093e-06
0,0,4.862625038629616e-06
0,0,3.583559014315311e-06
1,1,0.9996176034234096
0,0,3.907674032548117e-06
0,0,4.445093368191132e-06
0,0,7.237289290482258e-06
1,1,0.9998333257587746
0,0,4.244581834568763e-06
1,1,0.9997328615748701
0,0,0.0009483791723159513
0,0,9.309291482680758e-08
1,1,0.9992156309149434
0,0,4.8974536334633575e-06
1,1,0.9999278920600884
1,1,0.9995790529459669
0,0,1.2102273723503117e-07
1,1,0.9994144602259758
1,1,0.9999219651533952
1,1,0.9998272803652754
1,1,0.999575800481785
1,1,0.9992519613972657
0,0,5.826395675009395e-06
0,0,9.718014408162316e-08
0,0,0.0008481427677587782
0,0,4.406519396445302e-06
0,0,8.29818224933276e-06
0,0,1.1507137119075719e-07
0,0,8.599320486135755e-06
1,1,0.999520537377985
1,1,0.9995059354193135
1,1,0.9998588515767836
1,1,0.9998354684286056
1,1,0.9997385014864723
1,1,0.9998904637479759
1,1,0.9988944927127735
1,1,0.9996672182224261
1,1,0.9996041685412307
1,1,0.9997795277460474
0,0,0.0016602744705500787
0,0,1.0345758925671863e-07
1,1,0.9997081596851852
1,1,0.9998968317078983
1,1,0.9993395462753972
0,0,3.8699430930724064e-06
1,1,0.9995943857129591
1,1,0.9998347485049132
1,1,0.9994720704305678
0,0,4.744236031788325e-06
1,1,0.9997185159755337
1,1,0.9997012053055384
0,0,3.823291522091074e-06
0,0,5.337129215758278e-06
0,0,5.448713725840046e-06
1,1,0.9995164453089036
0,0,0.001499154795039817
1,1,0.9998053843808276
1,1,0.9998414189304866
0,0,3.86318506763642e-06
1,1,0.9999188183370227
0,0,0.0011010095810892375
0,0,0.0008676088513675949
1,1,0.9992188071356503
0,0,4.579299451253469e-06
1,1,0.9997181420344327
0,0,4.877671411797153e-06
0,0,3.3285754281177486e-06
1,1,0.9999141130408257
1,1,0.999765526617991
1,1,0.9997707469297723
1,1,0.9998876517174025
1,1,0.9997894768634756
1,1,0.9997315976688697
1,1,0.9991552358562378
1,1,0.9993367103401363
0,0,4.210075228293505e-06
1,1,0.999653882261495
0,0,0.001024108655069977
0,0,4.558963055464681e-06
1,1,0.9994479866094975
1,1,0.9996658036350539
0,0,5.34614422651199e-06
1,1,0.9996498917458313
0,0,4.3615162025707e-06
1,1,0.9997406275785365
0,0,9.30532712860331e-08
0,0,8.760196484693693e-06
0,0,0.0008169567785591244
0,0,0.0009729053002958068
1,1,0.9992625518954417
0,0,4.33110218060616e-06
0,0,3.4222134183897455e-06
0,0,8.200503975119095e-08
1,1,0.9999417586273031
1,1,0.9996574965721552
0,0,1.154085537433524e-07
0,0,3.983297304505854e-06
0,0,4.145871435325419e-06
1,1,0.9994347166734745
0,0,3.6517066158348095e-06
1,1,0.999929612810785
0,0,5.521114343383916e-06
1,1,0.9998347815827545
1,1,0.9996716187888498
0,0,4.9323922778669385e-06
0,0,1.1679698665751535e-07
0,0,1.0106508077529727e-07
0,0,9.212721949570185e-06
0,0,0.0010031104068985663
1,1,0.9996379236135138
1,1,0.9997978510022807
0,0,1.0899824659528607e-07
1,1,0.9990940092982268
0,0,5.79620139724218e-06
0,0,8.622611244919263e-06
0,0,0.0006858928365075035
1,1,0.9996909506021114
1,1,0.9994248137220944
0,0,1.1611797138405094e-07
0,0,1.0959811851694547e-07
1,1,0.9998444447260715
1,1,0.9997454638301184
0,0,4.224082368293126e-06
0,0,1.1165008880322268e-05
1,1,0.9998371549268209
0,0,1.0934503525647051e-07
1,1,0.9996142285820502
1,1,0.9998544238983105
0,0,3.6828080241274433e-06
0,0,6.021212365874945e-06
1,1,0.9994566112269049
1,1,0.9991578567004371
0,0,5.62740664093964e-06
0,0,5.619876046107679e-06
1,1,0.999838131669477
1,1,0.9998492540742642
0,0,1.0391570171022184e-07
1,1,0.9993586589623195
1,1,0.9990474337065226
1,1,0.9995772709587262
1,1,0.9998899410807774
1,1,0.9997331664382717
1,1,0.9996681784078862
0,0,1.176069917377815e-07
1,1,0.9998029612833517
0,0,4.4162651517634484e-06
1,1,0.9997830466509106
0,0,0.0015286390184548933
0,0,0.001152215588405771
1,1,0.9997346136962764
0,0,3.31943276119878e-06
0,0,3.926261778397468e-06
1,1,0.9989905389174695
0,0,1.152379219871032e-07
0,0,5.502844099934776e-06
0,0,1.31784994649943e-07
0,0,6.6373508061098956e-06
0,0,3.850714455810627e-06
1,1,0.9995717490483452
1,1,0.9996749393178977
1,1,0.9998624002705729
1,1,0.9997787037542111
0,0,4.408192766431795e-06
1,1,0.9998575643023699
0,0,1.2360828043926063e-07
1,1,0.999678557185044
1,1,0.9999155676892051
0,0,3.4983818525416107e-06
1,1,0.9989444385165507
0,0,1.2105812227736413e-07
0,0,4.417544848682659e-06
1,1,0.9994818900959817
0,0,5.237640697230669e-06
1,1,0.9998275779395295
0,0,5.023943856225547e-06
1,1,0.9996197385824821
1,1,0.9998750699015918
0,0,7.732576331592955e-06
1,1,0.9999136711630063
1,1,0.9997958842890148
1,1,0.9997175756056941
1,1,0.9999170250815942
1,1,0.9997096053765234
0,0,0.001769287014042292
0,0,5.316384888580815e-06
1,1,0.9998028149228311
1,1,0.9998598822614495
0,0,5.183325473147792e-06
1,1,0.9997249825966618
1,1,0.9992998055150346
0,0,6.910718450784178e-06
1,1,0.9997607769917111
1,1,0.9997357000667615
0,0,1.0779063073777348e-07
1,1,0.9999260068019112
1,1,0.9998118242123942
1,1,0.9996238448217134
0,0,4.055435137381136e-06
1,1,0.9996540706175063
1,1,0.9998245523100159
1,1,0.9998392891350615
0,0,1.3368051995288487e-07
0,0,1.0717282063125554e-07
0,0,6.127686081419576e-06
1,1,0.999865661814824
0,0,4.122134419223724e-06
0,0,3.1380051729406017e-06
1,1,0.9998682390707333
0,0,3.2513235282277277e-06
1,1,0.9998575587552367
0,0,0.0008626357942849862
1,1,0.9994792946737755
1,1,0.9998300986855477
1,1,0.9992655284210497
1,1,0.9985760477479537
1,1,0.9985237136776594
1,1,0.9997402405130287
1,1,0.9998359946789739
0,0,3.834677088523167e-06
1,1,0.9992065936691836
1,1,0.999329083432694
1,1,0.9998172872640326
1,1,0.9995347531727866
0,0,4.06946625617854e-06
1,1,0.9998454953824012
0,0,5.3601610692138395e-06
0,0,1.2008155906224704e-07
1,1,0.9996417468595035
1,1,0.9994659103176278
1,1,0.9997217312359392
1,1,0.9997332289839944
1,1,0.9986327657129243
1,1,0.9996153721406109
0,0,3.6118586481446876e-06
0,0,4.542104178350494e-06
0,0,6.840471102238782e-06
1,1,0.9996398821029692
1,1,0.9998983798624302
0,0,0.0005228674550690478
1,1,0.9996646519961729
0,0,3.0144465576992203e-06
0,0,3.913048936117746e-06
1,1,0.9995625022240504
1,1,0.999926426347228
1,1,0.9998280698415715
1,1,0.9998537262979361
1,1,0.9998580193978313
1,1,0.9985302763604309
1,1,0.9993147741177864
1,1,0.999882817550481
0,0,4.0418537581517455e-06
1,1,0.999902807305596
1,1,0.9992333519633461
0,0,0.0011451884359172776
1,1,0.9998659235518103
1,1,0.9990617365343168
0,0,6.704786302632552e-06
0,0,0.00161064414565816
1,1,0.9997706831275066
1,1,0.9998843939391062
0,0,3.149770068207481e-06
1,1,0.9996449003499582
0,0,4.19757609128994e-06
1,1,0.9997212535780756
1,1,0.9996709991880098
0,0,4.2453857506497905e-06
0,0,4.170912336410604e-06
0,0,4.317562141133047e-06
1,1,0.9996153131243
1,1,0.999549848665835
0,0,6.253175169420894e-06
1,1,0.9993826266522313
1,1,0.9999265754320817
0,0,0.0015303903697641485
1,1,0.9997910685958945
0,0,4.121301728616153e-06
1,1,0.9998797330287098
0,0,5.044917044529864e-06
1,1,0.9998308542232189
0,0,1.2354358685081198e-07
1,1,0.9997038082103719
1,1,0.9999029954565566
1,1,0.9998247705325718
1,1,0.9997469392876114
1,1,0.9988998320682226
1,1,0.9998363788438596
0,0,3.8906557521772165e-06
1,1,0.9984629126196302
1,1,0.9996325381663311
0,0,5.89596749456123e-06
1,1,0.9998597178941252
0,0,3.964234455415177e-06
1,1,0.9998919158699213
1,1,0.999839604134884
0,0,5.760157435843136e-06
1,1,0.9998029319375089
1,1,0.9997193444539104
1,1,0.999734063807432
0,0,1.1083140667179635e-07
0,0,4.320131611106986e-06
1,1,0.9998036154184263
1,1,0.9994410885598246
1,1,0.9996390398972629
1,1,0.9994671164628445
1,1,0.9998186423484606
1,1,0.9995229358208075
1,1,0.9998033768470468
1,1,0.9984357859484496
1,1,0.9993062322785203
1,1,0.9997843066389537
1,1,0.9999278321976872
0,0,3.897763657629588e-06
1,1,0.999656566245666
0,0,7.020538377065198e-06
1,1,0.9995830378070463
0,0,4.444145303464475e-06
0,0,1.0443696692269085e-07
1,1,0.999815815835503
1,1,0.999618559273619
0,0,6.930235807224678e-06
1,1,0.9997620370800606
0,0,8.08527048860985e-06
0,0,5.105211299097774e-06
1,1,0.9998845628533584
1,1,0.9995417194667734
0,0,6.168900252236923e-06
1,1,0.9997760005718848
1,1,0.99979081054009
0,0,3.089731422050623e-06
1,1,0.9998435407972797
1,1,0.9994590117787023
1,1,0.9997759429493246
1,1,0.9996583850592824
0,0,0.0014046460649896654
1,1,0.9996662942122732
1,1,0.9998774046149217
1,1,0.9997673938633347
1,1,0.9998600093649301
1,1,0.9996560119841784
1,1,0.9998548215736772
1,1,0.9996894662199992
1,1,0.9995692340516493
1,1,0.9993744976766527
1,1,0.9999137715409695
1,1,0.9996629765673437
0,0,1.1068874144189992e-05
0,0,9.28700893464053e-08
1,1,0.9997063880738393
1,1,0.9997344737644557
1,1,0.9997582927762951
0,0,1.0625919535999055e-05
1,1,0.9993136767530931
1,1,0.9997973328640799
0,0,4.358836052836852e-06
1,1,0.999815441557836
0,0,4.018555490419956e-06
1,1,0.999869915971448
1,1,0.9997045263913105
0,0,0.0009995699507480372
1,1,0.9998973428209543
0,0,0.001221455004505776
0,0,0.0007881805016321982
1,1,0.9996753791968251
1,1,0.9993556996394449
1,1,0.9998842795672896
0,0,1.065570665578126e-07
1,1,0.9997545885076236
1,1,0.9993806494539217
0,0,4.538795502330901e-06
0,0,0.0009169536328655906
1,1,0.9997982677632641
1,1,0.9999280642554165
1,1,0.9997047347417412
1,1,0.9999118077974612
1,1,0.9997272715704545
1,1,0.9999171246467617
0,0,3.5076311319255026e-06
0,0,0.0007754156334783259
1,1,0.9999358221068803
1,1,0.9998894723482796
0,0,5.708996021234219e-06
1,1,0.999137974766443
0,0,5.925651366359282e-06
0,0,4.341453542874175e-06
1,1,0.9997989127659354
0,0,1.101602721838995e-07
1,1,0.9998994883396638
1,1,0.9992032768225141
1,1,0.9994748062357045
0,0,1.0433163665251996e-07
1,1,0.9996854030928729
1,1,0.9989276659335755
1,1,0.9997603079675887
0,0,6.097221235172156e-06
0,0,9.504636016963956e-08
1,1,0.9998800022039371
0,0,4.860025235144486e-06
1,1,0.9996772190972475
0,0,0.0008599463378360497
1,1,0.9998401564342005
1,1,0.9998346474783384
1,1,0.999420615543457
1,1,0.9991867421029283
1,1,0.9989303140997429
1,1,0.9994736916443685
1,1,0.9997152292434249
0,0,4.28058586030872e-06
1,1,0.9995647939129852
1,1,0.9991769862991092
0,0,4.9523028445331926e-06
1,1,0.9999286853273059
1,1,0.9999215273195321
0,0,3.969546863086241e-06
0,0,5.216368222277008e-06
1,1,0.9998996915987667
0,0,1.2406134806536398e-07
0,0,0.0015753782473804808
1,1,0.9998012030296282
1,1,0.999894331648689
0,0,5.639848143372983e-06
0,0,4.366176689253647e-06
1,1,0.999849669742408
0,0,0.0012819374393938476
1,1,0.9995791419576693
1,1,0.9997473891246094
0,0,4.573083041211985e-06
1,1,0.999795625021338
1,1,0.9997483814511614
1,1,0.9997837785069342
1,1,0.9994541904921442
1,1,0.9996563951953037
1,1,0.9997825350867575
0,0,3.3234738883692396e-06
1,1,0.999778248106441
1,1,0.9997306571421297
0,0,4.515883383192998e-06
0,0,4.119097369234395e-06
0,0,1.1128691107477257e-07
1,1,0.9998341464329719
1,1,0.9997831858992066
0,0,5.529222627163778e-06
1,1,0.9998970568436937
0,0,5.783707671835461e-06
1,1,0.9996419930341414
1,1,0.9998556804604734
0,0,0.0009672465417409597
0,0,4.873142820957035e-06
1,1,0.9996634712099
1,1,0.9994865779350142
0,0,1.4277615564411653e-07
1,1,0.9998881291788183
1,1,0.9998318214675691
0,0,4.97097687656071e-06
0,0,3.923656733653586e-06
1,1,0.9998120511422928
0,0,3.4990681557250957e-06
1,1,0.9990493541220579
1,1,0.9992897592992029
0,0,1.1069291878706413e-07
1,1,0.9994371953869959
1,1,0.9999385887399709
1,1,0.99985765465691
0,0,4.957900129189854e-06
1,1,0.9998728080726282
0,0,5.491027797206045e-06
0,0,0.0003708575982600376
1,1,0.9995804105543066
1,1,0.9998447572249269
0,0,0.0005029301887900282
0,0,1.176925386972834e-07
0,0,0.0008614732060384429
1,1,0.999737130830955
0,0,0.0010849106654849585
0,0,0.0013452297817439654
1,1,0.9995892114158237
1,1,0.9994920811917639
0,0,3.3017522505856196e-06
1,1,0.999867549960149
0,0,4.372217424988813e-06
1,1,0.9998883308625827
1,1,0.9998865798676931
1,1,0.9998212786622696
0,0,3.868161218196289e-06
1,1,0.999664197949942
0,0,5.033454982916709e-06
0,0,1.0796934174381374e-07
1,1,0.9998005175741378
1,1,0.9996909295205734
0,0,5.262455502092192e-06
1,1,0.9995804973540566
0,0,4.42671193584023e-06
0,0,1.1790312628522602e-07
0,0,0.0012118255857063208
1,1,0.999269244883943
1,1,0.999671365338879
1,1,0.9995016909943938
1,1,0.9998494003772933
0,0,3.644229075801018e-06
0,0,0.0009308287177262764
1,1,0.999616081252647
1,1,0.9995315600419112
1,1,0.9997090997662536
1,1,0.9996354460178211
1,1,0.9995296204925413
0,0,8.598940876062827e-06
0,0,3.7578607438241e-06
0,0,1.1104340764427758e-07
1,1,0.9997489192475496
1,1,0.9995515236257576
0,0,8.975357093695386e-06
1,1,0.9996169760329656
1,1,0.9994726334005711
1,1,0.9989392230857944
0,0,5.91237333077029e-06
1,1,0.9997163107364876
1,1,0.9998351172149121
0,0,6.6795787454879145e-06
0,0,5.347413539995083e-06
0,0,1.1408144414699685e-07
1,1,0.9998006821583094
1,1,0.9999404194692496
1,1,0.9998809231017901
1,1,0.9996141020147924
0,0,4.9564024939824305e-06
0,0,4.154078967038128e-06
1,1,0.9996113923682501
1,1,0.9998004880891643
1,1,0.999932851679955
1,1,0.9997450885973133
1,1,0.9998987061907503
1,1,0.9995634438354268
0,0,0.0008460747981840206
0,0,0.000896946526970075
1,1,0.9998950488917494
1,1,0.9998863922625179
0,0,4.137163639783927e-06
1,1,0.9998375063285154
1,1,0.9995542295490569
1,1,0.9983891088674799
1,1,0.9993666977011498
1,1,0.9999237215331745
1,1,0.9996556185568299
0,0,4.69644838913617e-06
1,1,0.9997921014685115
1,1,0.9997631253668744
0,0,1.1532631725002476e-07
1,1,0.9989818610905452
0,0,7.097278850380839e-06
1,1,0.9988050509261248
1,1,0.999790294891709
1,1,0.9997736427387177
0,0,4.6373997299900104e-06
0,0,6.7673061428149304e-06
0,0,1.2173475987783892e-07
1,1,0.9989824651541281
1,1,0.999762373168732
1,1,0.99959584894694
0,0,5.345795910411142e-06
0,0,0.0015287090082114446
1,1,0.999805266910419
1,1,0.999767586719348
0,0,6.067643732489082e-06
1,1,0.9998155867221189
0,0,9.256009817439736e-08
1,1,0.9999327773121657
1,1,0.9999072162497441
1,1,0.9997317396448693
1,1,0.9998674703348788
1,1,0.9988032036257924
0,0,5.049069163530797e-06
0,0,4.8799288664194905e-06
0,0,5.189012834132544e-06
0,0,1.248822620704666e-07
0,0,4.241246205949144e-06
0,0,3.671900674755391e-06
1,1,0.999814442563132
0,0,3.2581603885272686e-06
1,1,0.9994217341550607
1,1,0.99938974260708
1,1,0.9998431182410735
1,1,0.9991178479055068
1,1,0.9990197902586381
0,0,3.83195780383087e-06
0,0,1.0966949303426998e-07
1,1,0.9997129453243957
1,1,0.9996082211550944
0,0,5.848610422185967e-06
0,0,1.276023324637922e-07
1,1,0.9999590151853728
1,1,0.9998128567849133
0,0,4.979220624466781e-06
1,1,0.9999028557268137
1,1,0.999554738894748
0,0,1.1767279913111891e-07
0,0,7.626653683844354e-06
1,1,0.9997652073535886
1,1,0.9997393179298518
0,0,7.473388819695064e-06
1,1,0.9998550074752195
0,0,4.972597026408799e-06
1,1,0.9994307174371392
1,1,0.9998596901031961
0,0,1.1101820089047595e-07
1,1,0.9998980935928422
0,0,9.992211649102346e-08
1,1,0.999600400866853
1,1,0.9998553331103758
1,1,0.9998872231103636
0,0,3.873588403015445e-06
0,0,3.781815274389717e-06
1,1,0.999821827118444
1,1,0.9999284506173911
0,0,3.269860735046467e-06
1,1,0.9997558280056881
0,0,4.255846484687568e-06
1,1,0.9997736321293312
1,1,0.9994685931156455
0,0,3.58950315265815e-06
0,0,3.985212139839777e-06
1,1,0.9999428867616645
0,0,3.018674072616263e-06
0,0,4.6037824006901315e-06
0,0,9.378981865559006e-08
1,1,0.9996618969037422
0,0,5.0550092408353265e-06
0,0,5.1608563659279636e-06
0,0,9.360651426843338e-08
0,0,1.0650027498118353e-07
1,1,0.9998560580040654
1,1,0.9991424995872797
0,0,3.918746812340649e-06
1,1,0.9996983908057588
1,1,0.9996814355823846
1,1,0.9993775263618779
0,0,1.3011246783298265e-07
1,1,0.9997754815432536
0,0,4.434265163335814e-06
1,1,0.999558712305643
1,1,0.9999086906151454
1,1,0.9994108198283129
0,0,6.282870659605658e-06
1,1,0.9998577358240976
0,0,1.1159402022257589e-07
0,0,6.399839771652866e-06
0,0,0.0008401250330816529
1,1,0.999769579780981
0,0,5.858028707449066e-06
1,1,0.9998968307239267
0,0,4.3415371001880805e-06
1,1,0.999867503538135
1,1,0.9994535528780413
1,1,0.999810639702539
1,1,0.9999029343990954
1,1,0.9993107949354099
1,1,0.9996854803198727
1,1,0.9996949319560514
0,0,4.152337249325289e-06
1,1,0.999692538768645
1,1,0.999630801599892
1,1,0.999745675051378
1,1,0.9998440785401328
1,1,0.9998756112350864
1,1,0.9996787341650315
1,1,0.9997581454393221
1,1,0.9990589237580478
1,1,0.9992977158971355
1,1,0.9992125289670557
1,1,0.9998199383185354
1,1,0.9991255014919903
1,1,0.9997249381302151
1,1,0.9996124266448801
1,1,0.9994535541561741
0,0,3.837149748890477e-06
1,1,0.9995318253012844
0,0,5.960551063904965e-06
0,0,5.5132658506390785e-06
1,1,0.999232073686476
0,0,1.1434027163827662e-07
1,1,0.9989675527099938
1,1,0.9993522941384744
1,1,0.9991329794212707
0,0,6.0391336185577425e-06
1,1,0.9993792159726259
0,0,6.017464726405877e-06
1,1,0.9997479551830338
1,1,0.9997924580400717
1,1,0.9997976742976672
1,1,0.9996424538496611
1,1,0.9997801227587494
1,1,0.9998260333016847
1,1,0.999475055376013
0,0,6.563179116293944e-06
0,0,6.334248803470198e-06
1,1,0.9998130604862279
0,0,4.971240390712352e-06
1,1,0.9997559383788992
1,1,0.9994880612458356
0,0,6.889600124838421e-06
1,1,0.9991012383052217
1,1,0.9993066167689817
0,0,3.7679886550601107e-06
1,1,0.9999256925278833
0,0,1.2128611220143052e-07
1,1,0.9997502833656666
1,1,0.9998594621801584
1,1,0.9994086146575583
1,1,0.9997546739678724
1,1,0.9996116177173203
1,1,0.999887451249294
1,1,0.9998983764296043
0,0,3.3844618316674125e-06
1,1,0.9993473351123826
0,0,0.0004835584844840034
1,1,0.9995452605791851
1,1,0.9998754216318877
1,1,0.9996690906665823
1,1,0.9999535554648941
1,1,0.9989156748217927
0,0,1.0228665837143243e-07
0,0,3.9449764225820545e-06
1,1,0.9996950341534835
1,1,0.9990212604913296
1,1,0.9993821091813575
0,0,1.1244819503344911e-07
1,1,0.9999313362244177
0,0,8.333940580798809e-06
0,0,4.180073358891847e-06
1,1,0.999766284289966
0,0,5.275486319585359e-06
0,0,0.0012809871992949474
0,0,4.115026582618749e-06
1,1,0.9991625310235648
0,0,3.1971979728887056e-06
0,0,3.8226104056123735e-06
0,0,2.9830864265680076e-06
1,1,0.9995657052520478
1,1,0.999703704372177
1,1,0.9996581695699147
0,0,0.001025573932187793
0,0,1.0792952851329251e-07
1,1,0.9998916310064148
1,1,0.9997659281032445
0,0,4.4550401296292115e-06
0,0,4.329035243623428e-06
1,1,0.9997030373764922
0,0,4.277613556725845e-06
0,0,0.001253737363528145
1,1,0.9998254527685796
0,0,8.46617478961888e-06
1,1,0.9998211848225428
1,1,0.999737492752411
1,1,0.9990923788038231
1,1,0.9996960351411818
0,0,9.247464436529121e-06
0,0,1.1250948424776354e-07
1,1,0.9999008732950502
1,1,0.9999501850113305
0,0,0.0018136089697340103
1,1,0.99980258150704
1,1,0.9997159305444087
1,1,0.9999495037326886
1,1,0.9999156440784618
1,1,0.9994320593651148
1,1,0.9999128419986554
1,1,0.9987866402036829
1,1,0.9998571230876734
0,0,0.0017283777401997553
0,0,0.0009577362701184555
0,0,6.270580677037235e-06
0,0,1.0732324718715763e-05
1,1,0.9996508253963605
0,0,0.0008506214348418325
1,1,0.9997948591066008
1,1,0.9993963778301376
1,1,0.9995611034951757
1,1,0.9995490127181285
1,1,0.9994579103795405
1,1,0.9998648171553857
1,1,0.9997691337427954
1,1,0.9998577483234804
1,1,0.9999154997861587
0,0,3.4962337017959647e-06
0,0,0.0004346813193587214
0,0,5.0911072974930705e-06
1,1,0.9987373003213896
1,1,0.9998843620616487
1,1,0.9991265351521543
0,0,4.817323136629696e-06
1,1,0.9994767768877744
0,0,4.5928806148369675e-06
1,1,0.9997365619169788
1,1,0.9995098687953614
1,1,0.9991596050276705
1,1,0.999753446578986
1,1,0.9998776790742748
0,0,1.2328048746666822e-07
1,1,0.9999069644096796
0,0,1.1850768060109232e-07
0,0,0.0012112418054832826
0,0,1.1056193675685427e-07
1,1,0.9995587683445362
0,0,7.3855435845677725e-06
1,1,0.9994757815402138
1,1,0.9992827960593061
1,1,0.999886153139167
1,1,0.9998543332447858
1,1,0.9996733850316455
0,0,0.0007161725505990554
0,0,4.07563866394723e-06
0,0,1.2664565122245733e-07
1,1,0.9996990276196195
0,0,5.015699462192438e-06
0,0,4.5847334851985874e-06
1,1,0.9998972806331824
1,1,0.9996263800622451
1,1,0.9997370424593026
1,1,0.9999343255507833
0,0,4.720109966697829e-06
0,0,8.231341251030756e-06
0,0,6.156370926595565e-06
1,1,0.9998777469526453
0,0,5.2492133247111216e-06
1,1,0.9993896338577541
1,1,0.998646747068461
1,1,0.9998612906294669
1,1,0.9996124594340767
1,1,0.9997966048923177
0,0,6.695802574110876e-06
0,0,5.395267248504797e-06
1,1,0.9998008779287062
1,1,0.9999122740994224
1,1,0.9998289080952704
1,1,0.999883235058271
1,1,0.9996316379492536
1,1,0.9998867811094241
1,1,0.9998870621275222
1,1,0.9998373960113301
0,0,3.5286375176200192e-06
0,0,1.0230778077533313e-07
1,1,0.9991909855127884
1,1,0.9996455533738701
0,0,0.0005579856794111103
0,0,4.442129307264245e-06
0,0,0.0005904566060101565
1,1,0.9997796259889224
1,1,0.9995678855570085
0,0,0.0014883036003662479
0,0,1.4532479008115742e-07
0,0,4.991845432354461e-06
1,1,0.998934681533077
0,0,1.1973064867302654e-07
0,0,5.978314667988114e-06
1,1,0.9998713321806593
1,1,0.9998193121959428
1,1,0.9996682555791566
1,1,0.9992164453764989
0,0,0.0004892935894049094
1,1,0.9995596408377051
0,0,5.332055670399093e-06
1,1,0.9998646931156525
0,0,0.0003496929994572049
1,1,0.9996812437474012
1,1,0.9998078389481202
1,1,0.9991780766709036
1,1,0.9996417357813205
1,1,0.9995327290242048
0,0,4.722866099194353e-06
1,1,0.9995136659670639
1,1,0.9990758199551397
1,1,0.9991451413303872
0,0,3.6839846998466915e-06
0,0,9.009161606524191e-06
1,1,0.9988877476326694
0,0,3.897583851256844e-06
1,1,0.9993193022227057
0,0,0.0007309074523113191
0,0,5.726211748880852e-06
1,1,0.9998413274576766
0,0,6.018779050896059e-06
1,1,0.9995406339532485
1,1,0.999652312160709
0,0,4.900372404455485e-06
1,1,0.999596411374231
1,1,0.9976492149144371
1,1,0.9997448904742933
1,1,0.9997007471872618
0,0,9.578088800467729e-06
1,1,0.9995918343813417
1,1,0.999720312418029
1,1,0.9996280137289977
0,0,4.591716959694916e-06
0,0,1.284755285276492e-07
0,0,5.5525639793588615e-06
0,0,7.140197269955919e-06
0,0,4.573142679489305e-06
0,0,5.4360954944647885e-06
1,1,0.9998318507526857
1,1,0.9992822740090078
1,1,0.9989153970057141
0,0,4.095258410526757e-06
1,1,0.999889275422311
1,1,0.9994137851635441
1,1,0.9997049549952106
1,1,0.9999122660012337
1,1,0.9995236563849479
1,1,0.9998281246576969
1,1,0.9996116590901059
1,1,0.9998774303735093
1,1,0.9998687303071686
0,0,5.559963111331153e-06
1,1,0.9999630770835466
1,1,0.9998500634318184
1,1,0.9996680084093952
1,1,0.9993315659271143
1,1,0.999876301442048
0,0,1.2163693868321906e-07
0,0,1.1382125415085663e-07
1,1,0.9997466353998613
1,1,0.9999436555291145
0,0,6.177856608377427e-06
1,1,0.9998558602697838
0,0,5.285205775217727e-06
1,1,0.9990173108267864
0,0,0.0014905152573572258
1,1,0.9996303073690282
1,1,0.9998700954469112
1,1,0.9996233195767313
1,1,0.9998856186907166
1,1,0.9996107999548961
1,1,0.9998990781935501
0,0,4.8931587073430545e-06
1,1,0.9997896283260461
1,1,0.9996397103487672
1,1,0.9994372999536156
0,0,3.0387738339858924e-06
1,1,0.9996624225121729
1,1,0.9998314666805421
0,0,6.200748842204692e-06
0,0,5.739490436179696e-06
1,1,0.9991356995798877
1,1,0.9995910791813726
1,1,0.9990170046919391
1,1,0.9993099147425832
0,0,4.85956212206104e-06
1,1,0.9998997846157335
0,0,5.367057289696173e-06
1,1,0.9997283609683333
1,1,0.9988950141392883
0,0,6.0113129530377415e-06
1,1,0.999915568622848
0,0,5.066548195873395e-06
1,1,0.9996144545378712
1,1,0.9994384056515155
1,1,0.9998903113459459
0,0,1.0898534599408175e-07
0,0,4.272062935506635e-06
0,0,4.255729858077722e-06
0,0,5.206298867146942e-06
1,1,0.9999249763727386
0,0,0.0010119650056014237
1,1,0.9996785484422898
0,0,6.304267150834477e-06
1,1,0.9997013174806836
1,1,0.9999504567229566
1,1,0.9993521361156098
1,1,0.9999097544432181
0,0,6.119374227341084e-06
1,1,0.9998778814026641
1,1,0.9996391708505971
0,0,4.3388290287117556e-06
1,1,0.9997966298154815
1,1,0.9996256948200822
1,1,0.9999366521780396
0,0,0.00091970062330689
0,0,1.0270357473110951e-07
0,0,5.738945568202069e-06
0,0,4.06042454676804e-06
0,0,5.620156244845393e-06
0,0,1.1871765047848819e-07
1,1,0.9997927684707331
0,0,7.295918816424335e-06
1,1,0.9991995730065413
0,0,4.180984465584198e-06
1,1,0.9997865433956625
0,0,5.757767024391124e-06
0,0,4.262417523966943e-06
1,1,0.99981193900815
1,1,0.9999278135177697
0,0,0.0006927716708165618
0,0,5.077458716058787e-06
1,1,0.9999081763447903
1,1,0.9996003276308698
1,1,0.9996866317856885
1,1,0.9997022339615184
1,1,0.9997341213606716
0,0,1.388133234403005e-07
1,1,0.9996751210648668
1,1,0.9996241042030638
1,1,0.9997422625028413
0,0,0.0007348511113051037
0,0,1.1265652487204543e-07
1,1,0.999365404482749
0,0,1.0769906820362279e-07
1,1,0.9993704846034517
1,1,0.9998081735762147
1,1,0.9999282421579034
1,1,0.9991465089947829
1,1,0.9994523563723697
1,1,0.9998652139454491
1,1,0.9997937169635075
1,1,0.9996249054807493
1,1,0.9995437899041
1,1,0.9998527797449045
1,1,0.9997867846057331
1,1,0.9997070531315548
0,0,0.0003300128192885467
1,1,0.9996830053561989
0,0,0.00038232532546900985
0,0,5.4166725131780665e-06
1,1,0.9997872803851889
1,1,0.9997490210578595
1,1,0.9995351336621062
1,1,0.9996945370803532
1,1,0.9998723032886753
0,0,5.10114099805003e-06
1,1,0.9997724953916677
1,1,0.9996881248697235
1,1,0.9997297980714146
1,1,0.9996957844361083
1,1,0.99947324676938
0,0,5.752118760779074e-06
1,1,0.9997776414344549
0,0,3.7121093946768174e-06
1,1,0.9997291367456284
0,0,5.360929989901626e-06
1,1,0.9997599784562975
0,0,5.712362938319401e-06
1,1,0.999588598513857
0,0,3.4219995427062525e-06
0,0,0.0005880397280150435
0,0,6.316534018171826e-06
0,0,5.9713790024806e-06
1,1,0.9998333231698053
0,0,6.023148598029053e-06
1,1,0.9983423455997924
0,0,4.599471509447441e-06
0,0,4.432416088535304e-06
1,1,0.9994813702385666
0,0,3.4674069220038383e-06
1,1,0.999661124200006
0,0,5.498770458321706e-06
0,0,5.7213985265162775e-06
1,1,0.9998197797044841
1,1,0.9993396936050234
0,0,7.547046639544684e-06
1,1,0.9995972299002472
1,1,0.9995966218707736
1,1,0.9991447031394539
1,1,0.9998857082158746
1,1,0.9991754057560435
0,0,0.0009088530316696206
0,0,0.001398614034808706
1,1,0.9991444129583138
0,0,4.264345103760943e-06
1,1,0.999665066748144
1,1,0.9997648067056905
1,1,0.9998571399626072
1,1,0.999411252963086
0,0,3.840588673736573e-06
1,1,0.9997409220706093
1,1,0.9998829813823753
1,1,0.9999051807436969
1,1,0.9998764366013679
1,1,0.9996259766534231
1,1,0.9996499626841064
1,1,0.9997392125207157
0,0,1.1045238320119009e-07
1,1,0.9995401607272161
0,0,1.2096104912243066e-07
1,1,0.9998058879093634
0,0,0.0014263396061665508
1,1,0.9997242691490404
0,0,4.016090163807674e-06
0,0,5.014714776508089e-06
1,1,0.9998037746618493
0,0,0.0010205782147640976
1,1,0.9982914432178214
1,1,0.9997866637579207
1,1,0.9999448113267408
1,1,0.9998109692162119
0,0,4.899162459364673e-06
0,0,1.22205235649679e-07
0,0,3.7569569775899647e-06
1,1,0.9997675974512867
1,1,0.9997070653584123
1,1,0.9989343648597635
1,1,0.9996398273814787
1,1,0.9998486604883884
0,0,4.469355790006416e-06
1,1,0.999937386464402
1,1,0.9997060873071713
0,0,4.8081426993041e-06
0,0,5.265802363100471e-06
1,1,0.9998664341316511
1,1,0.9995428422708907
1,1,0.9996314875342592
1,1,0.9992772631948913
0,0,4.3431724638993e-06
1,1,0.9997328305305421
1,1,0.9996289723676263
0,0,5.590190711990604e-06
1,1,0.9997757226377307
1,1,0.9999150838952954
0,0,5.3369960463188e-06
1,1,0.9994577964194427
1,1,0.9988489625948218
0,0,6.262221170822059e-06
0,0,1.1639865618989995e-07
0,0,3.486370020924525e-06
1,1,0.9999313847995779
1,1,0.9992443170144257
1,1,0.9997976279277251
0,0,3.907135335464528e-06
1,1,0.9998361895877544
1,1,0.9988981144076986
1,1,0.9998462976723758
1,1,0.999315543004558
1,1,0.9996341557721946
1,1,0.9995976888182898
1,1,0.9994360112207312
1,1,0.999720140017392
0,0,3.0002527394357964e-06
1,1,0.9986208380834871
1,1,0.9997770864807525
1,1,0.9994049870704331
1,1,0.9996555598731226
1,1,0.9990667322299088
1,1,0.9998049491577027
1,1,0.9998284539587495
1,1,0.9995985160220565
1,1,0.9995153688495952
1,1,0.9996095666727495
0,0,6.40100445082522e-06
0,0,4.365980939046234e-06
0,0,5.225416654185064e-06
1,1,0.9998104098048971
1,1,0.9998587092653284
1,1,0.9997071245985519
0,0,4.240636518859825e-06
0,0,0.0013228567862032731
1,1,0.9995309723913636
0,0,3.4139222882113123e-06
1,1,0.99961171684321
1,1,0.9998661336401885
0,0,1.0871442407855399e-07
1,1,0.9997239204330167
0,0,1.2493343539867627e-07
1,1,0.9998118233312708
0,0,0.0010590181282372133
1,1,0.999910000834296
1,1,0.9998567084981772
1,1,0.9997330901646122
0,0,4.184839195941235e-06
1,1,0.9990870151366242
0,0,6.446634880753584e-06
1,1,0.999808292794058
0,0,4.324581535905394e-06
1,1,0.9995595246068508
1,1,0.9998298833805396
0,0,7.247947797130642e-06
1,1,0.9988956319206024
1,1,0.9997790043049939
1,1,0.9997688191793518
0,0,1.1034653710156027e-07
0,0,4.093105895395693e-06
1,1,0.9997600694950212
0,0,1.0459922948355125e-05
1,1,0.9998083508579731
1,1,0.9997604172097643
0,0,1.2164528841688552e-07
1,1,0.9992827622953494
1,1,0.9988910766067002
1,1,0.999823660279873
1,1,0.9995968942863919
0,0,9.304522184966367e-06
1,1,0.9997707012204505
1,1,0.998919653774921
0,0,5.0665409786850725e-06
1,1,0.9997892196652354
1,1,0.9998774437228294
1,1,0.9998835066773886
0,0,4.9414632552536434e-06
0,0,7.13813441043741e-06
1,1,0.9992820114354897
0,0,1.0296128860407412e-07
1,1,0.9998089197343134
0,0,5.244986928336159e-06
1,1,0.999568589116531
1,1,0.9997601113777899
1,1,0.9998497905557773
1,1,0.99977395475962
1,1,0.9997980021300196
0,0,4.11333630426812e-06
0,0,4.2423454112957235e-06
1,1,0.9997597800169844
1,1,0.9995959738018473
1,1,0.9996509945920443
0,0,1.0186372837625247e-07
0,0,3.7343532634536185e-06
1,1,0.9992132513837714
1,1,0.9998943504271565
1,1,0.9987655323321752
1,1,0.9996473370768565
1,1,0.9995925536575725
1,1,0.9999066308228445
1,1,0.9997314054819565
1,1,0.999634895512092
1,1,0.9998834146955607
1,1,0.9996664008025958
1,1,0.9996508192991983
0,0,3.881203031063463e-06
1,1,0.9998624822575998
1,1,0.9996742557075929
0,0,9.317505648008567e-08
1,1,0.999476682092304
1,1,0.9997356851717925
0,0,1.0889214314580602e-07
1,1,0.9994588907601574
1,1,0.9997237909766665
1,1,0.9995794287582704
1,1,0.9997603724112502
0,0,9.847294118171677e-06
1,1,0.9997454795054387
1,1,0.9998689005761583
1,1,0.999697800638558
0,0,0.0013305551348490785
0,0,6.4173444911253965e-06
1,1,0.9995321869139702
0,0,9.957268339057832e-06
0,0,1.1812224363399291e-07
0,0,6.167479047396825e-06
0,0,3.820243404224171e-06
0,0,5.763868356583772e-06
1,1,0.9998562047049788
1,1,0.9998377528214749
1,1,0.9997112641026314
1,1,0.9996989777702137
1,1,0.999471780724107
0,0,0.0012627033851876513
0,0,5.296596036637761e-06
1,1,0.9996893289454909
1,1,0.9998048580260849
0,0,1.076805333133813e-07
1,1,0.9998543506407589
1,1,0.9997734180072634
1,1,0.9997984658364494
0,0,0.0007955454453524661
1,1,0.9995128751113376
0,0,4.351451867625596e-06
0,0,3.987565728287202e-06
0,0,5.493194660395027e-06
0,0,5.975135277345208e-06
0,0,2.9588361422825943e-06
0,0,0.0016161082011240738
1,1,0.9999122963579525
0,0,1.0879457297821719e-07
0,0,3.5530325150268103e-06
1,1,0.9997992709092832
1,1,0.9997719614849222
1,1,0.9996615364766965
0,0,3.951488277719434e-06
0,0,4.974038868165988e-06
1,1,0.999755562572686
0,0,1.0750035115776791e-05
1,1,0.9997992210144865
1,1,0.9998316245175469
0,0,5.391637504393045e-06
0,0,7.241171775603487e-06
0,0,4.133958328684897e-06
1,1,0.9999042477601378
0,0,3.28025218548127e-06
1,1,0.9998430179675201
1,1,0.9996543010441675
1,1,0.9996970526425215
1,1,0.999796597007373
1,1,0.9997383921932281
1,1,0.9998973669437474
1,1,0.999805881597715
1,1,0.9997281226629119
0,0,1.1943542305827302e-07
0,0,4.200062565738281e-06
1,1,0.9992546236729384
1,1,0.9995978663240465
1,1,0.9996094456017119
0,0,4.518553131846505e-06
1,1,0.9998313935474039
0,0,1.0514201891072436e-07
1,1,0.9998117488476382
1,1,0.9991316329602085
1,1,0.9994789679613326
1,1,0.999629904565973
0,0,3.925453192543409e-06
1,1,0.9998849253314032
0,0,5.314710754474017e-06
1,1,0.9995266937790555
1,1,0.99980621212721
1,1,0.9997152527557938
1,1,0.9994123817712993
0,0,0.0005380432228407616
1,1,0.9996952859254549
0,0,5.316751517685742e-06
0,0,1.0371992650686338e-07
1,1,0.9997607656681822
1,1,0.9992391913024419
0,0,0.0007703737065836261
0,0,1.0021458841380404e-05
1,1,0.9998029017470055
0,0,3.4357418801455942e-06
1,1,0.9997379859615538
1,1,0.9997591841511285
1,1,0.9997223733489151
1,1,0.9987581807892699
1,1,0.9998043202194331
0,0,5.664279820638346e-06
0,0,0.0009842075222259094
1,1,0.999756510416173
1,1,0.9998611687513622
0,0,5.49523039292893e-06
0,0,0.0008201539007378797
0,0,4.330084717176104e-06
0,0,6.416519115244858e-06
0,0,4.235983456067401e-06
1,1,0.9996758213248861
1,1,0.9989893112946125
1,1,0.9996220928842904
0,0,1.1614100251867899e-07
1,1,0.999863342488109
0,0,0.0010680829034902383
1,1,0.999706962275842
0,0,9.124106126574953e-06
0,0,6.590312156389596e-06
1,1,0.9991644837595486
0,0,5.814196449912068e-06
0,0,0.00056060613307541
1,1,0.9998791049287737
1,1,0.999760500071143
1,1,0.9996282282219779
1,1,0.9989155629675691
1,1,0.9997335332305524
1,1,0.9998248462109249
1,1,0.9991982304540427
1,1,0.9998175546315219
1,1,0.999249380789687
0,0,3.3470379053691645e-06
1,1,0.9995066394107865
0,0,3.826404216040968e-06
1,1,0.9999428209049068
1,1,0.9995576654688094
0,0,7.480621256888037e-06
1,1,0.9995901301289443
1,1,0.9993945292678659
0,0,3.6536426130216827e-06
1,1,0.9999438556204021
1,1,0.9998017660691343
0,0,5.689135094069415e-06
0,0,3.7156094420406104e-06
0,0,0.001688871500373665
0,0,3.922380574121646e-06
1,1,0.9992430881761085
0,0,1.0571195883985653e-07
0,0,4.207637600019154e-06
1,1,0.9996661248572899
1,1,0.9993021526479672
1,1,0.9997573088693256
1,1,0.9997087285000619
1,1,0.9997081748857708
1,1,0.99991317684222
0,0,5.708197710598896e-06
1,1,0.9995891282452293
1,1,0.999922507225123
0,0,1.128702781618033e-07
1,1,0.999682606995922
0,0,4.11221935482448e-06
1,1,0.9998243824228795
0,0,0.0008639443138589972
1,1,0.9998447732936877
1,1,0.9993882623315955
1,1,0.9998616269781818
1,1,0.9995210979150686
0,0,1.2254677066892265e-07
0,0,4.530491550043307e-06
0,0,1.0791262998947231e-07
0,0,5.538254367126192e-06
1,1,0.9996250481797857
1,1,0.9998528001383391
1,1,0.9994277420778442
1,1,0.9990273505501703
1,1,0.9998089955460665
1,1,0.9997102668306522
1,1,0.9997814720228823
1,1,0.9998674286699415
0,0,6.0921489677781115e-06
1,1,0.9997236469326565
1,1,0.999465257248623
0,0,4.3528166251999274e-06
1,1,0.9991923474266791
0,0,1.075429147111047e-07
1,1,0.999569906463269
0,0,6.389417922234448e-06
0,0,3.755033207251208e-06
1,1,0.999727517368878
1,1,0.9997355026898509
1,1,0.9998119005963472
1,1,0.9998144511587125
1,1,0.999239428726791
1,1,0.9996421228410108
0,0,0.0015471911322354902
1,1,0.9998192581887392
0,0,0.001442562855556396
0,0,4.228745336933528e-06
1,1,0.9995714419417594
1,1,0.9998508820094228
1,1,0.999425040218198
1,1,0.9997648290467196
1,1,0.9998369025497235
1,1,0.9996637632756157
1,1,0.9996746712134478
1,1,0.9994101639705139
1,1,0.9999148208752097
1,1,0.9990906031738014
0,0,4.924059033248736e-06
1,1,0.9998516275859907
1,1,0.9997173563823698
0,0,0.0018116061088314414
1,1,0.9998621280222697
1,1,0.9997029265997348
0,0,6.703842489109738e-06
1,1,0.9995358187693839
1,1,0.9998142859349657
1,1,0.9998705690465709
1,1,0.9999539802495435
0,0,3.467303414166546e-06
1,1,0.999926606931515
1,1,0.9995327228202068
0,0,1.2461049286646413e-07
1,1,0.999330746565873
1,1,0.9995802698987769
1,1,0.9998640442784316
1,1,0.9991809517069952
1,1,0.9998331015331613
1,1,0.9998898427009979
1,1,0.999618665002337
1,1,0.9996833687724872
1,1,0.9994331004303693
1,1,0.999669804573976
1,1,0.9988740623191689
1,1,0.9997865409778168
0,0,0.00044084886203002487
1,1,0.999836057666722
0,0,0.0007719644940810667
0,0,3.0861571578470525e-06
1,1,0.9999262138753044
0,0,1.244070852034557e-07
1,1,0.9999515468762182
0,0,3.108056572569482e-06
0,0,5.74465275950819e-06
0,0,1.1062483322164792e-07
1,1,0.9999162228518212
1,1,0.9996551270575337
0,0,5.221281713468107e-06
1,1,0.9994356965904003
1,1,0.9996881222788072
1,1,0.999551011283878
0,0,5.221757865503339e-06
1,1,0.9995195635659955
1,1,0.9997579836088488
1,1,0.9993991842632438
1,1,0.9996601556870546
1,1,0.9989579360907991
1,1,0.9994353278952206
0,0,5.20430485851791e-06
1,1,0.999801330291031
1,1,0.9988993043007927
1,1,0.9999228519510563
1,1,0.9994623595104567
1,1,0.9995664560308248
0,0,1.1595219498050377e-07
1,1,0.9992382013234818
1,1,0.9995164952610017
0,0,0.0012488179702318844
1,1,0.9997408582389329
1,1,0.9997957753982836
0,0,3.9044710481817195e-06
1,1,0.9998490843045255
0,0,4.4355462574472865e-06
1,1,0.9998679046802501
0,0,3.010549292237135e-06
1,1,0.9996506672290901
0,0,5.3819321151206546e-06
1,1,0.9998612579588746
0,0,3.947699633420391e-06
1,1,0.9997057902648612
0,0,5.268138022791646e-06
0,0,6.575471619080788e-06
1,1,0.9998796854103066
1,1,0.9997169555139074
1,1,0.9989020814609109
1,1,0.9998497157208934
0,0,3.7244304253329094e-06
1,1,0.9996952680549231
0,0,4.236235334993579e-06
0,0,4.26038286320617e-06
0,0,5.013419346489324e-06
1,1,0.9984519813752577
1,1,0.9997298738004855
1,1,0.9997512219300143
0,0,3.566790723516491e-06
1,1,0.9998997737657498
0,0,4.4382674770484876e-06
0,0,6.871268295814376e-06
1,1,0.9998223924121739
0,0,4.330893178815001e-06
1,1,0.9998912901227336
1,1,0.9997286331524415
0,0,4.127859042414182e-06
1,1,0.9997984589053845
1,1,0.9995315098951187
1,1,0.999942162710925
1,1,0.9998680987327346
0,0,0.0007951092816942967
0,0,1.0816415656368883e-05
0,0,3.5085857497175644e-06
1,1,0.9998607270976423
0,0,3.5401623926813346e-06
0,0,0.0008999797939320758
1,1,0.9994088214189839
1,1,0.9997914718962073
1,1,0.9995041704471159
1,1,0.9999081323435695
1,1,0.999745106330919
1,1,0.9997913895331868
0,0,7.312262728183167e-06
0,0,6.66051644966057e-06
1,1,0.9996542264278747
0,0,1.0182818243421895e-05
0,0,4.862465227526173e-06
0,0,6.132229313749113e-06
1,1,0.999756636607371
1,1,0.9990800442746685
0,0,1.1095574334644996e-05
0,0,3.048390974085402e-06
1,1,0.9995691630116958
1,1,0.9998966555147802
1,1,0.9998826583302979
1,1,0.9993566881798188
0,0,5.527381288740797e-06
1,1,0.9998257605242009
0,0,1.150054671720554e-07
1,1,0.9984424692223013
0,0,4.035050206180497e-06
1,1,0.9998769888567954
0,0,7.148595727550562e-06
1,1,0.9991123892339154
1,1,0.9998706096661636
1,1,0.9997996746180413
0,0,0.0013518605081375755
1,1,0.998874242745347
0,0,1.1023964721048471e-07
1,1,0.9989756449337297
0,0,0.0009018926409356534
1,1,0.9998376429622405
1,1,0.9996631121567804
0,0,5.178760123183095e-06
1,1,0.9997771238875232
0,0,5.4726647082115046e-06
1,1,0.9995668390002629
1,1,0.9994405397431034
0,0,5.70397560506065e-06
0,0,1.1211563333818075e-07
0,0,4.662028176348112e-06
1,1,0.999880517868822
0,0,0.0009039296363685593
0,0,4.985351352097526e-06
1,1,0.9996129381360306
1,1,0.9994745279889498
0,0,0.0013017541762159175
1,1,0.9999270054518191
0,0,1.2037952080980665e-07
0,0,3.970157223009551e-06
1,1,0.9998052593729521
1,1,0.9997548590225986
1,1,0.9998428691413782
1,1,0.9998730927901164
1,1,0.9993173773402536
1,1,0.9999252974637073
0,0,0.0004372497501371556
0,0,5.700225338901136e-06
1,1,0.9992985010914084
1,1,0.9998161224953152
1,1,0.9993073171235705
0,0,4.3799380747472025e-06
0,0,0.0007494597111080016
0,0,5.707676457173254e-06
1,1,0.9997853412689244
1,1,0.9994427695777469
1,1,0.9998939008450983
1,1,0.9990019737521425
1,1,0.9998187145637655
0,0,9.071241015928352e-06
0,0,0.002182286226146023
1,1,0.9997768405838802
0,0,1.0904793146364017e-05
0,0,5.467546341237103e-06
1,1,0.9995082932538184
0,0,5.182047409135476e-06
1,1,0.9996710000225888
1,1,0.9990640317462711
1,1,0.9997050987983758
1,1,0.9996778809117792
0,0,5.848717913144984e-06
1,1,0.9998074995692606
1,1,0.9997457155655929
1,1,0.9995822324209991
1,1,0.9998004794598528
1,1,0.9999060092180163
1,1,0.9997560761693757
1,1,0.9998747563674115
1,1,0.9995975187334464
0,0,5.719753095486097e-06
0,0,1.240171105462845e-05
1,1,0.9996724180004055
1,1,0.9990904209064835
0,0,1.0268800630698472e-07
1,1,0.9998916737561198
1,1,0.9998713587419878
1,1,0.9999419696052125
1,1,0.9992165943749477
1,1,0.9995651979297852
1,1,0.999946484894562
1,1,0.9991848208905897
1,1,0.9998133246328158
1,1,0.9993791943131013
1,1,0.9998316810284705
1,1,0.9998440256201373
0,0,5.607217819919769e-06
0,0,6.6993890809228136e-06
0,0,5.31648755928818e-06
1,1,0.999849374120746
0,0,0.001946055600792694
0,0,1.0033513985521415e-05
1,1,0.9994868477867852
1,1,0.9996641152736796
0,0,6.165847574662952e-06
1,1,0.9995405839073755
0,0,4.896883335397913e-06
1,1,0.9997028542716255
0,0,6.248003841465032e-06
1,1,0.9990361099481744
0,0,1.1516533694581987e-07
0,0,5.223831438130067e-06
1,1,0.9996111553343952
0,0,4.548742146490657e-06
1,1,0.9994233100120112
0,0,5.9200815112257705e-06
1,1,0.9992361869168025
1,1,0.9995251297192219
1,1,0.9995524307325809
1,1,0.9999251814629924
0,0,6.561765221004211e-06
1,1,0.9995985186223101
1,1,0.9990455410404698
0,0,3.702575695110296e-06
1,1,0.9998669191762272
0,0,5.665330553102264e-06
0,0,0.0010288615093141712
1,1,0.9998473213872617
1,1,0.9999018002962534
1,1,0.9997108285201597
1,1,0.999542336069566
1,1,0.9998984623985727
1,1,0.9995967388989337
0,0,0.002157178969590664
1,1,0.999534681635814
0,0,4.5678032158843626e-06
0,0,4.67324104060786e-06
1,1,0.9998516614695672
1,1,0.9994019013096977
1,1,0.99990287574618
0,0,1.2243859953182854e-07
1,1,0.9996757256724234
1,1,0.9999138827205771
0,0,4.2674736149214545e-06
1,1,0.9995310291786308
0,0,5.99275419628251e-06
1,1,0.9999304741538916
0,0,1.1903569714027128e-07
1,1,0.9999110090951846
0,0,5.5318822868151335e-06
1,1,0.9999525194952871
0,0,4.441560043264927e-06
1,1,0.9996165433463532
0,0,3.5271885008068964e-06
1,1,0.9996277446033683
1,1,0.9998646766841472
0,0,5.732958902885844e-06
0,0,4.180561527086911e-06
1,1,0.9993351055814719
1,1,0.9997720598550175
0,0,0.0005253895998589503
0,0,4.775741749647831e-06
1,1,0.999487898133946
1,1,0.9997795777244596
1,1,0.999839196609581
1,1,0.9993251734607325
1,1,0.9998685228711559
1,1,0.9996827966547713
1,1,0.9995999839133807
1,1,0.9997870858415735
1,1,0.999832651324239
1,1,0.999352178604458
1,1,0.9997366800910991
1,1,0.9991201340361677
1,1,0.9998146933821164
0,0,3.7080281017112177e-06
1,1,0.9992654482988025
0,0,1.1137342650460282e-07
1,1,0.9993571268066468
0,0,5.745348437008367e-06
1,1,0.999748593312612
1,1,0.9998859516059064
1,1,0.9997133720611471
1,1,0.9998166144578341
1,1,0.9994650119206319
1,1,0.9995141012400716
1,1,0.9997036018001316
0,0,4.869906058088794e-06
1,1,0.9998253112174292
0,0,7.105921101069204e-06
1,1,0.9993650234687793
1,1,0.9998862318642954
1,1,0.9998642506956125
0,0,5.841477926555038e-06
1,1,0.9990497147898447
1,1,0.9995909139735077
1,1,0.9999083291013158
0,0,0.0018349100145356322
1,1,0.9996777325348456
0,0,5.460407296355065e-06
0,0,0.000619911811677142
0,0,6.690268801093903e-06
1,1,0.9998464819616423
0,0,3.908031344461623e-06
0,0,1.0579364373827907e-07
0,0,4.22879724573066e-06
1,1,0.9996435242752989
1,1,0.9988272276197514
1,1,0.9998023511395335
1,1,0.9998186719017214
0,0,1.2901285658497186e-07
1,1,0.9997768803859703
0,0,1.1466470561224254e-07
1,1,0.9997343591178854
1,1,0.9998932961625756
0,0,5.958679351878014e-06
1,1,0.9997277251236075
1,1,0.9994574473905786
1,1,0.9999013420862791
1,1,0.999124987801825
1,1,0.9994010837334699
0,0,4.76984066355869e-06
0,0,1.0409511299724511e-07
1,1,0.9999143057799594
1,1,0.9997869814673217
1,1,0.9998812108106169
1,1,0.9998668785001733
0,0,4.1474572092161795e-06
0,0,3.6523885967614188e-06
1,1,0.9995326753307476
0,0,7.974572091598719e-06
1,1,0.9994022825633162
1,1,0.9997179624460802
1,1,0.9993958589711287
1,1,0.9998124819004087
0,0,4.632149515917487e-06
1,1,0.9998339555123815
1,1,0.9996602490004933
1,1,0.9999396752036873
0,0,5.679173573776942e-06
1,1,0.9996026182696651
1,1,0.9995853802380436
0,0,4.964826155876507e-06
1,1,0.9996266393191867
1,1,0.9996990516879551
1,1,0.99987758315807
0,0,6.365646412828768e-06
0,0,1.1819825308058059e-07
0,0,4.069136298692897e-06
1,1,0.999731664121489
0,0,5.286071917414009e-06
0,0,3.9784702468096356e-06
0,0,5.687772134590264e-06
1,1,0.999495062256306
1,1,0.9993269336520325
1,1,0.9999438406028398
0,0,3.4813217347803103e-06
0,0,4.273365220777068e-06
0,0,1.1405328499878448e-07
0,0,1.0230453152772031e-07
1,1,0.9994373401185211
0,0,1.2089919611552677e-07
1,1,0.9991580921890235
1,1,0.9995673512093055
0,0,0.000800693950980387
1,1,0.9997514673538249
0,0,4.712283878319978e-06
1,1,0.9998710959536592
1,1,0.999772875722933
1,1,0.9997473828721224
0,0,8.396882196272357e-06
1,1,0.9991618083974104
0,0,8.190810886198737e-08
0,0,1.0192350042138717e-07
1,1,0.9996631556077613
0,0,6.135190472514404e-06
1,1,0.9996714148085261
0,0,4.914805143838587e-06
1,1,0.999269832740861
1,1,0.9998712797399989
1,1,0.9998410550888613
0,0,1.2157606080556704e-07
1,1,0.9997118380397928
1,1,0.999461931654644
1,1,0.999736514646785
0,0,5.7737462648054085e-06
0,0,5.104140011925585e-06
1,1,0.999230184906109
1,1,0.9995911639497574
0,0,8.880844693430382e-06
1,1,0.999684659246366
1,1,0.999868978908327
1,1,0.9999227585233669
1,1,0.9995178108588512
1,1,0.9996003465226931
1,1,0.9999215368093404
1,1,0.9994138659230021
0,0,5.557735604661155e-06
1,1,0.9994096141379206
0,0,5.622876955579581e-06
1,1,0.9999055743177933
0,0,5.352801168724149e-06
0,0,5.964944586703809e-06
1,1,0.9996131238303042
0,0,3.6248445675064935e-06
0,0,1.2138369367492943e-07
1,1,0.9997409906874706
1,1,0.9997380830670768
1,1,0.9995584864638092
1,1,0.9989022894775611
1,1,0.9998424401241975
1,1,0.9998610560038003
1,1,0.9999258512912185
0,0,5.9107455592340435e-06
1,1,0.999758627164874
1,1,0.999741772656053
0,0,4.336593982939665e-06
1,1,0.9992251597643256
0,0,5.994721520163944e-06
0,0,0.0007190430276620621
0,0,1.1575289171986104e-07
0,0,9.524022053724432e-08
1,1,0.9998793239877374
1,1,0.9989720816214469
1,1,0.9998672097240877
1,1,0.9996854403225217
0,0,0.0010468931239259545
0,0,5.27184040392219e-06
0,0,5.978813100176398e-06
1,1,0.9983690139493897
0,0,9.492181854276674e-08
0,0,4.541367568040788e-06
1,1,0.9998311396895754
1,1,0.9992150680061388
1,1,0.9997999262556297
1,1,0.9993288761871516
1,1,0.9998521305061938
1,1,0.9996163889436697
0,0,0.0007877809876610788
1,1,0.9994442011378679
0,0,5.2856665548060786e-06
1,1,0.9998837829311529
0,0,6.230643924594338e-06
1,1,0.9997299052023984
1,1,0.9997927041603326
0,0,4.001820237345258e-06
0,0,5.0013139076596324e-06
1,1,0.9994766139121388
1,1,0.9998554147003025
0,0,5.981536547751165e-06
1,1,0.9992136702902282
0,0,1.218790704076583e-07
0,0,3.519413853404079e-06
1,1,0.9998011105256941
0,0,0.0014005208731993055
1,1,0.9998251972011022
0,0,1.0397873254087993e-07
1,1,0.9998860789964461
1,1,0.9997062891288967
1,1,0.9991047750729143
1,1,0.9998948229764605
0,0,0.0015113972712883447
1,1,0.9998758811291921
1,1,0.9998867798265262
0,0,1.0303682165827266e-07
1,1,0.9998728767815788
1,1,0.9998366832706198
1,1,0.9991958918568655
0,0,3.945265249048662e-06
1,1,0.9998461224785704
0,0,9.231595579913494e-06
1,1,0.9996708035877842
0,0,0.0006799995957238217
1,1,0.9998486627027604
0,0,1.2211291597647976e-07
0,0,1.2088973349989534e-07
1,1,0.9996678133208499
1,1,0.9999083844503365
1,1,0.9998835133710581
1,1,0.9988682312814592
1,1,0.9989649647245994
1,1,0.9999089246959498
0,0,1.0329983829413944e-07
0,0,1.2470971354018123e-07
1,1,0.9997549668767821
0,0,0.0006684120887832508
0,0,5.781722185657267e-06
1,1,0.999837202095685
1,1,0.9998996553365039
0,0,0.0006007524943387352
1,1,0.9998370003359415
1,1,0.9999016264033787
0,0,5.700998665425787e-06
0,0,0.0008447496633069291
1,1,0.9994868512400441
1,1,0.9996075917508164
1,1,0.9996680311832614
0,0,4.915943951071304e-06
1,1,0.9997305203623725
1,1,0.9999075189721031
0,0,0.0004296792545289773
1,1,0.9998769228086863
1,1,0.9994568111775961
0,0,0.0019273465756423414
1,1,0.9999331430336863
0,0,9.916315078648898e-08
0,0,2.886295315518792e-06
1,1,0.9978626924974536
1,1,0.9998267273083418
1,1,0.9989718403338746
1,1,0.9996152527432353
1,1,0.9997162575418943
0,0,0.0008945069950281003
0,0,1.1163001078375925e-07
1,1,0.9992924253121888
1,1,0.999722985740712
1,1,0.9997398951008204
0,0,5.437030880513589e-06
1,1,0.9994648769982575
0,0,6.812836584025442e-06
0,0,6.116673317742873e-06
1,1,0.9998455905877804
0,0,5.14736934032216e-06
1,1,0.9996865645021604
1,1,0.9998885983237079
1,1,0.9999194671005324
1,1,0.9997526748767819
1,1,0.9996070158488858
1,1,0.9998239073448641
1,1,0.9998323879163279
1,1,0.9999170902865347
0,0,3.4414671995295927e-06
1,1,0.9997005005390245
1,1,0.9997376808707976
1,1,0.9991953250973626
1,1,0.9999123181180097
1,1,0.9995237768749439
0,0,0.000419716436183287
0,0,4.901397791697377e-06
1,1,0.9995109784131812
1,1,0.9998365970076128
1,1,0.9996489118794418
1,1,0.9999386545667057
0,0,1.2940080638132148e-05
1,1,0.9984093512347091
1,1,0.999638236795895
1,1,0.9998244387217093
0,0,6.396941264844502e-06
0,0,5.763891498185914e-06
0,0,6.508356266898849e-06
1,1,0.9998009013787231
0,0,6.450999025693378e-06
1,1,0.9994153474845754
0,0,3.800969700386171e-06
1,1,0.9995755947312145
0,0,3.933196711105413e-06
1,1,0.9996600199293951
1,1,0.9999141879239749
1,1,0.9998300438021175
1,1,0.9996752381204865
0,0,4.531807977991157e-06
1,1,0.9997601886943801
0,0,4.952046673174559e-06
0,0,4.134459306382344e-06
1,1,0.9998244296258767
1,1,0.9996104047501854
0,0,1.1061079606401441e-07
1,1,0.999954615198242
0,0,0.0007923434801629308
0,0,1.1484138763916483e-07
0,0,1.1553571118055912e-07
0,0,6.427590051800057e-06
1,1,0.9995214209067342
1,1,0.9998089635683077
1,1,0.9997011765867986
0,0,0.0007574376527559185
0,0,5.93108994241012e-06
1,1,0.9998035759144781
1,1,0.9996097702343364
1,1,0.9997190847285297
1,1,0.9997907892589547
0,0,0.00041432755664647043
1,1,0.9998143373311084
1,1,0.9998116693637299
1,1,0.9998616843446574
0,0,0.0006951140038119517
0,0,5.168403609925526e-06
0,0,1.1231142078796268e-07
1,1,0.9995223349936698
0,0,1.1148188017261157e-07
0,0,4.110067755500707e-06
1,1,0.99984852761642
0,0,1.1115544827905858e-07
1,1,0.9995151766461037
1,1,0.9996630789058812
0,0,4.329622456015243e-06
1,1,0.9992117710701977
1,1,0.9995888653127235
1,1,0.9998469787937463
1,1,0.999750540487968
1,1,0.9998119257223291
1,1,0.9998055867241318
1,1,0.99952253604016
1,1,0.9997477966490034
1,1,0.9998447811168777
1,1,0.9996925798015407
0,0,8.805046343294939e-06
0,0,5.469910710557475e-06
0,0,4.61381177531063e-06
0,0,4.1273463608651195e-06
0,0,8.439246282561934e-06
1,1,0.9992481949366036
1,1,0.9998214256176422
0,0,4.16942515414345e-06
1,1,0.9997251814987728
1,1,0.9997018493312813
0,0,7.166266667312078e-06
1,1,0.9996075110107193
1,1,0.9996144610546853
0,0,8.525978523753374e-06
0,0,9.037097556899743e-06
0,0,3.896610942651966e-06
0,0,1.0669074202661059e-07
0,0,0.0012509159474666032
1,1,0.999897530303529
0,0,8.54928227657279e-06
1,1,0.9989325586031367
0,0,5.0507110918600056e-06
1,1,0.9983732564352459
1,1,0.9998155117447419
0,0,0.0011461646876071152
0,0,5.3175363597088105e-06
0,0,6.909537564113722e-06
0,0,2.8838466961437963e-06
1,1,0.9997851611410657
0,0,5.048149394862894e-06
1,1,0.9993240958395766
1,1,0.9998534160384974
1,1,0.9999000402323237
1,1,0.9996901877518451
1,1,0.9998607354944461
1,1,0.999858007926896
0,0,1.2173547057130608e-07
1,1,0.9998823892682479
1,1,0.9994522652403158
0,0,1.1191611733957503e-07
1,1,0.9998973272685814
0,0,6.455590233938805e-06
0,0,1.2274815728273538e-07
0,0,4.558394352030999e-06
1,1,0.9998748820734634
1,1,0.9997942984211453
1,1,0.9994883105797042
1,1,0.9998094317144133
1,1,0.999686848941982
1,1,0.9998890289441954
1,1,0.9999315109324854
1,1,0.9998424803339935
1,1,0.9998025839464132
0,0,1.1568708168965317e-07
1,1,0.9997154596934394
0,0,5.146541966458761e-06
1,1,0.9994988800501639
0,0,3.3699599362870064e-06
0,0,8.238495475664588e-06
1,1,0.9998071637332774
0,0,8.97484720148424e-06
1,1,0.9998349882624242
1,1,0.9998561734306525
0,0,4.482966673465468e-06
0,0,3.939835630807271e-06
0,0,7.083062518717605e-06
0,0,1.127145319190547e-07
1,1,0.9997383437059217
1,1,0.9998038706106158
1,1,0.9998329374112958
1,1,0.9998083038148801
1,1,0.9998883578499363
1,1,0.9998639022194288
0,0,4.492212022958237e-06
0,0,9.853364889879329e-06
0,0,1.0903411863341203e-07
0,0,1.036095033287425e-07
1,1,0.9996751683189297
1,1,0.9996416534190973
0,0,4.331412827595e-06
1,1,0.999493302616131
1,1,0.9999463341012587
1,1,0.9994589511098431
1,1,0.9999307459476432
1,1,0.9998189425512992
0,0,9.988375226738888e-06
1,1,0.9997555776506886
0,0,0.0010850901873748976
1,1,0.999826216073336
0,0,6.555242606794243e-06
1,1,0.999880237159101
0,0,3.984707171545714e-06
1,1,0.9998159369377035
1,1,0.9990470003294876
0,0,3.818634953944377e-06
1,1,0.9991117393005391
0,0,1.2179770544478082e-07
1,1,0.9999253246909984
1,1,0.9995556352246237
1,1,0.9993196638338958
0,0,5.852411984625753e-06
1,1,0.9989793100743047
0,0,5.50977963643786e-06
1,1,0.999926763837888
1,1,0.9998802439653383
0,0,4.556236468706107e-06
1,1,0.9999227887468785
0,0,4.84144953978108e-06
0,0,4.407917358857889e-06
0,0,6.499457365204134e-06
1,1,0.9995967071326096
0,0,5.220593871109514e-06
1,1,0.999542372662585
1,1,0.9991416748199072
1,1,0.9997765728869235
0,0,0.0019697462473764423
1,1,0.9998077438330736
0,0,9.85538490451607e-06
1,1,0.9987889478963377
0,0,0.0007505348710838207
1,1,0.9999334562248124
0,0,5.88021230728669e-06
1,1,0.9992882246186497
1,1,0.9992887943809775
1,1,0.9997392166341624
1,1,0.9998325786977148
1,1,0.998701356655819
0,0,4.94412880377219e-06
1,1,0.9997019603258515
0,0,4.974742401417189e-06
1,1,0.9992924590977121
0,0,3.99030993201711e-06
0,0,0.0014308503204256268
0,0,5.369382804386984e-06
1,1,0.9998230098145127
1,1,0.9998539667796104
1,1,0.9998847797256248
1,1,0.9991989625404525
1,1,0.9993301266069056
1,1,0.9993348810824598
0,0,7.454845735151821e-06
1,1,0.9997691840690446
1,1,0.9998569476843364
1,1,0.9997798607530973
1,1,0.9991343876669956
1,1,0.9997814089682366
1,1,0.999715435983896
0,0,4.553307682554927e-06
1,1,0.9998626576819452
1,1,0.9996926019409089
1,1,0.9996919695436985
1,1,0.9994847343406962
1,1,0.9997191552350473
1,1,0.9995879700058442
1,1,0.9995349334782778
0,0,3.727594553760127e-06
1,1,0.9989642871649964
1,1,0.9995497627275228
0,0,1.1449072224529898e-07
1,1,0.9996477744361466
0,0,1.1733971675546746e-07
1,1,0.9995702147902195
1,1,0.9996266167634202
0,0,5.64132271827828e-06
0,0,3.5116402846541483e-06
0,0,0.0014236854353501256
1,1,0.9998443640606602
0,0,4.4782983190922244e-06
1,1,0.9999176537750623
1,1,0.9992672951484521
1,1,0.9997769174798804
1,1,0.9994190651542051
1,1,0.9998892588402067
1,1,0.9998677774788146
1,1,0.9995539923040809
1,1,0.9996360890731476
1,1,0.999716951864627
1,1,0.999819453293332
1,1,0.999564043668273
0,0,5.222293105390188e-06
0,0,4.748490105655191e-06
1,1,0.9991783891698689
0,0,6.668099334760716e-06
1,1,0.9993808331218619
0,0,4.771583037433227e-06
1,1,0.9996818788473887
1,1,0.9983070397250404
1,1,0.9992237422975934
0,0,6.773446819475859e-06
1,1,0.9997260808994374
1,1,0.9999193398417752
1,1,0.9995703041180893
1,1,0.999874206470777
0,0,4.321322438915548e-06
1,1,0.999499425225092
0,0,4.01037131821985e-06
0,0,0.0011158217759722267
0,0,6.611127891208372e-06
1,1,0.9997395391819678
1,1,0.9992330834239704
0,0,1.2224678849666406e-07
1,1,0.9993137085432614
1,1,0.999564753291734
1,1,0.9998630003731612
1,1,0.9998708880789579
1,1,0.9992674238051065
1,1,0.9998640924508526
1,1,0.9996321879809299
0,0,1.1881830141232498e-07
0,0,3.984496616602601e-06
1,1,0.9999079667604113
0,0,5.159999107379169e-06
1,1,0.9998743483232977
1,1,0.9998511103166987
1,1,0.9997880997177243
0,0,3.440500866856324e-06
1,1,0.9997206137196952
0,0,4.656262527230242e-06
1,1,0.998708112802892
0,0,5.775215096321053e-06
0,0,0.001758046973543716
0,0,1.1431352782312067e-07
1,1,0.9998260305485669
1,1,0.9997044561057574
1,1,0.9993971351528039
0,0,0.0020285139740856255
1,1,0.9998899756147521
0,0,5.471690079938034e-06
0,0,5.210205127552609e-06
0,0,4.188939744411073e-06
1,1,0.9998955008248243
0,0,4.84546625865332e-06
0,0,3.4970430932268008e-06
1,1,0.9997958294886675
1,1,0.9998061208656753
0,0,4.3999401593273855e-06
1,1,0.9998906738167211
1,1,0.9995451041371985
1,1,0.9998149967505638
0,0,0.0017610984336175518
1,1,0.9993095961279054
0,0,5.342899896010384e-06
1,1,0.9991456502560085
1,1,0.9993493055116356
1,1,0.9997530932382115
1,1,0.9997656478833203
1,1,0.9996982900518737
0,0,0.0005130642670640621
1,1,0.9995220431641538
0,0,9.347211088517644e-08
1,1,0.9997335095566322
0,0,1.2196471305902413e-07
0,0,4.602113621926021e-06
0,0,4.502098556540666e-06
1,1,0.9998765126717859
0,0,5.005655482401616e-06
0,0,1.149690228839585e-07
1,1,0.9998148517708874
1,1,0.9998124001119488
0,0,0.0005947416137418272
0,0,5.318545146073398e-06
0,0,4.474432193679309e-06
0,0,8.297005820797531e-08
1,1,0.9997813497511221
0,0,3.999421493861083e-06
1,1,0.999775479837725
1,1,0.9995625933239028
1,1,0.9997484675972839
1,1,0.9998570972998251
1,1,0.9991874149904002
1,1,0.9998575942618431
1,1,0.9998689000445711
0,0,4.833505203235943e-06
1,1,0.9995699308092405
1,1,0.999916571314615
1,1,0.9995513523918059
0,0,4.087471094752629e-06
1,1,0.9988280301429043
1,1,0.9996290595943852
0,0,1.4468522417518277e-07
1,1,0.9988708386643975
1,1,0.9998286648148389
1,1,0.999732060338447
0,0,3.5965512197100256e-06
1,1,0.9998052697680017
0,0,1.1469873206880029e-07
0,0,0.001845334165404185
1,1,0.9986594347977651
0,0,5.270409221671592e-06
1,1,0.9994486014645477
1,1,0.9996378550588992
0,0,9.24940962045482e-08
1,1,0.9997601345208832
1,1,0.9997504374819325
1,1,0.9997107702840347
1,1,0.9999076376348017
1,1,0.9998680087053694
0,0,1.3975225160357374e-07
1,1,0.9990848886709226
0,0,9.60473845057952e-06
0,0,1.4551356725684316e-07
1,1,0.999921845564782
0,0,4.438391156877474e-06
0,0,3.842011452426051e-06
0,0,5.511354505861958e-06
1,1,0.9998406441077551
1,1,0.9999400554083338
1,1,0.9998285702935853
0,0,7.086265546359079e-06
1,1,0.9997787333369061
0,0,5.349718261687928e-06
1,1,0.9993618961822699
0,0,0.0010227378504224717
1,1,0.9992224876979583
1,1,0.9997686647587873
1,1,0.999586929901756
1,1,0.9998298229045365
1,1,0.9990501205756247
1,1,0.9993891300876347
1,1,0.9997392139379802
1,1,0.9994631226502392
0,0,0.0004758428277160453
1,1,0.99983475050568
0,0,0.0009019897804396404
0,0,1.2085913171597846e-07
1,1,0.9998170558512204
1,1,0.9991823399436612
1,1,0.9988467312613609
1,1,0.9993212621259935
0,0,3.8394483346990896e-06
0,0,7.003249525801743e-06
1,1,0.9996243452237449
1,1,0.9996294695548585
1,1,0.999859983339855
0,0,0.0005554593373468313
0,0,0.0012978282108559592
1,1,0.9987149645382964
0,0,1.1374834393839446e-05
0,0,1.1440551947500942e-07
1,1,0.9996508603769354
0,0,5.492342550975034e-06
0,0,5.893033036455491e-06
1,1,0.9997508134798813
1,1,0.9997418226230504
0,0,4.412328243548042e-06
0,0,1.1901022344407295e-07
1,1,0.9997762839836757
0,0,3.510569496372806e-06
1,1,0.9992346515216397
1,1,0.9997587690108561
0,0,7.090324143345433e-06
1,1,0.9996555989967749
0,0,6.993872049931904e-06
1,1,0.9993357229314946
1,1,0.999678376459672
1,1,0.9999342383139962
1,1,0.9992629589676776
1,1,0.9998799987962541
0,0,0.0014439894904475653
1,1,0.9997431956631757
1,1,0.999624339138607
1,1,0.9995177241580278
1,1,0.9997662408118607
0,0,4.3079820623940105e-06
1,1,0.9997597233325696
0,0,4.888908275838415e-06
1,1,0.999931365875029
1,1,0.999678768950857
1,1,0.9998494745267869
0,0,6.728192092244785e-06
0,0,0.0007105999934148765
0,0,3.296119418511349e-06
1,1,0.9998426508958468
0,0,0.0008281517936755479
0,0,4.415191601123732e-06
0,0,3.830488486925632e-06
1,1,0.9995992574824096
1,1,0.9996520379743704
0,0,1.0933703131451392e-07
1,1,0.9998126775384053
1,1,0.9994486022500559
0,0,0.0005846269426575678
0,0,0.000701331848373102
1,1,0.9998605287383601
1,1,0.9999311375644919
1,1,0.9995784137383107
0,0,4.798271590632133e-06
0,0,6.808101661517207e-06
0,0,4.666772966518995e-06
1,1,0.9994974259096642
1,1,0.9997341984001139
1,1,0.9989208409593353
1,1,0.9998003559826761
0,0,4.166927449200184e-06
1,1,0.9997769960554028
0,0,3.8991563760812025e-06
1,1,0.9999078945197573
1,1,0.998057794540151
1,1,0.9988102250204555
0,0,4.196091075999604e-06
1,1,0.9999446266974387
0,0,0.0009849983797992022
0,0,3.6750673858535804e-06
1,1,0.9997673310738808
0,0,0.0008921840350816395
0,0,6.258135264053443e-06
1,1,0.999929612851827
0,0,0.00029103669199395064
1,1,0.9999192766657942
1,1,0.9991574715225982
1,1,0.9998515733181749
0,0,5.718550291374711e-06
1,1,0.9996079061845531
0,0,6.685741630255319e-06
1,1,0.9990527566166479
1,1,0.9998790361981846
1,1,0.9994757083929398
1,1,0.9998731374632192
0,0,6.067623438112419e-06
1,1,0.9997459068899932
1,1,0.9998394672398901
1,1,0.9998807260437212
0,0,3.7703217661428425e-06
0,0,1.0753843575098737e-07
1,1,0.9995465524909983
1,1,0.9996404593570919
1,1,0.9998890425205651
0,0,4.233125045136412e-06
0,0,3.854597580116775e-06
1,1,0.9995195619410191
0,0,5.112009219330656e-06
0,0,3.9861512781455615e-06
0,0,1.098336864878244e-07
0,0,0.0006513838975694822
1,1,0.9996783697814158
1,1,0.9996453348737497
1,1,0.9997677257577346
1,1,0.9996779998726004
1,1,0.9995379858455653
1,1,0.9990979160856648
1,1,0.9996405751390476
1,1,0.9999114586440353
1,1,0.9999063904579852
0,0,3.061087070033585e-06
1,1,0.9997092719610772
1,1,0.9998980091133752
0,0,9.789813259312538e-08
0,0,4.666691614156297e-06
1,1,0.9990532512156218
1,1,0.9995845458051288
1,1,0.9994318611806965
1,1,0.9988655882449694
1,1,0.9997197250442288
1,1,0.9993902325746201
0,0,0.0012416953139904993
1,1,0.999852242365909
0,0,0.0009690846775193295
1,1,0.9996324928779247
1,1,0.9998938523253382
1,1,0.9999344860136277
1,1,0.9998021107801598
1,1,0.9995468567964557
1,1,0.9999274082434645
1,1,0.9998780706442286
0,0,3.5036337917071743e-06
1,1,0.9998865573856369
1,1,0.9994611973372574
1,1,0.9998861274447809
0,0,4.963846350258996e-06
1,1,0.9998893805622292
1,1,0.9987669351184936
0,0,5.682801874035262e-06
1,1,0.999705122665036
0,0,4.342951814434286e-06
1,1,0.9997316966479391
1,1,0.999620996930377
1,1,0.9996132568020192
0,0,7.0262952703602185e-06
0,0,3.256897268589216e-06
0,0,3.4836031091264914e-06
1,1,0.9996769271567049
0,0,7.621574783087322e-06
0,0,0.001509129133974406
0,0,6.38632649351527e-06
1,1,0.9998701698300886
0,0,5.440339683524146e-06
0,0,6.103563839683991e-06
0,0,0.001514463723785255
0,0,4.362642000710678e-06
1,1,0.9998781062804991
1,1,0.9995325839024961
0,0,0.0006276950156393803
1,1,0.9999042688770318
1,1,0.9996669769912188
1,1,0.9999120899158115
0,0,3.587762117979674e-06
1,1,0.9996348272027742
1,1,0.9994241087441729
1,1,0.9992610909443782
0,0,0.0008809157467835085
1,1,0.9999048163867511
0,0,1.0511936029948092e-05
0,0,3.844354941925428e-06
1,1,0.9996508962714648
1,1,0.999782545447371
0,0,3.6297298890222012e-06
0,0,1.0951346288608068e-07
1,1,0.9998940526734227
1,1,0.9999028723829884
1,1,0.9999201322367924
0,0,0.0014471887883336647
0,0,5.540190285374447e-06
1,1,0.9997749998920592
1,1,0.9990188304460119
1,1,0.9996586418714433
1,1,0.9998944280404767
1,1,0.9997778518407053
0,0,1.1003885518848053e-07
1,1,0.9999278239098511
1,1,0.9999089281823047
0,0,9.098455780971069e-06
0,0,6.466643021509658e-06
1,1,0.9997816910715589
1,1,0.9997530391631549
0,0,7.6187123949138675e-06
1,1,0.9997930104228788
1,1,0.9995431784064971
1,1,0.9996945711080749
0,0,7.156976475856683e-06
1,1,0.999664364742252
1,1,0.9997173150357686
1,1,0.9995781527143662
0,0,4.591981344516275e-06
1,1,0.9998988774526915
0,0,0.0005274368053263984
1,1,0.999798168801821
1,1,0.9997749794304052
0,0,1.2251129283378676e-07
1,1,0.9997570424605954
1,1,0.9996624565528337
0,0,4.015383571399542e-06
1,1,0.9993982304167953
0,0,3.6327372515099986e-06
0,0,5.314483622645974e-06
1,1,0.9993728279388621
1,1,0.9998020666920082
0,0,9.074424821972615e-06
1,1,0.9997316440219718
1,1,0.9997083088783355
0,0,4.201426175405367e-06
1,1,0.9998467585377829
1,1,0.9997938386329592
0,0,4.132820299730103e-06
1,1,0.9997466703410439
0,0,1.1807273211202336e-07
1,1,0.9999046423007965
0,0,3.6112718943216366e-06
1,1,0.999657085391927
1,1,0.9996560814804661
1,1,0.9999179615418032
1,1,0.9997779500654386
1,1,0.9991358285007589
1,1,0.9998270455335247
1,1,0.9997697026934766
0,0,7.138726635350637e-06
0,0,1.16346972605219e-07
0,0,1.056460088135855e-07
0,0,0.0007484639295559248
0,0,5.473954567511073e-06
1,1,0.9998506084520802
1,1,0.9997607221498948
0,0,3.6811301522993155e-06
1,1,0.9990628938241829
1,1,0.9998691120045028
0,0,4.4076090711115885e-06
0,0,3.843998777360217e-06
1,1,0.9999350273507235
0,0,1.1423872070153713e-07
1,1,0.999896248801908
1,1,0.9997520018111573
1,1,0.9997002109259295
1,1,0.9997635418037034
0,0,5.686442352658529e-06
1,1,0.999929952238512
0,0,5.811247273069783e-06
1,1,0.9998311083567318
0,0,3.7203397934982866e-06
0,0,6.2795315186773985e-06
1,1,0.9997176233367541
1,1,0.9998049638032477
0,0,4.614118996276416e-06
0,0,0.0004914154347162386
0,0,0.0008325284940009183
1,1,0.9998936240312783
1,1,0.9994559074839978
0,0,0.0010331061989826947
0,0,8.86767623869328e-06
1,1,0.9997977888805615
1,1,0.9998233862462427
1,1,0.9998388727417211
1,1,0.999885478086371
0,0,1.0800235414861197e-07
1,1,0.9997668123781895
1,1,0.999839449555582
1,1,0.9995394755962591
1,1,0.999636002035518
1,1,0.9998427623615741
0,0,6.626080847370791e-06
0,0,3.9933874662949545e-06
1,1,0.9997351705719044
1,1,0.9998880058086661
1,1,0.9998506899945361
1,1,0.9997087125955478
0,0,0.001689673444177093
1,1,0.9996816108555965
1,1,0.9993802452058026
1,1,0.9998824451214058
1,1,0.9990737580000149
1,1,0.9999025716304654
0,0,3.990194959453536e-06
1,1,0.9997843007844084
0,0,4.128636441315378e-06
0,0,7.188188303460043e-06
1,1,0.9987769674990846
1,1,0.9999372057188121
1,1,0.9998610225911674
1,1,0.9998147175919065
0,0,8.612864490424707e-06
1,1,0.9999102534034789
1,1,0.9998215721565054
1,1,0.9997653259704982
1,1,0.9998105735033606
1,1,0.999495823224714
1,1,0.9997700097041746
0,0,0.00105636841129437
0,0,0.0011075201834807422
1,1,0.9999051097482629
1,1,0.9989552279284825
1,1,0.9998356721693046
1,1,0.9997774469377222
1,1,0.9981102576449219
0,0,1.2104056133240474e-07
1,1,0.9998762702697734
1,1,0.9998108434942133
1,1,0.999928771444543
1,1,0.9993953123666601
0,0,0.001031058377978405
1,1,0.9995906449094737
1,1,0.999754848336277
1,1,0.9994793371834956
0,0,6.562116451205266e-06
1,1,0.9999217033036747
1,1,0.9999546041622098
1,1,0.9997405181105877
1,1,0.9997189199631147
1,1,0.9995393211242568
1,1,0.9997439437669866
1,1,0.9997113288997724
1,1,0.999700862822383
1,1,0.9999295171357816
1,1,0.9998900491073264
1,1,0.9997537796723266
1,1,0.9998735901093333
0,0,1.1042680280667161e-07
1,1,0.9995973753396733
0,0,4.110857437496555e-06
0,0,3.8109933300528038e-06
1,1,0.999759667692322
1,1,0.9996172974311948
1,1,0.9991512314877664
0,0,1.131775537191208e-07
1,1,0.999506193599213
1,1,0.9997007051460808
0,0,0.0018959727446800335
0,0,6.320041945614454e-06
1,1,0.9996283182820045
0,0,4.404135071639343e-06
1,1,0.9995502169218746
0,0,4.193075440154706e-06
1,1,0.9998498860110536
1,1,0.9994811654514737
1,1,0.9999047954251821
1,1,0.9995702611890099
0,0,6.0217363870356764e-06
1,1,0.999497573794618
0,0,6.8386043001421075e-06
1,1,0.9999068385130585
1,1,0.9994513299698424
1,1,0.9987159979177723
0,0,1.1549873312743873e-07
0,0,4.024615501213003e-06
1,1,0.9998889564040423
0,0,9.776759769197357e-06
1,1,0.9998648290212394
1,1,0.9995744330432658
0,0,0.00047021204395536617
1,1,0.9994123509514055
1,1,0.9992299765979605
1,1,0.9987515733874404
0,0,0.0010741960720040196
0,0,5.45839149786497e-06
1,1,0.999922329603478
1,1,0.9999336552821377
0,0,5.580953720189896e-06
1,1,0.9993182612303031
1,1,0.9999074381613621
1,1,0.9997809631119008
1,1,0.9993748399853308
1,1,0.999726838867354
0,0,0.0011442700851864924
0,0,5.33818470997308e-06
1,1,0.9990696456920329
1,1,0.999893392335707
1,1,0.9996664174036449
1,1,0.9996886322574949
1,1,0.9998857484663306
0,0,1.0363745369583622e-07
0,0,0.0016210203915526175
1,1,0.9995968081048886
0,0,4.672437901394352e-06
0,0,1.0857520555081672e-07
1,1,0.999860702566188
1,1,0.9995331692457531
1,1,0.9998495022378905
1,1,0.9992501817052382
1,1,0.9998368157772873
0,0,5.179843250056968e-06
0,0,1.2115249664495947e-07
1,1,0.9993659178316869
1,1,0.9999157732817132
0,0,1.10087709164966e-07
0,0,3.4696825183749352e-06
1,1,0.9998112974809853
1,1,0.9996238944074171
1,1,0.9994755820066016
0,0,1.1676747488687537e-07
0,0,3.847335355991217e-06
1,1,0.999912595641432
1,1,0.9995740057681598
0,0,0.0018265675556184123
0,0,3.8775320137264855e-06
0,0,3.8952523289766845e-06
1,1,0.9995729357970681
0,0,6.248533010800629e-06
0,0,9.011631108099585e-06
1,1,0.9993795664755117
0,0,4.892007533285294e-06
1,1,0.9995928108491666
1,1,0.9996123233319679
0,0,5.476698670822457e-06
0,0,6.543916225230172e-06
0,0,4.673688318348033e-06
0,0,0.0004101304383638561
0,0,0.0006701211834954783
0,0,5.750462310852536e-06
0,0,3.924683099607307e-06
0,0,5.45131126016418e-06
1,1,0.9998212267577705
0,0,4.139114144678205e-06
1,1,0.9997240462025416
1,1,0.9995887704835204
0,0,5.048768503581411e-06
1,1,0.9998649217919346
1,1,0.9990636523113078
1,1,0.9994951874933075
1,1,0.9996686099065132
0,0,3.0604170018438054e-06
1,1,0.9996063611830514
1,1,0.999547830901047
0,0,1.1896052995442879e-07
0,0,1.0837204488455238e-07
0,0,1.0435771339534285e-07
1,1,0.9995015249489874
1,1,0.9993634315418699
1,1,0.9998874094957242
1,1,0.99972978858585
1,1,0.999168545359994
1,1,0.9997789344225574
0,0,7.667316312254865e-06
1,1,0.9997240613874672
1,1,0.9997712355458386
1,1,0.9991448420121518
1,1,0.9993598962631028
0,0,0.0010363783839366539
1,1,0.9991665930334241
1,1,0.9994357237784652
0,0,7.651570621795402e-06
1,1,0.9981612847145208
1,1,0.9993250350808732
1,1,0.9994342910876904
0,0,9.040948549421345e-06
1,1,0.9996630208636863
0,0,1.1017346065656728e-07
1,1,0.9991738898405158
1,1,0.9991990986224515
1,1,0.9995566527245154
0,0,1.1403051356221001e-07
1,1,0.9997746080603306
1,1,0.9990466211453909
0,0,4.836389219442519e-06
0,0,0.0017052673044930982
1,1,0.9994627049412951
1,1,0.9996832510814603
0,0,4.962511671765251e-06
1,1,0.999492053313985
0,0,6.6359928415362306e-06
1,1,0.9995333612234201
1,1,0.9997511767078706
0,0,5.5364906916081735e-06
1,1,0.9998798753900756
1,1,0.9994608530823279
0,0,0.0008459790297790041
1,1,0.9997644710228131
1,1,0.9997990838363956
0,0,5.9558033535762505e-06
0,0,0.0012660149563290051
1,1,0.999759815189466
0,0,0.0027048481077774186
1,1,0.9998073257251684
1,1,0.9997819497552727
1,1,0.9997336053937557
0,0,1.0284920797969063e-07
0,0,4.859108464234978e-06
0,0,0.0023664815701031397
0,0,6.908128081980886e-06
0,0,2.8774194873159516e-06
1,1,0.9998284840915419
1,1,0.9998357576689229
0,0,0.0010852063745050871
1,1,0.9994894551122983
0,0,5.056476272787933e-06
1,1,0.9991821859454676
1,1,0.9990838045372439
1,1,0.9998484963076752
1,1,0.9997412062213414
1,1,0.9999048663157374
0,0,3.91875605432577e-06
0,0,1.136248925587945e-07
0,0,1.544531830600504e-07
1,1,0.9990075591460216
1,1,0.9994112016321071
0,0,4.326178355680242e-06
1,1,0.9995461885977748
1,1,0.9998140741545474
0,0,7.177438876709026e-06
1,1,0.9995310430640956
1,1,0.9997782129133918
0,0,8.330512710752202e-06
1,1,0.9995699404953807
1,1,0.9995585575133384
0,0,1.1336681797027551e-07
0,0,3.988412447127607e-06
0,0,5.0948056110350325e-06
0,0,4.122103866870484e-06
1,1,0.999634147448588
1,1,0.9990495421934675
1,1,0.9999106669742208
1,1,0.9994157995227898
1,1,0.9998719045009087
1,1,0.9996836132502552
1,1,0.9996909533308337
0,0,3.7850656718547237e-06
1,1,0.9994109219540436
0,0,4.809998342275344e-06
1,1,0.9997510319082483
1,1,0.9997464803267007
0,0,3.993444215580737e-06
1,1,0.9996234942704925
0,0,5.908142664590363e-06
0,0,0.0010192344499588865
1,1,0.9994029600521692
1,1,0.9998408178930436
1,1,0.9997853652482362
0,0,0.0002991181054890791
1,1,0.9994417494587021
1,1,0.9999180369923739
1,1,0.9999271837819255
1,1,0.9996460746296973
1,1,0.9997329449330644
1,1,0.9996639334612887
1,1,0.9996960782259151
1,1,0.9995487014063378
1,1,0.9995389091045871
0,0,0.0010909268628348447
0,0,3.6413644840624923e-06
1,1,0.9998754744215355
1,1,0.9997106863105888
1,1,0.9995346435587439
1,1,0.9997130875388548
1,1,0.9994504397299436
1,1,0.9996044157684045
1,1,0.9997965315994153
1,1,0.9998654944653349
1,1,0.9995196122024497
1,1,0.9995826010814955
0,0,1.0081157239069025e-05
1,1,0.999502750123886
1,1,0.9998291079055248
0,0,0.0014373749958116174
1,1,0.9999035354141853
0,0,4.639967359848123e-06
0,0,5.592649858036839e-06
1,1,0.9998943957809635
0,0,0.0017221859213618776
1,1,0.9995987124808308
0,0,1.1161969723563604e-07
1,1,0.9989907586260215
1,1,0.9994990089902134
1,1,0.9995508433711283
0,0,5.747490756197222e-06
1,1,0.9996814897344143
0,0,6.992307789472886e-06
1,1,0.9993232162915283
1,1,0.9997693978659219
1,1,0.9997857304107015
1,1,0.9996700042798151
0,0,4.657315736565144e-06
1,1,0.99994125574621
1,1,0.9995813617032426
1,1,0.9999213202233428
0,0,8.120907349135036e-06
1,1,0.9996120259201017
1,1,0.9998410003771316
1,1,0.9997734703563039
0,0,1.0988710742684289e-07
1,1,0.999866046378227
1,1,0.9995537266966638
0,0,1.1265196632563213e-07
1,1,0.9999246420417082
1,1,0.9993695063333944
0,0,7.148041086435102e-06
0,0,4.26436353296095e-06
0,0,3.7957910026136105e-06
1,1,0.9993210479801877
0,0,5.473024416636172e-06
1,1,0.9997286437235614
1,1,0.9990789241856318
1,1,0.999928482194478
1,1,0.9990045476149699
1,1,0.9995867499035302
1,1,0.9995289614524734
0,0,0.0010506980200346281
1,1,0.9997962596263271
0,0,5.4762422216731345e-06
1,1,0.9999144533670076
0,0,4.137860012077381e-06
1,1,0.9996384929894174
0,0,6.185403712330541e-06
0,0,9.936056759666904e-08
0,0,6.932470278109429e-06
1,1,0.9998918144980854
1,1,0.9986298357526461
1,1,0.9998111622182592
1,1,0.9994858245060976
1,1,0.9994102865675819
1,1,0.9996650291977051
1,1,0.9998849473139013
1,1,0.9998697318583851
1,1,0.9998727786371713
0,0,5.78413345585772e-06
0,0,7.668236222541243e-06
1,1,0.9995837187573997
1,1,0.9995053902326643
0,0,9.15859849528095e-06
1,1,0.9996647822867937
1,1,0.9999239887161441
1,1,0.9998936055590358
0,0,6.06602420337105e-06
1,1,0.9998050252586993
1,1,0.9997783144489768
0,0,9.433975121968134e-08
1,1,0.9997535651047559
0,0,5.747982739788126e-06
1,1,0.9998781765157545
0,0,5.198158618693184e-06
1,1,0.9997323258001828
1,1,0.9998906611074408
0,0,1.2113657084112657e-07
0,0,4.916167474877271e-06
0,0,3.732033349607125e-06
1,1,0.9997390767104826
1,1,0.9998563996974721
1,1,0.9997879394304505
1,1,0.9997954093895206
1,1,0.9999303033253569
0,0,0.000589286368299228
1,1,0.9997617427366638
0,0,5.511486330254356e-06
0,0,3.956790965804755e-06
0,0,8.044075666539048e-08
1,1,0.9996202394992008
1,1,0.9996514651371071
0,0,5.872411035115163e-06
1,1,0.9992077535346
1,1,0.9998150582319669
1,1,0.9997880976235288
0,0,4.173544066193493e-06
1,1,0.9997681301382495
0,0,6.10161612477079e-06
0,0,1.2105638681450113e-07
0,0,3.6966544222140877e-06
1,1,0.9995769139186552
1,1,0.9994376768048094
0,0,4.479245404184902e-06
0,0,0.0006881016392288219
1,1,0.999784030049868
1,1,0.9991909681516339
1,1,0.9990389980032737
0,0,6.116448986909993e-06
1,1,0.9996451136800892
1,1,0.999776784352813
1,1,0.9995250294872787
0,0,1.0657451047042762e-07
0,0,1.1583715577484365e-07
0,0,0.002056972153521772
1,1,0.9993407387705854
1,1,0.9998107261455337
0,0,8.209519912548645e-06
1,1,0.9998668802018513
1,1,0.9999505140260219
0,0,6.748193587818784e-06
1,1,0.9997561054327295
1,1,0.9998750760322833
0,0,9.481057901429409e-08
1,1,0.9998679785973394
1,1,0.9998044736035789
1,1,0.9996069849856918
1,1,0.9999213185685774
1,1,0.9999240679803539
1,1,0.9997915261199636
0,0,3.912985663764782e-06
0,0,5.292035295833052e-06
1,1,0.9997538862957146
0,0,5.1256306672786205e-06
1,1,0.9996672746796641
1,1,0.9984381767805782
0,0,3.7395035478030417e-06
0,0,0.0010217434578010372
0,0,4.2083532208988e-06
1,1,0.9994521634409238
1,1,0.9998861273708318
1,1,0.9996304849492996
1,1,0.9992619442438114
1,1,0.9996384841956882
0,0,5.041432566975613e-06
1,1,0.9999041274279593
1,1,0.9994836280819505
1,1,0.999867887141621
1,1,0.9999225017790341
1,1,0.9996678504625524
0,0,7.074161266247695e-06
1,1,0.9997366259096387
0,0,3.600407826333638e-06
1,1,0.9992592533699791
1,1,0.9996392015709673
0,0,4.084679131997489e-06
1,1,0.9998867508426632
0,0,9.584157371729079e-06
0,0,4.646888063567728e-06
0,0,1.4591691670978162e-07
1,1,0.9997271212305363
0,0,1.2442958989902386e-07
0,0,1.1024462536654339e-07
1,1,0.9993261880920782
1,1,0.9998556597597453
1,1,0.9995300954700905
1,1,0.9994237537129405
0,0,6.659997306014089e-06
0,0,0.0014908900444839375
0,0,1.163728557226448e-07
1,1,0.9998631670611274
1,1,0.9995839921621752
1,1,0.9992643123670548
1,1,0.9995934208696087
0,0,6.5286702023549305e-06
0,0,1.1731818565087363e-07
1,1,0.9996171269111945
1,1,0.999290231489943
0,0,3.971224642521851e-06
1,1,0.9993289277998053
1,1,0.9997736949953923
1,1,0.9993912150934451
1,1,0.9993027349328415
1,1,0.9998680422808796
0,0,1.2884076557168014e-07
1,1,0.9995958928407489
1,1,0.999902870182153
0,0,6.005779887387293e-06
1,1,0.9998880470506059
1,1,0.999845029205136
1,1,0.9991447455606419
1,1,0.9999283138404871
1,1,0.9996153507977371
0,0,5.022850084632585e-06
0,0,5.1766932085242895e-06
0,0,7.03059907479161e-06
0,0,4.081719081360086e-06
1,1,0.9999275729889937
1,1,0.9994791869328732
1,1,0.999821752158026
1,1,0.9997447425988407
0,0,4.5076332386682365e-06
1,1,0.9995068892205229
1,1,0.9998692299456586
1,1,0.999748729886314
0,0,0.0013641419596698745
1,1,0.9991368898634473
1,1,0.9991134284738923
1,1,0.9998823544953899
1,1,0.9998027572522673
1,1,0.9998672959778928
0,0,5.747436209488414e-06
0,0,5.594814964815949e-06
1,1,0.9994440306933395
1,1,0.9993950341551383
0,0,6.092742225179722e-06
1,1,0.9998551374009731
1,1,0.999899728313843
0,0,4.993461948234899e-06
1,1,0.9996838934343693
0,0,9.294299194827241e-08
1,1,0.9998115861262331
1,1,0.9997832356077053
1,1,0.999898308101874
1,1,0.999702821568779
1,1,0.9996443451460341
0,0,0.0011891627484593326
1,1,0.9988630788376572
1,1,0.9999455480472746
0,0,5.924682277233425e-06
1,1,0.9996939820686394
1,1,0.9998166284400933
0,0,6.574437309404122e-06
0,0,6.693012505104061e-06
0,0,5.4555826685232675e-06
1,1,0.999891262307346
1,1,0.9998352811271023
1,1,0.9995380695032365
1,1,0.9996844461827709
1,1,0.9995858953323921
1,1,0.999886754681658
1,1,0.9998027277931076
1,1,0.9998480416221878
1,1,0.9999336194217336
0,0,1.1718942296070845e-07
1,1,0.9997879072865393
0,0,1.3355591160522953e-07
1,1,0.9997743005849196
1,1,0.999926714619616
1,1,0.9996680239090583
1,1,0.9998479560947952
1,1,0.999611181250185
0,0,0.0014658145849169523
0,0,6.038666642572876e-06
0,0,4.9552208147781166e-06
1,1,0.9993656828017868
1,1,0.9987751121635858
0,0,1.0944353272933802e-07
1,1,0.9997468918254527
0,0,5.308507639334526e-06
1,1,0.9993950204675661
1,1,0.9998970627981753
1,1,0.9998549630051822
1,1,0.9996003059121168
0,0,5.637017460025569e-06
1,1,0.9986361657520575
1,1,0.9996476265377258
0,0,6.389840655151267e-06
1,1,0.9997951824159437
1,1,0.9992787715953563
1,1,0.9998580000332862
1,1,0.9998209979288637
1,1,0.9997952184402128
1,1,0.9998851414979851
1,1,0.9990004858034824
1,1,0.9998283501713138
0,0,4.893800803324423e-06
0,0,4.5750043779832565e-06
0,0,5.9706886599544375e-06
1,1,0.9997242123730467
0,0,1.1937890519307168e-07
1,1,0.9999513982333429
1,1,0.999338124849746
0,0,0.0008379167357553549
1,1,0.999749404114249
0,0,1.1141897463559164e-07
1,1,0.9992507301175929
0,0,4.025983893199322e-06
1,1,0.99988683338073
0,0,0.0006325887338636497
1,1,0.9993796993600523
1,1,0.9986620489314084
1,1,0.9996711797527076
0,0,5.574107415070345e-06
0,0,1.1526473694567281e-07
0,0,1.296375168513771e-07
0,0,0.0017851838639577312
1,1,0.9999591582905455
0,0,5.750374242911469e-06
1,1,0.9997922311143282
1,1,0.9998427987921679
0,0,3.7684789953397895e-06
1,1,0.9998228737485225
1,1,0.9993561850079341
1,1,0.9997889736756672
1,1,0.9996623786619293
1,1,0.9995503458229411
0,0,9.869955851584645e-06
1,1,0.9998747401326209
0,0,7.3847728020698965e-06
1,1,0.999727938225655
0,0,9.04537378789613e-06
1,1,0.9997466079640088
1,1,0.999529456372584
1,1,0.9997494231877911
1,1,0.9993495777627204
1,1,0.9994580620935801
0,0,0.0015326267462939247
0,0,3.878682847265213e-06
0,0,0.0007730037812275066
1,1,0.9992697842311807
1,1,0.9993514420138859
0,0,1.2558834108230248e-07
1,1,0.9996031181480518
1,1,0.9998978523923833
0,0,4.08118836862604e-06
1,1,0.9998719584993045
1,1,0.9995395141147287
1,1,0.9992210009927509
1,1,0.9997062147788787
0,0,4.666303308449736e-06
1,1,0.999053481410747
0,0,8.097448109627889e-06
1,1,0.9997720573394301
1,1,0.999543493189254
1,1,0.9997389643049391
1,1,0.9997645765598406
1,1,0.9998327938862179
0,0,0.0013129121054156559
1,1,0.9994484777143634
1,1,0.9991047871012092
0,0,5.1967740484514625e-06
1,1,0.9996128699594411
0,0,5.283429533855695e-06
1,1,0.9991486098681933
0,0,9.209101449063308e-06
0,0,5.574927399004261e-06
0,0,4.32556352844033e-06
1,1,0.9998866501735285
1,1,0.9992081618989799
0,0,4.54822292378017e-06
1,1,0.9999265959937561
0,0,5.360069369161066e-06
1,1,0.9994461708867406
1,1,0.9996291909931001
1,1,0.9993856779511108
0,0,0.0011093047818913407
1,1,0.9993039529201434
0,0,1.1485614753888499e-07
0,0,5.771103276453199e-06
0,0,3.3941693027921696e-06
1,1,0.9990239608586153
1,1,0.9998148586711406
1,1,0.9998104122796594
0,0,0.0011861489820084448
1,1,0.9994586876840239
1,1,0.9986645257934793
0,0,0.0012317595884403026
1,1,0.9998559255417495
1,1,0.999656374669927
0,0,1.1665105235222771e-07
1,1,0.9990685110796611
1,1,0.9998231303048999
0,0,5.653501996082689e-06
1,1,0.9996882679373735
1,1,0.9987987067599876
1,1,0.9998931825490923
1,1,0.9990391557417143
1,1,0.9996773608275077
0,0,0.0005807053409026696
0,0,4.231634638144432e-06
0,0,0.0021389982871303876
0,0,7.85019301385604e-06
0,0,4.284395921354171e-06
1,1,0.9998537525398458
1,1,0.9994936029572918
1,1,0.99933323784124
0,0,0.0010521960377154885
1,1,0.9997971738243668
0,0,4.448785072689137e-06
0,0,9.420894518522613e-06
0,0,4.098856000583442e-06
0,0,1.2170049670136764e-07
1,1,0.9995577639793111
1,1,0.9998746993454337
0,0,9.897000657244167e-08
0,0,5.416805577453289e-06
0,0,1.1589368050353549e-07
0,0,4.121073446535568e-06
1,1,0.999834097182238
1,1,0.9998108098281977
0,0,0.0005880850654158496
0,0,3.9931760615613554e-06
1,1,0.9997321225067946
1,1,0.9996629404652251
1,1,0.9997876848221019
0,0,4.138376168774529e-06
1,1,0.9998140680078578
0,0,6.1076575749059725e-06
1,1,0.998785338047499
1,1,0.9995942954800262
0,0,8.781669588931876e-06
0,0,4.092705515162928e-06
0,0,5.107843836126166e-06
0,0,3.3629838923507545e-06
1,1,0.9997242362043284
0,0,0.0014018543798621937
0,0,5.944504663201964e-06
0,0,1.1458274301619794e-07
0,0,5.4352353905324414e-06
1,1,0.9998708644427029
0,0,5.071380710308552e-06
0,0,4.375311449103983e-06
1,1,0.9987698140454971
1,1,0.9998595736222788
0,0,8.136037892115952e-08
1,1,0.9990467808681283
1,1,0.9996160097260413
0,0,4.561624458538097e-06
1,1,0.9996601065942363
1,1,0.9998232418991778
0,0,3.871267610741193e-06
0,0,4.814724495449848e-06
1,1,0.9998077419960014
0,0,3.926231660389114e-06
1,1,0.9996650829028685
0,0,6.16098749964888e-06
1,1,0.9997554899656899
1,1,0.9992177045806483
0,0,5.817062509981444e-06
1,1,0.9995620219156615
0,0,4.621451359822708e-06
0,0,6.221693032607486e-06
1,1,0.9997957276857847
1,1,0.9993616239633948
1,1,0.9995206741290501
0,0,5.351027474386907e-06
1,1,0.9995669898588946
0,0,5.268925211392456e-06
0,0,4.798250537833935e-06
1,1,0.9998129012963596
0,0,1.1758493973252667e-07
0,0,4.788698006395459e-06
0,0,4.951561910066673e-06
0,0,1.224198968043059e-07
1,1,0.9996512331287656
1,1,0.999910523443103
1,1,0.9991719608288165
0,0,1.2349897941729419e-07
0,0,1.0922540132638628e-07
1,1,0.999666849254446
1,1,0.9995700016857864
1,1,0.9998599269273369
0,0,8.366163902608825e-06
0,0,1.15835886479478e-07
1,1,0.9997277772334164
1,1,0.999755015720455
1,1,0.9996422392611307
0,0,4.495819066681234e-06
0,0,5.672479362519629e-06
1,1,0.9996328617414023
0,0,6.353669459695878e-06
0,0,2.9638661099744723e-06
0,0,1.2236758164966846e-07
1,1,0.9992639128654748
0,0,4.060240549641817e-06
1,1,0.9996988227391196
1,1,0.9998033873969129
0,0,5.333014218075062e-06
0,0,9.33883630539561e-06
1,1,0.9992235429737731
1,1,0.9996848587484355
0,0,3.386427684283453e-06
0,0,1.0542415287488598e-05
0,0,5.458319181232663e-06
0,0,5.052556881461208e-06
1,1,0.9996680717141754
1,1,0.9994893645901262
0,0,3.6748536926569455e-06
1,1,0.9998173403168904
1,1,0.9994156366539669
0,0,4.230493037517171e-06
1,1,0.9998957916760414
0,0,4.052365615519944e-06
0,0,7.0670515957989845e-06
1,1,0.9997793252643556
1,1,0.9998307088823077
1,1,0.9997900444871831
0,0,0.0006009899788743993
0,0,5.8248869295561045e-06
1,1,0.9996493754555968
0,0,1.2410452525536766e-07
0,0,4.9669925835955674e-06
0,0,6.551396311346476e-06
0,0,1.2502266171790593e-07
0,0,1.0829144789456408e-07
1,1,0.9999025105283376
0,0,7.238786085314227e-06
1,1,0.9996590275014853
1,1,0.9997412731775662
1,1,0.9996767731289963
1,1,0.9996286657754869
1,1,0.9993597170063708
0,0,6.356509206901135e-06
1,1,0.999291258062096
1,1,0.9998138892533374
0,0,4.183925144923829e-06
1,1,0.9990262510604203
1,1,0.9996506069021917
1,1,0.9994456913303795
1,1,0.9992783637415975
1,1,0.9992028875292709
1,1,0.9994559885339154
1,1,0.9992420041626495
1,1,0.99960323796015
1,1,0.9993378317119349
1,1,0.9996001620948968
1,1,0.9997004832616301
1,1,0.999824620133033
1,1,0.9996191120169081
1,1,0.9998789739158176
1,1,0.9998124098331919
1,1,0.9998444746458628
1,1,0.9999211116748866
0,0,4.354609690145511e-06
0,0,1.2141235794708382e-07
0,0,0.001297004120179475
1,1,0.9988309411851894
1,1,0.9995676029202365
1,1,0.9994316485251569
1,1,0.9994967753804972
0,0,7.040189208645032e-06
1,1,0.9998006203352235
1,1,0.999587995630898
1,1,0.9998209878923228
0,0,5.1565007327180165e-06
0,0,5.046582084262893e-06
1,1,0.9998929911505389
0,0,3.791574461062948e-06
0,0,2.8792784376358563e-06
1,1,0.999882288863651
0,0,2.839569222049887e-06
0,0,4.282780129034044e-06
1,1,0.9986709489101026
1,1,0.9999183276681894
0,0,1.1446318276629292e-07
1,1,0.9995710695642074
1,1,0.9996448980320106
1,1,0.9998231106566984
1,1,0.9998507598169727
1,1,0.9998082028782682
0,0,5.908753353067458e-06
1,1,0.9997602077767295
1,1,0.9998922025293733
0,0,4.542941796180185e-06
1,1,0.9998677963322984
1,1,0.999412557507985
0,0,5.212723973493453e-06
1,1,0.999746003263446
0,0,3.3527872484954057e-06
1,1,0.999793608768119
0,0,5.385512668100947e-06
0,0,3.9593487064730186e-06
1,1,0.9996304086944117
1,1,0.9995494111779294
1,1,0.9999277126142173
1,1,0.9998441591636205
1,1,0.9996928850595712
0,0,1.0581070512418034e-05
0,0,6.130723955820164e-06
0,0,3.5876800573653943e-06
1,1,0.9998409363296122
1,1,0.9997963683745444
0,0,9.938215401554666e-06
0,0,6.8971988426381805e-06
0,0,3.853887036795778e-06
1,1,0.9999426137018745
1,1,0.9996997874919933
0,0,1.0959325387895231e-07
1,1,0.9998044132644505
1,1,0.9999454140988335
0,0,5.335917493529501e-06
1,1,0.9996895586314557
0,0,4.319185698575128e-06
1,1,0.9999151947844842
0,0,6.071290122956533e-06
1,1,0.9994415627678092
1,1,0.9997580033595571
1,1,0.999815274497649
0,0,0.001061003973239729
1,1,0.9995317110249777
1,1,0.9998545253113175
1,1,0.9995432017518063
0,0,5.216849113191327e-06
1,1,0.9996718116728566
0,0,1.235658471124496e-07
0,0,5.55411443988705e-06
1,1,0.9992020952422965
1,1,0.9997676834085089
0,0,4.447327948345e-06
1,1,0.9997381758611164
0,0,6.25247846554971e-06
1,1,0.9998106337015037
1,1,0.9988631717621334
0,0,0.000931820754285087
1,1,0.9995770113062199
1,1,0.9996699580016443
1,1,0.999905381347538
1,1,0.9997601000121411
0,0,5.439951970756414e-06
1,1,0.9993380075142333
0,0,3.796001960377033e-06
1,1,0.9997189335099499
1,1,0.9998935792469593
1,1,0.9997795435297
1,1,0.9994978674870026
1,1,0.9991084483413948
1,1,0.9997767781761634
0,0,4.474028051791468e-06
1,1,0.9998206908498131
1,1,0.9998191938821839
1,1,0.9994732474750726
0,0,0.0015059662518498488
0,0,3.780846900003903e-06
0,0,3.983032900283615e-06
1,1,0.9996527533402875
0,0,8.01585802668311e-06
1,1,0.9996870836211079
1,1,0.9997401771325539
1,1,0.9999452550128604
1,1,0.9992761662219276
1,1,0.9991890027351095
1,1,0.9997823837788797
1,1,0.999068632956611
0,0,5.380663105611802e-06
1,1,0.9994149434769968
0,0,4.679109405924218e-06
1,1,0.9999265799660638
1,1,0.9995137411969773
0,0,4.970363416633441e-06
1,1,0.9998826752664951
1,1,0.9999144668737591
1,1,0.9997756165928064
0,0,3.6405624034417086e-06
0,0,1.2283875804902545e-07
1,1,0.9998168022379624
1,1,0.9997352281532218
1,1,0.9998419307067002
1,1,0.999535689882479
1,1,0.9994788777976789
0,0,4.132742849694707e-06
1,1,0.9994271146393897
1,1,0.9995567246836401
1,1,0.9995675741830402
1,1,0.9996364776716181
1,1,0.9997603294995797
1,1,0.9998736240407728
1,1,0.9999430040624052
0,0,7.386456036784517e-06
1,1,0.999558019100286
0,0,0.0005965308502038376
1,1,0.99992227561712
1,1,0.9991899083486864
1,1,0.9996888879023357
1,1,0.9997707634946461
0,0,1.2020865439093856e-07
0,0,9.216074351301651e-08
1,1,0.9993736380816833
0,0,0.0006102706536039117
1,1,0.9999120319502296
1,1,0.9999216647248124
0,0,6.097749691256018e-06
0,0,4.861557181239415e-06
1,1,0.9996982759176422
0,0,4.7060555070964205e-06
0,0,3.6665989795455345e-06
0,0,1.224787771026774e-07
1,1,0.9992795389386896
1,1,0.9997767340536405
1,1,0.9996993375986796
1,1,0.9991498490195504
1,1,0.9997838288664932
1,1,0.9997063475326838
1,1,0.9998145494844988
0,0,4.711555542187301e-06
1,1,0.999733180195202
1,1,0.9996943377327419
1,1,0.9998737662409372
1,1,0.9998198859342798
0,0,7.924286342816505e-06
1,1,0.9992566105932209
0,0,3.5050456297684433e-06
1,1,0.9996544862822482
1,1,0.9989282157964513
1,1,0.9997215280195961
0,0,3.882678213723369e-06
0,0,1.1720470009917831e-07
1,1,0.999907714801167
0,0,5.630110777821105e-06
1,1,0.999712244711603
1,1,0.9995933018023313
1,1,0.9997350711186439
1,1,0.999620178913559
1,1,0.999828961276229
0,0,3.589445310693948e-06
1,1,0.9998291192864426
1,1,0.9997024848420056
0,0,3.947047556366665e-06
1,1,0.9998231620727884
0,0,5.864498437506702e-06
1,1,0.9994610811833194
0,0,4.1190474570877056e-06
1,1,0.9993494874014119
0,0,1.210638140595497e-07
0,0,5.720134264413746e-06
1,1,0.9996164836433529
0,0,8.800839622485244e-06
0,0,3.686026469358908e-06
1,1,0.9998356902364248
0,0,0.0007341982982424009
1,1,0.9997525579557797
1,1,0.9998796295085806
1,1,0.9991652184542535
0,0,5.829147296786029e-06
1,1,0.999796932693903
0,0,2.6220357542394833e-06
1,1,0.999658449399182
1,1,0.9997529060732139
1,1,0.9993038575566093
1,1,0.9995598471878789
0,0,1.1570838733942282e-07
0,0,1.0959706495021632e-07
1,1,0.9996899428188927
1,1,0.9990519561475714
1,1,0.9996956041080628
1,1,0.9995837481606538
0,0,4.457039427786579e-06
1,1,0.9995471257775141
1,1,0.9999319126393844
1,1,0.9996934081221682
1,1,0.998988750923083
1,1,0.9997766208138679
0,0,4.487321188833066e-06
1,1,0.9995708304424271
0,0,0.0005063518966262736
1,1,0.9998229405428007
0,0,4.2447488016393215e-06
0,0,0.0011205040160400558
1,1,0.9996095212991367
1,1,0.9993959025652714
0,0,4.528689294259064e-06
1,1,0.9997354550123008
1,1,0.9995305245041328
0,0,4.395731243751321e-06
0,0,1.0992998845932385e-07
1,1,0.9998288139315347
0,0,1.1016291433862987e-07
0,0,3.5849762914961826e-06
0,0,0.0014398973129983116
1,1,0.9992584760273967
1,1,0.999631525837669
0,0,9.044699036541788e-06
0,0,1.1080948142688098e-07
1,1,0.9999016155998436
0,0,3.7543808131790176e-06
0,0,1.0823454471935402e-07
1,1,0.9996477114986151
1,1,0.9998492603349312
0,0,4.408801575458927e-06
0,0,0.0007914991673913915
0,0,3.9359026962839105e-06
0,0,0.0008281650145043797
1,1,0.999378905439138
1,1,0.9996589991638373
1,1,0.9997581769240703
1,1,0.9998643848946046
1,1,0.9996346564185774
1,1,0.9997397725068554
1,1,0.9996475774105454
0,0,4.2841620966195505e-06
0,0,5.33460463604004e-06
0,0,3.697518380065666e-06
0,0,1.4548642629681217e-07
0,0,1.0334923559997575e-07
0,0,5.565309151309674e-06
0,0,1.035356389256607e-05
1,1,0.9995012441888919
0,0,0.0012460384667881035
0,0,6.436848943291514e-06
1,1,0.9999152603717675
0,0,5.9521984186028735e-06
0,0,5.263619956681343e-06
0,0,0.0007733197001029763
0,0,5.0003612026447175e-06
1,1,0.9987197382391587
0,0,4.618689307681785e-06
0,0,1.354976889388791e-07
1,1,0.9995570497275241
1,1,0.9987627038881337
1,1,0.9998466446801286
0,0,4.630571906760237e-06
0,0,0.002239705028770847
1,1,0.9996872846812282
0,0,4.402137885496034e-06
0,0,4.1575446200188635e-06
1,1,0.9997361015819163
0,0,6.713998550486745e-06
1,1,0.9999141309477129
0,0,0.0010351459988146058
0,0,0.0005143522652296056
1,1,0.9998972768758091
1,1,0.9990026931572258
1,1,0.9996654047879969
1,1,0.9997723987177264
1,1,0.9996918412554264
0,0,1.1600001364830656e-07
0,0,1.1575283395461576e-07
1,1,0.9995203408784802
0,0,9.325106838227813e-08
1,1,0.9994638111244454
1,1,0.9996736815139801
1,1,0.9997749454495606
1,1,0.9999334003365357
1,1,0.9997596883372807
0,0,4.9525015124937186e-06
0,0,5.643402472307258e-06
0,0,0.0006854753600649351
0,0,1.1508567998959108e-07
1,1,0.9999038468268966
1,1,0.9997608139205997
1,1,0.9998835850038257
0,0,4.457924596653024e-06
0,0,8.121975424935934e-06
1,1,0.9998695913799511
0,0,0.0006336746691938878
1,1,0.9990054685085662
0,0,3.2301755332900297e-06
1,1,0.9998361670738624
1,1,0.9989616768949028
1,1,0.9997595921356455
0,0,4.704027328345861e-06
1,1,0.9998411637892521
0,0,4.943071125204594e-06
1,1,0.9999439452018567
1,1,0.9995019579791306
1,1,0.9989860493689301
1,1,0.9996005438526046
0,0,4.908258765279496e-06
1,1,0.9997558145733534
1,1,0.9995756389861989
1,1,0.9997050188812925
0,0,6.2258283326188605e-06
1,1,0.9994235812887329
1,1,0.9997567976333608
0,0,0.0005954338228360448
1,1,0.9994785708364552
0,0,1.25787734678559e-07
0,0,7.545767867429754e-06
1,1,0.9996964813756
1,1,0.9991482626364072
1,1,0.9986851956794622
0,0,4.489437282428064e-06
1,1,0.9997773749278459
1,1,0.9999169446956665
1,1,0.9994163613683524
0,0,3.06315731216856e-06
1,1,0.9998538060845984
1,1,0.9997223008024274
0,0,1.147062369057562e-07
0,0,0.0013942155228028109
1,1,0.9993040235809219
0,0,1.1252561790899625e-07
1,1,0.999825789262662
0,0,0.001484130017601129
0,0,5.256373239469119e-06
1,1,0.9999009174445758
0,0,3.791488931031043e-06
1,1,0.99966346526165
0,0,3.96605588803999e-06
1,1,0.9992224025830138
0,0,4.1577096623217985e-06
1,1,0.9994614239564447
0,0,5.781957105167397e-06
1,1,0.9998782350162261
0,0,0.00040638973779239207
0,0,0.0009713444952447734
0,0,3.87927768118798e-06
1,1,0.9998217953479548
0,0,6.067859465254361e-06
0,0,3.6994640266848973e-06
1,1,0.9996649551583371
1,1,0.9994482684444498
0,0,4.4810394444745725e-06
1,1,0.9997090963119345
0,0,0.0008552230539919745
1,1,0.9992766424647913
1,1,0.9996345148751835
0,0,4.603009797872027e-06
1,1,0.9995763803923474
1,1,0.9999162914246575
0,0,3.4645124207977676e-06
1,1,0.9998847905294925
1,1,0.9996344860478247
0,0,3.498441093869098e-06
1,1,0.9987706119898238
1,1,0.9998186060060534
1,1,0.9998248042677846
1,1,0.9997192500248088
1,1,0.9998380759893999
1,1,0.9997515681402102
0,0,3.477798507488447e-06
0,0,4.5383663266313085e-06
1,1,0.9994559786317596
1,1,0.999430804983258
0,0,4.449684478860231e-06
1,1,0.9998416379832976
1,1,0.9997915694333528
0,0,4.196791203009708e-06
1,1,0.9997342004092636
1,1,0.999201970886135
0,0,3.949990460241815e-06
1,1,0.9996082057845544
0,0,0.0007728323232261958
1,1,0.9998175557193411
1,1,0.9995598306742269
0,0,4.132343332721144e-06
0,0,4.545954322617077e-06
0,0,0.0010092813170398149
0,0,3.9250134461283886e-06
0,0,5.93916316950238e-06
0,0,1.1014126967543441e-07
1,1,0.9993386313358903
1,1,0.9982774302482126
1,1,0.9992714858735453
1,1,0.9997925783274219
0,0,0.002144322837763422
0,0,4.0803526957292276e-06
1,1,0.9997027902242736
1,1,0.9997210056066734
1,1,0.9995314420014992
1,1,0.9996327492222591
0,0,1.1115384860990193e-07
1,1,0.999813842644342
0,0,4.49667214708561e-06
0,0,4.299829451461706e-06
1,1,0.9998905994157932
0,0,6.23345156014389e-06
0,0,5.119360528692198e-06
1,1,0.9996322600329971
1,1,0.9993535765641665
1,1,0.9997145947343375
1,1,0.9999064809006865
0,0,5.91280458562273e-06
1,1,0.999907433967313
1,1,0.9997259597004522
1,1,0.9996861581309976
0,0,9.221989564413203e-08
1,1,0.9998463116290808
1,1,0.9988392020830806
0,0,0.0014290973229326841
0,0,6.017886314373225e-06
1,1,0.999664552689607
1,1,0.9998144555116931
0,0,1.0120263855678269e-07
1,1,0.9994040873302898
0,0,5.647274822718832e-06
0,0,1.0810438165426726e-07
1,1,0.9996769117137085
1,1,0.9998163094553838
1,1,0.9998702088081759
1,1,0.9998504390176702
0,0,4.200465091247679e-06
0,0,3.5945126401831147e-06
1,1,0.9994734809252395
1,1,0.9999044404250074
1,1,0.9993516361105993
1,1,0.9998525595834162
1,1,0.9996936784757717
1,1,0.9993937553319825
1,1,0.999644825481577
1,1,0.9980522835335183
0,0,9.222691022729025e-08
1,1,0.9998254785089996
1,1,0.9989690249306565
1,1,0.9996998189731207
1,1,0.9998677999697017
1,1,0.9997620041157058
1,1,0.9998159371916405
1,1,0.9998768021361405
1,1,0.9997193529893318
1,1,0.9997764453791883
1,1,0.9993107158762544
0,0,0.0009408632407858782
0,0,4.221443329159355e-06
0,0,3.851125381990939e-06
1,1,0.9998062850180838
1,1,0.9992122272335703
0,0,8.519191544531835e-06
0,0,6.197899422063911e-06
0,0,0.0006440847306562821
0,0,5.169104202939682e-06
1,1,0.99980765194117
1,1,0.999941210672457
1,1,0.9995715734168472
1,1,0.9998292432683967
1,1,0.9992832964063522
1,1,0.9985685054440658
1,1,0.9999046692375247
1,1,0.9995297236010662
0,0,3.923826276554521e-06
1,1,0.9998157821199478
0,0,0.0005498824910375118
1,1,0.9997609019254949
1,1,0.9996967997031615
0,0,5.655340087628115e-06
1,1,0.9998482773668754
1,1,0.999697354503952
0,0,5.148832712297335e-06
1,1,0.999682778240565
1,1,0.9991025735327069
1,1,0.9998136259397309
1,1,0.9996109448587513
1,1,0.9999529966914482
1,1,0.9993349825559734
0,0,5.5195271809801986e-06
0,0,8.109665008064732e-06
0,0,5.4170125472844335e-06
0,0,4.733200495093921e-06
1,1,0.999381530743039
1,1,0.9997971169960453
1,1,0.9994301548448054
1,1,0.99960154493891
0,0,3.7068833166776603e-06
0,0,3.816408783250084e-06
0,0,1.0042496587988979e-05
1,1,0.9992175467643599
1,1,0.9998563983674761
1,1,0.9993911169382055
1,1,0.9988782939339149
1,1,0.9999454850318263
0,0,1.1231499398571273e-07
1,1,0.9996366985818008
1,1,0.9998786541906027
0,0,0.002040937375955862
0,0,0.0006785446629218806
1,1,0.9997343960396258
0,0,7.193159022563471e-06
0,0,1.1254294482775312e-05
1,1,0.9997409776168207
1,1,0.9993768217220167
0,0,0.0008055002103153563
0,0,3.0731789067989266e-06
0,0,0.000342027502297671
1,1,0.9997189482480335
0,0,5.017818955979828e-06
0,0,3.993264391962735e-06
0,0,0.0011917493793086257
1,1,0.9987948837266568
1,1,0.9992660600712739
1,1,0.9997120482150206
1,1,0.99983025725692
1,1,0.99914004164003
1,1,0.9996688987608797
1,1,0.9993330592746079
1,1,0.9998735268622694
1,1,0.9996179291028244
0,0,4.882975024832432e-06
1,1,0.9986394142682246
1,1,0.9998559285554021
0,0,3.3434175464033926e-06
0,0,6.252086727638856e-06
1,1,0.9995068956408463
1,1,0.9995263934185662
1,1,0.9995990889406906
1,1,0.9990850498044835
1,1,0.9997635366756191
1,1,0.9996577140638016
1,1,0.9999354155602279
0,0,4.701990896595542e-06
1,1,0.9995624442868778
1,1,0.9998834018231912
0,0,6.557833916727124e-06
1,1,0.9997473188045068
0,0,6.8614445985142865e-06
1,1,0.9997218484155473
1,1,0.9999176820400794
1,1,0.9988361697276493
1,1,0.9998886524554645
0,0,4.072465810990661e-06
0,0,4.439341006873478e-06
0,0,5.64115283396585e-06
1,1,0.9997356944076282
0,0,3.6528164568634044e-06
1,1,0.9991822856592487
1,1,0.9998715101686257
1,1,0.999586177374556
1,1,0.9989081851527735
0,0,4.646258049239725e-06
1,1,0.9998391513522207
0,0,6.553491890651477e-06
1,1,0.9994293242211018
1,1,0.9995080714008133
1,1,0.9998928859330264
0,0,4.410532706203462e-06
0,0,1.1986863672790695e-07
0,0,1.1725560493409618e-07
0,0,0.0005314967048204991
1,1,0.9996840635483305
0,0,5.4708274041201475e-06
0,0,3.7759145633434966e-06
0,0,8.262405231488302e-06
1,1,0.9998148663447741
0,0,5.21577661029807e-06
0,0,1.2952408096459494e-07
1,1,0.998959754150937
1,1,0.9985926787384792
1,1,0.9996498967917667
1,1,0.9999322151455766
0,0,1.081419970166627e-05
1,1,0.9987413051932607
0,0,1.0999969894730028e-07
0,0,4.037757968735881e-06
0,0,0.0005420833971608022
0,0,4.28544259018313e-06
1,1,0.9998726577322823
1,1,0.9998248113530123
1,1,0.9988042397579436
1,1,0.9991022641397891
0,0,0.0009457683697367654
0,0,3.89686725017395e-06
1,1,0.9992249608085445
1,1,0.999497642700497
0,0,5.145519894512612e-06
1,1,0.9997735720764197
1,1,0.9998593441693219
1,1,0.999005009175119
1,1,0.9996841436216651
0,0,4.827587050153168e-06
1,1,0.999958999966357
1,1,0.9998305690384365
0,0,5.94369014670725e-06
1,1,0.9996989175869413
0,0,9.353765809417606e-06
0,0,5.47498951133278e-06
0,0,4.328848879820068e-06
1,1,0.9995566557402332
1,1,0.9994458858200409
1,1,0.9992983807069825
1,1,0.9999084600786096
0,0,5.269457493332898e-06
1,1,0.9998447648557723
0,0,1.0957582813598473e-07
1,1,0.9992961264024385
1,1,0.9996499697512531
1,1,0.9996953250239241
1,1,0.9998045573437412
0,0,0.0016720380318465619
1,1,0.9999103349818983
0,0,4.703757700610387e-06
1,1,0.9998434868420905
1,1,0.9999284165493767
1,1,0.9997471202569207
1,1,0.9999211221212283
0,0,6.344188251523009e-06
0,0,0.002031345096069555
0,0,5.931901445135531e-06
0,0,5.657984463302452e-06
1,1,0.9996768019274433
0,0,5.289029442942979e-06
1,1,0.9996323038130276
1,1,0.9998194481503659
1,1,0.9998473980176863
1,1,0.9995976519953748
1,1,0.9998334396255483
1,1,0.9998430592355034
1,1,0.9992543392943931
1,1,0.9996198166852492
1,1,0.9995410984210803
1,1,0.9999372398953126
0,0,1.0141878271224944e-05
0,0,1.1121903882747324e-07
1,1,0.9999409884288258
1,1,0.9995590387484274
0,0,7.14634240436905e-06
0,0,1.2161555128067478e-07
0,0,5.4634869191820375e-06
1,1,0.999806655721929
1,1,0.9996140657924791
1,1,0.9999494524705816
0,0,5.731364728393384e-06
0,0,5.098881312433905e-06
1,1,0.9997517536779112
0,0,6.003175773859724e-06
0,0,0.0014419856510549881
1,1,0.9997332923485269
1,1,0.9997313347413788
0,0,1.0462879664524543e-07
1,1,0.9998991711474007
1,1,0.9993671673748021
1,1,0.9998236630478514
1,1,0.9996431571712056
1,1,0.999694008671764
1,1,0.9996541167073859
0,0,4.4903151701227645e-06
1,1,0.9997627158150153
1,1,0.999656299926408
1,1,0.9998844029434624
0,0,1.0588661295999752e-07
1,1,0.9998789224744825
0,0,9.980821983640254e-06
1,1,0.9993317212480186
0,0,0.001817090801379966
0,0,0.0014845021619394562
1,1,0.9998494222246197
0,0,4.174957743672796e-06
0,0,5.29466633917903e-06
1,1,0.999359032347722
0,0,1.1257213102036354e-07
0,0,0.0005105933932099198
0,0,4.687120327296509e-06
1,1,0.9998491842981265
0,0,4.2001322313095104e-06
1,1,0.9990096042143402
1,1,0.9990815669059323
1,1,0.9993526455769491
0,0,5.432973650008542e-06
0,0,4.533551174600672e-06
0,0,5.7289192075198845e-06
0,0,6.046199271567583e-06
1,1,0.9995541437192449
1,1,0.9997601379441923
0,0,7.796112637841736e-06
1,1,0.9999062838683664
0,0,5.6307480112818205e-06
1,1,0.9994816817275616
1,1,0.9998777266121229
0,0,5.7034867262092985e-06
1,1,0.9995270915807456
0,0,1.0418245308140083e-07
1,1,0.9999320693385765
0,0,4.539115430219253e-06
1,1,0.9998430576085191
0,0,4.612725867752031e-06
1,1,0.9996632027331456
1,1,0.9998408604004617
1,1,0.9998622037915561
0,0,3.364223361663841e-06
1,1,0.9998578792680588
1,1,0.9998661418239607
1,1,0.9999315890714285
0,0,1.1433539778540676e-07
1,1,0.9997255029156419
1,1,0.9987379454174633
1,1,0.9998484381856909
0,0,5.234470627635612e-06
1,1,0.9997478745096166
0,0,3.6279924304624543e-06
0,0,1.1789261078878527e-07
1,1,0.998534339633329
1,1,0.9987042006245991
1,1,0.9997368562405317
0,0,8.068561649756068e-06
0,0,3.685626389451081e-06
0,0,0.0016507250767262577
0,0,5.8762499974547345e-06
1,1,0.9996142228602759
0,0,5.835967041538451e-06
0,0,1.1639966338675161e-07
1,1,0.9994681135473855
1,1,0.9999279085884759
1,1,0.9998411640294486
1,1,0.9996095915456416
1,1,0.9997142557113851
1,1,0.9997222334556938
0,0,3.851544182637366e-06
1,1,0.9995239529724772
1,1,0.9993559230183113
1,1,0.9998358621317598
1,1,0.9998481089405399
0,0,1.0079001889508371e-07
0,0,4.2155005073187545e-06
1,1,0.9995765437038692
0,0,6.270673206400406e-06
0,0,7.947661489306583e-06
1,1,0.9997664183289078
1,1,0.9998124480532458
0,0,5.0339927387903064e-06
1,1,0.9998315025791323
1,1,0.99945860700046
0,0,1.1908623902528582e-07
0,0,1.1570952105187156e-07
0,0,8.20637315197661e-06
0,0,4.027316398700034e-06
1,1,0.9998621960566162
1,1,0.9997074092980247
0,0,1.2078622605651293e-07
0,0,3.6417288818202966e-06
0,0,4.620605519020585e-06
1,1,0.9997175230748603
1,1,0.9990989847141726
0,0,0.0016047487154332732
1,1,0.999423135300773
0,0,5.009611778600621e-06
0,0,1.1544199845090325e-07
0,0,5.492623148354061e-06
0,0,1.221458023811674e-07
0,0,5.607247171053005e-06
0,0,8.01795903148965e-06
0,0,0.001109490743869405
1,1,0.9989063027392052
1,1,0.9996380682733088
0,0,3.5396975187847187e-06
0,0,4.760698518491215e-06
0,0,5.643458165435281e-06
1,1,0.999566644945225
0,0,6.759980092140899e-06
1,1,0.9998213057187404
0,0,6.1669164819075706e-06
0,0,9.178597955831257e-06
0,0,7.643217567014422e-06
1,1,0.9998880804057929
1,1,0.9994115423582771
0,0,5.0516240778718045e-06
1,1,0.999467322464038
1,1,0.9999108497145103
0,0,6.461574414646353e-06
1,1,0.9996171068124367
1,1,0.9997278352048466
0,0,9.418328026249439e-08
1,1,0.9998208089919002
0,0,1.1862429935068444e-07
0,0,4.161343374112115e-06
0,0,8.996566971176532e-06
1,1,0.9998555619390437
1,1,0.9991935600349606
1,1,0.9994265467041963
0,0,1.1442398507882813e-07
0,0,4.850115003194735e-06
0,0,0.0012323377525269479
0,0,0.000932579345292741
1,1,0.999668582865383
0,0,9.53535017784639e-06
1,1,0.9994930679264001
1,1,0.9995800177328259
0,0,1.0705244812054291e-07
0,0,1.1903099077477485e-07
0,0,5.523386468634356e-06
0,0,4.945811080947952e-06
1,1,0.9994633944810397
1,1,0.9997705438463218
1,1,0.9994627849246506
1,1,0.9997983907372474
1,1,0.9997645522416642
0,0,0.0006331070445457803
0,0,0.0011631098755012957
1,1,0.9996396678839847
1,1,0.9997631029591247
1,1,0.9997535413138674
1,1,0.9998042135993706
1,1,0.9993242045153449
1,1,0.9997255155483346
1,1,0.9999606185079107
1,1,0.9998673904252686
0,0,3.88783775210354e-06
0,0,0.0008099958910936398
0,0,1.0794278661178817e-07
1,1,0.9998728889418506
1,1,0.9998155927092616
1,1,0.9997951073757981
0,0,5.159509214102268e-06
0,0,3.996790316113393e-06
1,1,0.9998265008821283
1,1,0.9996078605149326
1,1,0.9990004025454557
0,0,0.0005810924102131034
1,1,0.9998978229112452
1,1,0.9998926283282057
1,1,0.9998161012869051
0,0,1.0908425507122294e-07
1,1,0.9996777920114568
1,1,0.9988259672986505
0,0,1.0352083714420144e-07
0,0,1.2107824422338568e-07
1,1,0.999803886466605
0,0,0.0006091360780856992
1,1,0.9992140482754622
1,1,0.9996871356999902
0,0,2.6113676682432663e-06
0,0,6.123336442684991e-06
1,1,0.9998442980307194
1,1,0.9996273186287582
1,1,0.99984251519871
0,0,4.058339205609696e-06
0,0,1.0789480698658859e-07
1,1,0.9997165596140246
0,0,4.688219426675292e-06
1,1,0.999550800368412
1,1,0.9990907686344551
0,0,9.41963683638271e-06
0,0,0.0011212754064608764
1,1,0.9999281302107161
1,1,0.9997096233437558
0,0,1.1559106502025628e-07
0,0,3.822991873808494e-06
0,0,0.0004543045634785367
0,0,0.0007753807318702604
0,0,5.133602608126697e-06
1,1,0.9997793578241528
1,1,0.9995984606170845
0,0,5.960460096853496e-06
1,1,0.9994346277529066
1,1,0.9994234029188207
1,1,0.9995967787254905
1,1,0.9996963178859902
1,1,0.9998065474414395
0,0,7.42321512424535e-06
0,0,4.323045859515483e-06
0,0,0.0006460841370763471
0,0,0.000769735999365215
0,0,3.12243206364093e-06
0,0,4.579125765377455e-06
1,1,0.9997658949514253
1,1,0.9997830285152672
1,1,0.9997148485147072
1,1,0.9997414434561979
1,1,0.9991812881598603
0,0,4.28350466839564e-06
0,0,4.469886341591715e-06
0,0,3.953103560747027e-06
1,1,0.9996903365945495
1,1,0.9995575106306595
1,1,0.9996642823171573
1,1,0.9996357569511014
1,1,0.9998674072612059
1,1,0.999797499658218
1,1,0.9999261210645398
0,0,7.557022924622226e-06
1,1,0.9998547733035917
1,1,0.9995379091447884
1,1,0.9992840109270315
0,0,1.0861836300837584e-07
0,0,4.4360619234580346e-06
0,0,1.1304755889991584e-07
1,1,0.9993962056525771
0,0,3.938183240234592e-06
1,1,0.9996809288199181
0,0,3.503184595405339e-06
1,1,0.9997773439144341
0,0,3.5803112987293233e-06
0,0,4.3024728414709824e-06
1,1,0.9998359257696031
0,0,6.253049818468887e-06
0,0,8.099532264361783e-06
1,1,0.998817566728761
1,1,0.9996865161460275
0,0,3.953779488210139e-06
0,0,1.1542472192710661e-07
1,1,0.9997028146241169
1,1,0.9998454449292189
1,1,0.9997259735467828
0,0,5.254567397800117e-06
1,1,0.9984917323794716
1,1,0.9997472950640648
0,0,3.279104029011712e-06
0,0,5.856239697286505e-06
0,0,6.2615319509621e-06
1,1,0.9993026922681811
1,1,0.99981725453612
1,1,0.999821703898693
1,1,0.9997533642727744
0,0,0.0013667938844844534
1,1,0.9998385837888409
1,1,0.9996205119649834
1,1,0.9998930685299129
1,1,0.9997757475268801
0,0,4.685441313069569e-06
1,1,0.9994445690758589
0,0,4.840422219900975e-06
1,1,0.9989327092828064
0,0,0.0016493170317215902
1,1,0.9995662003103704
1,1,0.9989708909464204
1,1,0.9985616223004172
1,1,0.9997104045053071
1,1,0.9994170367905635
1,1,0.9997551428330261
1,1,0.9998685168711109
0,0,1.1183945417883424e-07
1,1,0.9998332756797598
1,1,0.9998213548386347
1,1,0.9998174291911907
0,0,1.1646824939681623e-07
1,1,0.9997100486520463
1,1,0.9999319695882498
0,0,3.8309322735756145e-06
1,1,0.999419507554473
1,1,0.998869315412434
1,1,0.9998959352435246
0,0,6.396559946291681e-06
1,1,0.9997173303855514
1,1,0.9997125197240039
1,1,0.9998245883034873
0,0,1.0128573440129354e-05
1,1,0.9998618500794958
1,1,0.9997172704594963
0,0,1.0381558114028927e-07
1,1,0.9992822389013765
1,1,0.9997120870363332
1,1,0.999769167920807
0,0,3.9923672310263295e-06
0,0,1.1102013766174803e-07
1,1,0.9993925574608777
1,1,0.9993749437267702
0,0,0.0010656795340488634
0,0,4.7428440845197775e-06
0,0,1.2150246782671533e-07
1,1,0.9998978317247305
1,1,0.9998179440741988
1,1,0.9996457632147568
1,1,0.9997673932015545
0,0,6.108925118188864e-06
0,0,4.018289089285872e-06
1,1,0.9996256031145925
1,1,0.9999513248144475
1,1,0.9998621483012615
1,1,0.9993660135642646
1,1,0.9994207982141199
0,0,5.78697911655617e-06
0,0,6.649237621646032e-06
1,1,0.9995575633849306
1,1,0.9997603596566985
0,0,4.679646761340986e-06
0,0,0.00037060165155047896
0,0,5.542229787314347e-06
1,1,0.9999006573626411
1,1,0.9997206190124129
1,1,0.9997392789837978
1,1,0.9993014431596741
0,0,0.0014803116602579319
1,1,0.9994375428073823
1,1,0.9996552451084589
1,1,0.9997132315923967
1,1,0.9993204756875838
1,1,0.9999351111086832
1,1,0.9998849347508616
1,1,0.9995797927051854
1,1,0.9996412564362497
1,1,0.9997643928464437
0,0,5.093043331428055e-06
1,1,0.9998209745755567
1,1,0.9999271317625102
1,1,0.9996987139482355
0,0,5.105292731526823e-06
1,1,0.9994301556775479
1,1,0.9999399953856515
0,0,1.1049033256374252e-07
1,1,0.9999316837534558
0,0,0.0006942213297330394
0,0,0.00067948482235508
1,1,0.9997752064287111
1,1,0.9999343935296486
1,1,0.9995769247360055
1,1,0.9996723637126247
0,0,0.0005792045281357666
1,1,0.9991128913806165
1,1,0.999389651437132
1,1,0.9997528397527021
1,1,0.999660526493473
1,1,0.9995511673919749
0,0,4.8683970520589405e-06
1,1,0.9999069722974175
1,1,0.999507704408629
0,0,1.1370831609155065e-07
1,1,0.9997732847271994
1,1,0.9995621806735709
0,0,5.921351877562599e-06
0,0,8.575211430937821e-06
1,1,0.9999049525734339
0,0,1.1136271630097555e-07
1,1,0.9998184310124519
1,1,0.9998715840196869
0,0,1.3796431200579571e-07
1,1,0.9998302792907923
1,1,0.9995222805855181
0,0,4.019625099898708e-06
0,0,6.231046812026083e-06
1,1,0.9998825619118473
1,1,0.9999234669395762
0,0,9.136815575590026e-08
0,0,1.1738431143430242e-07
0,0,4.143639464081931e-06
1,1,0.9997865594682259
1,1,0.9996331474486102
0,0,4.499148133377972e-06
0,0,4.910350362384466e-06
1,1,0.9997789265209944
1,1,0.9997725048667643
1,1,0.9997912112084777
1,1,0.9997045173418644
0,0,9.867786003998582e-06
1,1,0.9994058903905605
1,1,0.9997913747963368
1,1,0.9996619432914015
1,1,0.9999074223928419
1,1,0.9994028613369834
1,1,0.9997587029755034
0,0,1.166250746640949e-07
0,0,1.2276642920680222e-07
1,1,0.9998348090674796
1,1,0.9994086783932482
1,1,0.9991168822450361
1,1,0.999630054288766
0,0,5.886715446959466e-06
0,0,5.282211840641567e-06
1,1,0.9972902618538887
0,0,3.960908232245354e-06
0,0,8.273066993235174e-08
0,0,6.012104064485081e-06
1,1,0.9996732111948107
1,1,0.9998608601588725
0,0,8.052146037134146e-06
0,0,0.0007731439427687995
0,0,3.850750258377854e-06
1,1,0.9999316211769069
0,0,0.001480921836561791
1,1,0.9996106765018895
1,1,0.9975123696966216
0,0,6.425265824718203e-06
1,1,0.99887808336996
1,1,0.999725506821484
0,0,8.44061957664646e-06
0,0,4.303090664611813e-06
0,0,8.333273471120435e-06
0,0,6.496672851718524e-06
1,1,0.9996364454244292
0,0,5.462269418383691e-06
0,0,0.001232337102434749
0,0,1.1674093519265911e-07
1,1,0.9999101467309193
1,1,0.9998780355572778
1,1,0.9998577319448592
1,1,0.9999035017893166
1,1,0.9998640658246083
1,1,0.9998447721943534
0,0,0.0012314415613789238
0,0,5.4466871743437795e-06
0,0,1.1588127827125613e-07
1,1,0.999564309756543
0,0,7.988183533065355e-06
1,1,0.9999375267092797
0,0,1.1230852333271463e-07
0,0,4.396974587978676e-06
1,1,0.9998205132587216
0,0,6.2530881756007584e-06
0,0,4.760716734321862e-06
1,1,0.999606748262742
1,1,0.9997618291348055
1,1,0.9992805066043717
0,0,0.000538649227263971
0,0,5.274839530794118e-06
0,0,5.686021574217786e-06
1,1,0.9993857156342257
0,0,4.818619298365712e-06
1,1,0.9993601179029633
1,1,0.9997125440411433
1,1,0.9998065504787444
1,1,0.999149173925733
0,0,0.0006636901907272835
1,1,0.9993758071373379
1,1,0.9995333212536976
1,1,0.9996912095179914
1,1,0.9993115812447316
1,1,0.999649084757574
1,1,0.9998351787966142
1,1,0.9995194640001407
1,1,0.9996699708759447
1,1,0.9999401540426912
1,1,0.9997051938995265
1,1,0.9998638668333698
1,1,0.9996986237538203
1,1,0.9998395299597033
1,1,0.9998256474887353
0,0,4.8318360947643895e-06
1,1,0.9995999618235965
1,1,0.9998394937874238
1,1,0.9993955203794551
1,1,0.9999112274258056
1,1,0.9994770867123353
1,1,0.9995129025150045
1,1,0.999715124493951
1,1,0.9995129278056418
0,0,4.859543382955955e-06
0,0,5.333822869821172e-06
1,1,0.9998057579359626
0,0,3.3551821301053843e-06
1,1,0.9993644342359808
0,0,5.3452292454832604e-06
0,0,3.7826165530735756e-06
1,1,0.9995196458761202
1,1,0.9997841866782092
0,0,6.157015153132181e-06
0,0,0.0015131447472799906
1,1,0.999206457133964
1,1,0.999799192774281
1,1,0.9999276937413091
1,1,0.9996450223243832
1,1,0.9996891474224584
1,1,0.9998105546998557
1,1,0.9999007701933804
1,1,0.9995858618014692
0,0,4.106312471824083e-06
1,1,0.9990693180072672
1,1,0.9992260539640639
0,0,0.0014888862131626987
1,1,0.9999222078769331
1,1,0.9993831951203503
0,0,5.456737459435449e-06
1,1,0.9997810826981595
0,0,4.956888026419349e-06
0,0,0.0011090488022766822
0,0,1.0097321889565885e-05
0,0,5.670091386752467e-06
1,1,0.9994767471409594
1,1,0.9996667863764733
1,1,0.9998294158682706
1,1,0.9997435884755173
1,1,0.9997067056089862
0,0,1.0444145378715241e-07
1,1,0.9999326352250242
1,1,0.9995108286262716
0,0,4.165093230294147e-06
1,1,0.999807702691278
0,0,4.716420403877853e-06
1,1,0.9998011919636737
1,1,0.9997911919322982
0,0,0.0007870331510628221
1,1,0.999156916635859
0,0,6.045333652895667e-06
0,0,5.83373219498056e-06
0,0,3.6587105943396974e-06
1,1,0.9987408655442852
0,0,1.0923503171854896e-07
1,1,0.9996487695155383
1,1,0.9993578874123679
1,1,0.9997021332561932
0,0,3.921169387176799e-06
1,1,0.9998084734958235
1,1,0.9997579791564136
1,1,0.9998269876034013
1,1,0.9998403783818889
1,1,0.9997757920210006
1,1,0.9993952116805949
1,1,0.998588939054574
1,1,0.9998055765911413
0,0,0.0009452053392641503
1,1,0.9997883732588012
1,1,0.9998129036275736
1,1,0.9994315834827933
1,1,0.9993589841750334
1,1,0.9998373312169795
1,1,0.9997267629923682
0,0,6.91290505540884e-06
1,1,0.9995584708766527
1,1,0.9994516428416881
1,1,0.9998217948097258
0,0,8.809924825301791e-06
1,1,0.9990459685479145
0,0,0.0012178895868630475
0,0,1.1107515496820609e-07
1,1,0.9996587795632668
1,1,0.9994635080724519
0,0,1.1570566280021272e-07
1,1,0.9995286193642651
1,1,0.9993361401903477
1,1,0.9995601639796649
1,1,0.9997806571238412
0,0,6.578665113064507e-06
1,1,0.9996809045189865
0,0,6.117586126549774e-06
0,0,4.506040727067477e-06
1,1,0.9994068289670858
1,1,0.9999088476189546
0,0,7.155235664490398e-06
0,0,1.1152187623105894e-07
1,1,0.9997169418015075
1,1,0.9997893141610508
1,1,0.9997667598397664
0,0,4.220689823731177e-06
0,0,1.4050760569703284e-07
1,1,0.9997412051600029
1,1,0.9997139728097797
0,0,9.279217000046862e-06
0,0,0.0012055112853574296
0,0,1.1013531462826342e-07
1,1,0.9996721921502398
1,1,0.9998244394529927
1,1,0.9998538732462452
1,1,0.9997424766605956
0,0,5.448559758517394e-06
1,1,0.9995419158872715
1,1,0.9995681834003172
0,0,3.989726832918032e-06
0,0,1.1460424339721177e-07
1,1,0.9997842711037317
1,1,0.9996912564988113
1,1,0.9998489741217644
1,1,0.9995456245409783
1,1,0.9999019683969935
1,1,0.9997494984228668
1,1,0.9991568667306114
1,1,0.9997299680749607
0,0,1.2463585328991458e-07
1,1,0.9995601893502969
0,0,8.841073599277632e-06
0,0,1.0525257449798208e-07
1,1,0.9998302831156837
1,1,0.9981760563335023
1,1,0.9993481578667531
1,1,0.9995890672453216
1,1,0.9995667226255261
1,1,0.999504152142081
0,0,3.7641495691558306e-06
0,0,0.0009772608748491998
1,1,0.9999481353563122
0,0,1.238467795561362e-07
1,1,0.9994947703497163
1,1,0.9991284805333681
0,0,3.4905171443832183e-06
1,1,0.9999338652861757
0,0,7.605892055944118e-06
0,0,3.566038286862832e-06
1,1,0.999493454947818
1,1,0.9997862741957882
0,0,1.220060018619403e-07
1,1,0.9997472084636786
0,0,4.985098032802212e-06
0,0,5.528123772290135e-06
1,1,0.9997546473602571
1,1,0.9998760246911866
1,1,0.9995161352902376
0,0,7.565438427305484e-06
1,1,0.9998922158962726
1,1,0.9996427117825686
0,0,1.239047534211915e-07
1,1,0.9990528956247468
1,1,0.9997846142404213
1,1,0.9996920282329503
1,1,0.9997929536533356
1,1,0.9995110155363399
1,1,0.9991946974834672
1,1,0.9997908988302804
0,0,0.0006777478918314854
1,1,0.9996583140358727
0,0,4.859207023108501e-06
1,1,0.9999076011470849
1,1,0.9997509126504369
1,1,0.9995458149665185
1,1,0.999118367730688
1,1,0.9996038885043843
1,1,0.9990748680768619
1,1,0.9997956277835235
1,1,0.9997326971122672
0,0,3.7338810835418216e-06
1,1,0.9999077744848939
1,1,0.9987634487573238
0,0,6.243043288997722e-06
1,1,0.9997875807281245
1,1,0.9996568265038086
1,1,0.9998924945830735
0,0,1.0309792489358575e-07
1,1,0.9997890250784283
0,0,1.4576057785348306e-07
1,1,0.9998389879260521
1,1,0.9985857035167096
0,0,0.0009623467072520318
1,1,0.9993529855337724
1,1,0.999570562186013
1,1,0.999837897963843
0,0,4.674570851646138e-06
0,0,9.437072557899809e-06
1,1,0.9995171502100547
1,1,0.999928666241321
1,1,0.9994237094319784
0,0,0.0006544747344996765
1,1,0.9996886126684714
1,1,0.9993089501088469
1,1,0.9986700568594964
1,1,0.9995745791035465
0,0,4.1189628578269965e-06
0,0,6.344732333685169e-06
0,0,3.5258057019850015e-06
1,1,0.9997015966449994
0,0,1.0934595469924625e-07
0,0,4.6611076895116295e-06
0,0,1.1591173817635172e-07
0,0,7.908680166716758e-06
0,0,4.7272240028858515e-06
0,0,4.493443488047474e-06
0,0,9.278367008815854e-08
0,0,0.0010463659619471591
1,1,0.9997199503760815
0,0,5.516513533024007e-06
1,1,0.9998958003805463
0,0,0.0006104624519371422
0,0,1.088614626433985e-07
1,1,0.9998997327855307
0,0,1.1168469020738621e-07
0,0,3.87109318809401e-06
1,1,0.9997473716538001
1,1,0.9995616909885778
1,1,0.9995960295424614
1,1,0.9997147717899528
1,1,0.9993277919493715
1,1,0.9994206757941702
0,0,4.606049025132655e-06
1,1,0.9996573899641171
0,0,4.268583533576896e-06
1,1,0.9997514324916208
0,0,9.027781875741074e-06
0,0,3.796141754273136e-06
0,0,3.5055582445314417e-06
1,1,0.9997356409715515
1,1,0.9998267709175014
0,0,6.458786619378559e-06
0,0,0.0011441916426649702
1,1,0.9998571614304711
0,0,4.200378295213892e-06
1,1,0.9997904724549646
1,1,0.9995985123651842
1,1,0.9996832219517074
1,1,0.9993986435912663
0,0,1.218307858559188e-07
1,1,0.9996054616796903
0,0,4.31145108403469e-06
1,1,0.9998249441576682
1,1,0.9995727563516853
0,0,4.497349848215494e-06
0,0,4.953509889733931e-06
1,1,0.9996715693327393
0,0,4.09065899414335e-06
1,1,0.9997082395479964
1,1,0.9988717584722668
1,1,0.9995005908456234
1,1,0.9997007553620993
1,1,0.9998778744951188
1,1,0.9998288603701049
0,0,2.9414177155680257e-06
1,1,0.9992879392942017
0,0,4.106383500586804e-06
1,1,0.9996192478534557
1,1,0.9993202461160212
0,0,1.0531481943089106e-05
1,1,0.9998329450680157
1,1,0.9999352916619693
1,1,0.9994146941608869
1,1,0.9996192499373561
1,1,0.9997578721462096
1,1,0.9994682503332825
0,0,8.514847901416764e-06
0,0,9.595872876644454e-08
1,1,0.9996992260532177
0,0,7.120912918338632e-06
1,1,0.9995041776010691
1,1,0.9997459221617107
1,1,0.99992943826532
1,1,0.9986708415615078
0,0,1.209958264818577e-07
0,0,5.419651191938297e-06
0,0,4.964818956040611e-06
0,0,3.838870307415908e-06
1,1,0.9996593679183526
1,1,0.9994774150009957
1,1,0.9996178772121121
1,1,0.9986079957214695
0,0,0.0009043971469236924
1,1,0.9998000169071062
0,0,0.0023579690727211266
1,1,0.9995746393548851
1,1,0.9990585556981618
1,1,0.9997870273985255
1,1,0.9996242513489151
0,0,1.1484268814862412e-07
0,0,3.2821616880976367e-06
1,1,0.9996256944815572
1,1,0.9997818097693046
1,1,0.9997281788902364
0,0,5.531722450745189e-06
0,0,1.135565152985001e-07
0,0,1.1985214407971454e-07
1,1,0.9998147557407412
0,0,3.516151137774847e-06
1,1,0.9989234344174363
1,1,0.9990049419212864
1,1,0.9998568738947462
1,1,0.999811009637955
0,0,1.2888769630837094e-07
1,1,0.9985844510992696
0,0,5.225212171247239e-06
1,1,0.9998255875082518
1,1,0.9998525685077584
0,0,4.1041101701251225e-06
1,1,0.9996229002295229
1,1,0.9997354571042739
1,1,0.9998198684630529
1,1,0.9993951876659302
0,0,0.0009124123541646756
0,0,4.799831980064541e-06
1,1,0.9998716971440743
0,0,6.303142569349432e-06
1,1,0.9995084936088691
1,1,0.9986756448793092
1,1,0.9994619682024937
1,1,0.9997794340413206
1,1,0.9993468130191593
0,0,1.0366354906705446e-07
1,1,0.9997127248611023
1,1,0.9998512081732126
1,1,0.9997605127116127
1,1,0.9995101018167382
1,1,0.9992062742399305
1,1,0.999485855247789
1,1,0.9995297071616567
1,1,0.999872984795253
1,1,0.9997850410032503
1,1,0.9998603758323269
1,1,0.9993110053018263
1,1,0.999562036426341
1,1,0.9996937866098157
0,0,1.1030331799921452e-05
1,1,0.999836570069754
1,1,0.9998935342904414
0,0,3.7934978838562726e-06
0,0,5.780236172305612e-06
1,1,0.99959638558891
1,1,0.9998997286247397
0,0,4.602869203989131e-06
0,0,3.6825635840383195e-06
1,1,0.9997948432900503
1,1,0.9997758701911854
1,1,0.9998816859748801
0,0,5.656623443741032e-06
1,1,0.9997231216962478
1,1,0.9998684072966236
0,0,5.004717411992038e-06
1,1,0.9996679785244863
0,0,5.406791147260725e-06
1,1,0.9997146651023061
1,1,0.9992710531824158
0,0,7.3006060743989125e-06
0,0,4.170205475966978e-06
1,1,0.9998253875473585
0,0,4.0994298952071044e-06
0,0,5.476171125942816e-06
0,0,1.1547638688163181e-07
1,1,0.9992632273531468
1,1,0.9994615250469143
1,1,0.999825826881525
0,0,0.0007385910360704864
1,1,0.999817723734781
1,1,0.9997616990966447
1,1,0.9998645892246083
1,1,0.9998994258851027
1,1,0.9997928676451807
1,1,0.9997397955793993
1,1,0.9998915228620144
0,0,0.000948888615649747
1,1,0.9992734391122063
1,1,0.9995762711870517
1,1,0.9985507204285177
1,1,0.9999291734554422
1,1,0.999862361344218
0,0,5.907310557347599e-06
0,0,4.244403371900808e-06
0,0,4.7587686039044345e-06
0,0,1.0469723583458768e-07
0,0,6.273446212761582e-06
1,1,0.9998490873042092
1,1,0.9992902123522376
0,0,1.028769967604705e-07
1,1,0.9999169382210056
0,0,0.0016290496509352445
1,1,0.9997941805668498
0,0,8.144400430936327e-08
0,0,5.000516261069698e-06
1,1,0.999745347562712
1,1,0.9992722864111695
0,0,4.168185205629763e-06
0,0,6.048839097667074e-06
1,1,0.9999321033082252
1,1,0.9995885851575331
0,0,7.0596108786274405e-06
1,1,0.9998673876534093
1,1,0.9998583425401814
0,0,1.1571611987432063e-07
1,1,0.9991548512792656
1,1,0.999556919897299
0,0,4.921853644702474e-06
1,1,0.9996339260740976
1,1,0.999823942142028
0,0,4.529833812172487e-06
1,1,0.9998329784292974
0,0,5.4277306687478424e-06
1,1,0.999853294504213
1,1,0.9998138754007829
1,1,0.9998460656162194
0,0,5.8949746940677035e-06
1,1,0.9993974549486289
1,1,0.9993900209417405
1,1,0.9997429908461976
1,1,0.999714351657348
1,1,0.999352262309151
0,0,4.959822402978234e-06
1,1,0.999530701085479
1,1,0.9995146967146981
1,1,0.9997858555214977
0,0,6.28545545584107e-06
1,1,0.9991255683967668
1,1,0.9992167149813013
1,1,0.9998188117598861
1,1,0.9995217393654906
1,1,0.9998584604497593
1,1,0.9996428669489155
0,0,3.92941566719801e-06
1,1,0.9999266007934374
1,1,0.9998297301000056
0,0,3.6712903149035827e-06
1,1,0.9996223979377027
0,0,1.0989758575485042e-07
0,0,0.0009844070056517905
1,1,0.999783510806248
1,1,0.998720987498917
1,1,0.9998547685751356
1,1,0.9996607803075301
1,1,0.9998035948291335
0,0,0.0008863155502008731
0,0,4.267904924827593e-06
0,0,1.1823081298701598e-07
1,1,0.9993293130850325
0,0,0.0017532701594875086
1,1,0.99977285635037
1,1,0.999442550352381
1,1,0.9995841745227106
1,1,0.9998084254366126
0,0,0.0025151510723129215
0,0,4.6112910360708055e-06
1,1,0.9998309878531
1,1,0.9996940007442103
0,0,3.697070124666491e-06
0,0,4.04198665927957e-06
0,0,4.541553813622374e-06
0,0,2.911213384272988e-06
1,1,0.9998357209480618
0,0,0.0020393961156643346
1,1,0.9998177365631847
0,0,6.336575346653324e-06
0,0,5.857696693280489e-06
1,1,0.9995515473709332
0,0,7.169242271973065e-06
1,1,0.9996609874736306
1,1,0.9997259065582519
0,0,4.597014615826262e-06
1,1,0.9997202288627342
0,0,1.0397945788295499e-07
1,1,0.9995980095430569
1,1,0.999793525675837
0,0,1.1255258214174556e-07
1,1,0.9997615003688084
1,1,0.9998806109289736
1,1,0.9998380425304583
0,0,4.034361625392657e-06
1,1,0.9998924061360539
0,0,1.082006333787199e-05
1,1,0.9998663106702459
0,0,3.583974467589712e-06
1,1,0.9999128569263575
1,1,0.9998909939972197
1,1,0.9993541394607465
1,1,0.9993095755406611
1,1,0.9997274129252848
1,1,0.9997926534693568
1,1,0.9997982439314139
1,1,0.9998535482220917
0,0,5.297318691840846e-06
0,0,0.000988453286017368
1,1,0.9998272468543882
1,1,0.9999220801446117
1,1,0.9996298561198864
0,0,4.592543520850321e-06
1,1,0.9998965176879786
1,1,0.9995574572887101
1,1,0.9999150248858889
0,0,5.54836337326808e-06
1,1,0.9994678259798375
1,1,0.9999413137693884
0,0,4.402385277900723e-06
1,1,0.99985698388325
1,1,0.9987275243592878
1,1,0.9997469335937594
1,1,0.9997320558219805
1,1,0.999888862200425
1,1,0.9998767797620968
1,1,0.9996877257034693
1,1,0.99992091650919
1,1,0.9997476453237416
1,1,0.9999058644889907
0,0,0.0006704192618553065
1,1,0.9997249859839523
0,0,3.642346761895407e-06
1,1,0.9996327777582454
1,1,0.9997813630650004
1,1,0.9998950477296759
0,0,3.953637719856662e-06
0,0,5.580767804213811e-06
1,1,0.9997152712346541
1,1,0.9990802652299371
1,1,0.9996944542474284
1,1,0.9996559967784698
1,1,0.9994978907919402
1,1,0.9996294321058302
1,1,0.999789161816587
1,1,0.9998252894687469
0,0,4.115330046094597e-06
1,1,0.9996572749506202
1,1,0.9996664258184333
1,1,0.9996637964567072
1,1,0.9987227727304
1,1,0.9995365624516667
0,0,5.4315572810493136e-06
0,0,4.680971532266707e-06
0,0,1.242947582497091e-07
1,1,0.9989962374478604
1,1,0.9997143189307144
0,0,6.8793481422778495e-06
0,0,8.042161281731167e-06
1,1,0.9999139407212008
1,1,0.9996634352899667
0,0,4.061658316011445e-06
1,1,0.9993430528418851
1,1,0.9997552074104483
1,1,0.9998159587121648
0,0,4.148468368859325e-06
0,0,3.809926810901902e-06
1,1,0.9989866328470358
1,1,0.9996316700634424
0,0,5.314485105858274e-06
0,0,4.545457419467999e-06
1,1,0.9993330144236274
0,0,0.0012802848049434494
1,1,0.9999427809824286
1,1,0.9998338350965564
1,1,0.9998728925075474
1,1,0.9999379662497225
1,1,0.9995908894600586
0,0,0.0006145565669691114
1,1,0.9999078885277004
0,0,9.241212203662132e-08
1,1,0.9996115487879002
1,1,0.9995913363459845
0,0,4.091408192969003e-06
1,1,0.9997919687998366
0,0,5.354730913703977e-06
1,1,0.9995361161691033
1,1,0.9996988584349653
0,0,4.476519295108314e-06
1,1,0.9992303349776558
1,1,0.9997248344518553
1,1,0.9998389922950375
1,1,0.9987661612923693
1,1,0.9998913561765106
0,0,1.227706195709608e-07
1,1,0.9993322719237147
0,0,1.1015180233402931e-07
1,1,0.9996331988859699
1,1,0.9998163955033523
0,0,3.8998137505829785e-06
1,1,0.9988020621602297
1,1,0.9993909278414839
1,1,0.999502331998019
1,1,0.999805952935705
1,1,0.9997833505400838
0,0,1.1501365569481225e-07
1,1,0.9995076224184265
0,0,4.650128765573558e-06
1,1,0.999736735742694
1,1,0.9997848389497581
0,0,0.0008611222740183898
1,1,0.9999057335524322
0,0,0.0005659298064795245
1,1,0.9998703849290509
0,0,9.955781659515462e-06
0,0,1.1149423508645647e-07
0,0,4.127470528663627e-06
1,1,0.9996848576641649
0,0,6.251566955699616e-06
0,0,0.0005861832870866363
1,1,0.9995767660989966
0,0,3.3488722528921124e-06
0,0,9.295561654198077e-08
1,1,0.9996264467985504
1,1,0.9996466999166632
1,1,0.9991831752017772
1,1,0.9998302078653987
0,0,1.1384791946542766e-07
1,1,0.9998821661516856
1,1,0.9991218891796287
1,1,0.9998385347989639
1,1,0.9997030991810419
0,0,0.0009603823931766964
0,0,8.233741473197476e-06
0,0,1.1143936446406455e-05
0,0,1.0279146549228453e-07
0,0,1.1506556653846573e-07
0,0,4.516000746486023e-06
1,1,0.9994178418149166
0,0,1.112361978339541e-07
0,0,5.895719988841045e-06
0,0,5.346173881001942e-06
1,1,0.9997349910454663
0,0,3.5470531073992915e-06
0,0,5.195720775046224e-06
1,1,0.9997422326450804
0,0,0.00059545480578562
0,0,3.1885621763677845e-06
1,1,0.9999499080511388
0,0,8.109245201896662e-06
0,0,1.1099560268828457e-07
1,1,0.9998548282854863
1,1,0.9996880938524679
1,1,0.9994642048441362
1,1,0.9996939485513521
0,0,5.863727509536342e-06
1,1,0.9996479030893334
1,1,0.9999168058902705
1,1,0.9998221940242001
1,1,0.9995942578885385
1,1,0.9998687880266826
1,1,0.9996435667263821
0,0,5.529842282776299e-06
1,1,0.9995983398354208
1,1,0.9999188238772482
0,0,0.0013177611056128925
1,1,0.9997389856479327
1,1,0.9997446366460668
1,1,0.9997773370648504
1,1,0.9996998199045577
1,1,0.9989643233180467
1,1,0.9995254333775666
0,0,1.1556459308005148e-07
0,0,6.213429869052847e-06
0,0,4.343029622485774e-06
1,1,0.9996546391660862
1,1,0.9999327368197752
1,1,0.9998931051331104
0,0,4.717536318765201e-06
1,1,0.9995388806623821
1,1,0.9998649628703431
1,1,0.999606495479572
0,0,1.215546441709395e-07
1,1,0.9990783124589779
1,1,0.999796226212705
0,0,9.673070363402054e-06
1,1,0.9995088703839892
0,0,5.854940621803278e-06
0,0,0.0008891021940519765
0,0,5.190637298446059e-06
1,1,0.9995514664612614
0,0,5.138009620058435e-06
1,1,0.9997923513343765
1,1,0.9998269558226051
1,1,0.9989647959692831
0,0,1.1195357346741128e-07
0,0,4.530632901783714e-06
0,0,0.001181178729304243
0,0,9.532530737725574e-06
0,0,8.066161080956425e-06
1,1,0.999266219689374
0,0,4.0781211581355726e-06
1,1,0.9991281180663101
1,1,0.9993348407488378
1,1,0.9996423770169655
1,1,0.9997915127530881
1,1,0.9993457534939245
1,1,0.9995952502022222
0,0,5.3724678706873684e-06
1,1,0.9996358508776017
0,0,4.983664302117675e-06
1,1,0.9998776389182783
0,0,3.84661091710785e-06
0,0,0.0008525950012223315
0,0,5.198681882892479e-06
1,1,0.9997256582643872
1,1,0.9996564668508097
1,1,0.9998216570520431
1,1,0.9996596249707801
0,0,3.988756530968532e-06
1,1,0.9998077596556585
1,1,0.9993307225416885
0,0,5.785021874720126e-06
1,1,0.9998843741911841
1,1,0.9997441146218915
1,1,0.9995991161955469
1,1,0.9990418558923468
0,0,4.185673728668236e-06
1,1,0.9996775447828594
1,1,0.999505398624522
0,0,5.257172806149797e-06
0,0,5.477199932040698e-06
1,1,0.9998149625645087
0,0,5.182056152068557e-06
1,1,0.99977394616842
0,0,4.296851780956265e-06
1,1,0.9998397234864497
1,1,0.9992737155371915
1,1,0.9998344468800555
0,0,3.5943632825009567e-06
1,1,0.9998441296608703
1,1,0.9998916274675307
1,1,0.9995305145518979
1,1,0.9994772236470282
0,0,5.54712470598082e-06
1,1,0.9994792562118385
1,1,0.9986160068415579
1,1,0.9998965738757178
1,1,0.9991669832791918
0,0,1.1009583785410574e-07
0,0,6.059910885889506e-06
1,1,0.9998506133492137
1,1,0.9997822815215619
1,1,0.9996920902983892
0,0,0.0009389964608682628
1,1,0.9998533132524218
1,1,0.9989556309510328
1,1,0.9982273695515422
0,0,6.5233704937732484e-06
1,1,0.9996568002060343
0,0,5.631946646558409e-06
1,1,0.9995941062033965
0,0,0.0015589687564409732
0,0,1.2805820595551343e-07
1,1,0.9996432335477663
1,1,0.999878479425428
1,1,0.9996347855036117
1,1,0.9998354634855267
1,1,0.9991385609717558
0,0,1.206589791749645e-07
0,0,0.0003988326478556092
1,1,0.9994381567768781
1,1,0.9997176956209088
1,1,0.9995021540953899
0,0,7.155527780483563e-06
0,0,5.859626867232251e-06
1,1,0.9998050456215828
0,0,4.119656591654802e-06
0,0,4.519767483538304e-06
1,1,0.9992427469557416
1,1,0.9992532014946921
1,1,0.9990572365231349
0,0,5.8880613810145325e-06
0,0,4.930224879431295e-06
1,1,0.9998537605187787
1,1,0.9993352907044827
0,0,4.1837376448276164e-06
0,0,4.972708048860736e-06
1,1,0.9997358591803427
1,1,0.9998802235333452
0,0,3.348436513297781e-06
1,1,0.9995851557616254
1,1,0.9993086488913888
1,1,0.9998079812542837
1,1,0.9997210422776486
1,1,0.9986639323683734
1,1,0.9998568226993104
0,0,6.33104329792108e-06
0,0,4.822188287091075e-06
0,0,6.544162335917682e-06
0,0,0.0010600454629077875
1,1,0.9988682887760617
1,1,0.9999080181651088
1,1,0.9998097032777653
1,1,0.9995812240819275
1,1,0.9989086725359532
1,1,0.9995887523545887
0,0,6.005813624627616e-06
1,1,0.9992994651792854
1,1,0.9995189515180279
0,0,5.131058248545892e-06
0,0,1.0711164837083947e-07
0,0,1.5389891094440787e-07
1,1,0.9994550802418365
1,1,0.9998885107500338
1,1,0.9999232818135882
1,1,0.999597189466304
0,0,0.0016849156626339754
1,1,0.9999042955215176
1,1,0.9993818507986377
1,1,0.9999101494274235
1,1,0.9985249826419027
1,1,0.9995761364646141
0,0,1.0933459641186715e-07
1,1,0.9992152020757714
0,0,4.154740343093777e-06
0,0,4.3028162225116065e-06
1,1,0.9998799547111981
1,1,0.9994212039019531
1,1,0.9993342953560873
0,0,4.686022203376881e-06
1,1,0.9998510657964482
1,1,0.9994725377433937
1,1,0.9998079410054646
1,1,0.9993891203313058
1,1,0.9996841091506833
0,0,5.603155169952775e-06
1,1,0.9991851346011835
1,1,0.9995235763283599
1,1,0.9998912784377717
1,1,0.9985364151302581
1,1,0.9997495980749035
1,1,0.9994686374590974
1,1,0.9999094963511976
0,0,6.769843837191912e-06
1,1,0.9998311467804096
0,0,5.880034761470564e-06
1,1,0.9998543666280666
1,1,0.9996103487607225
1,1,0.9998729754306692
0,0,4.104548202050641e-06
1,1,0.9996619095399939
0,0,1.1144264115168857e-07
0,0,4.555976223976404e-06
1,1,0.9996315980269712
1,1,0.9998693776594253
0,0,4.6962190506763705e-06
1,1,0.9997323725937806
1,1,0.9998001911872949
0,0,1.1148757668029068e-07
1,1,0.9996111308996916
1,1,0.9986664684614015
1,1,0.9991214785827986
1,1,0.9997496785117556
1,1,0.9997394381763348
1,1,0.9994771776815291
0,0,9.82317759442082e-06
1,1,0.9996110214111192
1,1,0.9991269065063973
0,0,4.36140295186797e-06
1,1,0.9995539710044316
1,1,0.9996242783149174
1,1,0.999677821044148
1,1,0.9998751798285017
1,1,0.9990967064937094
1,1,0.9992280425914658
1,1,0.9994707912567572
1,1,0.999883527838246
1,1,0.9997602775962271
1,1,0.9997142504214033
0,0,8.031703665160787e-06
0,0,0.0010520464802165359
0,0,4.480833578370714e-06
1,1,0.9994600826893211
1,1,0.9998957088643529
1,1,0.9996055585039291
1,1,0.9992689442014641
1,1,0.9996945125074734
1,1,0.9998154639338994
1,1,0.9996912213484981
0,0,0.0011800830131235378
0,0,6.473998686834628e-06
0,0,3.2377547111371383e-06
0,0,4.7939254622081645e-06
1,1,0.9998313176065915
1,1,0.9998681425699105
0,0,4.9807018627975245e-06
1,1,0.9998982526199699
1,1,0.9998356315569384
1,1,0.999886806699412
1,1,0.9997929216296636
1,1,0.9993475439092164
1,1,0.9991628375712193
0,0,5.366502161601518e-06
1,1,0.9998384965645754
1,1,0.9997709338861435
0,0,4.058163816828066e-06
1,1,0.9980989763682248
0,0,4.973829714277148e-06
1,1,0.9996929335751433
1,1,0.9996041869425666
0,0,1.214950429236838e-07
0,0,6.170048274585518e-06
1,1,0.9998708942977033
0,0,4.1768759290821554e-06
1,1,0.9999046744965604
0,0,1.1487027582520552e-07
0,0,4.473637380928377e-06
0,0,5.642535610706393e-06
1,1,0.9997886616851334
1,1,0.9992799315667708
1,1,0.9997990420693011
1,1,0.9996761781981801
0,0,4.806105162362612e-06
1,1,0.9996092143667373
1,1,0.9992424503473873
0,0,0.0008480918028495852
1,1,0.9999025084446532
0,0,1.2644713555186323e-07
0,0,2.9873278878284247e-06
1,1,0.9994105900268442
0,0,1.03937937874121e-07
0,0,6.131430521660295e-06
0,0,5.0102771951515e-06
1,1,0.9997339096436902
0,0,6.677523977356916e-06
1,1,0.9989087715018969
1,1,0.9998077207574968
0,0,0.0011233968800994742
0,0,6.571738419731887e-06
0,0,6.531616258262719e-06
1,1,0.9997618206329915
1,1,0.9994075726875604
1,1,0.9998582008749554
0,0,5.111833115306299e-06
1,1,0.9998342558031327
1,1,0.9992741648571449
1,1,0.9998170606971083
1,1,0.9995167904847186
1,1,0.998765935026087
0,0,0.0024413697922373344
1,1,0.9997692859356406
1,1,0.9999439916491074
1,1,0.9998127914362396
1,1,0.9998015988783914
0,0,8.964033865860939e-08
0,0,4.164286947574536e-06
1,1,0.9996650858501952
0,0,0.0007515492712803413
0,0,5.251711282819202e-06
0,0,9.260992920796046e-08
1,1,0.9995629238824049
1,1,0.9993497137973321
0,0,5.0827975850979076e-06
0,0,5.323983137436634e-06
1,1,0.9998000041031837
0,0,5.304610905570597e-06
1,1,0.9998143998983414
1,1,0.9991576241572246
0,0,5.9497363583373156e-06
1,1,0.9991268620229262
0,0,4.24038467595469e-06
1,1,0.999826249215542
1,1,0.9991122772606542
1,1,0.9998729266798565
0,0,0.000597907092323558
0,0,4.1744187706659605e-06
1,1,0.9999248987462064
1,1,0.99975184523661
1,1,0.9999356332588554
1,1,0.9989962818052612
0,0,6.234312523568731e-06
1,1,0.9998462429003446
1,1,0.9998259359045607
1,1,0.9993090037642909
1,1,0.9999425355310797
0,0,6.6260776287551524e-06
1,1,0.9994990873707784
1,1,0.9997231682648878
1,1,0.9996833314684306
1,1,0.9995539354720225
0,0,5.9067263352259935e-06
0,0,5.058814058408717e-06
1,1,0.9996449968847669
1,1,0.9989233563611165
1,1,0.9998745638580945
0,0,0.0006918428237568285
1,1,0.9998615365300991
1,1,0.9998846707105185
1,1,0.9994172573306336
1,1,0.9998877400115762
1,1,0.9982378399093739
0,0,0.0005648555974529828
1,1,0.9996169147876013
1,1,0.9997693065228912
1,1,0.9996651910963588
0,0,5.765248813917155e-06
1,1,0.9993608524723763
1,1,0.9999198183907583
1,1,0.9993087651977794
1,1,0.9997556322343522
1,1,0.9996728177189719
0,0,4.453093371909612e-06
0,0,9.364647708559122e-06
1,1,0.9996936660660822
1,1,0.9997876166474108
1,1,0.9995284079614617
1,1,0.9998547707014938
1,1,0.9997756577647439
1,1,0.9993223969989957
1,1,0.9992440566105687
1,1,0.9994518297582557
0,0,0.0016792736909874634
0,0,1.0179690926857e-05
0,0,4.76847682643082e-06
1,1,0.9995890441778212
1,1,0.999528753281253
1,1,0.9993753439897496
1,1,0.9994225713620628
0,0,0.0009790038406969756
0,0,9.138323511496485e-06
1,1,0.9999200667295227
0,0,3.7759222063212356e-06
0,0,0.00046217283602881167
1,1,0.9998575472569444
0,0,0.0006079774536055401
0,0,5.004919697894251e-06
1,1,0.9997112255587646
1,1,0.9998495460579675
1,1,0.9998204766079222
1,1,0.9983799347202819
0,0,0.001025398270346905
1,1,0.9998883273815572
1,1,0.9997898791647806
1,1,0.9996990463801666
1,1,0.999627061022033
1,1,0.9998813060836254
0,0,4.253712745086144e-06
1,1,0.999569914866738
0,0,3.4525405650084187e-06
1,1,0.9996749661903035
0,0,2.922498703733482e-06
1,1,0.9991669179786369
0,0,1.0979041040594375e-07
1,1,0.999463106494011
0,0,6.697754585624522e-06
1,1,0.999518934505962
1,1,0.99979288395788
1,1,0.9994812011192454
1,1,0.9998839047222379
0,0,0.0017205156367471129
1,1,0.9995711601079091
1,1,0.9988563109641615
1,1,0.9998461802639834
0,0,4.440988350032876e-06
1,1,0.9994728519446784
1,1,0.9993300536756495
1,1,0.9991387029343627
0,0,0.0008180717918540444
1,1,0.9998708037210754
0,0,5.701211430872332e-06
1,1,0.9994663534545349
1,1,0.9999211520094431
1,1,0.9995799015017306
1,1,0.9990128205255531
1,1,0.9995847537965986
0,0,0.001277376459325713
1,1,0.9997987135676679
0,0,4.1471971748900995e-06
1,1,0.9998783071240729
1,1,0.9997667546991097
0,0,2.6025437112419113e-06
1,1,0.9991289451116616
0,0,0.0007338465642090156
0,0,9.184218143795712e-06
1,1,0.9996416746879341
0,0,4.573656414915409e-06
1,1,0.9996873081375519
1,1,0.9997004497623256
1,1,0.9997437147348011
0,0,6.033064863717356e-06
1,1,0.9997482576251571
1,1,0.9991325847159699
1,1,0.9995035046274168
1,1,0.9992139148688729
1,1,0.9998996777258741
1,1,0.9995684934132837
1,1,0.999787810561464
0,0,4.642113035350444e-06
1,1,0.998740675643448
0,0,4.776578526650946e-06
0,0,3.0569303627570625e-06
1,1,0.9996402424474559
1,1,0.9988486644168852
1,1,0.9998854044725893
0,0,4.418485231372809e-06
0,0,1.1744437067622292e-07
0,0,4.8965680623672195e-06
1,1,0.9997227722648655
0,0,5.3542602633647376e-06
1,1,0.9988298217325325
1,1,0.9997922892350928
0,0,1.231139821606837e-07
0,0,0.0008168682569191676
1,1,0.9998840022286697
1,1,0.9998243193435052
1,1,0.9998167816619841
1,1,0.9994404895596106
1,1,0.9998132337401779
1,1,0.9992639828659551
1,1,0.9998293936554272
0,0,4.266523607261785e-06
1,1,0.9998606117709233
1,1,0.9992753276015707
1,1,0.9997702631154614
1,1,0.9994975747974351
0,0,0.0007486989403032407
0,0,4.765131342164495e-06
1,1,0.9997670555723106
1,1,0.9997717528695825
1,1,0.999725597235482
1,1,0.9994483607584786
0,0,6.203341958792012e-06
0,0,4.912915263293677e-06
1,1,0.9994620582603067
0,0,6.234918948382024e-06
1,1,0.9997128897228257
1,1,0.9997935197146679
1,1,0.9992379573993097
0,0,5.737374921640066e-06
0,0,4.531297474668089e-06
1,1,0.9997882199313056
1,1,0.999559859351446
1,1,0.9997416771758204
1,1,0.9992490066375613
1,1,0.999873729297557
1,1,0.999709202446549
1,1,0.9999477216785343
0,0,4.104271793386772e-06
1,1,0.9991182389715807
1,1,0.999648477034264
1,1,0.9996922147330382
0,0,0.0013700384777611653
1,1,0.9995380982450849
1,1,0.9996935165419725
0,0,1.0814727774988623e-07
1,1,0.9998147660444046
0,0,4.374944414118942e-06
1,1,0.9996800039362832
0,0,8.3803382113687e-06
1,1,0.9998423209534951
1,1,0.9995798410960948
0,0,1.1504811690966738e-07
1,1,0.9997230546549537
1,1,0.9990877756980904
1,1,0.9997756602145239
0,0,0.0008367006954651465
1,1,0.9994511868225916
0,0,3.540718001417232e-06
1,1,0.9996933866061727
0,0,1.0836188449518349e-07
1,1,0.999940186481813
1,1,0.9998850046781943
0,0,4.366612811853471e-06
0,0,1.0923099868327646e-07
0,0,1.2476250175158957e-07
1,1,0.9996355031208556
1,1,0.9998633927357061
1,1,0.9997734266219561
1,1,0.9998085561570581
1,1,0.9997116595991852
1,1,0.99953673822028
1,1,0.9998952252936872
1,1,0.9996159297000683
0,0,1.0309579286226665e-07
1,1,0.9995617790588504
1,1,0.9998626548221198
1,1,0.9999418352289882
0,0,3.67458421491453e-06
0,0,5.1990325115348916e-06
1,1,0.9998483059335251
0,0,0.002003032337392129
0,0,3.914789140136106e-06
1,1,0.9998272803149841
0,0,3.936914529493719e-06
1,1,0.9996891573332352
0,0,0.0007704971018089066
0,0,4.768266650160521e-06
0,0,4.199463645838712e-06
1,1,0.9999541531006764
0,0,5.195805212063545e-06
0,0,0.0015855949606114893
0,0,3.5096470008036022e-06
1,1,0.9996666461216356
0,0,0.0012273412268011606
1,1,0.9996823741682831
1,1,0.9997944548351494
0,0,4.923210692335941e-06
0,0,5.061346801184652e-06
1,1,0.9997912484910485
1,1,0.9998158900564552
1,1,0.9997926718701483
0,0,5.323001007707743e-06
0,0,5.014704137251731e-06
1,1,0.9996263025260727
0,0,5.967465789352369e-06
0,0,4.642120740892395e-06
1,1,0.9995849302357414
1,1,0.999461786586982
1,1,0.9997164767522837
1,1,0.9984058846631988
1,1,0.9988079119174511
1,1,0.9997164005429934
1,1,0.9998158893366957
1,1,0.9997002147290396
0,0,5.577359709336176e-06
1,1,0.9997885585714593
1,1,0.9993638807381099
1,1,0.9997567035738077
0,0,0.0007752477748919906
1,1,0.9997857733139561
1,1,0.9996404143314613
1,1,0.999416962328951
1,1,0.9999323363165575
1,1,0.9992614713993885
1,1,0.9997715815790811
0,0,4.5073873453545066e-06
0,0,1.2234580465371865e-07
1,1,0.9996080223742174
1,1,0.9992236285200794
1,1,0.9998344148114541
1,1,0.9999240168950363
0,0,0.0012189980417048516
1,1,0.9996339979704276
0,0,1.2298446805612598e-07
1,1,0.9988447506681591
1,1,0.9998784209824809
1,1,0.9986674430944702
1,1,0.9997863714946444
0,0,5.143739520689648e-06
1,1,0.9998330908069197
0,0,6.034024910959044e-06
1,1,0.9996720440409732
0,0,4.004979907131838e-06
0,0,0.0008959272106349927
1,1,0.999247272945231
1,1,0.9995408295800687
1,1,0.999720850167324
1,1,0.9992450058390211
1,1,0.9998226688337235
1,1,0.9995125319555439
1,1,0.9996838747907266
1,1,0.9995423554443907
1,1,0.9992663591400313
1,1,0.9994297015577445
0,0,9.676503757149778e-06
0,0,3.2992311932051383e-06
0,0,5.490234350091092e-06
0,0,5.6653826550637116e-06
0,0,6.418407732546422e-06
1,1,0.9997728807435136
0,0,1.2266577838154367e-07
0,0,5.380742263237059e-06
1,1,0.9992298053569276
1,1,0.9993696677511383
1,1,0.9996751815742007
0,0,3.701746226993346e-06
1,1,0.9999101195227451
0,0,1.0861098772195676e-07
1,1,0.9997660189867591
0,0,5.103305704367526e-06
1,1,0.9997152428530526
0,0,7.948443543654719e-08
1,1,0.9993828943351873
0,0,6.679223371147717e-06
1,1,0.999666920967402
0,0,6.9859903159374455e-06
0,0,0.0014828900553130844
0,0,1.1980656657530745e-05
0,0,4.959342756189175e-06
0,0,1.2123736260456797e-07
1,1,0.9997999015994369
1,1,0.9998291426914951
1,1,0.9989490781249746
0,0,0.001022272091518899
1,1,0.9999393632358052
1,1,0.9997891785553803
0,0,1.0125664385793598e-07
1,1,0.9995627939365437
1,1,0.9995923708174249
1,1,0.9995492609543626
0,0,9.428375044865908e-06
1,1,0.9985972808944367
0,0,3.6005240388331164e-06
0,0,1.0116051197638781e-07
0,0,5.395662530331608e-06
1,1,0.9998866186294191
1,1,0.9995028669730505
1,1,0.9996810982154521
0,0,1.1386212271267302e-07
0,0,1.068717210960151e-07
0,0,9.142414215765704e-08
1,1,0.9997528042203437
0,0,3.5193166524637096e-06
1,1,0.999708159890401
1,1,0.9992633703626909
1,1,0.999636593885551
1,1,0.998888621404511
1,1,0.9999081810931046
1,1,0.9997442763368304
1,1,0.9992334845454519
0,0,1.1796946303141522e-07
1,1,0.999752065791379
0,0,4.484495576375199e-06
1,1,0.9997568686845606
1,1,0.9997212724720175
0,0,0.0008711796055184995
1,1,0.999780110295361
1,1,0.9996639402440168
1,1,0.9994075969348318
1,1,0.9998338504831479
1,1,0.9995356445400404
1,1,0.9998472883272146
1,1,0.9998515642239715
0,0,6.155100315454816e-06
1,1,0.999942056931779
0,0,4.38966477847952e-06
1,1,0.9997485506202038
1,1,0.9998171388243663
1,1,0.9998203483049016
1,1,0.9984963529726413
1,1,0.9996636686040024
0,0,3.9983164602166044e-06
1,1,0.9999086216643652
0,0,6.37889973490095e-06
0,0,5.573440948043803e-06
0,0,7.94498933641686e-06
0,0,4.087745125614051e-06
1,1,0.9993700452808143
1,1,0.9997547712132719
0,0,3.4013925356611294e-06
0,0,3.965573188819894e-06
0,0,1.2031277527815263e-07
0,0,1.2756874593925869e-07
1,1,0.9997696861723212
1,1,0.9999205969437295
0,0,4.0269759713512924e-06
0,0,4.006044242007718e-06
1,1,0.9999055165191859
1,1,0.9998713249291736
1,1,0.9997327046178701
1,1,0.9997835655000137
1,1,0.999812620337235
1,1,0.9996708525138928
0,0,5.475885426987949e-06
0,0,6.011532685848372e-06
1,1,0.9989677543237212
1,1,0.999766627022867
0,0,4.330554200777562e-06
1,1,0.9995569750620832
0,0,6.3475415205828955e-06
1,1,0.9995765578391614
0,0,5.163314202487909e-06
1,1,0.999496517281119
1,1,0.9996202496500772
1,1,0.9997859667168068
1,1,0.9994045588257696
1,1,0.999899101151054
0,0,1.2490344660159988e-07
1,1,0.9997203344758041
0,0,6.044400811587707e-06
0,0,0.0009576938061160353
1,1,0.9993963984586068
0,0,9.043766845700953e-08
0,0,6.103125898774477e-06
1,1,0.9999082605170082
1,1,0.9993118050360136
1,1,0.9993646640084645
1,1,0.999815838292759
0,0,0.0007885079249502539
0,0,0.001715922358520356
1,1,0.9986786705705021
1,1,0.9997357506097191
1,1,0.9995073126353612
1,1,0.9994363936535952
1,1,0.9995441868713425
0,0,6.166894621708588e-06
1,1,0.9999235902205897
1,1,0.9997619382223866
1,1,0.9996744285621149
0,0,1.1033752711769019e-05
1,1,0.9997295274965674
1,1,0.9994345398454698
1,1,0.9996574114760729
0,0,1.0381196718575627e-07
1,1,0.999901681785724
1,1,0.9995311188275483
1,1,0.999791187887258
1,1,0.9988870725313601
1,1,0.9996958009799349
1,1,0.9996275218400871
1,1,0.9998962942268123
0,0,1.1851802358552692e-07
0,0,5.078688268951906e-06
0,0,9.541266196719841e-06
0,0,4.583623031663904e-06
1,1,0.9990858363137128
1,1,0.9999220562685285
1,1,0.9994876438399622
1,1,0.999819290302033
1,1,0.99902526647983
1,1,0.998650746745316
1,1,0.9996894175559081
1,1,0.9998210974183794
1,1,0.9996347028707429
1,1,0.9990396664485056
0,0,3.5548187123953064e-06
1,1,0.9997360669932159
1,1,0.9999214150720818
1,1,0.9998578317092668
0,0,5.612914903805133e-06
1,1,0.9996569618431879
1,1,0.9999238807552936
1,1,0.9999373790507845
0,0,3.906671493561502e-06
1,1,0.999753114123251
0,0,6.312118804925328e-06
0,0,0.002284812794715305
0,0,4.117320013283253e-06
0,0,3.934679084781833e-06
1,1,0.9995858199989089
0,0,6.92180448767794e-06
1,1,0.9997159110584471
1,1,0.9996650445292028
1,1,0.9994486686816073
1,1,0.9989319408778775
1,1,0.9995550728658222
1,1,0.9991570637619077
0,0,5.581870622995105e-06
1,1,0.9996751414861831
0,0,0.000549852697405863
1,1,0.9998413252684228
0,0,5.382700748383283e-06
1,1,0.9995856992290557
0,0,6.071346846997066e-06
1,1,0.9999014655706854
1,1,0.9996598780800273
1,1,0.9999376411030667
0,0,5.597486934246968e-06
1,1,0.9995565458614386
1,1,0.9998548616534937
1,1,0.9998742814978451
1,1,0.9998022393040327
1,1,0.9997578988813058
1,1,0.9999505552718484
0,0,0.0009930437494366409
1,1,0.9990050457680052
1,1,0.9997307866844007
1,1,0.9995487362657006
1,1,0.999780939779331
0,0,6.5272366730271604e-06
0,0,3.8724681294452264e-06
0,0,5.6270537897021275e-06
1,1,0.9999237711379609
0,0,0.0018667323882470591
1,1,0.9994454499852715
1,1,0.9994881395915076
1,1,0.999232264150589
1,1,0.9999013822894153
1,1,0.9995922591960134
1,1,0.9998160243741621
0,0,1.2743271691878048e-07
1,1,0.9998007101990971
0,0,5.032939210925528e-06
1,1,0.999685832102394
1,1,0.9996041206473862
0,0,4.829637701802652e-06
0,0,5.8255797098071866e-06
0,0,4.147836731266248e-06
1,1,0.9997508544117032
0,0,3.9782236623884925e-06
0,0,1.0137149827663515e-05
0,0,3.7874160225859823e-06
1,1,0.9998348471190067
1,1,0.9998656037099457
1,1,0.9994124724451678
1,1,0.9997580963390104
0,0,4.771812631280688e-06
1,1,0.9998860853258735
0,0,0.0006294586139750875
0,0,0.0019527950252976583
0,0,0.0006783670067536601
0,0,1.0753067049857401e-07
1,1,0.9997765172093398
0,0,6.32639123082975e-06
0,0,1.0411372039600531e-07
0,0,4.3286240256687085e-06
1,1,0.9998435377194524
0,0,5.443577059667966e-06
1,1,0.9992494343238901
1,1,0.9996710267583659
1,1,0.9995212624159432
1,1,0.9998221796212766
0,0,0.0008937795354448298
1,1,0.9989537312512764
1,1,0.9997709311735499
0,0,6.108495408400455e-06
0,0,1.1940080216807672e-07
1,1,0.9993902132001433
1,1,0.9995777713580941
1,1,0.9998731023501459
1,1,0.9996771245171622
1,1,0.9997739764037179
1,1,0.9999392129115876
1,1,0.9995604480073451
0,0,1.0097405358272243e-05
0,0,5.914060911576615e-06
0,0,4.81373982323499e-06
0,0,2.98031428737112e-06
1,1,0.9995810028421739
0,0,5.276176440795285e-06
0,0,7.230838437676956e-06
1,1,0.9999073721225519
1,1,0.9998448784856276
1,1,0.9997637132216216
1,1,0.9985472061072896
1,1,0.9996007780731229
1,1,0.9998465462672972
0,0,0.0005206504674398308
0,0,0.0005627418286259355
1,1,0.999361823243975
1,1,0.9996667876248067
1,1,0.9995595899061965
0,0,1.212160328321843e-07
1,1,0.9989639609392454
0,0,3.579991294933939e-06
1,1,0.9997806986155278
0,0,0.000522581878850195
1,1,0.9998745073507062
1,1,0.9998501815135211
1,1,0.9997048965095376
1,1,0.9997946644077357
0,0,3.2719439967632346e-06
1,1,0.9996010441403161
0,0,4.492062053874574e-06
0,0,4.8050419971739885e-06
1,1,0.9999148219357165
1,1,0.999864108659922
0,0,0.0018850196447110204
1,1,0.9998282549223314
0,0,5.840132297757469e-06
1,1,0.9997419196953781
0,0,8.765958100145941e-06
0,0,4.20178912735147e-06
1,1,0.9995990523900957
0,0,0.0009715177578206024
1,1,0.9996713656410566
0,0,4.227425941083188e-06
1,1,0.9998715526532175
0,0,5.125891845405888e-06
0,0,0.000943456244477831
1,1,0.9998300740149019
1,1,0.9994648144433491
0,0,0.0010385190342241748
1,1,0.9990100297595628
1,1,0.9994865689766916
1,1,0.9995584260514091
1,1,0.9989611465042383
1,1,0.9997860844862003
1,1,0.9985285669173597
0,0,3.5167655806116624e-06
0,0,5.054486130278675e-06
0,0,5.33577603665315e-06
1,1,0.9992509682793534
1,1,0.9996201721031789
1,1,0.999633610957041
0,0,4.397680802286517e-06
1,1,0.9981539746516072
1,1,0.9998376629282344
1,1,0.99983747173837
1,1,0.9996596417448324
0,0,0.0006729011632923461
0,0,1.2187445722109856e-07
1,1,0.9996595395002023
1,1,0.9998525173880821
0,0,4.191100671502304e-06
1,1,0.9998252394927356
0,0,1.1034885838452226e-07
0,0,3.1926213411395643e-06
1,1,0.9998360359294344
1,1,0.9988122411936018
0,0,6.126787502236541e-06
1,1,0.9996860073420152
0,0,5.279435349887765e-06
0,0,0.0006986700426152729
1,1,0.9999227418311581
1,1,0.9992617878183516
0,0,5.991957308918155e-06
1,1,0.9995194572643977
1,1,0.9999471053982915
1,1,0.9990958308938224
1,1,0.9999445752264143
0,0,4.510920157016287e-06
0,0,1.1338819370245677e-07
1,1,0.9998104278502035
1,1,0.9993941137151663
0,0,0.0012897355364855617
1,1,0.9999183874154483
0,0,4.993258388360498e-06
0,0,5.0812227592130565e-06
1,1,0.9999153944019342
0,0,5.107091551086823e-06
0,0,5.419108508758603e-06
1,1,0.9998301675868574
0,0,0.0011056971627761356
1,1,0.9997372352958045
1,1,0.9995880374803071
1,1,0.9997445951961721
0,0,0.0015431873023634551
1,1,0.9998246347017405
1,1,0.999638360808498
1,1,0.9993422294250068
0,0,1.1724334854652987e-07
1,1,0.9991621352826726
1,1,0.9999349982380297
1,1,0.9998158371498085
1,1,0.9996462819786311
1,1,0.9997587298115846
0,0,4.285947541598169e-06
1,1,0.9996994795175675
1,1,0.9983383005581388
1,1,0.9994911378222017
1,1,0.9996152268624069
1,1,0.9997588982270558
1,1,0.9994767518038422
1,1,0.999718528866945
0,0,5.570192021545527e-06
1,1,0.9998671918807823
1,1,0.9995726093735056
1,1,0.9998526999050246
0,0,3.662290549323827e-06
1,1,0.9997899433190278
1,1,0.9997442433471516
1,1,0.9998444485639646
0,0,0.0018575882231689862
1,1,0.9996950777733706
0,0,1.116132292264049e-07
1,1,0.9987398986508575
1,1,0.9987000803111324
1,1,0.9998232715597016
0,0,1.1833112881627381e-07
1,1,0.9996598876294012
1,1,0.999417554105208
0,0,0.0011684971796100012
1,1,0.9995187175699536
1,1,0.9998603945678508
1,1,0.9997804143947302
1,1,0.9993570828404743
1,1,0.9997643444497695
1,1,0.9993417609912691
0,0,4.098893210256947e-06
0,0,3.6740983101071985e-06
0,0,3.677274691380191e-06
0,0,9.252028387532319e-08
0,0,1.1242496681462479e-07
1,1,0.9999054491205008
1,1,0.9995404833077958
1,1,0.997907034802872
1,1,0.9996945883285513
1,1,0.9996675439954642
0,0,4.478161593255879e-06
1,1,0.9997886236356677
0,0,3.7456393835786353e-06
1,1,0.9996883747167759
1,1,0.9999286483919851
1,1,0.9997658549128761
0,0,5.406447929350495e-06
1,1,0.9996372148883299
1,1,0.9997129437261766
0,0,5.141851857629349e-06
0,0,1.229937336213705e-07
0,0,5.329030384428055e-06
0,0,9.652496189776375e-06
1,1,0.9998704979940931
0,0,1.0338710434902301e-07
1,1,0.9999392247425815
1,1,0.9997909688941308
0,0,0.0006955625342435457
1,1,0.9996467936720422
1,1,0.9998671288424766
1,1,0.9989994423135415
1,1,0.99909089075427
0,0,4.879173273952516e-06
0,0,1.139759364929143e-07
1,1,0.9993321975081997
1,1,0.9998819223272435
0,0,4.1304832070630585e-06
1,1,0.9979635498146128
1,1,0.9999108143022766
0,0,1.0626898475053176e-07
1,1,0.9994969170458563
1,1,0.9998598706306475
0,0,1.1115387638078709e-07
0,0,5.244666166444186e-06
1,1,0.9997541994924173
0,0,3.883249476383506e-06
1,1,0.9999167045479169
1,1,0.999919256839145
1,1,0.9992938939935949
0,0,1.199319017979759e-07
1,1,0.9995727001119743
0,0,3.4276484374831445e-06
1,1,0.9998254036966939
1,1,0.9996905452133995
0,0,8.418026747102878e-06
1,1,0.9997399028330655
1,1,0.999490944218276
0,0,5.658933761854574e-06
0,0,5.277606121072124e-06
1,1,0.9994648385999375
1,1,0.9997593678564071
0,0,4.313877469306778e-06
1,1,0.9998346240696965
1,1,0.9997513173826791
1,1,0.9988304678070606
1,1,0.9997032493653014
1,1,0.9998970012213417
0,0,1.2143717809717222e-07
0,0,1.1332234193548845e-07
0,0,0.001387329419396509
0,0,4.3994291524206896e-06
1,1,0.9994266688192882
1,1,0.9995101437447155
1,1,0.9996995036974974
1,1,0.9998263912590987
1,1,0.9993797162637462
0,0,3.886403189717643e-06
0,0,4.961415911858224e-06
1,1,0.9998895568056352
0,0,6.649701041758403e-06
0,0,0.0007056486890972479
1,1,0.9996770239509684
1,1,0.9996495762626931
1,1,0.999442778259407
1,1,0.9997621705348061
0,0,0.0012252821096060832
0,0,0.0009019881362959756
1,1,0.9995487108267137
1,1,0.9997229329013952
1,1,0.9997883731839408
1,1,0.9998847865081563
1,1,0.9998849566636566
1,1,0.9998211162899232
0,0,4.1330846702954594e-06
0,0,3.178145490106169e-06
0,0,5.310122036107493e-06
1,1,0.999802991789074
0,0,1.0034179676281347e-07
0,0,0.0016441451734954498
1,1,0.9993740005858696
0,0,1.0957959640850603e-07
1,1,0.9999482806560154
0,0,3.974880027612092e-06
1,1,0.9997963828512957
1,1,0.9999165486092997
0,0,4.635655232353909e-06
0,0,3.707164741031927e-06
1,1,0.9997418165690178
1,1,0.9998438536436289
0,0,3.873267183685123e-06
0,0,5.657031780216321e-06
1,1,0.9993557450821762
0,0,2.8686011466535597e-06
1,1,0.9994341264170312
1,1,0.9993128298486621
1,1,0.999849381204652
0,0,3.6218341949223616e-06
1,1,0.9997355580433168
1,1,0.9988107283063058
0,0,1.1883858630647252e-07
1,1,0.999879024224255
1,1,0.9994875136555375
1,1,0.9997268449110553
0,0,6.5625182685587275e-06
1,1,0.999785236701556
1,1,0.9995318561132506
1,1,0.9996352329296975
0,0,1.2131964096227244e-07
0,0,0.001202313934494164
0,0,1.0156869707686786e-07
1,1,0.9999236036145338
1,1,0.999748191035131
1,1,0.9993989170628826
1,1,0.9998122650735358
1,1,0.9990605303958053
1,1,0.9997000494000096
1,1,0.9996810112827609
0,0,0.0024840781077823575
1,1,0.9995901895874203
0,0,0.0009258505222503273
1,1,0.9998942012430637
0,0,8.373693647345592e-06
0,0,5.344028941174463e-06
1,1,0.9997704755651586
0,0,1.0768353123514222e-07
0,0,5.900379816443558e-06
0,0,5.870083767746453e-06
0,0,5.265565194489795e-06
0,0,4.537501359575766e-06
1,1,0.9997896824015237
0,0,0.0003701599248712017
0,0,4.010089688172616e-06
1,1,0.999678113784371
0,0,1.4582734404400387e-07
1,1,0.9998659619036689
1,1,0.9999118918916488
0,0,4.494257398490891e-06
0,0,3.903957371939416e-06
1,1,0.9995075994646038
1,1,0.9997996126373561
0,0,0.000990629736300433
1,1,0.9995515233435628
1,1,0.9988679893320704
0,0,1.2090190638161305e-07
1,1,0.9996749609926491
0,0,5.757445140698975e-06
1,1,0.9997671437231337
0,0,1.0492730108262763e-07
1,1,0.9994140215594188
1,1,0.9998645568570504
1,1,0.9996063528793044
0,0,4.896591379057765e-06
1,1,0.9996700653179348
1,1,0.9998254062717433
1,1,0.999389966162229
1,1,0.9995646569990819
1,1,0.999863972401528
0,0,3.2742020476580216e-06
0,0,4.14402248101609e-06
0,0,5.192040806330268e-06
0,0,1.217379911008705e-07
1,1,0.9997066302277373
0,0,5.05563752419381e-06
1,1,0.9998019058135601
0,0,1.208222205685453e-07
0,0,5.490263232056255e-06
0,0,1.164771853650936e-07
0,0,8.943504240114452e-08
1,1,0.9999163679857511
0,0,9.332574840283782e-06
1,1,0.9997760620651981
0,0,0.0012079207914755111
0,0,5.530627546361102e-06
0,0,4.316134410728014e-06
0,0,5.935444887262454e-06
1,1,0.9994738990711871
1,1,0.9999093548444982
1,1,0.9997127037394221
1,1,0.9997166665933513
1,1,0.9998503415079728
1,1,0.9994599500775684
1,1,0.9998170290834343
0,0,1.2205636773370761e-07
1,1,0.9996793265903395
1,1,0.999920114623551
0,0,0.0017063248536434155
1,1,0.9997199518286981
0,0,4.799968456115589e-06
1,1,0.9997559216777689
1,1,0.9998528414394167
1,1,0.9994932936038694
1,1,0.9998460431603478
1,1,0.9998914019974589
1,1,0.9996543102701406
1,1,0.9999392835633897
0,0,7.748014484459284e-06
1,1,0.9995400676222854
0,0,1.0505046950460394e-05
1,1,0.9990459764703975
1,1,0.9998478254909151
1,1,0.9997243212936844
1,1,0.9998358383277149
0,0,0.0010427045510403969
1,1,0.9992254264712875
1,1,0.9996742173442401
1,1,0.999634236583459
1,1,0.9996174977606194
1,1,0.9998306381794003
1,1,0.9996398273373119
1,1,0.9998955099918374
0,0,5.406380302885313e-06
1,1,0.9998681581083384
1,1,0.999776121221112
0,0,1.0406832297096796e-07
1,1,0.9995913773414205
0,0,4.465528768310691e-06
0,0,0.0005997537410242322
1,1,0.9993598083068106
1,1,0.999633471786765
1,1,0.9994212770629156
1,1,0.9998749952533933
1,1,0.9998697649698836
1,1,0.9997888967584081
1,1,0.9997323760933264
1,1,0.9998072372077662
0,0,0.0006004736806880801
1,1,0.9997607457487093
0,0,1.2141754590172557e-07
1,1,0.9998766415324528
0,0,5.039068465813963e-06
0,0,3.7692634708938246e-06
0,0,3.5360462659877604e-06
1,1,0.9999124499652271
0,0,1.2219963475627508e-07
0,0,5.7098028950242226e-06
0,0,4.8937479061116315e-06
1,1,0.9996027602070583
0,0,4.956602300818787e-06
1,1,0.9995096387023783
1,1,0.9997488305832841
1,1,0.9997524634911918
1,1,0.9997429951748869
0,0,1.2412993283330453e-07
0,0,6.933559741147465e-06
0,0,1.155875986277127e-07
1,1,0.9984278789751232
1,1,0.9999345358267893
1,1,0.9997713971127055
0,0,5.592573676908397e-06
1,1,0.9997607629333737
1,1,0.999925300540538
1,1,0.9995071864652906
1,1,0.9997555814984047
1,1,0.9998152662742462
0,0,4.7266333869892815e-06
0,0,1.237140432562165e-07
1,1,0.999432141202408
0,0,3.5851290809732174e-06
0,0,8.671476583857435e-06
0,0,3.715330290578833e-06
0,0,3.75744399425984e-06
1,1,0.9997777187227014
1,1,0.998820715963281
1,1,0.9994341592051241
1,1,0.9989533106409091
1,1,0.9998551416930944
1,1,0.9992044036728212
0,0,0.0003748440555124829
0,0,4.7181749708582795e-06
1,1,0.9993619592002352
0,0,5.146133437192941e-06
0,0,6.818560039563123e-06
1,1,0.999271445650803
0,0,0.000503663550869362
1,1,0.9997464818764968
1,1,0.9996868096926212
0,0,6.683580220652849e-06
1,1,0.9997499374446887
0,0,5.102531677123588e-06
1,1,0.999336284707195
0,0,1.0754624442467402e-07
1,1,0.999884671410902
1,1,0.9998672586003454
0,0,5.870253835146465e-06
1,1,0.9984150041385742
1,1,0.9997659452215558
1,1,0.9999062724830012
1,1,0.9999107525844676
1,1,0.9997132076184291
1,1,0.9993611719242284
0,0,0.0008973942983864681
0,0,8.079018645479797e-06
1,1,0.9992849951342809
0,0,0.0006883302938704632
1,1,0.9999323695511916
1,1,0.9999327815964867
0,0,3.7693086760346265e-06
1,1,0.99990082990355
1,1,0.9989714334219184
0,0,0.0012101770669443888
1,1,0.9990724557305474
1,1,0.9998692654470008
1,1,0.9993893001751988
0,0,3.8439456893485225e-06
0,0,4.404062311349802e-06
0,0,9.410107667607268e-06
1,1,0.9998981810327808
1,1,0.9998190212680976
1,1,0.9995952594502383
0,0,0.0017379814642143772
0,0,7.591221926492588e-06
1,1,0.9995961781814127
0,0,1.1561199246682254e-07
0,0,8.23429209351966e-06
1,1,0.999690563355971
1,1,0.9997525941922862
0,0,3.8090845947491493e-06
1,1,0.9998447859315374
1,1,0.999770157882262
0,0,5.573681070018372e-06
0,0,1.066458517692863e-07
1,1,0.9995572057821239
0,0,7.745996192438658e-06
1,1,0.9994387139289131
1,1,0.9996383535780533
0,0,1.0480508706395803e-07
1,1,0.9999055818694378
1,1,0.9994253373066875
1,1,0.9997352785995198
0,0,4.757851567389895e-06
1,1,0.9993396691292411
1,1,0.9996808790411034
1,1,0.9999106721618017
1,1,0.9994602516943686
1,1,0.9998471398391663
0,0,5.4973871008832736e-06
1,1,0.9997948063632771
1,1,0.999325688174628
0,0,4.167144753706344e-06
0,0,1.129867187834381e-07
0,0,4.3065451641887606e-06
1,1,0.999833123436011
0,0,9.030408657545285e-06
0,0,4.627407335253185e-06
1,1,0.9998121747582008
1,1,0.9996743125540818
0,0,5.204678629552351e-06
0,0,0.0007425197611282111
0,0,0.0010692780183716398
0,0,3.7512538076380066e-06
1,1,0.9998800278374637
0,0,0.0014605000868385361
0,0,1.1517268460975193e-07
1,1,0.9996927390402505
0,0,1.1418962947576513e-07
0,0,6.00007700702864e-06
0,0,6.066137215086789e-06
1,1,0.9999322356720332
1,1,0.9992208008915819
0,0,3.5476476898969327e-06
1,1,0.9995630397879715
1,1,0.9993897300507814
1,1,0.999905707049049
1,1,0.9992342036963899
1,1,0.9997091673499369
1,1,0.9996241248322715
1,1,0.9998384797619547
1,1,0.9996854374909893
0,0,0.0007422256394576944
1,1,0.9998336279188753
1,1,0.9997589257973892
1,1,0.999811450018824
1,1,0.9994469570796288
1,1,0.9994820455309287
1,1,0.9998945483450642
1,1,0.9989496969308054
1,1,0.9991136185473165
1,1,0.9998781506513932
0,0,6.035078946774333e-06
1,1,0.9994354111978286
0,0,1.2003102871399485e-07
0,0,0.0008528773703512461
1,1,0.9995753266885256
0,0,8.446520759467028e-06
1,1,0.9998295383414989
1,1,0.9997434558988293
0,0,1.0851206887918488e-07
0,0,1.1108200034896912e-07
0,0,4.552165369132628e-06
1,1,0.9998272120985123
0,0,0.00158796757318354
1,1,0.9992169319753342
0,0,5.204742402262311e-06
1,1,0.999126406776497
0,0,0.0007438040963690968
0,0,5.048280242015647e-06
1,1,0.9998415109834754
1,1,0.9997192476292545
0,0,1.0176669493973308e-07
1,1,0.9997533508982246
1,1,0.9995228950970977
0,0,5.084793387679905e-06
0,0,5.79679354545484e-06
1,1,0.9998607927113664
0,0,1.3008333944361934e-07
1,1,0.9998211784258697
0,0,0.002000479400806971
0,0,1.1071329996232866e-07
1,1,0.9999254447950764
1,1,0.999478157659232
0,0,1.1025914723331092e-07
0,0,5.547002709914546e-06
1,1,0.9997736873572195
1,1,0.9996809008637807
1,1,0.9997642117484663
1,1,0.9997381649099009
1,1,0.9996417180832078
1,1,0.9998510596826935
1,1,0.9997418951204837
1,1,0.9998212652988463
1,1,0.9991361198479707
0,0,0.0009444726615928988
1,1,0.9996805766448513
1,1,0.9997817138693202
0,0,4.8040830474985216e-06
0,0,0.001599087509581778
1,1,0.9998829037205541
0,0,5.62896571278554e-06
1,1,0.9997522678876112
1,1,0.9997040151984494
0,0,7.4233660057103584e-06
0,0,5.39409937941039e-06
1,1,0.9996588643531744
1,1,0.9998191633226299
0,0,5.214055487787939e-06
0,0,5.796298867673571e-06
0,0,1.1059310001232877e-07
1,1,0.999836246285689
0,0,5.557952455121586e-06
0,0,4.385286070887698e-06
0,0,4.556018166656741e-06
1,1,0.9996770303642275
0,0,9.336543932141863e-06
0,0,0.0008264270294495112
1,1,0.9999398914483598
0,0,3.6110009017163006e-06
1,1,0.9994757803614309
1,1,0.9996608036411393
1,1,0.999855428136199
0,0,4.98438716095886e-06
1,1,0.9997763032228736
1,1,0.9996975026658715
0,0,4.899549742363675e-06
1,1,0.9999038581769518
1,1,0.9998938753927498
1,1,0.9997506895521893
1,1,0.9997761703926971
0,0,4.191700180428816e-06
0,0,5.096399059116011e-06
0,0,4.434755005358819e-06
0,0,4.31354300007144e-06
0,0,0.00042598682675684495
0,0,5.3859412639828266e-06
1,1,0.9996576430047185
1,1,0.9999323824840897
1,1,0.9989678543550353
1,1,0.9996550499802156
0,0,4.260349399110227e-06
0,0,0.0011486562498221136
1,1,0.9997910640036962
1,1,0.9998059892767528
1,1,0.9994953914513761
1,1,0.9999246565012742
0,0,4.0806274263638215e-06
1,1,0.9998287014068764
1,1,0.9995595387329667
1,1,0.9998639126808786
0,0,1.0521674396487178e-05
0,0,5.516319540848403e-06
1,1,0.9997739759700762
0,0,4.03968390447438e-06
1,1,0.9997428880307749
1,1,0.9996331959879026
1,1,0.999178705704995
1,1,0.9996016451647436
0,0,4.95353703543207e-06
1,1,0.9993092259134131
1,1,0.9997868773335076
0,0,1.1063139226478991e-07
1,1,0.9996795611857662
0,0,0.0008218053468471699
1,1,0.9997104638196971
1,1,0.9998272848391317
1,1,0.9999184039612006
1,1,0.9996600601933128
1,1,0.9993222561774774
0,0,5.418714092776731e-06
0,0,6.05796835323782e-06
1,1,0.9995923530729867
1,1,0.999862030307808
1,1,0.9999381154555028
1,1,0.9998516930291652
1,1,0.9998013945988894
1,1,0.9997271717104338
0,0,9.08442698533425e-06
0,0,1.117458239280042e-07
0,0,5.033969036036547e-06
1,1,0.9997745122943995
0,0,3.705931261091454e-06
1,1,0.9995256105941542
1,1,0.9998185170277268
0,0,8.949901057725078e-08
1,1,0.9998094391976485
1,1,0.9997439743925329
0,0,0.0006429658750832899
1,1,0.9998518267532004
0,0,4.0828402035689185e-06
1,1,0.9999492237644626
0,0,6.230997783603874e-06
1,1,0.9995842510110307
0,0,3.7057390709769098e-06
1,1,0.9996689616721752
1,1,0.9999168043253002
1,1,0.9994138499848738
0,0,3.540744030139404e-06
0,0,0.0014442350057464483
1,1,0.9981087646762522
1,1,0.9992814021667926
1,1,0.9997631828053235
1,1,0.9996432948542564
0,0,0.0005758007285082003
1,1,0.999270106481403
0,0,4.437280593560439e-06
1,1,0.9999079344021051
1,1,0.9997848918953463
0,0,4.669022985940394e-06
1,1,0.9997547371820161
1,1,0.9994253061596284
1,1,0.9997523427181122
0,0,3.897810032162004e-06
1,1,0.9998801422926492
0,0,4.533595620050491e-06
1,1,0.9997146982079702
0,0,5.336063934417443e-06
0,0,3.802620657731133e-06
0,0,1.0350936906496277e-07
0,0,0.0012693060780130608
1,1,0.9997060975435105
0,0,3.84254372988851e-06
1,1,0.9996854721441791
0,0,0.0016937064628986045
1,1,0.9997640303498296
1,1,0.9995898270230459
0,0,4.766980599283933e-06
1,1,0.9998700898341235
1,1,0.9996148659281463
0,0,5.260210607921966e-06
1,1,0.999564925188289
1,1,0.9986359797854705
0,0,0.0010538176736444433
0,0,4.109275068063071e-06
0,0,3.973192873120689e-06
1,1,0.9999410991454724
0,0,5.677742025433616e-06
0,0,4.667456203142757e-06
1,1,0.9994881036455828
1,1,0.9996709045259805
1,1,0.9991548889488916
1,1,0.9995859830663316
0,0,3.875117727516626e-06
1,1,0.9997482125716648
0,0,9.888410804934353e-08
1,1,0.9998341582938385
1,1,0.9999191206000371
0,0,8.280225271484743e-06
0,0,1.1038249417336936e-07
1,1,0.9995774721327222
0,0,1.1647889282292375e-07
1,1,0.9997833717870345
0,0,1.1095585361057469e-07
1,1,0.9997713446316527
1,1,0.9998913542984109
1,1,0.9998082331664283
0,0,1.3674125673675338e-07
1,1,0.999791598360999
1,1,0.9996372081635384
0,0,5.290716094358946e-06
1,1,0.9997574358282719
0,0,3.639400923330545e-06
0,0,1.0965178282100243e-07
0,0,1.0890947880612853e-07
1,1,0.9999118874168857
1,1,0.9998591356748594
1,1,0.9998622580444438
1,1,0.9995944221654226
1,1,0.9992062358458115
1,1,0.9999114518876437
0,0,3.812186175654207e-06
1,1,0.9998089497785342
1,1,0.99976535101464
0,0,3.945498445653528e-06
1,1,0.9993430204353932
1,1,0.9990401353172539
0,0,4.476338413609901e-06
0,0,1.0793011406103755e-05
1,1,0.9996949900907661
0,0,5.968246805750032e-06
0,0,3.680403274182426e-06
0,0,4.3691756270108516e-06
1,1,0.9995579604808617
0,0,1.1326366417978858e-07
1,1,0.9994898076601539
1,1,0.9994921994748268
0,0,6.698554921169297e-06
1,1,0.9998820515429062
1,1,0.9987977058291372
1,1,0.9995444605573328
0,0,0.0006930587890180718
1,1,0.9998240727223022
1,1,0.9996703633155665
1,1,0.9989617990143421
1,1,0.999809115120406
0,0,3.7811500682194023e-06
0,0,1.1768019478619026e-07
1,1,0.9998622878094333
1,1,0.9997137957518858
1,1,0.9989280903259155
0,0,0.0013374075719963204
0,0,4.779361607170988e-06
0,0,5.277441762208859e-06
0,0,7.003138395544549e-06
1,1,0.9998870833336918
1,1,0.9998309222420837
1,1,0.9996328332295293
0,0,9.139636762145157e-06
0,0,6.5236620904751595e-06
1,1,0.9999390312953534
0,0,1.2023123931969322e-07
0,0,4.29680529638719e-06
1,1,0.9997305515146073
0,0,5.391601538637534e-06
1,1,0.999652040368935
1,1,0.9997308343584153
1,1,0.9998481702503529
0,0,6.144184806885291e-06
0,0,0.0007736544834684164
1,1,0.9995775082470104
0,0,1.2169064955028713e-07
1,1,0.9997950257153478
1,1,0.9996945954281211
1,1,0.9996601559341015
1,1,0.9991729079173659
1,1,0.9992823672869752
1,1,0.9994504052313576
1,1,0.9996658529476865
1,1,0.9997499787469583
0,0,6.631368645973814e-06
1,1,0.999037048645903
1,1,0.9992762708822628
0,0,5.135629141627816e-06
1,1,0.9997863057895922
0,0,3.9078417778270924e-06
1,1,0.9998519955884445
1,1,0.9994624478255532
1,1,0.9998141264914966
0,0,5.265930180886061e-06
1,1,0.9996396178567478
1,1,0.9997157862782157
1,1,0.9990689342993371
1,1,0.9994926632782413
0,0,1.0725102904760095e-07
0,0,3.6889677586886e-06
0,0,1.1523562959225375e-07
0,0,6.595361845981875e-06
0,0,4.796008302708701e-06
1,1,0.9996719796088083
0,0,0.002265096712740495
1,1,0.9997577734346548
1,1,0.9997021388945527
0,0,3.865958344052282e-06
1,1,0.9998230330920275
1,1,0.9993616643368577
1,1,0.9997214024439516
1,1,0.9996212585248799
1,1,0.999877650379268
1,1,0.9999028912579403
1,1,0.9996034094440318
1,1,0.9996954612508926
1,1,0.9996747786916668
1,1,0.9996805787727514
0,0,0.000738962237125082
0,0,1.1600706020814268e-07
1,1,0.9992806128069289
1,1,0.9998386723226383
1,1,0.9992629850808572
0,0,5.208577439259263e-06
0,0,1.1517829778094531e-07
1,1,0.9996562186438667
0,0,3.995934755051636e-06
1,1,0.9997318776219302
1,1,0.9995664618719603
0,0,3.971434613058778e-06
1,1,0.9986673434470037
0,0,0.0009776895295461067
1,1,0.9989542852102313
0,0,0.001375824003610579
1,1,0.9998497568886567
1,1,0.999662185257657
0,0,3.7744623119656152e-06
1,1,0.9997965726187364
0,0,9.374003990616023e-08
1,1,0.9989103743012242
1,1,0.9997677357271862
0,0,3.6103586606271387e-06
1,1,0.9995963284486213
0,0,4.39262946752561e-06
1,1,0.9998206019615736
1,1,0.9996230016966642
0,0,5.799847318789117e-06
1,1,0.9997525066631143
0,0,5.903136123990221e-06
0,0,1.1450096055098203e-07
1,1,0.9996745280283393
0,0,0.0008127098584922052
0,0,6.616460297456509e-06
1,1,0.9996008931291616
0,0,6.279302722530002e-06
1,1,0.9998319699048984
1,1,0.9998958056168163
0,0,4.120356723354597e-06
1,1,0.9996480601186253
1,1,0.9996443831365802
1,1,0.9996316087191107
1,1,0.9997171845257946
1,1,0.9997005495199102
0,0,9.841814183032042e-06
1,1,0.9994068618079764
1,1,0.999919668878206
0,0,0.0010164901530529341
0,0,4.842233136159724e-06
1,1,0.9998620630055783
1,1,0.9998345513261692
1,1,0.9997862429809659
1,1,0.9994743357313104
1,1,0.9998080878529388
1,1,0.9994780271345877
1,1,0.9990146879229287
0,0,4.893268140163896e-06
1,1,0.9994146373505757
1,1,0.9995859973262803
1,1,0.9997674023766144
0,0,1.0495103161579858e-07
1,1,0.9995620185164908
0,0,3.687473832563952e-06
0,0,4.379068458791365e-06
1,1,0.999767893214362
0,0,0.0013676335898732124
0,0,1.2159483340824214e-07
1,1,0.9997666016482756
0,0,1.1023302608633768e-07
0,0,5.902453603970987e-06
0,0,3.901746168626343e-06
1,1,0.9998172722756119
1,1,0.9998633893410405
0,0,0.0007838269913383745
1,1,0.9995516966366185
0,0,4.698257565719191e-06
0,0,7.634560971425489e-06
1,1,0.9996741218676184
1,1,0.9986692765336761
1,1,0.9998126150562465
0,0,1.2681404375946884e-07
0,0,8.450680580379798e-06
1,1,0.9996562351985956
1,1,0.9997436767032147
1,1,0.999505360647179
1,1,0.9999183502915334
0,0,4.883611486017889e-06
1,1,0.9998594479195563
1,1,0.9998183120518321
1,1,0.9991022967308731
0,0,1.1675368417393225e-07
1,1,0.9999049111671273
1,1,0.9994999586512812
0,0,0.0011886044921778343
0,0,0.0012208995604781109
1,1,0.9998296893371215
1,1,0.9994159456285501
1,1,0.9997865845370286
1,1,0.9993816971516991
0,0,1.4547446844864304e-07
1,1,0.9998994664052677
1,1,0.9997757704932764
0,0,0.0008672577934008043
0,0,5.7758263531967454e-06
0,0,4.68584801612731e-06
1,1,0.9990603291994034
0,0,5.269469938659268e-06
1,1,0.9999035438258876
1,1,0.9994180916497364
1,1,0.9994457804407049
1,1,0.9997396986353171
0,0,5.534682772060398e-06
1,1,0.9999054975314938
0,0,7.4254310960480245e-06
1,1,0.999649443214797
0,0,1.1742049337932232e-07
1,1,0.9999103086215181
0,0,0.0009270076711262101
1,1,0.9996814253588536
0,0,1.1052850286994215e-07
1,1,0.9995393640999481
1,1,0.9998512401303964
0,0,0.0006035893351252542
1,1,0.9997139563166527
1,1,0.9996883723653045
0,0,3.972422044749639e-06
1,1,0.9998357306590342
0,0,5.476793474459666e-06
1,1,0.9994947048452901
1,1,0.9996596943082962
0,0,1.1041966223883757e-07
0,0,0.0005346920875114543
1,1,0.9997726887276938
1,1,0.9991620562899265
1,1,0.9994761234603562
1,1,0.9995715291498921
1,1,0.9992700588051326
1,1,0.9997233324465076
0,0,6.2266112733223786e-06
1,1,0.998737922080388
0,0,6.0152594964345e-06
1,1,0.9997519862553237
0,0,4.253687370239099e-06
0,0,0.0007635684662525267
1,1,0.9994395333279128
1,1,0.9994452981964308
1,1,0.99939068291832
0,0,5.391366336052766e-06
0,0,0.0007560883430171306
0,0,4.6065720919718955e-06
0,0,3.4365493216545965e-06
1,1,0.9997828671370761
1,1,0.9997168108890992
1,1,0.999521295025271
0,0,5.818492595851082e-06
0,0,4.045970854661317e-06
1,1,0.9996934375498722
1,1,0.9997350885677049
1,1,0.9998110611050649
1,1,0.9998248397141861
1,1,0.9998843205553305
0,0,1.1015762939303223e-05
1,1,0.9992427575338659
1,1,0.9993507348655553
1,1,0.9997389854879911
0,0,0.0010437047362284579
0,0,5.377941727872732e-06
1,1,0.9998041142195553
0,0,4.1745393364820735e-06
1,1,0.9996870132036153
0,0,6.439254170562072e-06
0,0,5.136656336826495e-06
1,1,0.999904712745789
1,1,0.9997463743417824
1,1,0.9996059003552358
1,1,0.9995747542622945
0,0,1.0363592742208536e-07
1,1,0.9996966673022483
1,1,0.9993954632220247
0,0,4.73289531744627e-06
1,1,0.9995295916038689
1,1,0.999604453594471
1,1,0.999611628241509
1,1,0.999821421728279
1,1,0.9995357851173967
1,1,0.9997044501030967
1,1,0.9998082181599021
1,1,0.9998426796344746
1,1,0.9994814825374297
1,1,0.9993062479574879
0,0,3.889305679121565e-06
1,1,0.9997613088078714
1,1,0.999900945494753
0,0,0.0021317777206820744
0,0,5.045949312147507e-06
1,1,0.9995481025442338
1,1,0.9994598259386878
1,1,0.9995815348612694
0,0,5.0817078067706405e-06
0,0,5.209689261218329e-06
1,1,0.9996671470651639
1,1,0.9996715507208672
0,0,1.160981166402611e-07
1,1,0.9998749656540544
1,1,0.9994925128470871
1,1,0.9997180056105421
1,1,0.9998682871912358
0,0,6.8970527366397395e-06
1,1,0.9994460860756028
1,1,0.9998908481276422
0,0,5.712345040392367e-06
1,1,0.9991927473467441
1,1,0.9998406733466146
0,0,4.580723101195775e-06
1,1,0.999476305621592
1,1,0.9997299934658855
1,1,0.9998213793950212
1,1,0.9998405794737122
1,1,0.9991447138803752
1,1,0.998742386189719
0,0,4.088860302298181e-06
0,0,8.175374066344603e-06
1,1,0.9998475075377106
1,1,0.9996009767995252
1,1,0.999314379338765
1,1,0.9996566913764734
1,1,0.9992915002719984
1,1,0.9995863365869719
0,0,4.171333092067658e-06
1,1,0.9993878905696869
1,1,0.9999426819637438
1,1,0.9998288312285492
1,1,0.9997894217716111
0,0,1.169320724368937e-07
1,1,0.9998817496429213
1,1,0.9997414875188995
1,1,0.9992066721001359
1,1,0.9996196449130224
1,1,0.999724045197522
0,0,5.039220585794278e-06
0,0,6.3864561856361255e-06
1,1,0.9998059430122338
1,1,0.9997412727125993
0,0,0.0008615615930177466
1,1,0.9998129033357531
1,1,0.9992122167753197
1,1,0.9999055337485857
0,0,0.001068499172886632
1,1,0.9999168488882795
1,1,0.9998652302482463
1,1,0.9998313897304835
0,0,6.830909482701633e-06
0,0,5.594192044774703e-06
0,0,0.001227100164411462
0,0,0.0013578504709575506
1,1,0.9999268847945322
1,1,0.9992474231961465
0,0,9.665531476589283e-08
1,1,0.9998136891862781
1,1,0.9999371267949716
0,0,0.0013160612221018028
1,1,0.9998937044394974
1,1,0.9998736759581154
1,1,0.9999143665699999
0,0,3.684436767643097e-06
0,0,1.0358367434144698e-07
1,1,0.9998582902413324
0,0,3.7307390152418265e-06
1,1,0.9999150249970769
1,1,0.9997415527245429
0,0,6.437244999952024e-06
1,1,0.9993485277681317
1,1,0.9989804238618851
1,1,0.9998875917745056
0,0,5.566583737335355e-06
1,1,0.9998636429236806
0,0,5.915135835514587e-06
1,1,0.9996236655765787
1,1,0.9997091788181376
1,1,0.999636612629834
0,0,0.0006800057475752454
1,1,0.9999214848307637
1,1,0.9991371362712559
0,0,4.009934252927199e-06
1,1,0.9997770692381938
0,0,8.618022475027623e-06
0,0,4.021470419348066e-06
1,1,0.9998305635811352
0,0,4.915811929194153e-06
1,1,0.9995323489543702
1,1,0.9997174868319394
1,1,0.9999152264725544
1,1,0.9999498500686802
0,0,4.9392487496485145e-06
1,1,0.999508128719181
1,1,0.9998826347526673
1,1,0.9998574374045271
0,0,5.563383744862256e-06
1,1,0.9994127301181474
1,1,0.9994682253412076
1,1,0.999224144984123
1,1,0.9997485024249826
1,1,0.9995803576522777
1,1,0.9998316250634252
1,1,0.9997785747555712
0,0,3.557746298515819e-06
1,1,0.9998678406584601
1,1,0.9998099473814358
1,1,0.9990975216380353
1,1,0.9998123019988019
1,1,0.9996036953619042
1,1,0.9998831241851551
0,0,4.932063675581616e-06
0,0,6.0815256509606495e-06
1,1,0.9999294987300222
1,1,0.9993860200218558
1,1,0.9999372377336626
1,1,0.9999069446858316
1,1,0.999503234927858
0,0,4.117126026030029e-06
0,0,3.691421456582282e-06
1,1,0.9997186020451462
1,1,0.9995667783133859
0,0,3.5439665068246e-06
0,0,0.0007278303570423659
1,1,0.9996627779506985
1,1,0.9996800314190512
1,1,0.9994698002432899
1,1,0.9997174017652545
1,1,0.9994988186963232
0,0,4.124434752135265e-06
1,1,0.9997548407172633
0,0,5.968860304008092e-06
1,1,0.9994945421886635
1,1,0.9992438876164318
1,1,0.9998704863792327
0,0,8.284455192966388e-08
1,1,0.9997892655002558
1,1,0.9999178292007616
1,1,0.9997449641860373
1,1,0.9998364797926492
0,0,5.0579217343276355e-06
1,1,0.9996742577717369
1,1,0.9995480117852397
0,0,4.8391603569194635e-06
0,0,3.853426895585094e-06
1,1,0.9987783087919454
1,1,0.9998370982586571
1,1,0.999678089854525
1,1,0.9998398432501522
0,0,2.8717726726229675e-06
1,1,0.9999016366416488
1,1,0.9989093074116177
1,1,0.9991297361941982
0,0,0.0003474672815955003
1,1,0.9998196837906507
1,1,0.9996869357899952
1,1,0.9997906965968512
0,0,0.0006138685607257723
1,1,0.999855744957854
1,1,0.9994912908652955
1,1,0.9998486266515257
0,0,1.1398830846746036e-07
0,0,3.934502048185986e-06
0,0,1.248750819050089e-07
1,1,0.999686726699265
1,1,0.9997719992699956
1,1,0.998161578493866
1,1,0.9996278271938381
1,1,0.999883066737409
1,1,0.9998403230918359
0,0,1.1523691361894564e-07
1,1,0.9992050676751002
1,1,0.9995751545802106
1,1,0.999861546334858
0,0,7.651736094359408e-06
1,1,0.9991079813849011
0,0,4.653669229761166e-06
1,1,0.9998403311822366
0,0,4.624567194424201e-06
0,0,4.096582840760557e-06
0,0,1.06075032802594e-07
1,1,0.9996753644854713
0,0,1.0933897028076272e-07
1,1,0.9998464885366642
1,1,0.9994836509002949
1,1,0.9998277099291267
1,1,0.9996506707509467
1,1,0.9993299853963911
1,1,0.9998179731068386
1,1,0.9994534997876378
0,0,5.358342404719723e-06
1,1,0.9996463449573251
1,1,0.9997551441125315
0,0,4.4524092294618475e-06
1,1,0.9998739989671128
1,1,0.9991666450532353
1,1,0.9996680885622353
1,1,0.9998452844380974
1,1,0.9998553837215989
1,1,0.9998222729284687
1,1,0.9998909248331037
0,0,0.0006776889116465849
1,1,0.9997891138806199
0,0,4.863706176063475e-06
1,1,0.9995676029457264
0,0,4.924033713562561e-06
1,1,0.9994919236930687
0,0,0.00047369653639318964
1,1,0.9992170340926748
1,1,0.9993913701383662
1,1,0.999881278021382
0,0,8.976434195631103e-06
0,0,4.8708063122103895e-06
1,1,0.9997363428949123
1,1,0.9999311097537587
1,1,0.9998549000055189
1,1,0.999513541197377
0,0,7.782490391577604e-06
1,1,0.999748848757993
1,1,0.9997871720537724
1,1,0.9998025508192677
0,0,1.1579640497512476e-07
1,1,0.9998952016322071
0,0,4.755211729107835e-06
1,1,0.9996152884450699
0,0,4.079883840561841e-06
1,1,0.9995657138045654
1,1,0.9993436986373921
1,1,0.9997966487511358
1,1,0.9995265537828775
0,0,1.2154332172821968e-07
1,1,0.9995712215237205
1,1,0.9986933416941288
0,0,0.0009490615784832901
0,0,3.724565316324102e-06
0,0,4.823670696295282e-06
1,1,0.9995940175697118
0,0,5.747489790884924e-06
1,1,0.9998442061388932
0,0,3.940077157456732e-06
0,0,4.98311258606467e-06
1,1,0.999790507315651
1,1,0.9998143077932857
0,0,6.051361786675763e-06
1,1,0.9993441243536294
1,1,0.9995824186638205
0,0,3.6320712016290642e-06
0,0,4.418392266988065e-06
1,1,0.9996890531507429
1,1,0.9995653227726545
1,1,0.999640166489978
0,0,3.638916238564491e-06
1,1,0.9992410399853834
0,0,4.666635887846952e-06
0,0,0.0013031512789396257
0,0,5.580953199724984e-06
1,1,0.9999329820691376
1,1,0.9999188466448609
1,1,0.9997874455050154
1,1,0.9999369937268211
0,0,4.85648734175198e-06
0,0,6.5075016267297084e-06
1,1,0.9998294699733651
1,1,0.9992909521513549
0,0,4.525077577084292e-06
1,1,0.9996275285639454
0,0,5.048792805229852e-06
0,0,5.578235687257838e-06
1,1,0.9996026890194543
1,1,0.9996945816922339
1,1,0.9998196932392853
1,1,0.9991136565735864
0,0,5.623069342043015e-06
0,0,0.0007326729013730415
0,0,4.225193913531335e-06
1,1,0.9998077418661876
1,1,0.9994671461151226
0,0,7.198288541845277e-06
1,1,0.9995686287677223
1,1,0.9997181934426677
1,1,0.9996708730811393
1,1,0.9996337631498774
1,1,0.9998549908389439
1,1,0.9998717702597589
1,1,0.9996731685242226
1,1,0.9998302629378214
1,1,0.9995056318570088
1,1,0.9999211429472195
0,0,3.845815922343785e-06
1,1,0.9997336500177645
1,1,0.9988495544456161
1,1,0.9987576638220793
1,1,0.999756626814329
1,1,0.999698837723975
0,0,6.142030389521834e-06
0,0,4.37842544299998e-06
1,1,0.999747895573796
0,0,1.209663238232304e-07
1,1,0.9997636084765453
0,0,4.8497679870221e-06
1,1,0.9998288817000872
1,1,0.9998842351484714
1,1,0.9998075565476642
0,0,0.0012509233886259458
1,1,0.9992951497229232
0,0,6.733658261150837e-06
0,0,3.5609641517332196e-06
1,1,0.9998793054429895
1,1,0.999367070447764
0,0,1.089060865391369e-07
1,1,0.9996718867260229
0,0,0.0007570992229087106
1,1,0.9994727104100616
1,1,0.9995479708721493
0,0,7.005483721136792e-06
0,0,1.0398577304018876e-07
0,0,1.1266014075957531e-07
1,1,0.999366606831681
1,1,0.9997054390819926
0,0,4.4296613175497925e-06
0,0,5.4247320201069265e-06
1,1,0.9998056341422151
0,0,6.034752100625752e-06
1,1,0.9998142324634529
1,1,0.999741840779641
0,0,1.205091567763851e-07
1,1,0.9997942935691593
1,1,0.9998809951488358
1,1,0.9998115907241494
0,0,1.0966493129248857e-07
0,0,0.00237804907006238
1,1,0.9998796498465669
1,1,0.9999121803398934
0,0,0.0006077475886820964
1,1,0.9998512110712493
1,1,0.999796861931093
1,1,0.9997159372507556
0,0,1.1536024266456458e-07
1,1,0.9995016811924217
1,1,0.999434995941588
1,1,0.9993176147899804
0,0,0.0017835467480550261
1,1,0.9992633816938377
0,0,1.039251029426373e-07
0,0,1.0632746009416967e-07
1,1,0.9998273397414948
1,1,0.9998069245860048
0,0,4.084926239068056e-06
1,1,0.9996279139591638
1,1,0.999330017876631
0,0,1.1238150941696184e-07
0,0,4.801237528205021e-06
1,1,0.999792711015766
1,1,0.9998216243664513
1,1,0.9998927452185306
1,1,0.999824442239645
0,0,0.0005145154862254911
0,0,1.0681899761568318e-07
1,1,0.9998327082592989
0,0,1.1106319645111824e-07
1,1,0.9999210447463771
0,0,4.607929381103198e-06
1,1,0.999661776263042
1,1,0.9998648864910729
1,1,0.999699402168666
1,1,0.9998268725215806
1,1,0.9998168037749801
0,0,7.052499200309355e-06
1,1,0.9995953939863855
1,1,0.9991667769893445
0,0,4.3874290972683186e-06
1,1,0.9992829998947885
0,0,5.787516286855045e-06
1,1,0.9998745509870925
1,1,0.9996794128934163
0,0,5.961935060792263e-06
0,0,4.589457501929348e-06
1,1,0.9998748402447711
1,1,0.9999153068390727
0,0,5.872649726100288e-06
0,0,1.1917895289258881e-07
1,1,0.9993432670367222
1,1,0.9998071026163728
0,0,3.089682133157908e-06
1,1,0.9997877499511643
1,1,0.9997167025720184
1,1,0.9998255300572307
1,1,0.9992727698531655
1,1,0.9996579416958075
1,1,0.9998894862551418
1,1,0.999854305801399
1,1,0.9999134837904494
1,1,0.9997777852055175
0,0,0.001273125385398229
1,1,0.9993775716652429
1,1,0.9994938629773498
1,1,0.9983926026463898
1,1,0.9997435487933283
1,1,0.9992101367413729
1,1,0.9998834882818524
0,0,0.0012388162276603769
1,1,0.999717870371403
1,1,0.9996705257696425
1,1,0.9990199257271747
0,0,1.3946960373122293e-07
0,0,2.838005362740784e-06
1,1,0.999845715099867
1,1,0.9993186375070452
1,1,0.9993993666716702
1,1,0.9997067878119476
1,1,0.9998966013812945
0,0,6.06387848346355e-06
0,0,3.395716368280918e-06
1,1,0.9998436143447065
0,0,0.000577684425502176
1,1,0.9995263264367574
0,0,9.947972071709334e-06
1,1,0.9996858157364339
1,1,0.9994869028871398
1,1,0.9990404551917742
0,0,3.783718415422328e-06
0,0,5.110484255636876e-06
1,1,0.9996983411446664
0,0,4.328202776903037e-06
0,0,6.114662329045115e-06
1,1,0.9998529170897815
1,1,0.999409535649784
1,1,0.9995608925532519
0,0,4.3050511302292665e-06
1,1,0.999542928900993
0,0,5.375688705142198e-06
1,1,0.9996188429719225
1,1,0.9999114789623658
1,1,0.9998567319368761
1,1,0.9998120345607588
1,1,0.9996868160528635
0,0,0.0005174597086091555
1,1,0.9995747895284064
0,0,7.869390264457602e-06
1,1,0.999873535506038
0,0,5.349802715690526e-06
1,1,0.9996714112034327
0,0,6.733414884981509e-06
0,0,5.170595848578636e-06
1,1,0.9997930002101506
0,0,0.0009131715087150809
1,1,0.9999041135363029
1,1,0.9993288470885189
0,0,1.2872666319335362e-07
1,1,0.999707590065962
1,1,0.9996587916345906
0,0,4.057925046578419e-06
0,0,0.0006391663638293922
1,1,0.99960168130855
1,1,0.9999116696037603
1,1,0.9997131366965452
1,1,0.9995916311485482
1,1,0.9997983728727137
0,0,0.0016328255006900331
0,0,5.782451343010036e-06
0,0,1.094128424103655e-07
1,1,0.9998776475096981
1,1,0.9997575244596016
1,1,0.9994616924940111
1,1,0.9998467741656312
1,1,0.9999013567622645
0,0,5.000846981120632e-06
0,0,4.680579066602243e-06
1,1,0.9986861226070308
1,1,0.9997597572053945
1,1,0.999934772498006
1,1,0.9998804223415524
1,1,0.9998280257037346
0,0,5.1836094120080625e-06
1,1,0.9998816003209121
0,0,3.8328214250054075e-06
1,1,0.9998583208826428
1,1,0.9997953995588449
1,1,0.9998368264706661
1,1,0.9997144610091763
1,1,0.9995650825684769
1,1,0.9991700504933321
1,1,0.9999415519235856
0,0,0.0010354337413121207
1,1,0.9998805256723589
0,0,5.061512891598851e-06
0,0,5.244503470853616e-06
1,1,0.9997918750758897
1,1,0.999905453431611
0,0,3.5419866958023484e-06
0,0,1.188394820889474e-07
0,0,4.770615968004898e-06
0,0,5.0264871765856734e-06
1,1,0.9995097817507884
0,0,6.568061988357823e-06
0,0,1.1577045637114894e-07
1,1,0.9998676683198878
0,0,5.400671460426726e-06
0,0,4.13991392184893e-06
0,0,3.8913958573852495e-06
1,1,0.9995797525958459
0,0,1.1135127740900774e-07
0,0,6.5107787617454795e-06
0,0,9.075975047807325e-06
1,1,0.9997390010691866
1,1,0.9985006365564238
1,1,0.9996802470855474
0,0,0.0008239692343199165
1,1,0.9995755216881449
1,1,0.9998698117377962
0,0,3.732408803146646e-06
1,1,0.9997103689104704
1,1,0.9998354605770444
1,1,0.9997559094259216
1,1,0.9998335796683635
0,0,2.9232405337251663e-06
1,1,0.9995017852401483
0,0,4.323980766997068e-06
1,1,0.9997948619231148
0,0,0.0005316123676281907
0,0,4.447968468778555e-06
1,1,0.9998002146183086
1,1,0.9988913513887839
0,0,6.230776972020395e-06
1,1,0.9996144196631451
1,1,0.9997362605785026
1,1,0.9993012172168901
1,1,0.99968621762098
1,1,0.9994625277453973
0,0,0.0015077294950017806
1,1,0.9998913823876816
0,0,0.0009410114773658898
1,1,0.9993441071984599
1,1,0.9998368264004187
0,0,3.6745702682660303e-06
0,0,3.891849347757325e-06
1,1,0.9999009061975779
1,1,0.9997707174189535
1,1,0.9997935332728403
0,0,0.0019659092900239225
1,1,0.9998028935531894
1,1,0.9990751284171192
1,1,0.9993566954060558
1,1,0.9997270153823462
0,0,8.27095843720505e-08
1,1,0.9995776744610793
1,1,0.9997976612062403
1,1,0.9991271988370948
1,1,0.9997706833652259
1,1,0.9998438692302013
1,1,0.9995360343773886
0,0,1.226760616839741e-07
1,1,0.9997903259422047
1,1,0.9995773982186965
0,0,3.534916754742339e-06
1,1,0.9997878551650792
0,0,1.2341475460612905e-07
1,1,0.9993963073549105
1,1,0.9989790165266629
1,1,0.9997313723349557
1,1,0.9992897815954616
1,1,0.9987839484546073
1,1,0.9990678516744008
1,1,0.9998091852138024
0,0,4.060287108638524e-06
1,1,0.999903844062257
0,0,4.02050524397697e-06
1,1,0.9999005318879051
1,1,0.9998310340795366
1,1,0.9993873470070588
1,1,0.9990795302831833
1,1,0.9997366929212925
1,1,0.9994758736614888
0,0,5.508361183569776e-06
1,1,0.9996410400201787
1,1,0.9999365365053555
1,1,0.9999221668947832
1,1,0.9991866091021968
1,1,0.9996004866045592
1,1,0.9999298803305591
0,0,1.1265146828754897e-07
1,1,0.9999366663248522
1,1,0.9996710424230317
1,1,0.9998652730980729
1,1,0.9998714707596887
1,1,0.999931771103018
0,0,7.748209933358531e-06
1,1,0.9995487667166967
1,1,0.999860126264748
1,1,0.9999365847636256
1,1,0.9998238612480048
0,0,4.858439711034575e-06
1,1,0.9997826469406426
1,1,0.999817772128091
1,1,0.9992648451535492
0,0,0.0007393150886542884
0,0,3.886795473685315e-06
1,1,0.9998908362076446
0,0,4.7477460764492715e-06
0,0,3.367851202126039e-06
0,0,0.0011553396575759538
0,0,0.00141045121097411
1,1,0.9999181426646742
0,0,1.0894159594764016e-07
1,1,0.9997783712459082
1,1,0.9992506020010397
1,1,0.9995899331176955
0,0,4.565824115417767e-06
1,1,0.9993870118955142
0,0,5.49872770984018e-06
0,0,0.00042510975842560694
1,1,0.9994618468508771
1,1,0.9998496158420934
0,0,4.037213401080672e-06
1,1,0.9998104980944896
1,1,0.9996123761532631
1,1,0.9999317134146624
0,0,7.2370999221169524e-06
1,1,0.9996322583486152
1,1,0.9998016079929934
1,1,0.999790033207797
0,0,0.0005114393805918192
1,1,0.9998864984754219
1,1,0.999742416662287
0,0,3.6482246678022887e-06
1,1,0.999631301921311
0,0,1.0994210669846752e-07
0,0,4.753269780784179e-06
1,1,0.9996450778630244
0,0,2.520285281838648e-06
1,1,0.9998713549873973
1,1,0.9988544765209009
1,1,0.9997565433648545
1,1,0.999703229600387
1,1,0.9997167855103044
1,1,0.9995316813802312
0,0,4.563718615099881e-06
0,0,0.0007778770610498049
0,0,0.0005145033330608539
1,1,0.9995632788725963
1,1,0.9998132366399315
0,0,1.1538583628796943e-07
0,0,5.348985043938208e-06
0,0,3.9037232079840494e-06
1,1,0.9997797897507232
0,0,3.552122539528194e-06
0,0,6.960391659070688e-06
0,0,9.472394972008635e-06
1,1,0.9998801647984216
0,0,8.468080158078889e-06
1,1,0.9995614891542123
1,1,0.9992520887094662
0,0,9.931640504623749e-08
0,0,3.480881944448273e-06
0,0,1.0982822518202995e-07
0,0,0.0014305839431731117
1,1,0.9998802375095865
1,1,0.9998895792165265
1,1,0.9997961234058341
1,1,0.9994964479804185
1,1,0.9993837777819596
0,0,5.61609954048985e-06
0,0,0.001547076085284344
0,0,5.655468686647345e-06
1,1,0.9992447504327281
1,1,0.9999092320375561
1,1,0.9987843395922105
1,1,0.9998765607687609
1,1,0.9997823590928563
0,0,5.330715522186972e-06
0,0,3.358755454471384e-06
1,1,0.9998910934944103
0,0,9.69040154307516e-06
1,1,0.999601054014569
1,1,0.9998635326401613
1,1,0.9982844290927974
0,0,4.442257760373551e-06
0,0,5.822125222488522e-06
0,0,3.494571693744376e-06
1,1,0.9991621349481336
1,1,0.9998403233244278
1,1,0.9998835866270644
0,0,8.405167298872536e-06
1,1,0.99981440792997
1,1,0.9998044823755736
1,1,0.9997966350254525
0,0,4.312017155746937e-06
1,1,0.9998509055403465
0,0,4.417218715946303e-06
1,1,0.9994735382393132
1,1,0.9997692574714155
1,1,0.9979746036406792
1,1,0.9995304066546262
1,1,0.9994135586865501
0,0,1.1546954635185878e-07
0,0,1.0210461981060923e-07
1,1,0.9999254356444981
0,0,6.73161554347781e-06
0,0,7.039966419050829e-06
0,0,0.0006874496170378561
1,1,0.9977547543791369
1,1,0.9996604772896224
0,0,3.930484849964318e-06
1,1,0.9998773325370113
0,0,5.663700561054566e-06
0,0,8.110267895315345e-06
1,1,0.9999286245232524
1,1,0.9997760211318398
1,1,0.9998651583001797
1,1,0.9999473377028109
1,1,0.9998220321547335
1,1,0.99993827785047
0,0,5.212685182922266e-06
0,0,1.2078539037341433e-07
1,1,0.9998470934600078
1,1,0.9997457393164597
0,0,0.002424933000359381
1,1,0.999799683534261
0,0,5.3518662094826115e-06
1,1,0.9997411386385459
1,1,0.9997242249536272
0,0,5.208337901469186e-06
1,1,0.9997621832191445
0,0,1.1054407064456614e-07
1,1,0.9999264880025357
1,1,0.9996643710958552
1,1,0.9998685952051638
1,1,0.9997270212744658
0,0,0.0014449688364142905
0,0,0.0011056820876085745
1,1,0.9996316529430246
0,0,1.1680100569681629e-07
1,1,0.9996163199062338
1,1,0.9998921977216643
1,1,0.9996233951853565
0,0,1.2149920048746498e-07
1,1,0.9996294069951643
1,1,0.999722465546816
1,1,0.9997333995302214
1,1,0.9996370370504595
0,0,1.11047895824597e-07
0,0,4.849826100653528e-06
0,0,8.138184510049955e-06
1,1,0.9997794762449379
1,1,0.9999125862686727
1,1,0.9998056002555531
0,0,5.8655643821888155e-06
0,0,4.340557692117952e-06
1,1,0.9997382589038862
0,0,1.0288773428637186e-07
0,0,1.279757170014178e-07
0,0,0.0007119525863247537
1,1,0.9998635064010218
0,0,7.95005266755339e-06
0,0,4.656496357271976e-06
0,0,2.894595683486643e-06
1,1,0.9994737711893781
1,1,0.9998309642315729
0,0,1.0417210910421156e-07
1,1,0.9999224446056686
1,1,0.9998130019175471
0,0,4.570342195780875e-06
0,0,0.0009678549786673649
1,1,0.9997599334531032
1,1,0.9995614718703056
1,1,0.9995661070572415
1,1,0.9997190736685583
0,0,5.259272506064514e-06
0,0,4.402051883656615e-06
1,1,0.999466521348596
0,0,9.073881467682141e-08
1,1,0.999892822356874
0,0,5.854536428532892e-06
0,0,5.097107492274048e-06
1,1,0.9992850945297814
1,1,0.9988570912632996
1,1,0.999842311961423
1,1,0.9993902413371597
1,1,0.9998410716020257
1,1,0.9990365098765864
1,1,0.9997307236016068
1,1,0.9996520758012817
1,1,0.9997999909685109
0,0,7.720184017123697e-06
1,1,0.9998404363960395
1,1,0.9998501331976163
0,0,4.381902801137519e-06
1,1,0.999295856222238
1,1,0.9996602354818952
1,1,0.9998609142083601
1,1,0.999917233445578
1,1,0.9999246567669021
1,1,0.9998712925946266
1,1,0.9994709597084535
1,1,0.999593398771235
1,1,0.9997397962684402
0,0,1.0506786313672589e-07
1,1,0.9995958600550077
1,1,0.999899597398767
1,1,0.999570129943571
1,1,0.9998578627497189
1,1,0.9998996067854515
1,1,0.9996811925128953
0,0,5.319340077307823e-06
0,0,5.876310845369794e-06
1,1,0.9997558376933213
0,0,7.42876913732147e-06
0,0,6.678325512688634e-06
0,0,5.4226426158684185e-06
1,1,0.9990985389940766
1,1,0.9999424772040006
1,1,0.9997989002552032
0,0,4.74797311712726e-06
1,1,0.9999069125017065
1,1,0.9997527707114825
1,1,0.9996592650570552
0,0,7.539082691023911e-06
1,1,0.9996007218069404
1,1,0.9991323380481425
0,0,5.463069667710715e-06
0,0,5.138450950513327e-06
1,1,0.9999097064733936
1,1,0.9996538945515788
1,1,0.999924808086267
0,0,4.656416561134671e-06
0,0,4.686241982020474e-06
1,1,0.9993790184978104
0,0,3.9228513280690635e-06
1,1,0.9996182471072125
1,1,0.9987980003894382
1,1,0.9999320950419947
1,1,0.9997833509544166
0,0,4.096338955636559e-06
1,1,0.9993826896857426
0,0,9.947231151409733e-06
1,1,0.9998937584775167
1,1,0.999884054212557
1,1,0.999907416604373
1,1,0.9995829644250626
0,0,4.866475770905692e-06
0,0,5.579748216161146e-06
1,1,0.9998918745639567
1,1,0.999780958310729
1,1,0.9996339667973144
0,0,0.000703842517297967
0,0,0.0011315470587849356
1,1,0.9982263994187909
1,1,0.9996172862284985
1,1,0.9996262647155508
0,0,7.710704501957454e-06
1,1,0.9998071920426208
1,1,0.9998167924451623
1,1,0.9999002554238231
0,0,9.54027056434515e-06
0,0,1.0815399751223815e-07
0,0,1.2173126716852886e-07
0,0,4.939826911356421e-06
0,0,3.7266580570486396e-06
0,0,5.20746843881633e-06
0,0,3.7406422866515162e-06
1,1,0.999738178428552
1,1,0.9998407405838056
0,0,3.776726104486945e-06
0,0,6.502481165892304e-06
0,0,5.289990976741921e-06
1,1,0.999482996557294
1,1,0.9998747682153354
1,1,0.999879007681844
0,0,6.15818465467454e-06
0,0,1.1187905336798108e-07
1,1,0.9996202553338667
0,0,1.1177637228774374e-07
1,1,0.9994633710635031
1,1,0.9991354384092057
0,0,4.976861066981144e-06
0,0,4.877780468093382e-06
1,1,0.9996999042027802
0,0,3.6785538646097885e-06
0,0,5.060855582622369e-06
1,1,0.9998230878779115
1,1,0.999390799390024
0,0,5.072590866850281e-06
1,1,0.9997309645414653
0,0,0.0007155755694164167
1,1,0.999695912680496
1,1,0.9997888398887627
0,0,4.876519596519411e-06
0,0,4.588170080598123e-06
0,0,3.893044809115156e-06
1,1,0.9997828012939043
0,0,1.0911318784736073e-07
1,1,0.9994448717251222
1,1,0.9993185027180835
0,0,4.954891914996597e-06
0,0,1.2021923932839287e-07
0,0,0.0007154654419604092
1,1,0.9995269836833443
1,1,0.9987532822628142
1,1,0.9988698983703611
1,1,0.9998741842755307
0,0,4.314847302815228e-06
0,0,9.900035360537334e-06
1,1,0.9996763330041658
1,1,0.9995039869801797
0,0,5.703101207953196e-06
1,1,0.9998681024822763
0,0,1.2396129385731578e-07
0,0,5.168634132075998e-06
1,1,0.9998747201655256
0,0,5.106602748248987e-06
1,1,0.999380492180534
1,1,0.9999428492038872
1,1,0.9998058528924356
1,1,0.9995139870142642
1,1,0.9995534837066117
0,0,4.626543163390482e-06
1,1,0.9991392032437891
0,0,0.0006911463528670812
0,0,3.8803499240764415e-06
1,1,0.999414986690337
1,1,0.9997479671196364
0,0,4.722906524583703e-06
1,1,0.9994353086113057
1,1,0.9997872578213184
0,0,0.0007102607003738067
1,1,0.999883441028623
0,0,4.437756050231275e-06
0,0,3.663693774422151e-06
1,1,0.9996506222256477
0,0,6.031246109642641e-06
0,0,4.062318718224814e-06
1,1,0.9998674802585362
0,0,5.092465074374894e-06
0,0,0.0017770321918149463
1,1,0.9997653608555188
1,1,0.9994653431370366
0,0,5.671822974107679e-06
1,1,0.9998359738861383
0,0,3.671164928954182e-06
1,1,0.9998643449098329
0,0,6.998701513754242e-06
1,1,0.9999060104191104
1,1,0.9996432657091782
1,1,0.9998264313562475
0,0,6.157076134557461e-06
1,1,0.9989808565574371
1,1,0.9998863235873655
0,0,6.498236403250641e-06
1,1,0.9987841238802346
1,1,0.9998803228518488
1,1,0.9997580959074351
0,0,3.756059897993938e-06
1,1,0.9999198950292336
1,1,0.9997545744471316
0,0,4.895964203702198e-06
1,1,0.998426816059589
0,0,7.994239369651418e-06
0,0,0.0019494599709456125
0,0,5.874595536498303e-06
0,0,4.789714234597088e-06
1,1,0.9996249491117182
1,1,0.9996820069992759
1,1,0.999860825540403
1,1,0.9996022654389612
1,1,0.9998158608030647
0,0,6.227699185307107e-06
0,0,6.032873263164201e-06
1,1,0.9994674209312471
0,0,5.531292116851571e-06
0,0,5.822426399393448e-06
1,1,0.9996334162907847
0,0,4.475240698074637e-06
0,0,9.353874580347086e-06
1,1,0.9992417866148615
0,0,0.001095609446580253
0,0,6.163222658789648e-06
0,0,4.951751636119109e-06
1,1,0.9999121522770117
0,0,1.0341098527271209e-07
1,1,0.9995492859538848
0,0,4.0468426490632284e-06
1,1,0.9991350167970775
1,1,0.9998485905604979
1,1,0.9998333229745509
1,1,0.999940724282797
1,1,0.9993061481313724
0,0,6.452690848748825e-06
1,1,0.9996684898439977
1,1,0.9998808683707804
1,1,0.9998095946577855
1,1,0.999788348096833
0,0,3.973575709855085e-06
1,1,0.9997799515321318
1,1,0.999344569268654
1,1,0.9998049561474638
0,0,5.6579078753475016e-06
1,1,0.9994065841500545
0,0,5.49679272061133e-06
1,1,0.9999135804201391
1,1,0.9992807805020498
1,1,0.9998408860815902
1,1,0.9997608733155956
0,0,1.1087943635621134e-07
0,0,6.4316378417608566e-06
0,0,1.1993063065877418e-07
1,1,0.9992788441738416
0,0,0.0009215188100606339
0,0,3.623907813516653e-06
1,1,0.9996910769945255
1,1,0.9996572271275874
0,0,4.663143120056808e-06
1,1,0.9997029249930931
1,1,0.999498850331417
1,1,0.9999032707761006
1,1,0.9992957216448662
0,0,3.6199732482663135e-06
0,0,5.487299203111302e-06
1,1,0.9995344767103677
0,0,3.955980550103072e-06
1,1,0.998991356325882
1,1,0.9990063415770053
1,1,0.999438460264638
0,0,5.064046237541685e-06
0,0,4.2433617162267545e-06
0,0,5.1143086522316245e-06
0,0,4.73494763646371e-06
1,1,0.9976861480777975
0,0,4.914972343258523e-06
1,1,0.9997865675351798
1,1,0.9994003302688409
1,1,0.999488476767695
1,1,0.9999314886898946
1,1,0.9994987636822716
0,0,1.015043834254637e-05
1,1,0.9991896457774356
1,1,0.9997059327602644
1,1,0.999758154074416
1,1,0.9998152712452839
0,0,4.368658231560397e-06
1,1,0.9998580587648478
1,1,0.9995551848065554
0,0,6.703375688399726e-06
1,1,0.9987832171584582
0,0,6.570253962877941e-06
1,1,0.9996024818363195
1,1,0.9997744867853718
1,1,0.9996847018706584
1,1,0.9990078451467462
0,0,0.0015844374671789751
0,0,4.109024764180309e-06
0,0,1.179785760069033e-07
0,0,1.100614258051238e-07
1,1,0.9991304769085417
1,1,0.9990636090096103
1,1,0.999865523852252
0,0,4.041817993734845e-06
1,1,0.9997057838123361
1,1,0.9989483097089639
1,1,0.9998991595244181
1,1,0.9997505969345702
1,1,0.9999360586396308
1,1,0.999628946727774
1,1,0.9998847771239376
1,1,0.9998378910791227
0,0,3.280514418566806e-06
1,1,0.9995061472067783
1,1,0.999661161078894
0,0,5.459751594579806e-06
0,0,4.683300512733219e-06
1,1,0.9999172742740783
1,1,0.9998812513117731
1,1,0.9998542092032033
0,0,3.5452427725030267e-06
0,0,4.884363931132658e-06
1,1,0.9991432318415464
0,0,1.1117486608516979e-07
1,1,0.9998125054333615
1,1,0.9996835290891819
0,0,5.160114926651779e-06
1,1,0.9995139935666254
0,0,4.978672093599177e-06
1,1,0.9996692578274498
1,1,0.9994460432497486
1,1,0.9988684886473375
1,1,0.9996879332813056
1,1,0.9999257786815167
1,1,0.9988886730618937
0,0,0.0010206246708729576
0,0,1.0203165161342828e-07
0,0,6.205875412231109e-06
0,0,0.0011713799156036321
1,1,0.9996423756304218
1,1,0.9994710008685364
1,1,0.9988435693105102
1,1,0.9995006097237313
1,1,0.9997636315568227
0,0,3.8553126411438895e-06
1,1,0.9999299848868919
0,0,4.189224845699703e-06
0,0,5.4012369884759385e-06
1,1,0.9998026552456208
0,0,5.099157959626728e-06
0,0,7.599591232950108e-06
1,1,0.9998405673943469
1,1,0.999623066517395
0,0,9.271458126523662e-08
0,0,3.844553220541021e-06
1,1,0.9991179914792178
0,0,4.340476581022217e-06
1,1,0.99975824062014
1,1,0.9997952969557616
1,1,0.9999253958842199
1,1,0.9986505177951492
0,0,8.231889689475348e-08
0,0,1.2017176109666918e-07
1,1,0.9998589428557089
0,0,0.0008382517265372835
1,1,0.9998926423869148
1,1,0.9999027415509547
0,0,0.0021314759424843495
1,1,0.9999019387931146
0,0,1.1018172056599719e-07
0,0,2.519380913692462e-06
1,1,0.9997603276339814
0,0,4.696641429706195e-06
0,0,3.57978625279604e-06
1,1,0.999911801239526
0,0,1.1045049845281019e-07
0,0,5.920506808243699e-06
1,1,0.9997391796692826
1,1,0.9999460406812918
1,1,0.9995651978417924
1,1,0.999762923075092
1,1,0.9998551042591307
0,0,1.2204903298283262e-07
1,1,0.9998984249739933
1,1,0.9998733905109006
1,1,0.9998956180482903
1,1,0.9993004360532274
1,1,0.9996658193517617
1,1,0.9997769296136487
0,0,3.4001713961780015e-06
0,0,4.936294833482534e-06
1,1,0.9997348226892147
1,1,0.9999010826462135
1,1,0.999411105789632
1,1,0.9997605200392545
0,0,0.0014693184628955728
0,0,4.533823540552885e-06
0,0,3.952644433724992e-06
0,0,4.86104208057868e-06
1,1,0.9991703953347768
0,0,4.82926008108303e-06
1,1,0.999744403172825
0,0,4.5572715967554385e-06
1,1,0.999554219276497
1,1,0.9996459366201698
1,1,0.9997410199395209
0,0,3.950893509904512e-06
1,1,0.9995592881197383
0,0,4.920195035999179e-06
1,1,0.9997266310205128
1,1,0.9998343737286605
1,1,0.9999262874693009
1,1,0.9999489405539251
0,0,5.160768777819256e-06
0,0,1.1467370677204265e-07
1,1,0.9999407474472638
0,0,0.0011936072008826174
1,1,0.9998174027655765
1,1,0.9997038811896294
0,0,5.148953928265787e-06
0,0,8.244726127633548e-08
1,1,0.9994420168887955
0,0,5.864968197402153e-06
1,1,0.9996098055285801
1,1,0.9997832345760101
1,1,0.9996717389475168
0,0,4.844425789302627e-06
1,1,0.9991588533009286
0,0,0.0007879926116927621
1,1,0.9989950300635716
0,0,0.0007412929727987244
0,0,0.0009256839497616136
1,1,0.9989564678470072
1,1,0.9998664169140745
1,1,0.9995893950132299
1,1,0.9997693749610094
1,1,0.9996013302827041
1,1,0.999805318848165
1,1,0.9998490290522902
0,0,5.476172518517317e-06
1,1,0.9998043756508425
1,1,0.9994032375801372
0,0,4.126638325339225e-06
1,1,0.9998401277355968
1,1,0.9996359738417396
0,0,4.870796648242147e-06
0,0,5.335967801348936e-06
1,1,0.9997836283474977
1,1,0.9999540023527972
1,1,0.9997967448992676
1,1,0.9998677396125533
1,1,0.9995819620319754
1,1,0.9994588146175851
0,0,0.0006404280229342328
1,1,0.9997692844573793
1,1,0.9995246458514827
0,0,3.863355444041503e-06
0,0,0.0013520466312514285
1,1,0.9997637124066326
1,1,0.9987383759963088
0,0,1.176461235036391e-07
1,1,0.9994321190354755
1,1,0.9996273451973476
1,1,0.9995159216244224
0,0,4.480213710421694e-06
0,0,5.6290202268306625e-06
1,1,0.9996915531102497
1,1,0.9986093931265385
0,0,5.1400325122157724e-06
1,1,0.9998468602756555
0,0,4.5840645640499305e-06
1,1,0.9997774538873476
1,1,0.9998553594760916
0,0,3.9966548210604465e-06
1,1,0.9998726175598726
1,1,0.9997187860745367
1,1,0.9999057262644571
1,1,0.999235489325163
0,0,6.041657201834665e-06
0,0,4.898873667743122e-06
0,0,1.198038810514875e-07
0,0,7.983074743240483e-06
1,1,0.9988800108628314
1,1,0.9998480282459484
0,0,6.0392074433822555e-06
1,1,0.9997715389531058
0,0,5.472501997948681e-06
0,0,6.110074731968165e-06
0,0,5.272901066630547e-06
1,1,0.9998877065342567
1,1,0.9992072199660048
0,0,5.302926656934162e-06
1,1,0.9994159481312116
1,1,0.9998946624660561
0,0,7.341331920116514e-06
1,1,0.9996862360435546
1,1,0.9998071920911509
1,1,0.9997209791062899
0,0,0.0015361651393180184
0,0,8.747576550559442e-08
1,1,0.9999006222572315
1,1,0.9998843196485305
1,1,0.9998447974955699
0,0,5.651423004942759e-06
1,1,0.9997713289858415
0,0,4.896191413588421e-06
1,1,0.9992805779932457
1,1,0.9998909194617865
0,0,0.00048277760675285596
0,0,4.502487114944676e-06
1,1,0.9996806414595283
1,1,0.9996976591824651
1,1,0.9998417629600087
1,1,0.9989833641476029
1,1,0.9998218152047196
0,0,5.335664571505235e-06
0,0,0.0007666993524622201
1,1,0.9997439380239291
1,1,0.9998238246116208
1,1,0.999836566083216
0,0,4.567050366440157e-06
1,1,0.9998408757513888
1,1,0.9985108774335568
0,0,5.238481710729167e-06
1,1,0.9992873985267786
0,0,5.1288742228821366e-06
1,1,0.999324559389438
1,1,0.9997940219080257
1,1,0.999720575231484
0,0,3.7881838460678165e-06
0,0,3.6870535234312845e-06
0,0,3.5823205549377326e-06
0,0,6.5355893901827325e-06
0,0,1.197619065295281e-07
0,0,4.174140526751689e-06
1,1,0.9997000688552649
0,0,5.158720462567084e-06
1,1,0.9998430461921957
1,1,0.9999312736121349
1,1,0.9999136158400109
1,1,0.9999121149352765
1,1,0.999257135502864
1,1,0.9997197727286873
1,1,0.9997889662874001
1,1,0.9993397310519241
0,0,6.059850924406549e-06
0,0,4.098513786720117e-06
1,1,0.9996838216656345
0,0,4.459344160495572e-06
0,0,0.0014924431278512075
1,1,0.999788529954501
1,1,0.9996877231941854
0,0,1.2349489879735124e-07
1,1,0.9990864991210597
0,0,6.85817447117718e-06
1,1,0.9996830093358031
0,0,2.9009137350859793e-06
1,1,0.999588927857898
1,1,0.9998502848251356
0,0,4.003300491878876e-06
1,1,0.9997193861412692
1,1,0.9996898063136405
1,1,0.9994496651913533
1,1,0.9996360021010713
1,1,0.9990609693893607
0,0,0.0008479137210151254
0,0,3.549581062359302e-06
1,1,0.9986594993972262
0,0,3.990482892073405e-06
0,0,8.302302235491881e-08
0,0,0.0015429021681597304
0,0,3.846645547905485e-06
1,1,0.9996409617100687
1,1,0.9998681530350828
0,0,4.474298737105852e-06
1,1,0.9998490258139454
0,0,3.635311445678263e-06
1,1,0.9998309828736233
1,1,0.9993494262459097
1,1,0.9998882165224467
0,0,4.411896524923387e-06
0,0,3.825642856803203e-06
0,0,0.0008012425259652837
1,1,0.9999259479021873
1,1,0.9999117105738914
1,1,0.9997237570623233
0,0,5.140907816878332e-06
0,0,4.634140097209132e-06
0,0,4.842502339636214e-06
1,1,0.9996231831198454
1,1,0.9993957797707508
1,1,0.9998081529765115
1,1,0.9996436693358108
1,1,0.9998658400891466
1,1,0.999817793020777
1,1,0.9998368643645531
1,1,0.9998851829754202
0,0,1.1371522301206856e-07
1,1,0.9997114098218987
1,1,0.9994418716564252
1,1,0.999663314492012
1,1,0.9997162886181766
1,1,0.9996380610843374
0,0,6.1775262392790505e-06
1,1,0.99990628346543
1,1,0.9992984833670305
0,0,3.2055283135669833e-06
0,0,7.047519006304666e-06
0,0,0.0009897668338174838
1,1,0.9995215919526783
1,1,0.9998642140462121
1,1,0.9993999801792657
1,1,0.9996937945764494
0,0,3.3640846989430487e-06
1,1,0.9996718648467664
0,0,5.095002947876574e-06
1,1,0.9997760836603138
1,1,0.999842165879717
0,0,9.574582559812773e-06
1,1,0.9997704252745343
0,0,8.01820049829217e-06
0,0,1.027062268271419e-07
1,1,0.9996731234493341
0,0,4.7036003694961175e-06
1,1,0.9996423326248227
1,1,0.9996679333664535
0,0,5.683201590150404e-06
1,1,0.999828466051336
0,0,7.854092294731151e-06
1,1,0.9992419060225073
1,1,0.9991465734933114
0,0,6.268922855165511e-06
0,0,4.526010171314348e-06
1,1,0.9998573439706184
1,1,0.9998394680889259
1,1,0.9996831532745224
1,1,0.9998928031405199
0,0,0.0008111396161371524
0,0,4.2272352544995675e-06
1,1,0.9998875557360015
0,0,4.831009656934561e-06
1,1,0.9997696371899539
0,0,4.904100709503802e-06
0,0,7.09009679551561e-06
0,0,0.001474331921919472
1,1,0.999081277169009
0,0,4.042534387149139e-06
0,0,9.375732087081431e-06
1,1,0.9996413510324516
0,0,0.0011205932056860429
0,0,6.274661977686038e-06
0,0,5.237382982360221e-06
1,1,0.9999120606238542
1,1,0.9999399326679149
1,1,0.9998601032795637
1,1,0.9999164301037632
1,1,0.9989907985061214
0,0,4.3124077255537405e-06
1,1,0.9993007781739139
1,1,0.9997778528479916
1,1,0.999651559952597
1,1,0.9997804589496176
1,1,0.9996767007254372
1,1,0.9997039170170907
1,1,0.9992303866068059
1,1,0.9995572552661897
1,1,0.9998004409991076
0,0,3.347900159695976e-06
1,1,0.9995926809896609
1,1,0.9997969219016787
1,1,0.999752147844724
0,0,5.25363475518965e-06
1,1,0.9989918164177847
0,0,0.0017206342559557698
0,0,0.0015617223337520442
1,1,0.9998959225039544
0,0,0.0010054073427377863
1,1,0.9997311925636504
1,1,0.9993744737475817
0,0,0.0009433262466327565
1,1,0.9998182762928709
0,0,5.073280149612975e-06
1,1,0.999782620220539
0,0,1.0337732998623645e-07
0,0,1.1562081016949751e-07
0,0,0.0006928150177517578
1,1,0.9998344067811816
1,1,0.9992463268225803
1,1,0.9996332924632891
1,1,0.9999057129323142
1,1,0.9999007618245227
1,1,0.9995893506954483
0,0,4.625324923348582e-06
1,1,0.9997669431727737
1,1,0.9995056934944523
1,1,0.9996804247656815
1,1,0.9998643163543683
1,1,0.9998100277257461
1,1,0.9997891140029703
1,1,0.9998416875563463
1,1,0.9990664265411768
0,0,5.774600436844926e-06
1,1,0.9998039422724154
1,1,0.9993717495236125
0,0,0.000734823549355449
1,1,0.9995315029028509
0,0,5.2145518211067326e-06
1,1,0.9996911290643673
0,0,5.058376686604002e-06
1,1,0.9995719978695118
1,1,0.9998197684650829
1,1,0.9999028008515836
1,1,0.9989533126359706
1,1,0.9997172867611607
1,1,0.9999572559189341
0,0,5.841654133932249e-06
1,1,0.9996155747918904
1,1,0.9992284914979296
0,0,6.461905586798323e-06
1,1,0.9997927393147084
1,1,0.999864877231224
0,0,1.1568579178576142e-07
0,0,4.429180346283801e-06
1,1,0.9997464087930138
1,1,0.9998302314024661
0,0,1.276752556827867e-07
0,0,0.0014572474122250786
0,0,4.322247638679264e-06
1,1,0.9998711725711565
1,1,0.9998057595559279
1,1,0.9997391949136475
0,0,0.0019049297091230989
0,0,0.0007150202684967024
1,1,0.9995574627328291
1,1,0.9998570869502642
1,1,0.9997885939095218
0,0,4.9226454450103614e-06
0,0,3.503957052792625e-06
1,1,0.9999097949761481
1,1,0.999787777258115
1,1,0.9999332476038445
1,1,0.9997787979412449
0,0,4.81216793024576e-06
1,1,0.9995462464837168
0,0,4.30637372507715e-06
1,1,0.9993694855606503
0,0,5.592660401510782e-06
0,0,5.038114760482159e-06
1,1,0.9996060837729925
1,1,0.9999213846392175
0,0,3.521380891096678e-06
1,1,0.9997238518259244
1,1,0.9995078709922562
1,1,0.9999216635939703
0,0,1.1603284961800766e-07
1,1,0.999784713373394
1,1,0.9998004511035573
0,0,7.618032624010062e-06
0,0,4.6527893365777595e-06
0,0,5.242237102042479e-06
0,0,4.10262822796614e-06
0,0,8.089658669011e-06
1,1,0.9997542524717468
0,0,6.5250720166929785e-06
0,0,5.7000970260590355e-06
0,0,4.220765354715988e-06
1,1,0.9996704161288937
0,0,0.0013763568638920057
1,1,0.9997435652984593
0,0,4.537086139392901e-06
0,0,4.9936619393806645e-06
0,0,6.106624995293252e-06
0,0,6.328415819037407e-06
0,0,9.313286026415143e-08
1,1,0.9994582729492081
1,1,0.9999021675813772
1,1,0.9994162938600645
1,1,0.9995967473705675
0,0,3.8090264942263772e-06
0,0,4.474572199774079e-06
1,1,0.9995653947210181
1,1,0.9999095327402306
0,0,9.950936033492379e-08
0,0,1.2438309391991233e-07
0,0,3.3921355786454274e-06
1,1,0.9997085275201686
1,1,0.9993497760216522
0,0,0.003101583336790262
1,1,0.9986276344724315
1,1,0.999638868626608
1,1,0.9997940860165627
0,0,5.846510849344394e-06
1,1,0.9991876903696808
1,1,0.9999313380653425
0,0,4.4347528257178636e-06
0,0,6.350099384488217e-06
1,1,0.9998719879180613
1,1,0.999484486125433
1,1,0.9994738541798326
0,0,9.110667337320567e-06
1,1,0.9998809572611425
0,0,4.4739025392492145e-06
1,1,0.9998192060193053
0,0,3.949038375802803e-06
1,1,0.9997790483187488
0,0,0.0013922880431029884
1,1,0.9996846809337959
0,0,4.533832742553412e-06
1,1,0.9996086786989858
1,1,0.9996197006317294
1,1,0.9997021269190202
0,0,4.971127942636805e-06
0,0,0.0013989811969217162
1,1,0.9990400907021125
1,1,0.9998972145051302
1,1,0.9995987990354651
0,0,4.545059053930508e-06
0,0,8.306484862396751e-06
1,1,0.9996390050475412
0,0,0.0009226208447398009
0,0,4.644365495925634e-06
0,0,9.072935636599762e-08
1,1,0.9998101364311884
1,1,0.9996415989571444
0,0,1.123994301836935e-05
1,1,0.9997339197191973
0,0,1.1164617444566431e-07
1,1,0.9999179182352397
0,0,1.2701985626383611e-07
0,0,1.0287620414313521e-07
1,1,0.9997667370647566
1,1,0.9996308629594817
1,1,0.9997779235459726
1,1,0.9995784890376933
0,0,4.5726764426565955e-06
0,0,4.699458810312458e-06
1,1,0.9998710771600033
0,0,4.870794198122147e-06
1,1,0.999862828135628
0,0,9.261395248374963e-08
0,0,1.0930577450407903e-07
1,1,0.999554014208799
1,1,0.9998093179342948
1,1,0.9997793029126063
1,1,0.9996870378571249
1,1,0.9990184185802222
1,1,0.9994708147898966
1,1,0.9998962128608944
1,1,0.9996990947869168
0,0,5.7900450239322055e-06
1,1,0.9987146839388777
1,1,0.9998839654170182
1,1,0.9999010796151794
1,1,0.9998746773090231
1,1,0.9989329208658021
0,0,0.00106956361325763
0,0,6.295047809343255e-06
1,1,0.9998625399790035
1,1,0.9995183360056819
0,0,8.268304386619078e-08
0,0,4.365253088809538e-06
1,1,0.9992794522411333
1,1,0.9998557675181347
1,1,0.9997496608214042
1,1,0.9997610790882094
1,1,0.9996721644609443
1,1,0.999857155070336
1,1,0.9997339244141299
0,0,4.671647186669848e-06
0,0,3.909256099871616e-06
1,1,0.9997372168312719
1,1,0.999729542957115
1,1,0.9994075614185499
0,0,4.646613016417027e-06
0,0,4.309801276675888e-06
0,0,4.725721614705732e-06
1,1,0.9995945136950377
1,1,0.9998447663621903
0,0,5.455005871734924e-06
1,1,0.999890460421001
0,0,4.7268499594195946e-06
0,0,5.954384392355046e-06
0,0,1.1446282121441175e-07
1,1,0.9998263646126633
1,1,0.9992140352877373
1,1,0.9998314648252633
0,0,5.56012326622625e-06
1,1,0.999707585628895
1,1,0.9991938226168162
0,0,4.805801758540716e-06
1,1,0.9999502347615874
1,1,0.9995239009760672
1,1,0.9996371590356761
1,1,0.9997701381526165
1,1,0.9995883072611744
0,0,6.038075629090324e-06
1,1,0.9998617957113294
0,0,5.523391270505506e-06
1,1,0.9998148130309072
1,1,0.9990430818512369
1,1,0.9999237502758875
1,1,0.9996962437994964
0,0,0.0009980492901494901
1,1,0.999835451420866
1,1,0.9997556506518025
1,1,0.9986638823390169
0,0,5.830155844103181e-06
0,0,5.497617326112476e-06
1,1,0.9999024310789509
1,1,0.9997946979444426
1,1,0.9998772530906751
1,1,0.9996856022970282
1,1,0.9999433154873668
0,0,0.0012334294828344624
1,1,0.9993394612957115
0,0,6.328914783112641e-06
0,0,4.322589747318714e-06
0,0,4.90640793595045e-06
0,0,1.1638278351726655e-07
0,0,1.1332730522487674e-07
1,1,0.9997137710459317
1,1,0.9994084986180098
1,1,0.9991686171616335
1,1,0.9997739583815676
1,1,0.9997321568276866
1,1,0.9998190822655751
1,1,0.999461429204331
1,1,0.9994335406037379
1,1,0.9997929454931449
1,1,0.9996604223163115
0,0,1.1225341577404097e-07
0,0,4.709004144958664e-06
1,1,0.9998424474992287
1,1,0.9997325652659342
1,1,0.9996438376779104
0,0,3.851418866332738e-06
0,0,3.5643993905907824e-06
1,1,0.9999186209728838
0,0,5.254601485096937e-06
0,0,0.0004781988327102661
0,0,1.1182642676699092e-07
1,1,0.9999517503573856
0,0,1.1002838834278872e-05
1,1,0.9995495051177296
0,0,4.48864662445302e-06
1,1,0.9997417209524824
1,1,0.9998279087339798
0,0,0.0011835623542140288
1,1,0.9994964639898928
0,0,4.188546440974966e-06
1,1,0.9991198483193584
1,1,0.9997956276189616
1,1,0.9994357537950269
0,0,5.479731619646483e-06
0,0,5.061313169671019e-06
0,0,6.852137385442467e-06
0,0,6.48529532776297e-06
1,1,0.9991345491733112
0,0,0.0007933319815687056
0,0,4.161222935503584e-06
1,1,0.9998048688343224
1,1,0.9991298604107183
1,1,0.9994283628201449
1,1,0.9998051235199842
0,0,3.6945130239540148e-06
0,0,5.789437379043157e-06
1,1,0.9995994040854953
1,1,0.999741044795288
0,0,4.484448844320644e-06
1,1,0.9992737009736954
1,1,0.9992364817752445
0,0,5.479660528869781e-06
0,0,0.0009546445775194856
0,0,0.0005250747999456431
1,1,0.9984638449638147
1,1,0.9996563461551384
1,1,0.9996600556404324
1,1,0.9988551922056296
0,0,1.1183447024727904e-07
1,1,0.999574091995884
1,1,0.9996917892989932
0,0,4.876561189627943e-06
1,1,0.9997408912763273
1,1,0.9997933409868635
0,0,3.3365878708111516e-06
1,1,0.9997152152582552
0,0,0.0010040249058674976
0,0,5.417349697697536e-06
1,1,0.9998935630780543
1,1,0.9983656643552903
0,0,4.293177281162673e-06
1,1,0.9999039912033865
0,0,1.2529037496100272e-07
0,0,4.918094731447366e-06
1,1,0.9997771549724787
0,0,5.982044042731857e-06
0,0,5.5786843714288e-06
1,1,0.9997559841318017
1,1,0.9992806213353671
1,1,0.9998684498176472
1,1,0.9997383533859915
1,1,0.9992272648010658
0,0,9.355426849549385e-08
0,0,1.0665232513215176e-07
0,0,5.47503685065569e-06
1,1,0.9997760728453342
1,1,0.9994186919118818
0,0,5.325120732800028e-06
0,0,4.637522469966416e-06
1,1,0.9998917495066525
1,1,0.9995323503091391
1,1,0.9994444631363731
1,1,0.9994625994194464
1,1,0.9999023382178868
1,1,0.9998561856327726
1,1,0.9998069391198616
1,1,0.9992298292801794
1,1,0.9996151849484501
0,0,4.561838909842006e-06
1,1,0.9998000129081107
1,1,0.999375625171218
1,1,0.9998591767617994
1,1,0.999722584031439
1,1,0.9998989717624011
1,1,0.9997903819063388
1,1,0.9993805360806345
1,1,0.9998588799600869
1,1,0.9997233600690444
0,0,1.1873463017962316e-07
1,1,0.9993147635304246
1,1,0.9999335287952236
0,0,5.298652147916994e-06
1,1,0.9996486462715335
1,1,0.9994973622830634
0,0,8.02448672998756e-06
1,1,0.9993674399025277
1,1,0.9996960701700502
1,1,0.9996768423493795
0,0,0.001234566728153019
1,1,0.9998528875681135
1,1,0.9999155287087833
1,1,0.9996705769586351
1,1,0.9995189459849617
1,1,0.9995313403959666
1,1,0.9998756587655363
1,1,0.9994957755781108
0,0,9.1938675011257e-08
1,1,0.9998062271562803
0,0,4.315716941795364e-06
1,1,0.9997654565681666
0,0,3.98027132297387e-06
1,1,0.9997674645766974
1,1,0.9989364094174538
1,1,0.9993734753763595
0,0,4.668965812529909e-06
0,0,1.0914343321017484e-07
0,0,5.851778250708436e-06
0,0,3.833541148731715e-06
1,1,0.9997944132088026
1,1,0.9985719369399111
1,1,0.9997432405871292
0,0,0.0015484842223619452
1,1,0.9994671438229696
1,1,0.9998020812794828
1,1,0.9994375336337759
0,0,4.438387198748187e-06
1,1,0.9997923957000635
0,0,0.0004983939301483447
0,0,8.742897529878573e-06
1,1,0.9998441203813144
1,1,0.9992942880277582
1,1,0.9997150313190487
0,0,4.78577546351555e-06
1,1,0.9999388455281412
1,1,0.999518884509825
0,0,5.396588154400846e-06
0,0,1.1004303975531639e-07
1,1,0.9995894854643083
1,1,0.9997686480970669
0,0,4.7733821704121106e-06
1,1,0.9998317362081987
1,1,0.9998078595199246
0,0,1.0705554645585786e-07
1,1,0.9996630030371513
1,1,0.9983084809244314
1,1,0.9997460384628205
1,1,0.999876869187269
1,1,0.9989988014810544
1,1,0.9997048071755571
1,1,0.9999457098444586
1,1,0.9997876925936118
1,1,0.9992623988947898
1,1,0.9995654573677325
0,0,4.264530511969778e-06
1,1,0.9997781834200268
1,1,0.9997926669214952
1,1,0.9994901224179882
1,1,0.9998219247922733
1,1,0.9997342618080088
1,1,0.9994207515879918
0,0,5.903545863726974e-06
1,1,0.9998717261270129
1,1,0.9996808543970283
0,0,4.962713216955285e-06
0,0,1.208835658050227e-07
0,0,0.001307771699266502
1,1,0.9997406101525852
1,1,0.99962235983832
1,1,0.9997240358625746
1,1,0.9998447853319149
1,1,0.9998540887606214
1,1,0.9997475470119243
1,1,0.9998490497521645
1,1,0.9998493803794432
1,1,0.9995380695336555
0,0,4.479761647699593e-06
0,0,5.220728142746826e-06
1,1,0.9994925791312635
1,1,0.9996411087334437
1,1,0.9995867292615342
1,1,0.9993283834425488
1,1,0.999415755509311
0,0,0.000758869459728555
1,1,0.9998448820190112
1,1,0.999914175791999
1,1,0.9996714420314303
0,0,4.974652529178088e-06
0,0,0.0006614554747070855
0,0,1.1494015570845861e-07
0,0,1.0797339276415271e-07
0,0,4.776803095588911e-06
0,0,0.00046366304850433695
1,1,0.9992370421595493
1,1,0.9991407811779139
1,1,0.9995101936282988
0,0,5.290595635008359e-06
1,1,0.999773331636671
0,0,6.032102783173776e-06
1,1,0.9993607426561806
1,1,0.99966532767835
1,1,0.9994901386813565
1,1,0.9998531506908119
1,1,0.9998200934263836
1,1,0.9996754408923771
0,0,9.260355034810464e-08
1,1,0.9999009261434525
1,1,0.999928932601779
1,1,0.9996307156837456
0,0,9.521064974117497e-08
0,0,5.697703328446429e-06
1,1,0.9995524775521117
1,1,0.9999582067726093
1,1,0.9994611550738937
0,0,0.0012722143781805496
1,1,0.9990891540587845
0,0,3.801897438002047e-06
1,1,0.9994781631769524
1,1,0.9997845622019397
1,1,0.9981191497274239
1,1,0.9998879936823393
1,1,0.9997756002122048
1,1,0.9998060462603108
0,0,0.001451758637192225
0,0,3.9711255608369875e-06
0,0,0.0009584050689169259
1,1,0.9999251796692645
1,1,0.999430256930123
1,1,0.9997043688386896
1,1,0.9995752261579259
1,1,0.9995377951527445
1,1,0.9990013178638335
1,1,0.9999411406815002
1,1,0.9997912460132223
1,1,0.9993229164915393
0,0,4.622407874233642e-06
0,0,1.072033999228837e-05
1,1,0.9994968833878792
1,1,0.9998853409739707
0,0,4.346335487613414e-06
1,1,0.9994069558943218
0,0,5.507581656920057e-06
0,0,4.9794171686255285e-06
1,1,0.9999237238698971
0,0,5.044605768667681e-06
0,0,3.221997682431893e-06
0,0,1.0044718824105695e-05
1,1,0.9997267196415913
0,0,0.0013388328050461759
0,0,6.362652794840522e-06
0,0,6.231665637106139e-06
1,1,0.9995472969219613
0,0,0.000920606715674105
1,1,0.9998522800613773
1,1,0.9993478021849157
1,1,0.9994980000850026
1,1,0.9998094448983779
1,1,0.9997818656412941
1,1,0.999265539910979
1,1,0.9992993508913556
1,1,0.9994097329311187
0,0,6.339335261978608e-06
1,1,0.9996386109368515
1,1,0.9994183478352189
1,1,0.9998225877899579
0,0,3.938797391393324e-06
0,0,3.9702387029152595e-06
0,0,6.9252088791692e-06
1,1,0.9991244925428358
1,1,0.9998568499462798
1,1,0.9997726816420024
0,0,1.0722887624621175e-05
0,0,4.677731384487408e-06
0,0,7.935270870614558e-06
0,0,1.0926224725198634e-07
1,1,0.9997528460711765
1,1,0.9995107186945329
0,0,4.448451701673565e-06
1,1,0.9998581289040619
1,1,0.9998380691073778
1,1,0.9998798186910657
0,0,4.494926042757787e-06
1,1,0.9997646749092806
1,1,0.9996664307678866
1,1,0.999477170594846
0,0,5.0764246158411124e-06
0,0,9.480605942813343e-06
1,1,0.9998145278910752
1,1,0.9996483869549911
1,1,0.9991643996659365
1,1,0.9999279348258285
0,0,4.43638488534178e-06
1,1,0.999575354021825
1,1,0.9995059509697232
1,1,0.9995666312208232
1,1,0.9996324869290721
0,0,5.461986932911875e-06
0,0,7.726742253743278e-06
0,0,1.0885085372904668e-07
0,0,1.1794572023352748e-07
0,0,4.902382063764434e-06
1,1,0.9995156635341522
0,0,0.0005279857139044685
1,1,0.9997365982633907
1,1,0.9995203881334079
1,1,0.9998334712507057
0,0,1.0539896859113858e-07
1,1,0.9997384963219297
0,0,8.540841421232827e-06
0,0,5.036703922755242e-06
0,0,3.872341474123242e-06
0,0,5.424436993548155e-06
1,1,0.999762209357848
1,1,0.9997105927975249
0,0,4.735666051446727e-06
1,1,0.999797418309621
0,0,0.0017886231886712135
0,0,1.1433962186897156e-05
0,0,0.0013054881152228372
1,1,0.999632686179029
1,1,0.9997284760600406
1,1,0.9990762500502339
1,1,0.999679503265714
1,1,0.9994524881377768
1,1,0.99955611366759
0,0,4.158927972565631e-06
1,1,0.9994243706429937
1,1,0.9989519821912051
0,0,1.177881977330851e-07
0,0,1.1754379366771429e-07
0,0,5.483136675258166e-06
1,1,0.9991831264389184
1,1,0.9994038952681481
1,1,0.99969158947039
1,1,0.9996629185158471
1,1,0.999541533329219
1,1,0.9990650702932563
0,0,0.0010402067002058758
0,0,1.1035649697979101e-07
1,1,0.9996268102760107
1,1,0.9997267848557759
1,1,0.9996604236258447
1,1,0.9998435420104295
1,1,0.9998272970888138
0,0,3.955675546058663e-06
0,0,1.029648560185107e-07
0,0,5.772149909809384e-06
1,1,0.999751289664948
0,0,4.22797909601425e-06
1,1,0.9994311663044013
1,1,0.9998105117339167
0,0,0.0006890900537799852
1,1,0.9994939162393869
0,0,3.900061167562065e-06
1,1,0.999822417944338
1,1,0.9997930843703509
0,0,1.2205579951049323e-07
1,1,0.9998683030852836
1,1,0.999799487027554
0,0,1.0460371152170309e-07
0,0,5.090848882315269e-06
1,1,0.9996297905991518
0,0,3.7392252300384265e-06
1,1,0.9994525045062764
1,1,0.9995184565168719
1,1,0.9992818224231701
1,1,0.9993558914440581
0,0,6.369082554029373e-06
1,1,0.9994356277938234
1,1,0.9999479319438078
1,1,0.9997274771434896
1,1,0.9996646134275698
1,1,0.9996147702244816
0,0,8.643985129232563e-06
1,1,0.9999203819928038
1,1,0.9994893329252712
1,1,0.9996801667691533
0,0,5.5094616892240815e-06
1,1,0.9996280671961446
1,1,0.9995714818366427
0,0,4.914213266030191e-06
1,1,0.9998132791239488
0,0,3.5424420824177924e-06
1,1,0.9996584191159522
1,1,0.999874851963419
0,0,4.360399067847105e-06
1,1,0.9994709560181043
1,1,0.9990974505009979
0,0,9.655261556118862e-06
1,1,0.9993974407458587
0,0,1.1093825574163281e-07
1,1,0.999418748273191
1,1,0.999188771675635
0,0,3.7643196724280014e-06
1,1,0.9994776796393735
0,0,4.6833011293393424e-06
1,1,0.9999506453370088
1,1,0.99982407640474
1,1,0.9986514708032597
1,1,0.9998854561698972
0,0,3.7140682807531252e-06
1,1,0.9994099175538917
1,1,0.9996043558799176
0,0,1.2057038245211472e-05
1,1,0.9994577615812633
1,1,0.9991346791560164
0,0,1.3694210721770684e-07
1,1,0.9995283030117493
1,1,0.9997737784128962
1,1,0.9998780712832332
0,0,4.571320145410275e-06
1,1,0.9994389919040574
0,0,0.0006646495380622041
0,0,4.575141977162883e-06
0,0,4.624324028713842e-06
0,0,3.7609179557674536e-06
1,1,0.9996378477645843
1,1,0.9998118050878777
0,0,0.0006597057830324126
0,0,4.420689778711372e-06
1,1,0.999860034410998
0,0,5.964037091228026e-06
1,1,0.9996849357593987
1,1,0.9995440350941944
1,1,0.9990491482652933
1,1,0.9998626685207205
0,0,9.251582633438394e-06
0,0,3.81811809934433e-06
0,0,5.558447154548244e-06
1,1,0.9992451383174162
0,0,6.364734939753198e-06
0,0,5.6010100669482755e-06
1,1,0.9998787329042119
1,1,0.9998407663548222
1,1,0.9995186918173797
1,1,0.999741412342181
1,1,0.9997824601307368
1,1,0.9998929574455574
1,1,0.9996812840350906
0,0,1.2610096674107175e-07
0,0,5.7646081401056895e-06
0,0,4.37750432867913e-06
0,0,6.245407994138781e-06
1,1,0.9998075083754888
0,0,9.973610947254835e-08
0,0,5.346380646976865e-06
0,0,4.883119472919944e-06
1,1,0.9996854098634137
0,0,5.282493317392065e-06
1,1,0.9997070524719799
0,0,1.1783361723379291e-07
0,0,1.2017843269243798e-07
0,0,4.8793782525720874e-06
1,1,0.9996159736657282
0,0,3.7610980928362288e-06
1,1,0.9996843122634719
1,1,0.9998184955627856
1,1,0.999474373548623
1,1,0.9997992193014
0,0,5.938633730187572e-06
1,1,0.9998334107578984
1,1,0.9996482191161898
0,0,9.681199162110197e-06
0,0,1.1583605069799451e-07
1,1,0.9998054502602644
1,1,0.9996704400993855
1,1,0.9999291583916737
0,0,4.16246591695725e-06
0,0,0.0009488605132406421
1,1,0.9997814265648721
1,1,0.9996779165360097
0,0,0.0011568506183426606
1,1,0.9997831966057016
0,0,0.0006469385611628898
1,1,0.9998552802442104
0,0,5.232622207872814e-06
1,1,0.9995279824699335
1,1,0.9998267863533673
0,0,1.1040456053674117e-07
1,1,0.9997574155006609
1,1,0.9991223426339269
0,0,3.871772533605146e-06
1,1,0.9996989844240745
0,0,4.873307026677769e-06
1,1,0.9998336965852835
0,0,1.1891416400061433e-07
1,1,0.9991943586589657
1,1,0.9998591783951686
0,0,1.0998068670258864e-07
0,0,4.673740801019328e-06
0,0,5.627079302940191e-06
1,1,0.9999058374626001
0,0,1.0326467445825524e-07
0,0,8.332810276765674e-06
1,1,0.9998592325141948
0,0,6.7045636771463635e-06
1,1,0.9998317744726052
1,1,0.9998705284650793
1,1,0.9994439275058113
0,0,4.16405201899522e-06
0,0,1.2154071069983071e-07
1,1,0.9995404197724005
1,1,0.9998189466729714
1,1,0.9997462346732712
0,0,0.0014370460527918629
1,1,0.9998802170342481
1,1,0.998951288242327
1,1,0.9996738221231795
1,1,0.9999110234589612
0,0,4.748617164407732e-06
1,1,0.9997769183826013
0,0,6.876275916944117e-06
1,1,0.9997590086231417
0,0,1.1394710910389564e-07
1,1,0.9997991539495212
0,0,4.885702971313636e-06
1,1,0.9997292378819321
1,1,0.9998800114693035
0,0,4.572667949291537e-06
0,0,7.440366051676089e-06
0,0,1.2292292061302823e-07
0,0,3.6638946104630885e-06
0,0,0.0003626904216804486
1,1,0.9994917137552782
0,0,5.3963542241087045e-06
1,1,0.9998743919326852
0,0,4.432509560182584e-06
0,0,4.553274503551972e-06
1,1,0.9996389343597387
1,1,0.9998330735776249
1,1,0.9997484020235043
1,1,0.9998620955300974
1,1,0.9995959950686816
1,1,0.9998282227062454
1,1,0.9996748605154705
0,0,4.4404276857935126e-06
1,1,0.9997210943918506
0,0,4.769559038679828e-06
0,0,5.392098584833998e-06
1,1,0.9996565108129457
1,1,0.9998153612989076
1,1,0.9997930338907217
1,1,0.9989440601936015
1,1,0.9997602858375341
1,1,0.9996364422973976
0,0,0.0006736227103902952
0,0,3.817206205886703e-06
1,1,0.9997499666478887
1,1,0.9990798374340412
1,1,0.999323795632409
0,0,4.621228232245311e-06
1,1,0.9997688535525878
1,1,0.9994267387090086
1,1,0.9997490487081917
0,0,3.1895240624686108e-06
1,1,0.9994702953939726
1,1,0.9996257865787184
1,1,0.9997840547304854
1,1,0.9991422232913226
0,0,5.372706651907488e-06
1,1,0.999743622837863
0,0,1.150738598027935e-07
1,1,0.9997972570653729
1,1,0.9997818939645744
0,0,8.574432005312431e-06
0,0,7.425286591807431e-06
1,1,0.999532161586823
0,0,5.908935041498191e-06
1,1,0.9992352501108083
1,1,0.999774407477988
1,1,0.9996870799138772
1,1,0.9994508138604475
1,1,0.9997874160885107
0,0,1.2111689565922322e-07
1,1,0.999854848358442
1,1,0.9993496339730347
1,1,0.9997231253912182
0,0,3.270731558290097e-06
0,0,3.85598169810761e-06
1,1,0.9997282752366515
0,0,1.0308630163714415e-05
0,0,4.4703790218397125e-06
0,0,4.6652266493197205e-06
1,1,0.9997527527086192
0,0,3.3178638668980333e-06
0,0,4.146784839809149e-06
1,1,0.9995937719875073
0,0,4.842591141214207e-06
0,0,3.650841789724697e-06
0,0,3.819847397519752e-06
1,1,0.9999282707998293
0,0,4.419611050115125e-06
1,1,0.9998553988295428
0,0,1.2237943530736155e-07
1,1,0.9992437126274099
1,1,0.9994471083004195
1,1,0.9999300832595812
1,1,0.9998990753635819
0,0,2.615954315963936e-06
1,1,0.9997361797041855
1,1,0.9998271216744073
0,0,7.819206586374613e-06
1,1,0.9997405529202239
0,0,5.6965605521655635e-06
1,1,0.9998737815222564
0,0,4.091832258753232e-06
0,0,0.001532861817444338
1,1,0.9997531017593937
1,1,0.9998102128070817
1,1,0.998948633447743
0,0,5.033414563005113e-06
1,1,0.9991281263484818
1,1,0.999410187415849
1,1,0.999841465175058
0,0,3.993433195667676e-06
1,1,0.999740218962285
1,1,0.9990434693747089
0,0,3.779209955433083e-06
1,1,0.999743745582906
1,1,0.9997316181108483
1,1,0.9996218105786584
1,1,0.9997528604790176
0,0,1.1996797553470789e-07
0,0,1.1015243957980371e-07
1,1,0.9998280116929884
1,1,0.9993077638253842
0,0,6.741531473989521e-06
0,0,0.0013082149041890815
1,1,0.999759883567739
1,1,0.9997536736506141
0,0,1.0984023953463329e-07
0,0,4.099780826729201e-06
1,1,0.9997467605230509
0,0,0.001765326422741156
1,1,0.9997118035556387
1,1,0.999704259497993
0,0,5.576456279892399e-06
0,0,3.290390484339971e-06
0,0,0.0012882127349428225
1,1,0.9999105816250967
1,1,0.9992235244506295
1,1,0.9996842081599344
1,1,0.9992582012662029
0,0,4.9228166671512175e-06
1,1,0.9997617417480454
0,0,4.8898465712868255e-06
1,1,0.9995850362317009
0,0,5.9290825624988835e-06
1,1,0.9990099908396792
0,0,1.0972514622614052e-07
1,1,0.9991222347485816
0,0,1.2118995624974463e-07
0,0,1.1483579780356692e-07
1,1,0.9992714626255685
1,1,0.9996542345471786
0,0,3.855326078042549e-06
1,1,0.9998606166480202
0,0,3.8699385302795046e-06
1,1,0.9997338417132925
0,0,0.0010024355026027735
1,1,0.9998632180410406
0,0,1.2227499450510545e-07
1,1,0.9998713898775947
1,1,0.9996985651870687
1,1,0.9992131064858683
0,0,7.389573180325874e-06
0,0,1.2096861262349097e-07
1,1,0.9996043468486725
1,1,0.9998657872693536
0,0,1.0162557912455586e-05
0,0,3.1981926479345508e-06
1,1,0.9993296339719072
1,1,0.9998296905901187
1,1,0.9992653061871658
1,1,0.9999006585256703
0,0,4.269971527324173e-06
1,1,0.9995798707101639
0,0,5.290650168787243e-06
0,0,0.0009862193839464217
0,0,5.578380542888174e-06
0,0,5.093939272909438e-06
1,1,0.9994172394368057
0,0,5.646551748806636e-06
1,1,0.9993668409808599
1,1,0.9996647334984154
1,1,0.9998529975681212
0,0,4.649991876667965e-06
1,1,0.9996451923045822
1,1,0.9997719815512276
1,1,0.9996977071856208
0,0,5.353359834251545e-06
0,0,4.2376598742538744e-06
1,1,0.9996284354172472
0,0,6.5405587854099584e-06
1,1,0.9997630502990084
1,1,0.9998750953916247
1,1,0.9995892115895961
1,1,0.9998288362127451
0,0,0.0009969478172571623
1,1,0.9996458630986143
1,1,0.9996728408438239
1,1,0.9998278624096159
0,0,4.61341098745286e-06
1,1,0.9998753292875754
0,0,4.592447771004939e-06
0,0,6.12946331641235e-06
1,1,0.9995748812242093
1,1,0.9994270884458765
0,0,3.736052062326023e-06
1,1,0.9998160875785345
1,1,0.9998016347642571
0,0,4.963018725674088e-06
0,0,7.548217018338693e-06
1,1,0.9995630371901647
1,1,0.9992390145363168
1,1,0.9998802193197012
0,0,1.2199694884379291e-07
0,0,0.0008700820874062562
0,0,5.775956055304368e-06
1,1,0.9998707412253651
1,1,0.9996397283903184
0,0,1.1967174145391805e-07
1,1,0.9998443568255797
1,1,0.9998671555009724
1,1,0.9997984789602333
1,1,0.999716818570763
1,1,0.9996839125566478
1,1,0.999207974230484
1,1,0.9998958426066819
1,1,0.999625719941917
1,1,0.9995035183724988
0,0,1.0818173721183686e-07
1,1,0.9994704437279338
1,1,0.9997882733408545
1,1,0.9996153470267941
0,0,8.999662025248635e-06
1,1,0.9999415291617493
1,1,0.9984113393714336
0,0,8.207980084167096e-06
1,1,0.9998807419148859
1,1,0.999593184384213
1,1,0.9998314641307501
1,1,0.9999519509377623
1,1,0.9997310040549411
1,1,0.999776227152218
1,1,0.9989543417866718
1,1,0.9997526386793483
1,1,0.9997799171839044
0,0,3.521841501623457e-06
1,1,0.9996814057698491
1,1,0.9998888836745049
0,0,4.08217933180964e-06
1,1,0.9995211357515634
1,1,0.9996852527809865
1,1,0.9990554960372457
1,1,0.9992766532914922
0,0,0.0004250307464456652
1,1,0.9998818265033503
1,1,0.9998100273097045
0,0,3.8549712337634084e-06
0,0,1.1926211277261907e-07
0,0,1.1860453014582858e-07
1,1,0.9993931380063752
0,0,1.0042534743866207e-07
1,1,0.999250254591738
1,1,0.9995447246800613
1,1,0.9996216443923035
1,1,0.999722242162355
1,1,0.9993276279361235
1,1,0.9996492953671687
1,1,0.999079977557421
1,1,0.9998580273367338
0,0,3.824816332042645e-06
0,0,6.004456453235665e-06
1,1,0.9996521360737436
1,1,0.9993009478271977
1,1,0.9997344979037098
1,1,0.9997696204723076
0,0,5.957931344820715e-06
0,0,4.641008184190903e-06
1,1,0.9992627297055745
1,1,0.9997919852298204
1,1,0.9998762562409164
0,0,4.580223094310201e-06
1,1,0.9999192313850405
1,1,0.9997706294072751
1,1,0.9994898870095206
0,0,0.0018282592022726655
1,1,0.9994479421287418
0,0,8.52388611744759e-06
1,1,0.9997208326579571
0,0,4.295238180538083e-06
1,1,0.9998265993101958
1,1,0.9998804869948178
1,1,0.999589145433028
0,0,1.2971917207546956e-07
0,0,0.0005673088037421955
1,1,0.9997483813165758
1,1,0.9998376450127899
1,1,0.9990370018749717
1,1,0.9997531197551542
1,1,0.9998897002450844
1,1,0.9998952256477367
0,0,4.810110667598158e-06
0,0,6.379728275805585e-06
1,1,0.9999297222026947
1,1,0.9985619465934451
0,0,5.8076832018998775e-06
0,0,1.1483380281684147e-07
0,0,5.946150237420294e-06
0,0,3.4938150243206403e-06
0,0,3.6179359242373797e-06
1,1,0.9992885563191276
1,1,0.9998715648210752
1,1,0.9997642335079603
0,0,1.1074592863614653e-07
1,1,0.9995842374919144
1,1,0.9988364690904943
0,0,6.258697629388194e-06
0,0,1.2475555724787222e-07
1,1,0.9997336563716509
1,1,0.9996150930053778
1,1,0.9999385646056602
1,1,0.9997143119563444
1,1,0.9997452336543725
1,1,0.9998340801105728
0,0,0.000720250621820385
1,1,0.9997299528114499
1,1,0.999814242991192
0,0,1.1452042120281795e-07
1,1,0.9995965158575586
1,1,0.999660060596037
1,1,0.9999586191423583
1,1,0.9999389204946519
1,1,0.9996810836758547
0,0,0.00048774161948398053
0,0,4.449410980068567e-06
0,0,4.186763557696941e-06
0,0,1.1501353706910424e-07
1,1,0.9998202744327431
1,1,0.9997513479437572
0,0,5.442549465615525e-06
1,1,0.9996781191680817
1,1,0.9999044958299175
1,1,0.9993331338934908
1,1,0.9997097222288776
1,1,0.9994016920997422
1,1,0.9997777185624624
0,0,4.340263685246327e-06
1,1,0.9997721877424667
0,0,1.024029801769654e-07
0,0,1.0911073023017434e-07
1,1,0.9989067387069855
1,1,0.9997068802288664
1,1,0.9996428099770391
1,1,0.9998109612801996
0,0,4.9237175763894795e-06
0,0,4.659856871272139e-06
1,1,0.9998237174366768
0,0,7.040220059685078e-06
1,1,0.9997459250948704
1,1,0.9998673359121384
0,0,0.0010513527304382658
1,1,0.9996794722884548
1,1,0.9994575582233881
1,1,0.9997860299464947
0,0,1.1871284895564924e-07
1,1,0.9997009681835523
1,1,0.9993816757647448
1,1,0.9995080310408709
0,0,5.497761561380343e-06
0,0,1.0257290580074502e-07
1,1,0.9997914965480591
1,1,0.999920218565651
1,1,0.9997559990953255
1,1,0.9997039213977009
0,0,4.835092667335121e-06
0,0,4.248011490150962e-06
1,1,0.999800734811949
0,0,1.0236829784723353e-07
1,1,0.999009131406206
0,0,3.931998497689265e-06
0,0,1.1307377943752326e-07
1,1,0.9997879292146546
1,1,0.9991075688350259
1,1,0.9995093402983832
0,0,0.0013627517033131436
1,1,0.9990874416429989
0,0,3.414003333157894e-06
1,1,0.9999211888119155
1,1,0.9996197635854293
1,1,0.9996548693553691
1,1,0.9995346065703941
1,1,0.9995321308349437
0,0,5.410239845697013e-06
1,1,0.9987599842429737
1,1,0.9997313340517636
1,1,0.9999034078635364
1,1,0.9994863727768362
1,1,0.9998495289994466
1,1,0.9997726808257035
0,0,2.5028998097326617e-06
0,0,4.187401376351809e-06
1,1,0.9998103747244811
1,1,0.9998328406090938
0,0,6.893250848112672e-06
1,1,0.9997960634650201
1,1,0.99978528867149
0,0,3.909044983084701e-06
1,1,0.9991253777624066
0,0,1.0224423411133305e-07
1,1,0.9998786554034697
1,1,0.9999487470770528
1,1,0.9995909526408828
0,0,4.627965804892164e-06
1,1,0.9995262489798964
1,1,0.9997154406600333
0,0,1.15971456222338e-07
1,1,0.9997849122904516
0,0,6.064318740113197e-06
1,1,0.9992513505313839
0,0,0.0011125983287688453
0,0,0.0009102160790230697
1,1,0.9997356250837905
0,0,0.0006916982739609291
1,1,0.999062211934418
1,1,0.9988600680447736
1,1,0.9997574689623157
0,0,0.0005941397573416881
0,0,1.1893034960292243e-07
1,1,0.9996540210630221
1,1,0.9996041513820938
1,1,0.9993557174210901
1,1,0.9992105478270468
1,1,0.9993653358644848
1,1,0.9997441832928735
0,0,3.8128139357697823e-06
1,1,0.99992572232777
1,1,0.9993636844338376
1,1,0.9997007561837753
1,1,0.9996965990985774
1,1,0.9993086998009647
1,1,0.9997582201876247
1,1,0.9996978204025916
0,0,1.1379268253617562e-07
0,0,3.862386477311804e-06
1,1,0.9999340850612711
0,0,3.906383919400783e-06
0,0,4.785415175993156e-06
1,1,0.9998993025324396
1,1,0.9990062219084161
1,1,0.9991131084521808
1,1,0.9997764033782455
0,0,1.1490970927080157e-07
1,1,0.9998487975455568
0,0,5.463360509502703e-06
0,0,1.0837202755217677e-07
0,0,0.0015242810713070008
0,0,5.9491514008877655e-06
1,1,0.9993729827708089
1,1,0.9997185191834147
0,0,5.804134139832769e-06
1,1,0.9993188581577012
0,0,3.5141905273372104e-06
1,1,0.9994109176314661
0,0,3.4594475324986164e-06
1,1,0.9997357893532672
1,1,0.9997308018638335
1,1,0.9999052915182762
0,0,0.0019916760162379064
1,1,0.9997316916552342
0,0,0.0008275286668534571
1,1,0.9998262759225561
1,1,0.9990514775628536
1,1,0.9998954595347758
1,1,0.9998517928425548
1,1,0.9995158036045739
1,1,0.9996486931542351
0,0,4.786414969817034e-06
1,1,0.9993651682299145
0,0,8.68499456333178e-06
0,0,4.6191115072251006e-06
1,1,0.999710081248105
0,0,8.254084947102743e-06
1,1,0.9998634535959952
1,1,0.9996636139350635
1,1,0.9997502650411849
0,0,3.064005804126355e-06
0,0,7.796161318854957e-06
1,1,0.9998938514243086
1,1,0.9997470261208309
1,1,0.9994903584147805
1,1,0.9998780137474916
0,0,1.1433133454179987e-07
1,1,0.9998757175659192
1,1,0.9994877406207817
0,0,5.217708308462317e-06
1,1,0.999555554502524
0,0,3.810082901094344e-06
0,0,7.466898065319275e-06
0,0,6.990027103489605e-06
1,1,0.9997967500641063
1,1,0.9989609643082962
1,1,0.9993031687867848
1,1,0.9995446818618617
1,1,0.9991551941428023
1,1,0.9998690179329083
1,1,0.9995569192835799
0,0,6.286849355873354e-06
1,1,0.9995738921443532
0,0,3.872071721440837e-06
0,0,5.625714772537974e-06
0,0,5.201742836245117e-06
1,1,0.9997932641235519
1,1,0.999718501459453
1,1,0.9995923056564743
1,1,0.999555143966099
0,0,4.428154806356609e-06
1,1,0.9999059350726559
1,1,0.9997286693000176
1,1,0.9997212520281421
1,1,0.9997305592869862
1,1,0.9996079024392882
1,1,0.9982814521587233
0,0,5.048898496117231e-06
1,1,0.9996710021454962
1,1,0.999935714523566
0,0,5.594895545168412e-06
0,0,3.153474251519014e-06
0,0,0.0009969658492407919
1,1,0.9996569867566031
1,1,0.9995996821032329
1,1,0.9999342904673416
1,1,0.9996683763810472
1,1,0.9995717251720299
0,0,0.0010789084813878826
1,1,0.9994284186521655
0,0,1.0972372894017755e-07
1,1,0.9997269917264747
1,1,0.9996475109034522
0,0,0.0010459324259838474
0,0,8.923791968528063e-06
1,1,0.9998736820925652
0,0,0.0005025395707707532
1,1,0.9997228350831903
0,0,4.48804664862927e-06
1,1,0.999926084283236
0,0,1.1856810455350054e-07
0,0,6.005745782831026e-06
1,1,0.9995059563342243
0,0,0.00110622396341248
1,1,0.9994725848830801
1,1,0.9999244144608019
1,1,0.9995821210229832
1,1,0.9995375799035027
1,1,0.9996912394731946
0,0,6.265778201798963e-06
1,1,0.9995819405028473
1,1,0.9998340196347112
0,0,4.242359978235324e-06
1,1,0.9996037406005991
1,1,0.9997358555484712
1,1,0.9999273479671428
1,1,0.9996834845204636
1,1,0.9996676040595794
0,0,5.972158314934804e-06
1,1,0.9998647336188636
1,1,0.9994707690317294
0,0,4.957668570007294e-06
0,0,4.508400512383897e-06
1,1,0.9994209835191316
1,1,0.9995903541047474
1,1,0.9994567941172074
0,0,3.897875450856366e-06
1,1,0.999340853034721
0,0,1.1094105404011319e-07
1,1,0.9995494997524184
1,1,0.9996613883619692
1,1,0.9997163295507071
1,1,0.9996764375779232
1,1,0.9995840290358309
1,1,0.9995932055118917
1,1,0.9993226196763987
1,1,0.9998036723788188
0,0,0.0018192922070394031
1,1,0.9993684719464088
1,1,0.9998260315603236
1,1,0.9985231627763808
1,1,0.999692428872061
0,0,6.67230358861055e-06
0,0,4.172312510731853e-06
0,0,0.000916668773441811
0,0,1.227621925388769e-07
1,1,0.999590077396713
1,1,0.9996697689825105
1,1,0.9995224006660481
0,0,9.162626013040345e-08
1,1,0.9997429019260601
0,0,3.6971550781384054e-06
1,1,0.9996003704736639
0,0,3.8317988025955345e-06
0,0,5.023690677542706e-06
0,0,0.0014331265217503093
1,1,0.999780039057914
0,0,4.106858537104437e-06
1,1,0.999553687471098
0,0,5.438146536386474e-06
0,0,1.226902323126811e-07
0,0,0.000661929750578609
0,0,4.878594781526631e-06
0,0,7.647410548891774e-06
1,1,0.9997689962990195
0,0,0.0017347636384392635
1,1,0.9998242570306846
1,1,0.9998395162242234
1,1,0.9998596670120522
0,0,1.1368728421624804e-07
0,0,8.266301390123396e-08
1,1,0.999799412325671
0,0,0.0014780095481146476
0,0,1.1556026605083318e-07
1,1,0.999681705019596
0,0,6.08732923308764e-06
1,1,0.9994878012015829
1,1,0.999722090284151
0,0,6.1970562692932166e-06
0,0,4.9690586669162976e-06
1,1,0.999643610293672
1,1,0.9999061771319189
1,1,0.9990369419060111
1,1,0.9997803379682175
0,0,5.2019620563650855e-06
0,0,5.318683305478828e-06
1,1,0.9992165505681689
0,0,1.145424256764585e-07
0,0,7.318906476160756e-06
1,1,0.999833256432208
0,0,0.0021487523714276303
0,0,1.1372942083870651e-07
1,1,0.999166417056239
1,1,0.999696746763182
1,1,0.9997690615938915
1,1,0.9998064413734696
0,0,4.380493789181151e-06
1,1,0.9996273254754102
0,0,1.2513470715539906e-07
1,1,0.9992984492886935
0,0,5.28210274139898e-06
1,1,0.9997371699640321
0,0,5.068228048816836e-06
0,0,3.956512877654567e-06
1,1,0.9995053415311524
0,0,4.909774090893865e-06
0,0,3.579736182385889e-06
1,1,0.9998468871497507
0,0,1.2103177421495216e-07
1,1,0.999540800512595
0,0,4.017057896350128e-06
1,1,0.9994560498818131
1,1,0.9998065392399825
0,0,3.5744289271807077e-06
1,1,0.9995084241058001
1,1,0.9998836419117301
0,0,4.745988936274196e-06
0,0,1.214006957074277e-07
0,0,2.8939218978028492e-06
1,1,0.9992926237057913
1,1,0.9997755927599606
1,1,0.9999199468986587
1,1,0.9991541864761209
0,0,5.012296239362881e-06
0,0,4.0579889281909505e-06
0,0,0.0007522990828450618
1,1,0.9990515051219355
1,1,0.9991143434451674
0,0,4.244295014365915e-06
1,1,0.9994634454329604
1,1,0.9998146107166228
0,0,6.067788054370062e-06
1,1,0.999837615272787
0,0,0.0018141576691127442
1,1,0.9998146887846922
0,0,0.0008854199267624474
1,1,0.9996332948189914
1,1,0.9996256859608481
1,1,0.9998733998351065
1,1,0.9998075895426302
0,0,1.0250607582625228e-07
1,1,0.9997792517636991
0,0,9.404250916908431e-06
1,1,0.9999362754018415
1,1,0.9989074458696984
0,0,0.0022835988443386046
0,0,3.938770676115152e-06
0,0,5.284262906315211e-06
0,0,3.824620874893317e-06
1,1,0.9998475535552921
1,1,0.9996881045256447
0,0,8.23473173960967e-08
0,0,4.812683041387567e-06
1,1,0.9999249327625932
0,0,5.307053136259173e-06
0,0,0.000672137798421103
1,1,0.999905064113077
0,0,5.670403479230099e-06
1,1,0.9999223457422056
0,0,3.5302092599435853e-06
0,0,5.460500992096542e-06
1,1,0.9991104951956523
0,0,5.806030831483804e-06
0,0,3.7333594921005404e-06
0,0,1.4395821442052738e-07
0,0,1.1464735331670536e-07
1,1,0.9999228306553678
0,0,5.361813014735065e-06
1,1,0.9998373260920337
1,1,0.9994730817759574
1,1,0.9998651872457652
1,1,0.9998817865804646
1,1,0.9997081865489066
1,1,0.9996606637517665
0,0,6.0355244129210654e-06
1,1,0.9999043483374901
0,0,4.984088762365998e-06
1,1,0.9996558614291535
1,1,0.9998182548443091
1,1,0.9996286168376859
1,1,0.9996465780446463
0,0,8.38241649640125e-06
0,0,1.0978695871460047e-07
0,0,6.337215914995261e-06
1,1,0.999754985039847
1,1,0.9994066614818936
1,1,0.9998086999096514
0,0,5.999627504515919e-06
0,0,4.310683277595712e-06
0,0,3.358165022513827e-06
1,1,0.9998701190773276
0,0,6.382283170667857e-06
0,0,1.1227885942487412e-07
1,1,0.9996428874281812
1,1,0.9998809460951361
0,0,5.838581815780681e-06
0,0,5.5326970017462276e-06
1,1,0.9998749513452289
1,1,0.9993142554883004
0,0,9.323647941861921e-08
0,0,4.5611100872961e-06
1,1,0.999877788678392
1,1,0.9993967050989985
1,1,0.9988838656451366
0,0,3.965106322597976e-06
1,1,0.9996729615422664
1,1,0.9998570213184387
1,1,0.9997162035353433
0,0,7.933616147617609e-06
1,1,0.9997245694677653
1,1,0.9990723296829715
1,1,0.9995257607445888
1,1,0.9997243394019805
0,0,0.0009108376339181224
0,0,4.026513036118636e-06
0,0,5.408249893084519e-06
1,1,0.9998498216949866
1,1,0.9993979509682799
1,1,0.9995982178301578
0,0,5.863613211138283e-06
0,0,1.0318427483908503e-07
1,1,0.9998991092323265
1,1,0.9997212457572491
1,1,0.9998501576782587
0,0,4.775642048581979e-06
1,1,0.9999582955729416
1,1,0.9998085098875629
0,0,0.0014201795195549563
0,0,0.0010962243552828843
1,1,0.9998526310949145
0,0,6.24842286636892e-06
0,0,3.5452182008668594e-06
1,1,0.9996633430113352
0,0,1.099954758358705e-07
1,1,0.9998139247002528
0,0,1.2047234194003948e-07
1,1,0.9995093829242262
1,1,0.9992786687062468
0,0,5.0501636848229555e-06
0,0,4.814835250652299e-06
1,1,0.9997680965040074
0,0,7.576625095813705e-06
1,1,0.9999496222428247
1,1,0.9996093817530305
1,1,0.9999076180870585
1,1,0.9995244497363099
1,1,0.9999410613586979
0,0,5.0732528700635035e-06
1,1,0.9997479397954258
0,0,4.84423038245009e-06
1,1,0.9994863140072704
1,1,0.9995583344587057
0,0,4.979908665132166e-06
1,1,0.999120446739276
0,0,5.231033168851202e-06
1,1,0.9997513212087068
1,1,0.999623502964016
1,1,0.9994201568628255
1,1,0.9994939983965127
1,1,0.99887749465357
0,0,4.830345732693624e-06
1,1,0.9999378550165621
0,0,4.5915281751878645e-06
1,1,0.9998257854779189
1,1,0.9997807401236619
1,1,0.9996016223504948
0,0,7.75039870978583e-06
0,0,1.0814336209541295e-07
1,1,0.999501657742525
1,1,0.9997419131209171
1,1,0.9999236622276069
1,1,0.99981919660529
1,1,0.9996149470154689
1,1,0.9998971791605794
1,1,0.9996255538971865
0,0,3.8131173787687287e-06
1,1,0.9995585173195974
0,0,5.286278621067877e-06
1,1,0.9990857423467343
1,1,0.9991996019394235
1,1,0.9995018205505874
0,0,4.717910629310942e-06
1,1,0.9997356891935628
1,1,0.9997773740914762
0,0,0.00038486708385785946
0,0,1.2036451650170034e-07
0,0,0.0007174494484550218
0,0,6.144334976000088e-06
0,0,3.672128578690973e-06
1,1,0.9996012242582633
1,1,0.9997298512027255
1,1,0.9997940803002205
1,1,0.9985572443912798
1,1,0.9999153215501901
0,0,9.972282413590462e-08
1,1,0.9998141364175185
0,0,4.479198795899282e-06
1,1,0.9997292659010856
0,0,0.0013601447190266925
1,1,0.999611409136601
1,1,0.9996872075393143
1,1,0.9998881948884277
1,1,0.9994356569285939
1,1,0.9998688394873796
1,1,0.999727661093185
1,1,0.9998069698939486
1,1,0.9992290970315778
0,0,1.1047640538755393e-07
1,1,0.9995102660882276
1,1,0.9997746093576072
0,0,0.0009784956310530627
1,1,0.9996621885446539
1,1,0.9998616139583298
1,1,0.999830258183959
0,0,7.100985522277523e-06
0,0,4.89682116976578e-06
1,1,0.9996584116023141
0,0,6.4047257975980215e-06
0,0,1.0707657703046414e-07
1,1,0.9997794017120696
1,1,0.9997608521688722
1,1,0.9997058368190574
0,0,0.0007382950314180763
0,0,4.4736758832779995e-06
0,0,5.161018773203771e-06
1,1,0.9991376984552315
1,1,0.9997952092068142
0,0,9.41781159060472e-08
0,0,3.794361685791233e-06
1,1,0.9996276125088959
0,0,3.878527096132366e-06
1,1,0.9996622654009057
1,1,0.999837857771706
1,1,0.9992395166851616
1,1,0.9996157585831168
0,0,0.0007642839889657975
1,1,0.9997171104244016
1,1,0.9995693974751177
1,1,0.9997801028830231
1,1,0.9997319524851657
1,1,0.9992776096244643
0,0,8.731559807874962e-06
1,1,0.9999007069228095
1,1,0.9996453971774906
1,1,0.9997887367120482
0,0,8.374534536985201e-06
1,1,0.9999097341221793
0,0,0.001423740913082145
1,1,0.9999064916038216
1,1,0.9998601726851274
1,1,0.9997536104417479
0,0,8.121676165776528e-06
1,1,0.9997917537337441
1,1,0.9997491864490451
1,1,0.999925907547701
0,0,3.8041972199285418e-06
0,0,5.502701837796359e-06
1,1,0.9999557006109612
0,0,1.1102582484272671e-07
1,1,0.9995009113890607
1,1,0.9996597645723448
0,0,4.0869460633292024e-06
0,0,1.048602920017805e-07
0,0,6.915939560142649e-06
1,1,0.9997641230083029
1,1,0.9992703571711173
1,1,0.9997548296750889
0,0,1.1272045876036783e-07
1,1,0.9995134340313774
1,1,0.9998937873184365
1,1,0.9998568163588717
1,1,0.9995429924258968
0,0,5.459568502981091e-06
0,0,0.0020422621349391414
0,0,0.0009338479332888978
1,1,0.999593403303067
0,0,3.988531560438396e-06
1,1,0.99981481191321
1,1,0.9997829850246029
0,0,4.164751258407954e-06
0,0,2.9490857145835014e-06
0,0,3.899006341566096e-06
1,1,0.9994662290535976
1,1,0.9999172682435704
1,1,0.999048149623523
1,1,0.9997032804194484
0,0,5.3240013003730784e-06
1,1,0.9994786589602779
0,0,4.699978837214663e-06
1,1,0.9997224208242985
0,0,4.86770392452491e-06
0,0,5.115785281957942e-06
1,1,0.9995339547782026
0,0,0.0011142650349404244
1,1,0.9992085662027054
0,0,3.985830610300998e-06
1,1,0.9983821771308069
1,1,0.999398565344019
1,1,0.9997569134356775
0,0,0.0011323239296871402
1,1,0.9998707312167873
1,1,0.9999141925374959
1,1,0.9995420871356534
1,1,0.9997559651692042
1,1,0.9983802954627408
1,1,0.9998132666337617
0,0,1.2000724854404643e-07
1,1,0.9997735060218076
1,1,0.9995987262265847
1,1,0.9997086134887692
1,1,0.9995392962393317
1,1,0.9996316217972904
0,0,6.164885306897566e-06
0,0,4.619141297694642e-06
0,0,4.509917173521304e-06
1,1,0.9993909146850971
0,0,8.670276180513932e-06
1,1,0.9997581569073851
1,1,0.9999212021336013
1,1,0.9997789050532164
1,1,0.9995487290237727
1,1,0.9995409139618403
1,1,0.9993821549873777
0,0,5.8029548707096435e-06
1,1,0.999773748229321
1,1,0.9995197973511492
1,1,0.9997516100052104
1,1,0.9993017430539055
1,1,0.9994401548809064
1,1,0.999914912814594
0,0,5.141229874062151e-06
1,1,0.9998256913053832
0,0,3.7617230708631024e-06
1,1,0.9998929179924774
1,1,0.9998384294205903
1,1,0.9998726338854003
0,0,1.1512704276214017e-07
0,0,4.894603210832864e-06
1,1,0.9992015212333523
1,1,0.9996281002125489
1,1,0.9995944947414279
1,1,0.9995700615126155
0,0,1.1630460031034845e-07
1,1,0.9998442085347778
0,0,5.683171653163422e-06
1,1,0.9994846971183395
0,0,5.242556131932446e-06
0,0,4.068755380381181e-06
1,1,0.9997990356003997
0,0,3.5984425588486996e-06
1,1,0.9997420678492552
0,0,6.260235178757595e-06
0,0,4.0836159660273006e-06
1,1,0.9998751727129482
1,1,0.999377132599408
1,1,0.999869934826589
1,1,0.999838721549462
1,1,0.9994461824513009
1,1,0.9992305720420385
1,1,0.9998048389459767
1,1,0.9994861943580823
1,1,0.9997673873238091
0,0,3.1745146316423746e-06
1,1,0.9995516212261802
1,1,0.9996949078085405
0,0,4.502206705639204e-06
1,1,0.9998981274471551
1,1,0.9992795308316447
0,0,0.0006323066655060612
0,0,3.526191022656476e-06
1,1,0.9997139897454919
1,1,0.9982236396388297
1,1,0.9997764025717829
1,1,0.99971551421738
1,1,0.9997404292784089
0,0,6.763090799600257e-06
0,0,3.961422503453053e-06
1,1,0.9998225898641168
1,1,0.9995820227168515
0,0,1.1386762252093223e-07
1,1,0.9995318386711066
1,1,0.999903456701567
1,1,0.9997701675356097
1,1,0.999186779661274
0,0,1.048005294195549e-05
0,0,0.001048678256764949
1,1,0.999547963145848
0,0,6.65210099673929e-06
1,1,0.9996737366773956
1,1,0.9993090569939634
0,0,7.816463957260747e-06
1,1,0.9992670919297357
0,0,1.0387724342307615e-07
1,1,0.9996368789322913
1,1,0.9995709190514176
0,0,3.1753394158132387e-06
1,1,0.9998995883142763
1,1,0.9994980046910066
1,1,0.9995929859351506
0,0,4.966358916175653e-06
1,1,0.9997505061228114
1,1,0.9997019210744087
1,1,0.9997680968467687
1,1,0.9997465063045501
1,1,0.9994650348273199
1,1,0.9995528910956538
1,1,0.9996317556661033
0,0,4.8474752797081504e-06
1,1,0.9998747473414203
1,1,0.9996536674100074
1,1,0.9997249590809533
1,1,0.9997978999900474
0,0,5.136296944380829e-06
0,0,1.2004256082876579e-07
0,0,5.529877167379837e-06
0,0,1.1167220474276447e-07
1,1,0.9996925889490778
1,1,0.9998339925777228
0,0,6.213763153119964e-06
0,0,0.0013094780558007982
1,1,0.9994471258853028
1,1,0.9999317484426844
1,1,0.9995941202465569
1,1,0.9996503883578343
1,1,0.9996964785544906
1,1,0.999823154897998
0,0,6.345246481954352e-06
1,1,0.9998739562487314
1,1,0.9994621280983553
1,1,0.9996735737795448
1,1,0.9999059030178459
1,1,0.9995294676745642
1,1,0.9999032033829245
0,0,3.246041345404024e-06
1,1,0.9994882906417678
1,1,0.9998999190270192
1,1,0.9993067955637899
1,1,0.9997203153855774
0,0,1.2257053840808918e-07
1,1,0.9995249957913958
0,0,1.1280504873758834e-07
1,1,0.9990329586756271
1,1,0.9986989771791113
1,1,0.9996112807044432
1,1,0.9995639483854754
1,1,0.9998155142034234
0,0,7.141099125790179e-06
1,1,0.9997513841396817
0,0,0.0005191246193780314
0,0,3.8002192633026353e-06
1,1,0.999761753372154
0,0,5.323100883376753e-06
1,1,0.9996553872728723
1,1,0.9999109677576893
1,1,0.9997818088704147
1,1,0.9997348404067188
1,1,0.9998500673172012
1,1,0.9997209620519324
1,1,0.9995012174722759
1,1,0.999913250435958
1,1,0.9998153126039436
0,0,1.2311026886456916e-07
1,1,0.9991927887222534
1,1,0.9997969119002103
0,0,6.41943898479415e-06
0,0,6.1444434517753945e-06
1,1,0.9997639326163648
1,1,0.9994252275108989
1,1,0.9993221616948365
0,0,3.838215742012608e-06
1,1,0.9992969748485044
0,0,3.7309711487819024e-06
1,1,0.9996539570843924
1,1,0.9997298754618841
0,0,5.432805059386035e-06
1,1,0.9996349623033887
0,0,5.382129304141042e-06
1,1,0.9989317622489176
1,1,0.9997142639548384
1,1,0.9999216026816957
1,1,0.9998284128403533
1,1,0.999800830671631
1,1,0.9990496338246175
1,1,0.999465988618082
1,1,0.9998804622200993
0,0,0.0014212312377258499
1,1,0.9996589690217789
1,1,0.999599585172824
0,0,5.368195012275158e-06
0,0,3.672439336947568e-06
1,1,0.9995960550098892
1,1,0.9990707825522523
1,1,0.9995479111077541
1,1,0.9997385828554557
0,0,8.058483633380795e-06
0,0,1.2545227698612473e-07
1,1,0.999792993025209
0,0,7.553595447102372e-06
1,1,0.9998451779914346
1,1,0.9987816096666096
1,1,0.9996199054842441
1,1,0.9998050266415921
1,1,0.9994084608030058
1,1,0.9996394933651018
0,0,4.079444038053137e-06
0,0,0.000911363055563318
0,0,7.310271375076533e-06
0,0,1.2145254195905993e-07
0,0,5.578966281635225e-06
1,1,0.9994668715470625
1,1,0.99969578684452
1,1,0.9998149774360395
0,0,0.0009323611647970871
0,0,7.4232546913065995e-06
1,1,0.9998923638713937
0,0,3.786501596981104e-06
0,0,5.153571011680428e-06
1,1,0.999923080249511
1,1,0.9995262349563131
0,0,6.3021132422107636e-06
1,1,0.9994815045345661
1,1,0.999643215461146
1,1,0.9998404530995073
1,1,0.9992938888850279
1,1,0.9993673921945214
0,0,3.680884138725133e-06
0,0,4.3659001112901106e-06
1,1,0.9998783643449779
1,1,0.999831658700541
0,0,1.2111884992235252e-07
1,1,0.9999235121071458
1,1,0.9996051038512492
1,1,0.9997262092407732
0,0,3.823190565258926e-06
1,1,0.9997942805035768
1,1,0.9999321940888461
1,1,0.9995542305448817
1,1,0.9996510909537876
0,0,0.0008186697949260814
1,1,0.9994826885152828
0,0,4.4210159432120806e-06
0,0,3.6736785167460536e-06
1,1,0.9997179548120095
1,1,0.9998457175881891
1,1,0.9998607506398486
1,1,0.9994484138691797
1,1,0.9999101027273865
0,0,4.137613859708179e-06
0,0,6.186758483802149e-06
1,1,0.9999326395413006
1,1,0.9997549111916133
1,1,0.9996114882680978
0,0,1.2017373729406903e-07
1,1,0.9994665234096519
0,0,1.184947736162455e-07
1,1,0.9999011855132456
0,0,3.338961684532335e-06
0,0,1.1045444469319153e-07
0,0,0.0006453085503012881
1,1,0.9999025433846862
1,1,0.9998320041873263
1,1,0.9996957630440753
1,1,0.9997904169900739
1,1,0.9998912746963443
1,1,0.9996873011969164
0,0,3.337091807985162e-06
0,0,1.1319737052329519e-07
1,1,0.9997673813921714
1,1,0.9997781408092146
1,1,0.9989191062045142
1,1,0.9997012810108457
1,1,0.9997441997423411
1,1,0.9989650680484572
1,1,0.9996604066599781
0,0,4.352153630694384e-06
1,1,0.9999242241724164
1,1,0.999267118684001
1,1,0.9993913885553498
1,1,0.9998770034936799
0,0,3.5259865446759955e-06
1,1,0.9999048250741814
0,0,3.1007034542741188e-06
1,1,0.9998364082002296
0,0,2.9853582068808936e-06
1,1,0.9993951591146208
0,0,3.7701060855379376e-06
1,1,0.9995070178864679
0,0,4.347400231371623e-06
1,1,0.9998800846725879
1,1,0.9996994303598338
0,0,0.0016448105192908926
0,0,3.2080700153797774e-06
1,1,0.9993728464396461
1,1,0.9997964469875616
1,1,0.9998570474230353
0,0,4.151822121759962e-06
1,1,0.9992331002431171
0,0,6.051348961091854e-06
1,1,0.9998208223019327
0,0,1.0898996883312015e-05
1,1,0.9993484566670326
0,0,0.000688260579138681
1,1,0.9995718432469399
1,1,0.9998947148755304
1,1,0.9996647576771943
0,0,5.171752458233077e-06
0,0,0.0011279844169329513
0,0,6.540480077887488e-06
0,0,1.0489624986649794e-05
0,0,3.538765692865445e-06
1,1,0.9999173688890545
1,1,0.9997902935800472
0,0,4.2912750243385005e-06
0,0,5.588893773108539e-06
1,1,0.9999405929157029
1,1,0.9996684728765296
1,1,0.9998269061154569
1,1,0.9999384440857572
1,1,0.9997719553730368
0,0,4.226046162916962e-06
1,1,0.9998144411008449
1,1,0.9994203002470993
1,1,0.9992646791876414
1,1,0.9995024160423502
1,1,0.9988670234915631
1,1,0.9999305339363467
1,1,0.999830282921546
1,1,0.9993867152401414
1,1,0.9998317737941064
1,1,0.9996725952658527
0,0,1.1157859416137513e-07
1,1,0.999841708943661
0,0,1.0181942107563356e-07
0,0,4.997784920952324e-06
1,1,0.9990221101382827
1,1,0.9997203362112767
1,1,0.9998928923201104
1,1,0.9997690790635989
1,1,0.9991259263728355
1,1,0.9997124003935517
1,1,0.9998919375694993
1,1,0.9999239476223156
1,1,0.9997802807723596
1,1,0.9998416194666505
1,1,0.9998834292344122
1,1,0.99975353821142
0,0,4.544306793400522e-06
1,1,0.9998989285277579
1,1,0.9996633922657538
1,1,0.9993429557030966
0,0,5.844734177208325e-06
1,1,0.9999225189820168
0,0,3.3604085514011284e-06
0,0,4.740329107645481e-06
1,1,0.9993714321384763
0,0,4.20271239404796e-06
1,1,0.9997601007889929
0,0,2.626140036282754e-06
1,1,0.9996188206954171
1,1,0.9998678254343317
0,0,5.336448829163836e-06
0,0,5.377485189032286e-06
1,1,0.999918665393943
1,1,0.999645775837531
1,1,0.9994712452680897
0,0,3.842956441942254e-06
1,1,0.9996066961065175
1,1,0.999063589325221
1,1,0.9997511202392757
1,1,0.9998797772353067
1,1,0.998549734104793
0,0,5.785183549636683e-06
0,0,5.940363056803914e-06
1,1,0.999600397532217
1,1,0.9998035954671017
1,1,0.9995230699655637
1,1,0.9997713946972175
1,1,0.9997379246466556
1,1,0.9993713673900411
1,1,0.9996475281770898
0,0,0.0013181717954058527
0,0,6.254104498634579e-06
1,1,0.9999096161664618
1,1,0.9998694807735687
0,0,1.1713899836523768e-05
0,0,1.2190068007431463e-07
1,1,0.9998906008027351
0,0,5.417383037971291e-06
1,1,0.9998192867494168
1,1,0.9995470764256523
1,1,0.9998489966573566
1,1,0.9997745159098325
1,1,0.9996913054794627
0,0,9.34504858302896e-08
1,1,0.999157505845544
0,0,0.0011252477694397365
1,1,0.9998314291914087
1,1,0.9990713443065933
1,1,0.9996558036008975
1,1,0.9997720339691217
1,1,0.9991114287870505
1,1,0.9998893402271107
1,1,0.9995341594450062
1,1,0.9997120540189516
0,0,3.2587205044694495e-06
0,0,0.00047189456911433014
1,1,0.9999151833936085
0,0,1.206751086995609e-07
1,1,0.9979941081755053
0,0,6.792801768175685e-06
1,1,0.9997900584022403
0,0,9.885432036640966e-06
0,0,9.072138425941266e-06
1,1,0.9994529895327778
0,0,7.1276237965006495e-06
0,0,9.028447532120851e-06
0,0,1.1515263790049161e-07
0,0,4.023590629056175e-06
1,1,0.9995041247096633
1,1,0.9998057311827453
1,1,0.9996289929642325
1,1,0.9997309902604469
1,1,0.9996463242338107
1,1,0.9998287329584323
1,1,0.9997278849813238
0,0,4.618048063899128e-06
1,1,0.9994831925031504
1,1,0.9996070643112195
0,0,3.899016740809855e-06
1,1,0.999919465272611
0,0,1.0282840409382028e-07
1,1,0.9995535321736758
0,0,4.424145063502674e-06
0,0,5.03149790357651e-06
0,0,6.9328615397254054e-06
0,0,5.557692180870942e-06
1,1,0.9995196009391553
1,1,0.9994579832310165
0,0,5.043793174586518e-06
0,0,3.6860213446644714e-06
1,1,0.9998907301062472
1,1,0.9995391994270364
1,1,0.9995049459646365
1,1,0.9997744971164189
0,0,4.313962210417282e-06
1,1,0.9995042092738243
0,0,0.0006328597491338551
1,1,0.9998257508470141
0,0,5.549175249078516e-06
0,0,4.528524450705639e-06
0,0,5.368852234284669e-06
1,1,0.9997596790776755
0,0,0.0005765947451867896
1,1,0.9996889003116507
1,1,0.9993442071535537
1,1,0.9989772404991938
1,1,0.9999084208125694
0,0,1.2423908431706637e-07
1,1,0.9999117033577576
1,1,0.9997446187143736
0,0,4.213581136664749e-06
1,1,0.9997808939873989
1,1,0.9990750395813807
1,1,0.9997032855507991
0,0,1.1000183681295041e-07
0,0,3.523844247114437e-06
1,1,0.9997404888491888
1,1,0.999165552257412
0,0,4.477626882673344e-06
0,0,3.379166049128576e-06
0,0,1.199433010782149e-07
0,0,1.214944563390159e-07
0,0,0.001217111936328993
1,1,0.9996592268457078
1,1,0.9997899310708194
1,1,0.9998705720259753
1,1,0.9993049872693668
0,0,1.1977114623997353e-07
1,1,0.9989420188321484
0,0,3.845919335149535e-06
1,1,0.9998556353303693
0,0,1.0417272958123472e-07
1,1,0.9996358870782772
0,0,5.608074892078391e-06
0,0,1.838489019442343e-07
1,1,0.9997338016284889
1,1,0.9997448055162413
1,1,0.9997419931759995
1,1,0.9998944362700671
0,0,5.023594503842005e-06
1,1,0.9998557263372414
1,1,0.9997487221149143
0,0,1.094927782300674e-07
0,0,0.0004151522752589629
0,0,4.3774319191978416e-06
1,1,0.9996456250440204
0,0,4.90660124312692e-06
0,0,4.811971795180743e-06
1,1,0.9996246030634356
0,0,4.586079170929411e-06
0,0,0.0007108972705977751
1,1,0.9998220872998851
1,1,0.9988142176982517
1,1,0.9990533816700438
1,1,0.9990497259725275
1,1,0.9998620046769306
1,1,0.9996167519607697
1,1,0.999850780966118
1,1,0.999934420832444
0,0,9.508023526210502e-06
0,0,0.0014727523641385018
1,1,0.9999022648881263
0,0,7.415291481586104e-06
0,0,4.546344679046474e-06
1,1,0.9999084343449772
1,1,0.9996388482878361
0,0,4.263751097120359e-06
0,0,4.228833589549551e-06
0,0,1.1573758308079077e-07
1,1,0.9996803515282607
1,1,0.9997949857994252
1,1,0.9996405352407691
1,1,0.9993107968780265
0,0,0.0008688867526126429
1,1,0.9994157503064441
1,1,0.9998774936340982
1,1,0.9996013943516039
1,1,0.9997570885541348
1,1,0.9999116010359181
1,1,0.9997117777055755
1,1,0.9997967277516399
0,0,1.2151619053823344e-07
0,0,0.0014665485636029178
0,0,0.000900650091969473
0,0,1.1406469931216612e-07
0,0,5.672856463469786e-06
0,0,5.941403868215535e-06
0,0,5.373286166950467e-06
1,1,0.999362359634056
1,1,0.9993169743422672
1,1,0.9991294574336929
0,0,3.7799830031636354e-06
1,1,0.9998429873798997
1,1,0.9987937202497421
1,1,0.9996132586240631
1,1,0.9995377424098509
0,0,4.289662432952417e-06
1,1,0.9992480856079187
1,1,0.9997675410492656
1,1,0.9998243777161089
1,1,0.9996799324874371
0,0,4.7836330260406775e-06
1,1,0.999894937103555
0,0,5.685222906525036e-06
1,1,0.9999223528691417
1,1,0.9993739732890587
1,1,0.9997544539010439
1,1,0.9987823060691753
1,1,0.9998807463720599
1,1,0.9998270287556027
1,1,0.9998135573743954
1,1,0.9995320257305921
1,1,0.9991118321128273
0,0,5.87259083052558e-06
0,0,1.275101322812511e-07
1,1,0.9989794359387444
0,0,3.4284462823406174e-06
0,0,4.564651973107516e-06
1,1,0.9992351979872973
1,1,0.9989667420005766
0,0,3.0855623129817216e-06
1,1,0.9997951132415828
0,0,4.09985845872117e-06
1,1,0.9991670616769802
1,1,0.9997148201108985
1,1,0.9992688968079784
1,1,0.9996849280302317
1,1,0.9996421600713485
0,0,9.149871163163537e-06
1,1,0.9997287713965479
0,0,0.0009191171922155655
1,1,0.9999074977769836
1,1,0.9999379411999257
1,1,0.9994853302704031
1,1,0.9996821825893918
0,0,3.9923332949480464e-06
0,0,6.148664358020045e-06
1,1,0.9999061234682659
0,0,4.702841734989238e-06
1,1,0.9993310829784319
0,0,9.334598294831286e-08
1,1,0.9997176645716446
1,1,0.9997468304063876
0,0,5.13842688297108e-06
1,1,0.9998353357300925
0,0,0.0009773665549875797
1,1,0.9987467361117097
1,1,0.9994339974057093
0,0,3.690713237628086e-06
0,0,3.7314038293552606e-06
0,0,4.972957048613369e-06
0,0,0.0005103666722775927
1,1,0.9998755845844745
1,1,0.9999072585824084
0,0,4.9411489159166714e-06
1,1,0.9998999310913516
1,1,0.9991067674273516
1,1,0.9997453013061596
1,1,0.9992906032587051
0,0,3.904087600894733e-06
1,1,0.9998404962840347
0,0,5.715490869434851e-06
0,0,6.339141758578684e-06
1,1,0.9995159668290602
0,0,0.0014304448926896315
0,0,0.001051596792008494
1,1,0.9998222265674483
1,1,0.999845149447018
1,1,0.999680465541771
1,1,0.9999288580823418
1,1,0.9996574916848409
1,1,0.9997195006167091
0,0,1.1098582810582056e-07
1,1,0.9997544732868063
1,1,0.9997721696239765
0,0,5.025105931012267e-06
0,0,1.22745877080553e-07
0,0,8.944745708307345e-06
1,1,0.9994160646812389
0,0,4.046356734896723e-06
0,0,4.198217186472782e-06
1,1,0.9992189637154629
0,0,1.1784610760248434e-07
0,0,6.007896733309048e-06
1,1,0.9997292114942586
0,0,6.715934002870292e-06
1,1,0.9997362071483705
1,1,0.9997886880306194
1,1,0.9993229490945624
1,1,0.999688546681287
1,1,0.999837016743911
1,1,0.9998693596257225
1,1,0.9998744337264751
1,1,0.9998459871333529
0,0,9.066208653392215e-06
0,0,4.604967128221854e-06
0,0,1.0842864802339118e-07
1,1,0.9998621280545535
0,0,4.229246426338621e-06
0,0,4.333412987176827e-06
1,1,0.9999342974504017
1,1,0.9998580259088607
0,0,6.665735620559137e-06
0,0,4.76183460393193e-06
1,1,0.9995972339076221
1,1,0.9997927719062268
1,1,0.9997933165112213
0,0,5.442624671772104e-06
0,0,4.354955107101028e-06
1,1,0.9994485586127982
1,1,0.9999294798094552
1,1,0.9996808577210837
0,0,1.0784906753675355e-07
0,0,0.000813606730672799
1,1,0.9992974267919306
1,1,0.9997845925089742
1,1,0.9998292368632234
1,1,0.9996515116600929
1,1,0.9998186856759134
0,0,5.508625584362948e-06
1,1,0.9998511812372023
0,0,5.548015475322396e-06
0,0,1.2126924674147244e-07
0,0,1.2426468890295204e-07
0,0,1.0756569649960824e-07
0,0,4.307780192148251e-06
1,1,0.9996678397508355
1,1,0.9998747222673964
1,1,0.9998017342139502
1,1,0.9997828110627469
0,0,5.829532302264294e-06
0,0,1.3446443411493834e-07
0,0,1.2060287232930393e-07
0,0,8.282897366701088e-06
1,1,0.9998981258155157
1,1,0.9995511907191774
1,1,0.9997209204143389
1,1,0.9998932827167246
1,1,0.9998711811321692
1,1,0.9996970755061096
0,0,0.0010174401736043996
1,1,0.9995369006006972
0,0,0.0022880618706448853
1,1,0.9997614900794383
0,0,9.319877427963506e-06
1,1,0.9996324809549305
1,1,0.9995754018798821
0,0,1.1222425714095829e-07
1,1,0.9997242209555796
1,1,0.9998030894808061
0,0,0.0017779408347685457
1,1,0.9997817984241082
1,1,0.9999312262421424
1,1,0.9998173649923552
1,1,0.9996193096882241
0,0,6.071219639093657e-06
1,1,0.9998400792421203
1,1,0.9995509766860835
0,0,3.1170339545583744e-06
1,1,0.9997727065358587
0,0,4.4357078607223165e-06
1,1,0.9996553147540379
1,1,0.9999202528050525
0,0,0.0009366576106219853
1,1,0.9998525490396726
1,1,0.9996334391740606
0,0,4.308946087680472e-06
0,0,1.054516826551094e-07
1,1,0.9997898679151679
0,0,3.760268766592666e-06
1,1,0.9991194762568293
1,1,0.9998262780946906
0,0,3.695427743600663e-06
0,0,6.4557065785966295e-06
1,1,0.9995097693178785
1,1,0.9996971929096248
1,1,0.9993721315641884
1,1,0.9994961532107141
0,0,4.061972938773577e-06
0,0,3.779609095743854e-06
1,1,0.9998107629240337
0,0,0.0012870812881174702
1,1,0.9994005478587702
0,0,4.60428374446999e-06
1,1,0.9997669779417105
1,1,0.9996050477145574
1,1,0.9993501070813637
1,1,0.9998851319829382
1,1,0.9999202189390218
1,1,0.9994750097900799
1,1,0.9994463128913419
1,1,0.9981837443200344
0,0,9.413212832028051e-06
0,0,3.958747305401459e-06
1,1,0.9995837316989582
1,1,0.9996542008469592
0,0,1.2448412443896547e-07
1,1,0.9995726672634705
1,1,0.9998175464311995
0,0,0.00150217115380371
0,0,5.938480144130718e-06
1,1,0.9994091313220339
0,0,4.055770193074904e-06
0,0,5.306888206524321e-06
0,0,1.086122662335858e-07
1,1,0.9998380321587665
1,1,0.9995696399950258
1,1,0.99992583480509
1,1,0.9997667899782612
1,1,0.9997965696498419
1,1,0.9995752502317986
1,1,0.9996094445473682
1,1,0.9997533615119862
0,0,1.129973583491018e-07
0,0,1.0742347206731883e-07
1,1,0.9993718094980601
0,0,1.2009799792508906e-07
1,1,0.9992485380527896
1,1,0.9998767533356752
0,0,4.133414715688995e-06
1,1,0.9995220827276678
0,0,1.1083837810963564e-07
1,1,0.9992438789010625
0,0,4.146037012925922e-06
1,1,0.9998417196277455
1,1,0.9995844270592392
1,1,0.9996361094711999
0,0,5.168532903020357e-06
1,1,0.9997820192892048
0,0,7.331618090976467e-06
1,1,0.9998258962739254
1,1,0.9995820276279542
1,1,0.9997652028696808
0,0,0.0009881144076826552
0,0,3.93921645452545e-06
0,0,0.0007696955026642064
0,0,6.263937978922403e-06
1,1,0.9997472002633644
1,1,0.9995284732049288
1,1,0.9998095828273
1,1,0.9997810441292775
1,1,0.9994362414535426
0,0,4.388362023663576e-06
1,1,0.999087234726014
1,1,0.999524364824618
0,0,5.989186141011315e-06
1,1,0.9998718888505065
0,0,3.499015023349468e-06
0,0,4.947784589686787e-06
0,0,0.0007800056871689268
1,1,0.9999161029444519
1,1,0.9992204891617632
0,0,4.6752683766252005e-06
0,0,3.6208501586756635e-06
1,1,0.9997038654365001
0,0,4.980984705051914e-06
0,0,4.253423396670566e-06
1,1,0.9991401687914948
0,0,1.0955037562239127e-07
1,1,0.9988323297852258
0,0,3.432753769290438e-06
1,1,0.9998296712413967
1,1,0.9992778233504003
1,1,0.9999170017109942
1,1,0.9996025346950473
1,1,0.9998416759668879
0,0,5.005783325667939e-06
0,0,7.1204882156835835e-06
1,1,0.9997165000179292
1,1,0.9996919034478318
0,0,7.173181352048819e-06
1,1,0.9995049014629149
1,1,0.99981843995074
0,0,0.0016187698006037492
0,0,5.907557574612228e-06
1,1,0.9998903131423194
1,1,0.9999187801679584
1,1,0.9997768594869899
0,0,1.2068935176567464e-07
1,1,0.9998610359068802
0,0,0.0018665674916209236
1,1,0.9998860748928108
1,1,0.9994637206970076
1,1,0.9996802888584267
1,1,0.9997351037526699
1,1,0.9998386833542037
1,1,0.9993132904773098
0,0,0.002133871784507961
1,1,0.9997334896460526
1,1,0.9990083579284986
1,1,0.9981927679453148
0,0,1.2187709380217648e-07
1,1,0.9998014828638148
1,1,0.9998257582903786
1,1,0.9994967039237921
1,1,0.9994119487795109
0,0,6.421219053133802e-06
1,1,0.9999329371203493
0,0,8.738306985791042e-06
0,0,5.621745265122109e-06
1,1,0.9997707262633343
1,1,0.9998138467269264
1,1,0.9997398748701775
1,1,0.9998468448885729
1,1,0.9995962037683583
1,1,0.9997163054597517
1,1,0.9995855328077755
1,1,0.999761990755735
1,1,0.9995848946769089
0,0,5.094327616846437e-06
0,0,5.329065623571079e-06
1,1,0.9990207075373364
1,1,0.9993564229788102
0,0,0.0006333704593704188
1,1,0.9995106927514245
1,1,0.9995873353922016
0,0,3.866905777227419e-06
0,0,4.788017223046349e-06
1,1,0.9998446747154704
1,1,0.9998045871097171
1,1,0.9995712590147714
1,1,0.9994759693487263
1,1,0.9992245081108064
1,1,0.9997444155944917
1,1,0.9995326624670987
0,0,6.554113279693192e-06
1,1,0.9996470104836336
0,0,7.028075496625526e-06
0,0,5.130591908825969e-06
1,1,0.9997743753030144
0,0,6.869936092723688e-06
1,1,0.999788893508494
0,0,0.0011871207039056773
0,0,6.11835117339661e-06
0,0,4.4200130172325005e-06
1,1,0.9996341162001109
1,1,0.9997875378327171
1,1,0.9990233809583356
1,1,0.9988019293694859
1,1,0.9996294909240244
1,1,0.9998474770253665
1,1,0.9997607938416502
1,1,0.9997871731037732
0,0,3.974591485141545e-06
0,0,1.2078736204698007e-07
1,1,0.9997786587775048
1,1,0.999625623180305
1,1,0.9997363833150026
1,1,0.9996475020633684
1,1,0.9998793463144502
1,1,0.9997878947816322
0,0,0.00044200417852017723
1,1,0.9994727416424658
1,1,0.999658815140131
0,0,0.0004070102476017126
0,0,0.0014133671724353867
1,1,0.9992461759752819
1,1,0.9994117995449817
0,0,4.831296465189952e-06
0,0,4.908340193317694e-06
1,1,0.9992156489120784
0,0,1.0352384815155412e-07
1,1,0.999655087805361
1,1,0.9997464969987986
1,1,0.999893103002192
1,1,0.9996470474479088
0,0,7.943629590637479e-06
1,1,0.9989001412435145
1,1,0.9996689401250093
1,1,0.9996807998036886
0,0,3.9050366552118145e-06
1,1,0.9992783680804653
0,0,0.0015052611472561085
1,1,0.9996582594748923
1,1,0.9990489141603116
0,0,3.1063384594930906e-06
1,1,0.9987828588323238
1,1,0.9998634423015428
1,1,0.9999014959497479
0,0,5.181631598159108e-06
1,1,0.999840179016859
1,1,0.9992096583924359
1,1,0.9995093972258493
0,0,0.0011838600547159652
0,0,4.402075616173209e-06
1,1,0.9995664813345154
0,0,3.718880175651215e-06
0,0,3.924212458622297e-06
1,1,0.9995805272381229
1,1,0.9997495181666559
1,1,0.9993228056265829
1,1,0.9998108107422112
0,0,0.00046264155608169086
1,1,0.9991377888450242
1,1,0.9996830906839137
0,0,5.941236130202922e-06
0,0,3.529708519408544e-06
0,0,4.063849643131629e-06
1,1,0.9996625826088953
1,1,0.9997648266450119
0,0,5.956991973980821e-06
1,1,0.9997957137158658
1,1,0.9996416389714217
0,0,5.0305807437682986e-06
1,1,0.9998206067097969
1,1,0.9997800594633788
0,0,5.510710553415788e-06
1,1,0.9997439144970363
1,1,0.9997884300964149
1,1,0.9987005494218817
0,0,3.945150515650427e-06
1,1,0.9996128521766969
1,1,0.9996085623592919
1,1,0.9996334497136249
1,1,0.9995304018534983
1,1,0.9998101780083557
1,1,0.999676169594004
1,1,0.9995026526755519
0,0,1.2070106579704134e-07
1,1,0.9986758931500266
0,0,3.612499255340183e-06
0,0,0.0006426599014399947
0,0,4.01832244696508e-06
1,1,0.999490074172654
1,1,0.9995942246639165
1,1,0.9997511438781524
1,1,0.999749740333313
1,1,0.9995868701974532
1,1,0.999754175609618
0,0,1.0440841871458229e-05
1,1,0.9999153083074056
1,1,0.9995575651091763
1,1,0.9999300678971907
1,1,0.9997901598717502
1,1,0.9996693556360483
1,1,0.9994372577532185
1,1,0.9995976051958245
1,1,0.9994928049665704
0,0,3.202379513552079e-06
1,1,0.9996311293730601
0,0,8.167302511508812e-08
0,0,1.1606484553736005e-07
0,0,5.3764608791766125e-06
1,1,0.9996908570358806
0,0,3.7623185238263534e-06
1,1,0.998690872771082
1,1,0.9996893555897423
1,1,0.9999132974273582
0,0,0.0007516393028156733
1,1,0.9994390656565505
1,1,0.9997248217473622
0,0,3.9093946608833324e-06
1,1,0.9993744923618647
1,1,0.999890230843871
1,1,0.9997609229511205
1,1,0.9992033058664724
1,1,0.999654319591594
0,0,1.1653820912795692e-07
1,1,0.9999370688445696
1,1,0.9996691826562204
1,1,0.9997783970198313
1,1,0.9990725949051631
0,0,4.96141215110072e-06
0,0,1.1205579124984985e-07
0,0,5.098563647294118e-06
1,1,0.9999235458840172
1,1,0.9997467348025671
1,1,0.9998450818770757
1,1,0.9990994798622553
0,0,1.2320082829936913e-07
1,1,0.9995631938385642
0,0,3.893923330022262e-06
1,1,0.9997416604228054
1,1,0.9995861288421531
1,1,0.9997907345357264
1,1,0.998835205505828
0,0,3.933172901213424e-06
0,0,7.882850320231734e-06
0,0,4.100609039735759e-06
1,1,0.9995223466122463
1,1,0.9997455085414029
1,1,0.999147214881544
1,1,0.9998734855185117
0,0,5.381993414669616e-06
1,1,0.9997044995997427
1,1,0.9996803587225858
0,0,5.146118742832981e-06
1,1,0.9993991162092499
0,0,6.295230872388364e-06
1,1,0.999633666052384
1,1,0.9997659886555547
1,1,0.9994248748322397
0,0,0.0005760045195046243
1,1,0.9994844382315637
0,0,3.889073381105916e-06
1,1,0.9997126378163868
0,0,8.150736123935365e-06
0,0,1.2511688387852912e-07
0,0,9.814072739040155e-06
1,1,0.9998053225187036
1,1,0.9994216403331574
1,1,0.9995321644110791
1,1,0.9998304659111157
1,1,0.9999236144175327
1,1,0.9993782409019223
0,0,1.1899223403043373e-07
1,1,0.9999031587813942
0,0,5.485407195877102e-06
0,0,3.98568518781507e-06
1,1,0.9996929823145612
1,1,0.9996814618845518
0,0,6.946902921858222e-06
1,1,0.9996166794893471
0,0,5.10163327630752e-06
0,0,1.1308460044100445e-07
1,1,0.9997925002404513
1,1,0.9995734092855592
1,1,0.9996983888495821
1,1,0.9997575932519985
0,0,1.2064043320498339e-07
0,0,4.840379765554027e-06
1,1,0.9994530183534253
0,0,4.567187780880325e-06
1,1,0.9998634506115424
1,1,0.9993723821743119
1,1,0.9995160849187505
1,1,0.9997175025167463
0,0,4.447773736878764e-06
1,1,0.9992016941621356
0,0,1.104248205650061e-07
1,1,0.99970107973656
0,0,1.1170108732097296e-07
1,1,0.9991134406538005
0,0,4.380100124554995e-06
0,0,9.997545607782959e-08
0,0,0.0007784694785525209
1,1,0.9998263725851299
1,1,0.9999180850011633
1,1,0.9996293292579977
1,1,0.9996686038580335
0,0,4.5786789977975466e-06
0,0,0.0011671350089127557
1,1,0.9995088803596578
0,0,3.476871624700952e-06
1,1,0.9998928846208085
1,1,0.9995011229868381
0,0,1.07752358620605e-07
0,0,8.518359862047886e-06
1,1,0.99955975414849
1,1,0.999750137435534
1,1,0.9998956248851967
1,1,0.9997089509098914
1,1,0.9998218576541782
0,0,6.881905610132579e-06
1,1,0.9996497354810258
1,1,0.9998399594916845
0,0,4.450290726807557e-06
1,1,0.9995537943689431
0,0,1.231873447538218e-07
1,1,0.9998527920068523
0,0,3.734970849421292e-06
1,1,0.9993223236378194
1,1,0.9998235767193325
1,1,0.999094456241532
0,0,4.627535230247596e-06
1,1,0.9989195829308251
0,0,4.4727115401052535e-06
1,1,0.9990312704641606
1,1,0.9990486910921939
1,1,0.9998383807987367
0,0,0.0007582762757428342
0,0,5.780829067899915e-06
0,0,6.8751880793566274e-06
0,0,3.6425419183476978e-06
1,1,0.9998314220263154
1,1,0.9994423565988148
0,0,4.2016266347437114e-06
1,1,0.999524848681868
1,1,0.9994742990082632
0,0,4.616759396573232e-06
0,0,0.0008266703972055161
0,0,1.0558705465796176e-07
0,0,4.256530428730098e-06
0,0,4.89638626968499e-06
1,1,0.9993267217964201
1,1,0.9996589690826831
0,0,6.880965132078077e-06
1,1,0.999911277882217
1,1,0.9998392499143107
1,1,0.9998662701329539
0,0,5.511526637704915e-06
1,1,0.9997542261329508
1,1,0.9987457617006171
1,1,0.999677144751925
0,0,4.684398960993292e-06
1,1,0.9998524726477421
0,0,4.449655064382531e-06
0,0,6.221547421992213e-06
0,0,4.209225140698646e-06
1,1,0.999718415060714
1,1,0.9995064189506869
1,1,0.9996696800482339
0,0,0.001185404025044175
0,0,1.0833303827918599e-07
1,1,0.9999193269981423
1,1,0.9993565414559511
1,1,0.9999149062354599
1,1,0.9997987930507685
1,1,0.9998842226053131
0,0,6.848553728020215e-06
1,1,0.9991876567371126
1,1,0.9985033313838375
0,0,6.204197096263003e-06
1,1,0.9997027134167795
1,1,0.9998300008566283
1,1,0.9992486329177166
1,1,0.9997869779350574
0,0,5.925812966159799e-06
1,1,0.9997054479207762
1,1,0.9996014825197318
0,0,3.5052653664288973e-06
1,1,0.9992913303450048
0,0,1.0687022596720708e-07
1,1,0.999137962177025
1,1,0.9997478787682725
0,0,4.855256518133986e-06
1,1,0.9998900786584969
1,1,0.9997531073764981
1,1,0.9999142286057252
0,0,5.8694052475461755e-06
1,1,0.9995625160419782
0,0,5.509246129278889e-06
0,0,6.9747173887980595e-06
0,0,0.0008205039332871112
1,1,0.9996906702699957
1,1,0.9997201524948197
0,0,0.0006850125950224052
1,1,0.9999284598005201
1,1,0.9995152488995411
0,0,1.0402426034554088e-07
1,1,0.9998326044545829
1,1,0.9994309303089379
1,1,0.9998279526694485
0,0,4.536991319705371e-06
1,1,0.9996087605758961
1,1,0.9996333666602051
1,1,0.9996380602450724
1,1,0.9999463929827216
0,0,1.02978856341466e-07
0,0,3.960546785683647e-06
1,1,0.9997469235924592
1,1,0.9994537917861881
1,1,0.9995820479201154
0,0,1.0290061108916449e-07
0,0,8.331415698184046e-08
0,0,1.1225043424840478e-07
0,0,6.5147644010770815e-06
0,0,4.483286137432902e-06
0,0,1.3353681620118322e-07
1,1,0.9993117582581947
0,0,5.134010912793773e-06
1,1,0.9998407754094727
0,0,0.000989115107395006
0,0,5.2151102917332e-06
1,1,0.9998293719779527
0,0,1.2893969625930275e-07
1,1,0.9994842369354076
1,1,0.9997830295253842
1,1,0.999683259400469
1,1,0.9996110738783448
1,1,0.9997877884043694
1,1,0.999485770423957
0,0,1.1740389716492714e-07
0,0,8.66668480719325e-06
0,0,6.043124743955026e-06
0,0,6.337354432939852e-06
1,1,0.9993507529613723
0,0,1.0799719050514555e-07
1,1,0.9998374190275301
1,1,0.9999340832306279
0,0,9.07959015299555e-06
1,1,0.9998150875004146
1,1,0.9985091635361576
0,0,4.880897436013947e-06
1,1,0.99980753142652
1,1,0.9993011340686075
0,0,5.208609664619482e-06
1,1,0.9997872616792579
1,1,0.9996683107844204
0,0,4.686426159986857e-06
1,1,0.9994822848712195
1,1,0.9991576860248359
1,1,0.9984539531823912
0,0,0.0011664777207219062
1,1,0.999900108087539
1,1,0.9997418484459202
0,0,8.504553028306961e-06
1,1,0.999821352232766
0,0,0.0006012973940953601
1,1,0.9996353049074128
1,1,0.99905428664987
1,1,0.9997326000195825
1,1,0.9997691792726003
1,1,0.9997672592496228
0,0,3.6003677507214226e-06
1,1,0.9994777834065779
1,1,0.9996487085115244
1,1,0.9998500161018564
1,1,0.9998721192480697
0,0,5.257922136401674e-06
1,1,0.9997322577539144
1,1,0.9990798424042853
0,0,1.2123918348403806e-07
0,0,4.624264425550588e-06
1,1,0.9992164673831766
1,1,0.9998463323363824
1,1,0.9998717268654392
0,0,5.3138475769834676e-06
1,1,0.999782234038641
0,0,5.172003432348098e-06
1,1,0.9995122616531606
0,0,5.491047206455009e-06
1,1,0.999850806117023
0,0,3.91074138353737e-06
0,0,1.1933628146665577e-07
1,1,0.9998215955114805
0,0,5.974620278793744e-06
0,0,0.0017504328803577014
0,0,3.490143581449761e-06
1,1,0.9994808560586171
1,1,0.9997115005268061
1,1,0.9983694411498084
0,0,5.669191063363645e-06
0,0,3.41587467936913e-06
1,1,0.9998294953000714
1,1,0.9998845130624547
1,1,0.9994982184443562
1,1,0.999688052308036
1,1,0.9997849396830917
1,1,0.9997645886851073
0,0,0.0009643965476435252
0,0,7.112965013797408e-06
0,0,5.048498470439515e-06
1,1,0.9995378973940342
1,1,0.999417779372137
1,1,0.9998913718285106
1,1,0.9998560985899898
1,1,0.9998698213079078
1,1,0.9996633793277508
1,1,0.9996216936338521
1,1,0.9998544392326867
0,0,6.0140439476222565e-06
0,0,4.116192798650727e-06
1,1,0.9998824930776387
1,1,0.9998423823713539
1,1,0.9987738211257641
1,1,0.9998362436243736
1,1,0.9993164658658272
1,1,0.9996695559159741
1,1,0.9997462275552954
1,1,0.999599315359097
1,1,0.9996205808088713
1,1,0.9997308979129659
1,1,0.9996708996566804
1,1,0.9986066718758667
0,0,4.095222897875378e-06
1,1,0.9997799133286094
0,0,5.0569476636405725e-06
0,0,4.290204438115953e-06
1,1,0.9997927157826206
0,0,4.3516290297737885e-06
0,0,0.0007906077170033922
0,0,0.0010479442346235318
0,0,4.016243113535309e-06
1,1,0.9998340879027776
1,1,0.999604035161392
0,0,1.2140928771662673e-07
1,1,0.9992315300831806
1,1,0.9999030413162722
1,1,0.9992322818252745
1,1,0.9991818421960154
1,1,0.999743089865196
1,1,0.9993623173015492
1,1,0.9998345274464772
1,1,0.9996798305275155
0,0,6.09437923808157e-06
0,0,4.91817638764765e-06
1,1,0.9998129262704605
1,1,0.998849188787008
0,0,2.8128204932916094e-06
1,1,0.9998815790489084
1,1,0.9997024750754747
1,1,0.999861802234317
1,1,0.9997132891706585
0,0,5.829587107700458e-06
0,0,5.2012396392140535e-06
0,0,4.601176995941061e-06
0,0,5.418689609193916e-06
1,1,0.9995053737958358
1,1,0.9998821512962484
0,0,1.1579726774540913e-07
1,1,0.999548608033375
0,0,5.075228694666762e-06
1,1,0.9997050627708588
1,1,0.9998616918448254
1,1,0.9994248412828549
0,0,5.487326845596701e-06
1,1,0.9998623866268428
1,1,0.9995148736657282
1,1,0.9999474424208852
0,0,1.0855868781633548e-07
0,0,6.005693911452591e-06
0,0,4.4782606086285715e-06
1,1,0.9995601613123671
1,1,0.9997562243024557
0,0,1.0525316924375877e-05
1,1,0.9993436639117533
0,0,0.000430040836928661
1,1,0.9997745496250509
0,0,5.605439275859234e-06
0,0,4.858549075758351e-06
1,1,0.9998266307099362
0,0,3.179018155350436e-06
0,0,7.593390469091468e-06
0,0,0.002027847060991314
1,1,0.9998398682790386
0,0,0.001082026791003528
1,1,0.9996273265714422
0,0,0.0017696394895661135
0,0,3.954240867746062e-06
1,1,0.9998029841460273
1,1,0.9993422923148841
0,0,3.924429954891685e-06
0,0,0.0012499494355263684
1,1,0.9998622406054031
1,1,0.9993759310224309
0,0,3.7655751901346554e-06
1,1,0.9994907713932929
0,0,5.392654428929265e-06
0,0,5.395529935178886e-06
0,0,3.427557116709876e-06
1,1,0.9997381555124696
0,0,7.644805717374292e-06
1,1,0.9996162820278327
0,0,0.0012082979591410267
1,1,0.9997227310147464
0,0,4.052823669425861e-06
0,0,5.608597985322782e-06
1,1,0.9996396211648905
1,1,0.9992608704580567
1,1,0.9997307927316726
1,1,0.9997413767276024
0,0,0.000809752132289123
0,0,9.296456137129126e-08
1,1,0.9987983849267729
1,1,0.9995032989601187
1,1,0.9998659701350001
1,1,0.999654182217626
1,1,0.9996721661720442
1,1,0.9997123944106993
1,1,0.9999475199748734
1,1,0.9992127274274181
1,1,0.9987428615106934
0,0,1.4729036223059874e-07
0,0,6.127596584629955e-06
1,1,0.9996529726640279
1,1,0.9998666547648829
1,1,0.9998690819962456
0,0,4.811870026224327e-06
1,1,0.9997374835084338
0,0,4.332075928107845e-06
1,1,0.9997929514215408
1,1,0.9995177113638146
1,1,0.9997537547036864
1,1,0.9995853111367882
1,1,0.9997353061696176
1,1,0.9997090566565996
1,1,0.9998704145807015
1,1,0.9998591222530822
1,1,0.9993008469329551
1,1,0.9996038304229491
0,0,4.617198038159039e-06
1,1,0.9998615046082343
1,1,0.9996277177247064
1,1,0.9995741624937613
1,1,0.998606217571137
1,1,0.9998401279715307
1,1,0.9998089535997576
0,0,1.378830487502747e-07
0,0,5.11485201472606e-06
1,1,0.9992093885877124
0,0,3.4402332809603093e-06
1,1,0.9991914205472474
1,1,0.999787187826208
1,1,0.9998518789466575
0,0,0.0012729934492686679
1,1,0.9998020665334447
0,0,4.0198841670297394e-06
1,1,0.9996006480551793
1,1,0.9986061932619839
0,0,1.1344064547896326e-07
0,0,0.001314315032430299
1,1,0.9989963968761847
0,0,7.596952148630851e-06
1,1,0.9988016791616007
1,1,0.9999467651756007
0,0,0.0014057045529711687
0,0,8.960878929825167e-06
1,1,0.9997687227698738
1,1,0.9993949730767268
1,1,0.9986404110094209
1,1,0.999365728860591
0,0,5.914232179751788e-06
1,1,0.9997090996044389
1,1,0.9997187779365441
1,1,0.9998113474343914
1,1,0.9998539112268403
0,0,2.8475337555175172e-06
0,0,1.0120158052602466e-07
0,0,5.932962198733303e-06
1,1,0.9995437068775287
0,0,7.121918976532624e-06
1,1,0.9996157699924296
0,0,0.0012975109572772154
1,1,0.999827497599712
1,1,0.9997724956446306
1,1,0.9998178901055816
1,1,0.9993215906350096
1,1,0.999734606241372
0,0,1.271116000190096e-07
1,1,0.9996211044507651
1,1,0.9998314270264609
0,0,4.385411521200254e-06
0,0,0.0007800038501575997
1,1,0.9997558454465114
1,1,0.999751060205727
1,1,0.9997556278947218
1,1,0.9994028768053206
1,1,0.9989687664803828
1,1,0.9997441563050911
1,1,0.9992488653971
1,1,0.9990826383974464
1,1,0.9998778092846161
1,1,0.9998428204404808
1,1,0.9997042127921505
1,1,0.9997725602542749
1,1,0.9997095529006955
1,1,0.9986263139446433
1,1,0.9997336821549813
1,1,0.999629093204148
0,0,7.314411515402746e-06
0,0,3.999333888727427e-06
1,1,0.9995936941709463
1,1,0.9998999240083375
1,1,0.9998759358031611
1,1,0.9999279716469257
0,0,1.2048478875872694e-07
0,0,5.705232666415754e-06
1,1,0.9994123366505617
1,1,0.9997131313331572
0,0,7.631725961186143e-06
1,1,0.9990537445248243
1,1,0.9997700366851154
1,1,0.9998946276633985
1,1,0.9998352454848324
0,0,1.2043618757114783e-07
1,1,0.9998387203595758
1,1,0.9994880352393509
1,1,0.9995335968089089
1,1,0.999763843100462
1,1,0.9998527854425112
0,0,5.556019506690616e-06
1,1,0.9996848382216126
1,1,0.999783950126641
1,1,0.9998980214503532
0,0,4.850825566889519e-06
1,1,0.9997449751452642
1,1,0.999660960417209
0,0,3.8816413174514475e-06
0,0,4.026185970737151e-06
1,1,0.998934024226092
0,0,4.403621329649187e-06
1,1,0.9997708359904579
1,1,0.9994435416686553
1,1,0.9997303425880545
0,0,5.4346626311007075e-06
1,1,0.9996380436267094
1,1,0.9994498227245834
0,0,0.0007424627043612458
1,1,0.9998342557795704
1,1,0.999340171157284
1,1,0.9998902843146921
1,1,0.9999134017023155
1,1,0.9995937150212401
0,0,5.507941382831347e-06
1,1,0.9997468491693836
1,1,0.9998234787418758
1,1,0.9998014911207136
1,1,0.9993558877565798
1,1,0.9995114190209042
1,1,0.9997175493291314
0,0,4.787150957979659e-06
0,0,4.654098104791303e-06
1,1,0.9993956858841302
1,1,0.9995967551674123
1,1,0.9996579291033483
0,0,6.6191674904376785e-06
0,0,6.122839746479629e-06
1,1,0.9998112265249048
0,0,5.280645445782276e-06
1,1,0.9993647664185956
0,0,0.0006096309004843504
0,0,4.661617794894677e-06
1,1,0.9998111617471139
0,0,4.505043313495735e-06
1,1,0.9984658466668193
1,1,0.9997601805876278
1,1,0.9997092238154124
1,1,0.999868901115726
0,0,5.5957616489074625e-06
0,0,3.970853637015658e-06
1,1,0.9991615703539837
1,1,0.999614745849395
1,1,0.9989307499711912
1,1,0.9997923267141517
0,0,1.204708601294547e-05
0,0,0.001373568258591991
1,1,0.999837267366995
1,1,0.9994806831245928
1,1,0.9998861191361318
1,1,0.9999240650303993
0,0,1.102252724315666e-07
0,0,5.279883875041988e-06
0,0,4.298055352422159e-06
1,1,0.9997251245871579
1,1,0.9996232507949228
1,1,0.9998535725207938
1,1,0.9995722374624343
1,1,0.9997302659916334
1,1,0.9999458870999882
0,0,1.2071868718487536e-07
1,1,0.9998959858462854
0,0,1.262671790929943e-07
0,0,3.758773012344667e-06
1,1,0.9995844806158771
1,1,0.9998111481030753
1,1,0.999760383292831
1,1,0.999867834419444
0,0,1.0629352407921724e-05
1,1,0.999760457639346
0,0,3.63011929853616e-06
1,1,0.9995414705194242
0,0,6.367744563377158e-06
0,0,1.0209848103790637e-07
0,0,9.72906812445621e-06
0,0,3.6032676006449056e-06
0,0,4.497258958142085e-06
1,1,0.9996219374160894
0,0,3.736434787636633e-06
0,0,6.7200531484437006e-06
0,0,4.054607423116853e-06
0,0,1.1552129592691538e-07
0,0,5.1317995166425635e-06
0,0,5.629091565611005e-06
1,1,0.9997469319835691
1,1,0.9996108677782701
1,1,0.9994456237246374
0,0,4.542918303570376e-06
1,1,0.9998729631611362
1,1,0.9996970326324434
1,1,0.9992047145304818
1,1,0.9998727107872334
1,1,0.9991801102785829
0,0,3.209842847188399e-06
1,1,0.999876818963865
1,1,0.999853410325049
1,1,0.9993947409604746
0,0,4.664373927247778e-06
1,1,0.9998983458688937
1,1,0.9992529687253605
1,1,0.9998624287294348
1,1,0.9994184395431992
0,0,4.5757678141895675e-06
0,0,0.001120869794771012
1,1,0.9988555343306301
0,0,4.531879585308363e-06
1,1,0.999833553931941
0,0,3.691405787931642e-06
1,1,0.9987429915714711
1,1,0.9999281014600239
0,0,3.939717583601714e-06
1,1,0.9998043687537636
1,1,0.999875393688086
1,1,0.9996149351433485
0,0,4.329366466202897e-06
1,1,0.9991542634330312
1,1,0.9993314891201575
0,0,4.123432922228411e-06
1,1,0.9998188608053887
1,1,0.9999353448015269
1,1,0.9997179895940229
1,1,0.9998673684465298
0,0,1.037062574126862e-07
1,1,0.9998351841804816
1,1,0.9991965450663178
1,1,0.9998778724375007
0,0,0.0016198329194638864
1,1,0.9991386814135367
0,0,5.658638638380957e-06
1,1,0.9995364603772819
1,1,0.9987684110446668
1,1,0.9995881497712361
1,1,0.9996631495326933
1,1,0.9992146006093995
0,0,5.303705259031489e-06
0,0,7.537544051077881e-06
0,0,9.034875654529793e-08
0,0,1.018642787719842e-07
1,1,0.9997093397008738
0,0,0.0006922228542928829
1,1,0.999790788499077
0,0,5.34629702488721e-06
0,0,0.0009569201802847572
0,0,8.188362128619917e-06
1,1,0.9997559410387823
0,0,5.186070114681334e-06
1,1,0.9999415265383709
1,1,0.9993931765638447
1,1,0.9998568599422663
1,1,0.9997696498410831
1,1,0.9995671300439607
1,1,0.9999141524317822
0,0,6.91287298757545e-06
1,1,0.9996687300697242
1,1,0.9995233914625911
0,0,5.028368840412134e-06
1,1,0.9992262497770766
1,1,0.9994595609114875
1,1,0.9995638543185953
1,1,0.9984449586418678
1,1,0.9999230504037013
1,1,0.9998919733150067
0,0,0.0011165442040340576
1,1,0.998886445598276
1,1,0.9997772627079164
1,1,0.9999055074284269
1,1,0.9997688080406091
1,1,0.999843719152094
0,0,3.829086805446952e-06
1,1,0.9996925892044052
1,1,0.9996569833392905
1,1,0.9994832827754379
0,0,0.000685931159802492
1,1,0.9999189036132506
1,1,0.9997616115217279
1,1,0.9996175659799651
1,1,0.999867912929537
1,1,0.9995904450743216
0,0,4.485453479731112e-06
1,1,0.999747150784083
0,0,5.8415458883344504e-06
1,1,0.9995949620866671
0,0,1.0805686956681514e-07
1,1,0.9993655961449986
1,1,0.9996666782302406
1,1,0.9996552002975192
1,1,0.9997015082120322
1,1,0.9993515392648313
0,0,0.0014377421758366995
0,0,0.0022043374761232066
1,1,0.9995241198583366
1,1,0.9988081986399869
0,0,5.35093448148266e-06
0,0,0.0006060142974279654
0,0,4.881870965294151e-06
0,0,3.7955310933192636e-06
0,0,5.583624533176785e-06
1,1,0.9998893400043802
1,1,0.9996386780014879
1,1,0.9999132576968237
1,1,0.9980177874955821
0,0,1.2145784719208415e-07
0,0,2.861898420881399e-06
1,1,0.9998583334219603
1,1,0.999596951201215
1,1,0.9983612434399612
0,0,1.1505661956185285e-07
1,1,0.9998256370860482
0,0,9.717347144667704e-06
1,1,0.9995527531580954
1,1,0.9990926873518413
1,1,0.9998025871512876
1,1,0.9995468225645778
1,1,0.9995468273000155
1,1,0.9993871497084909
0,0,5.524782252339075e-06
0,0,7.464708903856737e-06
1,1,0.9988138018856957
0,0,5.038457020724083e-06
1,1,0.9992288495102768
1,1,0.9998734454329997
1,1,0.9997555494452881
0,0,0.002163952044974704
0,0,6.267116413595864e-06
0,0,8.404436246050151e-06
1,1,0.9983759976490102
1,1,0.9997761812976602
1,1,0.9995777978673093
1,1,0.9994997769097855
1,1,0.9998095091091789
1,1,0.9993039343024598
1,1,0.9997520157268626
0,0,2.717961257147875e-06
1,1,0.9999003613296873
1,1,0.9997392074451192
0,0,0.0014067005161456662
0,0,1.1077701278894274e-07
0,0,0.0005521850385649021
1,1,0.999102046227786
1,1,0.9995680150240343
1,1,0.999709779365328
1,1,0.9999106692031176
0,0,3.2730353710932498e-06
0,0,8.266952240267634e-08
1,1,0.9994891708325422
0,0,6.830249745754062e-06
1,1,0.9996731914941434
1,1,0.9998194393051323
0,0,5.2958850898653526e-06
1,1,0.9996708917189026
1,1,0.9992667200820964
0,0,4.800487749074169e-06
1,1,0.9998180541003294
1,1,0.999865365559047
0,0,4.551912053442155e-06
1,1,0.9999443918345603
0,0,5.31957645327088e-06
1,1,0.9993080536224522
1,1,0.9997294305015144
1,1,0.9995771604033633
1,1,0.9995734373991478
0,0,3.74472108070916e-06
0,0,1.1501049655274958e-07
1,1,0.9997104183427463
0,0,0.0009519438107549004
0,0,0.0014343175742881013
1,1,0.9988566184167503
1,1,0.9993677624649329
1,1,0.9997094239009678
1,1,0.9996455532384118
0,0,3.3735874065771624e-06
0,0,5.058057502563875e-06
1,1,0.9993035689448794
1,1,0.9998783710363167
1,1,0.99902030577629
0,0,5.2491363678724284e-06
0,0,3.7245081074370817e-06
1,1,0.9997380850371536
0,0,3.780597638763966e-06
1,1,0.9992253253593705
0,0,4.0788777804538575e-06
1,1,0.999724659197202
1,1,0.9998269537468074
0,0,3.5551935867187914e-06
1,1,0.9997977423145848
0,0,1.0135979787094192e-05
1,1,0.9991010217610319
1,1,0.9998090076641873
1,1,0.9989487323816267
0,0,1.0300316669298397e-05
0,0,6.089935304160705e-06
1,1,0.9999403939058786
1,1,0.9997453326243549
1,1,0.999895082713487
1,1,0.9998543376097541
0,0,4.766660581507387e-06
0,0,4.888363456156255e-06
0,0,1.205259290278779e-07
1,1,0.9996013255078082
1,1,0.9992589838526681
0,0,1.1482846909206606e-07
0,0,1.1103976870680006e-07
0,0,7.087469686573864e-06
0,0,5.567672346770285e-06
1,1,0.9997517656364767
1,1,0.9998909669569088
0,0,4.465587736720933e-06
1,1,0.9995331796975958
0,0,1.1638905401537767e-07
0,0,1.0932111637459216e-07
0,0,0.001958483042954779
0,0,0.0010631907985693785
0,0,3.5808451238726815e-06
1,1,0.9998604030315369
1,1,0.999676892020944
1,1,0.9998647916964575
1,1,0.9994927837124217
0,0,5.993917571794303e-06
1,1,0.999543735010748
0,0,4.5309198242684874e-06
1,1,0.9998047927732999
1,1,0.9997412566487743
0,0,5.558927469440597e-06
1,1,0.9993395305217769
0,0,5.956319255848983e-06
1,1,0.9999023963211416
1,1,0.9995019931753668
1,1,0.9995936765000677
1,1,0.9997271454348015
1,1,0.999404560529702
0,0,3.785572221057287e-06
1,1,0.9996668488364749
0,0,4.100380717642024e-06
1,1,0.9993005276932297
1,1,0.9996534139218617
0,0,5.2312091495788835e-06
1,1,0.9998593363304831
0,0,4.372090531170601e-06
0,0,4.107008487246494e-06
0,0,5.851221627881403e-06
1,1,0.9991582063060042
1,1,0.999741630419562
1,1,0.9993102634329939
1,1,0.999851159782699
0,0,5.7714734183028326e-06
1,1,0.9996462309422448
1,1,0.9998943226123113
1,1,0.9995184939733303
1,1,0.9987629434926532
0,0,0.0009101666296463056
1,1,0.9997218646966155
1,1,0.9999254448838135
0,0,1.1131336863609948e-07
0,0,0.0009097527580624483
0,0,1.1456842483819318e-07
0,0,1.0262792815471054e-07
0,0,3.485652667928258e-06
1,1,0.9997051044647177
1,1,0.9988946767239707
1,1,0.998923582971295
0,0,3.663737046858743e-06
1,1,0.9986212296807652
0,0,0.0008897269823536284
0,0,4.842266524542115e-06
0,0,4.096611110686722e-06
1,1,0.9995316167414667
1,1,0.9995050095098567
0,0,0.0009598469312594002
0,0,3.989443344224414e-06
1,1,0.9997635620414133
1,1,0.9993482211907461
0,0,1.3263064600845284e-07
1,1,0.9997172322397602
1,1,0.9989626497370269
0,0,4.005754080010116e-06
1,1,0.9995766251911785
1,1,0.9998190101222213
1,1,0.9999154213287823
1,1,0.999576984683516
0,0,0.0004254972382676864
