cluster,Booking ID,Customer ID
0,"""CNR3558857""","""CID8778360"""
0,"""CNR5052392""","""CID7088743"""
0,"""CNR2029594""","""CID5323591"""
0,"""CNR5822944""","""CID2853495"""
0,"""CNR1853288""","""CID7985405"""
0,"""CNR1924980""","""CID4572123"""
0,"""CNR6428706""","""CID3985840"""
0,"""CNR8644031""","""CID4710639"""
0,"""CNR3291891""","""CID6421919"""
0,"""CNR9495382""","""CID3344206"""
2,"""CNR6325880""","""CID9626358"""
0,"""CNR2313454""","""CID8112717"""
0,"""CNR3869167""","""CID7789672"""
0,"""CNR1500385""","""CID8969471"""
0,"""CNR4281997""","""CID5001286"""
0,"""CNR4185490""","""CID3662820"""
0,"""CNR2441181""","""CID7295634"""
0,"""CNR8770474""","""CID4525233"""
0,"""CNR5490051""","""CID8534736"""
0,"""CNR5067047""","""CID8229521"""
0,"""CNR9929685""","""CID8121071"""
0,"""CNR8687476""","""CID3041449"""
0,"""CNR4854179""","""CID1064699"""
0,"""CNR2773573""","""CID7619469"""
2,"""CNR8303177""","""CID8784370"""
2,"""CNR8697325""","""CID4015744"""
0,"""CNR7070248""","""CID1713953"""
2,"""CNR5496390""","""CID6411442"""
0,"""CNR8324751""","""CID2811449"""
2,"""CNR3623086""","""CID3071155"""
0,"""CNR1673425""","""CID1560999"""
2,"""CNR2785361""","""CID1441899"""
0,"""CNR5436942""","""CID8333094"""
2,"""CNR8668239""","""CID3173408"""
0,"""CNR3530541""","""CID8420306"""
0,"""CNR1030337""","""CID8025419"""
0,"""CNR2855354""","""CID7716310"""
0,"""CNR6710822""","""CID8175852"""
2,"""CNR9678211""","""CID8385568"""
2,"""CNR2336533""","""CID5881523"""
0,"""CNR1832695""","""CID8410755"""
0,"""CNR9087789""","""CID6927506"""
0,"""CNR7806328""","""CID1075963"""
0,"""CNR8478409""","""CID8796136"""
0,"""CNR9413727""","""CID6027527"""
0,"""CNR8769795""","""CID1999443"""
0,"""CNR8885319""","""CID4698873"""
2,"""CNR4480885""","""CID3456328"""
0,"""CNR5555885""","""CID8748108"""
0,"""CNR1503125""","""CID8728706"""
2,"""CNR3307093""","""CID7850654"""
0,"""CNR2786684""","""CID6943734"""
0,"""CNR2233949""","""CID7431367"""
0,"""CNR5318787""","""CID5214294"""
0,"""CNR9041583""","""CID3711276"""
0,"""CNR7207389""","""CID4950963"""
2,"""CNR7594731""","""CID5888732"""
0,"""CNR1525879""","""CID9479145"""
0,"""CNR5547305""","""CID8378248"""
0,"""CNR2287595""","""CID3915030"""
0,"""CNR5744095""","""CID1209704"""
0,"""CNR2879528""","""CID2491038"""
2,"""CNR8068770""","""CID4441307"""
0,"""CNR6799667""","""CID8229528"""
0,"""CNR2196340""","""CID2969700"""
0,"""CNR5199908""","""CID9592057"""
0,"""CNR9612243""","""CID8067768"""
0,"""CNR9992160""","""CID6345779"""
0,"""CNR4394477""","""CID4478167"""
0,"""CNR1487413""","""CID1275378"""
0,"""CNR6048892""","""CID3415570"""
2,"""CNR3280574""","""CID8591765"""
2,"""CNR9964590""","""CID4382532"""
0,"""CNR7749526""","""CID9041201"""
0,"""CNR3376684""","""CID9582455"""
0,"""CNR2868272""","""CID1530343"""
0,"""CNR4348864""","""CID4609751"""
0,"""CNR6444981""","""CID3705816"""
2,"""CNR7039176""","""CID4648119"""
0,"""CNR5764996""","""CID7190008"""
0,"""CNR3681200""","""CID4699035"""
0,"""CNR7471320""","""CID7902808"""
0,"""CNR2697342""","""CID3447723"""
0,"""CNR2743170""","""CID4803714"""
0,"""CNR7839519""","""CID4835507"""
0,"""CNR7735611""","""CID7492770"""
0,"""CNR2471122""","""CID1740172"""
2,"""CNR8069522""","""CID5961593"""
0,"""CNR1490146""","""CID6868249"""
0,"""CNR8493937""","""CID7517575"""
0,"""CNR4915334""","""CID3575568"""
0,"""CNR7855069""","""CID3950476"""
0,"""CNR9381345""","""CID2860890"""
0,"""CNR8100553""","""CID4323779"""
0,"""CNR6599088""","""CID6719778"""
0,"""CNR4460377""","""CID2407050"""
2,"""CNR6088152""","""CID9908064"""
0,"""CNR2497974""","""CID4803263"""
2,"""CNR5835197""","""CID2948860"""
0,"""CNR9325972""","""CID8430471"""
0,"""CNR1436872""","""CID4063335"""
2,"""CNR3789354""","""CID6391957"""
2,"""CNR9884310""","""CID3343797"""
0,"""CNR1276918""","""CID5779463"""
0,"""CNR8895020""","""CID7190744"""
2,"""CNR2060394""","""CID1013661"""
0,"""CNR3280395""","""CID9652434"""
0,"""CNR3401036""","""CID4240657"""
2,"""CNR1419517""","""CID7896934"""
2,"""CNR5091010""","""CID7139695"""
0,"""CNR9844595""","""CID8010743"""
0,"""CNR2046030""","""CID2646637"""
0,"""CNR8454541""","""CID7601524"""
0,"""CNR7844133""","""CID9200116"""
0,"""CNR3878625""","""CID2241393"""
0,"""CNR7213710""","""CID2227189"""
0,"""CNR3153297""","""CID7263571"""
0,"""CNR2461324""","""CID8227385"""
0,"""CNR2797183""","""CID9853447"""
0,"""CNR9388728""","""CID8842045"""
0,"""CNR8282654""","""CID7800600"""
2,"""CNR8909666""","""CID1160084"""
0,"""CNR9484567""","""CID8487227"""
2,"""CNR4138305""","""CID3702247"""
2,"""CNR7919622""","""CID5262884"""
0,"""CNR3799131""","""CID2628159"""
2,"""CNR7126511""","""CID8591258"""
0,"""CNR5817418""","""CID6694274"""
0,"""CNR6618765""","""CID4692578"""
2,"""CNR1435674""","""CID7768317"""
0,"""CNR9619975""","""CID8798133"""
0,"""CNR2361672""","""CID6218912"""
2,"""CNR3868095""","""CID7949065"""
0,"""CNR3568157""","""CID4645124"""
0,"""CNR9317088""","""CID3108709"""
0,"""CNR5407374""","""CID3538241"""
0,"""CNR6147341""","""CID5136935"""
0,"""CNR4127667""","""CID8395229"""
0,"""CNR4367173""","""CID4861587"""
0,"""CNR6361847""","""CID6122077"""
0,"""CNR3186985""","""CID8960406"""
0,"""CNR1640277""","""CID2172445"""
0,"""CNR6342893""","""CID2618653"""
0,"""CNR7284499""","""CID2523152"""
0,"""CNR2809832""","""CID1577269"""
2,"""CNR6963541""","""CID6510536"""
0,"""CNR9640247""","""CID8243562"""
0,"""CNR2382987""","""CID8804795"""
0,"""CNR4411907""","""CID2931000"""
0,"""CNR1268452""","""CID8485681"""
2,"""CNR4222041""","""CID4967915"""
0,"""CNR9467287""","""CID5746741"""
0,"""CNR8237315""","""CID1224859"""
2,"""CNR7742145""","""CID9915503"""
2,"""CNR9734602""","""CID3248441"""
0,"""CNR4847532""","""CID3023859"""
0,"""CNR5177000""","""CID7795707"""
0,"""CNR9640519""","""CID4192744"""
2,"""CNR7447802""","""CID3207053"""
0,"""CNR9067874""","""CID7125411"""
2,"""CNR2690708""","""CID8443994"""
0,"""CNR8166618""","""CID7856169"""
0,"""CNR1522344""","""CID8466789"""
0,"""CNR7551949""","""CID9784874"""
0,"""CNR2674809""","""CID4000179"""
0,"""CNR2424738""","""CID9904806"""
0,"""CNR4143263""","""CID3746657"""
2,"""CNR4401349""","""CID4060555"""
2,"""CNR6395084""","""CID6974774"""
0,"""CNR5754234""","""CID3233046"""
2,"""CNR6403899""","""CID9198652"""
2,"""CNR4068955""","""CID6258755"""
0,"""CNR5087236""","""CID8691478"""
0,"""CNR4346828""","""CID9750911"""
0,"""CNR3901250""","""CID4369282"""
0,"""CNR7856182""","""CID1362109"""
0,"""CNR6551646""","""CID7651812"""
2,"""CNR7758799""","""CID6206234"""
0,"""CNR2330109""","""CID2979801"""
0,"""CNR9620851""","""CID4387022"""
0,"""CNR8771017""","""CID8294994"""
2,"""CNR9423878""","""CID7673895"""
0,"""CNR7152553""","""CID7280142"""
0,"""CNR9035286""","""CID9681675"""
0,"""CNR9730832""","""CID9016986"""
0,"""CNR3637219""","""CID6039467"""
0,"""CNR8872790""","""CID3761353"""
2,"""CNR5135199""","""CID5101651"""
0,"""CNR5054996""","""CID4043104"""
0,"""CNR4803117""","""CID4793631"""
0,"""CNR1698012""","""CID7661315"""
0,"""CNR1989871""","""CID6040614"""
2,"""CNR6987973""","""CID2234300"""
0,"""CNR8772874""","""CID9787848"""
0,"""CNR4593196""","""CID3805955"""
0,"""CNR2734736""","""CID7429033"""
0,"""CNR8241018""","""CID6555732"""
0,"""CNR4505039""","""CID8601598"""
2,"""CNR7178659""","""CID1716106"""
2,"""CNR9183294""","""CID9872859"""
0,"""CNR5708408""","""CID6243570"""
0,"""CNR1881891""","""CID1360433"""
0,"""CNR8478222""","""CID2721319"""
0,"""CNR3084648""","""CID1937205"""
0,"""CNR3026258""","""CID9986770"""
0,"""CNR1695853""","""CID4528760"""
2,"""CNR5788936""","""CID6345821"""
0,"""CNR2568344""","""CID6617349"""
2,"""CNR4317891""","""CID8634258"""
0,"""CNR9980843""","""CID3187913"""
2,"""CNR4123593""","""CID6638547"""
0,"""CNR2839671""","""CID9150167"""
0,"""CNR2358197""","""CID6743666"""
0,"""CNR4418324""","""CID3086776"""
0,"""CNR3932130""","""CID3676727"""
0,"""CNR5876135""","""CID3186388"""
0,"""CNR9578612""","""CID2359070"""
2,"""CNR3209089""","""CID9904106"""
0,"""CNR6538345""","""CID1953446"""
2,"""CNR9688524""","""CID8597717"""
2,"""CNR6334539""","""CID4836168"""
0,"""CNR1899788""","""CID3611694"""
0,"""CNR2610114""","""CID5064441"""
0,"""CNR2428690""","""CID4246886"""
0,"""CNR3387995""","""CID1502839"""
0,"""CNR2732248""","""CID9906903"""
2,"""CNR8269235""","""CID7624612"""
0,"""CNR7756733""","""CID1103752"""
0,"""CNR1847168""","""CID2779796"""
0,"""CNR7281541""","""CID9598744"""
0,"""CNR4957738""","""CID2267134"""
0,"""CNR8035251""","""CID6309490"""
2,"""CNR8056413""","""CID4460659"""
0,"""CNR1093925""","""CID7687822"""
0,"""CNR5302434""","""CID2277549"""
2,"""CNR7252849""","""CID9942585"""
0,"""CNR7313455""","""CID6493538"""
0,"""CNR9351879""","""CID2089878"""
0,"""CNR3858513""","""CID6567528"""
0,"""CNR9344676""","""CID7349430"""
0,"""CNR4519422""","""CID2421410"""
0,"""CNR7611212""","""CID2878440"""
0,"""CNR7714032""","""CID3085476"""
0,"""CNR1948861""","""CID6143438"""
2,"""CNR2629424""","""CID9072166"""
0,"""CNR8351683""","""CID3457688"""
0,"""CNR1561736""","""CID4157378"""
0,"""CNR1294261""","""CID6422627"""
0,"""CNR1091896""","""CID9949358"""
2,"""CNR7651226""","""CID1230462"""
0,"""CNR5159897""","""CID7457520"""
0,"""CNR5019607""","""CID7628290"""
0,"""CNR5465884""","""CID9280964"""
0,"""CNR4758961""","""CID1743539"""
0,"""CNR6289955""","""CID7895934"""
0,"""CNR2699344""","""CID2217677"""
0,"""CNR8643911""","""CID9218368"""
2,"""CNR2694417""","""CID1000469"""
0,"""CNR9559138""","""CID5276434"""
2,"""CNR1626063""","""CID1113680"""
2,"""CNR6810144""","""CID5932031"""
2,"""CNR2512316""","""CID2030041"""
0,"""CNR5787643""","""CID8892213"""
0,"""CNR9678938""","""CID9557732"""
2,"""CNR6861662""","""CID9242064"""
0,"""CNR8994740""","""CID3819662"""
0,"""CNR1853869""","""CID4130723"""
0,"""CNR2998103""","""CID7623615"""
0,"""CNR7159512""","""CID4395962"""
2,"""CNR7488009""","""CID4034738"""
0,"""CNR9843236""","""CID4756511"""
0,"""CNR6040356""","""CID2389336"""
0,"""CNR9022028""","""CID9652138"""
0,"""CNR1049697""","""CID4014997"""
0,"""CNR6889000""","""CID6541963"""
0,"""CNR3658168""","""CID8986815"""
0,"""CNR9604239""","""CID9391432"""
0,"""CNR5760846""","""CID4280224"""
0,"""CNR6912372""","""CID8209339"""
0,"""CNR1510763""","""CID3752401"""
0,"""CNR1584734""","""CID4561814"""
0,"""CNR9206288""","""CID3646109"""
0,"""CNR9168487""","""CID8560087"""
0,"""CNR7955680""","""CID7753193"""
0,"""CNR5512690""","""CID5375568"""
0,"""CNR1546571""","""CID4141258"""
0,"""CNR5280543""","""CID8644494"""
0,"""CNR9312933""","""CID3255419"""
0,"""CNR5219967""","""CID6245712"""
2,"""CNR8289958""","""CID7563761"""
0,"""CNR7016446""","""CID3486870"""
0,"""CNR4401142""","""CID1087696"""
0,"""CNR8556948""","""CID6242852"""
2,"""CNR1621387""","""CID9721342"""
0,"""CNR5559039""","""CID4554771"""
0,"""CNR6468323""","""CID1348580"""
0,"""CNR2316993""","""CID3255373"""
2,"""CNR3783802""","""CID8423004"""
0,"""CNR9087985""","""CID6555761"""
0,"""CNR8950600""","""CID1390814"""
0,"""CNR3411410""","""CID5076170"""
0,"""CNR3848312""","""CID6990960"""
0,"""CNR7297365""","""CID3715566"""
0,"""CNR4173564""","""CID8512420"""
0,"""CNR8042087""","""CID9395632"""
0,"""CNR1108148""","""CID5742317"""
0,"""CNR5598903""","""CID5320070"""
0,"""CNR8478943""","""CID2188539"""
0,"""CNR7734052""","""CID3343064"""
0,"""CNR9706270""","""CID4769419"""
0,"""CNR2055357""","""CID6545923"""
0,"""CNR8651705""","""CID4053528"""
2,"""CNR9699210""","""CID2370502"""
0,"""CNR9759467""","""CID4643119"""
0,"""CNR6659946""","""CID5716164"""
0,"""CNR7700450""","""CID6720823"""
0,"""CNR6201394""","""CID6262468"""
0,"""CNR5895463""","""CID4508790"""
2,"""CNR5737766""","""CID2100161"""
0,"""CNR8645160""","""CID2524479"""
0,"""CNR3178451""","""CID6148515"""
0,"""CNR6563687""","""CID2170882"""
0,"""CNR2938458""","""CID5736702"""
0,"""CNR4021125""","""CID8211403"""
2,"""CNR7643127""","""CID7588259"""
0,"""CNR3035100""","""CID2017413"""
0,"""CNR5469735""","""CID7243821"""
0,"""CNR2633993""","""CID4365488"""
0,"""CNR9626696""","""CID5953421"""
0,"""CNR9150783""","""CID6446419"""
0,"""CNR2450519""","""CID3195891"""
0,"""CNR7180971""","""CID7517221"""
0,"""CNR4649737""","""CID1563974"""
0,"""CNR2538608""","""CID1400710"""
2,"""CNR5284309""","""CID4373570"""
2,"""CNR6547495""","""CID4811913"""
0,"""CNR6950968""","""CID3104816"""
0,"""CNR6822426""","""CID6932218"""
0,"""CNR3806920""","""CID5820046"""
2,"""CNR4105094""","""CID3937257"""
0,"""CNR9456333""","""CID7826593"""
0,"""CNR8223604""","""CID2980705"""
0,"""CNR7116878""","""CID8235642"""
0,"""CNR5629911""","""CID8086225"""
0,"""CNR8392019""","""CID4787931"""
0,"""CNR6447911""","""CID9821960"""
0,"""CNR6909099""","""CID2371775"""
0,"""CNR4977212""","""CID7733449"""
0,"""CNR9622552""","""CID6934163"""
0,"""CNR5838749""","""CID6407373"""
0,"""CNR6000056""","""CID6482333"""
0,"""CNR5552552""","""CID4071754"""
0,"""CNR8452851""","""CID4808091"""
0,"""CNR5004299""","""CID4905857"""
0,"""CNR5093104""","""CID8531573"""
0,"""CNR9359285""","""CID7736359"""
0,"""CNR2288761""","""CID4310451"""
0,"""CNR4397449""","""CID3739386"""
2,"""CNR4908217""","""CID9156538"""
2,"""CNR1757593""","""CID1398956"""
0,"""CNR2334366""","""CID9916121"""
0,"""CNR7024432""","""CID2354197"""
0,"""CNR2907914""","""CID7624103"""
0,"""CNR6515527""","""CID2048690"""
0,"""CNR1235185""","""CID7901883"""
2,"""CNR2392370""","""CID6352204"""
0,"""CNR9874404""","""CID4159349"""
0,"""CNR2824706""","""CID7021780"""
0,"""CNR9660340""","""CID9212735"""
2,"""CNR4518639""","""CID2514944"""
0,"""CNR3495487""","""CID8899062"""
0,"""CNR1349198""","""CID9037788"""
0,"""CNR2396471""","""CID1060964"""
2,"""CNR8343905""","""CID4264247"""
0,"""CNR2246855""","""CID6221627"""
0,"""CNR1171116""","""CID3008125"""
0,"""CNR5664185""","""CID8138540"""
0,"""CNR5178966""","""CID3897446"""
0,"""CNR5840624""","""CID6352665"""
0,"""CNR9052615""","""CID3868378"""
0,"""CNR2311451""","""CID6909928"""
0,"""CNR1927791""","""CID5374183"""
0,"""CNR1825564""","""CID6786088"""
2,"""CNR8928663""","""CID5593641"""
0,"""CNR7092206""","""CID4849455"""
0,"""CNR2167842""","""CID5621931"""
0,"""CNR7043798""","""CID3412961"""
0,"""CNR1775831""","""CID8678390"""
0,"""CNR2799151""","""CID9424100"""
0,"""CNR2997550""","""CID5729095"""
0,"""CNR3759493""","""CID2725067"""
0,"""CNR8618774""","""CID2350414"""
2,"""CNR3503269""","""CID6401370"""
0,"""CNR5659003""","""CID8453825"""
0,"""CNR1065674""","""CID9677688"""
2,"""CNR1665619""","""CID1064416"""
0,"""CNR6059975""","""CID9342487"""
0,"""CNR9919299""","""CID7662015"""
0,"""CNR8518152""","""CID9724615"""
0,"""CNR6969653""","""CID7647579"""
0,"""CNR9820946""","""CID4603336"""
0,"""CNR9422208""","""CID2454577"""
0,"""CNR4612894""","""CID6980981"""
0,"""CNR2894325""","""CID7586609"""
0,"""CNR4022296""","""CID9185830"""
0,"""CNR2676402""","""CID6404843"""
0,"""CNR2174637""","""CID3518854"""
0,"""CNR4933209""","""CID7088241"""
0,"""CNR5493906""","""CID5370774"""
0,"""CNR1314089""","""CID5060253"""
2,"""CNR1920315""","""CID9825795"""
0,"""CNR9342849""","""CID2633826"""
0,"""CNR7029396""","""CID1615664"""
0,"""CNR9864371""","""CID4660677"""
0,"""CNR5601199""","""CID8666146"""
0,"""CNR3346482""","""CID9840601"""
0,"""CNR4178972""","""CID8596728"""
0,"""CNR2064997""","""CID5763384"""
0,"""CNR5033030""","""CID6146427"""
2,"""CNR4730014""","""CID4154652"""
0,"""CNR4511087""","""CID2847373"""
0,"""CNR1540475""","""CID9212995"""
0,"""CNR7906631""","""CID5515899"""
2,"""CNR7102454""","""CID8991621"""
0,"""CNR6913012""","""CID9147099"""
0,"""CNR6656761""","""CID6633656"""
0,"""CNR1821616""","""CID6899862"""
0,"""CNR9822921""","""CID1214575"""
2,"""CNR4984021""","""CID6070379"""
0,"""CNR5328767""","""CID6255375"""
0,"""CNR9518844""","""CID2668191"""
0,"""CNR3441559""","""CID9483323"""
0,"""CNR8311357""","""CID5889186"""
0,"""CNR7130009""","""CID5735876"""
2,"""CNR5234695""","""CID6426671"""
0,"""CNR2956462""","""CID2036710"""
0,"""CNR9050697""","""CID5068651"""
0,"""CNR6622376""","""CID6466307"""
0,"""CNR6860342""","""CID2298295"""
2,"""CNR4593865""","""CID1339988"""
2,"""CNR9991524""","""CID3490575"""
0,"""CNR2644760""","""CID6506245"""
0,"""CNR9422213""","""CID5720578"""
0,"""CNR2426764""","""CID7072997"""
0,"""CNR3699357""","""CID2941138"""
0,"""CNR1929447""","""CID9170906"""
0,"""CNR3828634""","""CID7786187"""
0,"""CNR5619179""","""CID3573626"""
0,"""CNR5251401""","""CID9133704"""
0,"""CNR6472570""","""CID2009103"""
0,"""CNR1135182""","""CID9260249"""
0,"""CNR3630440""","""CID6108317"""
0,"""CNR4048679""","""CID1888443"""
0,"""CNR2071393""","""CID3004529"""
0,"""CNR4035836""","""CID5980571"""
0,"""CNR2395125""","""CID3988525"""
0,"""CNR2788431""","""CID6204024"""
0,"""CNR2805782""","""CID9075681"""
2,"""CNR7811131""","""CID6248517"""
0,"""CNR9668405""","""CID3372164"""
0,"""CNR3246278""","""CID2242421"""
2,"""CNR3724186""","""CID1736081"""
2,"""CNR7530878""","""CID1130164"""
0,"""CNR5832276""","""CID3785443"""
0,"""CNR8186739""","""CID5349282"""
2,"""CNR6964292""","""CID7661107"""
0,"""CNR8924628""","""CID2481222"""
0,"""CNR6852578""","""CID9722975"""
0,"""CNR5213811""","""CID3516743"""
2,"""CNR4248131""","""CID9713392"""
0,"""CNR2554178""","""CID1010326"""
0,"""CNR8191040""","""CID8238424"""
0,"""CNR2997743""","""CID8062705"""
0,"""CNR3386738""","""CID2093314"""
0,"""CNR8498390""","""CID4407093"""
0,"""CNR4156835""","""CID7576860"""
0,"""CNR3531201""","""CID5531777"""
2,"""CNR3573109""","""CID5073882"""
0,"""CNR5555338""","""CID6916101"""
0,"""CNR4712255""","""CID8273105"""
0,"""CNR4219955""","""CID2008753"""
2,"""CNR2497421""","""CID9960879"""
0,"""CNR1767755""","""CID6815895"""
0,"""CNR9191973""","""CID1013951"""
0,"""CNR9820574""","""CID3417446"""
0,"""CNR8909716""","""CID1280362"""
0,"""CNR4868411""","""CID4209437"""
0,"""CNR8278822""","""CID4043413"""
0,"""CNR9020634""","""CID8503434"""
0,"""CNR8990761""","""CID5641351"""
2,"""CNR1906549""","""CID9456284"""
0,"""CNR8219619""","""CID4363011"""
0,"""CNR4753032""","""CID7990074"""
0,"""CNR5959453""","""CID4150786"""
0,"""CNR6074343""","""CID5420023"""
0,"""CNR4443737""","""CID4689969"""
0,"""CNR2274551""","""CID4120587"""
0,"""CNR9526108""","""CID8449684"""
0,"""CNR9311742""","""CID1984234"""
2,"""CNR4825636""","""CID2384104"""
0,"""CNR9150065""","""CID6311019"""
0,"""CNR1115522""","""CID6123757"""
0,"""CNR9660259""","""CID7106768"""
0,"""CNR6601199""","""CID2305370"""
2,"""CNR7047567""","""CID9565856"""
0,"""CNR1741104""","""CID8088376"""
2,"""CNR2105310""","""CID3949429"""
0,"""CNR2486459""","""CID6481543"""
2,"""CNR1202951""","""CID1531181"""
0,"""CNR2167786""","""CID8604052"""
2,"""CNR2882475""","""CID6341974"""
0,"""CNR4069562""","""CID7899750"""
0,"""CNR8150269""","""CID9532070"""
0,"""CNR2553692""","""CID5757300"""
0,"""CNR4508657""","""CID5609050"""
0,"""CNR1828018""","""CID5325957"""
0,"""CNR6176617""","""CID9374345"""
0,"""CNR9199604""","""CID8907411"""
0,"""CNR5576805""","""CID2519357"""
0,"""CNR2848544""","""CID7080818"""
0,"""CNR5579105""","""CID7770502"""
0,"""CNR3589636""","""CID6782686"""
0,"""CNR8779367""","""CID9651575"""
0,"""CNR7851191""","""CID5943539"""
0,"""CNR4461756""","""CID5789156"""
2,"""CNR6999903""","""CID8644976"""
0,"""CNR5435328""","""CID8505182"""
0,"""CNR4574315""","""CID2642914"""
0,"""CNR9934513""","""CID8485124"""
0,"""CNR7642097""","""CID8488681"""
2,"""CNR7822094""","""CID6968281"""
0,"""CNR5119809""","""CID3373745"""
0,"""CNR7818449""","""CID5563142"""
0,"""CNR5836727""","""CID2033896"""
0,"""CNR8077294""","""CID1412778"""
0,"""CNR1908139""","""CID3298551"""
0,"""CNR1085997""","""CID9920916"""
2,"""CNR1270325""","""CID7025655"""
0,"""CNR3928314""","""CID7600138"""
2,"""CNR9302791""","""CID8439124"""
0,"""CNR9456483""","""CID8478953"""
0,"""CNR4249287""","""CID8366640"""
0,"""CNR9444861""","""CID4706209"""
0,"""CNR3840412""","""CID4456205"""
0,"""CNR7412056""","""CID7828852"""
0,"""CNR2857520""","""CID7252603"""
2,"""CNR5672928""","""CID1257500"""
0,"""CNR3955434""","""CID2724222"""
0,"""CNR7991279""","""CID5489298"""
0,"""CNR4305522""","""CID1369549"""
0,"""CNR4400782""","""CID1448412"""
0,"""CNR8764618""","""CID6873959"""
0,"""CNR4284600""","""CID2153842"""
0,"""CNR2566947""","""CID6840122"""
2,"""CNR6357836""","""CID6866534"""
0,"""CNR9271063""","""CID8871812"""
0,"""CNR7120005""","""CID9761662"""
0,"""CNR4055707""","""CID5410931"""
0,"""CNR8595269""","""CID3989791"""
0,"""CNR2246074""","""CID7369965"""
0,"""CNR9189158""","""CID6604583"""
0,"""CNR9324881""","""CID8364645"""
0,"""CNR1426881""","""CID6161406"""
0,"""CNR9831624""","""CID1787688"""
0,"""CNR7893552""","""CID7174736"""
0,"""CNR7208425""","""CID5183294"""
2,"""CNR8416690""","""CID7133312"""
0,"""CNR7942358""","""CID9037911"""
0,"""CNR6846282""","""CID5452140"""
0,"""CNR2174910""","""CID4233017"""
0,"""CNR5835391""","""CID2895790"""
0,"""CNR7692813""","""CID4159599"""
0,"""CNR8780951""","""CID7207428"""
2,"""CNR5049610""","""CID9741313"""
0,"""CNR6032994""","""CID5854277"""
2,"""CNR5804680""","""CID5921510"""
2,"""CNR4465106""","""CID9693848"""
0,"""CNR1158421""","""CID7438457"""
0,"""CNR6768112""","""CID5456708"""
0,"""CNR5799888""","""CID3269184"""
0,"""CNR2542749""","""CID2113231"""
2,"""CNR5540857""","""CID3651354"""
0,"""CNR3562978""","""CID9675081"""
0,"""CNR3619244""","""CID8185941"""
0,"""CNR4266363""","""CID3376696"""
0,"""CNR4661892""","""CID9373585"""
0,"""CNR9658158""","""CID7625620"""
0,"""CNR6442363""","""CID3809233"""
0,"""CNR8591505""","""CID9804625"""
0,"""CNR1193201""","""CID7963523"""
0,"""CNR2964766""","""CID4467387"""
0,"""CNR4328833""","""CID6035677"""
0,"""CNR5419113""","""CID5265543"""
0,"""CNR5802016""","""CID1979205"""
2,"""CNR2436973""","""CID4328864"""
0,"""CNR4215294""","""CID4665477"""
0,"""CNR7807641""","""CID5667059"""
0,"""CNR4642250""","""CID4839779"""
0,"""CNR4146082""","""CID3115406"""
0,"""CNR2708347""","""CID8908491"""
0,"""CNR2906840""","""CID4367069"""
0,"""CNR3431472""","""CID8504765"""
0,"""CNR8771225""","""CID7996152"""
0,"""CNR5548584""","""CID9653054"""
0,"""CNR7315839""","""CID6108698"""
2,"""CNR8310455""","""CID7337902"""
2,"""CNR4980188""","""CID8413303"""
0,"""CNR3686798""","""CID2533674"""
0,"""CNR6929910""","""CID4863232"""
0,"""CNR7626736""","""CID1795258"""
0,"""CNR3787648""","""CID7041059"""
0,"""CNR3883876""","""CID9145765"""
0,"""CNR5716631""","""CID8134699"""
0,"""CNR8155932""","""CID8106961"""
0,"""CNR9172110""","""CID6736231"""
2,"""CNR4251770""","""CID9408279"""
0,"""CNR2969239""","""CID2446934"""
2,"""CNR1359614""","""CID8066113"""
0,"""CNR5956878""","""CID2895029"""
0,"""CNR9074748""","""CID1029854"""
0,"""CNR3580429""","""CID2968572"""
2,"""CNR5589247""","""CID3586110"""
2,"""CNR4792873""","""CID3251339"""
0,"""CNR2002539""","""CID6800553"""
2,"""CNR8650031""","""CID6938842"""
0,"""CNR4920773""","""CID3043710"""
2,"""CNR1512487""","""CID7244594"""
0,"""CNR5770424""","""CID1906482"""
0,"""CNR3251105""","""CID2439873"""
0,"""CNR9111518""","""CID4709803"""
2,"""CNR6723369""","""CID8310300"""
0,"""CNR4325764""","""CID2012458"""
0,"""CNR3788378""","""CID6630161"""
2,"""CNR6421218""","""CID2328704"""
2,"""CNR1279777""","""CID4041148"""
0,"""CNR5507827""","""CID7617572"""
0,"""CNR1402392""","""CID9160164"""
0,"""CNR5194772""","""CID9081249"""
0,"""CNR9028529""","""CID8569527"""
0,"""CNR3386941""","""CID6757130"""
0,"""CNR8945480""","""CID6319881"""
0,"""CNR4977244""","""CID5723534"""
0,"""CNR9852370""","""CID7796238"""
0,"""CNR4310014""","""CID3382722"""
0,"""CNR9359209""","""CID3236059"""
2,"""CNR5077600""","""CID6177703"""
0,"""CNR3139153""","""CID3172854"""
0,"""CNR1085744""","""CID3984737"""
2,"""CNR2713762""","""CID9243860"""
0,"""CNR9918889""","""CID3282159"""
2,"""CNR9102460""","""CID3137011"""
0,"""CNR2387865""","""CID6212679"""
0,"""CNR9808084""","""CID5010522"""
0,"""CNR7705383""","""CID7568967"""
2,"""CNR9833455""","""CID2029493"""
0,"""CNR4144615""","""CID1161880"""
0,"""CNR9800561""","""CID2172949"""
0,"""CNR8250711""","""CID9766668"""
0,"""CNR1975131""","""CID2530320"""
2,"""CNR2251478""","""CID4120579"""
0,"""CNR7497329""","""CID5202976"""
0,"""CNR1719201""","""CID4483108"""
0,"""CNR1770864""","""CID4656429"""
0,"""CNR7804693""","""CID6907937"""
2,"""CNR8724378""","""CID2955876"""
0,"""CNR9822643""","""CID3244486"""
0,"""CNR6189120""","""CID2618595"""
0,"""CNR2159764""","""CID4461597"""
2,"""CNR1388293""","""CID7170626"""
0,"""CNR4141159""","""CID6810411"""
0,"""CNR2229852""","""CID8578940"""
0,"""CNR5508842""","""CID2145453"""
2,"""CNR4029685""","""CID9060991"""
0,"""CNR1905891""","""CID2596952"""
0,"""CNR9953959""","""CID5247232"""
0,"""CNR3283140""","""CID4896792"""
0,"""CNR4516404""","""CID6587671"""
0,"""CNR8589292""","""CID8635315"""
2,"""CNR5132386""","""CID3979868"""
0,"""CNR3508855""","""CID5048680"""
0,"""CNR2564896""","""CID5592821"""
0,"""CNR1243119""","""CID5612673"""
0,"""CNR7614894""","""CID9544901"""
0,"""CNR7792914""","""CID2345784"""
2,"""CNR4588954""","""CID8803575"""
0,"""CNR7519575""","""CID3224674"""
0,"""CNR7674641""","""CID4305144"""
0,"""CNR5250890""","""CID8079452"""
0,"""CNR9096220""","""CID4624235"""
0,"""CNR3614640""","""CID6239175"""
0,"""CNR7589154""","""CID5404956"""
0,"""CNR6422734""","""CID3468607"""
2,"""CNR4744886""","""CID4555732"""
0,"""CNR1594408""","""CID5888071"""
0,"""CNR7895718""","""CID5923676"""
2,"""CNR3508655""","""CID9318990"""
0,"""CNR6649665""","""CID6987260"""
0,"""CNR1545516""","""CID9563036"""
0,"""CNR3151871""","""CID8298470"""
0,"""CNR6911809""","""CID6633327"""
2,"""CNR2607345""","""CID7027297"""
0,"""CNR6691984""","""CID2618403"""
2,"""CNR3510789""","""CID6793302"""
0,"""CNR9069454""","""CID9244879"""
0,"""CNR9277659""","""CID1537602"""
0,"""CNR2970246""","""CID1619951"""
0,"""CNR1709586""","""CID9106603"""
0,"""CNR3762028""","""CID7832869"""
0,"""CNR4962393""","""CID7127344"""
0,"""CNR7145469""","""CID9978540"""
0,"""CNR5765533""","""CID5083562"""
0,"""CNR9361596""","""CID7230827"""
0,"""CNR9047449""","""CID1344957"""
0,"""CNR9041356""","""CID8388000"""
0,"""CNR2484942""","""CID4717793"""
0,"""CNR1322366""","""CID6497413"""
0,"""CNR9314239""","""CID8119825"""
0,"""CNR6241254""","""CID9823396"""
2,"""CNR4061337""","""CID4517320"""
0,"""CNR6368078""","""CID1187488"""
0,"""CNR4748787""","""CID8970104"""
0,"""CNR4501868""","""CID7639377"""
0,"""CNR1128780""","""CID1012462"""
0,"""CNR9197195""","""CID6699843"""
0,"""CNR5551005""","""CID9474241"""
0,"""CNR5575481""","""CID7395046"""
0,"""CNR9137426""","""CID9368081"""
0,"""CNR4589951""","""CID3802146"""
0,"""CNR4883142""","""CID4048775"""
0,"""CNR7879977""","""CID1346399"""
2,"""CNR2200152""","""CID6635464"""
0,"""CNR7996700""","""CID2529699"""
0,"""CNR8479627""","""CID6805047"""
2,"""CNR9437520""","""CID7574091"""
0,"""CNR2012558""","""CID8727799"""
0,"""CNR2269885""","""CID9771603"""
0,"""CNR1957129""","""CID5761924"""
0,"""CNR4768390""","""CID9630356"""
0,"""CNR2846670""","""CID1787173"""
0,"""CNR2165614""","""CID4106950"""
0,"""CNR6290189""","""CID3448557"""
0,"""CNR2988036""","""CID7294487"""
0,"""CNR2587295""","""CID9112865"""
0,"""CNR7998837""","""CID9899001"""
0,"""CNR2506239""","""CID3132888"""
2,"""CNR4950985""","""CID1074653"""
0,"""CNR4206679""","""CID3673398"""
0,"""CNR2156422""","""CID2697506"""
0,"""CNR8508300""","""CID4860769"""
2,"""CNR2581551""","""CID6025246"""
0,"""CNR4762122""","""CID5833327"""
0,"""CNR6704966""","""CID2284406"""
0,"""CNR4167001""","""CID8003063"""
0,"""CNR5893880""","""CID6749459"""
0,"""CNR6575934""","""CID8256329"""
0,"""CNR9221635""","""CID1975448"""
2,"""CNR6676565""","""CID1157786"""
0,"""CNR3378856""","""CID3088997"""
0,"""CNR9574364""","""CID4331013"""
2,"""CNR4729959""","""CID7168072"""
0,"""CNR1866827""","""CID7905905"""
0,"""CNR9429692""","""CID6097051"""
0,"""CNR3478713""","""CID2216325"""
0,"""CNR9443514""","""CID4679040"""
0,"""CNR8603142""","""CID8348930"""
0,"""CNR4122330""","""CID3999654"""
0,"""CNR9920110""","""CID5651217"""
0,"""CNR2877361""","""CID4065938"""
0,"""CNR1357230""","""CID3548412"""
2,"""CNR3140861""","""CID3584943"""
0,"""CNR8886786""","""CID2940742"""
0,"""CNR2973888""","""CID5228409"""
0,"""CNR5776568""","""CID1165031"""
2,"""CNR3427520""","""CID3706092"""
0,"""CNR7584406""","""CID7902917"""
0,"""CNR1350174""","""CID6857145"""
2,"""CNR8657696""","""CID2495301"""
0,"""CNR8278867""","""CID3812415"""
0,"""CNR4632345""","""CID4921475"""
0,"""CNR6727262""","""CID1167193"""
0,"""CNR6647132""","""CID9174159"""
0,"""CNR5793852""","""CID8213001"""
0,"""CNR6550592""","""CID5187320"""
0,"""CNR7039781""","""CID3523609"""
0,"""CNR4472439""","""CID8948291"""
0,"""CNR6702533""","""CID8447313"""
0,"""CNR1509483""","""CID9452912"""
0,"""CNR6379567""","""CID1184634"""
0,"""CNR4166734""","""CID3410845"""
0,"""CNR2704610""","""CID6160215"""
0,"""CNR8511809""","""CID8065574"""
0,"""CNR2212520""","""CID8917527"""
0,"""CNR9557461""","""CID9341060"""
0,"""CNR1689769""","""CID7282904"""
0,"""CNR4353906""","""CID5670661"""
0,"""CNR4013154""","""CID7457108"""
2,"""CNR4642655""","""CID7748115"""
0,"""CNR3669468""","""CID3532728"""
0,"""CNR8127497""","""CID9452766"""
0,"""CNR2672100""","""CID1771263"""
0,"""CNR9091180""","""CID8507354"""
0,"""CNR2763425""","""CID5819456"""
0,"""CNR3161289""","""CID3120856"""
0,"""CNR3055608""","""CID4745822"""
0,"""CNR5016752""","""CID8705143"""
2,"""CNR8852427""","""CID9897066"""
0,"""CNR6466757""","""CID4430531"""
0,"""CNR6360643""","""CID8307880"""
0,"""CNR8442881""","""CID5285250"""
0,"""CNR5315266""","""CID1946564"""
0,"""CNR1016881""","""CID1276571"""
0,"""CNR4359123""","""CID2842006"""
0,"""CNR5343414""","""CID6864597"""
0,"""CNR3510678""","""CID6001161"""
0,"""CNR7710078""","""CID8794488"""
0,"""CNR1614868""","""CID5181722"""
0,"""CNR2780933""","""CID2933583"""
2,"""CNR7992143""","""CID5138834"""
2,"""CNR9662780""","""CID6320055"""
0,"""CNR9307215""","""CID7027985"""
0,"""CNR9929419""","""CID5352491"""
0,"""CNR9673580""","""CID9453962"""
0,"""CNR2918407""","""CID8880645"""
0,"""CNR5023893""","""CID5924602"""
0,"""CNR8149213""","""CID6481147"""
2,"""CNR2170510""","""CID5222375"""
0,"""CNR6324382""","""CID1858217"""
0,"""CNR2078950""","""CID3137104"""
0,"""CNR4611314""","""CID6968311"""
2,"""CNR7021396""","""CID2828817"""
0,"""CNR6969519""","""CID4835372"""
0,"""CNR2362444""","""CID5391799"""
0,"""CNR2302435""","""CID6184227"""
0,"""CNR3527013""","""CID1843214"""
2,"""CNR5838050""","""CID8886765"""
0,"""CNR4463352""","""CID5307867"""
0,"""CNR4809545""","""CID2643641"""
0,"""CNR7220955""","""CID7275323"""
2,"""CNR4657337""","""CID2468675"""
0,"""CNR1784978""","""CID4621737"""
0,"""CNR2446698""","""CID6745981"""
0,"""CNR1605575""","""CID9516426"""
2,"""CNR4893691""","""CID8886598"""
0,"""CNR8613343""","""CID1759656"""
0,"""CNR3857353""","""CID7005987"""
0,"""CNR6749089""","""CID1248959"""
0,"""CNR7057381""","""CID2835275"""
0,"""CNR3425480""","""CID7944880"""
0,"""CNR3484532""","""CID1876920"""
0,"""CNR6522287""","""CID1287534"""
2,"""CNR5793196""","""CID8936450"""
0,"""CNR9526123""","""CID4748390"""
0,"""CNR5563152""","""CID2785960"""
0,"""CNR9026840""","""CID4385225"""
0,"""CNR7382126""","""CID1418063"""
0,"""CNR7928530""","""CID9494251"""
0,"""CNR8114193""","""CID8562073"""
0,"""CNR3040961""","""CID8193041"""
0,"""CNR2872254""","""CID9328419"""
0,"""CNR4452564""","""CID3997023"""
0,"""CNR7628980""","""CID8212531"""
0,"""CNR2540833""","""CID1616109"""
2,"""CNR8106148""","""CID4671799"""
0,"""CNR9570020""","""CID4605568"""
0,"""CNR4681558""","""CID3843983"""
0,"""CNR4050253""","""CID7778425"""
0,"""CNR4550354""","""CID2491611"""
0,"""CNR8616254""","""CID4799515"""
0,"""CNR5847366""","""CID4390410"""
0,"""CNR9278929""","""CID6997554"""
0,"""CNR4742141""","""CID8904369"""
0,"""CNR4481797""","""CID3948886"""
0,"""CNR2184353""","""CID1931990"""
0,"""CNR2026185""","""CID6991330"""
2,"""CNR3780016""","""CID1972138"""
0,"""CNR2051801""","""CID3997853"""
0,"""CNR3891587""","""CID4698000"""
0,"""CNR4947631""","""CID4706248"""
0,"""CNR2362867""","""CID6300972"""
2,"""CNR1777148""","""CID8880536"""
0,"""CNR3184020""","""CID4545460"""
0,"""CNR8172325""","""CID9584972"""
2,"""CNR2803881""","""CID7207127"""
0,"""CNR3950404""","""CID4957445"""
0,"""CNR4126233""","""CID2040964"""
0,"""CNR2598993""","""CID2300116"""
2,"""CNR9137734""","""CID9936532"""
2,"""CNR4752843""","""CID7129736"""
0,"""CNR9386631""","""CID4202685"""
0,"""CNR9486900""","""CID8715957"""
0,"""CNR4937353""","""CID9919059"""
0,"""CNR6422184""","""CID1365500"""
0,"""CNR8970933""","""CID8944497"""
2,"""CNR7409874""","""CID8118716"""
0,"""CNR8048968""","""CID8481301"""
0,"""CNR5563100""","""CID6354709"""
0,"""CNR7364282""","""CID2096096"""
0,"""CNR8857111""","""CID2007865"""
2,"""CNR2699117""","""CID2397753"""
2,"""CNR7925925""","""CID5794638"""
0,"""CNR5963598""","""CID1730716"""
0,"""CNR7502011""","""CID1553114"""
0,"""CNR7842897""","""CID9682469"""
0,"""CNR8172053""","""CID6098120"""
0,"""CNR8808257""","""CID5522882"""
2,"""CNR5836277""","""CID9704461"""
0,"""CNR7045153""","""CID1509625"""
2,"""CNR9936224""","""CID3184405"""
0,"""CNR9812333""","""CID6860795"""
0,"""CNR3535025""","""CID2306089"""
0,"""CNR6752546""","""CID2691586"""
0,"""CNR4635170""","""CID8332921"""
0,"""CNR9587735""","""CID3310310"""
0,"""CNR7443525""","""CID8092121"""
0,"""CNR2886816""","""CID7261983"""
0,"""CNR5523978""","""CID6489864"""
0,"""CNR8062265""","""CID8084306"""
0,"""CNR7186341""","""CID7867175"""
0,"""CNR9071546""","""CID5092540"""
0,"""CNR6527018""","""CID7744780"""
0,"""CNR5475894""","""CID1568236"""
0,"""CNR9099252""","""CID3203175"""
0,"""CNR6238517""","""CID3016473"""
0,"""CNR2391460""","""CID8211615"""
0,"""CNR5504909""","""CID3316260"""
0,"""CNR8946579""","""CID8168829"""
0,"""CNR6660394""","""CID2842170"""
0,"""CNR1464340""","""CID6075472"""
0,"""CNR6832965""","""CID7574483"""
0,"""CNR5567508""","""CID5987292"""
0,"""CNR3733893""","""CID7601745"""
0,"""CNR5653173""","""CID3986813"""
0,"""CNR5441159""","""CID2655682"""
0,"""CNR6273104""","""CID2054841"""
0,"""CNR1233275""","""CID2619586"""
0,"""CNR2647636""","""CID3795421"""
0,"""CNR7532178""","""CID9599547"""
0,"""CNR9514668""","""CID6327804"""
2,"""CNR4393144""","""CID9460651"""
2,"""CNR1779677""","""CID3947691"""
2,"""CNR3994415""","""CID4326392"""
0,"""CNR1642184""","""CID8685505"""
0,"""CNR3412303""","""CID7322563"""
0,"""CNR9701207""","""CID9121529"""
2,"""CNR8504404""","""CID3610525"""
0,"""CNR6676903""","""CID4990217"""
0,"""CNR5154763""","""CID1716072"""
0,"""CNR1766836""","""CID3595610"""
0,"""CNR3379275""","""CID5531712"""
0,"""CNR5553533""","""CID5614067"""
0,"""CNR4646335""","""CID6950217"""
0,"""CNR8672619""","""CID9421912"""
0,"""CNR2060086""","""CID3703226"""
0,"""CNR8903961""","""CID1834507"""
0,"""CNR3358902""","""CID1538840"""
2,"""CNR2758453""","""CID1637501"""
0,"""CNR9662483""","""CID2407417"""
0,"""CNR9984761""","""CID1201304"""
0,"""CNR4077024""","""CID7550617"""
0,"""CNR3277458""","""CID6512539"""
0,"""CNR7584750""","""CID7960830"""
0,"""CNR3009255""","""CID3944218"""
0,"""CNR8417445""","""CID8873667"""
0,"""CNR8210797""","""CID2535358"""
0,"""CNR4770222""","""CID9130122"""
2,"""CNR8405532""","""CID7679671"""
0,"""CNR1504662""","""CID9918235"""
0,"""CNR9104643""","""CID2744394"""
0,"""CNR6772943""","""CID1531274"""
0,"""CNR2114440""","""CID5240338"""
2,"""CNR2576462""","""CID7377705"""
0,"""CNR3440352""","""CID1403183"""
0,"""CNR1171168""","""CID7968414"""
0,"""CNR2405550""","""CID9280201"""
0,"""CNR7379166""","""CID1874466"""
0,"""CNR7715511""","""CID1989811"""
0,"""CNR5369296""","""CID7616710"""
0,"""CNR2465288""","""CID7172316"""
0,"""CNR1499992""","""CID7722436"""
0,"""CNR1850630""","""CID2896951"""
0,"""CNR5384151""","""CID5549703"""
0,"""CNR5058021""","""CID4561548"""
2,"""CNR2641316""","""CID8708959"""
2,"""CNR4522051""","""CID7369455"""
0,"""CNR4166986""","""CID9702717"""
2,"""CNR5898305""","""CID7560506"""
0,"""CNR5302780""","""CID8574235"""
2,"""CNR5218292""","""CID6741738"""
0,"""CNR4118149""","""CID9699880"""
0,"""CNR8606872""","""CID6761937"""
0,"""CNR4087921""","""CID6315784"""
0,"""CNR9648655""","""CID7747190"""
2,"""CNR4704651""","""CID8499721"""
0,"""CNR5195127""","""CID9096742"""
0,"""CNR2537490""","""CID4306873"""
0,"""CNR2363944""","""CID8378608"""
0,"""CNR2905820""","""CID7772940"""
2,"""CNR4220406""","""CID1535036"""
0,"""CNR3738420""","""CID4511923"""
2,"""CNR7523497""","""CID8376240"""
0,"""CNR4207864""","""CID1105986"""
0,"""CNR4289376""","""CID8670089"""
0,"""CNR9015312""","""CID6034459"""
0,"""CNR4413441""","""CID1141947"""
0,"""CNR5099761""","""CID7736784"""
0,"""CNR4167993""","""CID1611672"""
0,"""CNR4829706""","""CID1333027"""
0,"""CNR8914171""","""CID7695186"""
0,"""CNR9572979""","""CID3474992"""
0,"""CNR8465689""","""CID8574684"""
0,"""CNR7137801""","""CID6111906"""
0,"""CNR5235907""","""CID1573853"""
0,"""CNR4320470""","""CID1500988"""
0,"""CNR9875340""","""CID9253164"""
0,"""CNR3866023""","""CID8844268"""
2,"""CNR1023257""","""CID7971562"""
0,"""CNR7407187""","""CID1206990"""
0,"""CNR8447217""","""CID5592140"""
4,"""CNR8191732""","""CID5401981"""
0,"""CNR4680305""","""CID5609072"""
0,"""CNR5041647""","""CID7229395"""
2,"""CNR5041884""","""CID3231699"""
0,"""CNR9783821""","""CID9717910"""
0,"""CNR9279333""","""CID1700495"""
0,"""CNR8585544""","""CID3658141"""
0,"""CNR2689570""","""CID5242471"""
0,"""CNR3717485""","""CID2285000"""
0,"""CNR6000755""","""CID5742208"""
0,"""CNR9462258""","""CID3256838"""
0,"""CNR8057659""","""CID9028189"""
0,"""CNR1132378""","""CID8987848"""
0,"""CNR7047503""","""CID6983510"""
0,"""CNR7743189""","""CID2875877"""
0,"""CNR4453644""","""CID7243495"""
0,"""CNR9270270""","""CID9878475"""
2,"""CNR4420776""","""CID8386228"""
0,"""CNR2252060""","""CID9663364"""
2,"""CNR3013777""","""CID7391419"""
0,"""CNR9960002""","""CID1575651"""
2,"""CNR7737143""","""CID4496400"""
2,"""CNR5573090""","""CID6480585"""
0,"""CNR9708620""","""CID3770377"""
0,"""CNR2692143""","""CID2978442"""
2,"""CNR9268964""","""CID9660832"""
2,"""CNR9988689""","""CID9671812"""
0,"""CNR3837560""","""CID6525182"""
0,"""CNR1407290""","""CID1584612"""
0,"""CNR1951499""","""CID4519410"""
0,"""CNR4223651""","""CID5943098"""
0,"""CNR1068308""","""CID4616857"""
0,"""CNR4570062""","""CID4980626"""
0,"""CNR2123783""","""CID4677582"""
0,"""CNR2101264""","""CID5992650"""
0,"""CNR1816902""","""CID6135681"""
0,"""CNR6019871""","""CID7839641"""
2,"""CNR9420290""","""CID5491272"""
0,"""CNR2225736""","""CID4117061"""
2,"""CNR9949030""","""CID9755822"""
2,"""CNR2117972""","""CID3050206"""
1,"""CNR1555092""","""CID3686859"""
1,"""CNR4947137""","""CID8020461"""
1,"""CNR7475870""","""CID2331513"""
1,"""CNR2408882""","""CID4053938"""
1,"""CNR7984875""","""CID8658745"""
1,"""CNR3545625""","""CID6958119"""
1,"""CNR5103988""","""CID7452817"""
1,"""CNR4819807""","""CID4284157"""
1,"""CNR4656741""","""CID1874476"""
1,"""CNR5653523""","""CID9331080"""
4,"""CNR5439734""","""CID8894452"""
1,"""CNR2437980""","""CID1695631"""
1,"""CNR9938788""","""CID8712903"""
1,"""CNR3143286""","""CID2288655"""
1,"""CNR7863339""","""CID4810279"""
1,"""CNR4594330""","""CID2222187"""
1,"""CNR8436989""","""CID1313672"""
1,"""CNR3775689""","""CID8687244"""
1,"""CNR7052955""","""CID3349807"""
1,"""CNR2485681""","""CID5367360"""
1,"""CNR5585266""","""CID7162408"""
1,"""CNR5248859""","""CID5218359"""
4,"""CNR9797125""","""CID6977101"""
4,"""CNR7579679""","""CID1400833"""
4,"""CNR8138172""","""CID4098788"""
1,"""CNR8700813""","""CID1023272"""
1,"""CNR2548245""","""CID3083558"""
1,"""CNR5996948""","""CID2886030"""
1,"""CNR1157544""","""CID7347853"""
4,"""CNR4585392""","""CID7571768"""
4,"""CNR9186928""","""CID6589397"""
4,"""CNR5886294""","""CID3980879"""
4,"""CNR9989888""","""CID1377583"""
1,"""CNR2942534""","""CID7690914"""
1,"""CNR8487996""","""CID4885017"""
4,"""CNR8638602""","""CID2485469"""
1,"""CNR5039715""","""CID3909845"""
1,"""CNR5825347""","""CID4433790"""
1,"""CNR2985826""","""CID7539718"""
1,"""CNR7679834""","""CID3211974"""
1,"""CNR2543090""","""CID8615346"""
1,"""CNR7250513""","""CID7634147"""
4,"""CNR7372350""","""CID3223520"""
1,"""CNR2489167""","""CID7211026"""
1,"""CNR4531800""","""CID5712303"""
1,"""CNR6317455""","""CID9317709"""
1,"""CNR8251599""","""CID6208950"""
1,"""CNR7495737""","""CID3587353"""
1,"""CNR1279553""","""CID4560393"""
1,"""CNR6665339""","""CID1210660"""
1,"""CNR8007108""","""CID3580125"""
4,"""CNR3830294""","""CID9029054"""
1,"""CNR9565355""","""CID5499970"""
1,"""CNR1699068""","""CID5072242"""
1,"""CNR9321394""","""CID9610839"""
1,"""CNR2677058""","""CID9497336"""
1,"""CNR7410463""","""CID3335730"""
4,"""CNR6581762""","""CID4632884"""
1,"""CNR6359159""","""CID7507243"""
1,"""CNR5982150""","""CID9830367"""
1,"""CNR9875100""","""CID5267405"""
1,"""CNR4682614""","""CID3515152"""
1,"""CNR6185291""","""CID7783289"""
1,"""CNR9457403""","""CID5883135"""
1,"""CNR7203867""","""CID7403867"""
1,"""CNR2396614""","""CID4258785"""
4,"""CNR8794248""","""CID6008161"""
1,"""CNR9646310""","""CID1630903"""
1,"""CNR6961624""","""CID9428688"""
1,"""CNR6087563""","""CID1380791"""
4,"""CNR6098328""","""CID9813516"""
1,"""CNR6721078""","""CID1735399"""
1,"""CNR1914783""","""CID4508119"""
1,"""CNR8082017""","""CID7335897"""
1,"""CNR6947167""","""CID5747359"""
1,"""CNR1489090""","""CID1987051"""
1,"""CNR1257823""","""CID3906585"""
1,"""CNR1693418""","""CID6585939"""
1,"""CNR1833026""","""CID1893416"""
4,"""CNR8749989""","""CID9130880"""
1,"""CNR4699783""","""CID9730139"""
1,"""CNR1925538""","""CID1664019"""
1,"""CNR5728525""","""CID8050327"""
1,"""CNR6975536""","""CID3035194"""
1,"""CNR2018840""","""CID3221476"""
1,"""CNR6617560""","""CID8270287"""
1,"""CNR7779917""","""CID8872733"""
1,"""CNR7765149""","""CID5307128"""
1,"""CNR4005358""","""CID8293716"""
1,"""CNR3962211""","""CID7134861"""
1,"""CNR9926598""","""CID4454120"""
1,"""CNR7502468""","""CID5363238"""
4,"""CNR1482542""","""CID8034376"""
1,"""CNR5322702""","""CID6121942"""
1,"""CNR7252584""","""CID2798322"""
1,"""CNR2246762""","""CID8853856"""
1,"""CNR1908868""","""CID1745743"""
1,"""CNR1645857""","""CID3898227"""
1,"""CNR5963786""","""CID8021261"""
1,"""CNR5222120""","""CID2370613"""
1,"""CNR8140197""","""CID1454539"""
1,"""CNR6870991""","""CID9569030"""
1,"""CNR4613525""","""CID8822713"""
4,"""CNR3735952""","""CID1841784"""
1,"""CNR8090677""","""CID6888426"""
1,"""CNR8532851""","""CID8514746"""
1,"""CNR8151291""","""CID2349315"""
1,"""CNR6504544""","""CID5625350"""
1,"""CNR7868353""","""CID8522380"""
1,"""CNR5389619""","""CID7047682"""
4,"""CNR7963798""","""CID4361253"""
1,"""CNR3378724""","""CID3071219"""
1,"""CNR4384571""","""CID5909714"""
4,"""CNR4468611""","""CID7372202"""
1,"""CNR7066439""","""CID4086719"""
1,"""CNR4679187""","""CID4850424"""
4,"""CNR8841739""","""CID5439074"""
1,"""CNR2376201""","""CID6535082"""
4,"""CNR8191122""","""CID4423017"""
1,"""CNR5013054""","""CID9176980"""
1,"""CNR5630389""","""CID5376643"""
1,"""CNR6231991""","""CID2645093"""
1,"""CNR4069702""","""CID5203101"""
1,"""CNR3238667""","""CID3586625"""
4,"""CNR4915231""","""CID9198510"""
1,"""CNR5856692""","""CID5120501"""
1,"""CNR8768986""","""CID5919911"""
1,"""CNR5043947""","""CID9673471"""
1,"""CNR3445950""","""CID5610365"""
1,"""CNR6018495""","""CID4772566"""
1,"""CNR1457930""","""CID2101823"""
1,"""CNR4596020""","""CID6320441"""
1,"""CNR4676341""","""CID9337926"""
1,"""CNR8529930""","""CID4427947"""
1,"""CNR1129180""","""CID8875480"""
1,"""CNR3134426""","""CID2632664"""
1,"""CNR1274176""","""CID2290253"""
4,"""CNR4664207""","""CID8172632"""
1,"""CNR2056893""","""CID3573919"""
4,"""CNR2613355""","""CID4759520"""
1,"""CNR7318496""","""CID5114777"""
1,"""CNR1075328""","""CID4187307"""
1,"""CNR7402351""","""CID9253490"""
1,"""CNR1668383""","""CID5684254"""
1,"""CNR8214711""","""CID3647060"""
1,"""CNR6138134""","""CID9998815"""
1,"""CNR8575625""","""CID4894784"""
1,"""CNR7585167""","""CID8493099"""
1,"""CNR3352580""","""CID4854015"""
1,"""CNR1790771""","""CID2497017"""
1,"""CNR3011433""","""CID1853008"""
1,"""CNR5375663""","""CID2860026"""
1,"""CNR5934739""","""CID4004985"""
1,"""CNR2683002""","""CID1823617"""
1,"""CNR6635175""","""CID6979098"""
1,"""CNR7925222""","""CID3606150"""
1,"""CNR1108718""","""CID3102394"""
1,"""CNR6813723""","""CID3252851"""
1,"""CNR8102702""","""CID8188421"""
4,"""CNR7017877""","""CID5242676"""
1,"""CNR3732283""","""CID9175585"""
1,"""CNR7988344""","""CID4622922"""
1,"""CNR4669908""","""CID1140269"""
1,"""CNR6464249""","""CID5972262"""
4,"""CNR3476232""","""CID5364250"""
4,"""CNR9423400""","""CID2067211"""
1,"""CNR8138706""","""CID7030109"""
4,"""CNR8004314""","""CID3916488"""
1,"""CNR4243884""","""CID5714003"""
1,"""CNR2088156""","""CID1620231"""
1,"""CNR3957232""","""CID8748395"""
1,"""CNR7201981""","""CID9716702"""
4,"""CNR2327648""","""CID1199054"""
1,"""CNR7170470""","""CID2377534"""
4,"""CNR6562290""","""CID8936383"""
4,"""CNR6812196""","""CID2034439"""
1,"""CNR5838157""","""CID5504454"""
1,"""CNR9165473""","""CID1433846"""
1,"""CNR6421260""","""CID1425434"""
1,"""CNR5566707""","""CID9408218"""
1,"""CNR5152839""","""CID2503273"""
1,"""CNR1655491""","""CID5183769"""
1,"""CNR2888185""","""CID1983307"""
1,"""CNR6546329""","""CID3825327"""
1,"""CNR4903293""","""CID9927420"""
1,"""CNR1685125""","""CID2124099"""
1,"""CNR7794568""","""CID4847727"""
1,"""CNR9659819""","""CID5653812"""
4,"""CNR9816038""","""CID1844547"""
1,"""CNR7855218""","""CID2906123"""
1,"""CNR4470951""","""CID6310329"""
1,"""CNR6044281""","""CID1129309"""
1,"""CNR6958361""","""CID2534978"""
4,"""CNR8835185""","""CID8236004"""
1,"""CNR3497931""","""CID1671264"""
1,"""CNR8429056""","""CID1674546"""
1,"""CNR4064837""","""CID6916069"""
1,"""CNR2747993""","""CID4927750"""
1,"""CNR6248558""","""CID8677605"""
1,"""CNR6772039""","""CID3439291"""
1,"""CNR8633486""","""CID5677697"""
4,"""CNR3339891""","""CID7208290"""
1,"""CNR6553468""","""CID6982730"""
1,"""CNR8972578""","""CID8922690"""
1,"""CNR1355536""","""CID9987810"""
1,"""CNR1112029""","""CID5067549"""
1,"""CNR3210536""","""CID2938041"""
1,"""CNR6358688""","""CID6786081"""
1,"""CNR9947991""","""CID4625228"""
1,"""CNR4242501""","""CID5471313"""
1,"""CNR1548753""","""CID3681868"""
1,"""CNR4140658""","""CID7943738"""
1,"""CNR1972437""","""CID8813608"""
1,"""CNR6054053""","""CID8611576"""
1,"""CNR4110251""","""CID6967416"""
4,"""CNR6006763""","""CID1359907"""
1,"""CNR9136335""","""CID1770181"""
1,"""CNR3890542""","""CID9916715"""
1,"""CNR5024855""","""CID5590263"""
4,"""CNR5794284""","""CID6935374"""
1,"""CNR5209049""","""CID1118702"""
1,"""CNR3537034""","""CID1818733"""
1,"""CNR7565762""","""CID9699171"""
1,"""CNR1822585""","""CID7949056"""
1,"""CNR6478437""","""CID7235455"""
1,"""CNR8578005""","""CID2344786"""
1,"""CNR2810119""","""CID2294386"""
1,"""CNR6009368""","""CID7157761"""
1,"""CNR3649322""","""CID7334576"""
4,"""CNR7831188""","""CID6672360"""
4,"""CNR2962531""","""CID7581230"""
4,"""CNR9306399""","""CID5812216"""
1,"""CNR8523031""","""CID4733559"""
1,"""CNR7491612""","""CID8435396"""
1,"""CNR5729594""","""CID7095266"""
1,"""CNR2931747""","""CID2980399"""
1,"""CNR9237932""","""CID1892691"""
1,"""CNR8760652""","""CID7568760"""
1,"""CNR6630710""","""CID8847906"""
1,"""CNR7735907""","""CID3348982"""
1,"""CNR7690891""","""CID5695302"""
1,"""CNR7385034""","""CID8319360"""
1,"""CNR7007011""","""CID3650598"""
1,"""CNR8812239""","""CID2387227"""
4,"""CNR8745641""","""CID4866659"""
4,"""CNR4486440""","""CID4543675"""
1,"""CNR1840490""","""CID6629080"""
1,"""CNR5796768""","""CID1466703"""
1,"""CNR3496152""","""CID1604145"""
1,"""CNR4238400""","""CID7635625"""
1,"""CNR6270889""","""CID7528541"""
1,"""CNR8385331""","""CID9154578"""
1,"""CNR1354546""","""CID6270258"""
1,"""CNR2882973""","""CID5967284"""
1,"""CNR1369897""","""CID2894892"""
4,"""CNR4609159""","""CID1512380"""
1,"""CNR7554746""","""CID3234126"""
1,"""CNR2355991""","""CID1473447"""
1,"""CNR7414255""","""CID9063484"""
1,"""CNR1568177""","""CID5489546"""
1,"""CNR5976340""","""CID8229899"""
4,"""CNR5558277""","""CID7351893"""
4,"""CNR5330611""","""CID7619649"""
1,"""CNR4149582""","""CID1923363"""
1,"""CNR6940902""","""CID4387281"""
4,"""CNR9126419""","""CID5713474"""
1,"""CNR2724859""","""CID9773763"""
1,"""CNR3431833""","""CID1780288"""
1,"""CNR5262400""","""CID7962057"""
1,"""CNR3249957""","""CID5737431"""
1,"""CNR7861827""","""CID9780142"""
4,"""CNR1778798""","""CID4945080"""
1,"""CNR6246685""","""CID4151222"""
1,"""CNR8999672""","""CID6904929"""
4,"""CNR1478439""","""CID6469171"""
1,"""CNR7828598""","""CID1611138"""
1,"""CNR7903844""","""CID1707614"""
4,"""CNR8464030""","""CID1738652"""
1,"""CNR5913154""","""CID2898796"""
1,"""CNR2614903""","""CID5878852"""
1,"""CNR3073443""","""CID5640353"""
1,"""CNR2808000""","""CID2740446"""
1,"""CNR9720123""","""CID1131508"""
1,"""CNR4583356""","""CID6253805"""
1,"""CNR4758616""","""CID4911914"""
1,"""CNR1509139""","""CID8180873"""
1,"""CNR2777508""","""CID7261847"""
1,"""CNR7280455""","""CID2503844"""
1,"""CNR5996755""","""CID5046798"""
1,"""CNR6897453""","""CID9563049"""
1,"""CNR9518071""","""CID6474883"""
1,"""CNR2676086""","""CID4578056"""
4,"""CNR6258102""","""CID5679001"""
1,"""CNR6218940""","""CID5538716"""
1,"""CNR6380766""","""CID3362913"""
1,"""CNR4816255""","""CID4355911"""
1,"""CNR1047929""","""CID6138873"""
1,"""CNR8514960""","""CID3239464"""
1,"""CNR8275294""","""CID2170138"""
1,"""CNR9250493""","""CID4501597"""
1,"""CNR2721216""","""CID2786401"""
1,"""CNR8651778""","""CID4216840"""
1,"""CNR9110981""","""CID2273937"""
4,"""CNR9545470""","""CID6940264"""
4,"""CNR1488119""","""CID7786090"""
1,"""CNR8639748""","""CID4176408"""
1,"""CNR5154428""","""CID7870046"""
1,"""CNR5725531""","""CID3223882"""
1,"""CNR1739691""","""CID7575241"""
1,"""CNR5439834""","""CID4290763"""
1,"""CNR1249089""","""CID2659946"""
1,"""CNR8562909""","""CID9214897"""
1,"""CNR4720135""","""CID6458862"""
1,"""CNR8767784""","""CID9604822"""
1,"""CNR9184181""","""CID4299325"""
1,"""CNR4961060""","""CID9924853"""
4,"""CNR4500523""","""CID8184647"""
1,"""CNR6683074""","""CID4131187"""
4,"""CNR4853231""","""CID1239797"""
1,"""CNR8679662""","""CID4214668"""
4,"""CNR9884949""","""CID7274139"""
1,"""CNR7297464""","""CID3325043"""
4,"""CNR9429847""","""CID8718252"""
1,"""CNR5519619""","""CID6022408"""
1,"""CNR7422752""","""CID5864527"""
1,"""CNR8040986""","""CID9034250"""
1,"""CNR4717191""","""CID4572683"""
4,"""CNR6913496""","""CID9431009"""
1,"""CNR5717349""","""CID1158632"""
1,"""CNR7454597""","""CID4020830"""
1,"""CNR4864708""","""CID7939020"""
1,"""CNR7969163""","""CID2116507"""
1,"""CNR5261979""","""CID6559614"""
4,"""CNR1387003""","""CID2120285"""
1,"""CNR9770394""","""CID8590084"""
1,"""CNR4595576""","""CID5106548"""
1,"""CNR4578546""","""CID2609484"""
1,"""CNR1672356""","""CID8021635"""
1,"""CNR2341064""","""CID2790633"""
1,"""CNR8321037""","""CID6226604"""
1,"""CNR3582888""","""CID4955458"""
1,"""CNR4922981""","""CID9740855"""
1,"""CNR3722686""","""CID8777660"""
1,"""CNR2563453""","""CID9014012"""
1,"""CNR3475667""","""CID5738674"""
1,"""CNR6082749""","""CID3669519"""
1,"""CNR9257185""","""CID4995598"""
1,"""CNR8868781""","""CID2970029"""
1,"""CNR4494680""","""CID1704221"""
1,"""CNR8855329""","""CID3278369"""
4,"""CNR6451368""","""CID6539797"""
1,"""CNR4189079""","""CID1881243"""
1,"""CNR9208741""","""CID8332385"""
1,"""CNR9391346""","""CID1066235"""
1,"""CNR7765950""","""CID9178083"""
1,"""CNR6641631""","""CID5807097"""
1,"""CNR9961242""","""CID8088760"""
1,"""CNR4546467""","""CID8387981"""
1,"""CNR2130385""","""CID1458299"""
1,"""CNR8424859""","""CID9442778"""
1,"""CNR5258535""","""CID4704159"""
1,"""CNR1065448""","""CID1934934"""
1,"""CNR9146908""","""CID5272563"""
1,"""CNR4475037""","""CID5440720"""
1,"""CNR1151430""","""CID1713312"""
1,"""CNR7274066""","""CID5343027"""
1,"""CNR9395976""","""CID8814144"""
1,"""CNR3216693""","""CID3430090"""
1,"""CNR9871231""","""CID2625181"""
4,"""CNR9097730""","""CID2847856"""
1,"""CNR1748210""","""CID6175314"""
4,"""CNR7052856""","""CID4139601"""
1,"""CNR3379224""","""CID5404812"""
1,"""CNR1259046""","""CID1814884"""
1,"""CNR3734897""","""CID2592955"""
1,"""CNR3187212""","""CID7067507"""
1,"""CNR9937760""","""CID9814751"""
1,"""CNR6437164""","""CID8699167"""
1,"""CNR9727780""","""CID3665667"""
1,"""CNR1055823""","""CID8155643"""
4,"""CNR4888555""","""CID2458067"""
4,"""CNR5048493""","""CID7381158"""
1,"""CNR9507040""","""CID4606647"""
4,"""CNR9109975""","""CID4640153"""
1,"""CNR3570530""","""CID8287308"""
4,"""CNR6995829""","""CID7512192"""
1,"""CNR2249506""","""CID9316403"""
4,"""CNR1335902""","""CID5861813"""
4,"""CNR1926339""","""CID1697244"""
1,"""CNR4923166""","""CID1691807"""
1,"""CNR1386546""","""CID1764805"""
1,"""CNR6247230""","""CID2516056"""
4,"""CNR1042499""","""CID6500483"""
4,"""CNR3185067""","""CID7715635"""
1,"""CNR3927314""","""CID1937513"""
1,"""CNR9589917""","""CID1196768"""
1,"""CNR9365764""","""CID9107908"""
1,"""CNR9004692""","""CID4187418"""
1,"""CNR8164528""","""CID9042283"""
1,"""CNR1102717""","""CID3074594"""
1,"""CNR2939618""","""CID6496963"""
1,"""CNR1006148""","""CID2329785"""
1,"""CNR5422338""","""CID6191426"""
1,"""CNR8988385""","""CID6570124"""
4,"""CNR3794393""","""CID7705402"""
1,"""CNR9570858""","""CID4496900"""
1,"""CNR2902609""","""CID1276646"""
1,"""CNR7124757""","""CID6206222"""
1,"""CNR3277893""","""CID2560226"""
4,"""CNR1947532""","""CID3088538"""
1,"""CNR2675099""","""CID9801997"""
1,"""CNR9121455""","""CID4721771"""
1,"""CNR4833919""","""CID9001298"""
1,"""CNR7493285""","""CID6612297"""
1,"""CNR4860898""","""CID8332682"""
1,"""CNR3448708""","""CID2936699"""
1,"""CNR2590264""","""CID8361433"""
1,"""CNR8535413""","""CID7358117"""
1,"""CNR1590541""","""CID5400413"""
1,"""CNR2241907""","""CID2202761"""
1,"""CNR4059378""","""CID2680513"""
1,"""CNR8813670""","""CID9289605"""
1,"""CNR9982427""","""CID2712898"""
1,"""CNR8876153""","""CID4986720"""
1,"""CNR3887627""","""CID5209613"""
1,"""CNR3906011""","""CID2349587"""
1,"""CNR8578765""","""CID6571893"""
1,"""CNR6045933""","""CID1485826"""
1,"""CNR6776162""","""CID4780679"""
1,"""CNR4785117""","""CID2875002"""
1,"""CNR8124236""","""CID6201623"""
1,"""CNR1376984""","""CID5386232"""
1,"""CNR4554960""","""CID6121406"""
1,"""CNR7420192""","""CID2960164"""
1,"""CNR9783940""","""CID9533637"""
1,"""CNR4683948""","""CID7415746"""
1,"""CNR5805050""","""CID6149429"""
1,"""CNR4743544""","""CID6514234"""
1,"""CNR7829339""","""CID3372339"""
1,"""CNR2921698""","""CID2437358"""
1,"""CNR6792330""","""CID8864688"""
1,"""CNR9423166""","""CID1930218"""
1,"""CNR7018556""","""CID5609659"""
1,"""CNR3582943""","""CID6738832"""
1,"""CNR4412491""","""CID6896506"""
1,"""CNR7602478""","""CID3657171"""
1,"""CNR3328656""","""CID4750298"""
1,"""CNR7140454""","""CID7434771"""
4,"""CNR2910042""","""CID5402159"""
1,"""CNR9479771""","""CID5489496"""
1,"""CNR1641423""","""CID6794084"""
1,"""CNR7984159""","""CID2866235"""
1,"""CNR3948839""","""CID4701626"""
1,"""CNR4365636""","""CID4326954"""
1,"""CNR3280001""","""CID8806639"""
1,"""CNR9942588""","""CID4293716"""
4,"""CNR4475732""","""CID7837751"""
1,"""CNR5560772""","""CID4566674"""
1,"""CNR9292381""","""CID4214504"""
1,"""CNR2730214""","""CID3581750"""
1,"""CNR1968191""","""CID7867183"""
1,"""CNR7522201""","""CID4828241"""
1,"""CNR3198087""","""CID2620427"""
1,"""CNR8411391""","""CID6654534"""
4,"""CNR1184040""","""CID9677329"""
1,"""CNR1613562""","""CID8575253"""
1,"""CNR7099399""","""CID7526606"""
1,"""CNR8702663""","""CID9896214"""
1,"""CNR6014211""","""CID5693235"""
1,"""CNR8028010""","""CID9069316"""
4,"""CNR6172317""","""CID1615524"""
1,"""CNR5350430""","""CID5972189"""
1,"""CNR1675574""","""CID4014333"""
1,"""CNR8914532""","""CID1442341"""
1,"""CNR6402131""","""CID9644023"""
1,"""CNR7700885""","""CID4421436"""
1,"""CNR8068577""","""CID2385957"""
1,"""CNR6246947""","""CID7311490"""
1,"""CNR6360197""","""CID2384078"""
1,"""CNR9019474""","""CID5606994"""
1,"""CNR4038021""","""CID4723658"""
1,"""CNR7312425""","""CID1480860"""
1,"""CNR6562116""","""CID2380738"""
1,"""CNR3581621""","""CID3921329"""
1,"""CNR4625663""","""CID4907887"""
1,"""CNR6703945""","""CID3951803"""
1,"""CNR6769426""","""CID8443405"""
1,"""CNR1132265""","""CID6849580"""
1,"""CNR4528875""","""CID6158498"""
1,"""CNR4038623""","""CID4412128"""
1,"""CNR9815557""","""CID2139038"""
1,"""CNR5254176""","""CID2034877"""
1,"""CNR6303924""","""CID8436771"""
1,"""CNR7685988""","""CID4238110"""
1,"""CNR2717548""","""CID8839115"""
1,"""CNR6115322""","""CID1736469"""
4,"""CNR8951944""","""CID8882565"""
1,"""CNR9397210""","""CID5330614"""
1,"""CNR4825020""","""CID9022951"""
1,"""CNR1191700""","""CID2552872"""
1,"""CNR9095547""","""CID2156853"""
1,"""CNR3803940""","""CID4425315"""
1,"""CNR7279125""","""CID9853296"""
1,"""CNR3134435""","""CID1253156"""
1,"""CNR7651796""","""CID3670837"""
1,"""CNR3650330""","""CID6255089"""
1,"""CNR1180226""","""CID5866604"""
1,"""CNR5698190""","""CID4384173"""
1,"""CNR2699484""","""CID4187382"""
1,"""CNR7903759""","""CID9105273"""
1,"""CNR1379004""","""CID5129656"""
1,"""CNR5818095""","""CID9550835"""
1,"""CNR4096940""","""CID6142491"""
1,"""CNR8913913""","""CID8149777"""
1,"""CNR7222598""","""CID7369777"""
1,"""CNR5478940""","""CID1749983"""
1,"""CNR1538081""","""CID3009794"""
1,"""CNR4196976""","""CID4493797"""
1,"""CNR6071158""","""CID9960246"""
4,"""CNR2252888""","""CID6948237"""
1,"""CNR6702192""","""CID1645813"""
1,"""CNR4299844""","""CID1166408"""
1,"""CNR2752789""","""CID1233154"""
1,"""CNR2164696""","""CID2857914"""
1,"""CNR1016919""","""CID6686853"""
1,"""CNR2819622""","""CID8170573"""
4,"""CNR6912062""","""CID7727174"""
1,"""CNR1498736""","""CID6529120"""
1,"""CNR5241149""","""CID4753056"""
1,"""CNR3757748""","""CID5468799"""
1,"""CNR5679154""","""CID7323831"""
1,"""CNR1721612""","""CID7077086"""
1,"""CNR1692572""","""CID7501787"""
1,"""CNR1367083""","""CID4890467"""
1,"""CNR3619474""","""CID3375329"""
4,"""CNR6807459""","""CID2543799"""
1,"""CNR6449032""","""CID1180906"""
1,"""CNR7949488""","""CID9049812"""
4,"""CNR7348890""","""CID9255676"""
4,"""CNR1810717""","""CID6491644"""
1,"""CNR1619420""","""CID2806386"""
1,"""CNR2443096""","""CID4960875"""
4,"""CNR3990973""","""CID1436539"""
1,"""CNR6973343""","""CID1382416"""
1,"""CNR8216237""","""CID5673948"""
1,"""CNR4056437""","""CID7817451"""
1,"""CNR8477279""","""CID7580299"""
1,"""CNR3069397""","""CID9749185"""
4,"""CNR6736527""","""CID3966087"""
1,"""CNR2487839""","""CID8051249"""
1,"""CNR4189294""","""CID4256248"""
1,"""CNR2387425""","""CID2964322"""
1,"""CNR6727008""","""CID3857930"""
1,"""CNR2087477""","""CID5347171"""
1,"""CNR1760148""","""CID5351648"""
1,"""CNR5162829""","""CID3857053"""
1,"""CNR4764105""","""CID1914766"""
1,"""CNR4619940""","""CID6793412"""
1,"""CNR3162341""","""CID3588205"""
1,"""CNR7301060""","""CID1166685"""
1,"""CNR9187169""","""CID2026116"""
1,"""CNR5847577""","""CID8850701"""
1,"""CNR4513143""","""CID9310508"""
1,"""CNR8237535""","""CID9608746"""
1,"""CNR7176705""","""CID2524994"""
1,"""CNR6147989""","""CID4591538"""
1,"""CNR7977998""","""CID7510181"""
1,"""CNR9056607""","""CID3608960"""
1,"""CNR7711239""","""CID5459566"""
1,"""CNR4322045""","""CID9816171"""
1,"""CNR2024077""","""CID5411490"""
1,"""CNR1061971""","""CID8003909"""
1,"""CNR1502201""","""CID5288504"""
1,"""CNR5016277""","""CID7716375"""
1,"""CNR5689126""","""CID8047618"""
4,"""CNR9680311""","""CID6211158"""
1,"""CNR3932480""","""CID8791292"""
4,"""CNR6594260""","""CID3482032"""
4,"""CNR8877107""","""CID2657213"""
1,"""CNR8639555""","""CID8850153"""
1,"""CNR4336243""","""CID7857800"""
1,"""CNR5492465""","""CID4151949"""
1,"""CNR7891659""","""CID2872092"""
1,"""CNR2982976""","""CID3045129"""
1,"""CNR8237410""","""CID3996446"""
1,"""CNR6043957""","""CID5327383"""
4,"""CNR9987418""","""CID5613614"""
1,"""CNR2708866""","""CID6340286"""
1,"""CNR4755486""","""CID5554397"""
1,"""CNR5771216""","""CID8246430"""
4,"""CNR3674901""","""CID6977757"""
1,"""CNR4208144""","""CID9958721"""
1,"""CNR9481408""","""CID1399739"""
4,"""CNR6584019""","""CID9792206"""
1,"""CNR3450703""","""CID1109966"""
4,"""CNR8983815""","""CID2534012"""
4,"""CNR1266817""","""CID8818616"""
4,"""CNR8117172""","""CID2842779"""
1,"""CNR3854519""","""CID5289909"""
1,"""CNR8006294""","""CID2411123"""
1,"""CNR2357410""","""CID3633494"""
1,"""CNR8044163""","""CID5680020"""
1,"""CNR7760668""","""CID2967328"""
1,"""CNR6285411""","""CID1123245"""
1,"""CNR8008219""","""CID4791435"""
1,"""CNR3237419""","""CID1928959"""
1,"""CNR6361346""","""CID1879275"""
1,"""CNR3518406""","""CID2379306"""
1,"""CNR3314530""","""CID5788504"""
1,"""CNR9279245""","""CID1036901"""
1,"""CNR8989570""","""CID5339588"""
1,"""CNR9355276""","""CID1531364"""
1,"""CNR5315369""","""CID9121394"""
1,"""CNR8574851""","""CID3709367"""
1,"""CNR2841989""","""CID5087426"""
1,"""CNR8974036""","""CID3509223"""
1,"""CNR3296317""","""CID8673497"""
1,"""CNR5551174""","""CID8497686"""
1,"""CNR1433285""","""CID1639604"""
1,"""CNR1651148""","""CID1816645"""
4,"""CNR6298693""","""CID1237488"""
1,"""CNR8434404""","""CID6680020"""
4,"""CNR9359423""","""CID5015702"""
1,"""CNR4783897""","""CID8514377"""
1,"""CNR7157294""","""CID7310562"""
1,"""CNR1039135""","""CID3959951"""
1,"""CNR9529787""","""CID1860853"""
1,"""CNR2445223""","""CID8792053"""
4,"""CNR1921816""","""CID9268671"""
1,"""CNR9351778""","""CID3052382"""
1,"""CNR8425273""","""CID2861227"""
4,"""CNR5234365""","""CID2465936"""
1,"""CNR6813805""","""CID8653505"""
1,"""CNR4251373""","""CID2254897"""
1,"""CNR5405259""","""CID9720013"""
1,"""CNR1367642""","""CID3327142"""
1,"""CNR4212895""","""CID3409789"""
1,"""CNR7075857""","""CID2608701"""
1,"""CNR7641999""","""CID9355977"""
1,"""CNR7206159""","""CID3793955"""
4,"""CNR1762502""","""CID7395174"""
4,"""CNR5269582""","""CID9539368"""
1,"""CNR6055341""","""CID9022667"""
1,"""CNR6031061""","""CID5817060"""
1,"""CNR4049112""","""CID5686660"""
4,"""CNR8921185""","""CID9130291"""
1,"""CNR6872463""","""CID2444745"""
4,"""CNR7466099""","""CID7902961"""
1,"""CNR3486471""","""CID8705421"""
1,"""CNR3513712""","""CID5744814"""
1,"""CNR4840869""","""CID6753183"""
4,"""CNR3172162""","""CID3656141"""
1,"""CNR4438737""","""CID9426484"""
1,"""CNR9318471""","""CID7992000"""
1,"""CNR8006895""","""CID4815305"""
1,"""CNR6248078""","""CID5434628"""
1,"""CNR2830011""","""CID3257971"""
1,"""CNR8627853""","""CID1731909"""
1,"""CNR7802555""","""CID5075481"""
1,"""CNR2353965""","""CID4723366"""
1,"""CNR9814666""","""CID2749443"""
1,"""CNR1931266""","""CID6803849"""
4,"""CNR8514045""","""CID9996931"""
1,"""CNR3485109""","""CID6331309"""
1,"""CNR1900799""","""CID3330519"""
1,"""CNR9733257""","""CID5046567"""
4,"""CNR6882680""","""CID3234544"""
1,"""CNR2336960""","""CID2004168"""
1,"""CNR3318134""","""CID7079284"""
4,"""CNR5524315""","""CID7836567"""
4,"""CNR5005459""","""CID5099757"""
1,"""CNR5776102""","""CID5088928"""
1,"""CNR2308010""","""CID7193715"""
1,"""CNR1182424""","""CID7591363"""
4,"""CNR3389596""","""CID1359798"""
4,"""CNR4655145""","""CID9310729"""
4,"""CNR4934850""","""CID4749924"""
1,"""CNR5145937""","""CID2327619"""
1,"""CNR8888769""","""CID8469966"""
1,"""CNR1855132""","""CID8250600"""
1,"""CNR3155599""","""CID3520273"""
1,"""CNR5317655""","""CID8616082"""
1,"""CNR7503251""","""CID8360599"""
1,"""CNR9230983""","""CID8085826"""
1,"""CNR6655533""","""CID8454123"""
1,"""CNR3321185""","""CID6027264"""
1,"""CNR1585301""","""CID7903777"""
4,"""CNR6170207""","""CID2589632"""
1,"""CNR5748157""","""CID4683090"""
4,"""CNR7995549""","""CID4785080"""
1,"""CNR5810123""","""CID3022310"""
4,"""CNR8750257""","""CID5525504"""
1,"""CNR1426033""","""CID3531760"""
1,"""CNR3020252""","""CID2311816"""
1,"""CNR7639780""","""CID8992635"""
1,"""CNR5250100""","""CID8476687"""
1,"""CNR2494877""","""CID6052656"""
4,"""CNR2185953""","""CID6778552"""
1,"""CNR3557003""","""CID8255191"""
1,"""CNR9103542""","""CID1360268"""
1,"""CNR4092526""","""CID6214470"""
4,"""CNR4088153""","""CID4916643"""
4,"""CNR4103162""","""CID7056942"""
1,"""CNR7564114""","""CID8648900"""
1,"""CNR1358526""","""CID2379368"""
1,"""CNR3682603""","""CID6731575"""
1,"""CNR7260158""","""CID1245752"""
1,"""CNR3096209""","""CID7577773"""
1,"""CNR1191149""","""CID7618342"""
1,"""CNR4478202""","""CID1594982"""
4,"""CNR7890839""","""CID3447413"""
1,"""CNR6105734""","""CID3633987"""
1,"""CNR4946120""","""CID1401112"""
1,"""CNR8864529""","""CID4702470"""
1,"""CNR4999191""","""CID6809271"""
1,"""CNR5104775""","""CID2475141"""
1,"""CNR6504678""","""CID9411632"""
1,"""CNR7277924""","""CID9336140"""
1,"""CNR2517322""","""CID3380277"""
1,"""CNR5264047""","""CID1427794"""
1,"""CNR5988375""","""CID1389128"""
1,"""CNR3479293""","""CID6015737"""
1,"""CNR4002546""","""CID7862408"""
1,"""CNR1003400""","""CID9192519"""
4,"""CNR8735077""","""CID6447586"""
1,"""CNR1219321""","""CID3438233"""
4,"""CNR1191623""","""CID4970667"""
4,"""CNR1832925""","""CID3551710"""
1,"""CNR3263831""","""CID2207670"""
1,"""CNR4222424""","""CID7202249"""
1,"""CNR6111423""","""CID6307620"""
4,"""CNR9169131""","""CID7120175"""
1,"""CNR3498093""","""CID3499710"""
1,"""CNR2687237""","""CID4504001"""
1,"""CNR9953195""","""CID2319793"""
1,"""CNR2537159""","""CID3842156"""
1,"""CNR4547489""","""CID5159497"""
1,"""CNR8245831""","""CID6233493"""
1,"""CNR9198438""","""CID5257058"""
4,"""CNR7434427""","""CID6026390"""
1,"""CNR1350186""","""CID5136297"""
4,"""CNR4722464""","""CID7557487"""
1,"""CNR1620086""","""CID7002482"""
1,"""CNR8431895""","""CID2218964"""
1,"""CNR2660536""","""CID2422454"""
1,"""CNR6225390""","""CID6579944"""
1,"""CNR1418203""","""CID5007359"""
1,"""CNR5501828""","""CID4061437"""
4,"""CNR6131094""","""CID8953745"""
1,"""CNR6413685""","""CID2363281"""
4,"""CNR3581117""","""CID6469465"""
1,"""CNR9223194""","""CID1117449"""
1,"""CNR6635162""","""CID8639016"""
1,"""CNR1412838""","""CID4043390"""
4,"""CNR2673802""","""CID7500004"""
1,"""CNR9701828""","""CID7115831"""
1,"""CNR5024267""","""CID8582325"""
1,"""CNR5774668""","""CID5548040"""
1,"""CNR7306766""","""CID9773403"""
1,"""CNR6036665""","""CID8028178"""
1,"""CNR3237430""","""CID2118705"""
1,"""CNR9276762""","""CID1839541"""
1,"""CNR3139264""","""CID4925310"""
1,"""CNR7965449""","""CID7159198"""
1,"""CNR6201358""","""CID6426407"""
1,"""CNR3788310""","""CID1656744"""
4,"""CNR1247304""","""CID5227485"""
1,"""CNR2501652""","""CID1995918"""
1,"""CNR6414425""","""CID4438872"""
1,"""CNR7197627""","""CID1309656"""
4,"""CNR1122907""","""CID3497129"""
1,"""CNR7003738""","""CID1814331"""
1,"""CNR6624319""","""CID9142362"""
1,"""CNR9809414""","""CID2797315"""
1,"""CNR2065862""","""CID5868847"""
1,"""CNR8320262""","""CID1288006"""
1,"""CNR3937345""","""CID7457727"""
1,"""CNR7516306""","""CID7009082"""
1,"""CNR8161144""","""CID1987683"""
1,"""CNR1826420""","""CID6022201"""
1,"""CNR3507614""","""CID6424567"""
1,"""CNR7486771""","""CID4382760"""
1,"""CNR2576500""","""CID2492257"""
1,"""CNR8017320""","""CID5347971"""
1,"""CNR6699968""","""CID1964674"""
1,"""CNR6717433""","""CID4221960"""
4,"""CNR5134029""","""CID8778532"""
4,"""CNR3091666""","""CID9803016"""
1,"""CNR8231435""","""CID1019445"""
1,"""CNR7791416""","""CID7967264"""
1,"""CNR6370725""","""CID4017498"""
1,"""CNR8356407""","""CID1200395"""
1,"""CNR6872547""","""CID6354570"""
4,"""CNR8488177""","""CID7124791"""
1,"""CNR1199093""","""CID9187291"""
1,"""CNR8582305""","""CID5833847"""
1,"""CNR9843957""","""CID5406572"""
1,"""CNR5636142""","""CID1200846"""
1,"""CNR3862741""","""CID6473255"""
1,"""CNR7326747""","""CID7872769"""
1,"""CNR2480319""","""CID4644954"""
1,"""CNR6790086""","""CID9920844"""
1,"""CNR7045263""","""CID4750777"""
1,"""CNR2716681""","""CID8272898"""
1,"""CNR7228724""","""CID5996716"""
1,"""CNR9410259""","""CID7557431"""
1,"""CNR1982225""","""CID7725481"""
1,"""CNR8719332""","""CID5064102"""
1,"""CNR4215877""","""CID6209431"""
1,"""CNR1698629""","""CID2855557"""
4,"""CNR5966940""","""CID8404941"""
1,"""CNR3557075""","""CID7826678"""
1,"""CNR3911974""","""CID8933223"""
1,"""CNR6465499""","""CID7351063"""
1,"""CNR1631244""","""CID3935003"""
1,"""CNR3181623""","""CID7516438"""
1,"""CNR9535316""","""CID3180618"""
1,"""CNR3421625""","""CID7544637"""
1,"""CNR4764903""","""CID4251330"""
1,"""CNR6347602""","""CID6125653"""
1,"""CNR4591110""","""CID5726013"""
1,"""CNR2289926""","""CID8115349"""
1,"""CNR6559774""","""CID6373567"""
1,"""CNR4314998""","""CID4957959"""
4,"""CNR7800684""","""CID6524188"""
1,"""CNR1999171""","""CID6365292"""
4,"""CNR9363997""","""CID1678875"""
1,"""CNR4690765""","""CID5392858"""
4,"""CNR6345547""","""CID2146742"""
4,"""CNR2085050""","""CID7647904"""
1,"""CNR1911488""","""CID4943969"""
1,"""CNR6030189""","""CID2933443"""
1,"""CNR6125916""","""CID2207867"""
1,"""CNR3898255""","""CID4495214"""
1,"""CNR1930056""","""CID4638843"""
1,"""CNR5057493""","""CID2894310"""
1,"""CNR7102662""","""CID6306591"""
1,"""CNR1127793""","""CID5166843"""
1,"""CNR2669598""","""CID1795913"""
1,"""CNR6810234""","""CID7572149"""
1,"""CNR3885319""","""CID6590084"""
1,"""CNR3252268""","""CID8052881"""
1,"""CNR1372022""","""CID8198704"""
1,"""CNR7170884""","""CID8481859"""
4,"""CNR9443913""","""CID6591458"""
4,"""CNR7031291""","""CID7713849"""
1,"""CNR8529020""","""CID9925089"""
4,"""CNR4474454""","""CID9386846"""
1,"""CNR4002995""","""CID8617657"""
1,"""CNR1155957""","""CID9008292"""
1,"""CNR2915758""","""CID9826838"""
4,"""CNR4977626""","""CID1569270"""
1,"""CNR3352748""","""CID8861046"""
1,"""CNR5779685""","""CID4530756"""
1,"""CNR5656632""","""CID8182838"""
1,"""CNR6241983""","""CID5058158"""
1,"""CNR9792999""","""CID3586627"""
1,"""CNR5408466""","""CID1868442"""
1,"""CNR4359803""","""CID9844158"""
1,"""CNR3624194""","""CID9283750"""
1,"""CNR8350080""","""CID7462189"""
1,"""CNR1386212""","""CID7215734"""
1,"""CNR3041891""","""CID2551018"""
1,"""CNR6988418""","""CID2375040"""
1,"""CNR1132297""","""CID7899780"""
1,"""CNR1512689""","""CID9530541"""
1,"""CNR4474796""","""CID1411261"""
4,"""CNR7350491""","""CID4632780"""
1,"""CNR7642933""","""CID1603363"""
4,"""CNR8695956""","""CID8136145"""
1,"""CNR9542092""","""CID6188832"""
1,"""CNR6482064""","""CID5641110"""
1,"""CNR5768869""","""CID1058964"""
1,"""CNR3971819""","""CID5248534"""
1,"""CNR6734102""","""CID2034412"""
1,"""CNR1618595""","""CID4717701"""
1,"""CNR1176070""","""CID8948482"""
1,"""CNR6051206""","""CID7827168"""
1,"""CNR6725006""","""CID2129286"""
1,"""CNR4032968""","""CID1238116"""
1,"""CNR6634586""","""CID6282046"""
1,"""CNR4460434""","""CID8723284"""
1,"""CNR1370234""","""CID6352419"""
1,"""CNR9802102""","""CID4489665"""
4,"""CNR4229301""","""CID8546751"""
1,"""CNR9714260""","""CID8663237"""
1,"""CNR9350121""","""CID5071130"""
1,"""CNR4546463""","""CID8966391"""
1,"""CNR5936085""","""CID5719537"""
1,"""CNR2651925""","""CID1253076"""
1,"""CNR8807354""","""CID2709825"""
4,"""CNR6817413""","""CID5845338"""
4,"""CNR1859125""","""CID6547885"""
1,"""CNR6599424""","""CID4404883"""
1,"""CNR9723381""","""CID8559383"""
1,"""CNR7522109""","""CID9910021"""
1,"""CNR4292528""","""CID4105781"""
1,"""CNR9045373""","""CID6245319"""
4,"""CNR1282726""","""CID8512863"""
1,"""CNR8823362""","""CID2520463"""
4,"""CNR9600279""","""CID2588516"""
1,"""CNR8287902""","""CID2573602"""
1,"""CNR6282509""","""CID1559557"""
4,"""CNR6290589""","""CID6490648"""
1,"""CNR2610366""","""CID9140179"""
1,"""CNR2916121""","""CID1710444"""
1,"""CNR6143794""","""CID4622190"""
1,"""CNR3651368""","""CID4516449"""
1,"""CNR9980734""","""CID6054709"""
1,"""CNR5426586""","""CID5798997"""
4,"""CNR2080521""","""CID1032831"""
4,"""CNR4328493""","""CID4358408"""
1,"""CNR9521430""","""CID7394364"""
1,"""CNR6147266""","""CID4731543"""
1,"""CNR6182142""","""CID4856176"""
1,"""CNR8127644""","""CID4978823"""
1,"""CNR7735385""","""CID9236730"""
1,"""CNR4755646""","""CID7615954"""
1,"""CNR9190870""","""CID1771970"""
1,"""CNR6903127""","""CID4088959"""
1,"""CNR7475987""","""CID8695866"""
1,"""CNR5089750""","""CID4690284"""
1,"""CNR2915704""","""CID4753054"""
1,"""CNR6568714""","""CID8821132"""
1,"""CNR6172538""","""CID2220488"""
1,"""CNR6442280""","""CID9339032"""
1,"""CNR7095826""","""CID8510459"""
1,"""CNR6844732""","""CID4030886"""
1,"""CNR3179332""","""CID5775223"""
4,"""CNR5026686""","""CID4376578"""
1,"""CNR2197731""","""CID1498438"""
1,"""CNR9737200""","""CID1315102"""
4,"""CNR4980064""","""CID2369470"""
4,"""CNR9633101""","""CID8381049"""
1,"""CNR7199967""","""CID7628707"""
1,"""CNR4533643""","""CID7427459"""
1,"""CNR7122291""","""CID2915573"""
1,"""CNR7389040""","""CID4090801"""
1,"""CNR5550554""","""CID3484269"""
4,"""CNR8322888""","""CID4214806"""
1,"""CNR6123517""","""CID1188151"""
1,"""CNR5305769""","""CID1991104"""
4,"""CNR9609010""","""CID2393425"""
1,"""CNR1653103""","""CID1594857"""
1,"""CNR9701915""","""CID1981601"""
1,"""CNR4893929""","""CID3739340"""
4,"""CNR7883081""","""CID7898709"""
1,"""CNR5762068""","""CID5315294"""
1,"""CNR7176049""","""CID7008365"""
1,"""CNR6776668""","""CID6559628"""
1,"""CNR1908274""","""CID4909595"""
1,"""CNR7563278""","""CID4482064"""
1,"""CNR4839758""","""CID2029740"""
1,"""CNR5029618""","""CID8667785"""
1,"""CNR7047986""","""CID4257956"""
1,"""CNR9127650""","""CID7142629"""
1,"""CNR8728283""","""CID8702049"""
4,"""CNR7332916""","""CID5592539"""
1,"""CNR3694822""","""CID6681815"""
1,"""CNR6231443""","""CID9736842"""
1,"""CNR8827110""","""CID6539399"""
4,"""CNR3222250""","""CID1138190"""
1,"""CNR4005672""","""CID8902963"""
1,"""CNR3286940""","""CID8438469"""
1,"""CNR4807104""","""CID4637944"""
4,"""CNR2317669""","""CID5109447"""
1,"""CNR8761889""","""CID8471390"""
1,"""CNR5035261""","""CID5741949"""
1,"""CNR4515034""","""CID6921625"""
1,"""CNR6201785""","""CID9503434"""
1,"""CNR3106983""","""CID8428457"""
1,"""CNR3655702""","""CID9462172"""
1,"""CNR9256321""","""CID9783093"""
1,"""CNR4853095""","""CID4055684"""
1,"""CNR1818479""","""CID5485648"""
1,"""CNR4312824""","""CID8828137"""
1,"""CNR6398214""","""CID4425578"""
1,"""CNR2925931""","""CID4185932"""
1,"""CNR8059645""","""CID8820994"""
1,"""CNR9156788""","""CID2529646"""
1,"""CNR8157699""","""CID8825446"""
1,"""CNR2867643""","""CID3601220"""
1,"""CNR6786092""","""CID5711803"""
1,"""CNR6976027""","""CID4557087"""
1,"""CNR9280017""","""CID7948217"""
1,"""CNR9233016""","""CID6043656"""
4,"""CNR8002981""","""CID3916504"""
1,"""CNR7273661""","""CID5132577"""
1,"""CNR9630217""","""CID8484129"""
1,"""CNR7992820""","""CID3469083"""
1,"""CNR5401776""","""CID3631206"""
1,"""CNR8135425""","""CID5372549"""
1,"""CNR3800423""","""CID9468589"""
1,"""CNR9704564""","""CID1344487"""
1,"""CNR6208804""","""CID7010320"""
1,"""CNR8412369""","""CID3121737"""
1,"""CNR3645387""","""CID6533944"""
1,"""CNR9151611""","""CID1253153"""
1,"""CNR9701090""","""CID5501061"""
4,"""CNR8138772""","""CID7803939"""
1,"""CNR1957690""","""CID5477919"""
1,"""CNR6529849""","""CID5944483"""
1,"""CNR2602806""","""CID1902666"""
1,"""CNR4886187""","""CID5384691"""
1,"""CNR6119601""","""CID4057878"""
1,"""CNR2089814""","""CID2504276"""
1,"""CNR9043277""","""CID6722984"""
1,"""CNR5950957""","""CID9402172"""
1,"""CNR9440457""","""CID5054280"""
1,"""CNR8352626""","""CID3631422"""
1,"""CNR2914832""","""CID2222248"""
1,"""CNR6251210""","""CID6439478"""
4,"""CNR2964310""","""CID6810967"""
1,"""CNR5249027""","""CID7423847"""
1,"""CNR5568492""","""CID7733833"""
4,"""CNR7961498""","""CID7297585"""
1,"""CNR7942561""","""CID1726403"""
1,"""CNR3122847""","""CID5679083"""
4,"""CNR9472992""","""CID1060380"""
1,"""CNR1695290""","""CID4991886"""
1,"""CNR6159988""","""CID5492727"""
1,"""CNR2909876""","""CID8564605"""
1,"""CNR9614937""","""CID9243579"""
1,"""CNR1363915""","""CID6395619"""
1,"""CNR6516426""","""CID6907653"""
1,"""CNR5834106""","""CID4362267"""
1,"""CNR4448616""","""CID7417202"""
1,"""CNR5638071""","""CID9642839"""
1,"""CNR1267897""","""CID4403390"""
1,"""CNR2834553""","""CID6351045"""
1,"""CNR7073588""","""CID3727077"""
1,"""CNR3430758""","""CID1460856"""
1,"""CNR8552742""","""CID2971917"""
1,"""CNR2359705""","""CID7203887"""
1,"""CNR4416291""","""CID7115746"""
1,"""CNR1835239""","""CID5804043"""
1,"""CNR9381424""","""CID9770577"""
4,"""CNR9595146""","""CID9508915"""
2,"""CNR1555102""","""CID9229609"""
4,"""CNR5179323""","""CID7622684"""
2,"""CNR2144038""","""CID5416260"""
2,"""CNR3397134""","""CID4053737"""
4,"""CNR1352198""","""CID5994682"""
2,"""CNR7538365""","""CID2647487"""
2,"""CNR3493351""","""CID1405006"""
2,"""CNR1393049""","""CID3371735"""
2,"""CNR8333027""","""CID1044139"""
2,"""CNR9193197""","""CID6019703"""
2,"""CNR7869978""","""CID2915432"""
4,"""CNR1095144""","""CID5270254"""
4,"""CNR1026371""","""CID2983735"""
2,"""CNR5672895""","""CID8215857"""
2,"""CNR5371546""","""CID8256291"""
4,"""CNR7320431""","""CID1306202"""
4,"""CNR3259650""","""CID3165325"""
4,"""CNR6573434""","""CID1186770"""
4,"""CNR7230783""","""CID4901570"""
2,"""CNR2149172""","""CID9145416"""
2,"""CNR3573415""","""CID9146855"""
2,"""CNR1493196""","""CID7802023"""
4,"""CNR6173303""","""CID6136781"""
4,"""CNR7937279""","""CID4125100"""
4,"""CNR9728298""","""CID8427800"""
4,"""CNR5288630""","""CID6673458"""
2,"""CNR4581428""","""CID9951071"""
4,"""CNR9656338""","""CID9650965"""
4,"""CNR3698744""","""CID9147873"""
2,"""CNR7795331""","""CID2417495"""
2,"""CNR3595012""","""CID9911740"""
2,"""CNR3802744""","""CID7236947"""
2,"""CNR2388946""","""CID7721327"""
2,"""CNR1209608""","""CID2661925"""
2,"""CNR2791858""","""CID3282527"""
4,"""CNR4550993""","""CID6218836"""
2,"""CNR6641040""","""CID4235606"""
2,"""CNR6755977""","""CID5368373"""
2,"""CNR7144430""","""CID9509607"""
2,"""CNR8872410""","""CID4897771"""
4,"""CNR8014354""","""CID4686308"""
2,"""CNR1951309""","""CID1217099"""
2,"""CNR9879838""","""CID7362270"""
2,"""CNR1609566""","""CID3556489"""
2,"""CNR1726596""","""CID2483522"""
2,"""CNR2561498""","""CID1380920"""
4,"""CNR9460759""","""CID7293738"""
2,"""CNR9670551""","""CID7464043"""
4,"""CNR7372514""","""CID7122470"""
4,"""CNR1144844""","""CID1267901"""
2,"""CNR4779428""","""CID7559530"""
2,"""CNR4201601""","""CID7179408"""
4,"""CNR8854139""","""CID2950468"""
4,"""CNR1396366""","""CID1393822"""
4,"""CNR2957097""","""CID2980217"""
2,"""CNR9352950""","""CID8962813"""
4,"""CNR8686107""","""CID5745908"""
2,"""CNR9867566""","""CID2701863"""
2,"""CNR9285507""","""CID9081352"""
4,"""CNR7623632""","""CID1780057"""
2,"""CNR1923874""","""CID4124970"""
4,"""CNR8189859""","""CID1455034"""
2,"""CNR6758890""","""CID5807224"""
4,"""CNR7053009""","""CID7035063"""
4,"""CNR6181451""","""CID9554920"""
2,"""CNR3353319""","""CID1776290"""
2,"""CNR2792953""","""CID3927266"""
2,"""CNR1651869""","""CID2314163"""
2,"""CNR7604970""","""CID3609299"""
4,"""CNR8916900""","""CID8965483"""
2,"""CNR2427172""","""CID1638212"""
4,"""CNR2153201""","""CID8220039"""
4,"""CNR1128352""","""CID4525421"""
4,"""CNR8659189""","""CID2560715"""
2,"""CNR2669701""","""CID8251545"""
4,"""CNR4424618""","""CID4593149"""
2,"""CNR1194001""","""CID8339235"""
4,"""CNR3802256""","""CID8120481"""
4,"""CNR6999912""","""CID1156921"""
2,"""CNR1026981""","""CID9002913"""
2,"""CNR1742177""","""CID4146300"""
2,"""CNR7055355""","""CID2169002"""
2,"""CNR2450378""","""CID1583285"""
4,"""CNR5261817""","""CID2907013"""
4,"""CNR5415701""","""CID2228153"""
2,"""CNR2354517""","""CID9591430"""
2,"""CNR3168973""","""CID9571973"""
2,"""CNR5787424""","""CID7236883"""
2,"""CNR1358670""","""CID6314896"""
2,"""CNR1040715""","""CID2124612"""
2,"""CNR7382025""","""CID5146465"""
4,"""CNR4452212""","""CID2968641"""
2,"""CNR9603890""","""CID3073669"""
4,"""CNR9462197""","""CID9620203"""
4,"""CNR1957306""","""CID4684217"""
2,"""CNR7888904""","""CID9131834"""
2,"""CNR9259769""","""CID5845085"""
2,"""CNR1747852""","""CID1248801"""
2,"""CNR9728514""","""CID7405267"""
4,"""CNR5965007""","""CID8522776"""
2,"""CNR3152863""","""CID2212256"""
2,"""CNR3426327""","""CID8209617"""
2,"""CNR7942290""","""CID8390035"""
4,"""CNR8423770""","""CID9324348"""
2,"""CNR4330216""","""CID6134224"""
4,"""CNR6465135""","""CID3463583"""
2,"""CNR8109937""","""CID4189219"""
2,"""CNR8735891""","""CID2531094"""
2,"""CNR3197244""","""CID8379866"""
4,"""CNR9412966""","""CID5276713"""
2,"""CNR4275319""","""CID9405432"""
4,"""CNR4212054""","""CID2524397"""
4,"""CNR4698995""","""CID5138630"""
2,"""CNR6780218""","""CID4396948"""
2,"""CNR9081378""","""CID5903261"""
4,"""CNR4040977""","""CID7390126"""
2,"""CNR2267919""","""CID2318263"""
2,"""CNR9992539""","""CID2048261"""
2,"""CNR2175316""","""CID9906068"""
2,"""CNR4147791""","""CID9489237"""
2,"""CNR2042524""","""CID3995362"""
4,"""CNR2825587""","""CID3959905"""
2,"""CNR8134513""","""CID5749620"""
2,"""CNR4082703""","""CID6131340"""
2,"""CNR4682048""","""CID7252161"""
4,"""CNR9710495""","""CID4687251"""
2,"""CNR4753190""","""CID3263215"""
2,"""CNR4664614""","""CID2034130"""
2,"""CNR8682689""","""CID9907462"""
4,"""CNR7500625""","""CID9431754"""
2,"""CNR6484475""","""CID8431960"""
2,"""CNR7765052""","""CID1684667"""
2,"""CNR4738428""","""CID6952786"""
4,"""CNR7413086""","""CID1025055"""
4,"""CNR8650631""","""CID2955756"""
2,"""CNR7767494""","""CID8799070"""
2,"""CNR4245877""","""CID7759636"""
2,"""CNR8681015""","""CID7880015"""
2,"""CNR7849099""","""CID3392019"""
4,"""CNR9393355""","""CID2207388"""
2,"""CNR4446462""","""CID3035016"""
2,"""CNR6515222""","""CID8941627"""
4,"""CNR1764706""","""CID3902320"""
4,"""CNR4662700""","""CID2908964"""
2,"""CNR9600673""","""CID8012464"""
2,"""CNR7775544""","""CID5933416"""
2,"""CNR4922658""","""CID2944312"""
2,"""CNR1935996""","""CID8355797"""
2,"""CNR8214302""","""CID6750961"""
2,"""CNR7971514""","""CID3925771"""
2,"""CNR1272870""","""CID8734708"""
4,"""CNR1242443""","""CID9347979"""
2,"""CNR1223052""","""CID8519237"""
2,"""CNR7798364""","""CID7950174"""
2,"""CNR8095054""","""CID3788240"""
2,"""CNR1450150""","""CID7372495"""
2,"""CNR6080708""","""CID4834098"""
2,"""CNR5976422""","""CID3239561"""
2,"""CNR8602178""","""CID7046135"""
4,"""CNR6532504""","""CID2501771"""
2,"""CNR5559052""","""CID3948195"""
2,"""CNR5102082""","""CID2988951"""
2,"""CNR4909983""","""CID5747488"""
2,"""CNR4198634""","""CID6728559"""
2,"""CNR8149213""","""CID9906234"""
4,"""CNR4832954""","""CID9248283"""
2,"""CNR1325150""","""CID3998090"""
2,"""CNR8937065""","""CID1519884"""
2,"""CNR8399386""","""CID2877369"""
2,"""CNR6514801""","""CID1084161"""
4,"""CNR7388684""","""CID5859209"""
2,"""CNR5833922""","""CID1523011"""
2,"""CNR7245961""","""CID9131123"""
2,"""CNR7645914""","""CID7933164"""
4,"""CNR5973289""","""CID4491639"""
2,"""CNR9268524""","""CID9676391"""
4,"""CNR2760859""","""CID4597080"""
2,"""CNR8403370""","""CID2661778"""
2,"""CNR4498961""","""CID2233919"""
2,"""CNR9742690""","""CID9091783"""
2,"""CNR4376641""","""CID2820555"""
2,"""CNR3848501""","""CID9071382"""
4,"""CNR1530545""","""CID3410315"""
4,"""CNR9652837""","""CID6268620"""
4,"""CNR3468542""","""CID1750958"""
2,"""CNR1433662""","""CID7725383"""
4,"""CNR7361915""","""CID8019686"""
4,"""CNR7544018""","""CID2071703"""
2,"""CNR8067596""","""CID1958561"""
4,"""CNR1671298""","""CID4701344"""
2,"""CNR5994430""","""CID1718025"""
4,"""CNR5988078""","""CID7370888"""
4,"""CNR2485139""","""CID3020493"""
2,"""CNR2914305""","""CID6321418"""
4,"""CNR3192974""","""CID9302966"""
2,"""CNR5859254""","""CID5313853"""
2,"""CNR3293453""","""CID6953537"""
2,"""CNR6295972""","""CID3391957"""
2,"""CNR3586079""","""CID4770004"""
2,"""CNR7483601""","""CID1973844"""
2,"""CNR9941912""","""CID1529962"""
2,"""CNR2186658""","""CID6850063"""
2,"""CNR9882685""","""CID8147583"""
2,"""CNR7121298""","""CID4243976"""
2,"""CNR5252904""","""CID5321368"""
2,"""CNR1129818""","""CID9692280"""
4,"""CNR6776798""","""CID2552945"""
2,"""CNR5385301""","""CID4293876"""
4,"""CNR4262968""","""CID4806357"""
2,"""CNR3020975""","""CID5096799"""
4,"""CNR1325583""","""CID3229228"""
4,"""CNR4385617""","""CID1034801"""
2,"""CNR8785628""","""CID4887333"""
2,"""CNR9369228""","""CID3629405"""
2,"""CNR5841844""","""CID2038800"""
2,"""CNR2000797""","""CID7695848"""
4,"""CNR1738384""","""CID8215835"""
2,"""CNR9406710""","""CID9364054"""
2,"""CNR1339336""","""CID1156079"""
4,"""CNR7522494""","""CID7562642"""
2,"""CNR1051228""","""CID5242056"""
2,"""CNR3490945""","""CID6598637"""
2,"""CNR9110188""","""CID6612245"""
2,"""CNR4712917""","""CID3241552"""
2,"""CNR4963748""","""CID1485766"""
4,"""CNR4424109""","""CID7495126"""
2,"""CNR3199038""","""CID4698770"""
4,"""CNR3386818""","""CID1356949"""
2,"""CNR1392155""","""CID9315841"""
2,"""CNR3280387""","""CID4078908"""
4,"""CNR7476346""","""CID8511071"""
2,"""CNR9874065""","""CID6887107"""
2,"""CNR2044778""","""CID5536946"""
2,"""CNR8581851""","""CID8036385"""
2,"""CNR4283423""","""CID5002424"""
4,"""CNR7693001""","""CID3162922"""
4,"""CNR6296938""","""CID6152771"""
2,"""CNR4590692""","""CID9975033"""
4,"""CNR8156450""","""CID9682099"""
4,"""CNR6043549""","""CID1488745"""
2,"""CNR5939999""","""CID5113629"""
2,"""CNR5322367""","""CID3414034"""
2,"""CNR6350997""","""CID9763389"""
2,"""CNR8945615""","""CID8226953"""
4,"""CNR9890485""","""CID6375410"""
4,"""CNR6911037""","""CID2043125"""
2,"""CNR1538236""","""CID7230085"""
4,"""CNR6931129""","""CID1912093"""
2,"""CNR9899636""","""CID1829440"""
4,"""CNR8417209""","""CID4877536"""
2,"""CNR9264656""","""CID8377426"""
4,"""CNR2402130""","""CID5051215"""
2,"""CNR1341893""","""CID8751483"""
2,"""CNR6932637""","""CID8297710"""
2,"""CNR1899008""","""CID3131774"""
4,"""CNR5194979""","""CID7536656"""
4,"""CNR3596239""","""CID7362821"""
2,"""CNR9173184""","""CID5533419"""
4,"""CNR8082530""","""CID7185999"""
2,"""CNR9475909""","""CID7840698"""
2,"""CNR6318135""","""CID8441701"""
4,"""CNR4883763""","""CID7065469"""
4,"""CNR2594405""","""CID1615468"""
4,"""CNR8719882""","""CID2291526"""
2,"""CNR5723403""","""CID2462700"""
2,"""CNR5162769""","""CID1512811"""
2,"""CNR1692172""","""CID9139200"""
2,"""CNR9640242""","""CID3834550"""
4,"""CNR7464446""","""CID8859000"""
2,"""CNR3991808""","""CID8721681"""
4,"""CNR2141369""","""CID2734318"""
4,"""CNR3831974""","""CID3540025"""
2,"""CNR2621871""","""CID7189950"""
4,"""CNR4830961""","""CID7650249"""
4,"""CNR6824973""","""CID2999551"""
2,"""CNR4181702""","""CID3176499"""
2,"""CNR8438339""","""CID9841184"""
4,"""CNR7747040""","""CID6852258"""
4,"""CNR2386414""","""CID1390608"""
4,"""CNR6219517""","""CID7066925"""
2,"""CNR2094763""","""CID8322650"""
4,"""CNR1929908""","""CID8843401"""
2,"""CNR7794002""","""CID4788220"""
2,"""CNR2814486""","""CID5431126"""
4,"""CNR3955373""","""CID3523679"""
2,"""CNR6399968""","""CID7425679"""
4,"""CNR3798004""","""CID5560261"""
2,"""CNR9787660""","""CID2023551"""
2,"""CNR7595056""","""CID7419614"""
2,"""CNR4447861""","""CID9429879"""
2,"""CNR7817320""","""CID9183030"""
2,"""CNR6540743""","""CID6609848"""
4,"""CNR8302651""","""CID2920991"""
2,"""CNR9571914""","""CID7951011"""
2,"""CNR7424584""","""CID2834681"""
2,"""CNR9772667""","""CID7485485"""
4,"""CNR9044917""","""CID8548605"""
2,"""CNR8550110""","""CID8774069"""
4,"""CNR3738805""","""CID1349910"""
2,"""CNR3367440""","""CID9430969"""
2,"""CNR6598572""","""CID6405627"""
2,"""CNR8847097""","""CID2337343"""
4,"""CNR6352519""","""CID6285747"""
4,"""CNR8933637""","""CID6897834"""
2,"""CNR8732370""","""CID8566346"""
4,"""CNR9254687""","""CID7084926"""
4,"""CNR7650814""","""CID1108912"""
4,"""CNR4959831""","""CID7853649"""
2,"""CNR6628737""","""CID2695385"""
4,"""CNR2258721""","""CID3478470"""
4,"""CNR9562693""","""CID9550741"""
2,"""CNR5491490""","""CID7896971"""
2,"""CNR5178491""","""CID7300292"""
2,"""CNR3510223""","""CID2269895"""
4,"""CNR7916856""","""CID8011111"""
2,"""CNR3308072""","""CID8654801"""
2,"""CNR3476292""","""CID8859851"""
4,"""CNR2367086""","""CID8193612"""
4,"""CNR5384566""","""CID2556810"""
2,"""CNR2664776""","""CID4245890"""
2,"""CNR5117335""","""CID3961263"""
2,"""CNR8158757""","""CID6979560"""
4,"""CNR2684692""","""CID8025440"""
2,"""CNR8092531""","""CID9061033"""
4,"""CNR7081943""","""CID9122143"""
2,"""CNR7140698""","""CID6954719"""
2,"""CNR9101290""","""CID5914001"""
4,"""CNR1416027""","""CID5266600"""
2,"""CNR5091182""","""CID1730921"""
4,"""CNR6785890""","""CID5262416"""
4,"""CNR4393541""","""CID9160551"""
2,"""CNR2926858""","""CID3178034"""
2,"""CNR9516251""","""CID1189786"""
2,"""CNR8031735""","""CID5541327"""
4,"""CNR2121943""","""CID1672425"""
2,"""CNR3260892""","""CID3016701"""
2,"""CNR7764166""","""CID3916416"""
4,"""CNR8310648""","""CID5458103"""
2,"""CNR4405107""","""CID6162666"""
2,"""CNR2994467""","""CID3112387"""
4,"""CNR7655415""","""CID3890994"""
2,"""CNR4286000""","""CID9924571"""
2,"""CNR4004237""","""CID3804952"""
2,"""CNR5058567""","""CID8451387"""
2,"""CNR2543868""","""CID3623476"""
4,"""CNR5398748""","""CID8449494"""
2,"""CNR1410567""","""CID2852910"""
4,"""CNR9924692""","""CID9160498"""
2,"""CNR9563050""","""CID7668367"""
2,"""CNR6695746""","""CID5014460"""
2,"""CNR1957179""","""CID2633393"""
4,"""CNR4303590""","""CID1859635"""
4,"""CNR3900725""","""CID2136615"""
2,"""CNR8313543""","""CID9272387"""
2,"""CNR4462810""","""CID6408004"""
4,"""CNR3759247""","""CID1845087"""
4,"""CNR1787541""","""CID7598382"""
2,"""CNR3883907""","""CID6817229"""
4,"""CNR3597417""","""CID8955640"""
2,"""CNR1978322""","""CID5558237"""
4,"""CNR4231276""","""CID3643177"""
2,"""CNR7237962""","""CID1913835"""
2,"""CNR9035424""","""CID3260859"""
4,"""CNR6050041""","""CID5089988"""
2,"""CNR6029965""","""CID1554082"""
2,"""CNR9616700""","""CID7721150"""
2,"""CNR3317985""","""CID9700359"""
2,"""CNR8005946""","""CID3502724"""
2,"""CNR5358895""","""CID9617668"""
2,"""CNR7896712""","""CID5939133"""
2,"""CNR7006436""","""CID3443342"""
4,"""CNR5148454""","""CID9204918"""
2,"""CNR9690656""","""CID6022416"""
4,"""CNR8751008""","""CID8123931"""
2,"""CNR8548017""","""CID5406292"""
2,"""CNR2953364""","""CID9515203"""
4,"""CNR4078035""","""CID8529188"""
4,"""CNR5531050""","""CID5247551"""
2,"""CNR5641485""","""CID9167205"""
4,"""CNR1615339""","""CID4255825"""
4,"""CNR4811824""","""CID8521759"""
2,"""CNR7982564""","""CID7018672"""
2,"""CNR9126965""","""CID3677821"""
2,"""CNR6731599""","""CID6258529"""
4,"""CNR2669492""","""CID1030225"""
4,"""CNR7894969""","""CID7482718"""
4,"""CNR7688474""","""CID2779462"""
2,"""CNR2133222""","""CID5618051"""
2,"""CNR3387680""","""CID6539818"""
2,"""CNR4008856""","""CID3004705"""
2,"""CNR5076044""","""CID5700708"""
4,"""CNR5790564""","""CID5963623"""
2,"""CNR6350245""","""CID8734045"""
4,"""CNR9276346""","""CID5507028"""
2,"""CNR7172011""","""CID6123169"""
4,"""CNR6778228""","""CID2508375"""
2,"""CNR9873866""","""CID6832988"""
4,"""CNR6467196""","""CID3222698"""
2,"""CNR3891436""","""CID7922088"""
2,"""CNR8244483""","""CID2489779"""
2,"""CNR6745590""","""CID9682061"""
2,"""CNR2470237""","""CID9796913"""
2,"""CNR1647293""","""CID7513234"""
4,"""CNR7886639""","""CID2288688"""
4,"""CNR5767377""","""CID6072796"""
2,"""CNR2153266""","""CID7915542"""
4,"""CNR8371951""","""CID3374077"""
2,"""CNR5088229""","""CID5663087"""
2,"""CNR9815300""","""CID3485297"""
2,"""CNR1002610""","""CID6989413"""
2,"""CNR4648901""","""CID2528157"""
4,"""CNR5740326""","""CID4515155"""
2,"""CNR8134532""","""CID4953060"""
2,"""CNR9202766""","""CID5190873"""
4,"""CNR9401632""","""CID1711593"""
2,"""CNR4554998""","""CID3954631"""
2,"""CNR9772343""","""CID8764196"""
2,"""CNR5574515""","""CID3884838"""
2,"""CNR4970050""","""CID3024753"""
4,"""CNR5852163""","""CID2347548"""
4,"""CNR8080048""","""CID4251106"""
4,"""CNR6447753""","""CID4431378"""
4,"""CNR9883587""","""CID1921129"""
2,"""CNR7416288""","""CID9149854"""
4,"""CNR3868618""","""CID4479909"""
4,"""CNR4347679""","""CID7844929"""
4,"""CNR6272861""","""CID9191945"""
2,"""CNR5614163""","""CID5061944"""
2,"""CNR8267665""","""CID9092034"""
2,"""CNR1708108""","""CID3620805"""
2,"""CNR2788822""","""CID9945517"""
2,"""CNR9622281""","""CID7323045"""
2,"""CNR9357450""","""CID1090711"""
2,"""CNR9322155""","""CID3711121"""
2,"""CNR7418362""","""CID1343906"""
2,"""CNR2266053""","""CID2268883"""
2,"""CNR8437670""","""CID8123894"""
2,"""CNR7474932""","""CID1251920"""
4,"""CNR7206895""","""CID7139020"""
2,"""CNR2387506""","""CID3076922"""
2,"""CNR6864843""","""CID9694344"""
2,"""CNR1457610""","""CID9974216"""
4,"""CNR5075799""","""CID6191873"""
2,"""CNR2299818""","""CID3641755"""
4,"""CNR6849967""","""CID5278114"""
4,"""CNR7159119""","""CID6710198"""
4,"""CNR8252578""","""CID5878845"""
4,"""CNR4848192""","""CID9744032"""
2,"""CNR6463570""","""CID2855068"""
2,"""CNR8393165""","""CID9673114"""
2,"""CNR5603963""","""CID2095108"""
2,"""CNR6182141""","""CID1138319"""
4,"""CNR2313433""","""CID6992179"""
4,"""CNR3217941""","""CID3077828"""
2,"""CNR2082376""","""CID1747401"""
2,"""CNR1238972""","""CID6015364"""
2,"""CNR8556876""","""CID4854808"""
4,"""CNR1809861""","""CID8584981"""
2,"""CNR6566304""","""CID5787711"""
2,"""CNR6928891""","""CID9958542"""
2,"""CNR7504078""","""CID2292587"""
4,"""CNR8529797""","""CID4605838"""
4,"""CNR1110515""","""CID5738184"""
2,"""CNR7799554""","""CID2995849"""
2,"""CNR7557208""","""CID3749360"""
4,"""CNR3232988""","""CID3074178"""
4,"""CNR9413184""","""CID1965908"""
2,"""CNR5664680""","""CID4078394"""
4,"""CNR7481120""","""CID6292798"""
2,"""CNR2350391""","""CID9757892"""
2,"""CNR3870446""","""CID5068166"""
2,"""CNR2594503""","""CID5137455"""
2,"""CNR6364202""","""CID5832607"""
4,"""CNR9513983""","""CID7436296"""
2,"""CNR7308717""","""CID8681239"""
2,"""CNR8782668""","""CID7285793"""
2,"""CNR9392693""","""CID2205032"""
2,"""CNR8940422""","""CID7755885"""
2,"""CNR4261921""","""CID2540351"""
4,"""CNR6792516""","""CID6944663"""
4,"""CNR1298696""","""CID6370488"""
2,"""CNR3584547""","""CID3191037"""
2,"""CNR1868670""","""CID2588715"""
2,"""CNR7576485""","""CID9689838"""
4,"""CNR5946997""","""CID1279554"""
2,"""CNR5911429""","""CID6288121"""
2,"""CNR6421986""","""CID9273173"""
2,"""CNR3874199""","""CID5734393"""
2,"""CNR3907483""","""CID6498578"""
2,"""CNR5606124""","""CID2493155"""
4,"""CNR4827977""","""CID1340045"""
2,"""CNR4874668""","""CID1579474"""
2,"""CNR1194419""","""CID5281334"""
2,"""CNR3993791""","""CID5331242"""
2,"""CNR4553742""","""CID4404596"""
4,"""CNR4883850""","""CID6303239"""
2,"""CNR5375870""","""CID1599140"""
4,"""CNR4801148""","""CID8717891"""
4,"""CNR3115910""","""CID7358478"""
2,"""CNR1572911""","""CID6230710"""
2,"""CNR2540854""","""CID4078209"""
2,"""CNR2424224""","""CID2057445"""
4,"""CNR1008018""","""CID3811912"""
2,"""CNR5738040""","""CID2611895"""
2,"""CNR7955913""","""CID9339167"""
2,"""CNR5340019""","""CID7953833"""
2,"""CNR5983145""","""CID8899266"""
2,"""CNR2949013""","""CID3642557"""
2,"""CNR7872314""","""CID7713357"""
2,"""CNR8952693""","""CID6076527"""
4,"""CNR8232445""","""CID7670786"""
2,"""CNR4206023""","""CID9165437"""
2,"""CNR8281158""","""CID8587288"""
4,"""CNR1908842""","""CID4506019"""
4,"""CNR8544293""","""CID1596201"""
2,"""CNR1950715""","""CID4022694"""
2,"""CNR4034785""","""CID8789078"""
2,"""CNR2090992""","""CID4214721"""
2,"""CNR2679567""","""CID6227956"""
2,"""CNR7710675""","""CID8212151"""
4,"""CNR2551232""","""CID4921473"""
4,"""CNR1878353""","""CID5351696"""
2,"""CNR3783453""","""CID7249917"""
4,"""CNR4789090""","""CID4953064"""
2,"""CNR6266066""","""CID4033896"""
2,"""CNR8623063""","""CID8300135"""
2,"""CNR8130205""","""CID1110536"""
4,"""CNR5922890""","""CID3332966"""
4,"""CNR3368565""","""CID3836211"""
4,"""CNR1376770""","""CID9199889"""
2,"""CNR5967889""","""CID3898976"""
2,"""CNR2109826""","""CID5981000"""
4,"""CNR7727228""","""CID8886998"""
2,"""CNR9394160""","""CID4985265"""
2,"""CNR9419232""","""CID9869304"""
4,"""CNR4170108""","""CID6380385"""
4,"""CNR6236155""","""CID5129387"""
2,"""CNR9350401""","""CID3198515"""
4,"""CNR7648772""","""CID3952396"""
2,"""CNR1834127""","""CID3541479"""
4,"""CNR6723657""","""CID8276903"""
4,"""CNR3469352""","""CID9861488"""
2,"""CNR6831385""","""CID4393295"""
2,"""CNR8861651""","""CID3956020"""
4,"""CNR4628915""","""CID3408741"""
2,"""CNR2654662""","""CID3017079"""
4,"""CNR6557424""","""CID7712700"""
2,"""CNR3883809""","""CID2136050"""
2,"""CNR6007672""","""CID3177798"""
4,"""CNR4598109""","""CID6814254"""
2,"""CNR4263688""","""CID1937518"""
2,"""CNR2047084""","""CID7384190"""
4,"""CNR6408682""","""CID1486694"""
2,"""CNR6261042""","""CID7492281"""
2,"""CNR1248585""","""CID2159210"""
2,"""CNR8541378""","""CID6363239"""
2,"""CNR3282518""","""CID6651878"""
2,"""CNR5482267""","""CID3397976"""
2,"""CNR2810590""","""CID4788373"""
2,"""CNR6529001""","""CID7482384"""
2,"""CNR5998673""","""CID2754780"""
2,"""CNR4013920""","""CID4121423"""
2,"""CNR4337756""","""CID9679778"""
4,"""CNR6223493""","""CID9411774"""
2,"""CNR6465349""","""CID2301131"""
2,"""CNR7099173""","""CID1267343"""
4,"""CNR3229462""","""CID3869641"""
2,"""CNR8034899""","""CID3335917"""
2,"""CNR2446987""","""CID8058281"""
2,"""CNR2710352""","""CID6056206"""
2,"""CNR9369718""","""CID1607843"""
2,"""CNR5827328""","""CID4887013"""
2,"""CNR7194859""","""CID6968638"""
2,"""CNR1466226""","""CID6788999"""
4,"""CNR2510961""","""CID6348171"""
2,"""CNR7767633""","""CID8987434"""
4,"""CNR4930832""","""CID3808499"""
2,"""CNR6167019""","""CID4032426"""
2,"""CNR2921530""","""CID7557710"""
2,"""CNR3623044""","""CID7041360"""
2,"""CNR2163077""","""CID2496794"""
2,"""CNR9593761""","""CID2602221"""
2,"""CNR1617032""","""CID1406976"""
4,"""CNR1299925""","""CID1456271"""
2,"""CNR3413605""","""CID3082035"""
2,"""CNR4551403""","""CID9985544"""
4,"""CNR2212686""","""CID9746342"""
4,"""CNR5042266""","""CID5360350"""
2,"""CNR9134024""","""CID7856372"""
2,"""CNR4028632""","""CID5149523"""
2,"""CNR2399004""","""CID1527455"""
4,"""CNR2714404""","""CID8818351"""
4,"""CNR5165807""","""CID6578533"""
2,"""CNR1632075""","""CID2993161"""
4,"""CNR6678102""","""CID9258100"""
4,"""CNR1686968""","""CID5763209"""
4,"""CNR6144216""","""CID1547026"""
2,"""CNR8435688""","""CID6223704"""
2,"""CNR3459428""","""CID7858996"""
2,"""CNR7768919""","""CID5171364"""
2,"""CNR8558898""","""CID6525090"""
2,"""CNR6909098""","""CID2110598"""
4,"""CNR5097445""","""CID2089216"""
2,"""CNR1892260""","""CID3503075"""
2,"""CNR9686843""","""CID5773765"""
4,"""CNR8285034""","""CID2926999"""
4,"""CNR7773333""","""CID5411433"""
2,"""CNR6607871""","""CID3650604"""
4,"""CNR7202087""","""CID3431598"""
2,"""CNR5798586""","""CID3389972"""
4,"""CNR2546941""","""CID8856799"""
4,"""CNR7894470""","""CID6461079"""
2,"""CNR8118428""","""CID2358686"""
2,"""CNR4393671""","""CID1505759"""
2,"""CNR9091699""","""CID9068321"""
4,"""CNR5848629""","""CID7370144"""
4,"""CNR6590959""","""CID2152323"""
2,"""CNR1166250""","""CID3371762"""
2,"""CNR1041733""","""CID7240689"""
4,"""CNR7597794""","""CID2529736"""
2,"""CNR3320948""","""CID7835714"""
4,"""CNR2071132""","""CID4810005"""
2,"""CNR2306090""","""CID6320858"""
2,"""CNR7335267""","""CID8711495"""
2,"""CNR3181727""","""CID6421816"""
4,"""CNR9694247""","""CID5358877"""
4,"""CNR5616047""","""CID6918864"""
2,"""CNR7702183""","""CID6052280"""
4,"""CNR3789976""","""CID7206754"""
4,"""CNR3385366""","""CID5768279"""
4,"""CNR2832936""","""CID2926009"""
4,"""CNR9347841""","""CID2224780"""
4,"""CNR6889550""","""CID3937727"""
2,"""CNR4423981""","""CID3130126"""
4,"""CNR3987994""","""CID4599287"""
2,"""CNR2456192""","""CID3161233"""
4,"""CNR4071525""","""CID1271659"""
4,"""CNR6206060""","""CID3377644"""
2,"""CNR6334509""","""CID7221694"""
4,"""CNR5234685""","""CID5635658"""
2,"""CNR7594763""","""CID3401053"""
4,"""CNR7993481""","""CID2503778"""
2,"""CNR6279556""","""CID6480960"""
4,"""CNR9586705""","""CID3404755"""
2,"""CNR8293702""","""CID9448511"""
4,"""CNR2977384""","""CID4083842"""
2,"""CNR7851479""","""CID6021799"""
2,"""CNR5829561""","""CID2097727"""
2,"""CNR4870012""","""CID3045868"""
2,"""CNR7359207""","""CID6473152"""
4,"""CNR2545050""","""CID8101117"""
4,"""CNR2011737""","""CID5738897"""
4,"""CNR2464975""","""CID6744181"""
2,"""CNR7493568""","""CID8026721"""
2,"""CNR1044956""","""CID5906476"""
4,"""CNR4400890""","""CID8511967"""
2,"""CNR5287430""","""CID8991132"""
2,"""CNR5596317""","""CID4190517"""
4,"""CNR9155980""","""CID7202651"""
2,"""CNR4917674""","""CID2591969"""
2,"""CNR2498774""","""CID8078141"""
2,"""CNR1685895""","""CID5081058"""
2,"""CNR3708684""","""CID6115767"""
2,"""CNR4234304""","""CID9948026"""
4,"""CNR6736564""","""CID8134204"""
2,"""CNR1673523""","""CID5195941"""
2,"""CNR6676137""","""CID9331882"""
2,"""CNR6608698""","""CID1983861"""
2,"""CNR9419554""","""CID2591421"""
4,"""CNR2842715""","""CID5503239"""
2,"""CNR9956439""","""CID7715791"""
4,"""CNR4152748""","""CID9437274"""
2,"""CNR5152850""","""CID4814196"""
4,"""CNR1866163""","""CID5323102"""
2,"""CNR3380912""","""CID9132244"""
2,"""CNR2398997""","""CID4295300"""
2,"""CNR4027741""","""CID8286306"""
2,"""CNR7833792""","""CID4088383"""
4,"""CNR9442267""","""CID7336235"""
2,"""CNR7691650""","""CID5098349"""
2,"""CNR8132390""","""CID9803020"""
4,"""CNR1475025""","""CID4302955"""
2,"""CNR5613792""","""CID9069969"""
2,"""CNR9187379""","""CID2366351"""
2,"""CNR5317664""","""CID2883930"""
2,"""CNR4797068""","""CID2860881"""
4,"""CNR4661182""","""CID2567631"""
2,"""CNR7274992""","""CID4260908"""
4,"""CNR1263142""","""CID8174026"""
2,"""CNR1737878""","""CID2722560"""
2,"""CNR7349557""","""CID5800120"""
4,"""CNR6632256""","""CID1408110"""
2,"""CNR3326080""","""CID3533961"""
2,"""CNR5613116""","""CID7369453"""
2,"""CNR9235224""","""CID5878987"""
4,"""CNR8335652""","""CID3189451"""
2,"""CNR4321681""","""CID9885150"""
4,"""CNR8537724""","""CID2386505"""
4,"""CNR9317177""","""CID5577333"""
2,"""CNR8449281""","""CID9481195"""
2,"""CNR8342455""","""CID7628629"""
2,"""CNR8060009""","""CID1358751"""
2,"""CNR5674291""","""CID3362164"""
4,"""CNR1694495""","""CID5673169"""
2,"""CNR3270408""","""CID3652468"""
2,"""CNR7389051""","""CID2490428"""
4,"""CNR6657026""","""CID9870644"""
2,"""CNR8286580""","""CID4449960"""
4,"""CNR5555108""","""CID4626174"""
4,"""CNR2601940""","""CID8042372"""
2,"""CNR6935901""","""CID9122801"""
2,"""CNR7227056""","""CID7881254"""
2,"""CNR7767469""","""CID8838506"""
4,"""CNR3937281""","""CID9725212"""
2,"""CNR9030402""","""CID3379242"""
4,"""CNR9240338""","""CID6852865"""
2,"""CNR1490465""","""CID1437612"""
4,"""CNR4544424""","""CID3165636"""
2,"""CNR1080634""","""CID9243976"""
2,"""CNR9862491""","""CID1291825"""
2,"""CNR3401517""","""CID3512874"""
2,"""CNR2313536""","""CID9153909"""
4,"""CNR4442617""","""CID5946760"""
2,"""CNR5626670""","""CID5637319"""
4,"""CNR4321800""","""CID3226369"""
4,"""CNR5990256""","""CID9936686"""
2,"""CNR4057242""","""CID5469234"""
2,"""CNR5975476""","""CID7061960"""
4,"""CNR7505186""","""CID7387363"""
2,"""CNR3592114""","""CID7515732"""
4,"""CNR5819190""","""CID6806393"""
2,"""CNR5403213""","""CID3904987"""
2,"""CNR9029005""","""CID7056838"""
2,"""CNR4412528""","""CID6247130"""
2,"""CNR6570765""","""CID7489778"""
4,"""CNR4205809""","""CID8533318"""
4,"""CNR2256994""","""CID7314351"""
2,"""CNR8508968""","""CID2670908"""
4,"""CNR1872509""","""CID9497527"""
2,"""CNR4832478""","""CID4382971"""
2,"""CNR4683959""","""CID8054682"""
4,"""CNR4768705""","""CID4007445"""
4,"""CNR5605609""","""CID4841601"""
4,"""CNR3686403""","""CID3536841"""
2,"""CNR6361990""","""CID7269329"""
4,"""CNR2866466""","""CID2383733"""
2,"""CNR8071362""","""CID1263114"""
4,"""CNR6909223""","""CID8494115"""
2,"""CNR6788586""","""CID6985057"""
4,"""CNR7615043""","""CID4012262"""
4,"""CNR9120514""","""CID1564866"""
2,"""CNR5411774""","""CID5510570"""
2,"""CNR9251046""","""CID7194946"""
2,"""CNR2446165""","""CID4443019"""
2,"""CNR2189961""","""CID4461737"""
4,"""CNR5106261""","""CID1334860"""
4,"""CNR9590755""","""CID1515759"""
4,"""CNR5799912""","""CID1848333"""
4,"""CNR6018336""","""CID6348970"""
4,"""CNR7546906""","""CID3656452"""
2,"""CNR9699157""","""CID2639550"""
4,"""CNR7047786""","""CID4736824"""
4,"""CNR3322444""","""CID6714919"""
4,"""CNR8122909""","""CID6770650"""
4,"""CNR2938816""","""CID5720011"""
2,"""CNR1239482""","""CID6166376"""
4,"""CNR6174663""","""CID5215985"""
2,"""CNR5573288""","""CID7949005"""
4,"""CNR1067284""","""CID3484509"""
4,"""CNR8678551""","""CID5455898"""
4,"""CNR9894025""","""CID6322353"""
2,"""CNR4307182""","""CID8849773"""
2,"""CNR2487016""","""CID7882012"""
4,"""CNR5356800""","""CID6400417"""
4,"""CNR8696128""","""CID4048591"""
2,"""CNR7847852""","""CID8197958"""
2,"""CNR9241063""","""CID6491111"""
4,"""CNR6033727""","""CID9899068"""
2,"""CNR6156781""","""CID6597814"""
2,"""CNR5978873""","""CID1579828"""
2,"""CNR4170010""","""CID2649479"""
4,"""CNR4434620""","""CID6136651"""
2,"""CNR8645877""","""CID2250088"""
2,"""CNR7619703""","""CID6754993"""
2,"""CNR7299867""","""CID5503561"""
4,"""CNR6732312""","""CID7454759"""
4,"""CNR4401317""","""CID9340518"""
2,"""CNR6310447""","""CID2829961"""
2,"""CNR4965412""","""CID3635510"""
2,"""CNR7903038""","""CID3976145"""
2,"""CNR7849590""","""CID3963068"""
2,"""CNR5612500""","""CID6464086"""
4,"""CNR9407027""","""CID1065230"""
4,"""CNR5920444""","""CID2574265"""
4,"""CNR8259662""","""CID4545122"""
2,"""CNR2897472""","""CID7421635"""
2,"""CNR2374638""","""CID2389680"""
4,"""CNR3118943""","""CID5690937"""
2,"""CNR7309242""","""CID9237363"""
2,"""CNR4221302""","""CID5626356"""
2,"""CNR7827649""","""CID4507021"""
2,"""CNR2551124""","""CID6276028"""
4,"""CNR2621642""","""CID4282119"""
4,"""CNR8091724""","""CID5938726"""
2,"""CNR6432974""","""CID2457383"""
4,"""CNR5641259""","""CID9529594"""
2,"""CNR1167861""","""CID5859233"""
2,"""CNR2545996""","""CID2110829"""
2,"""CNR4807531""","""CID6724454"""
4,"""CNR4037296""","""CID2312244"""
4,"""CNR1491906""","""CID3316372"""
4,"""CNR5478118""","""CID8145180"""
4,"""CNR9630042""","""CID5488473"""
4,"""CNR4678548""","""CID6584655"""
2,"""CNR1064005""","""CID5131022"""
2,"""CNR7764600""","""CID5848767"""
2,"""CNR4782741""","""CID7959390"""
2,"""CNR6694552""","""CID7279852"""
2,"""CNR7105993""","""CID2036882"""
2,"""CNR3597865""","""CID9610351"""
2,"""CNR2120255""","""CID7064808"""
2,"""CNR7660356""","""CID3275292"""
4,"""CNR1694955""","""CID1426267"""
4,"""CNR9451477""","""CID7930454"""
2,"""CNR9424107""","""CID7615902"""
2,"""CNR9878632""","""CID5863643"""
4,"""CNR9056032""","""CID4829004"""
4,"""CNR6911835""","""CID6997954"""
4,"""CNR4272702""","""CID1731990"""
4,"""CNR2241327""","""CID6724136"""
2,"""CNR1729001""","""CID5270868"""
2,"""CNR9601942""","""CID9507643"""
2,"""CNR9526883""","""CID5994833"""
2,"""CNR7266411""","""CID9885625"""
2,"""CNR2624722""","""CID2106615"""
2,"""CNR1397780""","""CID2117318"""
4,"""CNR3930036""","""CID8344868"""
2,"""CNR9941958""","""CID9862846"""
2,"""CNR3615510""","""CID8910339"""
2,"""CNR3756845""","""CID5657034"""
2,"""CNR2365801""","""CID8562562"""
4,"""CNR3504327""","""CID6939663"""
2,"""CNR4552458""","""CID5718877"""
2,"""CNR3176255""","""CID2136556"""
2,"""CNR1744993""","""CID2912960"""
2,"""CNR5179488""","""CID2470359"""
2,"""CNR6357351""","""CID9754953"""
4,"""CNR5038505""","""CID7885665"""
4,"""CNR7123960""","""CID4066320"""
4,"""CNR8631653""","""CID5464547"""
4,"""CNR4477130""","""CID5158450"""
2,"""CNR2097820""","""CID7566839"""
2,"""CNR9962055""","""CID3498886"""
2,"""CNR2672225""","""CID8846384"""
2,"""CNR5474872""","""CID1527490"""
4,"""CNR4006286""","""CID2691887"""
4,"""CNR1458910""","""CID3007607"""
2,"""CNR8041927""","""CID2908244"""
2,"""CNR7748643""","""CID4848036"""
4,"""CNR2854495""","""CID9113535"""
2,"""CNR6820597""","""CID1391309"""
2,"""CNR5016915""","""CID8525569"""
4,"""CNR3913463""","""CID1944198"""
4,"""CNR7628821""","""CID7467930"""
2,"""CNR1394268""","""CID1844830"""
4,"""CNR7568429""","""CID7956372"""
2,"""CNR5784167""","""CID1330636"""
2,"""CNR2658185""","""CID2668867"""
2,"""CNR7715964""","""CID2137559"""
2,"""CNR7353344""","""CID2623632"""
4,"""CNR9711431""","""CID9036325"""
4,"""CNR6701362""","""CID3549500"""
4,"""CNR3076435""","""CID1245853"""
4,"""CNR2151532""","""CID1171723"""
2,"""CNR1914695""","""CID6113500"""
2,"""CNR4694298""","""CID6268090"""
2,"""CNR4840689""","""CID5104424"""
2,"""CNR5700309""","""CID7476804"""
2,"""CNR5648648""","""CID4801990"""
2,"""CNR9848897""","""CID1568742"""
2,"""CNR2537555""","""CID1861077"""
4,"""CNR1675574""","""CID5629481"""
2,"""CNR1216298""","""CID4358152"""
2,"""CNR8165096""","""CID6214991"""
2,"""CNR5491427""","""CID5889081"""
4,"""CNR5801923""","""CID2303031"""
2,"""CNR2446623""","""CID9015594"""
2,"""CNR2479496""","""CID7487874"""
2,"""CNR4820076""","""CID3402755"""
2,"""CNR1276878""","""CID7236921"""
2,"""CNR6535117""","""CID9386768"""
2,"""CNR8235697""","""CID7834498"""
2,"""CNR1465137""","""CID6400757"""
2,"""CNR3609640""","""CID2589958"""
2,"""CNR4391529""","""CID5499086"""
2,"""CNR3531777""","""CID3275306"""
4,"""CNR5277543""","""CID8994681"""
4,"""CNR5232883""","""CID2932988"""
4,"""CNR9973642""","""CID8230823"""
4,"""CNR8231555""","""CID5982703"""
4,"""CNR2007488""","""CID5503761"""
4,"""CNR1818198""","""CID9266356"""
4,"""CNR1429274""","""CID1559975"""
2,"""CNR1811499""","""CID3135816"""
2,"""CNR7794059""","""CID7735266"""
2,"""CNR3000168""","""CID6118439"""
2,"""CNR4889843""","""CID5438072"""
2,"""CNR7104088""","""CID1679755"""
2,"""CNR6572219""","""CID6424317"""
2,"""CNR9334424""","""CID2388550"""
2,"""CNR2697063""","""CID4390185"""
2,"""CNR4824849""","""CID3091803"""
4,"""CNR4656442""","""CID9553945"""
4,"""CNR8067195""","""CID2458972"""
2,"""CNR9075502""","""CID7377618"""
2,"""CNR9854735""","""CID7746260"""
4,"""CNR2743862""","""CID1210819"""
2,"""CNR9242012""","""CID9810332"""
2,"""CNR8415734""","""CID7786085"""
4,"""CNR5966073""","""CID2555341"""
4,"""CNR9841453""","""CID8439944"""
2,"""CNR4369777""","""CID3405855"""
4,"""CNR8946780""","""CID2302979"""
2,"""CNR4858152""","""CID1754101"""
2,"""CNR5021718""","""CID4668219"""
4,"""CNR9715156""","""CID8154828"""
2,"""CNR4789048""","""CID3849531"""
2,"""CNR7238480""","""CID8667036"""
2,"""CNR5484627""","""CID6029981"""
2,"""CNR8959411""","""CID7293194"""
2,"""CNR8281707""","""CID7358045"""
4,"""CNR7907190""","""CID5349324"""
2,"""CNR6230938""","""CID6301353"""
4,"""CNR5762647""","""CID4445736"""
4,"""CNR9066219""","""CID2907211"""
4,"""CNR4072126""","""CID5908919"""
2,"""CNR6142576""","""CID1405630"""
2,"""CNR7246286""","""CID1373623"""
2,"""CNR8789056""","""CID3064704"""
2,"""CNR7353554""","""CID3345068"""
2,"""CNR7229532""","""CID3042713"""
2,"""CNR1174235""","""CID5563545"""
2,"""CNR2957261""","""CID1655210"""
4,"""CNR5949358""","""CID4471421"""
4,"""CNR9861094""","""CID1627862"""
4,"""CNR4252024""","""CID8188020"""
2,"""CNR3947910""","""CID5826312"""
2,"""CNR6306502""","""CID4016750"""
2,"""CNR2009919""","""CID3335167"""
2,"""CNR7126755""","""CID1418405"""
2,"""CNR4709057""","""CID8515823"""
2,"""CNR1376829""","""CID7729525"""
2,"""CNR1593786""","""CID7107616"""
2,"""CNR3571465""","""CID4932386"""
2,"""CNR6721831""","""CID2780551"""
2,"""CNR6751569""","""CID6514023"""
2,"""CNR4339387""","""CID7814571"""
4,"""CNR3037937""","""CID6833264"""
4,"""CNR4930557""","""CID4000274"""
4,"""CNR3550061""","""CID2246577"""
2,"""CNR4289668""","""CID2292350"""
2,"""CNR2462285""","""CID9561942"""
4,"""CNR1812795""","""CID8295916"""
4,"""CNR7953106""","""CID2334332"""
2,"""CNR9594226""","""CID6488109"""
2,"""CNR5166011""","""CID7766235"""
4,"""CNR4434903""","""CID7069944"""
2,"""CNR3789755""","""CID5005298"""
2,"""CNR3590699""","""CID4734075"""
2,"""CNR9575767""","""CID2082715"""
2,"""CNR5346067""","""CID5295220"""
2,"""CNR7845097""","""CID2786943"""
2,"""CNR9281775""","""CID4170479"""
2,"""CNR1029179""","""CID7399102"""
4,"""CNR3540313""","""CID3491635"""
2,"""CNR9166447""","""CID1233740"""
4,"""CNR3180302""","""CID5073125"""
2,"""CNR7849617""","""CID7027903"""
2,"""CNR2383508""","""CID8438768"""
2,"""CNR5741614""","""CID5800975"""
4,"""CNR1402167""","""CID6361191"""
2,"""CNR2464268""","""CID6261764"""
4,"""CNR1543979""","""CID2723499"""
4,"""CNR1529709""","""CID4949823"""
2,"""CNR4607613""","""CID6009388"""
4,"""CNR5006518""","""CID5838684"""
2,"""CNR2132985""","""CID9721637"""
2,"""CNR4138584""","""CID1119524"""
2,"""CNR9090096""","""CID8581493"""
4,"""CNR2883883""","""CID3621514"""
2,"""CNR9339533""","""CID6279107"""
2,"""CNR4501171""","""CID3653425"""
4,"""CNR2460386""","""CID3995399"""
4,"""CNR8148784""","""CID6282356"""
2,"""CNR7072839""","""CID2294239"""
4,"""CNR7018706""","""CID3770403"""
2,"""CNR7065631""","""CID4841462"""
2,"""CNR5210052""","""CID3726718"""
2,"""CNR1944069""","""CID6798784"""
2,"""CNR7727487""","""CID3800794"""
4,"""CNR6281898""","""CID2161476"""
2,"""CNR6285288""","""CID6667134"""
2,"""CNR4109962""","""CID6478928"""
2,"""CNR4585050""","""CID8388927"""
2,"""CNR8526953""","""CID2716922"""
2,"""CNR9592082""","""CID1645495"""
2,"""CNR2719241""","""CID9510426"""
4,"""CNR4383609""","""CID2250195"""
2,"""CNR1603585""","""CID2981465"""
2,"""CNR6606481""","""CID1606208"""
4,"""CNR2506223""","""CID3883439"""
2,"""CNR9103148""","""CID8655115"""
2,"""CNR4047698""","""CID9924043"""
2,"""CNR2121980""","""CID1435372"""
2,"""CNR2088690""","""CID9413722"""
2,"""CNR9944098""","""CID8300766"""
2,"""CNR1330904""","""CID3367250"""
2,"""CNR5942894""","""CID2057993"""
2,"""CNR6045378""","""CID7086760"""
2,"""CNR2918231""","""CID2896588"""
4,"""CNR7836337""","""CID1907060"""
2,"""CNR4402970""","""CID9529489"""
2,"""CNR3129808""","""CID5632980"""
2,"""CNR7045159""","""CID9191867"""
4,"""CNR3857102""","""CID6671503"""
4,"""CNR8576396""","""CID1428123"""
2,"""CNR3771940""","""CID4970261"""
4,"""CNR1199457""","""CID1091514"""
4,"""CNR8590984""","""CID3062318"""
4,"""CNR8932243""","""CID1382501"""
4,"""CNR6828696""","""CID4754216"""
2,"""CNR6757341""","""CID8697125"""
4,"""CNR6782911""","""CID9196886"""
4,"""CNR3088357""","""CID6137555"""
2,"""CNR3428566""","""CID5611491"""
2,"""CNR2042018""","""CID2507542"""
2,"""CNR9120957""","""CID9443560"""
4,"""CNR2823029""","""CID4356940"""
2,"""CNR2141976""","""CID8480178"""
2,"""CNR9471145""","""CID7399775"""
4,"""CNR3670868""","""CID1818958"""
2,"""CNR1152282""","""CID2989229"""
2,"""CNR2305670""","""CID5875941"""
2,"""CNR1307519""","""CID2275560"""
2,"""CNR9918521""","""CID2728567"""
2,"""CNR6585624""","""CID1031057"""
2,"""CNR3090458""","""CID2644723"""
2,"""CNR9958191""","""CID6022383"""
4,"""CNR4614983""","""CID9209259"""
4,"""CNR7673585""","""CID6136762"""
2,"""CNR5450504""","""CID4412206"""
2,"""CNR2124022""","""CID9178202"""
2,"""CNR9050280""","""CID1143422"""
2,"""CNR4606623""","""CID5351710"""
2,"""CNR2390363""","""CID9567213"""
4,"""CNR7437949""","""CID1234593"""
2,"""CNR9112871""","""CID3514409"""
2,"""CNR8234623""","""CID7217574"""
4,"""CNR5096294""","""CID5612423"""
3,"""CNR1523532""","""CID6208104"""
3,"""CNR8881729""","""CID5417257"""
0,"""CNR9391988""","""CID5113242"""
3,"""CNR5317054""","""CID7044520"""
3,"""CNR6207603""","""CID8282393"""
3,"""CNR7096509""","""CID8838889"""
3,"""CNR6347499""","""CID2956413"""
1,"""CNR9265702""","""CID4624807"""
0,"""CNR2174018""","""CID9879683"""
3,"""CNR5805639""","""CID6316344"""
3,"""CNR3406048""","""CID8139608"""
0,"""CNR7318665""","""CID7780726"""
0,"""CNR6595422""","""CID4652885"""
0,"""CNR1987624""","""CID5951946"""
3,"""CNR7878926""","""CID4286870"""
3,"""CNR3505879""","""CID3382882"""
3,"""CNR5290192""","""CID1662384"""
0,"""CNR7553226""","""CID3344387"""
0,"""CNR9521872""","""CID4487161"""
3,"""CNR1795851""","""CID5704578"""
1,"""CNR7183284""","""CID3187435"""
0,"""CNR1795332""","""CID6586734"""
3,"""CNR8770804""","""CID9763349"""
0,"""CNR6199310""","""CID6002635"""
0,"""CNR3708330""","""CID5122653"""
1,"""CNR1430158""","""CID2530943"""
0,"""CNR6292557""","""CID5966387"""
1,"""CNR3852671""","""CID4695190"""
1,"""CNR8983528""","""CID5396152"""
1,"""CNR9583366""","""CID3493141"""
0,"""CNR4705108""","""CID9756540"""
1,"""CNR6483489""","""CID9482568"""
1,"""CNR2300689""","""CID5758509"""
1,"""CNR2873066""","""CID2935486"""
1,"""CNR2359567""","""CID6546333"""
3,"""CNR8715481""","""CID5670557"""
3,"""CNR2773935""","""CID4293447"""
0,"""CNR8136498""","""CID1726344"""
3,"""CNR6269326""","""CID4312116"""
3,"""CNR1233910""","""CID8150729"""
0,"""CNR7009687""","""CID6292302"""
1,"""CNR4019832""","""CID8583559"""
1,"""CNR3954278""","""CID6981368"""
1,"""CNR2296776""","""CID5563770"""
3,"""CNR2813104""","""CID4038110"""
3,"""CNR6768484""","""CID5683188"""
3,"""CNR9568578""","""CID9480420"""
0,"""CNR2306272""","""CID2551794"""
0,"""CNR5911082""","""CID7295060"""
1,"""CNR1203705""","""CID9041068"""
3,"""CNR4490190""","""CID5962351"""
1,"""CNR7316820""","""CID4384939"""
3,"""CNR3242145""","""CID4416449"""
0,"""CNR2479399""","""CID8410384"""
1,"""CNR5588028""","""CID2611468"""
3,"""CNR8487017""","""CID7139276"""
0,"""CNR9049485""","""CID4511190"""
0,"""CNR5696337""","""CID9663928"""
0,"""CNR5518191""","""CID2685860"""
0,"""CNR1424074""","""CID3948995"""
0,"""CNR1982006""","""CID5145822"""
1,"""CNR5725380""","""CID7776460"""
1,"""CNR1345961""","""CID5447897"""
1,"""CNR5130286""","""CID6170415"""
3,"""CNR7210368""","""CID6831265"""
1,"""CNR7267163""","""CID3407161"""
3,"""CNR3037705""","""CID9731888"""
3,"""CNR1179758""","""CID9132919"""
3,"""CNR7397678""","""CID9449994"""
1,"""CNR7399089""","""CID4851714"""
3,"""CNR2727732""","""CID7282943"""
3,"""CNR5814848""","""CID9945226"""
3,"""CNR2660985""","""CID4171642"""
3,"""CNR5670390""","""CID5840738"""
0,"""CNR8370673""","""CID5956458"""
3,"""CNR4487857""","""CID9380811"""
3,"""CNR2026936""","""CID3672856"""
0,"""CNR4337847""","""CID7941263"""
1,"""CNR1220500""","""CID8361498"""
0,"""CNR3553656""","""CID4420705"""
1,"""CNR3447556""","""CID8070618"""
3,"""CNR9767464""","""CID7960383"""
0,"""CNR2758635""","""CID9834464"""
0,"""CNR9205955""","""CID7535610"""
3,"""CNR7471631""","""CID8682554"""
1,"""CNR6763685""","""CID1593466"""
1,"""CNR2311404""","""CID7799981"""
0,"""CNR6652889""","""CID8287190"""
1,"""CNR4116629""","""CID8893039"""
3,"""CNR2684991""","""CID6987289"""
3,"""CNR6925769""","""CID1362106"""
1,"""CNR1314998""","""CID7658207"""
1,"""CNR1503501""","""CID7619910"""
0,"""CNR7423309""","""CID5365552"""
0,"""CNR1379383""","""CID4322953"""
3,"""CNR7995550""","""CID2050230"""
0,"""CNR8126234""","""CID4142932"""
0,"""CNR9751870""","""CID2344708"""
3,"""CNR3545461""","""CID7965532"""
3,"""CNR8006293""","""CID4484995"""
3,"""CNR2344715""","""CID9258580"""
1,"""CNR7801578""","""CID6881911"""
3,"""CNR4099357""","""CID5789971"""
3,"""CNR2866820""","""CID5324420"""
3,"""CNR4637277""","""CID3893964"""
0,"""CNR2838764""","""CID9213293"""
1,"""CNR6226987""","""CID7093380"""
1,"""CNR9482139""","""CID8938519"""
3,"""CNR6083113""","""CID3237090"""
0,"""CNR8349417""","""CID4587411"""
0,"""CNR9307319""","""CID2453616"""
0,"""CNR2085543""","""CID1598105"""
3,"""CNR5387917""","""CID3879477"""
3,"""CNR1522260""","""CID9304635"""
3,"""CNR5678051""","""CID3034845"""
3,"""CNR4527478""","""CID5310674"""
3,"""CNR9193979""","""CID8159262"""
1,"""CNR7418305""","""CID7312937"""
0,"""CNR8122724""","""CID3156778"""
1,"""CNR5483256""","""CID5362124"""
0,"""CNR6532746""","""CID8535096"""
3,"""CNR9625824""","""CID7918423"""
0,"""CNR2885168""","""CID8541851"""
3,"""CNR1930166""","""CID7001758"""
3,"""CNR9396191""","""CID4494989"""
1,"""CNR7108695""","""CID8226728"""
3,"""CNR4759901""","""CID9261892"""
3,"""CNR2643040""","""CID5393995"""
0,"""CNR9715632""","""CID4940121"""
1,"""CNR7378250""","""CID6345691"""
3,"""CNR5591753""","""CID4384572"""
3,"""CNR7048908""","""CID2683289"""
3,"""CNR7825982""","""CID2438339"""
3,"""CNR7322347""","""CID6977304"""
3,"""CNR9503121""","""CID9661270"""
3,"""CNR8902883""","""CID1774328"""
0,"""CNR6715192""","""CID5137041"""
0,"""CNR8122168""","""CID3470326"""
3,"""CNR9954197""","""CID5275313"""
3,"""CNR8906875""","""CID6046910"""
3,"""CNR2536376""","""CID8531624"""
1,"""CNR5701488""","""CID8483661"""
0,"""CNR5267215""","""CID3383653"""
1,"""CNR6949433""","""CID1509174"""
1,"""CNR9406811""","""CID8732726"""
1,"""CNR3469744""","""CID1315868"""
3,"""CNR9417897""","""CID2462269"""
3,"""CNR4611887""","""CID9006692"""
3,"""CNR7013738""","""CID4763651"""
3,"""CNR1032726""","""CID4018135"""
1,"""CNR2671474""","""CID9225040"""
3,"""CNR7986149""","""CID7060031"""
0,"""CNR4105185""","""CID8012394"""
1,"""CNR8938251""","""CID3017692"""
0,"""CNR7471824""","""CID2749359"""
3,"""CNR6287289""","""CID3376623"""
3,"""CNR1950332""","""CID6285225"""
0,"""CNR8963931""","""CID9546286"""
0,"""CNR9617994""","""CID9338344"""
0,"""CNR8204122""","""CID3560387"""
1,"""CNR6900561""","""CID5803429"""
0,"""CNR4067791""","""CID3258341"""
0,"""CNR4727696""","""CID2556114"""
3,"""CNR7576887""","""CID5658947"""
0,"""CNR8936990""","""CID2271171"""
3,"""CNR6327112""","""CID9228120"""
1,"""CNR2576377""","""CID7265496"""
0,"""CNR6981881""","""CID9547704"""
3,"""CNR9463631""","""CID2762425"""
0,"""CNR3799359""","""CID4276264"""
0,"""CNR4197475""","""CID8298902"""
1,"""CNR5567091""","""CID9911160"""
3,"""CNR1065292""","""CID4156075"""
1,"""CNR7160751""","""CID2085738"""
0,"""CNR1302008""","""CID5729772"""
0,"""CNR9805215""","""CID3166548"""
3,"""CNR9590923""","""CID5669328"""
3,"""CNR9282449""","""CID6836485"""
3,"""CNR6398540""","""CID8224340"""
1,"""CNR4616248""","""CID9456523"""
3,"""CNR7685868""","""CID4901927"""
3,"""CNR7546208""","""CID7227315"""
3,"""CNR2017858""","""CID9896065"""
3,"""CNR2942383""","""CID1111453"""
0,"""CNR3183239""","""CID6956429"""
3,"""CNR6214584""","""CID5264608"""
3,"""CNR4287789""","""CID2187010"""
1,"""CNR3154507""","""CID3437012"""
1,"""CNR8946125""","""CID4867969"""
1,"""CNR1007530""","""CID3505692"""
1,"""CNR6049402""","""CID1156892"""
3,"""CNR9641108""","""CID3120648"""
3,"""CNR1854766""","""CID6919478"""
1,"""CNR9256590""","""CID7099170"""
0,"""CNR3672289""","""CID6002964"""
0,"""CNR2386617""","""CID9824257"""
3,"""CNR7739356""","""CID2594701"""
3,"""CNR7192379""","""CID5922627"""
1,"""CNR9524392""","""CID7171499"""
3,"""CNR2811539""","""CID4900211"""
0,"""CNR5513004""","""CID3286109"""
3,"""CNR9611204""","""CID6341467"""
0,"""CNR3604000""","""CID8703126"""
3,"""CNR8900146""","""CID6003203"""
1,"""CNR6521146""","""CID8234345"""
0,"""CNR8507065""","""CID2838590"""
1,"""CNR1321564""","""CID3895622"""
0,"""CNR3911546""","""CID3922505"""
3,"""CNR9370482""","""CID8840293"""
1,"""CNR4301188""","""CID4550386"""
3,"""CNR1715771""","""CID5213707"""
1,"""CNR7845556""","""CID2893241"""
1,"""CNR9754589""","""CID8351871"""
3,"""CNR1090955""","""CID7081140"""
3,"""CNR5381480""","""CID7796183"""
3,"""CNR3676913""","""CID3633181"""
3,"""CNR5028558""","""CID3790549"""
3,"""CNR3942115""","""CID4412431"""
1,"""CNR9847517""","""CID9431499"""
0,"""CNR2500836""","""CID3453810"""
0,"""CNR4998799""","""CID7774372"""
3,"""CNR4223391""","""CID4077454"""
1,"""CNR5346749""","""CID2562085"""
0,"""CNR2446407""","""CID8852648"""
3,"""CNR6337856""","""CID7717601"""
3,"""CNR2337832""","""CID2459466"""
0,"""CNR8236917""","""CID6734914"""
1,"""CNR9911984""","""CID3369122"""
3,"""CNR2741832""","""CID7321923"""
3,"""CNR9746614""","""CID3213046"""
3,"""CNR9451633""","""CID8806047"""
1,"""CNR2687265""","""CID4628955"""
3,"""CNR1237202""","""CID3932343"""
3,"""CNR1669205""","""CID6146027"""
1,"""CNR6981256""","""CID2706791"""
3,"""CNR6861704""","""CID9685839"""
0,"""CNR5423139""","""CID4834998"""
1,"""CNR6603721""","""CID3172873"""
3,"""CNR3527004""","""CID4887449"""
3,"""CNR2826400""","""CID6922962"""
0,"""CNR6051871""","""CID8489378"""
3,"""CNR1466776""","""CID7525333"""
0,"""CNR7777018""","""CID1982073"""
1,"""CNR5506151""","""CID9753269"""
3,"""CNR2747406""","""CID2739204"""
1,"""CNR8506105""","""CID7273123"""
0,"""CNR6625604""","""CID5214344"""
1,"""CNR9512372""","""CID7481311"""
0,"""CNR7900178""","""CID3005443"""
3,"""CNR7105168""","""CID6198893"""
3,"""CNR8430869""","""CID7451649"""
0,"""CNR6519161""","""CID2786084"""
3,"""CNR1066747""","""CID1244520"""
1,"""CNR3510175""","""CID4317915"""
3,"""CNR8918659""","""CID4856602"""
1,"""CNR1066280""","""CID7540081"""
3,"""CNR9316769""","""CID1840036"""
1,"""CNR4852392""","""CID7308468"""
3,"""CNR9454097""","""CID5004836"""
0,"""CNR6371420""","""CID3973601"""
3,"""CNR1328769""","""CID7723036"""
3,"""CNR6123953""","""CID4494391"""
1,"""CNR6189284""","""CID9343884"""
0,"""CNR1048132""","""CID8111604"""
0,"""CNR6416963""","""CID5710149"""
3,"""CNR4738006""","""CID1573690"""
3,"""CNR5312848""","""CID6066499"""
1,"""CNR4665100""","""CID2312944"""
1,"""CNR6128604""","""CID5414031"""
3,"""CNR3471575""","""CID9337263"""
1,"""CNR7109853""","""CID5657097"""
1,"""CNR2777117""","""CID9274423"""
3,"""CNR2496614""","""CID7952095"""
1,"""CNR7111398""","""CID2398574"""
0,"""CNR4592123""","""CID9243814"""
1,"""CNR9014301""","""CID6414479"""
1,"""CNR1898392""","""CID1053476"""
3,"""CNR5173887""","""CID6379126"""
3,"""CNR4417056""","""CID8082475"""
0,"""CNR4571817""","""CID3277653"""
1,"""CNR5714891""","""CID8494831"""
0,"""CNR2125152""","""CID2417797"""
1,"""CNR6715102""","""CID1384840"""
3,"""CNR4928254""","""CID8462992"""
1,"""CNR5769928""","""CID3317329"""
3,"""CNR3378790""","""CID2375971"""
3,"""CNR2342633""","""CID8975524"""
1,"""CNR8744434""","""CID6704536"""
3,"""CNR5449084""","""CID5500528"""
1,"""CNR6911163""","""CID2307109"""
1,"""CNR7211378""","""CID1512483"""
0,"""CNR8092809""","""CID8652533"""
0,"""CNR4002071""","""CID1775485"""
3,"""CNR9629694""","""CID7816457"""
3,"""CNR4030156""","""CID4174988"""
1,"""CNR1611248""","""CID8691822"""
3,"""CNR2920811""","""CID8108166"""
3,"""CNR1287099""","""CID3961783"""
0,"""CNR5438393""","""CID2931856"""
1,"""CNR9773792""","""CID3564122"""
1,"""CNR3468206""","""CID1879378"""
3,"""CNR8916410""","""CID7342282"""
1,"""CNR5470885""","""CID7913641"""
3,"""CNR2761306""","""CID2506719"""
3,"""CNR1193180""","""CID6995240"""
0,"""CNR9975955""","""CID5837071"""
0,"""CNR8047726""","""CID4592409"""
1,"""CNR5032625""","""CID7393146"""
1,"""CNR6269894""","""CID8240202"""
3,"""CNR3807910""","""CID4454822"""
0,"""CNR1091682""","""CID1590844"""
0,"""CNR3327661""","""CID7934339"""
1,"""CNR5564839""","""CID8405449"""
1,"""CNR1228797""","""CID2019927"""
3,"""CNR3054088""","""CID6650795"""
3,"""CNR5881281""","""CID5382972"""
1,"""CNR7292093""","""CID9647572"""
0,"""CNR6578820""","""CID5638648"""
3,"""CNR6003243""","""CID9334931"""
0,"""CNR3735633""","""CID6605868"""
0,"""CNR8569111""","""CID6742985"""
1,"""CNR1551865""","""CID6753630"""
3,"""CNR4673289""","""CID6557148"""
0,"""CNR5088602""","""CID2878877"""
3,"""CNR2357712""","""CID3631194"""
3,"""CNR3430131""","""CID3142122"""
3,"""CNR6394385""","""CID5962228"""
3,"""CNR8236423""","""CID8009024"""
1,"""CNR1418735""","""CID5869189"""
0,"""CNR7006475""","""CID2271944"""
1,"""CNR8648339""","""CID1266063"""
0,"""CNR2995078""","""CID8992070"""
1,"""CNR8519861""","""CID4568375"""
3,"""CNR5859373""","""CID2460487"""
0,"""CNR1355156""","""CID6415539"""
3,"""CNR8465654""","""CID1187389"""
3,"""CNR6862798""","""CID3502794"""
1,"""CNR2616440""","""CID1711703"""
1,"""CNR3175086""","""CID9805350"""
1,"""CNR5010782""","""CID8176638"""
1,"""CNR1221528""","""CID2466890"""
1,"""CNR8581360""","""CID9237858"""
3,"""CNR3772388""","""CID7688348"""
1,"""CNR8468987""","""CID8324277"""
3,"""CNR4604165""","""CID5659949"""
3,"""CNR4157494""","""CID5794749"""
3,"""CNR3994887""","""CID7550619"""
1,"""CNR4365871""","""CID5537855"""
3,"""CNR2791552""","""CID3288715"""
3,"""CNR5148944""","""CID6275188"""
3,"""CNR4459859""","""CID8934627"""
0,"""CNR2275146""","""CID5020667"""
0,"""CNR9035616""","""CID6285869"""
1,"""CNR1613244""","""CID6266150"""
3,"""CNR1271679""","""CID7817042"""
1,"""CNR6699950""","""CID1934636"""
0,"""CNR8949692""","""CID8792610"""
0,"""CNR7050801""","""CID3846983"""
3,"""CNR4025652""","""CID3629551"""
3,"""CNR2169213""","""CID6558561"""
3,"""CNR5099870""","""CID9540016"""
1,"""CNR4058578""","""CID6024025"""
3,"""CNR4581180""","""CID9653051"""
1,"""CNR9658149""","""CID8876010"""
0,"""CNR3572420""","""CID6105447"""
3,"""CNR1369216""","""CID1942358"""
3,"""CNR8432485""","""CID9372452"""
0,"""CNR6242815""","""CID5547613"""
3,"""CNR2199529""","""CID2649001"""
1,"""CNR2343946""","""CID1431226"""
1,"""CNR4305520""","""CID5840678"""
0,"""CNR6134874""","""CID9419676"""
1,"""CNR4018649""","""CID5186045"""
3,"""CNR6435299""","""CID2605895"""
0,"""CNR8927600""","""CID5047749"""
0,"""CNR8057255""","""CID4721715"""
3,"""CNR8240885""","""CID4392602"""
0,"""CNR1222753""","""CID4150895"""
0,"""CNR5741581""","""CID7510166"""
3,"""CNR2484961""","""CID9676937"""
1,"""CNR4416377""","""CID9425994"""
3,"""CNR1374185""","""CID8823645"""
0,"""CNR1266882""","""CID1251279"""
3,"""CNR5202109""","""CID8020394"""
3,"""CNR6386172""","""CID9753522"""
3,"""CNR2310152""","""CID3527700"""
1,"""CNR8977007""","""CID2526848"""
3,"""CNR4374439""","""CID9362379"""
1,"""CNR4496921""","""CID5907395"""
1,"""CNR6798010""","""CID7633388"""
3,"""CNR7858961""","""CID9314557"""
1,"""CNR6893726""","""CID6126942"""
1,"""CNR7438394""","""CID7854907"""
1,"""CNR8800722""","""CID5085518"""
0,"""CNR3049347""","""CID2589018"""
0,"""CNR7875652""","""CID3791187"""
3,"""CNR4634076""","""CID9033329"""
3,"""CNR1479374""","""CID9586515"""
3,"""CNR9178202""","""CID7823413"""
0,"""CNR8873717""","""CID4656830"""
3,"""CNR7369097""","""CID2444245"""
1,"""CNR3589154""","""CID4506371"""
1,"""CNR4386003""","""CID8350222"""
3,"""CNR5592280""","""CID9326502"""
0,"""CNR3746753""","""CID8758659"""
3,"""CNR7885605""","""CID2178305"""
0,"""CNR1303316""","""CID3666913"""
0,"""CNR4571843""","""CID9917058"""
3,"""CNR8370092""","""CID1496759"""
3,"""CNR6739317""","""CID8682675"""
0,"""CNR1242986""","""CID8329517"""
0,"""CNR7951854""","""CID9014340"""
1,"""CNR6182391""","""CID4659143"""
3,"""CNR5124169""","""CID3383927"""
3,"""CNR3389532""","""CID6145587"""
3,"""CNR2506010""","""CID8663126"""
1,"""CNR7930149""","""CID1890931"""
0,"""CNR4152737""","""CID9532192"""
1,"""CNR2830402""","""CID5201982"""
1,"""CNR5963446""","""CID6639596"""
0,"""CNR4925308""","""CID8989334"""
3,"""CNR3329917""","""CID1128071"""
1,"""CNR7694387""","""CID8108788"""
3,"""CNR5614594""","""CID8750493"""
1,"""CNR7011284""","""CID4975928"""
1,"""CNR7012806""","""CID2939720"""
3,"""CNR6841963""","""CID4526024"""
3,"""CNR7590461""","""CID5466513"""
3,"""CNR2273033""","""CID8744371"""
1,"""CNR8203217""","""CID5942773"""
0,"""CNR2499856""","""CID7593885"""
3,"""CNR4448790""","""CID2578565"""
1,"""CNR4098712""","""CID6505318"""
3,"""CNR1776094""","""CID6184006"""
1,"""CNR9936573""","""CID4353454"""
1,"""CNR2305067""","""CID2954533"""
0,"""CNR7364981""","""CID1634427"""
1,"""CNR7271791""","""CID6782702"""
3,"""CNR9605969""","""CID1813081"""
3,"""CNR2101453""","""CID1673285"""
3,"""CNR5628278""","""CID6926942"""
0,"""CNR2654606""","""CID2374517"""
3,"""CNR2149782""","""CID4597283"""
3,"""CNR9583447""","""CID1308221"""
0,"""CNR4775692""","""CID7705861"""
3,"""CNR5184482""","""CID8365328"""
1,"""CNR5277613""","""CID9407051"""
3,"""CNR8520342""","""CID5160268"""
3,"""CNR4202903""","""CID3670993"""
0,"""CNR7287698""","""CID9155748"""
3,"""CNR1847107""","""CID3420166"""
3,"""CNR6443929""","""CID9988191"""
3,"""CNR4326625""","""CID2475920"""
0,"""CNR9240245""","""CID1719935"""
3,"""CNR8064016""","""CID3495153"""
3,"""CNR7396575""","""CID8921844"""
3,"""CNR2567176""","""CID6312640"""
3,"""CNR1758086""","""CID4211611"""
1,"""CNR7211217""","""CID9537216"""
1,"""CNR9597767""","""CID1381303"""
1,"""CNR6957122""","""CID1281187"""
3,"""CNR6419231""","""CID5732732"""
1,"""CNR2889344""","""CID4518913"""
1,"""CNR7738815""","""CID5466877"""
0,"""CNR7327455""","""CID9005924"""
3,"""CNR4735892""","""CID6642089"""
0,"""CNR5089304""","""CID4849607"""
1,"""CNR2517761""","""CID2590358"""
1,"""CNR6682288""","""CID9063186"""
3,"""CNR6815269""","""CID3018595"""
1,"""CNR7348204""","""CID8728656"""
3,"""CNR5485196""","""CID8575643"""
3,"""CNR9771604""","""CID8831979"""
3,"""CNR4745775""","""CID5599428"""
3,"""CNR6979073""","""CID9329351"""
0,"""CNR4109799""","""CID5400075"""
1,"""CNR3359568""","""CID5250888"""
0,"""CNR1364513""","""CID7052132"""
0,"""CNR7789292""","""CID1272538"""
3,"""CNR4459580""","""CID8292538"""
1,"""CNR5925227""","""CID9346641"""
1,"""CNR9319276""","""CID9464643"""
0,"""CNR4455245""","""CID8517799"""
3,"""CNR4712776""","""CID3520443"""
3,"""CNR6343796""","""CID5861270"""
1,"""CNR2133302""","""CID4266140"""
0,"""CNR3633574""","""CID4724124"""
1,"""CNR3664713""","""CID6513581"""
3,"""CNR1097971""","""CID6015244"""
0,"""CNR7633022""","""CID7548479"""
3,"""CNR6320926""","""CID9508313"""
3,"""CNR1176839""","""CID3146267"""
3,"""CNR3938348""","""CID3848879"""
3,"""CNR4694909""","""CID6491929"""
1,"""CNR9223298""","""CID5112559"""
0,"""CNR4647531""","""CID5994194"""
1,"""CNR7514636""","""CID8001596"""
0,"""CNR5938540""","""CID7927584"""
3,"""CNR1482244""","""CID9114691"""
1,"""CNR1269860""","""CID5678005"""
0,"""CNR3858709""","""CID9617822"""
0,"""CNR5457855""","""CID4850111"""
0,"""CNR1795285""","""CID8740436"""
1,"""CNR2400099""","""CID2243858"""
3,"""CNR8773485""","""CID2979658"""
3,"""CNR3424471""","""CID1170409"""
1,"""CNR5439404""","""CID2151480"""
1,"""CNR6741383""","""CID9194733"""
1,"""CNR3470158""","""CID7539450"""
3,"""CNR3389500""","""CID4440910"""
3,"""CNR6278297""","""CID4624655"""
0,"""CNR3374871""","""CID8333544"""
3,"""CNR6629569""","""CID6778245"""
1,"""CNR8602726""","""CID6987140"""
3,"""CNR5041995""","""CID4140760"""
1,"""CNR2490669""","""CID3019802"""
0,"""CNR3985750""","""CID6222954"""
3,"""CNR9793710""","""CID4313199"""
0,"""CNR5248056""","""CID3488729"""
0,"""CNR9130427""","""CID9761017"""
3,"""CNR7043268""","""CID9423902"""
3,"""CNR8362421""","""CID7716252"""
0,"""CNR5941229""","""CID7547078"""
3,"""CNR9394473""","""CID3907704"""
3,"""CNR6867590""","""CID5575518"""
1,"""CNR8693375""","""CID4148951"""
0,"""CNR9785964""","""CID6433213"""
3,"""CNR2775426""","""CID8913631"""
0,"""CNR6108766""","""CID9496806"""
3,"""CNR7455640""","""CID9960650"""
3,"""CNR9675813""","""CID7926336"""
1,"""CNR3229351""","""CID9902508"""
3,"""CNR7678035""","""CID8147835"""
3,"""CNR4094361""","""CID6117252"""
0,"""CNR1737486""","""CID3560035"""
1,"""CNR7540853""","""CID6729425"""
3,"""CNR2123979""","""CID1328664"""
0,"""CNR3768781""","""CID3233269"""
0,"""CNR9621433""","""CID3087892"""
3,"""CNR3072614""","""CID9656680"""
0,"""CNR7250111""","""CID7014152"""
0,"""CNR1731035""","""CID8741845"""
0,"""CNR1992067""","""CID3732944"""
1,"""CNR4788251""","""CID9862569"""
3,"""CNR3443655""","""CID2147863"""
3,"""CNR7796151""","""CID3797140"""
3,"""CNR5388530""","""CID7571388"""
3,"""CNR6456091""","""CID8621839"""
1,"""CNR4929525""","""CID8777015"""
1,"""CNR6762005""","""CID3073233"""
0,"""CNR9557189""","""CID2757600"""
0,"""CNR2041898""","""CID3904265"""
0,"""CNR9625016""","""CID4914741"""
3,"""CNR1980587""","""CID5810719"""
0,"""CNR8610300""","""CID9990920"""
3,"""CNR2116903""","""CID8892143"""
1,"""CNR6276452""","""CID4861367"""
3,"""CNR1171143""","""CID9042630"""
0,"""CNR1901877""","""CID7063664"""
3,"""CNR1743395""","""CID5134511"""
3,"""CNR3114115""","""CID8280650"""
0,"""CNR4638151""","""CID7524756"""
1,"""CNR3571174""","""CID9862854"""
3,"""CNR4675371""","""CID9824550"""
1,"""CNR7367551""","""CID2300309"""
0,"""CNR9272318""","""CID8705854"""
3,"""CNR9923628""","""CID8374413"""
1,"""CNR5111704""","""CID4321963"""
3,"""CNR8833842""","""CID3661274"""
0,"""CNR8075537""","""CID6649658"""
1,"""CNR1375136""","""CID7958714"""
1,"""CNR4055949""","""CID9324460"""
3,"""CNR4455591""","""CID5291179"""
0,"""CNR9151927""","""CID3757405"""
3,"""CNR3069151""","""CID5512883"""
1,"""CNR6982356""","""CID5029446"""
3,"""CNR7737967""","""CID2705098"""
0,"""CNR4758065""","""CID1113358"""
1,"""CNR6594271""","""CID2874835"""
0,"""CNR4788639""","""CID1313181"""
3,"""CNR6599934""","""CID3478782"""
1,"""CNR9081142""","""CID4719982"""
3,"""CNR7052585""","""CID9714160"""
3,"""CNR5700298""","""CID4756484"""
0,"""CNR5086271""","""CID4510347"""
3,"""CNR4547928""","""CID2281998"""
3,"""CNR3312474""","""CID4536597"""
3,"""CNR3093322""","""CID5113168"""
0,"""CNR2331043""","""CID3006401"""
1,"""CNR4530286""","""CID6296577"""
3,"""CNR8186482""","""CID3757497"""
0,"""CNR4156979""","""CID5406174"""
3,"""CNR2282709""","""CID5075480"""
0,"""CNR7886615""","""CID7275964"""
0,"""CNR3344440""","""CID4439024"""
0,"""CNR2216718""","""CID9813400"""
3,"""CNR9856976""","""CID7011526"""
3,"""CNR7558916""","""CID1133675"""
3,"""CNR2917857""","""CID4137050"""
1,"""CNR8180065""","""CID4649453"""
0,"""CNR9531287""","""CID6308327"""
1,"""CNR7436462""","""CID9529069"""
3,"""CNR6725019""","""CID6241434"""
0,"""CNR6671096""","""CID5930685"""
1,"""CNR5743084""","""CID4845577"""
0,"""CNR8363271""","""CID3473725"""
0,"""CNR5271813""","""CID8235694"""
0,"""CNR1695328""","""CID8136953"""
1,"""CNR9939391""","""CID6528631"""
3,"""CNR1750911""","""CID6690437"""
1,"""CNR7371637""","""CID6198602"""
3,"""CNR7395544""","""CID5373794"""
3,"""CNR9147455""","""CID8947665"""
0,"""CNR9805514""","""CID5991075"""
0,"""CNR4769306""","""CID9729572"""
0,"""CNR9594038""","""CID8435807"""
3,"""CNR6174701""","""CID4177899"""
1,"""CNR1067261""","""CID4816561"""
0,"""CNR2024672""","""CID4232212"""
3,"""CNR1454031""","""CID3889865"""
0,"""CNR7560368""","""CID9938473"""
0,"""CNR6265140""","""CID7363108"""
0,"""CNR6383318""","""CID5937946"""
3,"""CNR5778308""","""CID1300102"""
3,"""CNR6835911""","""CID4670566"""
1,"""CNR6908961""","""CID2992757"""
1,"""CNR1226081""","""CID8962298"""
0,"""CNR6812220""","""CID1496182"""
3,"""CNR3956851""","""CID5144184"""
3,"""CNR6365069""","""CID8341376"""
1,"""CNR6593969""","""CID9710604"""
1,"""CNR8620760""","""CID1768945"""
1,"""CNR5819064""","""CID6356837"""
1,"""CNR2986601""","""CID4452905"""
1,"""CNR5928751""","""CID6666729"""
3,"""CNR9135738""","""CID4499920"""
0,"""CNR4436555""","""CID6381406"""
0,"""CNR4225387""","""CID6737605"""
1,"""CNR2867449""","""CID7165541"""
1,"""CNR3382205""","""CID7626408"""
3,"""CNR4391663""","""CID4998705"""
3,"""CNR9936759""","""CID6809741"""
0,"""CNR9088675""","""CID8583019"""
0,"""CNR5126304""","""CID2046416"""
3,"""CNR8400861""","""CID2282649"""
0,"""CNR2807870""","""CID2765619"""
3,"""CNR9739727""","""CID6117479"""
1,"""CNR5146170""","""CID9097619"""
3,"""CNR3777203""","""CID5401258"""
3,"""CNR3445675""","""CID1063854"""
0,"""CNR5577223""","""CID8682383"""
0,"""CNR6069963""","""CID4203125"""
3,"""CNR5947243""","""CID9407986"""
0,"""CNR6289081""","""CID5307165"""
0,"""CNR1051584""","""CID2143176"""
3,"""CNR5500848""","""CID5810904"""
0,"""CNR7979297""","""CID7031065"""
3,"""CNR2501714""","""CID4370663"""
0,"""CNR6639407""","""CID6938670"""
3,"""CNR3611736""","""CID5180729"""
3,"""CNR1975085""","""CID2037619"""
3,"""CNR8391901""","""CID1010547"""
3,"""CNR3875572""","""CID7051226"""
1,"""CNR8200734""","""CID4226431"""
3,"""CNR7852122""","""CID3640781"""
0,"""CNR8089975""","""CID5867098"""
0,"""CNR1090650""","""CID5644622"""
3,"""CNR3453107""","""CID3448341"""
3,"""CNR6489775""","""CID8774143"""
3,"""CNR2000806""","""CID3398043"""
3,"""CNR1479203""","""CID4923063"""
3,"""CNR1232476""","""CID9992476"""
3,"""CNR7827509""","""CID5359277"""
1,"""CNR3977832""","""CID2146088"""
1,"""CNR5277125""","""CID7166980"""
0,"""CNR3529344""","""CID8166637"""
3,"""CNR6121263""","""CID2316167"""
3,"""CNR4879000""","""CID6226717"""
1,"""CNR8344396""","""CID4454077"""
3,"""CNR5796400""","""CID3839968"""
3,"""CNR1253753""","""CID5603865"""
0,"""CNR7121017""","""CID3213600"""
3,"""CNR8656422""","""CID2662526"""
1,"""CNR3195318""","""CID2762179"""
3,"""CNR4161550""","""CID1469187"""
3,"""CNR6926090""","""CID6190957"""
3,"""CNR9107517""","""CID8220391"""
1,"""CNR8983991""","""CID7993600"""
3,"""CNR5521377""","""CID9764920"""
3,"""CNR2967152""","""CID4466371"""
3,"""CNR7004253""","""CID8097684"""
0,"""CNR6035443""","""CID3335414"""
0,"""CNR6049116""","""CID2880402"""
1,"""CNR3740197""","""CID3260366"""
1,"""CNR2483829""","""CID9855979"""
3,"""CNR3222600""","""CID3835265"""
3,"""CNR5845998""","""CID9891765"""
1,"""CNR7962109""","""CID2802909"""
3,"""CNR9130841""","""CID2507623"""
3,"""CNR3594521""","""CID1790053"""
3,"""CNR3683922""","""CID5410169"""
0,"""CNR9651491""","""CID5567978"""
1,"""CNR3108661""","""CID4820184"""
1,"""CNR4151868""","""CID9633802"""
1,"""CNR6938644""","""CID9713675"""
0,"""CNR7349150""","""CID7043738"""
0,"""CNR8925542""","""CID1760158"""
1,"""CNR7486928""","""CID7465256"""
3,"""CNR3190081""","""CID7524426"""
3,"""CNR2629498""","""CID9319291"""
1,"""CNR2348340""","""CID8898198"""
1,"""CNR3746029""","""CID5050346"""
3,"""CNR6619820""","""CID9959133"""
1,"""CNR2542269""","""CID9301559"""
3,"""CNR8665693""","""CID3947897"""
0,"""CNR1227913""","""CID5693996"""
0,"""CNR6350419""","""CID8496957"""
3,"""CNR2051652""","""CID2665878"""
0,"""CNR1500840""","""CID7223111"""
3,"""CNR6137514""","""CID2901586"""
3,"""CNR5586613""","""CID2297866"""
3,"""CNR1014211""","""CID7663167"""
3,"""CNR5729542""","""CID1154789"""
3,"""CNR9387840""","""CID4351504"""
1,"""CNR4395657""","""CID7751994"""
0,"""CNR7508794""","""CID6881596"""
1,"""CNR7014767""","""CID4579072"""
3,"""CNR4639859""","""CID4052856"""
0,"""CNR5931064""","""CID1006259"""
0,"""CNR7950956""","""CID8332900"""
3,"""CNR9479644""","""CID7557992"""
1,"""CNR3674545""","""CID2547534"""
0,"""CNR5668581""","""CID4615279"""
3,"""CNR3500550""","""CID1970785"""
0,"""CNR7940968""","""CID3598205"""
0,"""CNR9102270""","""CID2396056"""
0,"""CNR8198489""","""CID1629387"""
3,"""CNR2627737""","""CID9947685"""
1,"""CNR8082309""","""CID3563689"""
0,"""CNR3557370""","""CID4865743"""
3,"""CNR5121202""","""CID7915537"""
0,"""CNR7391496""","""CID3562065"""
3,"""CNR5093471""","""CID2087053"""
0,"""CNR1402999""","""CID4826140"""
3,"""CNR5505553""","""CID6883321"""
0,"""CNR8206723""","""CID8465931"""
3,"""CNR6892944""","""CID5070710"""
3,"""CNR7363314""","""CID6134178"""
0,"""CNR1950679""","""CID1230047"""
1,"""CNR5332021""","""CID8387205"""
3,"""CNR2757980""","""CID1034370"""
3,"""CNR8920941""","""CID5856003"""
3,"""CNR2243154""","""CID8576549"""
0,"""CNR7183647""","""CID2243054"""
3,"""CNR6949421""","""CID7007624"""
1,"""CNR1198096""","""CID8086845"""
3,"""CNR4535515""","""CID1781482"""
0,"""CNR8539115""","""CID1828432"""
1,"""CNR2749367""","""CID5697950"""
1,"""CNR9022806""","""CID7249455"""
0,"""CNR7806238""","""CID5100850"""
3,"""CNR3855718""","""CID2791942"""
1,"""CNR7315004""","""CID3818076"""
0,"""CNR9031946""","""CID1201308"""
1,"""CNR3270168""","""CID1945547"""
3,"""CNR1472335""","""CID3184026"""
0,"""CNR9044848""","""CID8718874"""
0,"""CNR2699312""","""CID1267308"""
3,"""CNR6256103""","""CID2516642"""
1,"""CNR5329241""","""CID3872890"""
3,"""CNR8625820""","""CID1116716"""
0,"""CNR8173184""","""CID8503222"""
1,"""CNR1549319""","""CID6268719"""
0,"""CNR3402357""","""CID3690128"""
1,"""CNR1038644""","""CID3864713"""
3,"""CNR7983373""","""CID7518168"""
3,"""CNR3771441""","""CID8445842"""
3,"""CNR4637100""","""CID7673669"""
3,"""CNR6924819""","""CID4748459"""
0,"""CNR6182494""","""CID5112682"""
3,"""CNR6786939""","""CID9327114"""
3,"""CNR3585903""","""CID2082596"""
3,"""CNR4084378""","""CID8456153"""
0,"""CNR4451495""","""CID4723454"""
0,"""CNR9291437""","""CID3497381"""
0,"""CNR3556387""","""CID7987885"""
1,"""CNR4546254""","""CID2126938"""
3,"""CNR2731428""","""CID3911619"""
3,"""CNR4384855""","""CID1451875"""
3,"""CNR9446478""","""CID4433651"""
3,"""CNR8895989""","""CID9694944"""
3,"""CNR9865937""","""CID1315512"""
0,"""CNR5700407""","""CID2686509"""
0,"""CNR2601964""","""CID7215751"""
0,"""CNR1949362""","""CID4144265"""
1,"""CNR4956234""","""CID2445369"""
1,"""CNR3362786""","""CID8847557"""
3,"""CNR8902057""","""CID4635355"""
0,"""CNR3398848""","""CID8757065"""
3,"""CNR2245527""","""CID2024535"""
1,"""CNR8054835""","""CID2636365"""
3,"""CNR6947357""","""CID9422208"""
3,"""CNR8773947""","""CID6012052"""
1,"""CNR2935487""","""CID2676374"""
0,"""CNR8428008""","""CID1473327"""
3,"""CNR9068408""","""CID6203392"""
3,"""CNR5786495""","""CID2657626"""
3,"""CNR5451164""","""CID7446835"""
0,"""CNR5191517""","""CID5256069"""
3,"""CNR9168194""","""CID5414021"""
1,"""CNR8955273""","""CID8101763"""
3,"""CNR8112857""","""CID5175629"""
3,"""CNR6114412""","""CID7941443"""
3,"""CNR8442957""","""CID3995585"""
1,"""CNR7169346""","""CID8010009"""
3,"""CNR7832562""","""CID5372969"""
3,"""CNR7053372""","""CID2485257"""
0,"""CNR7748962""","""CID1861723"""
3,"""CNR9433145""","""CID8460386"""
3,"""CNR3317512""","""CID2203267"""
3,"""CNR3863835""","""CID1771591"""
3,"""CNR3480480""","""CID8001901"""
3,"""CNR3638389""","""CID2288469"""
1,"""CNR2485061""","""CID7305349"""
3,"""CNR1409991""","""CID8901870"""
1,"""CNR8834851""","""CID7937255"""
3,"""CNR5248673""","""CID8363591"""
1,"""CNR3693399""","""CID3523195"""
0,"""CNR2862400""","""CID7963670"""
0,"""CNR1382168""","""CID7021991"""
1,"""CNR9236381""","""CID1025314"""
3,"""CNR1829303""","""CID4541835"""
3,"""CNR1456143""","""CID3477734"""
3,"""CNR3614285""","""CID1941133"""
3,"""CNR2337389""","""CID7920069"""
1,"""CNR1452653""","""CID7342675"""
3,"""CNR1753215""","""CID5910210"""
1,"""CNR4179208""","""CID7622155"""
1,"""CNR5110428""","""CID8150467"""
3,"""CNR6284043""","""CID7139929"""
0,"""CNR7688244""","""CID4677663"""
3,"""CNR6042762""","""CID6900895"""
0,"""CNR7720876""","""CID3291204"""
1,"""CNR7315008""","""CID5760345"""
0,"""CNR5444623""","""CID1345690"""
1,"""CNR3127043""","""CID2078504"""
3,"""CNR6001259""","""CID3979445"""
3,"""CNR9026834""","""CID1172795"""
3,"""CNR7914622""","""CID6409508"""
1,"""CNR4991327""","""CID8128092"""
1,"""CNR9644864""","""CID3651754"""
3,"""CNR6491247""","""CID3948117"""
0,"""CNR9240072""","""CID5664001"""
3,"""CNR7412128""","""CID5125849"""
0,"""CNR6387653""","""CID6753902"""
3,"""CNR9801352""","""CID6049271"""
0,"""CNR1048341""","""CID7272631"""
0,"""CNR2817831""","""CID8085806"""
1,"""CNR3280903""","""CID5086580"""
1,"""CNR6331977""","""CID4239514"""
0,"""CNR8489198""","""CID7678857"""
1,"""CNR6484273""","""CID7246148"""
0,"""CNR6639884""","""CID2806236"""
0,"""CNR1841553""","""CID1626763"""
1,"""CNR2421069""","""CID1068610"""
3,"""CNR4524852""","""CID7726310"""
3,"""CNR9747675""","""CID6314943"""
3,"""CNR1146085""","""CID3190810"""
1,"""CNR1762850""","""CID2598531"""
3,"""CNR2439191""","""CID5140890"""
3,"""CNR8926867""","""CID4113653"""
3,"""CNR4617842""","""CID2769002"""
3,"""CNR3073023""","""CID9827971"""
1,"""CNR7110021""","""CID3046194"""
1,"""CNR7314332""","""CID1293322"""
3,"""CNR5795553""","""CID1173079"""
0,"""CNR7436055""","""CID8890948"""
3,"""CNR6553811""","""CID4176206"""
1,"""CNR9904285""","""CID1832976"""
1,"""CNR5697617""","""CID8987686"""
3,"""CNR7352623""","""CID8398467"""
0,"""CNR5347159""","""CID7938039"""
1,"""CNR3313692""","""CID4154570"""
0,"""CNR8642852""","""CID3361917"""
0,"""CNR5383280""","""CID1806997"""
0,"""CNR6200911""","""CID3553716"""
3,"""CNR4931465""","""CID8394423"""
3,"""CNR4016305""","""CID3556263"""
0,"""CNR1482637""","""CID6948736"""
3,"""CNR6058664""","""CID8336713"""
0,"""CNR3093277""","""CID7739300"""
3,"""CNR1767392""","""CID1109817"""
1,"""CNR1448214""","""CID7409059"""
1,"""CNR1227355""","""CID3685348"""
1,"""CNR7053224""","""CID6169160"""
3,"""CNR4890224""","""CID9186095"""
0,"""CNR6968183""","""CID8682885"""
0,"""CNR4808047""","""CID6478304"""
3,"""CNR2564531""","""CID5169362"""
1,"""CNR8386476""","""CID7970904"""
1,"""CNR5442020""","""CID8591059"""
0,"""CNR5561737""","""CID5247169"""
1,"""CNR3941814""","""CID3502686"""
1,"""CNR4165950""","""CID3025820"""
3,"""CNR7161409""","""CID4940817"""
3,"""CNR8772037""","""CID6227766"""
3,"""CNR2971729""","""CID6825138"""
0,"""CNR6241470""","""CID8006592"""
0,"""CNR2239423""","""CID1504046"""
1,"""CNR4398276""","""CID1347664"""
0,"""CNR8424427""","""CID4340944"""
0,"""CNR4719071""","""CID7865810"""
1,"""CNR2095794""","""CID1453647"""
3,"""CNR3182713""","""CID4170492"""
3,"""CNR1400929""","""CID7341843"""
0,"""CNR7415124""","""CID3414482"""
0,"""CNR2728902""","""CID2769660"""
3,"""CNR9797620""","""CID6062640"""
0,"""CNR9843809""","""CID4563237"""
1,"""CNR4435597""","""CID3451597"""
0,"""CNR3526761""","""CID5454233"""
3,"""CNR4886255""","""CID6999505"""
3,"""CNR7422516""","""CID9259823"""
1,"""CNR3953640""","""CID7456738"""
0,"""CNR1421092""","""CID7319614"""
3,"""CNR3433170""","""CID2970123"""
3,"""CNR7314696""","""CID7190036"""
1,"""CNR4411041""","""CID4826917"""
3,"""CNR5801822""","""CID3696066"""
1,"""CNR8213363""","""CID6579870"""
0,"""CNR2110717""","""CID5129944"""
3,"""CNR7126435""","""CID6027032"""
1,"""CNR2644077""","""CID9101940"""
3,"""CNR6840392""","""CID3004035"""
1,"""CNR3200575""","""CID2595777"""
1,"""CNR6684398""","""CID1090890"""
1,"""CNR3925020""","""CID6550057"""
0,"""CNR4108314""","""CID8543516"""
3,"""CNR7883336""","""CID4768465"""
0,"""CNR7999334""","""CID9054084"""
0,"""CNR6381742""","""CID3941403"""
1,"""CNR2212288""","""CID8238254"""
3,"""CNR4730088""","""CID9984346"""
3,"""CNR3785561""","""CID4657898"""
3,"""CNR2929449""","""CID1693860"""
3,"""CNR9029919""","""CID5671444"""
3,"""CNR8372826""","""CID1585508"""
1,"""CNR6459429""","""CID8826780"""
3,"""CNR4533797""","""CID8831248"""
0,"""CNR4551467""","""CID9137099"""
3,"""CNR5883985""","""CID8072832"""
1,"""CNR6232115""","""CID5096428"""
3,"""CNR9100339""","""CID8970990"""
3,"""CNR4018364""","""CID7905078"""
0,"""CNR9597000""","""CID9633549"""
3,"""CNR8718473""","""CID6074231"""
1,"""CNR4337001""","""CID2073890"""
3,"""CNR3873115""","""CID8483079"""
3,"""CNR3120571""","""CID6926626"""
1,"""CNR2814185""","""CID1267021"""
0,"""CNR8544253""","""CID9495191"""
1,"""CNR4298120""","""CID6446623"""
0,"""CNR9146159""","""CID5109183"""
1,"""CNR3157989""","""CID9916685"""
1,"""CNR3074579""","""CID8504483"""
0,"""CNR8592126""","""CID5842023"""
3,"""CNR8964051""","""CID9356762"""
3,"""CNR1344102""","""CID2972166"""
1,"""CNR4630310""","""CID4937683"""
0,"""CNR7128582""","""CID7295642"""
0,"""CNR7894657""","""CID4106204"""
3,"""CNR7775343""","""CID7325866"""
0,"""CNR4734718""","""CID4338747"""
3,"""CNR9809132""","""CID5910024"""
1,"""CNR3497885""","""CID2629123"""
3,"""CNR8886285""","""CID7267500"""
0,"""CNR4632449""","""CID8426809"""
1,"""CNR6785863""","""CID3443179"""
3,"""CNR7531268""","""CID1175572"""
3,"""CNR8458383""","""CID7820249"""
3,"""CNR1271273""","""CID9062173"""
3,"""CNR4271102""","""CID7942568"""
0,"""CNR9149020""","""CID2616753"""
3,"""CNR6887883""","""CID9232135"""
1,"""CNR1456229""","""CID5214072"""
0,"""CNR1802291""","""CID6155748"""
0,"""CNR4196217""","""CID5652022"""
1,"""CNR1962374""","""CID1299031"""
1,"""CNR9039356""","""CID4258376"""
3,"""CNR2682005""","""CID6877823"""
1,"""CNR4802645""","""CID8179394"""
3,"""CNR7282398""","""CID9550123"""
0,"""CNR2622214""","""CID7215084"""
3,"""CNR7120490""","""CID6172764"""
1,"""CNR2460560""","""CID2301106"""
1,"""CNR5225358""","""CID5367141"""
3,"""CNR2109200""","""CID2971894"""
0,"""CNR9300019""","""CID8737885"""
0,"""CNR7483669""","""CID5694301"""
1,"""CNR5805971""","""CID4328969"""
0,"""CNR9034191""","""CID1845983"""
1,"""CNR8474485""","""CID9427041"""
0,"""CNR3566696""","""CID3902082"""
1,"""CNR7710589""","""CID5878067"""
3,"""CNR1446041""","""CID8274475"""
1,"""CNR4411643""","""CID6457367"""
3,"""CNR2248105""","""CID8007635"""
3,"""CNR3614156""","""CID2249953"""
3,"""CNR5785463""","""CID8295105"""
3,"""CNR9211303""","""CID7466511"""
3,"""CNR8616833""","""CID2344321"""
1,"""CNR4136576""","""CID9289049"""
1,"""CNR9764144""","""CID1796514"""
3,"""CNR2390952""","""CID9930665"""
1,"""CNR4065943""","""CID1868315"""
0,"""CNR5328347""","""CID1465652"""
1,"""CNR5027386""","""CID5018802"""
3,"""CNR9144714""","""CID3105492"""
1,"""CNR8076159""","""CID9687548"""
0,"""CNR1603411""","""CID2012851"""
3,"""CNR8911200""","""CID6737054"""
3,"""CNR8511870""","""CID9148093"""
1,"""CNR5573001""","""CID7753338"""
1,"""CNR3394799""","""CID1964220"""
1,"""CNR8699436""","""CID5765746"""
3,"""CNR6671497""","""CID4881437"""
0,"""CNR6162662""","""CID1237772"""
1,"""CNR7958284""","""CID7303984"""
0,"""CNR3291097""","""CID1710126"""
0,"""CNR3492628""","""CID7610147"""
1,"""CNR5216781""","""CID5866573"""
0,"""CNR4581653""","""CID6570792"""
0,"""CNR9778148""","""CID7692686"""
3,"""CNR4540946""","""CID1915367"""
3,"""CNR5391697""","""CID2293460"""
0,"""CNR2920292""","""CID5854684"""
1,"""CNR9096869""","""CID7026534"""
1,"""CNR3809628""","""CID1919835"""
3,"""CNR6251809""","""CID8417649"""
3,"""CNR9892851""","""CID6717685"""
0,"""CNR9710532""","""CID3908658"""
3,"""CNR2462920""","""CID8593597"""
0,"""CNR6442332""","""CID9872764"""
1,"""CNR3546810""","""CID4475344"""
0,"""CNR3887665""","""CID2598247"""
0,"""CNR1028545""","""CID4275555"""
1,"""CNR9532265""","""CID8500873"""
3,"""CNR8860700""","""CID4663538"""
3,"""CNR9205254""","""CID5680724"""
3,"""CNR1727786""","""CID2790166"""
1,"""CNR7767546""","""CID9185372"""
3,"""CNR8565322""","""CID5919230"""
1,"""CNR4973920""","""CID4726001"""
1,"""CNR2565599""","""CID9944967"""
1,"""CNR1485053""","""CID7622769"""
3,"""CNR9480867""","""CID6941698"""
0,"""CNR7828712""","""CID7703813"""
0,"""CNR3705969""","""CID5572388"""
3,"""CNR7344740""","""CID9165943"""
1,"""CNR4284476""","""CID7350377"""
0,"""CNR8112197""","""CID1306028"""
1,"""CNR2383407""","""CID3472911"""
3,"""CNR4759023""","""CID6125319"""
0,"""CNR8452569""","""CID5202541"""
0,"""CNR3601988""","""CID9105591"""
1,"""CNR9711565""","""CID2034424"""
3,"""CNR2766600""","""CID3804918"""
3,"""CNR8380674""","""CID1168433"""
3,"""CNR7122401""","""CID2918344"""
0,"""CNR1288028""","""CID2606091"""
0,"""CNR4837261""","""CID1554698"""
1,"""CNR8665404""","""CID8105529"""
1,"""CNR8112749""","""CID4680925"""
4,"""CNR7103399""","""CID7423975"""
4,"""CNR5517482""","""CID3155832"""
1,"""CNR2506525""","""CID6247763"""
1,"""CNR4098062""","""CID2813556"""
0,"""CNR4869405""","""CID6349089"""
1,"""CNR9637387""","""CID2803878"""
0,"""CNR1466767""","""CID9279859"""
1,"""CNR5977736""","""CID8213421"""
0,"""CNR4820005""","""CID5170212"""
1,"""CNR6036299""","""CID1512395"""
4,"""CNR2274111""","""CID9552263"""
4,"""CNR6530159""","""CID1435715"""
1,"""CNR5141461""","""CID7774545"""
1,"""CNR2768498""","""CID2496178"""
4,"""CNR6140261""","""CID6378883"""
4,"""CNR6111985""","""CID9107224"""
4,"""CNR7625519""","""CID2543730"""
1,"""CNR5367538""","""CID1862982"""
4,"""CNR2390352""","""CID5432215"""
4,"""CNR6733896""","""CID5599711"""
2,"""CNR9806289""","""CID4183311"""
4,"""CNR4687871""","""CID3110944"""
4,"""CNR9715221""","""CID9672107"""
0,"""CNR3939641""","""CID1210351"""
0,"""CNR4329819""","""CID4347871"""
1,"""CNR2738509""","""CID9185825"""
4,"""CNR1827992""","""CID8090180"""
1,"""CNR4412778""","""CID6663766"""
4,"""CNR3028718""","""CID2638511"""
4,"""CNR9214686""","""CID4197521"""
1,"""CNR6153054""","""CID7314903"""
2,"""CNR6009789""","""CID4988895"""
4,"""CNR1601404""","""CID2100280"""
4,"""CNR5084278""","""CID5818002"""
4,"""CNR2643199""","""CID9276767"""
4,"""CNR8318401""","""CID9596629"""
0,"""CNR1157135""","""CID9732879"""
4,"""CNR7386843""","""CID6504010"""
1,"""CNR1295583""","""CID9546111"""
0,"""CNR6779728""","""CID3615855"""
1,"""CNR9569296""","""CID2522512"""
1,"""CNR8977881""","""CID1726285"""
1,"""CNR3135856""","""CID1665608"""
0,"""CNR6552415""","""CID9860506"""
4,"""CNR7971422""","""CID5805012"""
1,"""CNR2656950""","""CID8552150"""
4,"""CNR1189191""","""CID8121671"""
1,"""CNR4715684""","""CID6713630"""
0,"""CNR3168859""","""CID9560147"""
4,"""CNR3392203""","""CID9035239"""
4,"""CNR4668910""","""CID1669086"""
1,"""CNR5541745""","""CID2881801"""
1,"""CNR4536291""","""CID2885021"""
1,"""CNR3946673""","""CID4336873"""
0,"""CNR4750529""","""CID4180251"""
4,"""CNR7175765""","""CID9721230"""
4,"""CNR9219195""","""CID8659819"""
0,"""CNR4810957""","""CID1017397"""
0,"""CNR1809122""","""CID9228109"""
4,"""CNR9276830""","""CID1173089"""
1,"""CNR1434660""","""CID6210807"""
4,"""CNR4819931""","""CID4839746"""
0,"""CNR4874657""","""CID3461823"""
4,"""CNR1702968""","""CID2137996"""
4,"""CNR7213726""","""CID4220268"""
4,"""CNR6612678""","""CID7137920"""
4,"""CNR4183255""","""CID8039229"""
1,"""CNR6970762""","""CID2696369"""
4,"""CNR8626914""","""CID1632301"""
1,"""CNR8330960""","""CID6880917"""
4,"""CNR3746261""","""CID5254712"""
1,"""CNR5427883""","""CID9450272"""
4,"""CNR7668226""","""CID4598123"""
1,"""CNR4734116""","""CID8990620"""
4,"""CNR9961100""","""CID9489112"""
4,"""CNR1193199""","""CID4412846"""
4,"""CNR4571544""","""CID5437653"""
4,"""CNR5091818""","""CID5014155"""
1,"""CNR3414700""","""CID1904256"""
4,"""CNR7757803""","""CID3381320"""
1,"""CNR7109365""","""CID1619334"""
4,"""CNR5021732""","""CID5739626"""
0,"""CNR1303845""","""CID5725458"""
1,"""CNR9671362""","""CID2734335"""
4,"""CNR7823337""","""CID9686391"""
4,"""CNR2935561""","""CID4934479"""
4,"""CNR5494205""","""CID9593034"""
4,"""CNR2507894""","""CID2366088"""
4,"""CNR9865976""","""CID7793359"""
1,"""CNR1878853""","""CID3297610"""
4,"""CNR9914708""","""CID6952188"""
1,"""CNR5534523""","""CID4811402"""
0,"""CNR4980553""","""CID3760214"""
0,"""CNR5333493""","""CID8253335"""
1,"""CNR3278113""","""CID3291246"""
4,"""CNR1776770""","""CID5521699"""
4,"""CNR6598896""","""CID3908764"""
4,"""CNR5039573""","""CID1937075"""
0,"""CNR4007759""","""CID2774291"""
1,"""CNR2868765""","""CID6748092"""
1,"""CNR9180015""","""CID6370215"""
0,"""CNR3691659""","""CID1990645"""
1,"""CNR7330705""","""CID7471290"""
1,"""CNR6252748""","""CID6121501"""
0,"""CNR8863544""","""CID8633445"""
1,"""CNR6045190""","""CID9217651"""
4,"""CNR7620062""","""CID8709916"""
1,"""CNR8778906""","""CID2331286"""
0,"""CNR3117445""","""CID4853007"""
1,"""CNR1703244""","""CID8309967"""
1,"""CNR2667907""","""CID9857513"""
0,"""CNR4864595""","""CID6207693"""
4,"""CNR1201216""","""CID9787314"""
1,"""CNR1456091""","""CID3941182"""
4,"""CNR3645144""","""CID6488916"""
0,"""CNR4257146""","""CID3091507"""
4,"""CNR3478045""","""CID7026883"""
4,"""CNR5781695""","""CID9533774"""
1,"""CNR2058791""","""CID8676840"""
4,"""CNR3853507""","""CID9492545"""
4,"""CNR6445131""","""CID6433752"""
4,"""CNR6717781""","""CID9844056"""
4,"""CNR9888524""","""CID4654833"""
1,"""CNR1695042""","""CID1494830"""
4,"""CNR1676932""","""CID1992692"""
0,"""CNR5682958""","""CID5868874"""
4,"""CNR5230359""","""CID6079704"""
4,"""CNR2499697""","""CID2627171"""
1,"""CNR4296887""","""CID4052705"""
4,"""CNR6153360""","""CID5815962"""
4,"""CNR9688746""","""CID7108110"""
0,"""CNR3666614""","""CID5633134"""
4,"""CNR5762826""","""CID8462825"""
4,"""CNR8580918""","""CID3530942"""
4,"""CNR1286648""","""CID9673263"""
4,"""CNR2585649""","""CID7375080"""
4,"""CNR2230784""","""CID8318780"""
4,"""CNR3212726""","""CID1346073"""
0,"""CNR6293065""","""CID3854833"""
4,"""CNR5836391""","""CID5833887"""
1,"""CNR9812996""","""CID3650281"""
1,"""CNR1684161""","""CID4331339"""
0,"""CNR8361788""","""CID8973402"""
1,"""CNR6120192""","""CID1190471"""
0,"""CNR8261814""","""CID2421652"""
1,"""CNR9360962""","""CID1427343"""
0,"""CNR7951716""","""CID1688213"""
1,"""CNR3967414""","""CID3433657"""
1,"""CNR7951530""","""CID8849687"""
1,"""CNR8091812""","""CID3128724"""
1,"""CNR5574435""","""CID7700757"""
4,"""CNR9830817""","""CID7344217"""
4,"""CNR2198072""","""CID5132968"""
4,"""CNR9890513""","""CID4260619"""
4,"""CNR6808015""","""CID2911464"""
4,"""CNR5558481""","""CID6813922"""
1,"""CNR1339461""","""CID5461333"""
4,"""CNR5508216""","""CID2711885"""
1,"""CNR8039798""","""CID3613373"""
1,"""CNR4071745""","""CID7271143"""
1,"""CNR4540952""","""CID6836154"""
1,"""CNR3962830""","""CID5070249"""
1,"""CNR9686528""","""CID1852129"""
4,"""CNR2417225""","""CID8621872"""
1,"""CNR8674052""","""CID9232244"""
0,"""CNR1735758""","""CID4812496"""
1,"""CNR7361822""","""CID3334408"""
4,"""CNR4522204""","""CID8002917"""
4,"""CNR9675953""","""CID1712623"""
4,"""CNR9504856""","""CID4707104"""
1,"""CNR1371332""","""CID4239779"""
4,"""CNR9242913""","""CID2704601"""
1,"""CNR8311151""","""CID3429878"""
0,"""CNR7496193""","""CID1350232"""
4,"""CNR7509363""","""CID3745575"""
4,"""CNR1023754""","""CID8356822"""
1,"""CNR5977346""","""CID5642003"""
1,"""CNR1408546""","""CID3002012"""
4,"""CNR9293763""","""CID6444949"""
4,"""CNR2025858""","""CID4860869"""
1,"""CNR7872206""","""CID5555102"""
4,"""CNR6175724""","""CID4043916"""
4,"""CNR6205450""","""CID4824787"""
1,"""CNR7389893""","""CID3929491"""
1,"""CNR7999566""","""CID9138316"""
4,"""CNR3170316""","""CID8580311"""
0,"""CNR5703529""","""CID2938813"""
1,"""CNR5579064""","""CID2775002"""
1,"""CNR1488736""","""CID6236289"""
4,"""CNR7045341""","""CID1620917"""
4,"""CNR6264324""","""CID8732993"""
0,"""CNR1299102""","""CID9563258"""
2,"""CNR2949329""","""CID9812662"""
4,"""CNR5741740""","""CID3381062"""
1,"""CNR4010958""","""CID8634011"""
4,"""CNR1623352""","""CID8922649"""
1,"""CNR5926599""","""CID7255655"""
0,"""CNR4841171""","""CID2040157"""
4,"""CNR6046576""","""CID9903861"""
0,"""CNR4464554""","""CID1331914"""
4,"""CNR1919734""","""CID8921124"""
1,"""CNR9507738""","""CID5759409"""
4,"""CNR9035324""","""CID5702299"""
4,"""CNR2603650""","""CID8795452"""
4,"""CNR4383077""","""CID6321558"""
4,"""CNR6444084""","""CID9058813"""
0,"""CNR3626626""","""CID6439418"""
4,"""CNR5012798""","""CID6112870"""
4,"""CNR8958747""","""CID8866127"""
1,"""CNR1197756""","""CID2879070"""
0,"""CNR3388048""","""CID2443973"""
1,"""CNR8957514""","""CID3575203"""
0,"""CNR5420859""","""CID1019326"""
1,"""CNR6296174""","""CID7610892"""
1,"""CNR5248383""","""CID1855465"""
4,"""CNR6104021""","""CID1846255"""
0,"""CNR8334948""","""CID6913447"""
0,"""CNR1974889""","""CID2172141"""
4,"""CNR1482914""","""CID7919731"""
1,"""CNR8315130""","""CID8961767"""
1,"""CNR2862717""","""CID4052475"""
0,"""CNR3023565""","""CID7474929"""
1,"""CNR1883672""","""CID5223316"""
1,"""CNR8137300""","""CID7197829"""
4,"""CNR7906506""","""CID1363665"""
0,"""CNR5563930""","""CID5745429"""
1,"""CNR4127614""","""CID5301073"""
4,"""CNR8072098""","""CID5614012"""
1,"""CNR6349907""","""CID4971999"""
1,"""CNR6251431""","""CID2895603"""
4,"""CNR3086734""","""CID3513469"""
4,"""CNR3196759""","""CID5476404"""
4,"""CNR9029266""","""CID9522631"""
4,"""CNR4383634""","""CID7903068"""
0,"""CNR7669202""","""CID1467100"""
1,"""CNR2005631""","""CID7928812"""
4,"""CNR5610882""","""CID6363538"""
1,"""CNR5218414""","""CID1831571"""
1,"""CNR4248096""","""CID3913551"""
4,"""CNR8583471""","""CID5265042"""
4,"""CNR6528586""","""CID3119583"""
4,"""CNR7131785""","""CID9012403"""
4,"""CNR4603907""","""CID4728018"""
1,"""CNR5403108""","""CID7889831"""
4,"""CNR5924635""","""CID9712860"""
4,"""CNR5886131""","""CID1385403"""
0,"""CNR3516092""","""CID1099125"""
2,"""CNR9285060""","""CID9812681"""
4,"""CNR1056662""","""CID5085840"""
4,"""CNR3767507""","""CID4477098"""
0,"""CNR7265169""","""CID4489883"""
1,"""CNR1654066""","""CID4618280"""
4,"""CNR5262685""","""CID1085175"""
0,"""CNR7846641""","""CID4951255"""
4,"""CNR5059502""","""CID8110546"""
1,"""CNR1743505""","""CID3328591"""
0,"""CNR1981636""","""CID2087469"""
4,"""CNR9838435""","""CID1002787"""
1,"""CNR3490677""","""CID4686521"""
1,"""CNR6020658""","""CID4783879"""
1,"""CNR9135239""","""CID7544054"""
4,"""CNR1414272""","""CID8332414"""
1,"""CNR9810737""","""CID7910700"""
0,"""CNR2403219""","""CID7269319"""
0,"""CNR8116477""","""CID7461810"""
4,"""CNR7978687""","""CID1531507"""
4,"""CNR8790022""","""CID3364146"""
1,"""CNR4099212""","""CID8612819"""
4,"""CNR3888788""","""CID7229103"""
1,"""CNR5609008""","""CID4171227"""
1,"""CNR5460153""","""CID3416353"""
4,"""CNR3986677""","""CID3974734"""
1,"""CNR2559318""","""CID3628394"""
4,"""CNR2265023""","""CID5629259"""
1,"""CNR3293144""","""CID6828717"""
1,"""CNR6083000""","""CID6880325"""
4,"""CNR2596628""","""CID1055630"""
1,"""CNR9298151""","""CID9897406"""
0,"""CNR6917822""","""CID9561725"""
1,"""CNR2779511""","""CID2349040"""
4,"""CNR6252191""","""CID4050474"""
0,"""CNR1130132""","""CID3270295"""
4,"""CNR7398057""","""CID9284720"""
0,"""CNR6397288""","""CID7515929"""
4,"""CNR8552549""","""CID8344565"""
1,"""CNR9567421""","""CID4263992"""
4,"""CNR4789313""","""CID6803699"""
2,"""CNR4710114""","""CID4367127"""
4,"""CNR2052873""","""CID7059231"""
1,"""CNR2791852""","""CID5518267"""
0,"""CNR1208382""","""CID4626659"""
2,"""CNR4778748""","""CID7077093"""
0,"""CNR8382349""","""CID8702883"""
4,"""CNR3724880""","""CID8732096"""
1,"""CNR4889442""","""CID8172334"""
1,"""CNR7549540""","""CID3870266"""
1,"""CNR1923264""","""CID1950482"""
4,"""CNR4995611""","""CID1999555"""
4,"""CNR2402734""","""CID9152419"""
0,"""CNR2122316""","""CID9131216"""
1,"""CNR9442058""","""CID8205537"""
1,"""CNR4450438""","""CID1374582"""
4,"""CNR5588780""","""CID8433040"""
4,"""CNR8164873""","""CID9700205"""
4,"""CNR4620509""","""CID6697977"""
1,"""CNR5900188""","""CID8720824"""
1,"""CNR9644038""","""CID8612487"""
1,"""CNR5306693""","""CID8591537"""
4,"""CNR6789648""","""CID1936186"""
0,"""CNR7222086""","""CID1825877"""
0,"""CNR1897195""","""CID9192722"""
0,"""CNR8677947""","""CID6829002"""
0,"""CNR5144924""","""CID9011771"""
0,"""CNR3914309""","""CID7371016"""
4,"""CNR6518338""","""CID9316937"""
1,"""CNR7875661""","""CID5665492"""
4,"""CNR4297931""","""CID4571122"""
1,"""CNR4977169""","""CID5528878"""
1,"""CNR7128829""","""CID4196606"""
1,"""CNR6179981""","""CID5284422"""
4,"""CNR2175992""","""CID3764284"""
1,"""CNR5291405""","""CID9787565"""
4,"""CNR6872285""","""CID5619766"""
1,"""CNR1717805""","""CID6195951"""
0,"""CNR2457474""","""CID4439349"""
1,"""CNR1322589""","""CID9898615"""
4,"""CNR3072002""","""CID5680228"""
4,"""CNR4548759""","""CID8407795"""
4,"""CNR4407909""","""CID9242550"""
4,"""CNR2089109""","""CID4109477"""
4,"""CNR9387447""","""CID3063377"""
4,"""CNR9817709""","""CID2970830"""
4,"""CNR4983715""","""CID7301614"""
1,"""CNR5934642""","""CID1877270"""
1,"""CNR2712794""","""CID7549495"""
1,"""CNR7962401""","""CID9985368"""
1,"""CNR3981591""","""CID9589949"""
0,"""CNR4244489""","""CID8647371"""
1,"""CNR5193588""","""CID7172963"""
1,"""CNR1543964""","""CID8414299"""
4,"""CNR3263084""","""CID3183970"""
4,"""CNR3023976""","""CID8789398"""
4,"""CNR5274052""","""CID9736898"""
4,"""CNR7337915""","""CID2624321"""
0,"""CNR7830750""","""CID3412991"""
1,"""CNR4533246""","""CID2300715"""
1,"""CNR2003572""","""CID6474955"""
1,"""CNR3635361""","""CID2188780"""
4,"""CNR3178552""","""CID7801645"""
0,"""CNR1517779""","""CID5781733"""
0,"""CNR4779966""","""CID4646826"""
0,"""CNR2420075""","""CID2391109"""
1,"""CNR4914986""","""CID5352753"""
1,"""CNR2537043""","""CID9593626"""
1,"""CNR5284929""","""CID9060230"""
1,"""CNR8096285""","""CID6963947"""
1,"""CNR4317572""","""CID2216368"""
1,"""CNR1029008""","""CID1723054"""
1,"""CNR1240533""","""CID9322868"""
4,"""CNR8830654""","""CID7958096"""
0,"""CNR8068712""","""CID6993459"""
1,"""CNR9900682""","""CID6900260"""
1,"""CNR9093970""","""CID9089164"""
0,"""CNR1276133""","""CID1625042"""
1,"""CNR9922755""","""CID2034059"""
0,"""CNR2199853""","""CID2631871"""
4,"""CNR8160471""","""CID6619255"""
4,"""CNR1832897""","""CID3972370"""
1,"""CNR4695777""","""CID4653976"""
0,"""CNR1502642""","""CID6709827"""
4,"""CNR1233036""","""CID7143082"""
4,"""CNR4743564""","""CID6047177"""
4,"""CNR7796114""","""CID9722396"""
1,"""CNR2568216""","""CID5040966"""
1,"""CNR7977529""","""CID5740519"""
4,"""CNR9482535""","""CID3100132"""
1,"""CNR4323206""","""CID1273901"""
4,"""CNR2771037""","""CID2167270"""
1,"""CNR7702078""","""CID2417866"""
1,"""CNR4074396""","""CID8063778"""
1,"""CNR7803510""","""CID3357124"""
0,"""CNR5683857""","""CID5533643"""
1,"""CNR7157748""","""CID1848625"""
1,"""CNR7049858""","""CID4573692"""
0,"""CNR2406484""","""CID6795718"""
0,"""CNR2564756""","""CID1734334"""
0,"""CNR6408912""","""CID8173734"""
4,"""CNR3885728""","""CID3838276"""
4,"""CNR5503108""","""CID1853658"""
1,"""CNR5229681""","""CID3426566"""
4,"""CNR3397532""","""CID9512178"""
4,"""CNR1566493""","""CID7364446"""
0,"""CNR1798877""","""CID3693314"""
1,"""CNR9855403""","""CID7638335"""
1,"""CNR2569290""","""CID3336631"""
0,"""CNR4859637""","""CID4892469"""
1,"""CNR9581385""","""CID6054577"""
4,"""CNR6910462""","""CID2461330"""
4,"""CNR2632671""","""CID7372884"""
0,"""CNR3729081""","""CID3998551"""
1,"""CNR8254818""","""CID4857623"""
4,"""CNR2051797""","""CID4807421"""
4,"""CNR4974675""","""CID5580023"""
4,"""CNR9968214""","""CID9142537"""
0,"""CNR2291497""","""CID1472209"""
4,"""CNR1112464""","""CID2960423"""
0,"""CNR5135473""","""CID9031386"""
4,"""CNR5585743""","""CID4905130"""
1,"""CNR5805190""","""CID8164230"""
0,"""CNR5535796""","""CID3962330"""
1,"""CNR2483818""","""CID7285277"""
4,"""CNR3594686""","""CID2898594"""
1,"""CNR6867552""","""CID5073033"""
4,"""CNR2003545""","""CID3992791"""
1,"""CNR5320307""","""CID7168172"""
4,"""CNR4106351""","""CID2555506"""
4,"""CNR5135022""","""CID6087054"""
4,"""CNR6078770""","""CID9103732"""
1,"""CNR8933044""","""CID3849569"""
4,"""CNR6289297""","""CID4325841"""
0,"""CNR5300469""","""CID9115128"""
0,"""CNR9235118""","""CID8402215"""
1,"""CNR2528618""","""CID9982485"""
4,"""CNR9791279""","""CID3741227"""
0,"""CNR7997821""","""CID2767504"""
4,"""CNR5181520""","""CID1699881"""
4,"""CNR7977209""","""CID3587750"""
1,"""CNR9253212""","""CID4237997"""
4,"""CNR5842678""","""CID3454018"""
4,"""CNR2601091""","""CID9421486"""
1,"""CNR8359637""","""CID8764122"""
1,"""CNR7961887""","""CID1118947"""
1,"""CNR2314801""","""CID4488532"""
1,"""CNR3051018""","""CID7755618"""
4,"""CNR1017729""","""CID1420279"""
4,"""CNR4088554""","""CID4090581"""
4,"""CNR7538958""","""CID3470434"""
1,"""CNR9828038""","""CID2746168"""
1,"""CNR2817712""","""CID4575406"""
4,"""CNR5701799""","""CID3922172"""
4,"""CNR3752548""","""CID6927142"""
1,"""CNR1837227""","""CID6593725"""
0,"""CNR3284458""","""CID2067124"""
1,"""CNR5052990""","""CID7610130"""
1,"""CNR5969318""","""CID6943613"""
4,"""CNR4096347""","""CID5419106"""
0,"""CNR3165124""","""CID2062127"""
1,"""CNR2373891""","""CID5900444"""
1,"""CNR1231708""","""CID7242862"""
4,"""CNR1464334""","""CID5001659"""
1,"""CNR8561147""","""CID7007556"""
1,"""CNR2668866""","""CID3299839"""
0,"""CNR7266058""","""CID6757675"""
4,"""CNR4752002""","""CID1327041"""
1,"""CNR7299091""","""CID8875926"""
1,"""CNR7452690""","""CID1784207"""
0,"""CNR4722062""","""CID1597287"""
4,"""CNR2940194""","""CID8118625"""
2,"""CNR4558767""","""CID8184752"""
0,"""CNR4307591""","""CID1718543"""
4,"""CNR7699876""","""CID4510734"""
1,"""CNR5426956""","""CID9611088"""
1,"""CNR4600527""","""CID4957417"""
0,"""CNR7486186""","""CID9804751"""
4,"""CNR1938944""","""CID5463568"""
4,"""CNR6692809""","""CID2741416"""
1,"""CNR3008992""","""CID6029998"""
0,"""CNR8847940""","""CID9512378"""
4,"""CNR3215062""","""CID5135948"""
1,"""CNR6715896""","""CID6666893"""
4,"""CNR9327766""","""CID6746467"""
1,"""CNR2976430""","""CID4711174"""
0,"""CNR7407004""","""CID3545408"""
1,"""CNR6810541""","""CID5885967"""
1,"""CNR2716478""","""CID5093495"""
0,"""CNR3512402""","""CID3830513"""
1,"""CNR3179320""","""CID6142703"""
4,"""CNR4906496""","""CID3732734"""
1,"""CNR5333603""","""CID6417043"""
4,"""CNR2490784""","""CID7153247"""
4,"""CNR5250315""","""CID5138041"""
1,"""CNR1647745""","""CID1045954"""
4,"""CNR4044644""","""CID5265877"""
1,"""CNR1693323""","""CID3893825"""
4,"""CNR4201157""","""CID9760707"""
4,"""CNR9932038""","""CID3038177"""
4,"""CNR4389356""","""CID2616761"""
4,"""CNR8532969""","""CID4820037"""
1,"""CNR3839884""","""CID4420796"""
1,"""CNR2177671""","""CID3044563"""
0,"""CNR3997598""","""CID3123351"""
4,"""CNR7146807""","""CID2175498"""
1,"""CNR3124891""","""CID7908859"""
4,"""CNR7031167""","""CID6950929"""
1,"""CNR7071463""","""CID2722427"""
1,"""CNR9076150""","""CID7594476"""
4,"""CNR5974366""","""CID5817615"""
1,"""CNR7885810""","""CID1547802"""
2,"""CNR1925055""","""CID3620653"""
0,"""CNR7450449""","""CID9720161"""
1,"""CNR3768435""","""CID6207882"""
4,"""CNR7757262""","""CID1252372"""
4,"""CNR7464260""","""CID9317903"""
1,"""CNR6849417""","""CID7480019"""
0,"""CNR6195635""","""CID7194979"""
1,"""CNR8619459""","""CID8045234"""
4,"""CNR2275192""","""CID1367301"""
2,"""CNR4177908""","""CID5837874"""
4,"""CNR1506085""","""CID5538447"""
4,"""CNR6792524""","""CID5432558"""
4,"""CNR5471412""","""CID2528342"""
1,"""CNR6747892""","""CID8768645"""
4,"""CNR3289832""","""CID1940746"""
4,"""CNR5297459""","""CID4033162"""
4,"""CNR3282809""","""CID7124167"""
1,"""CNR1426764""","""CID3875117"""
1,"""CNR8860843""","""CID8042191"""
1,"""CNR8418791""","""CID5999799"""
4,"""CNR9424179""","""CID9892360"""
4,"""CNR9916332""","""CID2393045"""
1,"""CNR9213278""","""CID7582618"""
1,"""CNR7660683""","""CID6043500"""
4,"""CNR1196201""","""CID3190966"""
1,"""CNR2896863""","""CID7710640"""
4,"""CNR1814672""","""CID4373480"""
4,"""CNR2669927""","""CID5657831"""
0,"""CNR2717064""","""CID3882055"""
4,"""CNR9147479""","""CID8384896"""
1,"""CNR2561231""","""CID6628508"""
1,"""CNR4807960""","""CID5853506"""
1,"""CNR3517640""","""CID8474003"""
4,"""CNR7355066""","""CID9361687"""
1,"""CNR6943614""","""CID4670374"""
1,"""CNR8289537""","""CID4154132"""
1,"""CNR3441720""","""CID2580465"""
4,"""CNR1535071""","""CID6982844"""
4,"""CNR6575201""","""CID6536846"""
4,"""CNR8469542""","""CID8742339"""
4,"""CNR6450755""","""CID6205935"""
4,"""CNR6319658""","""CID2140825"""
1,"""CNR9540241""","""CID3945760"""
1,"""CNR5581673""","""CID9583660"""
4,"""CNR6551552""","""CID9766797"""
1,"""CNR9354646""","""CID6435950"""
4,"""CNR7697582""","""CID4662556"""
1,"""CNR1721436""","""CID9096033"""
4,"""CNR3160717""","""CID8189494"""
4,"""CNR4260088""","""CID1456848"""
4,"""CNR2232843""","""CID3112636"""
4,"""CNR5624200""","""CID5442398"""
1,"""CNR9942903""","""CID5620178"""
0,"""CNR4455106""","""CID2945730"""
4,"""CNR2438592""","""CID7709557"""
4,"""CNR9749039""","""CID1078927"""
4,"""CNR3214793""","""CID8010532"""
4,"""CNR3152199""","""CID6107557"""
1,"""CNR4033570""","""CID9683816"""
0,"""CNR7031601""","""CID6792192"""
2,"""CNR8757132""","""CID5394155"""
1,"""CNR9409670""","""CID3659575"""
1,"""CNR9511777""","""CID7894827"""
1,"""CNR7551172""","""CID3341501"""
0,"""CNR1875364""","""CID2827182"""
4,"""CNR9037883""","""CID2216938"""
1,"""CNR3821134""","""CID1012455"""
1,"""CNR6078703""","""CID1330776"""
4,"""CNR6573892""","""CID5814568"""
0,"""CNR3321266""","""CID4268380"""
4,"""CNR5044760""","""CID1343060"""
1,"""CNR9868892""","""CID9360072"""
4,"""CNR7949601""","""CID6727255"""
4,"""CNR3524301""","""CID5060982"""
4,"""CNR5426822""","""CID1192242"""
4,"""CNR9616967""","""CID2510763"""
1,"""CNR6994168""","""CID7454719"""
1,"""CNR4368329""","""CID9253809"""
1,"""CNR6764022""","""CID2201683"""
1,"""CNR3185344""","""CID1079917"""
4,"""CNR4069564""","""CID8085363"""
1,"""CNR3339078""","""CID7725163"""
4,"""CNR6336186""","""CID7281936"""
0,"""CNR2989387""","""CID3186352"""
0,"""CNR6966711""","""CID8467151"""
1,"""CNR6321208""","""CID9812945"""
4,"""CNR4653940""","""CID7009868"""
4,"""CNR2116759""","""CID7023290"""
1,"""CNR9784359""","""CID2984560"""
4,"""CNR4762725""","""CID2203521"""
4,"""CNR5741022""","""CID7195410"""
1,"""CNR9335478""","""CID6087165"""
0,"""CNR6279875""","""CID4066557"""
1,"""CNR8572113""","""CID4601777"""
1,"""CNR5735922""","""CID1582897"""
4,"""CNR1470897""","""CID5742334"""
4,"""CNR6852518""","""CID9261788"""
0,"""CNR5228236""","""CID8705994"""
1,"""CNR2600708""","""CID9608437"""
1,"""CNR3974999""","""CID6129729"""
0,"""CNR7080399""","""CID8358718"""
4,"""CNR5626406""","""CID3586273"""
4,"""CNR5477333""","""CID7190641"""
1,"""CNR8146629""","""CID3852941"""
1,"""CNR1670352""","""CID4394783"""
4,"""CNR7881854""","""CID1928267"""
1,"""CNR3254069""","""CID5135689"""
0,"""CNR2455429""","""CID4779653"""
0,"""CNR6326467""","""CID9609509"""
1,"""CNR8563028""","""CID2650617"""
4,"""CNR5982959""","""CID1642906"""
1,"""CNR2727294""","""CID5127314"""
1,"""CNR6889653""","""CID9295345"""
1,"""CNR7275842""","""CID9604718"""
1,"""CNR5502328""","""CID1053919"""
4,"""CNR5107141""","""CID3032383"""
4,"""CNR4215469""","""CID1945021"""
4,"""CNR5727381""","""CID3877746"""
4,"""CNR8564427""","""CID8469694"""
4,"""CNR9559325""","""CID1350671"""
4,"""CNR9222722""","""CID9645310"""
4,"""CNR3578435""","""CID3325912"""
4,"""CNR2972035""","""CID7895600"""
4,"""CNR5180456""","""CID2600835"""
2,"""CNR5441506""","""CID4284247"""
4,"""CNR8860252""","""CID5223146"""
1,"""CNR9965546""","""CID9275073"""
1,"""CNR3119180""","""CID9057056"""
1,"""CNR2021852""","""CID6415699"""
0,"""CNR2876537""","""CID8165066"""
4,"""CNR7855473""","""CID9562348"""
4,"""CNR8417731""","""CID7030419"""
4,"""CNR5730743""","""CID7503586"""
4,"""CNR2317947""","""CID6643170"""
1,"""CNR8086681""","""CID3625367"""
0,"""CNR4620177""","""CID1972533"""
1,"""CNR8752731""","""CID3951759"""
1,"""CNR2360945""","""CID9990602"""
0,"""CNR5720243""","""CID9101927"""
4,"""CNR2489878""","""CID5274821"""
0,"""CNR5683957""","""CID2627338"""
4,"""CNR5871025""","""CID6248017"""
4,"""CNR9921504""","""CID9124238"""
4,"""CNR6484130""","""CID9960745"""
1,"""CNR6659490""","""CID5233459"""
0,"""CNR5702734""","""CID9569209"""
1,"""CNR7306333""","""CID4274877"""
0,"""CNR7761881""","""CID3128016"""
0,"""CNR9350612""","""CID3009290"""
1,"""CNR3998084""","""CID1462226"""
1,"""CNR8541081""","""CID9698941"""
4,"""CNR7371222""","""CID2348904"""
1,"""CNR6491703""","""CID6413784"""
1,"""CNR2351946""","""CID9257294"""
1,"""CNR8060734""","""CID4435594"""
1,"""CNR8074284""","""CID7118108"""
4,"""CNR2376577""","""CID2427670"""
4,"""CNR6621726""","""CID6514946"""
0,"""CNR3109426""","""CID9605526"""
0,"""CNR8774111""","""CID6051567"""
4,"""CNR8541980""","""CID1543934"""
1,"""CNR8119888""","""CID2248188"""
4,"""CNR8810420""","""CID7023037"""
1,"""CNR8752753""","""CID2960995"""
0,"""CNR4510395""","""CID7760825"""
4,"""CNR5974622""","""CID9487474"""
4,"""CNR1270281""","""CID7469905"""
4,"""CNR6518569""","""CID2799413"""
0,"""CNR2035213""","""CID2394503"""
4,"""CNR5061315""","""CID9502768"""
4,"""CNR9124800""","""CID8352551"""
0,"""CNR6251786""","""CID2224223"""
1,"""CNR7618721""","""CID3913347"""
0,"""CNR6828812""","""CID5708830"""
0,"""CNR9395587""","""CID9024474"""
4,"""CNR5957025""","""CID9043711"""
1,"""CNR3880175""","""CID8768382"""
1,"""CNR8564332""","""CID4943627"""
2,"""CNR9118161""","""CID2645926"""
4,"""CNR6783798""","""CID6257946"""
4,"""CNR2627574""","""CID9432436"""
1,"""CNR4832614""","""CID2175229"""
4,"""CNR9766523""","""CID4150455"""
4,"""CNR6455950""","""CID4439455"""
0,"""CNR5102971""","""CID3035921"""
4,"""CNR3160798""","""CID2847318"""
4,"""CNR5803523""","""CID7863673"""
0,"""CNR7071355""","""CID3448724"""
4,"""CNR1411721""","""CID9284572"""
4,"""CNR8272763""","""CID4504127"""
1,"""CNR2455009""","""CID3301142"""
1,"""CNR8241727""","""CID5595722"""
1,"""CNR1006477""","""CID6855447"""
1,"""CNR3240095""","""CID9332309"""
1,"""CNR1214792""","""CID6241551"""
1,"""CNR3427478""","""CID7487885"""
1,"""CNR2805464""","""CID8036632"""
1,"""CNR5207982""","""CID4160844"""
1,"""CNR7623464""","""CID5647655"""
0,"""CNR4922702""","""CID7192170"""
1,"""CNR4292047""","""CID6231624"""
4,"""CNR5692220""","""CID2743687"""
4,"""CNR6590547""","""CID4722209"""
4,"""CNR2685567""","""CID1535673"""
1,"""CNR4193267""","""CID9716886"""
4,"""CNR9724124""","""CID4214375"""
4,"""CNR7431533""","""CID1251520"""
0,"""CNR5816748""","""CID9600584"""
1,"""CNR7781969""","""CID9832487"""
1,"""CNR9126958""","""CID5644560"""
4,"""CNR4588580""","""CID8108656"""
1,"""CNR5145382""","""CID8971530"""
4,"""CNR4709143""","""CID6402474"""
1,"""CNR7584707""","""CID2909836"""
1,"""CNR9637775""","""CID7608043"""
4,"""CNR1812126""","""CID7774448"""
1,"""CNR2262960""","""CID5287796"""
0,"""CNR4729279""","""CID4894042"""
1,"""CNR4282641""","""CID2297088"""
2,"""CNR2627812""","""CID4403726"""
1,"""CNR8459550""","""CID1048824"""
1,"""CNR6460790""","""CID5229309"""
2,"""CNR8305589""","""CID9499227"""
1,"""CNR3304667""","""CID6604170"""
1,"""CNR1748830""","""CID2900464"""
4,"""CNR5429001""","""CID3635044"""
4,"""CNR8367606""","""CID3259306"""
4,"""CNR2878991""","""CID7504893"""
4,"""CNR9621413""","""CID4953899"""
1,"""CNR3759953""","""CID9466146"""
0,"""CNR4064110""","""CID3176211"""
1,"""CNR9534036""","""CID1824859"""
1,"""CNR7830045""","""CID4161466"""
4,"""CNR2071824""","""CID7318647"""
1,"""CNR7625478""","""CID9770121"""
1,"""CNR7675564""","""CID4704000"""
4,"""CNR1678967""","""CID9007889"""
1,"""CNR7403766""","""CID2156476"""
4,"""CNR7170518""","""CID3563647"""
1,"""CNR7855045""","""CID9987089"""
4,"""CNR6452407""","""CID5059308"""
4,"""CNR8282233""","""CID6701358"""
1,"""CNR7964853""","""CID4832855"""
4,"""CNR8890338""","""CID5898840"""
4,"""CNR7369910""","""CID9285023"""
0,"""CNR5915619""","""CID4383709"""
4,"""CNR3336898""","""CID4820780"""
4,"""CNR4827998""","""CID5732455"""
1,"""CNR6187358""","""CID8176616"""
4,"""CNR6496022""","""CID5425721"""
1,"""CNR5902754""","""CID9555651"""
4,"""CNR7419449""","""CID6588707"""
0,"""CNR7910717""","""CID9451534"""
1,"""CNR8345656""","""CID8705927"""
1,"""CNR1302122""","""CID8794111"""
1,"""CNR8011936""","""CID2491205"""
1,"""CNR9984070""","""CID1150355"""
4,"""CNR9035681""","""CID6848192"""
4,"""CNR7439461""","""CID8203484"""
4,"""CNR6897150""","""CID7410016"""
1,"""CNR5527618""","""CID9383512"""
1,"""CNR3004601""","""CID2295135"""
1,"""CNR1970238""","""CID1385007"""
4,"""CNR6081153""","""CID2123950"""
4,"""CNR2756004""","""CID6641329"""
1,"""CNR9345115""","""CID3185187"""
4,"""CNR3482651""","""CID2401675"""
0,"""CNR8873855""","""CID5215194"""
1,"""CNR7107124""","""CID3510110"""
1,"""CNR8010228""","""CID9852667"""
4,"""CNR9786483""","""CID6717195"""
4,"""CNR2476453""","""CID6938249"""
1,"""CNR7761462""","""CID8652503"""
