cluster,Booking ID,Customer ID
2,"""CNR7084849""","""CID5789841"""
2,"""CNR3159533""","""CID9810562"""
2,"""CNR4051549""","""CID9603664"""
2,"""CNR2248226""","""CID4255139"""
2,"""CNR8602446""","""CID2328492"""
2,"""CNR2561521""","""CID3709129"""
2,"""CNR1176276""","""CID9866805"""
2,"""CNR7733243""","""CID9648872"""
2,"""CNR2426571""","""CID7981656"""
2,"""CNR8284653""","""CID8822363"""
2,"""CNR7492154""","""CID5250942"""
2,"""CNR7399089""","""CID4851714"""
2,"""CNR4502021""","""CID1589558"""
2,"""CNR6664052""","""CID8718715"""
2,"""CNR6461402""","""CID6046779"""
2,"""CNR9693109""","""CID1959450"""
2,"""CNR9512364""","""CID1978444"""
2,"""CNR4675411""","""CID6184055"""
2,"""CNR7930149""","""CID1890931"""
2,"""CNR3203315""","""CID5528686"""
2,"""CNR2143313""","""CID7957552"""
2,"""CNR7708274""","""CID6808397"""
2,"""CNR7141164""","""CID1865705"""
2,"""CNR1754513""","""CID6741685"""
2,"""CNR1671313""","""CID3301576"""
2,"""CNR2007869""","""CID5633406"""
2,"""CNR9753024""","""CID8198556"""
2,"""CNR2245527""","""CID2024535"""
2,"""CNR7052278""","""CID9753475"""
2,"""CNR8370584""","""CID9284742"""
2,"""CNR1069520""","""CID3404698"""
2,"""CNR7675250""","""CID8546127"""
2,"""CNR8605682""","""CID9101268"""
2,"""CNR1493597""","""CID1993568"""
2,"""CNR3656053""","""CID1882858"""
2,"""CNR3071716""","""CID4995747"""
2,"""CNR6346329""","""CID3568871"""
2,"""CNR1623608""","""CID5629179"""
2,"""CNR7324289""","""CID8348020"""
2,"""CNR1213209""","""CID2975796"""
2,"""CNR4565851""","""CID2263382"""
2,"""CNR2204317""","""CID1318630"""
2,"""CNR6746752""","""CID1476368"""
2,"""CNR1237202""","""CID3932343"""
2,"""CNR8616833""","""CID2344321"""
2,"""CNR3903789""","""CID3333719"""
2,"""CNR3442899""","""CID2140931"""
2,"""CNR2617996""","""CID2390135"""
2,"""CNR9666035""","""CID6517150"""
2,"""CNR5947104""","""CID5910822"""
2,"""CNR9913132""","""CID5482137"""
2,"""CNR7015918""","""CID2838854"""
2,"""CNR4413575""","""CID7656386"""
2,"""CNR6826474""","""CID8885199"""
2,"""CNR5833632""","""CID7559630"""
2,"""CNR8113373""","""CID5042495"""
2,"""CNR2547329""","""CID6978740"""
2,"""CNR5202042""","""CID3118250"""
2,"""CNR3129642""","""CID5595153"""
2,"""CNR4261663""","""CID6751647"""
2,"""CNR5217431""","""CID2894118"""
2,"""CNR9927935""","""CID1864458"""
2,"""CNR2327616""","""CID7377755"""
2,"""CNR5563331""","""CID9962619"""
2,"""CNR2139424""","""CID8332049"""
2,"""CNR6086542""","""CID5619797"""
2,"""CNR7635779""","""CID7226292"""
2,"""CNR3240277""","""CID4942608"""
2,"""CNR9933110""","""CID2736878"""
2,"""CNR6849348""","""CID8024335"""
2,"""CNR6652834""","""CID1110427"""
2,"""CNR6168198""","""CID4298656"""
2,"""CNR7555199""","""CID5310889"""
2,"""CNR8048190""","""CID7264726"""
2,"""CNR3661360""","""CID4622535"""
2,"""CNR7690966""","""CID4310390"""
2,"""CNR2646605""","""CID2365885"""
2,"""CNR4759023""","""CID6125319"""
2,"""CNR6507520""","""CID2777705"""
2,"""CNR4664377""","""CID2374499"""
2,"""CNR2925013""","""CID4561148"""
2,"""CNR9930844""","""CID1141766"""
2,"""CNR2345185""","""CID3487599"""
2,"""CNR9169801""","""CID7946435"""
2,"""CNR6982304""","""CID5290982"""
2,"""CNR6147043""","""CID4035052"""
2,"""CNR3305760""","""CID5084730"""
2,"""CNR2505536""","""CID3245608"""
2,"""CNR2403680""","""CID6675903"""
2,"""CNR6296261""","""CID5634944"""
2,"""CNR6269995""","""CID8558374"""
2,"""CNR4298633""","""CID5176352"""
2,"""CNR5419852""","""CID5437093"""
2,"""CNR8377965""","""CID2505625"""
2,"""CNR1534683""","""CID7531712"""
2,"""CNR8252177""","""CID1224656"""
2,"""CNR8432339""","""CID6280957"""
2,"""CNR9204704""","""CID2618727"""
2,"""CNR3710346""","""CID6265787"""
2,"""CNR9195332""","""CID3897879"""
2,"""CNR8605350""","""CID4525470"""
2,"""CNR2061516""","""CID1483479"""
2,"""CNR1768292""","""CID1001483"""
2,"""CNR6361894""","""CID9760212"""
2,"""CNR1305225""","""CID4805502"""
2,"""CNR2297976""","""CID5062662"""
2,"""CNR5919811""","""CID8511326"""
2,"""CNR2692380""","""CID3114991"""
2,"""CNR5604386""","""CID6161530"""
2,"""CNR7598220""","""CID8360934"""
2,"""CNR7123122""","""CID6914388"""
2,"""CNR4856867""","""CID7695380"""
2,"""CNR4038965""","""CID6136112"""
2,"""CNR7253731""","""CID8819168"""
2,"""CNR4901693""","""CID9513820"""
2,"""CNR1592768""","""CID2793989"""
2,"""CNR4862788""","""CID5546673"""
2,"""CNR9189080""","""CID1415514"""
2,"""CNR1864471""","""CID6444428"""
2,"""CNR1282559""","""CID6904103"""
2,"""CNR2701591""","""CID8313307"""
2,"""CNR9204898""","""CID6396380"""
0,"""CNR7370180""","""CID9343438"""
2,"""CNR1022423""","""CID1664156"""
2,"""CNR8731308""","""CID8938372"""
2,"""CNR6008729""","""CID8950847"""
2,"""CNR3963479""","""CID9286219"""
2,"""CNR6528408""","""CID2821174"""
2,"""CNR9877201""","""CID6763536"""
2,"""CNR7616575""","""CID1098280"""
2,"""CNR1033867""","""CID5105418"""
2,"""CNR7335091""","""CID9251946"""
2,"""CNR8921443""","""CID8147214"""
2,"""CNR9373558""","""CID6756079"""
2,"""CNR1476461""","""CID6794117"""
2,"""CNR1767387""","""CID2679810"""
2,"""CNR1779176""","""CID8013057"""
2,"""CNR4482760""","""CID9274590"""
2,"""CNR2466170""","""CID8123013"""
2,"""CNR2919843""","""CID8078355"""
2,"""CNR9671407""","""CID2056237"""
2,"""CNR7849637""","""CID9323038"""
2,"""CNR9750168""","""CID7691557"""
2,"""CNR7763905""","""CID5382906"""
2,"""CNR1931760""","""CID3961051"""
2,"""CNR8749575""","""CID4306932"""
2,"""CNR6486099""","""CID7241478"""
2,"""CNR3021930""","""CID7261805"""
2,"""CNR9092830""","""CID3406131"""
2,"""CNR1135712""","""CID3750386"""
2,"""CNR4359332""","""CID9111440"""
2,"""CNR8238653""","""CID3394883"""
2,"""CNR8135715""","""CID8551569"""
2,"""CNR7179407""","""CID8476549"""
2,"""CNR1276433""","""CID1446881"""
2,"""CNR2442466""","""CID9911956"""
2,"""CNR5100227""","""CID2169753"""
2,"""CNR4571359""","""CID1547675"""
2,"""CNR3768180""","""CID9436459"""
2,"""CNR2630705""","""CID5793969"""
2,"""CNR1864548""","""CID7582468"""
2,"""CNR1139844""","""CID1834174"""
2,"""CNR2216098""","""CID7651129"""
2,"""CNR2021121""","""CID1073420"""
2,"""CNR8423861""","""CID5362405"""
2,"""CNR2259624""","""CID5257667"""
2,"""CNR7585544""","""CID8495428"""
2,"""CNR4001756""","""CID7623850"""
2,"""CNR2710811""","""CID8155653"""
2,"""CNR5159825""","""CID6011408"""
2,"""CNR4105185""","""CID8012394"""
2,"""CNR8243188""","""CID5428234"""
2,"""CNR4322215""","""CID8077123"""
2,"""CNR8029188""","""CID1837927"""
2,"""CNR4647057""","""CID8419804"""
2,"""CNR6411962""","""CID5229589"""
2,"""CNR2659686""","""CID3405089"""
2,"""CNR6434708""","""CID1635477"""
2,"""CNR2704132""","""CID4953637"""
2,"""CNR3900499""","""CID1444063"""
2,"""CNR4870064""","""CID8591474"""
2,"""CNR5446261""","""CID1891301"""
2,"""CNR2569208""","""CID8205696"""
2,"""CNR6638291""","""CID4849456"""
2,"""CNR6918176""","""CID5101659"""
2,"""CNR4448330""","""CID7610796"""
2,"""CNR2118165""","""CID4254404"""
2,"""CNR2669155""","""CID7029069"""
2,"""CNR8193204""","""CID1952520"""
2,"""CNR9796263""","""CID9275325"""
2,"""CNR8149098""","""CID2379320"""
2,"""CNR3895027""","""CID2568619"""
2,"""CNR7227886""","""CID4896126"""
2,"""CNR2999100""","""CID6731559"""
2,"""CNR1872455""","""CID6835881"""
2,"""CNR9998031""","""CID5101074"""
2,"""CNR8175713""","""CID4957210"""
2,"""CNR9272743""","""CID8331719"""
2,"""CNR7466097""","""CID2516956"""
2,"""CNR8728893""","""CID6181928"""
2,"""CNR4130548""","""CID2439845"""
2,"""CNR7688234""","""CID5929642"""
2,"""CNR9876018""","""CID2827783"""
2,"""CNR6290809""","""CID2681454"""
2,"""CNR2137964""","""CID2397360"""
2,"""CNR7318665""","""CID7780726"""
2,"""CNR6359491""","""CID6373211"""
2,"""CNR4633455""","""CID3854934"""
2,"""CNR8564490""","""CID7330559"""
2,"""CNR5966048""","""CID1071287"""
2,"""CNR6868757""","""CID6386977"""
2,"""CNR4701673""","""CID3176142"""
2,"""CNR4904892""","""CID5001944"""
2,"""CNR1478535""","""CID7566723"""
2,"""CNR6617782""","""CID6514525"""
2,"""CNR3925291""","""CID5040529"""
2,"""CNR7628947""","""CID6328334"""
2,"""CNR5650144""","""CID8077189"""
2,"""CNR6644905""","""CID7421680"""
2,"""CNR9945897""","""CID1980371"""
2,"""CNR2703992""","""CID4621899"""
2,"""CNR3455170""","""CID8469385"""
2,"""CNR5164080""","""CID6295186"""
2,"""CNR4875346""","""CID3999347"""
2,"""CNR9102449""","""CID4840181"""
2,"""CNR9595733""","""CID2041099"""
2,"""CNR2687167""","""CID3965512"""
2,"""CNR2405212""","""CID2173861"""
2,"""CNR6074168""","""CID3871871"""
2,"""CNR5787142""","""CID3410208"""
2,"""CNR8381383""","""CID8281576"""
2,"""CNR8222645""","""CID2461436"""
2,"""CNR5440257""","""CID9268360"""
2,"""CNR1648943""","""CID7953229"""
2,"""CNR7199099""","""CID8065216"""
2,"""CNR6793453""","""CID3337708"""
2,"""CNR9029290""","""CID2294598"""
2,"""CNR8893540""","""CID1143341"""
2,"""CNR6780223""","""CID9328490"""
2,"""CNR8458865""","""CID8235589"""
2,"""CNR7870841""","""CID6254322"""
2,"""CNR7941853""","""CID4857838"""
2,"""CNR2988117""","""CID9684621"""
2,"""CNR9511806""","""CID7924631"""
0,"""CNR7205280""","""CID2800168"""
2,"""CNR5478695""","""CID9234195"""
2,"""CNR2549561""","""CID6053965"""
2,"""CNR6186358""","""CID9659970"""
2,"""CNR1684395""","""CID6694530"""
2,"""CNR6902685""","""CID5603270"""
2,"""CNR3087015""","""CID1542683"""
2,"""CNR8636429""","""CID3845209"""
2,"""CNR6905810""","""CID3686679"""
2,"""CNR1023192""","""CID2835142"""
2,"""CNR5357436""","""CID1828860"""
2,"""CNR7607401""","""CID7492137"""
2,"""CNR5796400""","""CID3839968"""
2,"""CNR9426246""","""CID1208392"""
2,"""CNR2058020""","""CID8207175"""
2,"""CNR7357697""","""CID1182226"""
2,"""CNR9566660""","""CID4589732"""
2,"""CNR1975788""","""CID3397643"""
2,"""CNR3705029""","""CID8500340"""
2,"""CNR3773591""","""CID7006117"""
2,"""CNR6081746""","""CID9143764"""
2,"""CNR2568879""","""CID5153974"""
2,"""CNR5825487""","""CID8767770"""
2,"""CNR4738169""","""CID5572684"""
2,"""CNR8035550""","""CID3702868"""
2,"""CNR5899484""","""CID4176956"""
2,"""CNR3335234""","""CID2056569"""
2,"""CNR5239051""","""CID5084764"""
2,"""CNR8020591""","""CID7604349"""
2,"""CNR6395094""","""CID3917646"""
2,"""CNR7541770""","""CID2020498"""
2,"""CNR4327458""","""CID3250995"""
2,"""CNR6236282""","""CID5371517"""
2,"""CNR1124855""","""CID7801132"""
2,"""CNR9134240""","""CID9111987"""
2,"""CNR8203393""","""CID2260730"""
2,"""CNR4848846""","""CID8966462"""
2,"""CNR1823312""","""CID9678162"""
2,"""CNR5225316""","""CID9548127"""
2,"""CNR5545765""","""CID7425266"""
2,"""CNR3666165""","""CID2609339"""
2,"""CNR1110993""","""CID5063764"""
2,"""CNR1720202""","""CID2615656"""
2,"""CNR8540149""","""CID9348054"""
2,"""CNR8500383""","""CID7096694"""
2,"""CNR4317340""","""CID3317555"""
2,"""CNR7039753""","""CID9165676"""
2,"""CNR4225323""","""CID3580896"""
2,"""CNR5028017""","""CID2483945"""
2,"""CNR3945957""","""CID8818472"""
2,"""CNR1946680""","""CID8981083"""
2,"""CNR2624195""","""CID1181918"""
2,"""CNR2956328""","""CID4001564"""
2,"""CNR9535394""","""CID5087865"""
2,"""CNR1988070""","""CID8109664"""
2,"""CNR7825564""","""CID7932455"""
2,"""CNR5847500""","""CID2895435"""
2,"""CNR8703909""","""CID2074034"""
2,"""CNR9533374""","""CID7798740"""
2,"""CNR2708518""","""CID8217618"""
2,"""CNR3639588""","""CID5935443"""
2,"""CNR6180254""","""CID3510326"""
2,"""CNR7695479""","""CID3433057"""
2,"""CNR7321908""","""CID3989180"""
2,"""CNR3790121""","""CID3787863"""
2,"""CNR6953356""","""CID7552231"""
2,"""CNR7726913""","""CID2946920"""
2,"""CNR5817495""","""CID4306026"""
2,"""CNR3972583""","""CID6296796"""
2,"""CNR4565164""","""CID8125999"""
2,"""CNR1077115""","""CID3499100"""
2,"""CNR7814456""","""CID7927494"""
2,"""CNR8678697""","""CID2307449"""
2,"""CNR3262539""","""CID1198430"""
2,"""CNR4303762""","""CID7139652"""
2,"""CNR7220787""","""CID3370337"""
2,"""CNR3368841""","""CID8154455"""
2,"""CNR5601497""","""CID8390206"""
2,"""CNR8942470""","""CID4317528"""
2,"""CNR5759393""","""CID5593596"""
2,"""CNR8570199""","""CID2448720"""
2,"""CNR8618365""","""CID6484763"""
2,"""CNR5673644""","""CID9315305"""
2,"""CNR5118064""","""CID1778144"""
2,"""CNR9787340""","""CID2743521"""
2,"""CNR6054537""","""CID5331219"""
2,"""CNR6394993""","""CID3679643"""
2,"""CNR9650693""","""CID8284944"""
2,"""CNR5493961""","""CID1535132"""
2,"""CNR3573310""","""CID9291122"""
2,"""CNR3037583""","""CID1289334"""
2,"""CNR8178698""","""CID9242738"""
2,"""CNR2389284""","""CID4885955"""
2,"""CNR5429074""","""CID7813154"""
2,"""CNR7699736""","""CID2985843"""
2,"""CNR7834694""","""CID4410603"""
2,"""CNR5648171""","""CID2839155"""
2,"""CNR9097453""","""CID9324248"""
2,"""CNR7118235""","""CID9007645"""
2,"""CNR8506105""","""CID7273123"""
2,"""CNR6410243""","""CID9675847"""
2,"""CNR1641340""","""CID2890878"""
2,"""CNR5204369""","""CID8778275"""
2,"""CNR2533295""","""CID5204080"""
2,"""CNR7810662""","""CID2314185"""
2,"""CNR9589966""","""CID8609349"""
2,"""CNR1618368""","""CID6071373"""
2,"""CNR4621822""","""CID4323057"""
2,"""CNR6130749""","""CID8757598"""
2,"""CNR9947116""","""CID9029482"""
2,"""CNR9258942""","""CID9284191"""
2,"""CNR3815880""","""CID5040489"""
2,"""CNR7980280""","""CID8605199"""
2,"""CNR4142676""","""CID3331012"""
2,"""CNR5979949""","""CID9866688"""
2,"""CNR3264993""","""CID1248893"""
2,"""CNR8494093""","""CID3978394"""
2,"""CNR2597769""","""CID8498810"""
2,"""CNR1098773""","""CID6426424"""
2,"""CNR3236382""","""CID7878814"""
2,"""CNR5682546""","""CID2656686"""
2,"""CNR6310458""","""CID4798975"""
2,"""CNR1088928""","""CID2948211"""
2,"""CNR5539030""","""CID4653518"""
2,"""CNR5389104""","""CID5640983"""
2,"""CNR7967305""","""CID1063336"""
2,"""CNR9012223""","""CID8601315"""
2,"""CNR6574200""","""CID6124946"""
2,"""CNR3940208""","""CID8747799"""
2,"""CNR1541593""","""CID3059387"""
2,"""CNR2360946""","""CID6802514"""
2,"""CNR2125538""","""CID2088213"""
2,"""CNR8996404""","""CID3810562"""
2,"""CNR6741986""","""CID4485544"""
2,"""CNR6362257""","""CID7708945"""
2,"""CNR2462363""","""CID9837632"""
2,"""CNR6611325""","""CID7512726"""
2,"""CNR3665551""","""CID1114598"""
2,"""CNR1505318""","""CID3331878"""
2,"""CNR6045338""","""CID9017099"""
2,"""CNR5462764""","""CID3014176"""
2,"""CNR3524426""","""CID9519002"""
2,"""CNR2147316""","""CID7578800"""
2,"""CNR1837284""","""CID7517670"""
2,"""CNR6265477""","""CID5303394"""
2,"""CNR3395429""","""CID5764907"""
2,"""CNR6413464""","""CID4828850"""
2,"""CNR1442826""","""CID9522177"""
2,"""CNR9641317""","""CID4819125"""
2,"""CNR8335857""","""CID7891486"""
2,"""CNR8810152""","""CID9632830"""
2,"""CNR9240618""","""CID8642686"""
2,"""CNR3910357""","""CID4245329"""
2,"""CNR4472566""","""CID4215956"""
2,"""CNR2645087""","""CID7199890"""
2,"""CNR5094951""","""CID9347150"""
2,"""CNR3901670""","""CID4124366"""
2,"""CNR4282859""","""CID3624674"""
2,"""CNR7235451""","""CID9039964"""
2,"""CNR1935956""","""CID9140298"""
2,"""CNR1825469""","""CID6524643"""
2,"""CNR5156419""","""CID6891309"""
2,"""CNR6119059""","""CID7677722"""
2,"""CNR2480966""","""CID3687245"""
2,"""CNR6300576""","""CID2940648"""
2,"""CNR1765600""","""CID6826024"""
2,"""CNR6525563""","""CID5294876"""
2,"""CNR1644696""","""CID4869472"""
2,"""CNR2319202""","""CID4964085"""
2,"""CNR7833407""","""CID7220651"""
2,"""CNR2694270""","""CID7627517"""
2,"""CNR9491465""","""CID4031273"""
2,"""CNR5615391""","""CID5164886"""
2,"""CNR8822534""","""CID8067490"""
2,"""CNR7735706""","""CID2584346"""
2,"""CNR5377230""","""CID7586347"""
2,"""CNR9147455""","""CID8947665"""
2,"""CNR2094877""","""CID3393060"""
2,"""CNR8837526""","""CID1683622"""
2,"""CNR6049402""","""CID1156892"""
2,"""CNR6516737""","""CID3172128"""
2,"""CNR7764788""","""CID6233029"""
2,"""CNR4989373""","""CID6983289"""
2,"""CNR5327576""","""CID7938749"""
2,"""CNR7552660""","""CID3410214"""
2,"""CNR3945869""","""CID9508610"""
2,"""CNR5612665""","""CID7267370"""
2,"""CNR4742404""","""CID1245683"""
2,"""CNR7819278""","""CID1976769"""
2,"""CNR3509118""","""CID7003078"""
2,"""CNR5450278""","""CID1935656"""
2,"""CNR3641119""","""CID7390109"""
2,"""CNR5359712""","""CID4585932"""
2,"""CNR4725140""","""CID1680325"""
2,"""CNR4643179""","""CID7224268"""
2,"""CNR4039082""","""CID4226673"""
2,"""CNR5801587""","""CID7916613"""
2,"""CNR8424394""","""CID4883225"""
2,"""CNR6120970""","""CID4753574"""
2,"""CNR4779124""","""CID1117285"""
2,"""CNR3828192""","""CID9234646"""
2,"""CNR4027488""","""CID5948482"""
2,"""CNR6144288""","""CID1978239"""
2,"""CNR4885340""","""CID1373845"""
2,"""CNR9346332""","""CID2500249"""
2,"""CNR2086590""","""CID7995263"""
2,"""CNR8242722""","""CID5864472"""
2,"""CNR8504073""","""CID5163147"""
2,"""CNR5734279""","""CID8703053"""
2,"""CNR8118328""","""CID6832577"""
2,"""CNR6497030""","""CID9894017"""
2,"""CNR6666981""","""CID2396867"""
2,"""CNR8967293""","""CID4913491"""
2,"""CNR8109653""","""CID5177472"""
2,"""CNR7972489""","""CID7218116"""
2,"""CNR9076067""","""CID8913587"""
2,"""CNR3265097""","""CID7684005"""
2,"""CNR6906339""","""CID5742866"""
2,"""CNR6441717""","""CID1901354"""
0,"""CNR4566920""","""CID8206449"""
2,"""CNR3447507""","""CID3378660"""
2,"""CNR7467835""","""CID6312006"""
2,"""CNR8683713""","""CID7170123"""
2,"""CNR8102892""","""CID2239918"""
2,"""CNR4930693""","""CID6802459"""
2,"""CNR3866196""","""CID6468352"""
2,"""CNR3703384""","""CID8780774"""
2,"""CNR3506732""","""CID2334718"""
2,"""CNR5808945""","""CID7239754"""
2,"""CNR7522449""","""CID5086322"""
2,"""CNR6513582""","""CID7660379"""
2,"""CNR8888054""","""CID3254832"""
2,"""CNR1075939""","""CID2150071"""
2,"""CNR2680100""","""CID1264190"""
2,"""CNR2263292""","""CID6539335"""
2,"""CNR6540898""","""CID5120729"""
2,"""CNR3807910""","""CID4454822"""
2,"""CNR5535321""","""CID5224307"""
2,"""CNR4929450""","""CID3532910"""
2,"""CNR1954721""","""CID7927176"""
2,"""CNR6276452""","""CID4861367"""
2,"""CNR9911050""","""CID7994530"""
2,"""CNR7149045""","""CID2705725"""
2,"""CNR3126909""","""CID6430630"""
2,"""CNR4360697""","""CID8785050"""
2,"""CNR5484492""","""CID3908175"""
2,"""CNR8240434""","""CID4231872"""
2,"""CNR4991528""","""CID6901640"""
2,"""CNR3791304""","""CID9602517"""
2,"""CNR7098878""","""CID9693032"""
2,"""CNR1475806""","""CID1167393"""
2,"""CNR6778741""","""CID8734690"""
2,"""CNR6624332""","""CID9147920"""
2,"""CNR4234448""","""CID3549469"""
2,"""CNR4434626""","""CID4546478"""
2,"""CNR2521811""","""CID3703780"""
2,"""CNR6279693""","""CID2448535"""
2,"""CNR9039658""","""CID7833861"""
2,"""CNR5913497""","""CID3819357"""
2,"""CNR9828104""","""CID9543936"""
2,"""CNR3860341""","""CID8970523"""
2,"""CNR2179375""","""CID6825148"""
2,"""CNR8747084""","""CID3053896"""
2,"""CNR5757282""","""CID6497631"""
2,"""CNR4536890""","""CID9803969"""
2,"""CNR1690884""","""CID3102460"""
2,"""CNR9338822""","""CID7114164"""
2,"""CNR1366714""","""CID9431368"""
2,"""CNR4533254""","""CID6254297"""
2,"""CNR9449580""","""CID8943444"""
2,"""CNR3074215""","""CID5580350"""
2,"""CNR6030069""","""CID3722812"""
2,"""CNR2977841""","""CID4803953"""
2,"""CNR8144028""","""CID5769136"""
2,"""CNR4934885""","""CID9551626"""
2,"""CNR3454465""","""CID8274382"""
2,"""CNR8702340""","""CID2106226"""
2,"""CNR3558512""","""CID6495571"""
2,"""CNR6060270""","""CID7224616"""
2,"""CNR8663138""","""CID7741189"""
2,"""CNR6998331""","""CID1756891"""
2,"""CNR4344700""","""CID5679075"""
2,"""CNR7072605""","""CID3355984"""
2,"""CNR1900841""","""CID5039530"""
2,"""CNR1957889""","""CID4263815"""
2,"""CNR8821207""","""CID3889447"""
2,"""CNR7472259""","""CID8768157"""
2,"""CNR6890617""","""CID4707805"""
2,"""CNR2875015""","""CID8445194"""
2,"""CNR4191089""","""CID1467771"""
2,"""CNR7395189""","""CID2135817"""
2,"""CNR7660420""","""CID3067698"""
2,"""CNR6448292""","""CID9257677"""
2,"""CNR8548520""","""CID8613011"""
2,"""CNR1319145""","""CID3778183"""
2,"""CNR8981521""","""CID5741788"""
2,"""CNR1816328""","""CID2857521"""
2,"""CNR8801298""","""CID5468184"""
2,"""CNR9357554""","""CID7686783"""
2,"""CNR3674509""","""CID6191655"""
2,"""CNR6268430""","""CID9194397"""
2,"""CNR9076247""","""CID6670272"""
2,"""CNR3411085""","""CID9134307"""
2,"""CNR4234629""","""CID8257464"""
2,"""CNR1098846""","""CID8599673"""
2,"""CNR4970217""","""CID8467009"""
2,"""CNR3599372""","""CID2755208"""
2,"""CNR8004761""","""CID4443896"""
2,"""CNR3439493""","""CID2406713"""
2,"""CNR9440090""","""CID9161063"""
2,"""CNR4415202""","""CID3001816"""
2,"""CNR7543302""","""CID8998738"""
2,"""CNR4420134""","""CID6631988"""
2,"""CNR7623675""","""CID8225966"""
2,"""CNR7572320""","""CID6637990"""
2,"""CNR2736882""","""CID7426007"""
2,"""CNR3422410""","""CID7531811"""
2,"""CNR6032582""","""CID4995653"""
2,"""CNR1690076""","""CID5657166"""
2,"""CNR6670523""","""CID5690887"""
2,"""CNR7606196""","""CID7747821"""
2,"""CNR1550686""","""CID2844426"""
2,"""CNR6144667""","""CID8392422"""
2,"""CNR7227229""","""CID3307135"""
2,"""CNR7767546""","""CID9185372"""
2,"""CNR6080481""","""CID6811171"""
2,"""CNR4885389""","""CID1631221"""
2,"""CNR4171096""","""CID7191132"""
2,"""CNR6754528""","""CID3514609"""
0,"""CNR2091934""","""CID8820686"""
2,"""CNR4641499""","""CID8080234"""
2,"""CNR8589249""","""CID9330520"""
2,"""CNR5053916""","""CID4029003"""
2,"""CNR3152802""","""CID2035343"""
2,"""CNR5896221""","""CID4199358"""
2,"""CNR8875905""","""CID3500323"""
2,"""CNR8363501""","""CID6768109"""
2,"""CNR8438723""","""CID9521282"""
2,"""CNR6176550""","""CID9566827"""
2,"""CNR5798014""","""CID3000104"""
2,"""CNR3301438""","""CID7726767"""
2,"""CNR5260803""","""CID2184121"""
2,"""CNR6577532""","""CID2855991"""
2,"""CNR5568712""","""CID1277528"""
2,"""CNR7539249""","""CID7545424"""
2,"""CNR8917382""","""CID6413465"""
2,"""CNR9564876""","""CID5566018"""
2,"""CNR2552401""","""CID4430787"""
2,"""CNR3180212""","""CID3935823"""
2,"""CNR2251886""","""CID4011278"""
2,"""CNR4386337""","""CID7900238"""
2,"""CNR4768580""","""CID5416124"""
2,"""CNR7479905""","""CID5562685"""
2,"""CNR1759057""","""CID2800141"""
2,"""CNR3931103""","""CID3826295"""
2,"""CNR6764560""","""CID5583838"""
2,"""CNR5913670""","""CID1153895"""
2,"""CNR9032198""","""CID8728239"""
2,"""CNR3659049""","""CID3239232"""
2,"""CNR6874109""","""CID8932071"""
2,"""CNR5734488""","""CID4569408"""
2,"""CNR4043534""","""CID2692873"""
2,"""CNR6507293""","""CID9400174"""
2,"""CNR7445448""","""CID8419046"""
2,"""CNR4467494""","""CID3427181"""
2,"""CNR2751997""","""CID1163645"""
2,"""CNR2021494""","""CID1891606"""
2,"""CNR1419915""","""CID2102892"""
2,"""CNR4439471""","""CID7126293"""
2,"""CNR8306059""","""CID9281587"""
2,"""CNR9760467""","""CID9393920"""
2,"""CNR5346749""","""CID2562085"""
2,"""CNR3815507""","""CID6644284"""
2,"""CNR5200419""","""CID8059961"""
2,"""CNR3097312""","""CID5507413"""
2,"""CNR2786812""","""CID9003839"""
2,"""CNR1675236""","""CID7275829"""
2,"""CNR6070177""","""CID5877081"""
2,"""CNR1333419""","""CID8246146"""
2,"""CNR4023583""","""CID5432927"""
2,"""CNR4647531""","""CID5994194"""
2,"""CNR3569039""","""CID3829670"""
2,"""CNR3091395""","""CID8903645"""
2,"""CNR4531714""","""CID3403471"""
2,"""CNR2006082""","""CID3749106"""
2,"""CNR1455921""","""CID6183324"""
2,"""CNR4559687""","""CID8500267"""
2,"""CNR7681634""","""CID6236750"""
2,"""CNR3555470""","""CID4152231"""
2,"""CNR3910328""","""CID4866956"""
2,"""CNR3769770""","""CID3802549"""
2,"""CNR5884300""","""CID1982111"""
2,"""CNR5524872""","""CID9283300"""
2,"""CNR2018484""","""CID9940490"""
2,"""CNR9336241""","""CID9883980"""
2,"""CNR8102294""","""CID6295054"""
2,"""CNR6450714""","""CID1021011"""
2,"""CNR3613863""","""CID7173006"""
2,"""CNR8504551""","""CID8350538"""
2,"""CNR8288980""","""CID4866362"""
2,"""CNR8757419""","""CID9501180"""
2,"""CNR9835984""","""CID9964638"""
2,"""CNR9207475""","""CID2097506"""
2,"""CNR3824703""","""CID1157328"""
2,"""CNR1043629""","""CID4042071"""
2,"""CNR2620983""","""CID3704528"""
2,"""CNR5143688""","""CID5486950"""
2,"""CNR2203261""","""CID2622205"""
2,"""CNR3382205""","""CID7626408"""
2,"""CNR4128745""","""CID2268242"""
2,"""CNR2457373""","""CID6635223"""
2,"""CNR1274567""","""CID2927952"""
2,"""CNR8371339""","""CID4102118"""
2,"""CNR3244516""","""CID3907247"""
2,"""CNR1650857""","""CID2237204"""
2,"""CNR5586613""","""CID2297866"""
2,"""CNR3510637""","""CID5081595"""
2,"""CNR9287462""","""CID5366467"""
2,"""CNR3461136""","""CID3921196"""
2,"""CNR9113146""","""CID9078933"""
2,"""CNR9614830""","""CID4066152"""
2,"""CNR6291648""","""CID1030977"""
2,"""CNR2561044""","""CID9473369"""
2,"""CNR1640934""","""CID6709797"""
2,"""CNR9654195""","""CID9101932"""
2,"""CNR3183834""","""CID5540498"""
2,"""CNR2843224""","""CID4895520"""
2,"""CNR4586605""","""CID3802317"""
2,"""CNR6724544""","""CID8999095"""
2,"""CNR2644168""","""CID8248093"""
2,"""CNR9212215""","""CID4268270"""
2,"""CNR9996161""","""CID6780363"""
2,"""CNR6228513""","""CID1922977"""
2,"""CNR7505103""","""CID3722551"""
2,"""CNR1205020""","""CID9302265"""
2,"""CNR5668071""","""CID8876823"""
2,"""CNR5575240""","""CID5747664"""
2,"""CNR2631310""","""CID4355670"""
2,"""CNR6984276""","""CID2780009"""
2,"""CNR7261711""","""CID4024782"""
2,"""CNR6090663""","""CID2745467"""
2,"""CNR8020299""","""CID9228560"""
2,"""CNR8259364""","""CID1460975"""
2,"""CNR1329416""","""CID5513661"""
2,"""CNR4443916""","""CID3571173"""
2,"""CNR8332582""","""CID3921065"""
2,"""CNR3785448""","""CID8359295"""
2,"""CNR7864030""","""CID7381123"""
2,"""CNR5805171""","""CID3031509"""
2,"""CNR1698656""","""CID9929278"""
2,"""CNR1233910""","""CID8150729"""
2,"""CNR8849236""","""CID6634349"""
2,"""CNR7095484""","""CID4222294"""
2,"""CNR3926572""","""CID2582937"""
2,"""CNR3754281""","""CID3597368"""
2,"""CNR3051342""","""CID8000429"""
2,"""CNR2872793""","""CID7176805"""
2,"""CNR9646202""","""CID8693004"""
2,"""CNR6625386""","""CID6557303"""
2,"""CNR3727809""","""CID6068810"""
2,"""CNR7698842""","""CID2379965"""
2,"""CNR4485479""","""CID4206415"""
2,"""CNR7176398""","""CID5898776"""
2,"""CNR5803312""","""CID1343866"""
2,"""CNR8894404""","""CID5254074"""
2,"""CNR9269400""","""CID8985394"""
2,"""CNR6667818""","""CID5310150"""
2,"""CNR7243795""","""CID2774929"""
2,"""CNR8985984""","""CID9475423"""
2,"""CNR4259273""","""CID1105915"""
2,"""CNR1669669""","""CID6167474"""
2,"""CNR4966687""","""CID2141482"""
2,"""CNR8171342""","""CID4970507"""
2,"""CNR4422543""","""CID7023082"""
2,"""CNR8452999""","""CID3008084"""
2,"""CNR8345872""","""CID1845059"""
2,"""CNR4850955""","""CID9784134"""
2,"""CNR9285556""","""CID1279142"""
2,"""CNR7620987""","""CID8957287"""
2,"""CNR6234694""","""CID9502424"""
2,"""CNR6845848""","""CID7798440"""
2,"""CNR3912199""","""CID3367894"""
2,"""CNR6670427""","""CID9109144"""
2,"""CNR2437786""","""CID7105263"""
2,"""CNR7886717""","""CID6150249"""
2,"""CNR4094809""","""CID7520317"""
2,"""CNR6209456""","""CID4544006"""
2,"""CNR6519747""","""CID6609516"""
2,"""CNR9382063""","""CID1444073"""
2,"""CNR7770101""","""CID5590985"""
2,"""CNR8441796""","""CID3989943"""
2,"""CNR8785485""","""CID5941918"""
2,"""CNR2326472""","""CID9890077"""
2,"""CNR2582657""","""CID6087132"""
2,"""CNR3856011""","""CID7953953"""
2,"""CNR3259429""","""CID4151940"""
2,"""CNR8623821""","""CID1249047"""
2,"""CNR3074653""","""CID2085557"""
2,"""CNR1435581""","""CID1856576"""
2,"""CNR2404786""","""CID2171231"""
2,"""CNR8236917""","""CID6734914"""
2,"""CNR8719199""","""CID1768708"""
2,"""CNR3400953""","""CID6868858"""
2,"""CNR7820267""","""CID6612794"""
2,"""CNR4717203""","""CID4019303"""
2,"""CNR9597071""","""CID1756794"""
2,"""CNR3810403""","""CID6294000"""
2,"""CNR8936506""","""CID7949471"""
2,"""CNR8412026""","""CID5298699"""
2,"""CNR3460675""","""CID5897118"""
2,"""CNR5123572""","""CID3165635"""
2,"""CNR8684529""","""CID5819813"""
2,"""CNR4731350""","""CID4774514"""
2,"""CNR4263145""","""CID1637776"""
2,"""CNR1681727""","""CID7686785"""
2,"""CNR4734546""","""CID6433255"""
2,"""CNR8978766""","""CID1616894"""
2,"""CNR8128887""","""CID7148513"""
2,"""CNR9464299""","""CID7573164"""
2,"""CNR7666548""","""CID8699741"""
2,"""CNR9554609""","""CID6148862"""
2,"""CNR4239952""","""CID3309768"""
2,"""CNR6144382""","""CID8986996"""
2,"""CNR8149382""","""CID5860628"""
2,"""CNR1922938""","""CID1996806"""
2,"""CNR7949187""","""CID3495689"""
2,"""CNR8031635""","""CID6545583"""
2,"""CNR5393264""","""CID6057557"""
2,"""CNR4262353""","""CID8935449"""
2,"""CNR8207305""","""CID4519185"""
2,"""CNR1355695""","""CID3790327"""
2,"""CNR6983919""","""CID6649661"""
2,"""CNR1025581""","""CID2217174"""
2,"""CNR7294075""","""CID6392882"""
2,"""CNR9019302""","""CID4835583"""
2,"""CNR1523025""","""CID7193429"""
2,"""CNR2394299""","""CID3838872"""
2,"""CNR7828638""","""CID4942456"""
2,"""CNR1463411""","""CID3737961"""
2,"""CNR5152189""","""CID1695486"""
2,"""CNR7112404""","""CID8077257"""
2,"""CNR3668715""","""CID1954690"""
2,"""CNR7646108""","""CID3529013"""
2,"""CNR6859456""","""CID8895827"""
2,"""CNR7073067""","""CID8100293"""
2,"""CNR8471962""","""CID8507268"""
2,"""CNR8568095""","""CID3817742"""
2,"""CNR2450915""","""CID4648119"""
2,"""CNR3046149""","""CID4835579"""
2,"""CNR9620225""","""CID2836204"""
2,"""CNR1507712""","""CID1555318"""
2,"""CNR7920717""","""CID6141959"""
2,"""CNR4877363""","""CID1241813"""
2,"""CNR8715415""","""CID5147458"""
2,"""CNR6121216""","""CID9186831"""
2,"""CNR5895447""","""CID7566228"""
2,"""CNR6162531""","""CID9374318"""
2,"""CNR3891153""","""CID9192569"""
2,"""CNR2126291""","""CID1813219"""
2,"""CNR2979643""","""CID4729204"""
2,"""CNR1214635""","""CID2336342"""
2,"""CNR1214454""","""CID2394000"""
2,"""CNR4624308""","""CID8205008"""
2,"""CNR2111591""","""CID5976544"""
2,"""CNR1838707""","""CID8068031"""
2,"""CNR7532540""","""CID3717198"""
2,"""CNR2186400""","""CID1946827"""
2,"""CNR7397678""","""CID9449994"""
2,"""CNR2508052""","""CID1436983"""
2,"""CNR8919248""","""CID3022653"""
2,"""CNR8750522""","""CID4788434"""
2,"""CNR4778039""","""CID7252641"""
2,"""CNR5427234""","""CID2559270"""
2,"""CNR5332366""","""CID4901464"""
2,"""CNR9060810""","""CID8146259"""
2,"""CNR7985458""","""CID7453445"""
2,"""CNR4595379""","""CID4869810"""
2,"""CNR9490950""","""CID8183998"""
2,"""CNR8961395""","""CID2427752"""
2,"""CNR4484077""","""CID9627946"""
2,"""CNR6685461""","""CID8432690"""
2,"""CNR7533811""","""CID7522217"""
2,"""CNR5826232""","""CID2520634"""
2,"""CNR3373453""","""CID1815891"""
2,"""CNR1089416""","""CID7833216"""
2,"""CNR8895227""","""CID4761030"""
2,"""CNR4442870""","""CID1243195"""
2,"""CNR8667200""","""CID6891411"""
2,"""CNR2949480""","""CID8056131"""
2,"""CNR8588017""","""CID4756804"""
2,"""CNR7217354""","""CID3416098"""
2,"""CNR8923461""","""CID7333120"""
2,"""CNR2891556""","""CID4444205"""
2,"""CNR4861514""","""CID8558961"""
2,"""CNR7578909""","""CID9278611"""
2,"""CNR1426254""","""CID3088389"""
2,"""CNR6444364""","""CID8262635"""
2,"""CNR3645451""","""CID6395669"""
2,"""CNR2913516""","""CID3961356"""
2,"""CNR1296153""","""CID9802790"""
2,"""CNR2678522""","""CID2154213"""
2,"""CNR1145258""","""CID3725567"""
2,"""CNR5239305""","""CID4086550"""
2,"""CNR4034820""","""CID1320088"""
2,"""CNR6614861""","""CID7984529"""
2,"""CNR3204386""","""CID4303069"""
2,"""CNR9595864""","""CID2191666"""
2,"""CNR3161249""","""CID3277672"""
2,"""CNR8995713""","""CID6069209"""
2,"""CNR8334137""","""CID5768270"""
2,"""CNR8641923""","""CID2643495"""
2,"""CNR4649321""","""CID6158323"""
2,"""CNR2464244""","""CID6021389"""
2,"""CNR6927704""","""CID3764519"""
2,"""CNR8402528""","""CID3832961"""
2,"""CNR3550622""","""CID6121989"""
2,"""CNR8904363""","""CID2819763"""
2,"""CNR4700638""","""CID6566619"""
2,"""CNR7747546""","""CID4448401"""
2,"""CNR2733471""","""CID1760306"""
2,"""CNR6413974""","""CID1108968"""
2,"""CNR1138152""","""CID4882075"""
2,"""CNR4821729""","""CID2126403"""
2,"""CNR1024426""","""CID8491144"""
2,"""CNR9725248""","""CID6706207"""
2,"""CNR2975344""","""CID2519118"""
2,"""CNR3524390""","""CID9130283"""
2,"""CNR1067466""","""CID9598591"""
2,"""CNR2567176""","""CID6312640"""
2,"""CNR4351096""","""CID1325245"""
2,"""CNR1276498""","""CID1734291"""
2,"""CNR8725894""","""CID4210841"""
2,"""CNR5582050""","""CID3675758"""
2,"""CNR5389070""","""CID2291584"""
2,"""CNR4399633""","""CID4845632"""
2,"""CNR7358228""","""CID5320344"""
2,"""CNR6373666""","""CID9693379"""
2,"""CNR3598377""","""CID2570119"""
2,"""CNR4359805""","""CID7015602"""
2,"""CNR2441475""","""CID4902087"""
2,"""CNR3049537""","""CID7113635"""
2,"""CNR7344632""","""CID6267777"""
2,"""CNR5649545""","""CID9896318"""
2,"""CNR6308183""","""CID7934713"""
2,"""CNR8157697""","""CID6091986"""
2,"""CNR1714213""","""CID4259204"""
2,"""CNR6549256""","""CID5575900"""
2,"""CNR2699312""","""CID1267308"""
2,"""CNR9533802""","""CID7700205"""
2,"""CNR3744360""","""CID7234724"""
2,"""CNR2958019""","""CID1800492"""
2,"""CNR8303751""","""CID1468805"""
2,"""CNR7595635""","""CID8664517"""
2,"""CNR2475156""","""CID5362619"""
2,"""CNR6898942""","""CID6947738"""
2,"""CNR9157908""","""CID4827563"""
2,"""CNR1992899""","""CID3096880"""
2,"""CNR1173410""","""CID5988457"""
2,"""CNR5504209""","""CID1736508"""
2,"""CNR7079328""","""CID7561967"""
2,"""CNR5384199""","""CID3715763"""
2,"""CNR1217258""","""CID2786128"""
2,"""CNR7900178""","""CID3005443"""
2,"""CNR9743677""","""CID4784024"""
2,"""CNR8691870""","""CID8897870"""
2,"""CNR9193181""","""CID2069054"""
2,"""CNR2499856""","""CID7593885"""
2,"""CNR2827160""","""CID5227579"""
2,"""CNR5754389""","""CID7597469"""
2,"""CNR1767147""","""CID4397195"""
2,"""CNR2045650""","""CID1553016"""
2,"""CNR6346377""","""CID2765955"""
2,"""CNR1446170""","""CID1821019"""
2,"""CNR4319631""","""CID1995570"""
2,"""CNR7656672""","""CID3625200"""
2,"""CNR6119867""","""CID9054121"""
2,"""CNR7252395""","""CID4968073"""
2,"""CNR6086446""","""CID9635529"""
2,"""CNR9953874""","""CID7851656"""
2,"""CNR2642194""","""CID9352770"""
2,"""CNR3867723""","""CID7094149"""
2,"""CNR4179244""","""CID1851025"""
2,"""CNR7023777""","""CID5513229"""
2,"""CNR9111461""","""CID6321842"""
2,"""CNR2336566""","""CID1293059"""
2,"""CNR6136112""","""CID2023919"""
2,"""CNR2281830""","""CID4313700"""
2,"""CNR5950848""","""CID6089643"""
2,"""CNR6335322""","""CID3557530"""
2,"""CNR8800607""","""CID6358430"""
2,"""CNR3366193""","""CID3928023"""
2,"""CNR4752520""","""CID6007492"""
2,"""CNR1593465""","""CID6465169"""
2,"""CNR5402959""","""CID9870891"""
2,"""CNR3631147""","""CID3185085"""
2,"""CNR6282683""","""CID8027438"""
2,"""CNR9867170""","""CID2848688"""
2,"""CNR2584493""","""CID2827018"""
2,"""CNR8948331""","""CID5428664"""
2,"""CNR4650989""","""CID7672746"""
2,"""CNR5897573""","""CID4663465"""
2,"""CNR3078929""","""CID9823270"""
2,"""CNR7025478""","""CID3569939"""
2,"""CNR2032345""","""CID4957109"""
2,"""CNR3565471""","""CID4321227"""
2,"""CNR9789299""","""CID5857963"""
2,"""CNR3683275""","""CID4725405"""
2,"""CNR4946041""","""CID5208286"""
2,"""CNR6824160""","""CID9495212"""
2,"""CNR5285449""","""CID6692084"""
2,"""CNR7006607""","""CID8015243"""
2,"""CNR9905111""","""CID5566586"""
2,"""CNR4057975""","""CID6194068"""
2,"""CNR5251489""","""CID3907848"""
2,"""CNR3268509""","""CID9539158"""
2,"""CNR7475415""","""CID8006453"""
2,"""CNR7995509""","""CID2798995"""
2,"""CNR6465219""","""CID4877198"""
2,"""CNR2015161""","""CID5915837"""
2,"""CNR1160663""","""CID8612551"""
2,"""CNR3829338""","""CID2200317"""
2,"""CNR3302855""","""CID1813449"""
2,"""CNR4363143""","""CID7456668"""
2,"""CNR2243976""","""CID6398206"""
0,"""CNR2474760""","""CID8759018"""
2,"""CNR8412946""","""CID7723858"""
2,"""CNR3451753""","""CID9564562"""
2,"""CNR2910962""","""CID2923785"""
2,"""CNR6093594""","""CID5914169"""
2,"""CNR6586893""","""CID3197873"""
2,"""CNR4386610""","""CID6647595"""
2,"""CNR3303847""","""CID7640482"""
2,"""CNR6667867""","""CID1138268"""
2,"""CNR7566040""","""CID3042065"""
2,"""CNR5204972""","""CID1235087"""
2,"""CNR3264121""","""CID8646034"""
2,"""CNR7560923""","""CID4754796"""
2,"""CNR7342328""","""CID8491091"""
2,"""CNR4485175""","""CID4361986"""
2,"""CNR7685945""","""CID5012778"""
2,"""CNR2216324""","""CID4128187"""
2,"""CNR8578026""","""CID5881234"""
2,"""CNR1138019""","""CID2540487"""
2,"""CNR3599657""","""CID9200268"""
2,"""CNR9520800""","""CID2673979"""
2,"""CNR8929081""","""CID8690509"""
2,"""CNR8679762""","""CID3166656"""
2,"""CNR7267173""","""CID3556320"""
2,"""CNR2108306""","""CID2616499"""
2,"""CNR2040816""","""CID9561394"""
2,"""CNR3206200""","""CID1328890"""
2,"""CNR8120088""","""CID6675852"""
2,"""CNR8634419""","""CID9194884"""
2,"""CNR7458476""","""CID8446313"""
2,"""CNR4741322""","""CID3165193"""
2,"""CNR4337847""","""CID7941263"""
2,"""CNR3579353""","""CID2762824"""
2,"""CNR9078832""","""CID3317929"""
2,"""CNR3798127""","""CID1730100"""
2,"""CNR6177242""","""CID1123536"""
2,"""CNR6316011""","""CID5795556"""
2,"""CNR2519799""","""CID8472282"""
2,"""CNR8853470""","""CID7660147"""
2,"""CNR1279175""","""CID3428600"""
2,"""CNR6753537""","""CID6510198"""
2,"""CNR8112677""","""CID6073599"""
2,"""CNR2357964""","""CID3110950"""
2,"""CNR8023355""","""CID2270087"""
2,"""CNR5004503""","""CID2915794"""
2,"""CNR8699497""","""CID6314855"""
2,"""CNR3823845""","""CID3174947"""
2,"""CNR3780049""","""CID6996610"""
2,"""CNR3654474""","""CID6892676"""
2,"""CNR9175614""","""CID9921869"""
2,"""CNR8525981""","""CID8104346"""
2,"""CNR5754779""","""CID1030590"""
2,"""CNR2806943""","""CID7550481"""
2,"""CNR6828444""","""CID5898149"""
2,"""CNR9351281""","""CID6986962"""
2,"""CNR2401524""","""CID1597357"""
2,"""CNR4937473""","""CID8509447"""
2,"""CNR2323700""","""CID8548972"""
2,"""CNR3433812""","""CID6359137"""
2,"""CNR6257839""","""CID8299429"""
2,"""CNR2701389""","""CID1629239"""
2,"""CNR7706128""","""CID8168783"""
2,"""CNR4044202""","""CID4180636"""
2,"""CNR4157287""","""CID2990485"""
2,"""CNR3511442""","""CID4825674"""
2,"""CNR8327298""","""CID1983676"""
2,"""CNR6812220""","""CID1496182"""
2,"""CNR2860804""","""CID7117070"""
2,"""CNR3444678""","""CID3503864"""
2,"""CNR3108730""","""CID5328529"""
2,"""CNR2508371""","""CID1149488"""
2,"""CNR3887343""","""CID7559577"""
2,"""CNR8026419""","""CID8891125"""
2,"""CNR8315100""","""CID7318896"""
2,"""CNR9040600""","""CID1235973"""
2,"""CNR3310750""","""CID6988845"""
2,"""CNR6473272""","""CID4294427"""
2,"""CNR8027820""","""CID3027284"""
2,"""CNR2486935""","""CID4083048"""
2,"""CNR4762968""","""CID2395660"""
2,"""CNR3693430""","""CID2388064"""
2,"""CNR6242410""","""CID5490636"""
2,"""CNR8192000""","""CID4298224"""
2,"""CNR2798925""","""CID3765916"""
2,"""CNR6121566""","""CID4236479"""
2,"""CNR4289682""","""CID3693780"""
2,"""CNR5747138""","""CID9314728"""
2,"""CNR6571324""","""CID5197596"""
2,"""CNR8362274""","""CID8283815"""
2,"""CNR1713737""","""CID5849743"""
2,"""CNR3198155""","""CID1735803"""
2,"""CNR5303349""","""CID5380738"""
2,"""CNR4971513""","""CID3308898"""
2,"""CNR3805459""","""CID7891482"""
2,"""CNR6634450""","""CID8889563"""
2,"""CNR9637395""","""CID3090865"""
2,"""CNR2156151""","""CID3207158"""
2,"""CNR8812688""","""CID5915363"""
2,"""CNR4166833""","""CID3981463"""
2,"""CNR5151868""","""CID2140552"""
2,"""CNR2745884""","""CID9047848"""
2,"""CNR6134520""","""CID4630869"""
2,"""CNR6555781""","""CID3631857"""
0,"""CNR1088596""","""CID6183440"""
0,"""CNR8784704""","""CID8793915"""
1,"""CNR1572665""","""CID3288984"""
0,"""CNR7103968""","""CID1413514"""
0,"""CNR8142325""","""CID3339358"""
0,"""CNR2440635""","""CID2638351"""
0,"""CNR2460387""","""CID4936784"""
0,"""CNR4528515""","""CID3639491"""
0,"""CNR2592489""","""CID9174337"""
1,"""CNR7786727""","""CID4897048"""
1,"""CNR3962792""","""CID2066066"""
0,"""CNR3870446""","""CID5068166"""
0,"""CNR2824531""","""CID5558939"""
0,"""CNR3459175""","""CID3090915"""
0,"""CNR9124136""","""CID4728585"""
1,"""CNR3243611""","""CID7454184"""
0,"""CNR1949640""","""CID6275909"""
0,"""CNR9055024""","""CID3859966"""
0,"""CNR4274705""","""CID6432259"""
0,"""CNR6990236""","""CID7155587"""
0,"""CNR7637152""","""CID4924028"""
0,"""CNR4447407""","""CID2620462"""
0,"""CNR3361230""","""CID4038326"""
0,"""CNR3986499""","""CID1171185"""
0,"""CNR6094680""","""CID3367045"""
1,"""CNR3628331""","""CID9951045"""
1,"""CNR8803311""","""CID3401888"""
0,"""CNR7818739""","""CID8207857"""
0,"""CNR7298228""","""CID2618855"""
0,"""CNR9142070""","""CID3764066"""
0,"""CNR3660309""","""CID9684695"""
0,"""CNR4334021""","""CID4950498"""
0,"""CNR9528035""","""CID2105399"""
0,"""CNR3026766""","""CID1624225"""
0,"""CNR8934394""","""CID6036854"""
0,"""CNR6511916""","""CID4110233"""
0,"""CNR9270001""","""CID2293647"""
0,"""CNR8223316""","""CID4308261"""
1,"""CNR9660208""","""CID7805433"""
0,"""CNR5469710""","""CID1862194"""
0,"""CNR5578381""","""CID2129852"""
0,"""CNR3462568""","""CID2260394"""
1,"""CNR8413471""","""CID6002347"""
0,"""CNR5189948""","""CID5294143"""
0,"""CNR2321782""","""CID4376902"""
0,"""CNR5856853""","""CID3380430"""
0,"""CNR8209429""","""CID8192606"""
0,"""CNR8306376""","""CID1708870"""
1,"""CNR3355014""","""CID2785898"""
0,"""CNR1465137""","""CID6400757"""
0,"""CNR5676171""","""CID3356195"""
1,"""CNR7887953""","""CID4917787"""
0,"""CNR4454038""","""CID2839946"""
1,"""CNR6892174""","""CID7829485"""
0,"""CNR9131578""","""CID9335332"""
0,"""CNR4051076""","""CID1538231"""
0,"""CNR4876020""","""CID1640509"""
0,"""CNR6837185""","""CID8846206"""
1,"""CNR1441645""","""CID2710757"""
1,"""CNR9115901""","""CID9793980"""
1,"""CNR4023990""","""CID1073668"""
0,"""CNR8901327""","""CID8162091"""
0,"""CNR6887931""","""CID7808061"""
0,"""CNR7843611""","""CID4929213"""
1,"""CNR4089658""","""CID4919008"""
0,"""CNR1105002""","""CID2720516"""
1,"""CNR1729421""","""CID7451067"""
0,"""CNR9529416""","""CID6952167"""
1,"""CNR8603110""","""CID6341620"""
1,"""CNR4600582""","""CID4276039"""
0,"""CNR9214234""","""CID1206260"""
1,"""CNR6432588""","""CID3796527"""
1,"""CNR7983676""","""CID3428234"""
0,"""CNR5682861""","""CID7864945"""
1,"""CNR8911280""","""CID9566318"""
0,"""CNR9288693""","""CID7819153"""
0,"""CNR2787207""","""CID1304520"""
0,"""CNR1389176""","""CID8509490"""
0,"""CNR9960216""","""CID9767282"""
0,"""CNR5271476""","""CID7580258"""
0,"""CNR7330155""","""CID1290015"""
1,"""CNR5608820""","""CID6888012"""
1,"""CNR3381100""","""CID3994447"""
0,"""CNR2815198""","""CID6972363"""
0,"""CNR7707722""","""CID8115011"""
0,"""CNR6926036""","""CID2035113"""
0,"""CNR8613841""","""CID8731267"""
0,"""CNR3955042""","""CID2250109"""
0,"""CNR3108270""","""CID6834127"""
1,"""CNR2808383""","""CID4593238"""
0,"""CNR3698744""","""CID9147873"""
0,"""CNR2776205""","""CID7937734"""
0,"""CNR7245961""","""CID9131123"""
0,"""CNR7384924""","""CID1232737"""
1,"""CNR9647654""","""CID9090571"""
0,"""CNR3261249""","""CID1484199"""
1,"""CNR1019081""","""CID2141116"""
0,"""CNR3293068""","""CID5778584"""
0,"""CNR3851710""","""CID5703853"""
0,"""CNR3925663""","""CID6419958"""
1,"""CNR6616266""","""CID5557962"""
0,"""CNR7425226""","""CID5448953"""
1,"""CNR7915997""","""CID8875432"""
0,"""CNR1216298""","""CID4358152"""
1,"""CNR7592138""","""CID8697996"""
0,"""CNR4861847""","""CID5263381"""
0,"""CNR4879039""","""CID7113177"""
0,"""CNR5038505""","""CID7885665"""
1,"""CNR7691758""","""CID6939159"""
0,"""CNR8144025""","""CID1299059"""
0,"""CNR5387012""","""CID4845452"""
0,"""CNR2897472""","""CID7421635"""
0,"""CNR2555737""","""CID6243856"""
0,"""CNR3170540""","""CID4509518"""
0,"""CNR3297357""","""CID8393138"""
0,"""CNR6202750""","""CID6041408"""
0,"""CNR5217116""","""CID1712670"""
0,"""CNR2071558""","""CID1500104"""
1,"""CNR3248711""","""CID6452398"""
1,"""CNR6232268""","""CID4444830"""
0,"""CNR2736205""","""CID5950944"""
0,"""CNR7298674""","""CID3981928"""
1,"""CNR6387502""","""CID7016693"""
0,"""CNR3079712""","""CID9503318"""
1,"""CNR3923433""","""CID5966657"""
0,"""CNR2741587""","""CID8656962"""
0,"""CNR9356031""","""CID7913138"""
0,"""CNR6774876""","""CID6688807"""
0,"""CNR5274984""","""CID2818173"""
1,"""CNR5946997""","""CID1279554"""
0,"""CNR6879947""","""CID5477782"""
0,"""CNR2784039""","""CID7509633"""
0,"""CNR5853974""","""CID2046251"""
1,"""CNR4507286""","""CID4666916"""
0,"""CNR1485832""","""CID7038369"""
0,"""CNR3274827""","""CID3134967"""
0,"""CNR7992269""","""CID1500529"""
0,"""CNR5271048""","""CID5907852"""
0,"""CNR6606659""","""CID2323902"""
0,"""CNR9501354""","""CID6214888"""
0,"""CNR1352198""","""CID5994682"""
0,"""CNR6700157""","""CID8051185"""
0,"""CNR8547155""","""CID7132872"""
0,"""CNR4631765""","""CID6718615"""
0,"""CNR3413301""","""CID9404332"""
0,"""CNR6179214""","""CID2253285"""
1,"""CNR4020468""","""CID9772375"""
0,"""CNR3757463""","""CID7660699"""
0,"""CNR2107444""","""CID4444666"""
0,"""CNR4730820""","""CID7569408"""
1,"""CNR3012810""","""CID5010969"""
1,"""CNR8921853""","""CID1618288"""
1,"""CNR9828692""","""CID9500103"""
0,"""CNR7719031""","""CID4366374"""
0,"""CNR5838157""","""CID3267020"""
1,"""CNR8094559""","""CID3722462"""
0,"""CNR3963262""","""CID2150302"""
0,"""CNR5911540""","""CID5548423"""
0,"""CNR5934882""","""CID8091173"""
0,"""CNR2940383""","""CID6554937"""
0,"""CNR3574826""","""CID6032229"""
1,"""CNR7535039""","""CID4295503"""
0,"""CNR7108863""","""CID3975242"""
0,"""CNR6999369""","""CID8397091"""
0,"""CNR6244423""","""CID6019521"""
0,"""CNR6734735""","""CID4457547"""
0,"""CNR7455348""","""CID5190423"""
0,"""CNR1156575""","""CID2410602"""
0,"""CNR9863024""","""CID8080802"""
0,"""CNR5560657""","""CID8269553"""
1,"""CNR6951068""","""CID7452580"""
1,"""CNR1002809""","""CID8789516"""
0,"""CNR1636845""","""CID9221314"""
0,"""CNR4176855""","""CID3319355"""
1,"""CNR6518909""","""CID6672189"""
0,"""CNR6751569""","""CID6514023"""
1,"""CNR6599199""","""CID1192765"""
1,"""CNR1058423""","""CID7853241"""
0,"""CNR8023116""","""CID2912674"""
0,"""CNR1835305""","""CID8118191"""
0,"""CNR4726713""","""CID5346564"""
1,"""CNR2699917""","""CID4492576"""
0,"""CNR3312633""","""CID4588718"""
1,"""CNR2254777""","""CID8348762"""
1,"""CNR7384426""","""CID7764542"""
0,"""CNR7765052""","""CID1684667"""
0,"""CNR7151146""","""CID2291476"""
0,"""CNR1521309""","""CID7653533"""
0,"""CNR1766886""","""CID1673547"""
1,"""CNR8318310""","""CID1138976"""
0,"""CNR2303700""","""CID4806534"""
0,"""CNR4714901""","""CID5026736"""
0,"""CNR7363737""","""CID2074157"""
0,"""CNR4245322""","""CID6055245"""
1,"""CNR9908707""","""CID2818183"""
0,"""CNR5397611""","""CID3812436"""
1,"""CNR3068181""","""CID5993041"""
1,"""CNR6444075""","""CID5249009"""
0,"""CNR6576981""","""CID8050218"""
0,"""CNR6364937""","""CID4807783"""
1,"""CNR9259494""","""CID7745076"""
1,"""CNR5151583""","""CID5424352"""
1,"""CNR4152487""","""CID3708624"""
1,"""CNR7688570""","""CID6972090"""
0,"""CNR7235564""","""CID9848585"""
1,"""CNR9720337""","""CID2620870"""
0,"""CNR1142472""","""CID8006300"""
0,"""CNR9425231""","""CID2443405"""
1,"""CNR8637309""","""CID3589824"""
0,"""CNR5699812""","""CID6675717"""
0,"""CNR5737805""","""CID7001840"""
0,"""CNR3495701""","""CID6510775"""
0,"""CNR4476320""","""CID5956276"""
0,"""CNR2425757""","""CID7486831"""
0,"""CNR2897623""","""CID6720999"""
0,"""CNR8124332""","""CID7012594"""
0,"""CNR1270715""","""CID2144800"""
0,"""CNR7767280""","""CID2795407"""
0,"""CNR4465841""","""CID7032338"""
1,"""CNR9825412""","""CID1766264"""
0,"""CNR9497835""","""CID9086561"""
0,"""CNR8372103""","""CID2258805"""
0,"""CNR3575042""","""CID5191770"""
0,"""CNR2438435""","""CID7928240"""
0,"""CNR4584446""","""CID3906913"""
0,"""CNR1755347""","""CID4173455"""
0,"""CNR9616024""","""CID8372502"""
1,"""CNR1722921""","""CID3816648"""
1,"""CNR8976574""","""CID3311439"""
1,"""CNR5671397""","""CID1870321"""
0,"""CNR9215137""","""CID9226972"""
0,"""CNR1818170""","""CID6377056"""
1,"""CNR4094090""","""CID8678947"""
1,"""CNR5550581""","""CID4448773"""
0,"""CNR8314470""","""CID9169793"""
0,"""CNR2342923""","""CID4143111"""
0,"""CNR3409169""","""CID2352592"""
0,"""CNR2655099""","""CID2788594"""
0,"""CNR3128805""","""CID5930638"""
1,"""CNR1240219""","""CID7192821"""
0,"""CNR1713004""","""CID9983721"""
0,"""CNR1585045""","""CID6775907"""
0,"""CNR3474793""","""CID8529744"""
0,"""CNR5125893""","""CID4513597"""
0,"""CNR7114743""","""CID1280079"""
0,"""CNR9408828""","""CID9774871"""
1,"""CNR1775880""","""CID5694506"""
1,"""CNR1238972""","""CID6015364"""
1,"""CNR6689839""","""CID4876578"""
0,"""CNR9793847""","""CID6953685"""
0,"""CNR9245550""","""CID1012737"""
0,"""CNR7859563""","""CID1417193"""
0,"""CNR5412232""","""CID4079886"""
0,"""CNR3109997""","""CID1133923"""
0,"""CNR6611967""","""CID2189227"""
1,"""CNR9861029""","""CID3775655"""
0,"""CNR2900910""","""CID4976637"""
0,"""CNR2416396""","""CID7958522"""
0,"""CNR9543971""","""CID8030791"""
1,"""CNR8029704""","""CID9643642"""
0,"""CNR1671298""","""CID4701344"""
0,"""CNR8232445""","""CID7670786"""
0,"""CNR9292911""","""CID9345616"""
1,"""CNR3737856""","""CID4935415"""
1,"""CNR2174058""","""CID1827260"""
0,"""CNR7596726""","""CID2108068"""
0,"""CNR6427360""","""CID4705375"""
0,"""CNR4642054""","""CID9979915"""
1,"""CNR2677168""","""CID6163425"""
1,"""CNR1762477""","""CID5500981"""
1,"""CNR9550152""","""CID4417979"""
0,"""CNR1536080""","""CID6940014"""
0,"""CNR9711431""","""CID9036325"""
1,"""CNR7369900""","""CID2347608"""
1,"""CNR1053666""","""CID2356912"""
0,"""CNR7702183""","""CID6052280"""
0,"""CNR2329470""","""CID6487716"""
0,"""CNR6722660""","""CID3364344"""
0,"""CNR2614051""","""CID4231728"""
0,"""CNR2244188""","""CID3106747"""
0,"""CNR2609182""","""CID8748277"""
1,"""CNR4019220""","""CID5965319"""
0,"""CNR7442222""","""CID7218400"""
1,"""CNR1337133""","""CID8939614"""
1,"""CNR9002847""","""CID2849068"""
0,"""CNR3196542""","""CID3630077"""
0,"""CNR4864875""","""CID3043364"""
0,"""CNR1227683""","""CID1049774"""
1,"""CNR4514190""","""CID1260211"""
0,"""CNR5139804""","""CID4633274"""
0,"""CNR3633376""","""CID7686880"""
0,"""CNR8900724""","""CID5584729"""
0,"""CNR5156354""","""CID6329251"""
0,"""CNR9629922""","""CID1787434"""
1,"""CNR2408767""","""CID4411297"""
0,"""CNR8341789""","""CID6742766"""
1,"""CNR6203599""","""CID3310907"""
1,"""CNR8312394""","""CID7806128"""
1,"""CNR6477826""","""CID4746370"""
1,"""CNR9082482""","""CID4898869"""
0,"""CNR5011311""","""CID9417529"""
1,"""CNR1183933""","""CID9903849"""
0,"""CNR8575584""","""CID9559957"""
1,"""CNR8022478""","""CID7391668"""
0,"""CNR5794302""","""CID8537081"""
0,"""CNR7120025""","""CID3453489"""
0,"""CNR8952549""","""CID3956015"""
0,"""CNR2975675""","""CID7454899"""
0,"""CNR1678823""","""CID6683103"""
0,"""CNR2797757""","""CID7534956"""
1,"""CNR1217106""","""CID4895032"""
0,"""CNR2073656""","""CID4331066"""
0,"""CNR8725097""","""CID8867232"""
0,"""CNR3401309""","""CID9816241"""
0,"""CNR8338036""","""CID3561329"""
0,"""CNR2459756""","""CID8864544"""
0,"""CNR4002866""","""CID6078591"""
0,"""CNR9840568""","""CID9287162"""
0,"""CNR6466215""","""CID5951875"""
0,"""CNR4255148""","""CID4264935"""
0,"""CNR6502091""","""CID5852784"""
0,"""CNR9232215""","""CID2877392"""
0,"""CNR6744226""","""CID3162813"""
0,"""CNR5896039""","""CID5946514"""
1,"""CNR6389637""","""CID5338114"""
0,"""CNR4603528""","""CID4395336"""
0,"""CNR5429882""","""CID1761655"""
0,"""CNR5340535""","""CID1267284"""
0,"""CNR8937752""","""CID6216661"""
0,"""CNR7046490""","""CID4161104"""
0,"""CNR4098998""","""CID3758884"""
0,"""CNR6426868""","""CID2963454"""
0,"""CNR7135496""","""CID3258722"""
0,"""CNR9971983""","""CID2851358"""
0,"""CNR5327332""","""CID6930505"""
0,"""CNR3550359""","""CID4844277"""
1,"""CNR2226463""","""CID4215568"""
0,"""CNR4328669""","""CID2788022"""
0,"""CNR9398710""","""CID2463496"""
0,"""CNR5386362""","""CID2032792"""
1,"""CNR5207138""","""CID6827597"""
0,"""CNR6589116""","""CID1086140"""
0,"""CNR1917093""","""CID4246728"""
1,"""CNR4953597""","""CID6590427"""
0,"""CNR2004179""","""CID7985406"""
1,"""CNR2355624""","""CID7852091"""
1,"""CNR5579896""","""CID1675266"""
0,"""CNR6085498""","""CID2890943"""
0,"""CNR4856846""","""CID4281186"""
1,"""CNR6872176""","""CID8856135"""
0,"""CNR8799602""","""CID8311569"""
1,"""CNR1426039""","""CID5383322"""
0,"""CNR6311195""","""CID1812728"""
0,"""CNR8152154""","""CID4031168"""
0,"""CNR3418133""","""CID5749400"""
0,"""CNR2090608""","""CID6403434"""
0,"""CNR8530461""","""CID6991006"""
0,"""CNR5777703""","""CID4435490"""
0,"""CNR6337265""","""CID8023163"""
1,"""CNR8440296""","""CID3244557"""
1,"""CNR4630205""","""CID6096719"""
1,"""CNR5317144""","""CID3294503"""
0,"""CNR7898555""","""CID4430771"""
0,"""CNR3234558""","""CID5550316"""
1,"""CNR6630736""","""CID5627583"""
0,"""CNR8431778""","""CID7419209"""
0,"""CNR3909725""","""CID9030299"""
1,"""CNR2599086""","""CID1508794"""
0,"""CNR8668998""","""CID4710084"""
1,"""CNR1124541""","""CID8304414"""
0,"""CNR7885768""","""CID1703076"""
0,"""CNR5502195""","""CID1900164"""
1,"""CNR9866547""","""CID4722234"""
0,"""CNR6828696""","""CID4754216"""
1,"""CNR5096344""","""CID1626061"""
1,"""CNR5981694""","""CID6695421"""
1,"""CNR3461973""","""CID4730672"""
0,"""CNR1704026""","""CID9125981"""
0,"""CNR1088300""","""CID8111683"""
0,"""CNR9690943""","""CID7924957"""
1,"""CNR8378880""","""CID2767515"""
0,"""CNR5158853""","""CID3453583"""
1,"""CNR4985283""","""CID7717606"""
0,"""CNR7957526""","""CID2554026"""
0,"""CNR8742001""","""CID9173745"""
1,"""CNR9219529""","""CID3721853"""
1,"""CNR4138817""","""CID7272014"""
0,"""CNR4447523""","""CID9969239"""
1,"""CNR4268914""","""CID7069061"""
0,"""CNR1542952""","""CID1398969"""
0,"""CNR8616505""","""CID6205165"""
0,"""CNR3483598""","""CID9731803"""
0,"""CNR8688764""","""CID4351162"""
0,"""CNR6744535""","""CID1817087"""
0,"""CNR8586672""","""CID5267680"""
0,"""CNR7350666""","""CID1297144"""
0,"""CNR5261473""","""CID4270246"""
0,"""CNR2521950""","""CID6702451"""
0,"""CNR3300822""","""CID7464516"""
0,"""CNR5906520""","""CID3072859"""
1,"""CNR2335563""","""CID7967566"""
1,"""CNR1342517""","""CID4045614"""
1,"""CNR1962179""","""CID5739536"""
0,"""CNR3115910""","""CID7358478"""
0,"""CNR8201954""","""CID9451840"""
0,"""CNR5179323""","""CID7622684"""
0,"""CNR7251428""","""CID5180825"""
0,"""CNR9371837""","""CID1373467"""
0,"""CNR3726378""","""CID1089857"""
0,"""CNR4427644""","""CID5817598"""
0,"""CNR4748372""","""CID8517921"""
0,"""CNR5150920""","""CID1478608"""
1,"""CNR8869179""","""CID2888315"""
0,"""CNR7374776""","""CID4852768"""
0,"""CNR3796433""","""CID5152624"""
0,"""CNR8650631""","""CID2955756"""
1,"""CNR8832982""","""CID4829929"""
1,"""CNR6579717""","""CID9917238"""
0,"""CNR9149063""","""CID2247608"""
0,"""CNR1177545""","""CID9583741"""
1,"""CNR1171391""","""CID7727805"""
0,"""CNR6471849""","""CID5600805"""
0,"""CNR2332355""","""CID6164080"""
0,"""CNR1832922""","""CID5218157"""
0,"""CNR7185278""","""CID2997598"""
1,"""CNR7448086""","""CID3938137"""
0,"""CNR7034386""","""CID4453965"""
0,"""CNR7079900""","""CID3294192"""
0,"""CNR3831280""","""CID9854945"""
0,"""CNR8874837""","""CID2727430"""
0,"""CNR6788663""","""CID1186872"""
1,"""CNR4030368""","""CID3536503"""
0,"""CNR5700502""","""CID7943981"""
0,"""CNR1772242""","""CID5654275"""
0,"""CNR2452062""","""CID5390327"""
0,"""CNR6287336""","""CID7951749"""
0,"""CNR2109962""","""CID6496195"""
0,"""CNR1116344""","""CID3257311"""
1,"""CNR9556957""","""CID3075106"""
0,"""CNR7251645""","""CID7815735"""
1,"""CNR7730730""","""CID2118683"""
0,"""CNR5821055""","""CID3517091"""
0,"""CNR4239306""","""CID4060173"""
0,"""CNR2760859""","""CID4597080"""
0,"""CNR8293702""","""CID9448511"""
1,"""CNR6136095""","""CID2355890"""
0,"""CNR8697942""","""CID7208722"""
1,"""CNR3962701""","""CID6906490"""
0,"""CNR2052291""","""CID6172574"""
1,"""CNR3286834""","""CID4403281"""
0,"""CNR4798570""","""CID2421348"""
0,"""CNR2910954""","""CID9333233"""
0,"""CNR9780232""","""CID3061889"""
0,"""CNR4242308""","""CID3168169"""
0,"""CNR8271685""","""CID8455142"""
0,"""CNR2512267""","""CID1271157"""
0,"""CNR8184895""","""CID5901703"""
0,"""CNR2812245""","""CID2560987"""
1,"""CNR2013929""","""CID7262651"""
0,"""CNR1636966""","""CID9191884"""
0,"""CNR1749528""","""CID7495113"""
0,"""CNR1600509""","""CID7282176"""
0,"""CNR6482987""","""CID6817798"""
1,"""CNR2785904""","""CID3482483"""
0,"""CNR3401055""","""CID6051917"""
0,"""CNR3609695""","""CID9627107"""
1,"""CNR4400898""","""CID5602533"""
0,"""CNR4922982""","""CID6559773"""
1,"""CNR8595774""","""CID1439096"""
1,"""CNR1367491""","""CID2513155"""
0,"""CNR8630405""","""CID9460157"""
1,"""CNR2148051""","""CID6908774"""
1,"""CNR6208428""","""CID2739864"""
0,"""CNR1017281""","""CID6458889"""
0,"""CNR2416368""","""CID4825164"""
0,"""CNR6375887""","""CID7281424"""
0,"""CNR6311731""","""CID3856463"""
1,"""CNR9807511""","""CID8765641"""
0,"""CNR1466364""","""CID1925309"""
1,"""CNR7077595""","""CID4749417"""
0,"""CNR9451552""","""CID3043355"""
1,"""CNR3051492""","""CID2590280"""
0,"""CNR6203630""","""CID7988466"""
0,"""CNR1904091""","""CID4912396"""
0,"""CNR1701324""","""CID4862402"""
0,"""CNR9405027""","""CID1817509"""
0,"""CNR4953954""","""CID7381457"""
0,"""CNR4803888""","""CID2086778"""
0,"""CNR8930993""","""CID3875333"""
0,"""CNR9965151""","""CID3237945"""
1,"""CNR2107840""","""CID9105035"""
0,"""CNR2987984""","""CID8929700"""
0,"""CNR7522494""","""CID7562642"""
0,"""CNR2147256""","""CID1567948"""
1,"""CNR7986548""","""CID8180938"""
0,"""CNR9728045""","""CID2084247"""
1,"""CNR9517679""","""CID2099476"""
1,"""CNR8735891""","""CID2531094"""
1,"""CNR7227852""","""CID6344032"""
0,"""CNR8507960""","""CID9391222"""
1,"""CNR7881284""","""CID5712393"""
0,"""CNR4936120""","""CID3342233"""
1,"""CNR3555034""","""CID5711560"""
0,"""CNR9196632""","""CID9270681"""
0,"""CNR4024879""","""CID5887625"""
0,"""CNR1581882""","""CID7598405"""
0,"""CNR6784919""","""CID4301350"""
0,"""CNR4565866""","""CID5267594"""
0,"""CNR8989512""","""CID2420717"""
1,"""CNR5362491""","""CID5808276"""
0,"""CNR7587199""","""CID5480707"""
0,"""CNR4295605""","""CID7600702"""
0,"""CNR3250811""","""CID1114787"""
1,"""CNR8938495""","""CID4202616"""
1,"""CNR2617574""","""CID5373137"""
0,"""CNR3940623""","""CID6325469"""
0,"""CNR6498990""","""CID8539635"""
0,"""CNR6982009""","""CID1341190"""
1,"""CNR4788462""","""CID4046399"""
1,"""CNR2774503""","""CID6569513"""
1,"""CNR3516185""","""CID4917065"""
0,"""CNR3203280""","""CID8297252"""
0,"""CNR4237073""","""CID5114564"""
1,"""CNR3735805""","""CID4377558"""
0,"""CNR8648408""","""CID4854010"""
0,"""CNR1591774""","""CID8821135"""
0,"""CNR6467196""","""CID3222698"""
0,"""CNR6330973""","""CID7614907"""
0,"""CNR2372733""","""CID8597231"""
0,"""CNR4226916""","""CID4326184"""
0,"""CNR4459830""","""CID6076625"""
0,"""CNR2413144""","""CID5138627"""
0,"""CNR8791454""","""CID8259906"""
1,"""CNR3585069""","""CID6347113"""
0,"""CNR2583255""","""CID6013914"""
1,"""CNR2143920""","""CID8243249"""
1,"""CNR3015800""","""CID2179996"""
0,"""CNR8738130""","""CID2377968"""
1,"""CNR9845672""","""CID8359852"""
1,"""CNR7822872""","""CID8659643"""
0,"""CNR5800604""","""CID5105894"""
0,"""CNR1276424""","""CID6196257"""
1,"""CNR6838463""","""CID3332776"""
1,"""CNR9394489""","""CID5223976"""
0,"""CNR2749779""","""CID7134182"""
1,"""CNR7667279""","""CID7715571"""
1,"""CNR7385662""","""CID2538529"""
0,"""CNR9809215""","""CID8804950"""
0,"""CNR3802272""","""CID5062145"""
0,"""CNR8956142""","""CID4060530"""
0,"""CNR1411069""","""CID4012606"""
1,"""CNR4374938""","""CID6260372"""
0,"""CNR5553466""","""CID5282437"""
0,"""CNR3780091""","""CID6804972"""
1,"""CNR4987684""","""CID6523901"""
1,"""CNR1712877""","""CID8535481"""
0,"""CNR9394367""","""CID7704708"""
1,"""CNR3980815""","""CID2763220"""
1,"""CNR8994162""","""CID5541026"""
0,"""CNR9199195""","""CID2307404"""
0,"""CNR9237281""","""CID6710164"""
0,"""CNR8469605""","""CID6711030"""
0,"""CNR1416557""","""CID8924114"""
1,"""CNR2930214""","""CID9355510"""
0,"""CNR1234706""","""CID9130885"""
0,"""CNR3835109""","""CID1598328"""
0,"""CNR4579691""","""CID4940719"""
0,"""CNR8208358""","""CID1749629"""
1,"""CNR6038588""","""CID8495996"""
1,"""CNR1419471""","""CID5772521"""
0,"""CNR2547547""","""CID7143580"""
0,"""CNR4822810""","""CID7699116"""
0,"""CNR8777844""","""CID4954101"""
0,"""CNR4492964""","""CID7388162"""
0,"""CNR1162946""","""CID8503507"""
0,"""CNR7890628""","""CID5279376"""
0,"""CNR8887247""","""CID3552634"""
1,"""CNR2591004""","""CID4872878"""
0,"""CNR1157792""","""CID9050153"""
1,"""CNR6296554""","""CID2421685"""
0,"""CNR6588020""","""CID4320269"""
0,"""CNR6154918""","""CID9550740"""
0,"""CNR6655856""","""CID3218552"""
0,"""CNR5184339""","""CID4686626"""
1,"""CNR5051824""","""CID5494609"""
0,"""CNR6894766""","""CID4349279"""
1,"""CNR4117951""","""CID6284560"""
0,"""CNR1381849""","""CID5705925"""
1,"""CNR5532833""","""CID6388762"""
1,"""CNR7538066""","""CID5449192"""
1,"""CNR6384722""","""CID2795522"""
0,"""CNR2300826""","""CID6554152"""
0,"""CNR3873047""","""CID8520685"""
0,"""CNR5162925""","""CID2152450"""
0,"""CNR3593762""","""CID3705360"""
0,"""CNR9468696""","""CID9725771"""
0,"""CNR7225862""","""CID4409834"""
0,"""CNR8125244""","""CID2250073"""
1,"""CNR4592479""","""CID4020353"""
0,"""CNR6523855""","""CID9020388"""
0,"""CNR2510961""","""CID6348171"""
0,"""CNR7895521""","""CID5240671"""
1,"""CNR8161631""","""CID5296336"""
1,"""CNR4500280""","""CID7002200"""
1,"""CNR1573968""","""CID9179059"""
0,"""CNR2557575""","""CID5697886"""
0,"""CNR8106248""","""CID4514304"""
0,"""CNR8460720""","""CID8775453"""
0,"""CNR6700728""","""CID6522610"""
0,"""CNR3721901""","""CID2194318"""
1,"""CNR8777432""","""CID4690683"""
0,"""CNR9926908""","""CID5625945"""
1,"""CNR4504678""","""CID2150526"""
0,"""CNR4173963""","""CID3002315"""
1,"""CNR4683385""","""CID5634737"""
1,"""CNR6958172""","""CID2073264"""
0,"""CNR8436423""","""CID3686595"""
0,"""CNR1429732""","""CID5262733"""
0,"""CNR2115741""","""CID2220861"""
0,"""CNR3514194""","""CID8038372"""
0,"""CNR7606257""","""CID8157032"""
0,"""CNR7310488""","""CID9089156"""
0,"""CNR7240875""","""CID7813742"""
1,"""CNR4262606""","""CID7491765"""
1,"""CNR8722547""","""CID7349188"""
1,"""CNR1784621""","""CID5596294"""
0,"""CNR9715130""","""CID1328710"""
0,"""CNR9679988""","""CID5713142"""
0,"""CNR2774804""","""CID7166469"""
0,"""CNR6680744""","""CID4548936"""
0,"""CNR3996980""","""CID8011514"""
0,"""CNR9692554""","""CID6281192"""
0,"""CNR1248630""","""CID2854359"""
1,"""CNR7486229""","""CID6713032"""
0,"""CNR4517837""","""CID6663080"""
0,"""CNR6666691""","""CID6047457"""
1,"""CNR6561916""","""CID5658591"""
0,"""CNR9644881""","""CID5548554"""
0,"""CNR4567820""","""CID5419547"""
0,"""CNR4597600""","""CID4848762"""
0,"""CNR5861111""","""CID4686644"""
0,"""CNR5879277""","""CID9602160"""
0,"""CNR2654662""","""CID3017079"""
0,"""CNR7483601""","""CID1973844"""
0,"""CNR9687698""","""CID1427450"""
0,"""CNR6946501""","""CID6239509"""
0,"""CNR9500477""","""CID8593861"""
0,"""CNR8558606""","""CID8291909"""
1,"""CNR3196798""","""CID1138598"""
0,"""CNR5090868""","""CID4401715"""
0,"""CNR8324894""","""CID6431466"""
1,"""CNR7831531""","""CID4389660"""
0,"""CNR7819444""","""CID8565781"""
0,"""CNR8982010""","""CID1991289"""
0,"""CNR3304171""","""CID9113571"""
0,"""CNR6028973""","""CID7625998"""
0,"""CNR7074823""","""CID6856387"""
0,"""CNR1603246""","""CID4979768"""
1,"""CNR1139169""","""CID5565119"""
0,"""CNR7896805""","""CID6757101"""
1,"""CNR2536915""","""CID3899432"""
0,"""CNR1437837""","""CID6832146"""
1,"""CNR1369280""","""CID7592688"""
1,"""CNR8121581""","""CID4920407"""
0,"""CNR6445090""","""CID1446656"""
0,"""CNR7115802""","""CID7856591"""
0,"""CNR3540804""","""CID7990908"""
0,"""CNR9325370""","""CID2865719"""
0,"""CNR7576485""","""CID9689838"""
0,"""CNR6223229""","""CID4154154"""
1,"""CNR5929513""","""CID6625762"""
0,"""CNR9157232""","""CID9156870"""
0,"""CNR5819807""","""CID6700383"""
1,"""CNR7096170""","""CID6518960"""
0,"""CNR7297264""","""CID6901149"""
0,"""CNR9718557""","""CID7956726"""
1,"""CNR1435152""","""CID3268335"""
1,"""CNR8854282""","""CID9394248"""
0,"""CNR8689510""","""CID6498561"""
0,"""CNR6168931""","""CID6704031"""
0,"""CNR4989363""","""CID9850526"""
0,"""CNR6548707""","""CID3570069"""
0,"""CNR5294872""","""CID3130996"""
1,"""CNR2279170""","""CID8260355"""
0,"""CNR8856316""","""CID8244373"""
0,"""CNR5630541""","""CID8660137"""
1,"""CNR5939664""","""CID1952219"""
1,"""CNR6701710""","""CID6392606"""
0,"""CNR6024118""","""CID6469994"""
1,"""CNR4887478""","""CID6686658"""
0,"""CNR3953724""","""CID2151947"""
0,"""CNR6561675""","""CID4709340"""
0,"""CNR5640678""","""CID6918335"""
0,"""CNR3187597""","""CID5968687"""
0,"""CNR6529318""","""CID6053555"""
0,"""CNR7905117""","""CID1416555"""
1,"""CNR1766433""","""CID2572820"""
1,"""CNR8291796""","""CID4838019"""
1,"""CNR6399968""","""CID7425679"""
1,"""CNR6345208""","""CID7852626"""
0,"""CNR7972972""","""CID8961524"""
0,"""CNR6248199""","""CID5384367"""
0,"""CNR7896460""","""CID3050288"""
0,"""CNR4610446""","""CID1948015"""
1,"""CNR4080172""","""CID4527025"""
0,"""CNR6435780""","""CID5378477"""
0,"""CNR4045988""","""CID1252217"""
1,"""CNR2095464""","""CID3584652"""
1,"""CNR8107026""","""CID8446212"""
0,"""CNR8257989""","""CID2116796"""
0,"""CNR2675783""","""CID3684162"""
1,"""CNR3284158""","""CID9607025"""
0,"""CNR4522874""","""CID6548204"""
1,"""CNR2931299""","""CID8580512"""
0,"""CNR6162119""","""CID4568995"""
0,"""CNR1581806""","""CID9516300"""
0,"""CNR1619605""","""CID2708290"""
0,"""CNR1875089""","""CID2993972"""
0,"""CNR7024014""","""CID5287210"""
0,"""CNR8041702""","""CID9893595"""
0,"""CNR7905351""","""CID4848607"""
1,"""CNR3644091""","""CID3483682"""
1,"""CNR2573708""","""CID1797955"""
1,"""CNR4945536""","""CID1746911"""
0,"""CNR2176436""","""CID9718216"""
0,"""CNR3839402""","""CID6356588"""
0,"""CNR2413111""","""CID7814528"""
0,"""CNR9749415""","""CID9716724"""
0,"""CNR6484100""","""CID4534036"""
0,"""CNR4313448""","""CID8390201"""
1,"""CNR7741154""","""CID6383514"""
0,"""CNR6740582""","""CID3832892"""
0,"""CNR7663875""","""CID9714220"""
0,"""CNR3713968""","""CID7820085"""
0,"""CNR1384466""","""CID8192773"""
0,"""CNR9541854""","""CID3465287"""
0,"""CNR6370977""","""CID6692430"""
0,"""CNR4733031""","""CID4204069"""
0,"""CNR4569588""","""CID4633157"""
0,"""CNR2939978""","""CID1891095"""
1,"""CNR5472954""","""CID4307354"""
0,"""CNR3957952""","""CID9188642"""
1,"""CNR1146235""","""CID2415943"""
1,"""CNR5590700""","""CID3111303"""
0,"""CNR7409548""","""CID3783366"""
0,"""CNR9633361""","""CID8926560"""
0,"""CNR9662902""","""CID2167779"""
0,"""CNR8854139""","""CID2950468"""
0,"""CNR4846672""","""CID6974013"""
0,"""CNR2156605""","""CID6866248"""
0,"""CNR3565774""","""CID6912927"""
1,"""CNR1286279""","""CID8917217"""
1,"""CNR3280387""","""CID4078908"""
0,"""CNR3641642""","""CID1454550"""
0,"""CNR5600555""","""CID7077093"""
0,"""CNR1321146""","""CID8262575"""
0,"""CNR2690243""","""CID4779786"""
1,"""CNR2103091""","""CID5058921"""
0,"""CNR6633890""","""CID8440549"""
1,"""CNR2021794""","""CID1536881"""
0,"""CNR2305252""","""CID2128941"""
0,"""CNR8570025""","""CID5563520"""
0,"""CNR9725639""","""CID9426950"""
0,"""CNR5953320""","""CID7178503"""
1,"""CNR8257892""","""CID7141953"""
0,"""CNR5561597""","""CID6013761"""
1,"""CNR1282933""","""CID6670155"""
0,"""CNR2727725""","""CID5795765"""
0,"""CNR2787706""","""CID4700713"""
0,"""CNR2005150""","""CID6566919"""
1,"""CNR4213737""","""CID1721535"""
0,"""CNR9852284""","""CID7935112"""
0,"""CNR8487040""","""CID3903718"""
0,"""CNR6969356""","""CID8827232"""
0,"""CNR7838483""","""CID3932655"""
1,"""CNR1057416""","""CID3684581"""
0,"""CNR3306479""","""CID3524320"""
0,"""CNR2922907""","""CID4507250"""
1,"""CNR8615506""","""CID3087178"""
1,"""CNR3591684""","""CID4151187"""
0,"""CNR8849030""","""CID6785083"""
1,"""CNR7107704""","""CID8220712"""
0,"""CNR5322513""","""CID1567897"""
0,"""CNR5380399""","""CID3609102"""
0,"""CNR1041029""","""CID2436324"""
0,"""CNR8879325""","""CID2786288"""
0,"""CNR9587761""","""CID3609936"""
0,"""CNR5414964""","""CID8627227"""
0,"""CNR4130483""","""CID2753821"""
0,"""CNR6817603""","""CID4154495"""
0,"""CNR7452993""","""CID9853887"""
1,"""CNR9685580""","""CID1351499"""
0,"""CNR4311161""","""CID6377609"""
0,"""CNR8614753""","""CID1722726"""
0,"""CNR6855180""","""CID2476263"""
0,"""CNR2019260""","""CID8617673"""
0,"""CNR3521751""","""CID6620627"""
0,"""CNR5762680""","""CID3630872"""
0,"""CNR5003041""","""CID5068059"""
1,"""CNR6156916""","""CID6690990"""
0,"""CNR2592610""","""CID8543941"""
1,"""CNR3886324""","""CID7478776"""
0,"""CNR3109669""","""CID1905092"""
1,"""CNR3417959""","""CID1696665"""
0,"""CNR4432248""","""CID4179241"""
0,"""CNR5979863""","""CID2272355"""
1,"""CNR8714852""","""CID3014404"""
0,"""CNR4544735""","""CID1872467"""
1,"""CNR4312096""","""CID6016140"""
0,"""CNR9645314""","""CID7048647"""
1,"""CNR6864124""","""CID8761526"""
0,"""CNR8915575""","""CID6490150"""
0,"""CNR4833946""","""CID1165849"""
0,"""CNR5102559""","""CID7033042"""
1,"""CNR5586000""","""CID3348952"""
0,"""CNR8852359""","""CID8683710"""
0,"""CNR7545628""","""CID7339083"""
1,"""CNR1773045""","""CID8500193"""
1,"""CNR5862602""","""CID2612870"""
0,"""CNR4141771""","""CID9665837"""
0,"""CNR3831698""","""CID9272675"""
0,"""CNR7248348""","""CID9704544"""
1,"""CNR2518559""","""CID5849927"""
1,"""CNR2114676""","""CID1799995"""
0,"""CNR9378137""","""CID9163935"""
1,"""CNR3539892""","""CID7250124"""
0,"""CNR2845229""","""CID9618416"""
0,"""CNR3175168""","""CID3354899"""
0,"""CNR1281431""","""CID3556539"""
1,"""CNR2861031""","""CID1301001"""
0,"""CNR9868022""","""CID3019768"""
1,"""CNR9810042""","""CID9303507"""
1,"""CNR6352637""","""CID3485910"""
0,"""CNR8936413""","""CID7138023"""
1,"""CNR9081240""","""CID7383446"""
0,"""CNR2007000""","""CID6721162"""
0,"""CNR2735151""","""CID9164295"""
0,"""CNR6596500""","""CID2952834"""
1,"""CNR8874433""","""CID4017390"""
1,"""CNR5372413""","""CID2599874"""
1,"""CNR8119970""","""CID1951918"""
1,"""CNR5772288""","""CID9370143"""
0,"""CNR4732763""","""CID7703351"""
0,"""CNR1463348""","""CID6478325"""
0,"""CNR5591800""","""CID6567360"""
1,"""CNR1238720""","""CID8669505"""
1,"""CNR9741235""","""CID1085171"""
0,"""CNR9856940""","""CID7475709"""
0,"""CNR9490038""","""CID4557000"""
0,"""CNR4282462""","""CID1324892"""
0,"""CNR3277408""","""CID7285675"""
1,"""CNR6737617""","""CID2220558"""
0,"""CNR2471513""","""CID9432370"""
0,"""CNR1416666""","""CID7498318"""
0,"""CNR3091875""","""CID4854654"""
0,"""CNR6699448""","""CID4083370"""
1,"""CNR2164404""","""CID2138281"""
0,"""CNR2085055""","""CID7865093"""
0,"""CNR6084066""","""CID8800060"""
0,"""CNR3623948""","""CID1297202"""
0,"""CNR6628506""","""CID9853965"""
1,"""CNR1444575""","""CID6218946"""
1,"""CNR8599713""","""CID2745267"""
0,"""CNR6928593""","""CID3146882"""
1,"""CNR8071842""","""CID2355465"""
0,"""CNR3609640""","""CID2589958"""
0,"""CNR9542921""","""CID2157190"""
0,"""CNR6812804""","""CID7724830"""
1,"""CNR8312950""","""CID4120067"""
1,"""CNR4447372""","""CID8790969"""
0,"""CNR9730854""","""CID4955760"""
0,"""CNR7271340""","""CID3712238"""
0,"""CNR7296383""","""CID3279216"""
1,"""CNR8964024""","""CID4353042"""
0,"""CNR8538703""","""CID2666106"""
0,"""CNR8554352""","""CID7643017"""
0,"""CNR3272378""","""CID9980917"""
0,"""CNR1707303""","""CID7067146"""
1,"""CNR4157155""","""CID9226747"""
0,"""CNR4266612""","""CID5478603"""
0,"""CNR4925321""","""CID3823946"""
0,"""CNR1461487""","""CID8917612"""
0,"""CNR8304171""","""CID5173378"""
0,"""CNR1292229""","""CID1407146"""
0,"""CNR4375809""","""CID6528436"""
0,"""CNR8950117""","""CID9445110"""
0,"""CNR8683375""","""CID7288159"""
0,"""CNR3762651""","""CID3244196"""
0,"""CNR2526631""","""CID4197402"""
0,"""CNR3005987""","""CID5605545"""
1,"""CNR6620567""","""CID4618083"""
0,"""CNR6735539""","""CID8780435"""
1,"""CNR8257003""","""CID1702994"""
0,"""CNR2711067""","""CID2346632"""
0,"""CNR2517156""","""CID7257275"""
1,"""CNR2118764""","""CID9620378"""
0,"""CNR8208989""","""CID9821311"""
1,"""CNR1784445""","""CID9367562"""
0,"""CNR1433698""","""CID8773128"""
0,"""CNR9843071""","""CID4226399"""
0,"""CNR8547962""","""CID5594613"""
1,"""CNR1414188""","""CID5340278"""
0,"""CNR9868683""","""CID6729964"""
0,"""CNR5661712""","""CID2735167"""
1,"""CNR9010579""","""CID1111144"""
0,"""CNR4322712""","""CID1817473"""
0,"""CNR5465747""","""CID6783992"""
0,"""CNR6455313""","""CID2331699"""
1,"""CNR2744917""","""CID8387771"""
1,"""CNR3000568""","""CID6714464"""
0,"""CNR3879360""","""CID9482943"""
1,"""CNR3171798""","""CID8760392"""
1,"""CNR1935992""","""CID8717195"""
0,"""CNR5021493""","""CID3645649"""
0,"""CNR6832577""","""CID9181905"""
1,"""CNR4987363""","""CID2390062"""
0,"""CNR8410714""","""CID1665886"""
0,"""CNR3737005""","""CID8908256"""
0,"""CNR1321981""","""CID3392304"""
1,"""CNR4028632""","""CID5149523"""
0,"""CNR5380412""","""CID4316801"""
0,"""CNR5914072""","""CID2332757"""
0,"""CNR6997738""","""CID8100240"""
0,"""CNR1379071""","""CID8872460"""
1,"""CNR3638057""","""CID2245517"""
0,"""CNR5472880""","""CID5192567"""
0,"""CNR4838622""","""CID2840295"""
1,"""CNR5569803""","""CID1687772"""
1,"""CNR1203444""","""CID6637256"""
0,"""CNR2091173""","""CID6590360"""
0,"""CNR8457790""","""CID3723442"""
0,"""CNR4435092""","""CID5509698"""
1,"""CNR6709078""","""CID1972742"""
1,"""CNR9211026""","""CID9857160"""
0,"""CNR8373193""","""CID2815112"""
1,"""CNR3977838""","""CID5672162"""
1,"""CNR1107044""","""CID6474291"""
1,"""CNR8090686""","""CID3768823"""
0,"""CNR4979562""","""CID1862088"""
1,"""CNR1630066""","""CID9937620"""
0,"""CNR3576982""","""CID1751782"""
0,"""CNR6928298""","""CID4097266"""
0,"""CNR4697588""","""CID3212692"""
0,"""CNR5872930""","""CID7104256"""
0,"""CNR9006178""","""CID7763206"""
0,"""CNR6181451""","""CID9554920"""
0,"""CNR3344326""","""CID8027536"""
0,"""CNR3117008""","""CID6305296"""
1,"""CNR1486857""","""CID9365234"""
0,"""CNR6142962""","""CID7422201"""
0,"""CNR6964605""","""CID5516652"""
1,"""CNR5298238""","""CID9857016"""
0,"""CNR5504345""","""CID2233422"""
0,"""CNR2958938""","""CID4650520"""
0,"""CNR5838052""","""CID9523150"""
0,"""CNR2386442""","""CID6066959"""
1,"""CNR3237877""","""CID8396412"""
0,"""CNR1396366""","""CID1393822"""
0,"""CNR6315958""","""CID2503941"""
1,"""CNR1159572""","""CID6451444"""
1,"""CNR6887941""","""CID8230594"""
0,"""CNR7467551""","""CID3278104"""
1,"""CNR5044647""","""CID8717950"""
1,"""CNR9138634""","""CID4654687"""
0,"""CNR5949964""","""CID6646942"""
1,"""CNR1727929""","""CID1330717"""
0,"""CNR5915312""","""CID6666716"""
0,"""CNR1748207""","""CID9026590"""
1,"""CNR8044747""","""CID6073751"""
0,"""CNR1835438""","""CID8062505"""
0,"""CNR6426716""","""CID4639067"""
1,"""CNR2849295""","""CID5838165"""
1,"""CNR9112506""","""CID7269770"""
0,"""CNR1010839""","""CID4801972"""
0,"""CNR8313957""","""CID7208265"""
0,"""CNR6341979""","""CID9407185"""
0,"""CNR8429530""","""CID3807935"""
0,"""CNR6908372""","""CID4490857"""
1,"""CNR3239012""","""CID5681275"""
0,"""CNR4154202""","""CID3108498"""
0,"""CNR3732684""","""CID9777492"""
0,"""CNR8430160""","""CID1291546"""
1,"""CNR9193532""","""CID4083146"""
0,"""CNR6296938""","""CID6152771"""
1,"""CNR1095489""","""CID8139005"""
0,"""CNR1658767""","""CID9712224"""
0,"""CNR5988838""","""CID3510984"""
0,"""CNR9659682""","""CID8167657"""
1,"""CNR9255774""","""CID9835217"""
1,"""CNR9998105""","""CID5436046"""
1,"""CNR6672513""","""CID2774790"""
0,"""CNR3026587""","""CID8200998"""
0,"""CNR4751842""","""CID5473043"""
1,"""CNR1142164""","""CID6874212"""
1,"""CNR4528943""","""CID4698715"""
0,"""CNR8648745""","""CID5420666"""
0,"""CNR3154853""","""CID5805133"""
0,"""CNR6098247""","""CID9695461"""
0,"""CNR4545085""","""CID2131089"""
0,"""CNR3888971""","""CID2468889"""
1,"""CNR1340598""","""CID7550477"""
1,"""CNR5713196""","""CID8165502"""
1,"""CNR1600724""","""CID3583467"""
0,"""CNR9575767""","""CID2082715"""
1,"""CNR3681202""","""CID9956948"""
0,"""CNR8127930""","""CID2374987"""
1,"""CNR3763021""","""CID7807634"""
0,"""CNR8403370""","""CID2661778"""
0,"""CNR6741185""","""CID8126372"""
1,"""CNR5798586""","""CID3389972"""
0,"""CNR3772375""","""CID1656468"""
0,"""CNR7255625""","""CID1659710"""
0,"""CNR7140618""","""CID5879525"""
0,"""CNR1741724""","""CID7701458"""
0,"""CNR1697180""","""CID7762758"""
0,"""CNR9540407""","""CID7799603"""
0,"""CNR3477099""","""CID4311718"""
0,"""CNR7314109""","""CID9123389"""
1,"""CNR7736035""","""CID4590380"""
1,"""CNR1604722""","""CID6695642"""
0,"""CNR8105510""","""CID3397131"""
0,"""CNR3603597""","""CID8189889"""
0,"""CNR1896804""","""CID8004200"""
1,"""CNR7643256""","""CID2075178"""
1,"""CNR3167090""","""CID5590291"""
0,"""CNR3981097""","""CID7814692"""
0,"""CNR3482732""","""CID4170068"""
1,"""CNR3693476""","""CID9391890"""
1,"""CNR9401632""","""CID1711593"""
0,"""CNR4919000""","""CID8842347"""
1,"""CNR3155041""","""CID9794255"""
0,"""CNR5938611""","""CID5876442"""
0,"""CNR6798957""","""CID6065539"""
1,"""CNR4308335""","""CID2892764"""
0,"""CNR1458105""","""CID1045948"""
0,"""CNR8967615""","""CID2447892"""
1,"""CNR2210654""","""CID7364807"""
0,"""CNR9050212""","""CID6774823"""
0,"""CNR8327000""","""CID2875595"""
1,"""CNR2433292""","""CID1360836"""
0,"""CNR9652525""","""CID4107543"""
1,"""CNR1196194""","""CID8796722"""
0,"""CNR9921423""","""CID9474075"""
0,"""CNR9427823""","""CID5745020"""
0,"""CNR4402263""","""CID2283966"""
0,"""CNR2789082""","""CID1112439"""
0,"""CNR2015182""","""CID3253640"""
0,"""CNR4596170""","""CID7718363"""
0,"""CNR7981666""","""CID1281238"""
0,"""CNR2144758""","""CID4555413"""
0,"""CNR4404012""","""CID7083936"""
0,"""CNR1264695""","""CID1264641"""
0,"""CNR7428127""","""CID5523048"""
0,"""CNR6825293""","""CID3911395"""
0,"""CNR2501713""","""CID4172313"""
0,"""CNR1508505""","""CID6873745"""
0,"""CNR7166937""","""CID8870952"""
1,"""CNR7944629""","""CID1614999"""
0,"""CNR9054987""","""CID8503462"""
0,"""CNR9000447""","""CID6214906"""
0,"""CNR4295000""","""CID5337277"""
1,"""CNR2808348""","""CID1816092"""
1,"""CNR2191363""","""CID7919489"""
2,"""CNR5342051""","""CID8691217"""
2,"""CNR2856099""","""CID2787001"""
1,"""CNR7093552""","""CID6521011"""
0,"""CNR2639152""","""CID4312361"""
1,"""CNR9537461""","""CID8857576"""
2,"""CNR5061501""","""CID1663979"""
2,"""CNR5422219""","""CID8032823"""
2,"""CNR4710528""","""CID9409252"""
1,"""CNR9782003""","""CID9494301"""
2,"""CNR7725030""","""CID3886770"""
0,"""CNR9194338""","""CID2651964"""
0,"""CNR7241899""","""CID5570392"""
1,"""CNR4376958""","""CID6136449"""
0,"""CNR7908944""","""CID6247890"""
1,"""CNR4694436""","""CID2508676"""
2,"""CNR8100900""","""CID6107885"""
1,"""CNR7372142""","""CID4159133"""
0,"""CNR9194449""","""CID2971710"""
0,"""CNR6415818""","""CID3993011"""
0,"""CNR4338896""","""CID3033476"""
1,"""CNR7271072""","""CID7227859"""
1,"""CNR4588580""","""CID8108656"""
1,"""CNR9836382""","""CID8278138"""
1,"""CNR5335129""","""CID8302584"""
1,"""CNR8804051""","""CID6599346"""
1,"""CNR7781451""","""CID8739368"""
0,"""CNR8435151""","""CID7657047"""
2,"""CNR3125670""","""CID4157569"""
0,"""CNR2119060""","""CID3061306"""
0,"""CNR5237671""","""CID7867811"""
1,"""CNR2576142""","""CID9421013"""
0,"""CNR7636358""","""CID4868360"""
0,"""CNR4421738""","""CID3210950"""
0,"""CNR6121687""","""CID9722463"""
0,"""CNR3854082""","""CID7541350"""
1,"""CNR9607249""","""CID1052321"""
1,"""CNR8360624""","""CID9509012"""
1,"""CNR6326467""","""CID9609509"""
2,"""CNR4508269""","""CID9900083"""
0,"""CNR5421864""","""CID7562193"""
0,"""CNR4661233""","""CID1642055"""
1,"""CNR3934376""","""CID4843544"""
0,"""CNR2210720""","""CID7937594"""
1,"""CNR7926457""","""CID8557492"""
2,"""CNR9430350""","""CID7036417"""
1,"""CNR4155728""","""CID9642234"""
0,"""CNR4321668""","""CID3388219"""
2,"""CNR7668194""","""CID7501249"""
1,"""CNR2844128""","""CID4358218"""
0,"""CNR5491221""","""CID9201878"""
2,"""CNR2130266""","""CID7589824"""
1,"""CNR6149953""","""CID8151439"""
1,"""CNR1929598""","""CID8910705"""
1,"""CNR6364632""","""CID8614644"""
2,"""CNR9586238""","""CID4644695"""
0,"""CNR1695042""","""CID1494830"""
1,"""CNR3581487""","""CID6315395"""
1,"""CNR7431044""","""CID6851753"""
0,"""CNR2211548""","""CID4012571"""
0,"""CNR7034078""","""CID2422834"""
2,"""CNR6578767""","""CID6969141"""
2,"""CNR5102899""","""CID4044406"""
2,"""CNR7747112""","""CID4278660"""
0,"""CNR4535201""","""CID2105156"""
1,"""CNR9366762""","""CID8220540"""
1,"""CNR1893741""","""CID2004367"""
0,"""CNR8986650""","""CID1484159"""
2,"""CNR4865817""","""CID8401487"""
2,"""CNR2859752""","""CID8675921"""
1,"""CNR6201445""","""CID5530097"""
1,"""CNR1335072""","""CID9976312"""
1,"""CNR8443852""","""CID8555291"""
0,"""CNR7318009""","""CID7954412"""
1,"""CNR5018198""","""CID4897093"""
0,"""CNR2293969""","""CID7676948"""
0,"""CNR7538303""","""CID5897047"""
1,"""CNR9667938""","""CID7163972"""
0,"""CNR3802172""","""CID2565896"""
0,"""CNR5995287""","""CID6065571"""
0,"""CNR9613992""","""CID4000163"""
1,"""CNR7794630""","""CID7168437"""
0,"""CNR6532100""","""CID4655815"""
0,"""CNR1702527""","""CID9265494"""
0,"""CNR5822946""","""CID2865938"""
0,"""CNR3606452""","""CID5496656"""
0,"""CNR8684458""","""CID7768367"""
1,"""CNR3407027""","""CID6707543"""
1,"""CNR1219137""","""CID3974156"""
0,"""CNR8766022""","""CID8091941"""
1,"""CNR5231848""","""CID7688695"""
1,"""CNR5880598""","""CID8627611"""
1,"""CNR8335645""","""CID1773454"""
0,"""CNR3841536""","""CID8378539"""
0,"""CNR9278190""","""CID1854065"""
1,"""CNR2781946""","""CID4845540"""
1,"""CNR9504856""","""CID4707104"""
2,"""CNR6965579""","""CID6807032"""
1,"""CNR2261089""","""CID6766715"""
1,"""CNR1776605""","""CID6637089"""
2,"""CNR4892801""","""CID2887342"""
1,"""CNR2332357""","""CID7246966"""
0,"""CNR5438185""","""CID5811425"""
2,"""CNR3238610""","""CID2641556"""
2,"""CNR9534598""","""CID2958259"""
1,"""CNR3292589""","""CID1229032"""
0,"""CNR9423456""","""CID3493526"""
1,"""CNR4388792""","""CID3006702"""
0,"""CNR5249538""","""CID4805265"""
0,"""CNR9886543""","""CID7241401"""
0,"""CNR6561125""","""CID1987414"""
0,"""CNR8979432""","""CID9651904"""
1,"""CNR2176828""","""CID7718939"""
1,"""CNR9849523""","""CID5117594"""
0,"""CNR4117488""","""CID3962527"""
0,"""CNR1761539""","""CID9462769"""
0,"""CNR2807548""","""CID4098770"""
1,"""CNR6058616""","""CID7476125"""
1,"""CNR2424534""","""CID5845276"""
0,"""CNR8091931""","""CID5549355"""
1,"""CNR8360848""","""CID8863560"""
1,"""CNR6957996""","""CID6226722"""
2,"""CNR8414247""","""CID6222177"""
0,"""CNR4574735""","""CID1807068"""
1,"""CNR5394240""","""CID8344816"""
1,"""CNR6029155""","""CID1005577"""
1,"""CNR1231708""","""CID7242862"""
1,"""CNR5154847""","""CID9002838"""
2,"""CNR6539388""","""CID4475467"""
2,"""CNR2769867""","""CID5693827"""
0,"""CNR4116817""","""CID3528010"""
2,"""CNR7266058""","""CID6757675"""
1,"""CNR5942978""","""CID3527851"""
2,"""CNR4871022""","""CID7182685"""
2,"""CNR1472905""","""CID9601332"""
0,"""CNR4866505""","""CID8096515"""
1,"""CNR4214640""","""CID9213220"""
1,"""CNR8485644""","""CID3764911"""
1,"""CNR7984181""","""CID8265258"""
0,"""CNR7765517""","""CID1227776"""
0,"""CNR9133770""","""CID3283659"""
2,"""CNR5002848""","""CID9295227"""
0,"""CNR7379432""","""CID3617457"""
1,"""CNR4001083""","""CID9913736"""
0,"""CNR3010942""","""CID7944911"""
1,"""CNR2950907""","""CID3486769"""
0,"""CNR8415987""","""CID6497818"""
1,"""CNR6954157""","""CID6777013"""
1,"""CNR4205299""","""CID9615913"""
1,"""CNR7565101""","""CID5035665"""
2,"""CNR6496526""","""CID2150522"""
1,"""CNR1469486""","""CID6408565"""
0,"""CNR5979130""","""CID7121981"""
2,"""CNR1681184""","""CID2905698"""
2,"""CNR2136977""","""CID6180951"""
1,"""CNR9214305""","""CID8093256"""
2,"""CNR1716430""","""CID1933201"""
2,"""CNR7622188""","""CID4299848"""
2,"""CNR8474106""","""CID3481772"""
1,"""CNR7626904""","""CID1962769"""
0,"""CNR1493977""","""CID7781275"""
0,"""CNR5288516""","""CID6169395"""
1,"""CNR1204956""","""CID1439032"""
0,"""CNR3851082""","""CID9945708"""
1,"""CNR7911108""","""CID7311212"""
0,"""CNR2933415""","""CID6573291"""
0,"""CNR8880170""","""CID1281731"""
2,"""CNR3439835""","""CID1111131"""
2,"""CNR7232853""","""CID3740944"""
0,"""CNR9562177""","""CID8494553"""
0,"""CNR9512498""","""CID9030281"""
0,"""CNR4194804""","""CID5896720"""
2,"""CNR6684074""","""CID7342643"""
1,"""CNR3447941""","""CID6577497"""
1,"""CNR9394642""","""CID4626805"""
0,"""CNR7158893""","""CID1843125"""
1,"""CNR7443159""","""CID9899631"""
0,"""CNR9335435""","""CID8823179"""
2,"""CNR6001304""","""CID9427308"""
0,"""CNR5384973""","""CID7383179"""
1,"""CNR8182824""","""CID7264325"""
2,"""CNR4336721""","""CID5243580"""
1,"""CNR7832969""","""CID3927480"""
1,"""CNR8410017""","""CID2852794"""
1,"""CNR5956713""","""CID7437156"""
0,"""CNR6825932""","""CID5867439"""
2,"""CNR4583977""","""CID8547064"""
2,"""CNR9063179""","""CID6100055"""
0,"""CNR7189612""","""CID6743587"""
2,"""CNR8110870""","""CID1353997"""
2,"""CNR1901998""","""CID4512708"""
0,"""CNR3001772""","""CID9051727"""
1,"""CNR1989118""","""CID4559853"""
1,"""CNR5249563""","""CID3923251"""
2,"""CNR5289274""","""CID9976592"""
1,"""CNR2180999""","""CID4361943"""
2,"""CNR5887570""","""CID2033550"""
0,"""CNR6172163""","""CID1767049"""
0,"""CNR7318763""","""CID8171157"""
0,"""CNR1235233""","""CID1054700"""
2,"""CNR4278377""","""CID3238308"""
1,"""CNR4474759""","""CID7598834"""
2,"""CNR1625915""","""CID6431755"""
1,"""CNR5955762""","""CID1408644"""
1,"""CNR5896169""","""CID4350628"""
0,"""CNR3147035""","""CID2944630"""
1,"""CNR8264486""","""CID7359016"""
2,"""CNR5192122""","""CID9784186"""
1,"""CNR5415191""","""CID3628109"""
2,"""CNR1670223""","""CID3986563"""
0,"""CNR8476351""","""CID6815799"""
2,"""CNR2892239""","""CID9086715"""
2,"""CNR2600891""","""CID5313543"""
2,"""CNR3358338""","""CID3208565"""
0,"""CNR3671638""","""CID3295039"""
2,"""CNR4705500""","""CID3420368"""
2,"""CNR6007309""","""CID7769101"""
1,"""CNR1022129""","""CID9546641"""
1,"""CNR7651722""","""CID9130380"""
0,"""CNR8571275""","""CID9096396"""
0,"""CNR2985185""","""CID4802853"""
2,"""CNR3985488""","""CID8018507"""
1,"""CNR4963387""","""CID5062134"""
2,"""CNR8898207""","""CID8020439"""
1,"""CNR5297281""","""CID4351585"""
0,"""CNR5329035""","""CID1336173"""
0,"""CNR5884812""","""CID9163711"""
2,"""CNR5142547""","""CID2762559"""
2,"""CNR6540931""","""CID5954046"""
0,"""CNR8214601""","""CID4176357"""
2,"""CNR2502913""","""CID9669718"""
2,"""CNR4649873""","""CID3098649"""
1,"""CNR7113647""","""CID2464324"""
1,"""CNR9442408""","""CID9819315"""
0,"""CNR1983756""","""CID7601237"""
1,"""CNR9372512""","""CID2063912"""
1,"""CNR1696347""","""CID4880531"""
0,"""CNR6432526""","""CID5591467"""
2,"""CNR1924610""","""CID6035266"""
1,"""CNR2973005""","""CID9968769"""
1,"""CNR2613524""","""CID7657514"""
1,"""CNR4656425""","""CID1903537"""
1,"""CNR1695625""","""CID3174748"""
2,"""CNR2084297""","""CID2496621"""
1,"""CNR7373115""","""CID8964074"""
0,"""CNR8682557""","""CID1362067"""
2,"""CNR2395462""","""CID1479928"""
0,"""CNR8558572""","""CID7921218"""
0,"""CNR8524755""","""CID9628969"""
0,"""CNR8318320""","""CID7389880"""
0,"""CNR7466729""","""CID5635664"""
1,"""CNR8737313""","""CID2248456"""
2,"""CNR5849373""","""CID8993746"""
0,"""CNR8231035""","""CID5990682"""
2,"""CNR8226480""","""CID7373301"""
0,"""CNR3384095""","""CID7524455"""
1,"""CNR3450754""","""CID2705527"""
1,"""CNR3042749""","""CID2753080"""
1,"""CNR9241188""","""CID3275593"""
1,"""CNR5655447""","""CID7573604"""
0,"""CNR1826714""","""CID9927249"""
1,"""CNR2808965""","""CID1121833"""
0,"""CNR5171267""","""CID7676862"""
1,"""CNR6750378""","""CID7706182"""
1,"""CNR7831271""","""CID8369937"""
1,"""CNR2014747""","""CID8755527"""
0,"""CNR6151256""","""CID6774487"""
1,"""CNR5111128""","""CID2568021"""
2,"""CNR5450726""","""CID4510344"""
0,"""CNR8721025""","""CID7506540"""
1,"""CNR6162893""","""CID9150546"""
0,"""CNR6732107""","""CID2562554"""
0,"""CNR1528215""","""CID9899404"""
1,"""CNR6654874""","""CID3463105"""
1,"""CNR2195898""","""CID1739327"""
1,"""CNR8217355""","""CID6267847"""
0,"""CNR4058826""","""CID3535977"""
1,"""CNR9614438""","""CID4974344"""
0,"""CNR9337401""","""CID9592698"""
0,"""CNR4120450""","""CID4325154"""
0,"""CNR6057147""","""CID7763603"""
1,"""CNR9701511""","""CID2003838"""
1,"""CNR4935149""","""CID9903713"""
0,"""CNR2269418""","""CID1258392"""
0,"""CNR3849947""","""CID5106278"""
1,"""CNR4437698""","""CID2043315"""
1,"""CNR9285060""","""CID9812681"""
0,"""CNR9839570""","""CID2983222"""
1,"""CNR2650618""","""CID2976957"""
1,"""CNR1201338""","""CID3882616"""
2,"""CNR3071250""","""CID1566377"""
1,"""CNR2519422""","""CID7200272"""
1,"""CNR4959896""","""CID6572268"""
0,"""CNR9841712""","""CID1012225"""
0,"""CNR8639748""","""CID4176408"""
0,"""CNR1791605""","""CID8944458"""
0,"""CNR3366096""","""CID5302492"""
1,"""CNR5183845""","""CID6091867"""
1,"""CNR3915286""","""CID5687975"""
1,"""CNR8865954""","""CID1714056"""
0,"""CNR7689781""","""CID8310161"""
2,"""CNR6267767""","""CID8767127"""
0,"""CNR4718539""","""CID8472567"""
1,"""CNR3447332""","""CID3249587"""
2,"""CNR8437739""","""CID5807568"""
0,"""CNR9384108""","""CID7636270"""
2,"""CNR9253212""","""CID4237997"""
1,"""CNR1612258""","""CID8813379"""
0,"""CNR3023708""","""CID6924316"""
2,"""CNR9297482""","""CID7619385"""
1,"""CNR5997384""","""CID1086216"""
1,"""CNR1031562""","""CID7191749"""
1,"""CNR9615982""","""CID5757574"""
2,"""CNR9932099""","""CID5440710"""
1,"""CNR8324956""","""CID8523960"""
2,"""CNR8346428""","""CID2700791"""
0,"""CNR2274982""","""CID3671517"""
2,"""CNR7421300""","""CID4578098"""
2,"""CNR2360945""","""CID9990602"""
0,"""CNR7716769""","""CID5839184"""
1,"""CNR2624320""","""CID6164775"""
1,"""CNR5613440""","""CID2358429"""
1,"""CNR8458505""","""CID3737426"""
0,"""CNR4616369""","""CID6797376"""
1,"""CNR8118593""","""CID6396240"""
1,"""CNR4867715""","""CID3550378"""
0,"""CNR8889069""","""CID2612194"""
0,"""CNR9521348""","""CID8909599"""
1,"""CNR9958480""","""CID3467710"""
2,"""CNR3792861""","""CID9089633"""
1,"""CNR1747163""","""CID1614741"""
0,"""CNR4144758""","""CID7675277"""
0,"""CNR4516970""","""CID1949294"""
0,"""CNR5409166""","""CID1713226"""
0,"""CNR2523894""","""CID7868977"""
2,"""CNR2010820""","""CID7028628"""
1,"""CNR5706377""","""CID4092613"""
1,"""CNR4804873""","""CID5845253"""
1,"""CNR3700142""","""CID3043459"""
0,"""CNR3425249""","""CID8393074"""
0,"""CNR6129032""","""CID1130559"""
2,"""CNR3427320""","""CID1043336"""
0,"""CNR3908324""","""CID3255512"""
0,"""CNR2882317""","""CID2549847"""
1,"""CNR8549704""","""CID1799415"""
2,"""CNR9671362""","""CID2734335"""
1,"""CNR1072775""","""CID8086045"""
1,"""CNR4958320""","""CID5394348"""
2,"""CNR2981144""","""CID2559764"""
1,"""CNR9278178""","""CID2733125"""
2,"""CNR1001602""","""CID2061247"""
0,"""CNR4110945""","""CID6079465"""
0,"""CNR7869469""","""CID9063009"""
1,"""CNR5285440""","""CID9170540"""
1,"""CNR8960586""","""CID5896423"""
1,"""CNR6805358""","""CID5843499"""
2,"""CNR1382121""","""CID4487777"""
1,"""CNR3787401""","""CID4691586"""
1,"""CNR4063495""","""CID3085066"""
2,"""CNR8241394""","""CID3012839"""
0,"""CNR2061255""","""CID3594354"""
0,"""CNR7761069""","""CID7271232"""
0,"""CNR9678525""","""CID9484762"""
0,"""CNR5950822""","""CID4894570"""
1,"""CNR4270820""","""CID3746905"""
2,"""CNR9290537""","""CID2722069"""
1,"""CNR2304154""","""CID5228821"""
2,"""CNR1884936""","""CID1862020"""
1,"""CNR8860843""","""CID8042191"""
0,"""CNR5758666""","""CID8001796"""
1,"""CNR7906399""","""CID7874627"""
0,"""CNR5603070""","""CID4790587"""
0,"""CNR7806961""","""CID1865833"""
1,"""CNR3915500""","""CID9674247"""
0,"""CNR4881029""","""CID1346676"""
0,"""CNR9074814""","""CID1981568"""
1,"""CNR8115394""","""CID7218890"""
1,"""CNR8729667""","""CID8770974"""
1,"""CNR2480868""","""CID4453577"""
0,"""CNR7350182""","""CID4602721"""
0,"""CNR7257989""","""CID3560713"""
0,"""CNR9345357""","""CID6320174"""
0,"""CNR3621459""","""CID1862113"""
0,"""CNR2812474""","""CID9546280"""
0,"""CNR9191626""","""CID9986397"""
1,"""CNR1909551""","""CID8258778"""
1,"""CNR9269694""","""CID1574535"""
1,"""CNR9903362""","""CID2883873"""
2,"""CNR7361644""","""CID1672574"""
1,"""CNR2668866""","""CID3299839"""
0,"""CNR8844830""","""CID1517027"""
0,"""CNR2238256""","""CID8511766"""
0,"""CNR6569584""","""CID2272349"""
0,"""CNR8964063""","""CID3688400"""
0,"""CNR8013591""","""CID1302410"""
2,"""CNR7457903""","""CID5955517"""
1,"""CNR2495248""","""CID2645199"""
1,"""CNR8120258""","""CID8698847"""
1,"""CNR8476628""","""CID9304206"""
1,"""CNR9349050""","""CID3459710"""
2,"""CNR4253712""","""CID1780178"""
1,"""CNR7120993""","""CID8923746"""
0,"""CNR6670954""","""CID9559503"""
0,"""CNR6999113""","""CID8083637"""
0,"""CNR7321906""","""CID5061209"""
0,"""CNR1528675""","""CID5163655"""
1,"""CNR1459685""","""CID7152766"""
1,"""CNR8644107""","""CID6313871"""
0,"""CNR2564904""","""CID7749018"""
0,"""CNR5764047""","""CID9448954"""
1,"""CNR9713220""","""CID2369664"""
1,"""CNR7526856""","""CID6462643"""
2,"""CNR8269696""","""CID6306000"""
0,"""CNR4977083""","""CID4611983"""
1,"""CNR2517271""","""CID5944629"""
0,"""CNR5288585""","""CID8739958"""
0,"""CNR6646725""","""CID4966359"""
2,"""CNR8259325""","""CID5305664"""
1,"""CNR7451368""","""CID2176363"""
1,"""CNR6012112""","""CID9848821"""
0,"""CNR7791153""","""CID5510237"""
1,"""CNR2465406""","""CID7007424"""
0,"""CNR9283859""","""CID2475793"""
1,"""CNR5948971""","""CID5525078"""
2,"""CNR3469708""","""CID8491993"""
0,"""CNR9679382""","""CID8429610"""
2,"""CNR3923287""","""CID2887155"""
2,"""CNR7825256""","""CID5026551"""
1,"""CNR1718850""","""CID4179696"""
1,"""CNR4601585""","""CID2932623"""
1,"""CNR3078807""","""CID2792191"""
0,"""CNR9236492""","""CID6111960"""
1,"""CNR7647017""","""CID1910787"""
0,"""CNR7446628""","""CID5997674"""
0,"""CNR9201950""","""CID2683406"""
1,"""CNR9323419""","""CID4263868"""
2,"""CNR9154460""","""CID9359958"""
0,"""CNR8441182""","""CID8007164"""
1,"""CNR9592998""","""CID3031874"""
1,"""CNR1812126""","""CID7774448"""
1,"""CNR4771592""","""CID7758455"""
0,"""CNR6893460""","""CID6542883"""
0,"""CNR4151830""","""CID4534195"""
0,"""CNR1989286""","""CID6674734"""
1,"""CNR1733629""","""CID8468957"""
0,"""CNR9320327""","""CID7480618"""
1,"""CNR4551419""","""CID2400997"""
1,"""CNR4435381""","""CID8229445"""
2,"""CNR5788741""","""CID8061247"""
0,"""CNR4312864""","""CID6581553"""
1,"""CNR3668680""","""CID3422256"""
0,"""CNR1452882""","""CID2593707"""
1,"""CNR5008809""","""CID5416766"""
0,"""CNR2790973""","""CID5771591"""
1,"""CNR7318397""","""CID3894895"""
1,"""CNR1650914""","""CID3252444"""
1,"""CNR1173191""","""CID4912009"""
2,"""CNR9975346""","""CID3961340"""
0,"""CNR8025305""","""CID9596766"""
2,"""CNR3516092""","""CID1099125"""
2,"""CNR1254732""","""CID7583225"""
0,"""CNR8109988""","""CID5951645"""
1,"""CNR4383816""","""CID8560364"""
0,"""CNR1347010""","""CID1656732"""
0,"""CNR9173297""","""CID7619776"""
0,"""CNR9415271""","""CID1271310"""
1,"""CNR4613619""","""CID4009497"""
0,"""CNR6913293""","""CID1670020"""
1,"""CNR1464569""","""CID4693277"""
1,"""CNR9496926""","""CID5540268"""
1,"""CNR6579034""","""CID5259365"""
0,"""CNR9335386""","""CID1617225"""
1,"""CNR7858491""","""CID8843110"""
2,"""CNR6311987""","""CID1805700"""
2,"""CNR3583803""","""CID8292206"""
1,"""CNR5205586""","""CID1253739"""
1,"""CNR2634709""","""CID2970365"""
2,"""CNR4483260""","""CID2073236"""
0,"""CNR2686566""","""CID4568219"""
0,"""CNR5054883""","""CID3590166"""
1,"""CNR5070647""","""CID1167858"""
1,"""CNR6674632""","""CID1997208"""
2,"""CNR6899870""","""CID3023740"""
0,"""CNR6409698""","""CID9443412"""
0,"""CNR5233678""","""CID7260043"""
1,"""CNR3624184""","""CID3697137"""
0,"""CNR2554923""","""CID7932467"""
1,"""CNR6691836""","""CID3705775"""
1,"""CNR7900857""","""CID6765346"""
0,"""CNR6305255""","""CID2862734"""
0,"""CNR5891896""","""CID6346566"""
1,"""CNR8715922""","""CID1090111"""
1,"""CNR4201157""","""CID9760707"""
2,"""CNR9746856""","""CID2065160"""
1,"""CNR6570036""","""CID3518713"""
1,"""CNR8875837""","""CID1345394"""
0,"""CNR9704275""","""CID7789825"""
0,"""CNR6651329""","""CID3074091"""
1,"""CNR2117344""","""CID3469978"""
1,"""CNR2645359""","""CID2820242"""
2,"""CNR6720086""","""CID5841714"""
1,"""CNR6886956""","""CID4538133"""
0,"""CNR7761923""","""CID1777273"""
1,"""CNR3192169""","""CID8289788"""
1,"""CNR9111656""","""CID3578211"""
1,"""CNR8155436""","""CID1314547"""
2,"""CNR9157930""","""CID3285503"""
0,"""CNR5207982""","""CID4160844"""
2,"""CNR5889556""","""CID3345877"""
1,"""CNR3819838""","""CID9221540"""
2,"""CNR5521199""","""CID4979257"""
1,"""CNR5823810""","""CID8832989"""
1,"""CNR2580415""","""CID7563032"""
2,"""CNR4472652""","""CID6281590"""
1,"""CNR5021697""","""CID2696008"""
0,"""CNR5489060""","""CID5048839"""
1,"""CNR1143023""","""CID5777622"""
1,"""CNR4979198""","""CID3615301"""
2,"""CNR9368872""","""CID8539967"""
0,"""CNR2589854""","""CID7393798"""
2,"""CNR1046422""","""CID8111278"""
1,"""CNR1192243""","""CID6546784"""
1,"""CNR3447443""","""CID1474877"""
1,"""CNR6299297""","""CID9008170"""
1,"""CNR6181801""","""CID6229016"""
2,"""CNR1566606""","""CID7012627"""
1,"""CNR2500820""","""CID2408065"""
0,"""CNR6246664""","""CID9457486"""
2,"""CNR1516462""","""CID4648005"""
1,"""CNR8900895""","""CID9834107"""
0,"""CNR4263674""","""CID4566600"""
1,"""CNR9804560""","""CID1305960"""
1,"""CNR3241756""","""CID8757109"""
1,"""CNR2591553""","""CID8719421"""
1,"""CNR2478297""","""CID4607633"""
0,"""CNR9245188""","""CID3997017"""
0,"""CNR5342137""","""CID3277041"""
0,"""CNR3433477""","""CID5850423"""
2,"""CNR3851064""","""CID8265804"""
1,"""CNR9429361""","""CID7260976"""
1,"""CNR9053968""","""CID8006701"""
1,"""CNR7592343""","""CID3874628"""
1,"""CNR2667785""","""CID3953450"""
0,"""CNR8889729""","""CID5636227"""
1,"""CNR7446824""","""CID1174301"""
1,"""CNR3911597""","""CID1299607"""
0,"""CNR7885294""","""CID7504611"""
1,"""CNR5453771""","""CID8776856"""
1,"""CNR2152629""","""CID5351334"""
0,"""CNR7279396""","""CID7933092"""
1,"""CNR5045951""","""CID1234520"""
1,"""CNR7139111""","""CID4112398"""
1,"""CNR1012630""","""CID1839784"""
1,"""CNR6177458""","""CID5855350"""
1,"""CNR1878833""","""CID9175474"""
0,"""CNR6211968""","""CID6625823"""
0,"""CNR7123501""","""CID3241654"""
0,"""CNR8251077""","""CID2130675"""
2,"""CNR1223120""","""CID3661257"""
2,"""CNR1956372""","""CID5584343"""
0,"""CNR6562627""","""CID4148681"""
1,"""CNR2865736""","""CID3972597"""
2,"""CNR5300469""","""CID9115128"""
0,"""CNR7478581""","""CID1806076"""
2,"""CNR9772584""","""CID9487034"""
0,"""CNR2896572""","""CID8856646"""
0,"""CNR8690306""","""CID5189072"""
0,"""CNR7753150""","""CID3829684"""
2,"""CNR2396522""","""CID4120236"""
0,"""CNR3718295""","""CID5987423"""
0,"""CNR7036851""","""CID2182456"""
2,"""CNR9567421""","""CID4263992"""
1,"""CNR8027646""","""CID2009106"""
1,"""CNR1755879""","""CID1823373"""
1,"""CNR9165624""","""CID7960236"""
1,"""CNR1266225""","""CID8501022"""
2,"""CNR2355568""","""CID1485775"""
1,"""CNR2095289""","""CID8416803"""
0,"""CNR2420155""","""CID6624689"""
1,"""CNR7999058""","""CID2160225"""
0,"""CNR5184016""","""CID7171429"""
0,"""CNR9036295""","""CID5914985"""
2,"""CNR6092990""","""CID7454443"""
0,"""CNR3582417""","""CID1049546"""
2,"""CNR5684442""","""CID1050197"""
0,"""CNR9786763""","""CID3952882"""
1,"""CNR1074972""","""CID1987807"""
0,"""CNR4127614""","""CID5301073"""
1,"""CNR6830346""","""CID4916815"""
2,"""CNR8941893""","""CID6692059"""
0,"""CNR4877152""","""CID6469660"""
1,"""CNR7211892""","""CID4787027"""
1,"""CNR2987830""","""CID5696990"""
1,"""CNR1170243""","""CID3467000"""
0,"""CNR9032103""","""CID5494650"""
1,"""CNR5842678""","""CID3454018"""
2,"""CNR4673006""","""CID9959765"""
2,"""CNR6516282""","""CID7500759"""
1,"""CNR7364724""","""CID9738561"""
0,"""CNR8202612""","""CID8230011"""
0,"""CNR2064407""","""CID7121773"""
2,"""CNR1189081""","""CID3558316"""
0,"""CNR4132717""","""CID2650072"""
1,"""CNR8207998""","""CID7271471"""
2,"""CNR1161762""","""CID1811759"""
0,"""CNR3041828""","""CID7296248"""
1,"""CNR2713914""","""CID2778029"""
1,"""CNR6664637""","""CID4574496"""
2,"""CNR5296458""","""CID6738938"""
0,"""CNR3434364""","""CID4215596"""
2,"""CNR9650422""","""CID4731274"""
1,"""CNR6745267""","""CID8343221"""
2,"""CNR4553705""","""CID7594449"""
1,"""CNR4909354""","""CID9665514"""
1,"""CNR4103180""","""CID2352015"""
2,"""CNR8765994""","""CID7612705"""
0,"""CNR4960453""","""CID8282086"""
0,"""CNR4259559""","""CID3639560"""
2,"""CNR8225521""","""CID2110928"""
1,"""CNR1568941""","""CID8042576"""
0,"""CNR2696970""","""CID8444206"""
0,"""CNR9851711""","""CID8168070"""
0,"""CNR4753888""","""CID4562320"""
1,"""CNR7269044""","""CID8672500"""
0,"""CNR7548416""","""CID1362940"""
1,"""CNR2915383""","""CID8826833"""
1,"""CNR8805530""","""CID3988370"""
2,"""CNR4418307""","""CID6823590"""
0,"""CNR8516170""","""CID5071664"""
2,"""CNR5735922""","""CID1582897"""
0,"""CNR9583517""","""CID3851696"""
0,"""CNR1649397""","""CID1141766"""
2,"""CNR7584977""","""CID7954147"""
1,"""CNR7824606""","""CID2782937"""
1,"""CNR8881272""","""CID1280895"""
1,"""CNR1456091""","""CID3941182"""
2,"""CNR4088313""","""CID4833122"""
1,"""CNR2283280""","""CID1936667"""
2,"""CNR9497240""","""CID5506646"""
1,"""CNR2219054""","""CID6866713"""
0,"""CNR3408122""","""CID3567513"""
1,"""CNR3963924""","""CID4073680"""
1,"""CNR3985969""","""CID4469798"""
0,"""CNR8987150""","""CID3086394"""
0,"""CNR3135856""","""CID1665608"""
2,"""CNR3278581""","""CID9018717"""
1,"""CNR3670970""","""CID1824364"""
1,"""CNR1106442""","""CID6043616"""
1,"""CNR8053683""","""CID2417553"""
1,"""CNR7708469""","""CID6527472"""
1,"""CNR8735322""","""CID6677999"""
2,"""CNR6980877""","""CID5773283"""
1,"""CNR9637775""","""CID7608043"""
1,"""CNR9554415""","""CID4933111"""
1,"""CNR2681216""","""CID3892911"""
0,"""CNR3225268""","""CID4168280"""
1,"""CNR5173848""","""CID7594935"""
1,"""CNR8473042""","""CID7020288"""
1,"""CNR9441527""","""CID6922411"""
1,"""CNR4252308""","""CID5368167"""
0,"""CNR8411058""","""CID9007312"""
0,"""CNR1778843""","""CID5829065"""
1,"""CNR7567823""","""CID7829267"""
1,"""CNR2903331""","""CID5699081"""
0,"""CNR9076169""","""CID9199703"""
1,"""CNR9853669""","""CID5947676"""
1,"""CNR9633173""","""CID3207398"""
0,"""CNR8098664""","""CID6038132"""
0,"""CNR9801815""","""CID4022205"""
0,"""CNR4684800""","""CID4815723"""
1,"""CNR2076478""","""CID4682632"""
1,"""CNR8993419""","""CID7604425"""
2,"""CNR6596357""","""CID8202466"""
1,"""CNR7771513""","""CID9777140"""
2,"""CNR7470211""","""CID6558376"""
0,"""CNR3259824""","""CID9191083"""
2,"""CNR9408964""","""CID8590319"""
1,"""CNR2047445""","""CID9001153"""
0,"""CNR2228960""","""CID4529453"""
0,"""CNR2681606""","""CID4892153"""
1,"""CNR6053813""","""CID6435124"""
0,"""CNR5465923""","""CID2546958"""
1,"""CNR8219257""","""CID2803701"""
1,"""CNR4369587""","""CID9367195"""
0,"""CNR8892833""","""CID7372689"""
2,"""CNR9547254""","""CID7910007"""
1,"""CNR2589815""","""CID5915770"""
1,"""CNR2958942""","""CID6323537"""
2,"""CNR5474336""","""CID5023735"""
2,"""CNR1079977""","""CID4610907"""
1,"""CNR7326387""","""CID8173485"""
0,"""CNR5313692""","""CID3747207"""
2,"""CNR7092991""","""CID1197244"""
0,"""CNR5157608""","""CID2081883"""
2,"""CNR6737017""","""CID8991962"""
1,"""CNR3325745""","""CID8838430"""
1,"""CNR8790022""","""CID3364146"""
1,"""CNR4405709""","""CID4089934"""
2,"""CNR7988120""","""CID6332810"""
0,"""CNR9293763""","""CID6444949"""
1,"""CNR7182702""","""CID5562573"""
1,"""CNR3365478""","""CID3994289"""
0,"""CNR2800290""","""CID9047185"""
0,"""CNR4164923""","""CID4323552"""
1,"""CNR9093099""","""CID4361029"""
2,"""CNR3809146""","""CID1850015"""
1,"""CNR4929443""","""CID3133287"""
2,"""CNR4605523""","""CID5371823"""
2,"""CNR6093305""","""CID2161730"""
0,"""CNR8289537""","""CID4154132"""
1,"""CNR8031371""","""CID1849068"""
2,"""CNR5426956""","""CID9611088"""
2,"""CNR1130132""","""CID3270295"""
0,"""CNR3020289""","""CID7419234"""
1,"""CNR6921652""","""CID3992654"""
0,"""CNR1684935""","""CID1163109"""
1,"""CNR9019481""","""CID9628671"""
0,"""CNR7299613""","""CID5417631"""
0,"""CNR3346040""","""CID7397489"""
0,"""CNR2490784""","""CID7153247"""
0,"""CNR4857897""","""CID6812791"""
1,"""CNR4477631""","""CID1442545"""
0,"""CNR1297124""","""CID6462145"""
1,"""CNR8750150""","""CID3616313"""
1,"""CNR3453809""","""CID7335441"""
1,"""CNR7791617""","""CID4453463"""
2,"""CNR6705503""","""CID9257761"""
1,"""CNR9097022""","""CID2642168"""
2,"""CNR1247631""","""CID7424508"""
1,"""CNR2689480""","""CID3309488"""
0,"""CNR2661018""","""CID2230736"""
1,"""CNR2961396""","""CID7713573"""
0,"""CNR1265845""","""CID7256716"""
1,"""CNR2567364""","""CID2919146"""
2,"""CNR9738014""","""CID9179555"""
0,"""CNR8536871""","""CID8314049"""
0,"""CNR6618163""","""CID7024823"""
2,"""CNR3143976""","""CID1420449"""
1,"""CNR2457642""","""CID8064205"""
0,"""CNR1402526""","""CID7545175"""
0,"""CNR8839847""","""CID7554682"""
2,"""CNR1708113""","""CID6439154"""
0,"""CNR4053038""","""CID3941637"""
2,"""CNR8056620""","""CID5913723"""
2,"""CNR5574821""","""CID7129214"""
0,"""CNR5477333""","""CID7190641"""
1,"""CNR5191814""","""CID1388263"""
1,"""CNR5399975""","""CID9402016"""
0,"""CNR6701626""","""CID5258047"""
1,"""CNR7467716""","""CID4580992"""
1,"""CNR6097904""","""CID7409461"""
2,"""CNR3971541""","""CID4749350"""
2,"""CNR7346585""","""CID3314025"""
2,"""CNR7423512""","""CID9795246"""
0,"""CNR3192681""","""CID1059130"""
1,"""CNR2477472""","""CID9834933"""
0,"""CNR7601773""","""CID6697261"""
1,"""CNR2052288""","""CID4397152"""
1,"""CNR6607567""","""CID1564793"""
2,"""CNR9227642""","""CID9183550"""
0,"""CNR5213543""","""CID2154514"""
1,"""CNR8981192""","""CID5229259"""
1,"""CNR3194138""","""CID9822464"""
0,"""CNR2358349""","""CID2489805"""
0,"""CNR4888601""","""CID7985070"""
2,"""CNR7999561""","""CID3793564"""
1,"""CNR2559318""","""CID3628394"""
0,"""CNR7540331""","""CID5626578"""
0,"""CNR7245191""","""CID3139390"""
0,"""CNR9031126""","""CID8349764"""
0,"""CNR9489987""","""CID5795727"""
0,"""CNR2960954""","""CID1066454"""
0,"""CNR2691809""","""CID2707280"""
1,"""CNR8865400""","""CID6146558"""
1,"""CNR8598892""","""CID3370304"""
1,"""CNR2156151""","""CID7858224"""
1,"""CNR4644130""","""CID5192371"""
1,"""CNR4646809""","""CID3225101"""
1,"""CNR1437047""","""CID7962446"""
1,"""CNR1776233""","""CID6840123"""
1,"""CNR5967890""","""CID1354085"""
1,"""CNR4916261""","""CID9806711"""
1,"""CNR8681268""","""CID2179753"""
1,"""CNR4896617""","""CID4799896"""
1,"""CNR4972118""","""CID2198033"""
1,"""CNR2133725""","""CID9942274"""
1,"""CNR7980814""","""CID3808905"""
1,"""CNR7884850""","""CID9307267"""
1,"""CNR7522907""","""CID3835636"""
1,"""CNR9494648""","""CID1561415"""
1,"""CNR6543953""","""CID5331009"""
1,"""CNR8523005""","""CID2056040"""
1,"""CNR6067298""","""CID5507032"""
1,"""CNR4379785""","""CID4427261"""
1,"""CNR2948805""","""CID9187246"""
1,"""CNR8263485""","""CID4561032"""
2,"""CNR1377525""","""CID7934046"""
1,"""CNR8742285""","""CID7242406"""
2,"""CNR3294463""","""CID6679391"""
1,"""CNR1394941""","""CID2588961"""
2,"""CNR4725311""","""CID8576669"""
1,"""CNR5214400""","""CID8891967"""
1,"""CNR4178972""","""CID8596728"""
1,"""CNR5026209""","""CID8631963"""
2,"""CNR9399170""","""CID2362744"""
1,"""CNR6068161""","""CID1146335"""
1,"""CNR2131876""","""CID1744296"""
1,"""CNR6120336""","""CID9859986"""
1,"""CNR6896465""","""CID2978536"""
1,"""CNR1793899""","""CID1022402"""
2,"""CNR3175191""","""CID4873993"""
1,"""CNR8062881""","""CID6898671"""
2,"""CNR9294762""","""CID9012076"""
1,"""CNR2746687""","""CID3281428"""
1,"""CNR9518844""","""CID2668191"""
1,"""CNR5393734""","""CID3338473"""
1,"""CNR7035071""","""CID6317877"""
1,"""CNR8019627""","""CID5488814"""
1,"""CNR5494840""","""CID3086820"""
1,"""CNR2456246""","""CID9973477"""
1,"""CNR9824000""","""CID9490382"""
1,"""CNR9132004""","""CID8510622"""
1,"""CNR1539800""","""CID5689174"""
1,"""CNR7626287""","""CID5019844"""
1,"""CNR8609815""","""CID4183848"""
1,"""CNR4834960""","""CID9043381"""
1,"""CNR9339194""","""CID2473024"""
1,"""CNR1581778""","""CID1302665"""
1,"""CNR5669242""","""CID2398301"""
1,"""CNR5783708""","""CID3560317"""
1,"""CNR6260797""","""CID6360263"""
1,"""CNR2241347""","""CID4871672"""
1,"""CNR5546312""","""CID8444098"""
1,"""CNR1520472""","""CID7375789"""
1,"""CNR2685764""","""CID5648627"""
1,"""CNR3003042""","""CID8465271"""
1,"""CNR6419481""","""CID2859976"""
1,"""CNR3357462""","""CID3388537"""
1,"""CNR3130072""","""CID3718861"""
1,"""CNR9023881""","""CID7867012"""
1,"""CNR1482799""","""CID5338438"""
1,"""CNR7160118""","""CID6158816"""
1,"""CNR1044549""","""CID1020913"""
2,"""CNR6561616""","""CID1388951"""
1,"""CNR2859518""","""CID2160750"""
1,"""CNR4097438""","""CID4371286"""
1,"""CNR2112011""","""CID3062254"""
1,"""CNR7314741""","""CID2295820"""
1,"""CNR9030293""","""CID1759491"""
1,"""CNR1938274""","""CID2661540"""
1,"""CNR5294352""","""CID1939001"""
1,"""CNR5599620""","""CID5797532"""
1,"""CNR4712889""","""CID6274332"""
1,"""CNR9079253""","""CID3323813"""
1,"""CNR6285357""","""CID4009423"""
2,"""CNR9612687""","""CID1127899"""
1,"""CNR3866671""","""CID8071335"""
1,"""CNR8711331""","""CID1568248"""
1,"""CNR5509478""","""CID1306595"""
1,"""CNR8868927""","""CID2664954"""
1,"""CNR2353765""","""CID1933784"""
1,"""CNR2693893""","""CID7232966"""
1,"""CNR9091998""","""CID6392385"""
1,"""CNR2551007""","""CID9006274"""
1,"""CNR2591705""","""CID2369041"""
1,"""CNR3672294""","""CID3962906"""
1,"""CNR6756611""","""CID4956600"""
1,"""CNR7968217""","""CID5383548"""
1,"""CNR1779677""","""CID3947691"""
1,"""CNR2001267""","""CID1341440"""
1,"""CNR4555451""","""CID2281273"""
1,"""CNR4829706""","""CID1333027"""
1,"""CNR2731912""","""CID7220844"""
1,"""CNR4736858""","""CID7256471"""
1,"""CNR4450584""","""CID5319483"""
1,"""CNR9000935""","""CID5449503"""
1,"""CNR8190351""","""CID3261750"""
2,"""CNR2592620""","""CID7356138"""
1,"""CNR7253995""","""CID8752193"""
1,"""CNR2699953""","""CID6206794"""
1,"""CNR2052287""","""CID3597917"""
1,"""CNR7473884""","""CID3816582"""
1,"""CNR4095278""","""CID9485419"""
1,"""CNR5057956""","""CID8213724"""
1,"""CNR2090845""","""CID1203998"""
1,"""CNR9871604""","""CID2570584"""
2,"""CNR5483634""","""CID2131718"""
1,"""CNR8080968""","""CID4628748"""
2,"""CNR6027585""","""CID6520925"""
1,"""CNR7202499""","""CID1753246"""
1,"""CNR5953869""","""CID8087491"""
1,"""CNR4227887""","""CID7405378"""
1,"""CNR9865758""","""CID4149044"""
1,"""CNR3461685""","""CID2834061"""
1,"""CNR7741668""","""CID7852411"""
1,"""CNR8796784""","""CID5693453"""
1,"""CNR5193871""","""CID2617024"""
1,"""CNR7390644""","""CID7845608"""
1,"""CNR3009308""","""CID4665601"""
1,"""CNR9695739""","""CID1995440"""
1,"""CNR3162450""","""CID8527644"""
1,"""CNR8007609""","""CID7224464"""
1,"""CNR3612894""","""CID9384762"""
1,"""CNR2261788""","""CID4242364"""
1,"""CNR4943233""","""CID7773815"""
1,"""CNR7915956""","""CID9570069"""
1,"""CNR8793533""","""CID9225041"""
1,"""CNR6468295""","""CID7191179"""
1,"""CNR3550029""","""CID1410733"""
1,"""CNR3186385""","""CID4274872"""
1,"""CNR1386385""","""CID7331130"""
1,"""CNR1458277""","""CID8239624"""
1,"""CNR6535079""","""CID1662799"""
1,"""CNR5156608""","""CID6795914"""
1,"""CNR7798222""","""CID7251566"""
2,"""CNR2468762""","""CID2623963"""
1,"""CNR4591780""","""CID8663534"""
1,"""CNR1703660""","""CID3036889"""
1,"""CNR6581394""","""CID3071913"""
1,"""CNR1573723""","""CID1596786"""
1,"""CNR9309879""","""CID9008841"""
1,"""CNR4454745""","""CID5507814"""
1,"""CNR5676407""","""CID2929821"""
1,"""CNR5426851""","""CID6641979"""
1,"""CNR8059191""","""CID7520989"""
1,"""CNR4218487""","""CID3037053"""
1,"""CNR1482422""","""CID8416563"""
1,"""CNR2788875""","""CID7227328"""
2,"""CNR8489075""","""CID2330341"""
1,"""CNR4016168""","""CID3158613"""
1,"""CNR9707449""","""CID9596181"""
1,"""CNR3629760""","""CID6305414"""
2,"""CNR3672089""","""CID6184957"""
1,"""CNR9136646""","""CID4390608"""
1,"""CNR9631979""","""CID7721797"""
1,"""CNR7281088""","""CID8174065"""
1,"""CNR5234247""","""CID2682995"""
1,"""CNR1597230""","""CID4519387"""
1,"""CNR2434040""","""CID3325784"""
1,"""CNR9557764""","""CID8671489"""
1,"""CNR2385005""","""CID6162998"""
1,"""CNR9359505""","""CID4572082"""
1,"""CNR8261028""","""CID8498730"""
1,"""CNR5115556""","""CID9815034"""
2,"""CNR7073103""","""CID2691249"""
1,"""CNR5724447""","""CID3747516"""
1,"""CNR4109910""","""CID7435671"""
1,"""CNR9381855""","""CID6158762"""
1,"""CNR8685808""","""CID1111529"""
1,"""CNR1329107""","""CID8677319"""
1,"""CNR2673385""","""CID4856740"""
1,"""CNR5625725""","""CID9960277"""
2,"""CNR3809223""","""CID4386993"""
1,"""CNR1563127""","""CID8977096"""
1,"""CNR9492081""","""CID7714294"""
1,"""CNR9414264""","""CID8707974"""
1,"""CNR4972607""","""CID8701773"""
1,"""CNR2153711""","""CID5251858"""
1,"""CNR3572398""","""CID9640530"""
1,"""CNR1003720""","""CID7341065"""
1,"""CNR8739989""","""CID3736286"""
1,"""CNR9052761""","""CID3265691"""
1,"""CNR5203904""","""CID5570705"""
1,"""CNR1724837""","""CID9752890"""
1,"""CNR2271126""","""CID3274661"""
1,"""CNR4688608""","""CID7448547"""
1,"""CNR9234777""","""CID4218525"""
1,"""CNR8397722""","""CID2229060"""
1,"""CNR4478934""","""CID9291819"""
1,"""CNR8436724""","""CID1095359"""
1,"""CNR3921392""","""CID3738473"""
1,"""CNR1735403""","""CID1376289"""
2,"""CNR1060417""","""CID9141485"""
1,"""CNR8900218""","""CID1157001"""
1,"""CNR4607439""","""CID7779848"""
1,"""CNR9713225""","""CID8434878"""
1,"""CNR3598153""","""CID7978908"""
2,"""CNR8778923""","""CID6678197"""
1,"""CNR4220406""","""CID1535036"""
1,"""CNR5166342""","""CID7915764"""
1,"""CNR7487087""","""CID1223723"""
1,"""CNR4915334""","""CID3575568"""
1,"""CNR8062182""","""CID7759158"""
2,"""CNR8336996""","""CID5049987"""
1,"""CNR6614933""","""CID1350170"""
1,"""CNR8043399""","""CID7886882"""
1,"""CNR2300557""","""CID6958929"""
1,"""CNR5419949""","""CID9259276"""
1,"""CNR6423976""","""CID3492914"""
1,"""CNR4035317""","""CID1072200"""
1,"""CNR6633628""","""CID8125285"""
1,"""CNR4722816""","""CID8257553"""
1,"""CNR2109600""","""CID9508054"""
2,"""CNR5744974""","""CID6695305"""
1,"""CNR7617520""","""CID2486631"""
2,"""CNR3370449""","""CID7775011"""
1,"""CNR4866588""","""CID1441937"""
1,"""CNR9914084""","""CID8924506"""
1,"""CNR1097933""","""CID4794724"""
1,"""CNR2973576""","""CID6640427"""
1,"""CNR6317733""","""CID3429210"""
1,"""CNR8293915""","""CID9188002"""
1,"""CNR2198830""","""CID7534626"""
1,"""CNR8632132""","""CID3715468"""
1,"""CNR6411975""","""CID1267114"""
1,"""CNR4190912""","""CID8825639"""
1,"""CNR6906879""","""CID2757480"""
1,"""CNR4355775""","""CID4118600"""
2,"""CNR6944799""","""CID5513897"""
1,"""CNR4805851""","""CID6229933"""
1,"""CNR8996079""","""CID4439434"""
1,"""CNR9745306""","""CID8975171"""
2,"""CNR1558373""","""CID5207429"""
1,"""CNR5192681""","""CID9554992"""
1,"""CNR2970761""","""CID7644817"""
1,"""CNR1904306""","""CID2257328"""
1,"""CNR5835285""","""CID1209779"""
1,"""CNR4653638""","""CID7358446"""
1,"""CNR7363094""","""CID2917759"""
1,"""CNR6049642""","""CID8974069"""
2,"""CNR1758071""","""CID8688783"""
2,"""CNR1060509""","""CID8762351"""
1,"""CNR7811635""","""CID6351214"""
1,"""CNR7273024""","""CID4480963"""
1,"""CNR8904730""","""CID5494812"""
1,"""CNR3421787""","""CID5926204"""
2,"""CNR6678148""","""CID5050616"""
2,"""CNR6189376""","""CID8300096"""
1,"""CNR6710822""","""CID8175852"""
1,"""CNR7843435""","""CID7010012"""
1,"""CNR4581364""","""CID5266995"""
1,"""CNR8315929""","""CID7516137"""
1,"""CNR6555448""","""CID6556333"""
1,"""CNR2390089""","""CID6076066"""
1,"""CNR3351788""","""CID5010276"""
1,"""CNR4545771""","""CID1619325"""
1,"""CNR6107161""","""CID7021853"""
1,"""CNR7924015""","""CID6400952"""
1,"""CNR2631938""","""CID7068860"""
1,"""CNR8638871""","""CID5490895"""
1,"""CNR2845868""","""CID6517446"""
1,"""CNR9494009""","""CID8342218"""
1,"""CNR7570781""","""CID7564099"""
1,"""CNR1915585""","""CID7802130"""
1,"""CNR8668593""","""CID6479135"""
1,"""CNR8874379""","""CID9572320"""
1,"""CNR9745864""","""CID4756467"""
1,"""CNR4412813""","""CID1620711"""
1,"""CNR1648843""","""CID9105688"""
1,"""CNR9005635""","""CID5274044"""
2,"""CNR9107656""","""CID3033079"""
1,"""CNR6352752""","""CID2251360"""
1,"""CNR8950230""","""CID4506062"""
1,"""CNR3848312""","""CID6990960"""
2,"""CNR4388776""","""CID9226563"""
1,"""CNR5323565""","""CID4757636"""
1,"""CNR6655397""","""CID8873922"""
1,"""CNR5366155""","""CID7379925"""
1,"""CNR4036908""","""CID8686831"""
1,"""CNR9727625""","""CID1924300"""
2,"""CNR1521502""","""CID9019864"""
1,"""CNR5467467""","""CID9237267"""
1,"""CNR1254955""","""CID9322873"""
1,"""CNR1166258""","""CID6126905"""
1,"""CNR2270015""","""CID7862007"""
1,"""CNR6760014""","""CID7411369"""
1,"""CNR4313294""","""CID7531987"""
1,"""CNR1884177""","""CID4416851"""
1,"""CNR1189178""","""CID1146743"""
1,"""CNR4000695""","""CID9507336"""
1,"""CNR5342352""","""CID2187794"""
1,"""CNR7689286""","""CID9681415"""
1,"""CNR9611412""","""CID9628515"""
2,"""CNR4540102""","""CID4509127"""
1,"""CNR1095061""","""CID7545349"""
1,"""CNR8878815""","""CID5413927"""
2,"""CNR5329545""","""CID5063466"""
1,"""CNR9791075""","""CID4713367"""
1,"""CNR2078288""","""CID5097010"""
1,"""CNR3687572""","""CID6129856"""
1,"""CNR2414505""","""CID5137481"""
1,"""CNR8416289""","""CID3001492"""
2,"""CNR3395999""","""CID7837669"""
1,"""CNR4102529""","""CID3713427"""
1,"""CNR5547368""","""CID6331583"""
1,"""CNR9543583""","""CID7679495"""
1,"""CNR8117115""","""CID8933090"""
1,"""CNR7134335""","""CID5070833"""
2,"""CNR6190732""","""CID4171611"""
1,"""CNR8092310""","""CID7057543"""
1,"""CNR4119791""","""CID9754615"""
1,"""CNR2506063""","""CID1583177"""
1,"""CNR2957937""","""CID5922371"""
1,"""CNR3317386""","""CID8978507"""
1,"""CNR3146879""","""CID6185999"""
1,"""CNR5368974""","""CID9462595"""
1,"""CNR5952764""","""CID1583084"""
1,"""CNR7110304""","""CID1638756"""
1,"""CNR2313229""","""CID1706875"""
1,"""CNR9551730""","""CID9785959"""
2,"""CNR4458833""","""CID8419909"""
2,"""CNR7623241""","""CID9057289"""
2,"""CNR3715224""","""CID5556862"""
1,"""CNR2991376""","""CID1900259"""
1,"""CNR8185839""","""CID2445883"""
1,"""CNR4313988""","""CID5395337"""
1,"""CNR6161205""","""CID5577577"""
1,"""CNR4025701""","""CID8788115"""
1,"""CNR5674184""","""CID1854636"""
1,"""CNR3208264""","""CID5955858"""
1,"""CNR8038495""","""CID8627475"""
1,"""CNR3570692""","""CID6208700"""
1,"""CNR1676835""","""CID2329238"""
1,"""CNR5239351""","""CID6797259"""
1,"""CNR7334138""","""CID6936659"""
1,"""CNR3021480""","""CID4650265"""
1,"""CNR6722597""","""CID8067839"""
1,"""CNR6661449""","""CID5749410"""
1,"""CNR5786598""","""CID1063208"""
2,"""CNR9940192""","""CID9070576"""
1,"""CNR8714087""","""CID9487374"""
1,"""CNR8484674""","""CID8936291"""
1,"""CNR1193714""","""CID6090766"""
1,"""CNR7961508""","""CID1464773"""
1,"""CNR1649975""","""CID6218942"""
2,"""CNR3452212""","""CID2219457"""
1,"""CNR6876717""","""CID2675030"""
2,"""CNR9111518""","""CID4709803"""
1,"""CNR3044600""","""CID2972716"""
1,"""CNR2394468""","""CID7940151"""
1,"""CNR6752161""","""CID8070054"""
1,"""CNR8784933""","""CID4106268"""
1,"""CNR3002746""","""CID2131279"""
1,"""CNR9191486""","""CID3297223"""
1,"""CNR2994102""","""CID1133952"""
1,"""CNR4439639""","""CID5022028"""
1,"""CNR5755277""","""CID5226939"""
1,"""CNR4423012""","""CID2656955"""
1,"""CNR6455013""","""CID4369734"""
1,"""CNR2830198""","""CID1721069"""
1,"""CNR8590681""","""CID6989741"""
1,"""CNR3210045""","""CID2113454"""
1,"""CNR8857728""","""CID8105282"""
1,"""CNR1067821""","""CID3543759"""
2,"""CNR5193653""","""CID3669464"""
1,"""CNR8607412""","""CID5678700"""
1,"""CNR7490363""","""CID2662728"""
1,"""CNR1748702""","""CID2699517"""
1,"""CNR7899923""","""CID1500598"""
1,"""CNR3077621""","""CID6419087"""
1,"""CNR6167421""","""CID3325623"""
1,"""CNR7063139""","""CID6674297"""
1,"""CNR3776850""","""CID3927132"""
1,"""CNR4072110""","""CID8287570"""
1,"""CNR1948861""","""CID6143438"""
1,"""CNR3167885""","""CID5905227"""
1,"""CNR1766836""","""CID3595610"""
1,"""CNR8187513""","""CID9156232"""
1,"""CNR3793122""","""CID3217953"""
1,"""CNR9537986""","""CID7741858"""
1,"""CNR7353117""","""CID8848086"""
1,"""CNR8388303""","""CID5276304"""
1,"""CNR3236916""","""CID4223459"""
1,"""CNR9196807""","""CID7862243"""
1,"""CNR3527853""","""CID5964370"""
1,"""CNR8239184""","""CID5634792"""
1,"""CNR2730576""","""CID6821278"""
1,"""CNR3062603""","""CID5614844"""
1,"""CNR3291891""","""CID6421919"""
1,"""CNR6179032""","""CID7639777"""
1,"""CNR5474411""","""CID3240802"""
1,"""CNR2612649""","""CID4965523"""
1,"""CNR1363917""","""CID7018987"""
1,"""CNR9352394""","""CID2371083"""
1,"""CNR6725820""","""CID8247168"""
1,"""CNR9389043""","""CID6997884"""
1,"""CNR8938558""","""CID2990179"""
1,"""CNR4393976""","""CID7666733"""
1,"""CNR3008857""","""CID4216406"""
1,"""CNR9022133""","""CID9981618"""
1,"""CNR8004298""","""CID3706053"""
1,"""CNR3106383""","""CID5853691"""
1,"""CNR9602069""","""CID7023711"""
1,"""CNR8046160""","""CID9331622"""
1,"""CNR8109558""","""CID9278718"""
1,"""CNR4526803""","""CID4565891"""
1,"""CNR8053585""","""CID9913880"""
2,"""CNR2551648""","""CID9072422"""
1,"""CNR2786355""","""CID6978439"""
1,"""CNR2361672""","""CID6218912"""
1,"""CNR2693001""","""CID1889689"""
1,"""CNR8763015""","""CID2500317"""
1,"""CNR4180827""","""CID5616845"""
1,"""CNR9586967""","""CID8595680"""
2,"""CNR1522344""","""CID8466789"""
1,"""CNR1054015""","""CID8010657"""
1,"""CNR9931582""","""CID3983991"""
1,"""CNR2229996""","""CID1224394"""
2,"""CNR6618795""","""CID9734387"""
1,"""CNR6685199""","""CID1858637"""
1,"""CNR2832649""","""CID3468144"""
1,"""CNR6178827""","""CID6014608"""
1,"""CNR5581318""","""CID3533438"""
1,"""CNR1546962""","""CID8057176"""
1,"""CNR4410962""","""CID4529069"""
1,"""CNR6473768""","""CID1059700"""
1,"""CNR4872291""","""CID6046994"""
1,"""CNR6213486""","""CID4114384"""
2,"""CNR8046976""","""CID4766204"""
1,"""CNR6378906""","""CID4320820"""
1,"""CNR4649612""","""CID3527686"""
1,"""CNR2078950""","""CID3137104"""
1,"""CNR1510872""","""CID7636103"""
1,"""CNR5964777""","""CID6109147"""
1,"""CNR5949089""","""CID2706065"""
1,"""CNR6482348""","""CID6227882"""
1,"""CNR5686348""","""CID2643112"""
1,"""CNR1495212""","""CID8953963"""
1,"""CNR9991587""","""CID2522678"""
1,"""CNR1534256""","""CID8538159"""
1,"""CNR6084928""","""CID3615650"""
1,"""CNR6638973""","""CID1254968"""
2,"""CNR7430311""","""CID2704868"""
1,"""CNR7650389""","""CID1434500"""
2,"""CNR2763534""","""CID1075877"""
1,"""CNR3856023""","""CID6506302"""
2,"""CNR9736143""","""CID9956453"""
1,"""CNR6317408""","""CID3818349"""
1,"""CNR4020363""","""CID7300056"""
1,"""CNR5399365""","""CID3688206"""
1,"""CNR9941161""","""CID5842295"""
1,"""CNR8234858""","""CID6780475"""
1,"""CNR9758697""","""CID5658345"""
1,"""CNR5160406""","""CID8797572"""
1,"""CNR7009196""","""CID5259924"""
1,"""CNR6087748""","""CID4269024"""
1,"""CNR8440316""","""CID4430530"""
1,"""CNR9775048""","""CID3560215"""
1,"""CNR3951843""","""CID4748531"""
1,"""CNR8444327""","""CID9778258"""
1,"""CNR7120005""","""CID9761662"""
1,"""CNR6954161""","""CID4809369"""
1,"""CNR3025041""","""CID2734684"""
1,"""CNR7499719""","""CID7731156"""
1,"""CNR8289958""","""CID7563761"""
1,"""CNR2791142""","""CID9395937"""
1,"""CNR8113529""","""CID7943731"""
1,"""CNR7431252""","""CID7154265"""
1,"""CNR3679041""","""CID4466721"""
1,"""CNR5503524""","""CID6542487"""
1,"""CNR2090789""","""CID1578555"""
1,"""CNR5949362""","""CID4096410"""
1,"""CNR8949455""","""CID2473109"""
1,"""CNR1445351""","""CID3063050"""
1,"""CNR7252288""","""CID6824938"""
1,"""CNR5800411""","""CID7577182"""
1,"""CNR6375253""","""CID3480829"""
1,"""CNR5070706""","""CID4546864"""
1,"""CNR3907487""","""CID4481012"""
1,"""CNR8890451""","""CID7971838"""
1,"""CNR2436973""","""CID4328864"""
1,"""CNR6632941""","""CID9349589"""
1,"""CNR9366663""","""CID5236903"""
1,"""CNR5417849""","""CID5217909"""
1,"""CNR2343763""","""CID6746214"""
1,"""CNR9860361""","""CID7827012"""
1,"""CNR8417694""","""CID2851813"""
1,"""CNR9007549""","""CID2284009"""
1,"""CNR8309613""","""CID8301646"""
1,"""CNR3376791""","""CID6803006"""
2,"""CNR5268512""","""CID9140213"""
1,"""CNR4758907""","""CID5407822"""
1,"""CNR9067755""","""CID2337994"""
1,"""CNR9005154""","""CID8616106"""
1,"""CNR8186811""","""CID1227382"""
1,"""CNR9409161""","""CID4081605"""
1,"""CNR3363728""","""CID7255031"""
1,"""CNR6192148""","""CID4488302"""
1,"""CNR4404277""","""CID8725692"""
1,"""CNR5050813""","""CID8009483"""
1,"""CNR9985812""","""CID5339791"""
1,"""CNR8734814""","""CID9721676"""
1,"""CNR3039688""","""CID5566171"""
1,"""CNR3203132""","""CID9699662"""
1,"""CNR8739603""","""CID6439163"""
1,"""CNR3264919""","""CID3909309"""
1,"""CNR9246603""","""CID2291763"""
1,"""CNR6463893""","""CID7812852"""
1,"""CNR2063156""","""CID8669214"""
1,"""CNR7313648""","""CID8504239"""
1,"""CNR5658946""","""CID6981896"""
1,"""CNR3820640""","""CID7686079"""
2,"""CNR4353188""","""CID7613911"""
1,"""CNR5153779""","""CID9446161"""
1,"""CNR4529546""","""CID6476094"""
1,"""CNR6318571""","""CID4607960"""
1,"""CNR2069144""","""CID4432157"""
1,"""CNR7355199""","""CID2569781"""
1,"""CNR5295422""","""CID9763561"""
1,"""CNR8989249""","""CID7415631"""
1,"""CNR5774077""","""CID2744348"""
2,"""CNR8275537""","""CID5847815"""
2,"""CNR5899602""","""CID5262058"""
1,"""CNR8307932""","""CID5005328"""
1,"""CNR4037345""","""CID8959529"""
1,"""CNR9279545""","""CID9948405"""
1,"""CNR8006614""","""CID6022265"""
1,"""CNR4306143""","""CID9057474"""
2,"""CNR6617396""","""CID4615135"""
1,"""CNR3436828""","""CID6037121"""
1,"""CNR8048308""","""CID1456447"""
2,"""CNR7962622""","""CID5473035"""
1,"""CNR2930970""","""CID1566957"""
1,"""CNR7593520""","""CID2330936"""
2,"""CNR7064080""","""CID4004879"""
1,"""CNR2258714""","""CID4317582"""
1,"""CNR7807243""","""CID1399918"""
1,"""CNR5439806""","""CID8782746"""
1,"""CNR2745702""","""CID8873831"""
2,"""CNR5889856""","""CID8402732"""
1,"""CNR7825600""","""CID2161236"""
1,"""CNR3536544""","""CID7320389"""
1,"""CNR9844479""","""CID7228798"""
1,"""CNR7445325""","""CID9597856"""
1,"""CNR3869585""","""CID9350415"""
1,"""CNR4521945""","""CID5769234"""
2,"""CNR3907142""","""CID7520279"""
1,"""CNR8647039""","""CID9942260"""
1,"""CNR2972832""","""CID1501672"""
1,"""CNR3022661""","""CID9506433"""
1,"""CNR8405645""","""CID9344418"""
1,"""CNR4671913""","""CID6628403"""
1,"""CNR4055543""","""CID1102735"""
1,"""CNR3243625""","""CID5304062"""
1,"""CNR3167519""","""CID1422924"""
1,"""CNR1738050""","""CID2032133"""
1,"""CNR6884087""","""CID9556287"""
1,"""CNR3554019""","""CID2822625"""
1,"""CNR3219774""","""CID7822138"""
1,"""CNR2297672""","""CID6727229"""
1,"""CNR6750424""","""CID4396485"""
1,"""CNR1030111""","""CID1999458"""
1,"""CNR3471381""","""CID3112688"""
1,"""CNR6887685""","""CID6557903"""
1,"""CNR1810017""","""CID7312151"""
1,"""CNR8086125""","""CID7848259"""
1,"""CNR5574479""","""CID7947673"""
1,"""CNR8569839""","""CID8735698"""
1,"""CNR9846540""","""CID2083263"""
1,"""CNR3212001""","""CID9556284"""
1,"""CNR3497443""","""CID9621155"""
1,"""CNR5174698""","""CID6327470"""
1,"""CNR4338046""","""CID1365306"""
1,"""CNR2537093""","""CID5213168"""
1,"""CNR1943612""","""CID1149831"""
1,"""CNR1990262""","""CID9725914"""
1,"""CNR3617349""","""CID9118333"""
1,"""CNR6745720""","""CID8214785"""
1,"""CNR9066095""","""CID9607638"""
1,"""CNR1143564""","""CID1096660"""
1,"""CNR6862362""","""CID7954037"""
1,"""CNR1973115""","""CID8513085"""
2,"""CNR3690065""","""CID1461980"""
1,"""CNR8000125""","""CID4183098"""
1,"""CNR8560061""","""CID9174188"""
1,"""CNR8008451""","""CID5685015"""
1,"""CNR2983487""","""CID7862746"""
1,"""CNR6147815""","""CID1955797"""
1,"""CNR4748585""","""CID7771045"""
1,"""CNR1447940""","""CID8749568"""
1,"""CNR2611978""","""CID8894804"""
1,"""CNR8981216""","""CID2036476"""
1,"""CNR9362408""","""CID5376420"""
2,"""CNR1044704""","""CID7878263"""
1,"""CNR6605904""","""CID2558937"""
1,"""CNR8443322""","""CID3966503"""
1,"""CNR3825626""","""CID3720696"""
1,"""CNR1389157""","""CID7675060"""
1,"""CNR8760551""","""CID2878467"""
1,"""CNR3914591""","""CID3217781"""
1,"""CNR7632278""","""CID3236381"""
1,"""CNR5430025""","""CID7987637"""
1,"""CNR8990384""","""CID6429175"""
1,"""CNR7593392""","""CID5945175"""
1,"""CNR1371924""","""CID2672327"""
1,"""CNR3259952""","""CID2613979"""
2,"""CNR8135673""","""CID2873532"""
2,"""CNR3731980""","""CID9443136"""
1,"""CNR3421326""","""CID4053485"""
1,"""CNR5013482""","""CID6503930"""
1,"""CNR3111966""","""CID1247123"""
1,"""CNR1397450""","""CID3706522"""
1,"""CNR7127261""","""CID3216083"""
1,"""CNR1895448""","""CID5132837"""
1,"""CNR2960807""","""CID7147857"""
1,"""CNR7330474""","""CID5860340"""
1,"""CNR9228062""","""CID1037009"""
1,"""CNR9978314""","""CID8623945"""
1,"""CNR2440601""","""CID1255520"""
1,"""CNR8349497""","""CID2221796"""
1,"""CNR5021626""","""CID5451364"""
1,"""CNR5938423""","""CID4831199"""
1,"""CNR7279945""","""CID4480734"""
1,"""CNR8044491""","""CID7829315"""
1,"""CNR1949074""","""CID1650935"""
1,"""CNR1488956""","""CID9641644"""
1,"""CNR2796312""","""CID2668703"""
1,"""CNR7492059""","""CID8348811"""
1,"""CNR6948450""","""CID6187251"""
1,"""CNR8176620""","""CID1502842"""
1,"""CNR6009789""","""CID4988895"""
1,"""CNR8958935""","""CID1637157"""
1,"""CNR9971532""","""CID8634431"""
1,"""CNR4283049""","""CID7265167"""
1,"""CNR6685709""","""CID6148551"""
1,"""CNR7804498""","""CID5555489"""
1,"""CNR4466871""","""CID8937104"""
1,"""CNR2378823""","""CID1732135"""
1,"""CNR1585261""","""CID2709147"""
1,"""CNR5758894""","""CID8881219"""
1,"""CNR3728106""","""CID6500668"""
1,"""CNR5569513""","""CID9311581"""
2,"""CNR3341599""","""CID1076773"""
1,"""CNR5832556""","""CID2760525"""
1,"""CNR9631909""","""CID2916328"""
1,"""CNR5362650""","""CID1703497"""
1,"""CNR5067581""","""CID7359549"""
1,"""CNR2339783""","""CID7630147"""
1,"""CNR7459500""","""CID5185138"""
1,"""CNR6439544""","""CID8377181"""
2,"""CNR3119794""","""CID4340348"""
2,"""CNR6612640""","""CID9757265"""
1,"""CNR2454560""","""CID8698556"""
1,"""CNR1958283""","""CID4731503"""
2,"""CNR9851885""","""CID4192977"""
1,"""CNR8913703""","""CID4798632"""
1,"""CNR2080512""","""CID6215597"""
1,"""CNR7959974""","""CID7676069"""
1,"""CNR6169327""","""CID1987255"""
1,"""CNR8589292""","""CID8635315"""
1,"""CNR4918447""","""CID8450309"""
1,"""CNR3679376""","""CID1842723"""
2,"""CNR2776026""","""CID2703160"""
1,"""CNR5947677""","""CID3924721"""
1,"""CNR8939112""","""CID9297782"""
1,"""CNR2583972""","""CID5917544"""
1,"""CNR3521234""","""CID8855959"""
1,"""CNR6850150""","""CID9988660"""
1,"""CNR1636975""","""CID4615520"""
1,"""CNR9397689""","""CID3237508"""
1,"""CNR2974224""","""CID6918729"""
1,"""CNR2629434""","""CID2076244"""
1,"""CNR6081070""","""CID1424955"""
1,"""CNR2380486""","""CID6795769"""
1,"""CNR4022975""","""CID8178319"""
2,"""CNR3114424""","""CID2781512"""
1,"""CNR4068955""","""CID6258755"""
1,"""CNR3109043""","""CID4741876"""
1,"""CNR3590729""","""CID2055953"""
1,"""CNR8258728""","""CID4914600"""
1,"""CNR6791499""","""CID8909426"""
1,"""CNR3085620""","""CID7769427"""
2,"""CNR8067623""","""CID4788468"""
1,"""CNR1655294""","""CID5770069"""
1,"""CNR3723759""","""CID7821639"""
1,"""CNR2263146""","""CID9413194"""
1,"""CNR4704651""","""CID8499721"""
1,"""CNR7319100""","""CID6222660"""
1,"""CNR9190582""","""CID7223461"""
1,"""CNR6033047""","""CID2667915"""
1,"""CNR8889879""","""CID5487109"""
1,"""CNR7702943""","""CID8666686"""
1,"""CNR8253939""","""CID5752710"""
1,"""CNR8360640""","""CID6613834"""
1,"""CNR9359285""","""CID7736359"""
1,"""CNR4163837""","""CID3112728"""
1,"""CNR7602467""","""CID6576463"""
1,"""CNR4114069""","""CID2697526"""
2,"""CNR3034517""","""CID4619540"""
1,"""CNR9394819""","""CID9301235"""
1,"""CNR9546166""","""CID7532493"""
1,"""CNR7188716""","""CID4179974"""
1,"""CNR7832278""","""CID4010131"""
1,"""CNR1714811""","""CID2023055"""
1,"""CNR8230505""","""CID4080398"""
1,"""CNR6544929""","""CID4454115"""
1,"""CNR2719503""","""CID5915777"""
2,"""CNR6458826""","""CID3196330"""
2,"""CNR6270424""","""CID5795629"""
1,"""CNR9662497""","""CID8751859"""
2,"""CNR8984770""","""CID9691386"""
1,"""CNR4097119""","""CID8141465"""
2,"""CNR8801155""","""CID7976460"""
1,"""CNR1644829""","""CID7279130"""
1,"""CNR8265765""","""CID8044505"""
1,"""CNR2131787""","""CID4018847"""
1,"""CNR6387317""","""CID7560801"""
1,"""CNR3106845""","""CID3856677"""
1,"""CNR3581016""","""CID9989719"""
1,"""CNR9114462""","""CID5775466"""
1,"""CNR1234567""","""CID4388530"""
1,"""CNR8822706""","""CID2893613"""
1,"""CNR5209376""","""CID4403073"""
1,"""CNR3972468""","""CID9855889"""
1,"""CNR1469536""","""CID8312952"""
1,"""CNR4331871""","""CID9600455"""
1,"""CNR9860368""","""CID2428084"""
1,"""CNR5823386""","""CID2414342"""
1,"""CNR9483005""","""CID7482409"""
1,"""CNR9893606""","""CID5069729"""
1,"""CNR2073621""","""CID8852307"""
1,"""CNR6290189""","""CID3448557"""
2,"""CNR3591936""","""CID7272680"""
1,"""CNR9232677""","""CID5241942"""
1,"""CNR1092612""","""CID3740329"""
1,"""CNR3449655""","""CID6146958"""
1,"""CNR4413354""","""CID9033252"""
1,"""CNR5868948""","""CID3476707"""
1,"""CNR3997890""","""CID2882236"""
1,"""CNR4420937""","""CID2262907"""
1,"""CNR2209517""","""CID1572196"""
1,"""CNR8893720""","""CID4987725"""
1,"""CNR1079634""","""CID9277680"""
1,"""CNR9130778""","""CID3180158"""
1,"""CNR2820483""","""CID2955701"""
1,"""CNR4509603""","""CID8678071"""
1,"""CNR5700816""","""CID8081960"""
1,"""CNR9803462""","""CID2126549"""
1,"""CNR3363475""","""CID1421200"""
1,"""CNR8099758""","""CID3674135"""
1,"""CNR6809149""","""CID2856504"""
1,"""CNR5592582""","""CID7414141"""
1,"""CNR8405157""","""CID6509989"""
1,"""CNR1308562""","""CID7639947"""
1,"""CNR4589605""","""CID5037199"""
1,"""CNR4088304""","""CID7619430"""
1,"""CNR6079295""","""CID6647129"""
1,"""CNR4827376""","""CID1369726"""
1,"""CNR1631022""","""CID9019145"""
2,"""CNR1968001""","""CID7867783"""
1,"""CNR9184008""","""CID5896296"""
1,"""CNR6377453""","""CID1151897"""
1,"""CNR1504432""","""CID4551469"""
1,"""CNR6270164""","""CID8575460"""
2,"""CNR4323106""","""CID2806961"""
1,"""CNR7711581""","""CID3631280"""
1,"""CNR7374306""","""CID4148284"""
1,"""CNR1283833""","""CID2665941"""
2,"""CNR9705350""","""CID7502481"""
2,"""CNR8157859""","""CID2715331"""
1,"""CNR3862290""","""CID4419293"""
1,"""CNR4019028""","""CID1497600"""
1,"""CNR2075214""","""CID9171368"""
1,"""CNR7082852""","""CID6957375"""
1,"""CNR4076951""","""CID8315529"""
1,"""CNR5590953""","""CID7804715"""
1,"""CNR4771091""","""CID2480270"""
1,"""CNR1531710""","""CID8373339"""
1,"""CNR7446501""","""CID4580672"""
2,"""CNR1316461""","""CID6414400"""
1,"""CNR8092207""","""CID6064463"""
1,"""CNR1449181""","""CID8458423"""
1,"""CNR8644031""","""CID4710639"""
1,"""CNR5099057""","""CID2526990"""
1,"""CNR7483928""","""CID4675811"""
1,"""CNR7104098""","""CID1946973"""
1,"""CNR8749746""","""CID1387876"""
1,"""CNR2290330""","""CID3654708"""
2,"""CNR4995675""","""CID3432388"""
1,"""CNR5621181""","""CID8879465"""
1,"""CNR9474712""","""CID8101417"""
1,"""CNR7600225""","""CID2931582"""
1,"""CNR4176980""","""CID7669847"""
1,"""CNR3601911""","""CID2477859"""
1,"""CNR1998194""","""CID4723413"""
1,"""CNR5144704""","""CID6104263"""
1,"""CNR4626710""","""CID1274142"""
1,"""CNR2764224""","""CID1407157"""
2,"""CNR7395488""","""CID5565895"""
1,"""CNR4860296""","""CID3716505"""
1,"""CNR1030337""","""CID8025419"""
1,"""CNR6851671""","""CID2134186"""
1,"""CNR1854078""","""CID6299131"""
1,"""CNR5253513""","""CID2649971"""
1,"""CNR8324826""","""CID9281979"""
1,"""CNR1148938""","""CID8627941"""
1,"""CNR7948719""","""CID9344837"""
1,"""CNR9193128""","""CID9796134"""
1,"""CNR4242309""","""CID3673668"""
1,"""CNR7925837""","""CID3292456"""
1,"""CNR8529842""","""CID3751866"""
1,"""CNR7910999""","""CID8574623"""
1,"""CNR1721030""","""CID3986493"""
1,"""CNR2953809""","""CID3102470"""
1,"""CNR9141902""","""CID2169748"""
1,"""CNR2257170""","""CID7032720"""
1,"""CNR2543852""","""CID5742444"""
1,"""CNR2503871""","""CID8335571"""
1,"""CNR4410920""","""CID1388408"""
1,"""CNR2951413""","""CID1551649"""
1,"""CNR7582133""","""CID4355372"""
1,"""CNR8241737""","""CID9988401"""
1,"""CNR9471813""","""CID7768590"""
1,"""CNR2408032""","""CID2153400"""
1,"""CNR1691134""","""CID2052640"""
1,"""CNR3831766""","""CID8800812"""
1,"""CNR8996084""","""CID5822137"""
1,"""CNR8911514""","""CID5300541"""
2,"""CNR9729277""","""CID2664775"""
1,"""CNR9869913""","""CID3615695"""
1,"""CNR6428076""","""CID4149944"""
1,"""CNR8825765""","""CID4713950"""
1,"""CNR5188164""","""CID4964983"""
1,"""CNR6307149""","""CID4696376"""
1,"""CNR5054221""","""CID1184545"""
1,"""CNR7350682""","""CID8993962"""
1,"""CNR6411878""","""CID1392987"""
1,"""CNR8489010""","""CID9118761"""
1,"""CNR6123412""","""CID3159129"""
1,"""CNR6117627""","""CID2132413"""
1,"""CNR2951353""","""CID7392255"""
1,"""CNR5399987""","""CID6204905"""
1,"""CNR3770022""","""CID3837545"""
2,"""CNR2402689""","""CID3172151"""
1,"""CNR1918747""","""CID9120270"""
1,"""CNR5138851""","""CID4745053"""
1,"""CNR3005412""","""CID3790884"""
1,"""CNR4329802""","""CID6859683"""
1,"""CNR3259570""","""CID1174505"""
1,"""CNR5492625""","""CID7538460"""
1,"""CNR2269442""","""CID3946019"""
1,"""CNR3038179""","""CID5350714"""
1,"""CNR8770152""","""CID8619261"""
1,"""CNR5620652""","""CID1049830"""
1,"""CNR5166894""","""CID9958422"""
1,"""CNR7912453""","""CID7425130"""
1,"""CNR8170100""","""CID9489638"""
1,"""CNR6658032""","""CID5075271"""
1,"""CNR3555063""","""CID8963123"""
1,"""CNR7489952""","""CID4729217"""
1,"""CNR1085588""","""CID1041702"""
1,"""CNR2519607""","""CID6445391"""
1,"""CNR8001681""","""CID3113584"""
1,"""CNR6162549""","""CID6967445"""
1,"""CNR6660440""","""CID6354268"""
1,"""CNR7508212""","""CID8876189"""
1,"""CNR2651908""","""CID1111912"""
1,"""CNR3514939""","""CID3844887"""
1,"""CNR4721246""","""CID6022279"""
1,"""CNR9901618""","""CID2690728"""
2,"""CNR9464814""","""CID5946572"""
1,"""CNR1378734""","""CID5779309"""
2,"""CNR3760496""","""CID3267734"""
1,"""CNR7080197""","""CID5962900"""
1,"""CNR6874041""","""CID2665111"""
1,"""CNR9933487""","""CID5194495"""
1,"""CNR4244456""","""CID2641292"""
1,"""CNR8336909""","""CID3240026"""
1,"""CNR5174064""","""CID6155433"""
1,"""CNR6551632""","""CID5485035"""
1,"""CNR5343414""","""CID6864597"""
1,"""CNR7426056""","""CID4923026"""
1,"""CNR2216790""","""CID9346521"""
1,"""CNR6370816""","""CID2029615"""
1,"""CNR8623762""","""CID1380951"""
1,"""CNR2356149""","""CID1744765"""
1,"""CNR2165183""","""CID5084307"""
1,"""CNR4562511""","""CID5251974"""
1,"""CNR3054846""","""CID7970332"""
2,"""CNR2545189""","""CID6097413"""
1,"""CNR9481148""","""CID7816461"""
1,"""CNR8333681""","""CID3635478"""
1,"""CNR5620067""","""CID5960094"""
1,"""CNR6300597""","""CID4639540"""
1,"""CNR6527018""","""CID7744780"""
1,"""CNR8994740""","""CID3819662"""
1,"""CNR5548500""","""CID1366065"""
1,"""CNR4445412""","""CID1787557"""
1,"""CNR6990857""","""CID4578446"""
1,"""CNR4207864""","""CID1105986"""
1,"""CNR3199332""","""CID2288065"""
1,"""CNR8419721""","""CID3467604"""
2,"""CNR4240446""","""CID2990509"""
1,"""CNR3276104""","""CID5162212"""
1,"""CNR7475957""","""CID5689251"""
1,"""CNR8448278""","""CID1859237"""
1,"""CNR7504737""","""CID1531066"""
1,"""CNR4704565""","""CID8833445"""
1,"""CNR4045265""","""CID8919952"""
1,"""CNR2313273""","""CID6543131"""
1,"""CNR3132956""","""CID2192580"""
1,"""CNR6936056""","""CID4056777"""
1,"""CNR1920206""","""CID3160568"""
1,"""CNR4367090""","""CID3271661"""
1,"""CNR7871423""","""CID2416802"""
1,"""CNR2332642""","""CID3343822"""
1,"""CNR6459285""","""CID8842982"""
1,"""CNR2847110""","""CID5960233"""
1,"""CNR4250618""","""CID5975227"""
1,"""CNR3970452""","""CID4254358"""
1,"""CNR8483189""","""CID7509446"""
1,"""CNR2071538""","""CID2119160"""
1,"""CNR6328367""","""CID3961001"""
1,"""CNR2335352""","""CID2126405"""
1,"""CNR1039564""","""CID2951426"""
2,"""CNR9608711""","""CID2414499"""
1,"""CNR4308780""","""CID4340248"""
1,"""CNR7491998""","""CID2269981"""
2,"""CNR7354953""","""CID8689247"""
2,"""CNR4708442""","""CID1727021"""
1,"""CNR8943666""","""CID5357020"""
1,"""CNR4174123""","""CID5916182"""
1,"""CNR5899050""","""CID9894566"""
1,"""CNR4087341""","""CID5095046"""
1,"""CNR5063006""","""CID4046772"""
1,"""CNR5613809""","""CID3382438"""
1,"""CNR2763425""","""CID5819456"""
1,"""CNR5855505""","""CID3350054"""
1,"""CNR1707126""","""CID5005664"""
1,"""CNR1146379""","""CID7176734"""
1,"""CNR9211253""","""CID3360797"""
1,"""CNR9203735""","""CID6020034"""
1,"""CNR7517884""","""CID2878491"""
1,"""CNR8171427""","""CID9859885"""
1,"""CNR2660369""","""CID6337762"""
1,"""CNR5159322""","""CID8518833"""
1,"""CNR7741105""","""CID2393355"""
1,"""CNR4168685""","""CID1879608"""
1,"""CNR9154449""","""CID1077586"""
2,"""CNR9293493""","""CID7572823"""
1,"""CNR3131817""","""CID6996992"""
1,"""CNR9637914""","""CID8877452"""
1,"""CNR4696654""","""CID7146694"""
1,"""CNR9738288""","""CID7241371"""
1,"""CNR5332621""","""CID7226209"""
1,"""CNR8234336""","""CID7225895"""
1,"""CNR2173994""","""CID9991466"""
1,"""CNR7739803""","""CID7192903"""
1,"""CNR4489245""","""CID8343522"""
1,"""CNR9534013""","""CID9780777"""
1,"""CNR9279027""","""CID6641830"""
1,"""CNR9420290""","""CID5491272"""
1,"""CNR6661240""","""CID5319201"""
1,"""CNR4659372""","""CID1299947"""
1,"""CNR6797666""","""CID1883395"""
1,"""CNR4495084""","""CID4199371"""
1,"""CNR6085881""","""CID6454598"""
1,"""CNR4660815""","""CID7934480"""
1,"""CNR9743391""","""CID7020816"""
1,"""CNR9104643""","""CID2744394"""
2,"""CNR6489189""","""CID6852508"""
1,"""CNR5020649""","""CID3279710"""
1,"""CNR7545592""","""CID8801677"""
1,"""CNR3401212""","""CID9746053"""
1,"""CNR6811708""","""CID8939280"""
1,"""CNR7753363""","""CID2875146"""
1,"""CNR6948107""","""CID8616247"""
1,"""CNR7852687""","""CID6937443"""
1,"""CNR2507981""","""CID3730992"""
1,"""CNR4979217""","""CID8760373"""
1,"""CNR6145445""","""CID7779429"""
1,"""CNR8159188""","""CID6950285"""
1,"""CNR2350892""","""CID2743867"""
1,"""CNR9221635""","""CID1975448"""
1,"""CNR4765096""","""CID6297085"""
2,"""CNR2177937""","""CID5837284"""
1,"""CNR6932041""","""CID6484845"""
1,"""CNR5449857""","""CID7482067"""
1,"""CNR2958862""","""CID8959241"""
1,"""CNR9669360""","""CID4158331"""
1,"""CNR3407387""","""CID9952270"""
1,"""CNR1302486""","""CID1016872"""
1,"""CNR4586823""","""CID7690336"""
1,"""CNR7703594""","""CID9079714"""
1,"""CNR2086345""","""CID1105988"""
1,"""CNR4379459""","""CID3166204"""
1,"""CNR3883876""","""CID9145765"""
1,"""CNR8552761""","""CID3623152"""
1,"""CNR2197849""","""CID6446646"""
1,"""CNR3571607""","""CID2657573"""
1,"""CNR7288285""","""CID6449588"""
1,"""CNR4935706""","""CID3432954"""
1,"""CNR6489693""","""CID3419869"""
1,"""CNR6403702""","""CID9254315"""
1,"""CNR3526559""","""CID9873306"""
1,"""CNR3035100""","""CID2017413"""
2,"""CNR5796018""","""CID4354105"""
1,"""CNR6627685""","""CID2185699"""
1,"""CNR7335994""","""CID8523762"""
1,"""CNR3496198""","""CID2483095"""
1,"""CNR5874475""","""CID3756858"""
1,"""CNR3282036""","""CID6535996"""
1,"""CNR6909463""","""CID8837971"""
1,"""CNR2701138""","""CID6078613"""
1,"""CNR7093109""","""CID2930214"""
2,"""CNR3016208""","""CID2113273"""
1,"""CNR8670872""","""CID1987773"""
1,"""CNR5183808""","""CID1799380"""
1,"""CNR7900551""","""CID8745460"""
1,"""CNR5285062""","""CID3105000"""
1,"""CNR8225735""","""CID8422572"""
1,"""CNR6300334""","""CID2560020"""
1,"""CNR8154336""","""CID8746649"""
1,"""CNR6102120""","""CID3183354"""
1,"""CNR5470070""","""CID4233284"""
1,"""CNR3009744""","""CID3748943"""
1,"""CNR7722088""","""CID9790184"""
1,"""CNR7163813""","""CID9798391"""
1,"""CNR2010181""","""CID5936227"""
1,"""CNR5895699""","""CID6701136"""
2,"""CNR5782860""","""CID2504707"""
1,"""CNR9272948""","""CID8712413"""
2,"""CNR7095737""","""CID6646682"""
1,"""CNR8540463""","""CID9381152"""
1,"""CNR6922290""","""CID3445110"""
1,"""CNR2438053""","""CID5175349"""
1,"""CNR4803117""","""CID4793631"""
2,"""CNR9437513""","""CID4479291"""
1,"""CNR7335952""","""CID7116351"""
2,"""CNR8001469""","""CID1862648"""
1,"""CNR3565136""","""CID5257869"""
1,"""CNR1865540""","""CID2554852"""
1,"""CNR6202655""","""CID8156730"""
1,"""CNR9210385""","""CID6064848"""
1,"""CNR6237606""","""CID5288041"""
1,"""CNR4243868""","""CID9537031"""
2,"""CNR9590327""","""CID4323587"""
1,"""CNR4772986""","""CID7664822"""
1,"""CNR1993027""","""CID8282260"""
1,"""CNR4597717""","""CID2745246"""
1,"""CNR3878252""","""CID1843309"""
1,"""CNR9861895""","""CID2647458"""
2,"""CNR6681473""","""CID9191167"""
1,"""CNR7036937""","""CID7943968"""
1,"""CNR8065016""","""CID8798044"""
1,"""CNR8565652""","""CID5840178"""
1,"""CNR2689973""","""CID5033619"""
1,"""CNR3389428""","""CID6565413"""
0,"""CNR5207100""","""CID4812016"""
0,"""CNR6320586""","""CID7548454"""
0,"""CNR1362742""","""CID7479471"""
0,"""CNR6725006""","""CID2129286"""
0,"""CNR7188146""","""CID1076165"""
0,"""CNR9542253""","""CID3201200"""
0,"""CNR4114202""","""CID6301927"""
0,"""CNR7794204""","""CID9539383"""
0,"""CNR8051770""","""CID8484295"""
0,"""CNR2463262""","""CID2255509"""
0,"""CNR8579836""","""CID4000796"""
0,"""CNR8318399""","""CID3330292"""
0,"""CNR5017701""","""CID4126824"""
2,"""CNR3220527""","""CID3019213"""
0,"""CNR5047113""","""CID5224294"""
2,"""CNR9609384""","""CID1493513"""
0,"""CNR6906953""","""CID8201287"""
0,"""CNR7280455""","""CID2503844"""
0,"""CNR7911434""","""CID8465004"""
0,"""CNR8746866""","""CID8795489"""
0,"""CNR6600242""","""CID5431707"""
0,"""CNR4685114""","""CID2665615"""
0,"""CNR3174875""","""CID9708904"""
0,"""CNR6312216""","""CID2128620"""
0,"""CNR2994688""","""CID7989940"""
0,"""CNR2717499""","""CID6417293"""
0,"""CNR6806809""","""CID2677313"""
0,"""CNR7664619""","""CID2168920"""
0,"""CNR5967157""","""CID3777066"""
0,"""CNR6373470""","""CID9880146"""
0,"""CNR2292652""","""CID1639642"""
0,"""CNR6682600""","""CID3896477"""
0,"""CNR7584073""","""CID4305666"""
0,"""CNR8042908""","""CID2899458"""
0,"""CNR1657560""","""CID9611710"""
0,"""CNR2089602""","""CID8023945"""
0,"""CNR5839309""","""CID3250273"""
0,"""CNR7168939""","""CID3991887"""
0,"""CNR4072300""","""CID1853588"""
0,"""CNR9255696""","""CID1296644"""
0,"""CNR1630012""","""CID1896104"""
0,"""CNR6947635""","""CID6576226"""
0,"""CNR7851910""","""CID6935033"""
2,"""CNR6290533""","""CID7591174"""
0,"""CNR1035319""","""CID4507968"""
0,"""CNR6995829""","""CID7512192"""
0,"""CNR8826222""","""CID2134559"""
0,"""CNR5153780""","""CID4027598"""
0,"""CNR8786587""","""CID9751249"""
0,"""CNR3124877""","""CID6859829"""
0,"""CNR9557977""","""CID6695768"""
0,"""CNR7652151""","""CID5336792"""
0,"""CNR3508736""","""CID3279404"""
0,"""CNR3854063""","""CID9771375"""
0,"""CNR3318987""","""CID6975978"""
0,"""CNR1485185""","""CID7619036"""
0,"""CNR7848019""","""CID3466764"""
0,"""CNR6604920""","""CID7501039"""
0,"""CNR7415988""","""CID2275856"""
0,"""CNR4340694""","""CID4204609"""
2,"""CNR9590347""","""CID8542093"""
0,"""CNR7827305""","""CID6778828"""
0,"""CNR7358742""","""CID6885254"""
0,"""CNR5766685""","""CID3998937"""
0,"""CNR2355589""","""CID5186947"""
0,"""CNR2327789""","""CID7614028"""
0,"""CNR9184343""","""CID4122211"""
0,"""CNR4341516""","""CID1417961"""
0,"""CNR9695617""","""CID4899499"""
0,"""CNR3854744""","""CID9043177"""
0,"""CNR2632332""","""CID9481577"""
0,"""CNR4274145""","""CID6345184"""
0,"""CNR9189938""","""CID4433640"""
0,"""CNR4456008""","""CID6216102"""
0,"""CNR4789484""","""CID7478238"""
0,"""CNR3237458""","""CID6521450"""
0,"""CNR6636668""","""CID4029236"""
0,"""CNR9053017""","""CID3146974"""
0,"""CNR1629978""","""CID9840709"""
0,"""CNR5456883""","""CID8643794"""
0,"""CNR7103408""","""CID2343202"""
2,"""CNR3895224""","""CID9038637"""
0,"""CNR4996803""","""CID8735214"""
0,"""CNR5072030""","""CID3511147"""
0,"""CNR6784123""","""CID6673648"""
0,"""CNR3005923""","""CID5914760"""
0,"""CNR8582296""","""CID5005792"""
0,"""CNR1400499""","""CID7322347"""
0,"""CNR6054713""","""CID1551109"""
0,"""CNR4420773""","""CID5388661"""
0,"""CNR5358578""","""CID4420367"""
0,"""CNR7217790""","""CID4455613"""
2,"""CNR2933480""","""CID2422434"""
0,"""CNR8838905""","""CID2245495"""
0,"""CNR7894024""","""CID4426055"""
0,"""CNR4713543""","""CID2294397"""
0,"""CNR4629603""","""CID9978137"""
0,"""CNR7168254""","""CID9524092"""
0,"""CNR1862592""","""CID8418849"""
0,"""CNR3318123""","""CID6360348"""
0,"""CNR8556130""","""CID8077071"""
0,"""CNR1248097""","""CID2488628"""
0,"""CNR3271780""","""CID1930786"""
0,"""CNR8399757""","""CID1718564"""
0,"""CNR3949041""","""CID5720118"""
0,"""CNR3017810""","""CID6360638"""
0,"""CNR3627765""","""CID7928588"""
2,"""CNR8216237""","""CID5673948"""
0,"""CNR1668646""","""CID9973762"""
0,"""CNR6896787""","""CID1720662"""
0,"""CNR1961874""","""CID3230051"""
0,"""CNR9848700""","""CID1390998"""
0,"""CNR5426586""","""CID5798997"""
0,"""CNR8238863""","""CID3155637"""
0,"""CNR9598249""","""CID9483382"""
0,"""CNR8724927""","""CID3612784"""
0,"""CNR5390652""","""CID2538762"""
0,"""CNR4338831""","""CID9965507"""
0,"""CNR2008663""","""CID3709434"""
0,"""CNR2275856""","""CID1236824"""
0,"""CNR9387257""","""CID6172678"""
0,"""CNR3526264""","""CID2012728"""
0,"""CNR9778450""","""CID4029247"""
0,"""CNR1625431""","""CID8998374"""
0,"""CNR6394070""","""CID3140081"""
0,"""CNR1728346""","""CID3268577"""
0,"""CNR6141767""","""CID8008351"""
0,"""CNR4156910""","""CID3130980"""
0,"""CNR3353379""","""CID2022999"""
0,"""CNR3584366""","""CID2445063"""
0,"""CNR5174484""","""CID8999880"""
0,"""CNR9782820""","""CID9936090"""
0,"""CNR7639376""","""CID2530781"""
0,"""CNR8705738""","""CID9371807"""
0,"""CNR6291980""","""CID3541472"""
0,"""CNR5929673""","""CID7748679"""
0,"""CNR7907384""","""CID1719881"""
0,"""CNR1232358""","""CID3691179"""
0,"""CNR8540321""","""CID9333096"""
0,"""CNR5395945""","""CID9695033"""
0,"""CNR7857230""","""CID4788100"""
0,"""CNR3080927""","""CID6074631"""
0,"""CNR1034974""","""CID3442718"""
0,"""CNR9278627""","""CID4456812"""
0,"""CNR8609923""","""CID8898581"""
0,"""CNR6427106""","""CID5914112"""
0,"""CNR2989698""","""CID2689089"""
0,"""CNR8807337""","""CID5287917"""
0,"""CNR3423880""","""CID8521921"""
0,"""CNR1821617""","""CID2360100"""
0,"""CNR8200059""","""CID4532001"""
0,"""CNR5802942""","""CID4042365"""
0,"""CNR5253462""","""CID3069783"""
0,"""CNR3235086""","""CID4919731"""
0,"""CNR4571700""","""CID9697159"""
0,"""CNR1473591""","""CID3138181"""
0,"""CNR7295723""","""CID1981229"""
0,"""CNR6039150""","""CID8169711"""
0,"""CNR7256027""","""CID8856996"""
0,"""CNR9584441""","""CID7357387"""
0,"""CNR7450317""","""CID7372046"""
0,"""CNR5158755""","""CID7048381"""
0,"""CNR7710750""","""CID2879014"""
0,"""CNR5671935""","""CID5930339"""
0,"""CNR5699093""","""CID6044294"""
0,"""CNR5641426""","""CID9099052"""
0,"""CNR8190758""","""CID1090551"""
0,"""CNR7507735""","""CID6969233"""
0,"""CNR3985910""","""CID1395796"""
0,"""CNR4848449""","""CID6620085"""
0,"""CNR4741979""","""CID5856837"""
0,"""CNR4235514""","""CID1597146"""
0,"""CNR6424441""","""CID3102992"""
0,"""CNR4106206""","""CID8346867"""
0,"""CNR9602160""","""CID5297577"""
0,"""CNR5594027""","""CID8502909"""
0,"""CNR3053768""","""CID7301438"""
0,"""CNR9281247""","""CID4020050"""
0,"""CNR6241165""","""CID5523340"""
0,"""CNR3575891""","""CID5810167"""
0,"""CNR8266953""","""CID7854161"""
0,"""CNR4502344""","""CID2641147"""
0,"""CNR4255583""","""CID4840360"""
0,"""CNR9827333""","""CID1087923"""
0,"""CNR4539515""","""CID3456901"""
0,"""CNR3072780""","""CID6078355"""
0,"""CNR4551948""","""CID7965959"""
0,"""CNR4679924""","""CID4789762"""
0,"""CNR4152557""","""CID9325946"""
0,"""CNR3246958""","""CID9646768"""
0,"""CNR3963952""","""CID7057409"""
0,"""CNR9655534""","""CID6671569"""
0,"""CNR7307741""","""CID2170911"""
0,"""CNR7932739""","""CID6809796"""
0,"""CNR2938187""","""CID6743228"""
0,"""CNR2863850""","""CID8675433"""
0,"""CNR8225214""","""CID6631528"""
0,"""CNR9286779""","""CID3079513"""
0,"""CNR3469048""","""CID8694116"""
0,"""CNR9194257""","""CID9350733"""
0,"""CNR6064182""","""CID8785695"""
0,"""CNR3873133""","""CID7448501"""
0,"""CNR4052081""","""CID9579014"""
0,"""CNR6801995""","""CID8096815"""
0,"""CNR5776788""","""CID4692183"""
0,"""CNR5015668""","""CID5999428"""
0,"""CNR3860725""","""CID9924432"""
0,"""CNR7336649""","""CID6486485"""
0,"""CNR5338869""","""CID5135879"""
0,"""CNR2382446""","""CID8894701"""
0,"""CNR3228910""","""CID7500087"""
0,"""CNR5075084""","""CID3052352"""
0,"""CNR4952913""","""CID3368045"""
0,"""CNR6674744""","""CID5303738"""
2,"""CNR1067694""","""CID1740621"""
0,"""CNR6649523""","""CID2019652"""
0,"""CNR6472498""","""CID6103657"""
0,"""CNR4263682""","""CID5174993"""
0,"""CNR4289510""","""CID4609735"""
0,"""CNR6736527""","""CID3966087"""
0,"""CNR9440519""","""CID4017226"""
0,"""CNR1753850""","""CID5036355"""
0,"""CNR5686852""","""CID5431042"""
0,"""CNR1005841""","""CID5206628"""
0,"""CNR4149920""","""CID8979707"""
0,"""CNR9904376""","""CID6273652"""
0,"""CNR4661974""","""CID4836219"""
0,"""CNR1353322""","""CID5146888"""
0,"""CNR1370234""","""CID6352419"""
0,"""CNR4196076""","""CID5001585"""
0,"""CNR4335310""","""CID3391047"""
0,"""CNR9749348""","""CID6787708"""
0,"""CNR2414959""","""CID4947176"""
0,"""CNR5437904""","""CID4028488"""
0,"""CNR5386312""","""CID1900290"""
0,"""CNR2566740""","""CID7732068"""
0,"""CNR3090364""","""CID2726010"""
0,"""CNR3321864""","""CID6741774"""
0,"""CNR7164509""","""CID9717214"""
0,"""CNR6036107""","""CID4028953"""
0,"""CNR5593775""","""CID1633795"""
0,"""CNR5489748""","""CID5564572"""
0,"""CNR3156969""","""CID8466232"""
0,"""CNR7780195""","""CID1074440"""
0,"""CNR2578933""","""CID5734050"""
0,"""CNR4230786""","""CID2617332"""
0,"""CNR3472836""","""CID2325122"""
0,"""CNR6036522""","""CID7081748"""
2,"""CNR9500832""","""CID4894244"""
0,"""CNR1315384""","""CID1633358"""
0,"""CNR1311759""","""CID3319932"""
0,"""CNR7781474""","""CID2860424"""
0,"""CNR2585554""","""CID3952853"""
0,"""CNR3852352""","""CID1283234"""
0,"""CNR9800629""","""CID1206845"""
0,"""CNR5549406""","""CID1646870"""
0,"""CNR5314773""","""CID7303835"""
0,"""CNR1350836""","""CID1250260"""
0,"""CNR7679401""","""CID4258788"""
0,"""CNR4736689""","""CID4935155"""
0,"""CNR9358932""","""CID8791153"""
0,"""CNR9447058""","""CID1093406"""
0,"""CNR7965055""","""CID6027937"""
0,"""CNR6996137""","""CID4318221"""
0,"""CNR5783541""","""CID4819343"""
0,"""CNR1180954""","""CID1267440"""
0,"""CNR8732682""","""CID6919118"""
0,"""CNR3775431""","""CID1735273"""
0,"""CNR6906187""","""CID3425205"""
0,"""CNR8802134""","""CID6660729"""
0,"""CNR4683438""","""CID5310961"""
0,"""CNR3667796""","""CID7864692"""
0,"""CNR9986220""","""CID9090611"""
0,"""CNR9609010""","""CID2393425"""
0,"""CNR8588795""","""CID4131113"""
0,"""CNR7308560""","""CID9045762"""
0,"""CNR3668194""","""CID6837776"""
0,"""CNR4170853""","""CID9561890"""
0,"""CNR6051236""","""CID3323507"""
0,"""CNR3966857""","""CID2427283"""
0,"""CNR6217536""","""CID6857164"""
0,"""CNR5013054""","""CID9176980"""
0,"""CNR4752218""","""CID8906797"""
0,"""CNR7794568""","""CID4847727"""
0,"""CNR4325786""","""CID1496776"""
0,"""CNR9106369""","""CID7947941"""
0,"""CNR6080522""","""CID6611294"""
0,"""CNR6050481""","""CID7930725"""
0,"""CNR7800234""","""CID3349821"""
0,"""CNR6041228""","""CID9354206"""
0,"""CNR7211092""","""CID9912455"""
0,"""CNR1677174""","""CID8890267"""
0,"""CNR7931881""","""CID8572072"""
0,"""CNR3125425""","""CID9206681"""
0,"""CNR2740570""","""CID8422168"""
2,"""CNR3125922""","""CID9572944"""
0,"""CNR5479748""","""CID4667897"""
0,"""CNR3193034""","""CID3796876"""
0,"""CNR9269161""","""CID5521673"""
0,"""CNR9303756""","""CID5196752"""
0,"""CNR7333721""","""CID7832413"""
0,"""CNR3309202""","""CID4660341"""
0,"""CNR2525700""","""CID1542917"""
0,"""CNR8370509""","""CID8052859"""
0,"""CNR3721026""","""CID5308285"""
0,"""CNR1041965""","""CID9673279"""
0,"""CNR6511375""","""CID5860512"""
0,"""CNR3802977""","""CID4372203"""
0,"""CNR5837438""","""CID9075950"""
0,"""CNR2653242""","""CID3042061"""
0,"""CNR4925953""","""CID7526738"""
0,"""CNR7495444""","""CID9601516"""
0,"""CNR3179875""","""CID7061785"""
0,"""CNR6823173""","""CID2709252"""
0,"""CNR4996851""","""CID9667713"""
0,"""CNR3458921""","""CID3816954"""
0,"""CNR7082837""","""CID7607451"""
0,"""CNR6008294""","""CID4406036"""
0,"""CNR9992431""","""CID3568690"""
0,"""CNR4393752""","""CID9451445"""
0,"""CNR9532972""","""CID3359784"""
0,"""CNR9835097""","""CID6428631"""
0,"""CNR9568563""","""CID4575481"""
0,"""CNR2906038""","""CID5802183"""
0,"""CNR9416970""","""CID1640776"""
0,"""CNR7457280""","""CID4547764"""
0,"""CNR6898669""","""CID7614608"""
0,"""CNR9368578""","""CID5849783"""
0,"""CNR6356919""","""CID8850918"""
0,"""CNR8966771""","""CID3467727"""
0,"""CNR5220780""","""CID5728432"""
0,"""CNR4707746""","""CID8987265"""
0,"""CNR2658148""","""CID9559776"""
0,"""CNR5317385""","""CID9398329"""
0,"""CNR1772748""","""CID3786976"""
0,"""CNR7666620""","""CID6824204"""
0,"""CNR6077340""","""CID3940798"""
0,"""CNR1742460""","""CID3935091"""
0,"""CNR5688552""","""CID8069682"""
0,"""CNR3592239""","""CID1186567"""
0,"""CNR9349211""","""CID3725996"""
0,"""CNR2861118""","""CID1510969"""
0,"""CNR5186437""","""CID3552365"""
0,"""CNR6695774""","""CID7848661"""
0,"""CNR4449763""","""CID2585474"""
0,"""CNR8034280""","""CID7101925"""
0,"""CNR4304572""","""CID5454642"""
0,"""CNR2786472""","""CID9949633"""
2,"""CNR3222897""","""CID9626773"""
0,"""CNR9942698""","""CID9431270"""
0,"""CNR3730107""","""CID8173099"""
0,"""CNR5218667""","""CID3783084"""
0,"""CNR4642421""","""CID9626131"""
0,"""CNR2667314""","""CID9333055"""
0,"""CNR5250415""","""CID9602637"""
0,"""CNR5826590""","""CID1748285"""
0,"""CNR4673357""","""CID2965744"""
0,"""CNR4445534""","""CID5778295"""
0,"""CNR2919723""","""CID6391322"""
0,"""CNR6228156""","""CID8123304"""
0,"""CNR1340328""","""CID9772720"""
0,"""CNR9869190""","""CID4598366"""
0,"""CNR4439046""","""CID8497894"""
0,"""CNR7445977""","""CID5131477"""
0,"""CNR2286379""","""CID7226973"""
0,"""CNR6206866""","""CID5275100"""
0,"""CNR2955602""","""CID6374713"""
0,"""CNR4098825""","""CID3894425"""
0,"""CNR8397609""","""CID1966201"""
0,"""CNR6378492""","""CID9608638"""
0,"""CNR6556881""","""CID9572546"""
0,"""CNR2918341""","""CID3353364"""
0,"""CNR2231892""","""CID6844856"""
0,"""CNR5806895""","""CID7473340"""
0,"""CNR6482064""","""CID5641110"""
0,"""CNR5303414""","""CID1465584"""
0,"""CNR8470405""","""CID4204590"""
0,"""CNR3263831""","""CID2207670"""
0,"""CNR7614816""","""CID1845262"""
0,"""CNR8193908""","""CID5587572"""
0,"""CNR7581890""","""CID9842330"""
0,"""CNR9178507""","""CID7186354"""
2,"""CNR7112026""","""CID2651833"""
0,"""CNR1177525""","""CID3419665"""
0,"""CNR5739949""","""CID6476780"""
0,"""CNR6941207""","""CID2462093"""
0,"""CNR7927862""","""CID4433335"""
0,"""CNR8181144""","""CID8150751"""
0,"""CNR1105059""","""CID9319740"""
0,"""CNR9070136""","""CID4533894"""
0,"""CNR5762068""","""CID5315294"""
0,"""CNR3995592""","""CID5222413"""
0,"""CNR6588087""","""CID7019350"""
2,"""CNR5646451""","""CID9726224"""
0,"""CNR4206052""","""CID5633482"""
0,"""CNR2450048""","""CID1873136"""
0,"""CNR9402705""","""CID4440765"""
0,"""CNR9095281""","""CID4410913"""
2,"""CNR3775511""","""CID9715062"""
0,"""CNR5385354""","""CID1618995"""
0,"""CNR1870388""","""CID7367715"""
0,"""CNR9676589""","""CID1199094"""
0,"""CNR1257958""","""CID3646001"""
0,"""CNR7612075""","""CID1331606"""
0,"""CNR5724335""","""CID2849745"""
0,"""CNR4529600""","""CID1899871"""
0,"""CNR4992662""","""CID2192160"""
0,"""CNR8290959""","""CID7358602"""
0,"""CNR6743421""","""CID2587342"""
0,"""CNR5277751""","""CID8588513"""
0,"""CNR7122207""","""CID4859234"""
0,"""CNR6539750""","""CID8332992"""
0,"""CNR4018966""","""CID3318568"""
0,"""CNR1928701""","""CID1258839"""
0,"""CNR7007976""","""CID4715359"""
0,"""CNR2361393""","""CID1378336"""
0,"""CNR7364309""","""CID6854562"""
0,"""CNR3267175""","""CID4926321"""
0,"""CNR5824554""","""CID6195966"""
0,"""CNR4267562""","""CID6123025"""
0,"""CNR9021671""","""CID3358791"""
0,"""CNR5583788""","""CID9184327"""
0,"""CNR2163765""","""CID5536692"""
0,"""CNR7596305""","""CID1163312"""
0,"""CNR8223163""","""CID6288077"""
0,"""CNR9280553""","""CID6217431"""
0,"""CNR3152787""","""CID9322718"""
0,"""CNR3947530""","""CID6676425"""
0,"""CNR1450627""","""CID4821353"""
0,"""CNR9001910""","""CID8192362"""
0,"""CNR5708029""","""CID3750429"""
0,"""CNR5802074""","""CID4766660"""
0,"""CNR3370889""","""CID9926521"""
0,"""CNR4612457""","""CID8062453"""
0,"""CNR1409965""","""CID1770726"""
2,"""CNR4520257""","""CID7181282"""
0,"""CNR1827777""","""CID5504900"""
0,"""CNR6924501""","""CID3350820"""
0,"""CNR9644567""","""CID2611025"""
2,"""CNR6166635""","""CID4855189"""
0,"""CNR4137983""","""CID5646122"""
0,"""CNR9000252""","""CID9121036"""
0,"""CNR2984192""","""CID6742972"""
0,"""CNR1730724""","""CID7439593"""
0,"""CNR3521577""","""CID5101192"""
0,"""CNR7262954""","""CID9925377"""
0,"""CNR1567094""","""CID9981018"""
0,"""CNR9872388""","""CID9933792"""
0,"""CNR8545115""","""CID7452691"""
0,"""CNR3775689""","""CID8687244"""
0,"""CNR4482781""","""CID3731883"""
0,"""CNR2198530""","""CID7532521"""
0,"""CNR3445950""","""CID5610365"""
0,"""CNR8676595""","""CID6967830"""
0,"""CNR7248041""","""CID3850493"""
0,"""CNR1850495""","""CID5110881"""
0,"""CNR6844732""","""CID4030886"""
0,"""CNR6716718""","""CID5301825"""
0,"""CNR8940364""","""CID3507362"""
0,"""CNR9189639""","""CID2051540"""
0,"""CNR1065943""","""CID6639414"""
0,"""CNR7252800""","""CID9590131"""
0,"""CNR2127822""","""CID2082356"""
0,"""CNR2283334""","""CID7569193"""
0,"""CNR4283869""","""CID2387142"""
0,"""CNR4969899""","""CID1531513"""
0,"""CNR1687299""","""CID6538451"""
0,"""CNR8770109""","""CID5759378"""
0,"""CNR6278809""","""CID4914951"""
0,"""CNR5570828""","""CID9849159"""
0,"""CNR8232979""","""CID1812360"""
0,"""CNR4678230""","""CID4714948"""
0,"""CNR8304481""","""CID6703350"""
0,"""CNR4468253""","""CID5418464"""
0,"""CNR7291457""","""CID5606510"""
0,"""CNR5595202""","""CID6723891"""
0,"""CNR5578935""","""CID8388090"""
0,"""CNR8421733""","""CID9481067"""
0,"""CNR2186774""","""CID2169418"""
0,"""CNR1429741""","""CID7858916"""
0,"""CNR1024688""","""CID2860853"""
0,"""CNR7590926""","""CID1765695"""
0,"""CNR9968218""","""CID5124185"""
0,"""CNR9431907""","""CID3797572"""
0,"""CNR4505512""","""CID9972042"""
0,"""CNR4519649""","""CID4485304"""
0,"""CNR4284719""","""CID4256639"""
0,"""CNR8130205""","""CID4474661"""
0,"""CNR9050570""","""CID9671147"""
0,"""CNR8169697""","""CID9969946"""
0,"""CNR7917240""","""CID8314956"""
0,"""CNR7318496""","""CID5114777"""
0,"""CNR2619105""","""CID5881979"""
0,"""CNR7988321""","""CID8056925"""
0,"""CNR2968647""","""CID2626737"""
0,"""CNR6614520""","""CID9049000"""
0,"""CNR6771455""","""CID5226439"""
0,"""CNR7034668""","""CID2954346"""
0,"""CNR5262866""","""CID8924844"""
0,"""CNR2254972""","""CID3715974"""
0,"""CNR6322276""","""CID8150857"""
0,"""CNR9338599""","""CID2929520"""
0,"""CNR1513849""","""CID1107604"""
0,"""CNR1111351""","""CID5682548"""
0,"""CNR8746456""","""CID2841341"""
0,"""CNR6848984""","""CID4518372"""
0,"""CNR3711044""","""CID2459757"""
0,"""CNR7789308""","""CID8572765"""
0,"""CNR2156045""","""CID8533771"""
0,"""CNR1136950""","""CID7785016"""
0,"""CNR9592737""","""CID6514960"""
0,"""CNR4845109""","""CID8485448"""
0,"""CNR8718646""","""CID1235560"""
0,"""CNR1595061""","""CID9901671"""
0,"""CNR1292181""","""CID4646161"""
0,"""CNR4635629""","""CID7588590"""
0,"""CNR8853309""","""CID9259764"""
0,"""CNR4934830""","""CID5120580"""
0,"""CNR4261045""","""CID9677821"""
0,"""CNR5428633""","""CID7960317"""
0,"""CNR5971274""","""CID7314440"""
0,"""CNR5237727""","""CID7074297"""
0,"""CNR9982742""","""CID6079795"""
0,"""CNR7447047""","""CID5351418"""
0,"""CNR2702269""","""CID8343321"""
0,"""CNR8523827""","""CID7452652"""
0,"""CNR2291535""","""CID5028103"""
0,"""CNR5813900""","""CID2074863"""
0,"""CNR9635799""","""CID4442223"""
0,"""CNR3810778""","""CID2695615"""
0,"""CNR3155359""","""CID4952350"""
0,"""CNR7922623""","""CID7695735"""
0,"""CNR4816658""","""CID7218905"""
0,"""CNR7447595""","""CID5479419"""
0,"""CNR8032934""","""CID7446724"""
0,"""CNR2042404""","""CID2438395"""
0,"""CNR4687153""","""CID2318075"""
0,"""CNR2183152""","""CID6843994"""
0,"""CNR8505765""","""CID2682112"""
0,"""CNR3145475""","""CID1691330"""
0,"""CNR1181155""","""CID7587397"""
0,"""CNR8239948""","""CID4239715"""
0,"""CNR8080525""","""CID3846898"""
0,"""CNR4721084""","""CID5799469"""
0,"""CNR3257280""","""CID5061066"""
0,"""CNR6910500""","""CID4365028"""
0,"""CNR7581478""","""CID1289681"""
0,"""CNR4305166""","""CID3637735"""
0,"""CNR3480842""","""CID3913668"""
0,"""CNR4738446""","""CID5156952"""
0,"""CNR8726223""","""CID4332515"""
2,"""CNR3665104""","""CID2559921"""
0,"""CNR2195833""","""CID2509286"""
0,"""CNR5506387""","""CID5774986"""
0,"""CNR8926380""","""CID4462335"""
0,"""CNR5777207""","""CID5494621"""
0,"""CNR2197731""","""CID1498438"""
0,"""CNR3116877""","""CID2645808"""
0,"""CNR9078625""","""CID9680615"""
0,"""CNR5662444""","""CID2075345"""
0,"""CNR7065443""","""CID3250913"""
0,"""CNR2993916""","""CID2949855"""
0,"""CNR6307901""","""CID6583561"""
0,"""CNR1922061""","""CID9901002"""
0,"""CNR6433551""","""CID9342882"""
0,"""CNR4604418""","""CID9106582"""
0,"""CNR1315071""","""CID8361205"""
0,"""CNR2566673""","""CID2701426"""
0,"""CNR4606803""","""CID9097651"""
0,"""CNR8987283""","""CID5585008"""
0,"""CNR4685616""","""CID6903175"""
0,"""CNR4481630""","""CID7147489"""
0,"""CNR1464718""","""CID6932889"""
0,"""CNR4625051""","""CID6754813"""
0,"""CNR3600286""","""CID9827944"""
0,"""CNR7326535""","""CID5728382"""
0,"""CNR1373422""","""CID1754191"""
0,"""CNR4096160""","""CID6904756"""
0,"""CNR6348853""","""CID9366683"""
0,"""CNR6463375""","""CID4723574"""
0,"""CNR3408352""","""CID9281723"""
0,"""CNR4704111""","""CID5653163"""
0,"""CNR8856422""","""CID9280659"""
0,"""CNR2625867""","""CID2934033"""
0,"""CNR1517560""","""CID6215165"""
0,"""CNR8148362""","""CID5392636"""
0,"""CNR3880360""","""CID9626029"""
0,"""CNR7361764""","""CID9856333"""
0,"""CNR1629176""","""CID3647333"""
0,"""CNR2770598""","""CID5020281"""
0,"""CNR3115115""","""CID6948295"""
0,"""CNR7467001""","""CID8915495"""
0,"""CNR3530847""","""CID1751882"""
0,"""CNR3582888""","""CID4955458"""
0,"""CNR7280973""","""CID8307241"""
0,"""CNR9982427""","""CID2712898"""
0,"""CNR9209602""","""CID6392359"""
0,"""CNR8347625""","""CID5669196"""
0,"""CNR9407466""","""CID2797725"""
0,"""CNR3496926""","""CID9185224"""
0,"""CNR1789434""","""CID3202765"""
0,"""CNR3337416""","""CID5469492"""
0,"""CNR4950963""","""CID4055296"""
0,"""CNR4611087""","""CID2889227"""
0,"""CNR3411209""","""CID7777794"""
0,"""CNR2275438""","""CID8808749"""
0,"""CNR7164968""","""CID8614388"""
0,"""CNR5022536""","""CID7349689"""
0,"""CNR5123560""","""CID8453633"""
0,"""CNR3124154""","""CID1863393"""
0,"""CNR9362713""","""CID5771624"""
0,"""CNR7514920""","""CID3882001"""
0,"""CNR3437004""","""CID7162659"""
0,"""CNR7497903""","""CID4606124"""
0,"""CNR8527886""","""CID3632115"""
0,"""CNR6750554""","""CID1824849"""
0,"""CNR7839200""","""CID8239410"""
0,"""CNR1701765""","""CID6794154"""
0,"""CNR7974871""","""CID5120425"""
0,"""CNR9299613""","""CID9682665"""
0,"""CNR8172524""","""CID4346949"""
0,"""CNR9254069""","""CID3212155"""
0,"""CNR2168537""","""CID4237402"""
0,"""CNR4545488""","""CID6576959"""
0,"""CNR3140292""","""CID8056857"""
0,"""CNR1415741""","""CID8217769"""
0,"""CNR8094333""","""CID2674833"""
0,"""CNR6544292""","""CID5290452"""
0,"""CNR8363670""","""CID6661007"""
0,"""CNR7525208""","""CID3119932"""
0,"""CNR7254412""","""CID9226955"""
0,"""CNR3253671""","""CID4339209"""
0,"""CNR4298886""","""CID1721877"""
0,"""CNR9503919""","""CID5828260"""
0,"""CNR9938931""","""CID1758671"""
0,"""CNR9828047""","""CID2198203"""
0,"""CNR1884148""","""CID8429081"""
0,"""CNR3538326""","""CID1714980"""
0,"""CNR1407323""","""CID3062060"""
0,"""CNR8584769""","""CID6731422"""
0,"""CNR5641739""","""CID7023902"""
0,"""CNR6272808""","""CID5615428"""
0,"""CNR9727336""","""CID7917143"""
0,"""CNR9541344""","""CID9113291"""
0,"""CNR1500774""","""CID2842200"""
0,"""CNR4521673""","""CID2563960"""
0,"""CNR2109531""","""CID1614104"""
0,"""CNR5646132""","""CID4581200"""
0,"""CNR8827967""","""CID5802972"""
0,"""CNR1319100""","""CID1577452"""
0,"""CNR3549691""","""CID3163474"""
0,"""CNR9571930""","""CID8591226"""
0,"""CNR5054914""","""CID9070737"""
0,"""CNR8640124""","""CID3802733"""
0,"""CNR4296259""","""CID7198544"""
2,"""CNR2774245""","""CID8139154"""
0,"""CNR4927320""","""CID3809970"""
0,"""CNR7372524""","""CID8628908"""
0,"""CNR7369533""","""CID1643030"""
0,"""CNR5410547""","""CID4994887"""
0,"""CNR8736948""","""CID4603511"""
0,"""CNR1352177""","""CID7329555"""
0,"""CNR6713714""","""CID1026987"""
0,"""CNR3732692""","""CID2167750"""
0,"""CNR8873400""","""CID7988345"""
0,"""CNR6111423""","""CID6307620"""
0,"""CNR9969289""","""CID4996205"""
0,"""CNR1315086""","""CID1075408"""
0,"""CNR1707593""","""CID6137929"""
0,"""CNR4906172""","""CID4151434"""
0,"""CNR5691988""","""CID9821460"""
0,"""CNR2649889""","""CID6028178"""
0,"""CNR9193844""","""CID2064010"""
0,"""CNR5568885""","""CID5956916"""
0,"""CNR9987148""","""CID3520660"""
0,"""CNR8361406""","""CID1139898"""
0,"""CNR9054083""","""CID3143600"""
0,"""CNR9838992""","""CID4627013"""
0,"""CNR8275294""","""CID2170138"""
0,"""CNR4342845""","""CID7057804"""
0,"""CNR4186186""","""CID2951610"""
0,"""CNR4225675""","""CID5686971"""
0,"""CNR1432469""","""CID4065332"""
0,"""CNR6718824""","""CID8700042"""
0,"""CNR7056286""","""CID5094600"""
0,"""CNR6847239""","""CID7766828"""
0,"""CNR6807459""","""CID2543799"""
0,"""CNR9110981""","""CID2273937"""
0,"""CNR9673774""","""CID5077043"""
0,"""CNR1330544""","""CID7471390"""
0,"""CNR5643378""","""CID7385540"""
0,"""CNR5664459""","""CID2473282"""
0,"""CNR8881295""","""CID2850923"""
0,"""CNR5069082""","""CID7829804"""
0,"""CNR5281958""","""CID6628437"""
0,"""CNR6906940""","""CID9582117"""
0,"""CNR6637392""","""CID1870248"""
0,"""CNR9947991""","""CID4625228"""
0,"""CNR3494898""","""CID4909313"""
0,"""CNR4323389""","""CID8502660"""
0,"""CNR7208847""","""CID4391964"""
0,"""CNR4092049""","""CID2359193"""
0,"""CNR5507848""","""CID2916575"""
0,"""CNR6384800""","""CID2092250"""
0,"""CNR3674428""","""CID6269278"""
0,"""CNR1118844""","""CID4376217"""
0,"""CNR9086578""","""CID2381307"""
0,"""CNR7436916""","""CID6714595"""
0,"""CNR1488744""","""CID4798555"""
0,"""CNR1011862""","""CID4762400"""
0,"""CNR6835175""","""CID2499710"""
0,"""CNR7949241""","""CID2427412"""
0,"""CNR6134672""","""CID6856730"""
0,"""CNR4070091""","""CID8319320"""
0,"""CNR5150163""","""CID9644162"""
0,"""CNR2606717""","""CID2057622"""
0,"""CNR1069570""","""CID4469316"""
0,"""CNR3524950""","""CID6191750"""
0,"""CNR9203871""","""CID8049968"""
0,"""CNR1126443""","""CID4853690"""
0,"""CNR1743674""","""CID9792222"""
0,"""CNR2066144""","""CID3456644"""
0,"""CNR9217903""","""CID6767747"""
0,"""CNR4707890""","""CID2887514"""
0,"""CNR8214934""","""CID9424614"""
0,"""CNR2079513""","""CID6170530"""
0,"""CNR1157544""","""CID7347853"""
0,"""CNR3144767""","""CID2741803"""
0,"""CNR6771967""","""CID6694333"""
0,"""CNR3184931""","""CID6135119"""
0,"""CNR3478542""","""CID6274815"""
0,"""CNR2850262""","""CID5380343"""
0,"""CNR8634940""","""CID4005206"""
0,"""CNR4891168""","""CID6894492"""
0,"""CNR5032282""","""CID9102589"""
0,"""CNR6109223""","""CID7067250"""
0,"""CNR6177879""","""CID7335534"""
0,"""CNR2083312""","""CID7599646"""
0,"""CNR9845291""","""CID2666497"""
0,"""CNR6767748""","""CID1900319"""
0,"""CNR7608233""","""CID7076206"""
0,"""CNR9456887""","""CID7461876"""
0,"""CNR5105176""","""CID6632833"""
0,"""CNR8379401""","""CID1831408"""
0,"""CNR2854735""","""CID6624364"""
0,"""CNR4989495""","""CID2102144"""
0,"""CNR6827341""","""CID8900114"""
0,"""CNR1067570""","""CID8596184"""
0,"""CNR7161411""","""CID3181916"""
0,"""CNR2640542""","""CID9101192"""
0,"""CNR4432896""","""CID3924149"""
0,"""CNR1907004""","""CID3813025"""
0,"""CNR8172315""","""CID6698483"""
0,"""CNR8859272""","""CID4492854"""
0,"""CNR5920897""","""CID9814854"""
0,"""CNR7940767""","""CID3852481"""
2,"""CNR7008556""","""CID6240544"""
0,"""CNR9132089""","""CID8918577"""
0,"""CNR5128217""","""CID8824581"""
0,"""CNR3537034""","""CID1818733"""
0,"""CNR5640936""","""CID1994159"""
0,"""CNR8535641""","""CID3907302"""
0,"""CNR5772437""","""CID1962202"""
0,"""CNR1036902""","""CID7594763"""
0,"""CNR3948726""","""CID5040521"""
0,"""CNR6505750""","""CID5648413"""
0,"""CNR2792272""","""CID1048588"""
0,"""CNR6681720""","""CID9695702"""
0,"""CNR9017236""","""CID7899026"""
0,"""CNR6633323""","""CID6204370"""
0,"""CNR9404628""","""CID2008473"""
0,"""CNR7914371""","""CID8689924"""
0,"""CNR4871771""","""CID6675017"""
0,"""CNR7433163""","""CID7686404"""
0,"""CNR8848227""","""CID7136519"""
0,"""CNR9173770""","""CID9327502"""
0,"""CNR7071720""","""CID8170135"""
0,"""CNR5580452""","""CID5166992"""
0,"""CNR8124283""","""CID4712998"""
0,"""CNR5712091""","""CID8822903"""
0,"""CNR8035693""","""CID6549968"""
0,"""CNR7860349""","""CID5161952"""
0,"""CNR6212404""","""CID1926008"""
0,"""CNR1192333""","""CID3057196"""
0,"""CNR4600216""","""CID8709837"""
0,"""CNR7375828""","""CID4191547"""
0,"""CNR2414039""","""CID7157082"""
0,"""CNR5527633""","""CID2918119"""
0,"""CNR1505893""","""CID4664209"""
0,"""CNR5880267""","""CID4185991"""
0,"""CNR3317102""","""CID1832478"""
0,"""CNR5378197""","""CID7131948"""
0,"""CNR4169543""","""CID7827534"""
0,"""CNR3963504""","""CID5313557"""
0,"""CNR3205164""","""CID5830569"""
0,"""CNR7151584""","""CID8548818"""
0,"""CNR3911300""","""CID4451986"""
0,"""CNR8227317""","""CID5703689"""
0,"""CNR2198680""","""CID7020360"""
0,"""CNR4192133""","""CID3902531"""
0,"""CNR9975506""","""CID5209696"""
0,"""CNR2272506""","""CID2066646"""
0,"""CNR2317654""","""CID9566607"""
0,"""CNR4971494""","""CID6432781"""
0,"""CNR5134915""","""CID7370996"""
0,"""CNR6593665""","""CID2758009"""
0,"""CNR1197058""","""CID9143693"""
0,"""CNR5307433""","""CID5332906"""
0,"""CNR1538005""","""CID1150887"""
0,"""CNR5509518""","""CID9518897"""
0,"""CNR6771617""","""CID7328407"""
0,"""CNR7661957""","""CID1710671"""
0,"""CNR6747817""","""CID5396697"""
0,"""CNR5985834""","""CID1083663"""
0,"""CNR4945210""","""CID1650034"""
0,"""CNR1061449""","""CID5575213"""
0,"""CNR4114622""","""CID9245585"""
0,"""CNR2995667""","""CID7673480"""
0,"""CNR1056178""","""CID6287785"""
0,"""CNR6483605""","""CID2658361"""
0,"""CNR5484308""","""CID9356595"""
0,"""CNR7502829""","""CID3618754"""
0,"""CNR7012336""","""CID7338600"""
0,"""CNR9102014""","""CID9665725"""
0,"""CNR2685791""","""CID2409314"""
0,"""CNR7084877""","""CID7508950"""
0,"""CNR1100927""","""CID4449216"""
0,"""CNR3087997""","""CID8184632"""
0,"""CNR1331183""","""CID7123688"""
0,"""CNR6492030""","""CID3813293"""
0,"""CNR8485439""","""CID7194004"""
0,"""CNR4893819""","""CID7564662"""
0,"""CNR1156032""","""CID5369669"""
0,"""CNR6566275""","""CID2823911"""
0,"""CNR2781241""","""CID9400336"""
0,"""CNR4620993""","""CID3387202"""
0,"""CNR6013136""","""CID9352924"""
0,"""CNR6827283""","""CID4632445"""
0,"""CNR4432982""","""CID1860202"""
0,"""CNR2812001""","""CID4674927"""
0,"""CNR1926690""","""CID7518778"""
0,"""CNR1907780""","""CID6566184"""
0,"""CNR4373665""","""CID7293538"""
0,"""CNR8382106""","""CID2696666"""
0,"""CNR2094794""","""CID4715495"""
0,"""CNR2056122""","""CID9490120"""
0,"""CNR4802269""","""CID1660538"""
0,"""CNR2561026""","""CID6854782"""
0,"""CNR7898765""","""CID4333148"""
0,"""CNR8667288""","""CID9682033"""
0,"""CNR2197810""","""CID4782725"""
0,"""CNR9740443""","""CID8512178"""
0,"""CNR4560984""","""CID4330273"""
0,"""CNR3736096""","""CID6732124"""
0,"""CNR9206424""","""CID1863868"""
0,"""CNR5951340""","""CID8844589"""
0,"""CNR9442223""","""CID4355037"""
0,"""CNR3182143""","""CID4784889"""
0,"""CNR1687669""","""CID8403189"""
0,"""CNR5931472""","""CID1741188"""
0,"""CNR6347086""","""CID6813244"""
0,"""CNR1122995""","""CID7737280"""
0,"""CNR6746464""","""CID1694719"""
0,"""CNR7997825""","""CID3900428"""
0,"""CNR5368313""","""CID9553156"""
0,"""CNR8052280""","""CID9510779"""
0,"""CNR8148793""","""CID4888725"""
0,"""CNR2305417""","""CID1921341"""
0,"""CNR5571599""","""CID8930636"""
0,"""CNR1129374""","""CID3294983"""
0,"""CNR9808588""","""CID5605085"""
0,"""CNR1558518""","""CID5142289"""
0,"""CNR3106036""","""CID8944432"""
0,"""CNR4824743""","""CID2698561"""
0,"""CNR9294521""","""CID2935380"""
0,"""CNR2845363""","""CID2102241"""
0,"""CNR6671283""","""CID5935874"""
0,"""CNR2234466""","""CID5048672"""
0,"""CNR9295440""","""CID4369036"""
0,"""CNR5036488""","""CID5363131"""
0,"""CNR9944112""","""CID3412091"""
0,"""CNR2721139""","""CID3909816"""
0,"""CNR5574971""","""CID7901505"""
0,"""CNR2499722""","""CID9425387"""
0,"""CNR6516518""","""CID8258591"""
0,"""CNR2563587""","""CID5003330"""
0,"""CNR7645903""","""CID3786044"""
0,"""CNR1088830""","""CID6632979"""
0,"""CNR8082017""","""CID7335897"""
0,"""CNR9397921""","""CID1883728"""
0,"""CNR1171014""","""CID5675098"""
0,"""CNR1355536""","""CID9987810"""
0,"""CNR5459730""","""CID5467185"""
0,"""CNR8901031""","""CID7232762"""
0,"""CNR2801556""","""CID8468817"""
0,"""CNR5720748""","""CID7643777"""
0,"""CNR9558689""","""CID4888627"""
0,"""CNR2721190""","""CID5725186"""
0,"""CNR7353193""","""CID1398856"""
0,"""CNR2081228""","""CID2395203"""
0,"""CNR1274591""","""CID3591934"""
2,"""CNR2583449""","""CID2010382"""
0,"""CNR1602475""","""CID2533502"""
0,"""CNR1628658""","""CID1155501"""
0,"""CNR3035124""","""CID4570874"""
0,"""CNR4480566""","""CID2612882"""
0,"""CNR7018784""","""CID5209555"""
0,"""CNR3165781""","""CID2082268"""
0,"""CNR7847983""","""CID6305834"""
0,"""CNR3078300""","""CID2524648"""
0,"""CNR8925263""","""CID6484737"""
0,"""CNR3338496""","""CID1294281"""
0,"""CNR8557538""","""CID8291517"""
0,"""CNR1754908""","""CID9711053"""
0,"""CNR7170470""","""CID2377534"""
0,"""CNR2377605""","""CID8052140"""
0,"""CNR8219954""","""CID3511813"""
0,"""CNR1803970""","""CID7208982"""
0,"""CNR9631223""","""CID3512265"""
0,"""CNR7377028""","""CID2903938"""
0,"""CNR8203154""","""CID6559428"""
0,"""CNR1089763""","""CID7875692"""
0,"""CNR4477641""","""CID2736729"""
0,"""CNR3784194""","""CID5010079"""
0,"""CNR1477479""","""CID4513608"""
0,"""CNR3990900""","""CID6272720"""
0,"""CNR3251097""","""CID9702118"""
0,"""CNR4096966""","""CID1799591"""
0,"""CNR5777996""","""CID7213173"""
0,"""CNR3194677""","""CID2609405"""
0,"""CNR1307931""","""CID7447173"""
0,"""CNR2807268""","""CID3022687"""
0,"""CNR5475530""","""CID5270168"""
0,"""CNR5247848""","""CID8468372"""
0,"""CNR6342520""","""CID8459490"""
0,"""CNR6050457""","""CID2178552"""
0,"""CNR2136577""","""CID3283573"""
0,"""CNR8939939""","""CID7986133"""
0,"""CNR4947291""","""CID9503472"""
0,"""CNR7666949""","""CID8473794"""
0,"""CNR2682883""","""CID6654020"""
0,"""CNR6784138""","""CID7063531"""
0,"""CNR8469536""","""CID5087331"""
0,"""CNR8668194""","""CID7169355"""
0,"""CNR8272358""","""CID3610894"""
0,"""CNR8400728""","""CID8574410"""
0,"""CNR3227421""","""CID2648544"""
0,"""CNR4446198""","""CID7866248"""
0,"""CNR7055732""","""CID1315150"""
0,"""CNR5987555""","""CID8824530"""
0,"""CNR4617963""","""CID4722859"""
0,"""CNR4617604""","""CID7235258"""
0,"""CNR5508682""","""CID1818836"""
0,"""CNR2398536""","""CID3558452"""
0,"""CNR8370964""","""CID9514758"""
0,"""CNR9350375""","""CID5988446"""
0,"""CNR8370409""","""CID4585812"""
0,"""CNR4475732""","""CID7837751"""
0,"""CNR5939346""","""CID7162008"""
0,"""CNR7965323""","""CID4925303"""
0,"""CNR9118753""","""CID5913431"""
0,"""CNR4483765""","""CID9897215"""
0,"""CNR1368021""","""CID1778982"""
0,"""CNR4437780""","""CID9779894"""
0,"""CNR3815913""","""CID3733036"""
0,"""CNR1231342""","""CID7818764"""
0,"""CNR8082561""","""CID8719574"""
0,"""CNR5188629""","""CID1354795"""
0,"""CNR9668739""","""CID4237885"""
0,"""CNR8343998""","""CID2949663"""
0,"""CNR3701673""","""CID8233883"""
0,"""CNR8399639""","""CID5404687"""
0,"""CNR4528875""","""CID6158498"""
0,"""CNR7273754""","""CID1031162"""
0,"""CNR6346111""","""CID7635447"""
0,"""CNR4707521""","""CID6339332"""
0,"""CNR1326391""","""CID8628859"""
0,"""CNR4900843""","""CID8485082"""
0,"""CNR4359803""","""CID9844158"""
0,"""CNR6549098""","""CID8104318"""
0,"""CNR9505354""","""CID9243473"""
0,"""CNR9235159""","""CID8123044"""
0,"""CNR5463362""","""CID9626826"""
0,"""CNR3295135""","""CID9493978"""
0,"""CNR1961983""","""CID8276595"""
0,"""CNR9115024""","""CID1531543"""
0,"""CNR1372022""","""CID8198704"""
0,"""CNR9895381""","""CID2349955"""
0,"""CNR5679154""","""CID7323831"""
0,"""CNR1601211""","""CID4123721"""
0,"""CNR5246746""","""CID2409041"""
0,"""CNR5656632""","""CID8182838"""
0,"""CNR6292814""","""CID1943845"""
0,"""CNR8285690""","""CID7559185"""
0,"""CNR6597788""","""CID1131812"""
0,"""CNR5466801""","""CID2109325"""
0,"""CNR7110672""","""CID6202872"""
0,"""CNR2813127""","""CID4785742"""
0,"""CNR1731274""","""CID6465717"""
0,"""CNR5964872""","""CID2144543"""
2,"""CNR1163001""","""CID3467165"""
2,"""CNR2766543""","""CID5284802"""
0,"""CNR4113411""","""CID9923765"""
0,"""CNR5530159""","""CID3518503"""
0,"""CNR9946722""","""CID5720407"""
0,"""CNR4225981""","""CID6284224"""
0,"""CNR8509565""","""CID2155504"""
0,"""CNR7821700""","""CID6186194"""
0,"""CNR8403483""","""CID1572428"""
0,"""CNR8251553""","""CID2883987"""
0,"""CNR9821652""","""CID9635302"""
0,"""CNR6964515""","""CID4529419"""
0,"""CNR6253126""","""CID2800352"""
0,"""CNR8605994""","""CID6944693"""
0,"""CNR8700011""","""CID8597972"""
0,"""CNR4228866""","""CID1335805"""
0,"""CNR8047439""","""CID3654443"""
0,"""CNR1447259""","""CID4334931"""
0,"""CNR3618960""","""CID8447678"""
0,"""CNR9043087""","""CID4803001"""
0,"""CNR8051144""","""CID8658905"""
0,"""CNR6410669""","""CID9155192"""
0,"""CNR7528165""","""CID7282710"""
0,"""CNR6482573""","""CID6556285"""
0,"""CNR2272284""","""CID2124030"""
0,"""CNR7116640""","""CID3318479"""
0,"""CNR6130710""","""CID9976488"""
0,"""CNR6268195""","""CID9854395"""
0,"""CNR1728806""","""CID7772530"""
