idx1,idx2,distance,sample_count
703.0,773.0,1.5706824548789788,2.0
3639.0,3764.0,1.793390946394495,2.0
1130.0,1694.0,1.8628287716686909,2.0
1473.0,1613.0,1.888263878523331,2.0
1118.0,1257.0,1.9242576471646726,2.0
1255.0,1300.0,2.027594024994317,2.0
2505.0,2893.0,2.035279196546802,2.0
2944.0,3224.0,2.1135488774868127,2.0
1814.0,2098.0,2.2064576573754207,2.0
1202.0,1597.0,2.252511472803508,2.0
4363.0,4408.0,2.271152481594035,2.0
2272.0,2338.0,2.2722412319533274,2.0
1572.0,1934.0,2.2904191896178245,2.0
4278.0,4824.0,2.3250400069195183,2.0
126.0,633.0,2.3412902205216968,2.0
3981.0,4433.0,2.3707183557203337,2.0
1222.0,1634.0,2.4327574296589534,2.0
4249.0,4422.0,2.4436561098485754,2.0
1308.0,1413.0,2.4886546837733783,2.0
3022.0,3586.0,2.5349110936917114,2.0
4352.0,4858.0,2.5393863708637423,2.0
1292.0,1755.0,2.585024456122382,2.0
4612.0,4698.0,2.596623988089297,2.0
3265.0,3837.0,2.6097628642869215,2.0
3775.0,3924.0,2.650437653354862,2.0
4615.0,4810.0,2.701696102186043,2.0
1757.0,2030.0,2.741909804405508,2.0
4435.0,4538.0,2.7571761118705944,2.0
420.0,888.0,2.844019311429192,2.0
2134.0,2838.0,2.8656851627071975,2.0
1302.0,1564.0,2.8764426155825635,2.0
1104.0,2347.0,2.876688779928571,2.0
1105.0,1294.0,2.885840524115838,2.0
2966.0,3198.0,2.9177870403735833,2.0
3202.0,3208.0,2.918730307752153,2.0
2137.0,2382.0,2.9437900559743895,2.0
1589.0,1784.0,2.9659576085273023,2.0
1867.0,2078.0,2.99565728677247,2.0
4123.0,4168.0,3.0062472903260335,2.0
497.0,985.0,3.0317972343018713,2.0
3248.0,3581.0,3.0359800714156195,2.0
2216.0,2832.0,3.0598519996831595,2.0
4416.0,4604.0,3.0606972910443604,2.0
3243.0,3627.0,3.0789860236138917,2.0
3550.0,3706.0,3.0837816557739295,2.0
3238.0,3666.0,3.1000189248707826,2.0
4655.0,4917.0,3.1089137833697333,2.0
1474.0,1974.0,3.109487547933503,2.0
697.0,1003.0,3.117693154995889,2.0
4067.0,4253.0,3.119378270540228,2.0
23.0,434.0,3.123073798229199,2.0
2772.0,2810.0,3.1340789848594537,2.0
1610.0,1747.0,3.156229455959067,2.0
2720.0,2794.0,3.1674352534970587,2.0
1571.0,1990.0,3.1709760745538365,2.0
1483.0,1511.0,3.1807918721016994,2.0
3338.0,3902.0,3.1860886970276345,2.0
4360.0,4476.0,3.1873819093880305,2.0
1417.0,1778.0,3.1932222914165123,2.0
4624.0,4715.0,3.2029313305310008,2.0
14.0,907.0,3.2154373263326064,2.0
1081.0,1769.0,3.2240147120010185,2.0
2843.0,3804.0,3.2514499352090294,2.0
3003.0,3009.0,3.256021447654921,2.0
1197.0,1205.0,3.270344701755868,2.0
1718.0,1743.0,3.284556262399876,2.0
285.0,312.0,3.2880458562876296,2.0
4114.0,4644.0,3.326567292588896,2.0
1405.0,1897.0,3.344823540136218,2.0
1869.0,2028.0,3.368887067132736,2.0
2310.0,2622.0,3.3719810169656546,2.0
1141.0,1848.0,3.411356867316655,2.0
3584.0,3859.0,3.4143978101406747,2.0
4690.0,4885.0,3.429177751688319,2.0
245.0,342.0,3.4506859035354744,2.0
1807.0,1859.0,3.462860922406401,2.0
4176.0,4235.0,3.4640330338292533,2.0
3609.0,3921.0,3.4653033961283577,2.0
576.0,802.0,3.4655916758955367,2.0
4153.0,4494.0,3.466043131616886,2.0
2270.0,2828.0,3.4667436593633263,2.0
655.0,815.0,3.469237310106818,2.0
4943.0,4944.0,3.475338677291727,2.0
3120.0,3662.0,3.480474029374594,2.0
2997.0,3754.0,3.496664727699756,2.0
3023.0,3908.0,3.5060700418769515,2.0
1640.0,1885.0,3.5138624030694783,2.0
5017.0,5027.0,3.523123558265735,4.0
3031.0,3161.0,3.5289949920903103,2.0
2925.0,3948.0,3.541978531134932,2.0
1388.0,1501.0,3.5538127383674056,2.0
1732.0,2016.0,3.554335416340186,2.0
665.0,906.0,3.569830811724033,2.0
408.0,816.0,3.5737173728671925,2.0
4060.0,4451.0,3.574391563268278,2.0
1179.0,1607.0,3.584384418985647,2.0
965.0,3061.0,3.5850193141513196,2.0
377.0,828.0,3.5879414134866146,2.0
2475.0,2869.0,3.588680569325787,2.0
2676.0,2817.0,3.5936581534728727,2.0
1380.0,1525.0,3.603750699478769,2.0
2054.0,2106.0,3.615036797923592,2.0
4109.0,5038.0,3.6169833755077874,3.0
182.0,551.0,3.639516206400734,2.0
4136.0,4515.0,3.6678335511956406,2.0
4371.0,4757.0,3.66966828873061,2.0
4274.0,5015.0,3.675960135959933,3.0
2693.0,2848.0,3.689635859735713,2.0
1122.0,1411.0,3.6972563127140057,2.0
4569.0,4923.0,3.7043626438113604,2.0
4185.0,4872.0,3.7061391419202865,2.0
3300.0,3554.0,3.706894128051274,2.0
2995.0,3369.0,3.7099283398941543,2.0
2286.0,2379.0,3.727717613509752,2.0
309.0,1036.0,3.7421563402032514,2.0
1371.0,1737.0,3.757188622167142,2.0
1199.0,1895.0,3.7648400166310054,2.0
3506.0,3623.0,3.7761513213844617,2.0
3974.0,4512.0,3.792826963945202,2.0
3165.0,3168.0,3.7965433986200074,2.0
3499.0,3937.0,3.7984246686227103,2.0
205.0,262.0,3.799630934573513,2.0
488.0,1068.0,3.807838737191436,2.0
3826.0,3847.0,3.810089950713509,2.0
4428.0,4798.0,3.8166285119724654,2.0
2480.0,2540.0,3.8167781063069945,2.0
17.0,313.0,3.8217982739512526,2.0
2800.0,2868.0,3.8263813767198815,2.0
1090.0,1346.0,3.830518839218852,2.0
1558.0,1631.0,3.8349205254500283,2.0
360.0,407.0,3.83541238205104,2.0
3314.0,3478.0,3.8358214218880176,2.0
667.0,731.0,3.8360477594284417,2.0
3197.0,3298.0,3.8384484227075566,2.0
4264.0,4721.0,3.845787166114322,2.0
216.0,501.0,3.8536933453594338,2.0
3271.0,3379.0,3.882392141369391,2.0
2240.0,2739.0,3.8909734052344884,2.0
1427.0,1964.0,3.8914622269523678,2.0
1543.0,1768.0,3.898998107537743,2.0
3633.0,3820.0,3.9005057422318217,2.0
1669.0,1911.0,3.903176304141338,2.0
1347.0,1512.0,3.903526071909869,2.0
6.0,5039.0,3.917222386423507,3.0
4532.0,4825.0,3.9190601792241346,2.0
197.0,880.0,3.9246146160863002,2.0
4301.0,4658.0,3.936228113069077,2.0
4068.0,4635.0,3.9447631330005986,2.0
4621.0,4857.0,3.950072418125366,2.0
2410.0,2422.0,3.96379624634747,2.0
1527.0,1967.0,3.9712259220935606,2.0
94.0,428.0,3.9746409014321498,2.0
32.0,127.0,3.978882673356053,2.0
65.0,702.0,3.9865626247645394,2.0
967.0,2717.0,4.008491876041123,2.0
3058.0,3893.0,4.022434545231685,2.0
168.0,795.0,4.033475650957512,2.0
2575.0,2853.0,4.034383770112599,2.0
1303.0,1453.0,4.034453232712123,2.0
2417.0,5070.0,4.044981172016055,3.0
4523.0,4805.0,4.049234005584442,2.0
1580.0,1949.0,4.049589808891582,2.0
2424.0,2829.0,4.052318063928448,2.0
68.0,385.0,4.052721554916615,2.0
3585.0,3886.0,4.071596998190045,2.0
2168.0,2438.0,4.073381116589355,2.0
1164.0,1463.0,4.07502403181681,2.0
4238.0,4642.0,4.075881661149328,2.0
303.0,719.0,4.083020006542901,2.0
415.0,531.0,4.100472090765688,2.0
1614.0,5008.0,4.113599534798697,3.0
2726.0,2880.0,4.1141248347702595,2.0
3095.0,3100.0,4.116514043278961,2.0
1288.0,1532.0,4.129372405228785,2.0
4566.0,4849.0,4.131167270890222,2.0
2234.0,2791.0,4.135529454320077,2.0
2795.0,2813.0,4.136791665666058,2.0
4113.0,4485.0,4.1373730902078085,2.0
2921.0,2965.0,4.137901470217839,2.0
4418.0,4850.0,4.141499833690084,2.0
71.0,628.0,4.15178309007041,2.0
2638.0,2705.0,4.1535760083085425,2.0
3515.0,3779.0,4.160067472132398,2.0
142.0,444.0,4.182482632957966,2.0
1840.0,2052.0,4.185090041422611,2.0
379.0,5066.0,4.193225532128351,3.0
4025.0,4832.0,4.195126944698533,2.0
4115.0,5022.0,4.19588529202065,3.0
2969.0,3855.0,4.201862334000366,2.0
916.0,1065.0,4.208337566659635,2.0
2189.0,2420.0,4.2097270449769395,2.0
3294.0,3339.0,4.209799142755063,2.0
1237.0,1680.0,4.213191427322517,2.0
1270.0,2050.0,4.21543472929899,2.0
4313.0,4986.0,4.221837399790076,2.0
214.0,938.0,4.226207793526247,2.0
1625.0,1707.0,4.237124586301689,2.0
2076.0,5012.0,4.23834644384895,3.0
229.0,647.0,4.242151844197214,2.0
4502.0,5082.0,4.246744223914436,3.0
623.0,2319.0,4.249236489937232,2.0
3185.0,3445.0,4.2530277998779225,2.0
3192.0,3325.0,4.25421220309248,2.0
4017.0,5025.0,4.254599329939629,3.0
1329.0,1745.0,4.260221476696028,2.0
4368.0,4956.0,4.271622530768043,2.0
1095.0,2074.0,4.284459679308939,2.0
188.0,191.0,4.2898062419936664,2.0
3650.0,3872.0,4.29003658503328,2.0
1555.0,1581.0,4.291900270389408,2.0
2327.0,2371.0,4.298895667427969,2.0
3122.0,5164.0,4.303572518882698,3.0
98.0,662.0,4.304078104407882,2.0
1135.0,5139.0,4.306775354014087,3.0
2975.0,3910.0,4.313704195633722,2.0
1670.0,1904.0,4.317898028060087,2.0
1700.0,1855.0,4.317988277939672,2.0
24.0,539.0,4.322162945831749,2.0
1744.0,1940.0,4.322807530661162,2.0
4582.0,5020.0,4.3233254958004474,3.0
3042.0,3375.0,4.332488978194009,2.0
2963.0,3216.0,4.332732034250393,2.0
2415.0,2673.0,4.345269212647762,2.0
2412.0,2428.0,4.348800478814283,2.0
4169.0,4630.0,4.351866164629452,2.0
2396.0,2609.0,4.358873079516185,2.0
615.0,960.0,4.359240103687463,2.0
3059.0,3469.0,4.366091032102896,2.0
4019.0,4677.0,4.366137814642959,2.0
1158.0,1618.0,4.388051798674904,2.0
1654.0,1750.0,4.396136556459765,2.0
1879.0,5005.0,4.400100082773541,3.0
429.0,872.0,4.40175837060472,2.0
4012.0,4105.0,4.401906913145047,2.0
1817.0,5090.0,4.401992970280272,3.0
334.0,988.0,4.402937696576591,2.0
3247.0,3342.0,4.405443145429598,2.0
4708.0,4826.0,4.408536582861667,2.0
1201.0,1337.0,4.417787875535911,2.0
3999.0,4097.0,4.420717160683837,2.0
3199.0,3523.0,4.421813059834728,2.0
3011.0,3282.0,4.424439098342079,2.0
2166.0,2358.0,4.426216346143811,2.0
4045.0,4576.0,4.427535001336244,2.0
2261.0,3277.0,4.428876398622977,2.0
162.0,1015.0,4.4418704451363435,2.0
2962.0,3897.0,4.442565416247849,2.0
1870.0,1972.0,4.44415861295029,2.0
1425.0,5021.0,4.477716512017009,3.0
1330.0,5026.0,4.478170077393139,3.0
4100.0,4592.0,4.493485334087692,2.0
4225.0,4718.0,4.495373293703532,2.0
2423.0,2651.0,4.506127841741949,2.0
4369.0,4626.0,4.51071226734912,2.0
3877.0,3955.0,4.513577679279941,2.0
810.0,826.0,4.516584287161043,2.0
46.0,324.0,4.518223371498548,2.0
2267.0,2845.0,4.518405434248271,2.0
2913.0,3382.0,4.530603028290453,2.0
1921.0,2026.0,4.539842167143854,2.0
2514.0,2875.0,4.54185597180205,2.0
3091.0,3934.0,4.5546531699724,2.0
1362.0,1665.0,4.555203670783648,2.0
4024.0,4267.0,4.557353948198664,2.0
3156.0,3319.0,4.558785051286875,2.0
439.0,996.0,4.568477066883811,2.0
3048.0,3959.0,4.571559240660805,2.0
1657.0,2128.0,4.5732594550688,2.0
2199.0,2882.0,4.5736469024664705,2.0
3389.0,3534.0,4.574742343386633,2.0
3366.0,3556.0,4.575947633720467,2.0
3227.0,5024.0,4.576188813452374,3.0
2276.0,5051.0,4.581688572437248,3.0
3002.0,3717.0,4.581854677368946,2.0
4015.0,4625.0,4.583437659938828,2.0
3984.0,4364.0,4.584423360643584,2.0
4414.0,5102.0,4.585601523767004,4.0
471.0,727.0,4.588766345535294,2.0
4326.0,4955.0,4.598571088902912,2.0
844.0,917.0,4.599728615444272,2.0
4579.0,4883.0,4.605848881737463,2.0
2220.0,2488.0,4.60615425830111,2.0
1325.0,1390.0,4.610757187781974,2.0
1139.0,5108.0,4.610988576243644,3.0
879.0,1053.0,4.613685404188611,2.0
3125.0,3868.0,4.614908825286817,2.0
3977.0,4492.0,4.6157550668039065,2.0
3242.0,3631.0,4.616311722028833,2.0
2176.0,2183.0,4.6166686322249575,2.0
4305.0,4458.0,4.623893377794556,2.0
2732.0,2824.0,4.624305211072774,2.0
4452.0,4545.0,4.629364044294359,2.0
3328.0,3637.0,4.630962415692025,2.0
3102.0,5089.0,4.632501298852411,3.0
2333.0,2643.0,4.635747860801767,2.0
2620.0,2627.0,4.644669229473989,2.0
743.0,5000.0,4.654644831586213,3.0
507.0,997.0,4.6560236259071415,2.0
4154.0,5046.0,4.658374250755758,3.0
125.0,866.0,4.659390593339846,2.0
72.0,784.0,4.660478950173873,2.0
1467.0,1702.0,4.661304493782647,2.0
1073.0,1190.0,4.662072481242236,2.0
3340.0,3640.0,4.667221976859897,2.0
3172.0,3641.0,4.668237032488676,2.0
1082.0,1187.0,4.672564055581133,2.0
4257.0,4520.0,4.673506578056568,2.0
3276.0,3713.0,4.676466111777409,2.0
343.0,793.0,4.676517523596226,2.0
548.0,966.0,4.695610587923192,2.0
782.0,874.0,4.700857570130625,2.0
857.0,939.0,4.70229780186915,2.0
509.0,910.0,4.702643452171646,2.0
4161.0,4946.0,4.703291164511765,2.0
1488.0,5141.0,4.710096202707852,3.0
740.0,1027.0,4.7212939992574094,2.0
311.0,422.0,4.721822111434437,2.0
1112.0,1713.0,4.722117661589279,2.0
3385.0,3589.0,4.732310913408014,2.0
2336.0,2775.0,4.741264859071963,2.0
1820.0,5091.0,4.742523729744253,3.0
2092.0,2093.0,4.743044823087628,2.0
3295.0,5072.0,4.7480889373938835,3.0
4020.0,4443.0,4.748185328292695,2.0
77.0,5299.0,4.748823610243657,3.0
390.0,838.0,4.750752096345515,2.0
1212.0,1987.0,4.751868795333324,2.0
3572.0,3963.0,4.754593640584726,2.0
3040.0,3602.0,4.75515093422837,2.0
3632.0,3836.0,4.758010194035228,2.0
2993.0,3748.0,4.758533299444739,2.0
299.0,432.0,4.761311123453813,2.0
83.0,1028.0,4.763984729379209,2.0
4846.0,5148.0,4.767160440962762,3.0
3380.0,3840.0,4.767639346654467,2.0
3263.0,3831.0,4.767686572445004,2.0
4245.0,4568.0,4.769581434180326,2.0
2262.0,2385.0,4.7737012302302295,2.0
2460.0,2811.0,4.7790057058748125,2.0
3075.0,5119.0,4.782371362974285,3.0
3065.0,3620.0,4.7827971140528005,2.0
1245.0,2089.0,4.784316931666957,2.0
2149.0,5200.0,4.786438822163206,3.0
3865.0,5293.0,4.791477404952598,4.0
3241.0,3471.0,4.792957970516619,2.0
763.0,1000.0,4.796621124350786,2.0
413.0,751.0,4.799642704937256,2.0
3401.0,3487.0,4.799644501602968,2.0
2531.0,2758.0,4.805717471135467,2.0
684.0,876.0,4.807954611948706,2.0
2599.0,2815.0,4.808206360231167,2.0
332.0,825.0,4.814081166738221,2.0
3705.0,5155.0,4.81599441279222,3.0
4701.0,4847.0,4.8197010073222035,2.0
606.0,800.0,4.827841635537599,2.0
1048.0,5060.0,4.831548984701007,3.0
1438.0,5036.0,4.831610669294698,3.0
233.0,1030.0,4.833523394555888,2.0
1318.0,1335.0,4.835994792662623,2.0
591.0,840.0,4.836977291526195,2.0
2964.0,3593.0,4.839115874175626,2.0
323.0,1024.0,4.842187889111076,2.0
4432.0,5250.0,4.849815897932422,3.0
4112.0,4341.0,4.853459860730855,2.0
455.0,1014.0,4.853511025465506,2.0
1559.0,1808.0,4.855285815246437,2.0
1736.0,1901.0,4.858777707960334,2.0
2058.0,5031.0,4.867843274594329,3.0
3563.0,3952.0,4.870038109523474,2.0
3079.0,3676.0,4.870353543276323,2.0
4755.0,5144.0,4.873963712838468,3.0
3217.0,3618.0,4.881209726464329,2.0
4631.0,4696.0,4.895337678976437,2.0
674.0,971.0,4.8961622202492805,2.0
307.0,893.0,4.905180000817905,2.0
536.0,5050.0,4.906330988295912,3.0
5116.0,5184.0,4.9072364144028535,4.0
4537.0,4674.0,4.912332935784715,2.0
70.0,97.0,4.914211185805111,2.0
3264.0,3918.0,4.914446105084311,2.0
101.0,411.0,4.922354567059595,2.0
4656.0,4929.0,4.9242760618438455,2.0
1540.0,5213.0,4.925017846261731,4.0
1464.0,5365.0,4.927130223291289,3.0
700.0,756.0,4.928525880512849,2.0
1533.0,1803.0,4.9423287253292685,2.0
2448.0,2876.0,4.942676605938527,2.0
1348.0,1592.0,4.9429325193620395,2.0
2768.0,5080.0,4.9501239388672795,3.0
2146.0,2443.0,4.954769408876111,2.0
3266.0,5271.0,4.957366361090276,4.0
3486.0,3547.0,4.958396429421442,2.0
2361.0,2762.0,4.962062992416955,2.0
3233.0,3355.0,4.963886609815506,2.0
3367.0,5258.0,4.964837818859098,3.0
4606.0,4873.0,4.976536679514595,2.0
1516.0,2094.0,4.98114755170756,2.0
1429.0,1858.0,4.983566050342785,2.0
235.0,254.0,4.983802837258744,2.0
3311.0,3911.0,4.985324433364674,2.0
252.0,823.0,4.99213705174947,2.0
3235.0,3434.0,4.995129533297938,2.0
369.0,698.0,4.99553154302979,2.0
4333.0,4720.0,4.9973174358676635,2.0
427.0,855.0,4.998929663102688,2.0
1366.0,1460.0,5.0000372587356505,2.0
4383.0,4394.0,5.000663057203484,2.0
275.0,545.0,5.000745250190578,2.0
2296.0,5165.0,5.005612303066282,3.0
3527.0,3664.0,5.012389842765722,2.0
1662.0,1671.0,5.0151633163597715,2.0
3540.0,3874.0,5.020192424315042,2.0
42.0,239.0,5.025498191738563,2.0
2353.0,2902.0,5.026254721830457,2.0
1349.0,1825.0,5.027141222724102,2.0
2311.0,2646.0,5.028587590311358,2.0
241.0,297.0,5.041213373611978,2.0
1242.0,5058.0,5.041696314918262,3.0
1253.0,1908.0,5.043412847904765,2.0
4236.0,4252.0,5.043955663866942,2.0
3312.0,3466.0,5.047229604020561,2.0
4050.0,4654.0,5.05242423310331,2.0
210.0,899.0,5.053120850588827,2.0
3164.0,3793.0,5.0561288167307294,2.0
1450.0,5216.0,5.058433289951804,3.0
3117.0,3845.0,5.059025190020398,2.0
2722.0,5154.0,5.061367189098687,3.0
398.0,2840.0,5.064406940266398,2.0
1521.0,1557.0,5.065225306758664,2.0
2980.0,3308.0,5.06739854853041,2.0
1876.0,1898.0,5.068860326828821,2.0
3498.0,3964.0,5.071489080215537,2.0
181.0,549.0,5.077001470825846,2.0
435.0,846.0,5.07849998797868,2.0
959.0,5093.0,5.08059098531403,3.0
4584.0,4594.0,5.081606505338024,2.0
354.0,909.0,5.0843470569594205,2.0
4760.0,4773.0,5.091865461831308,2.0
4531.0,5203.0,5.094378003644149,4.0
223.0,318.0,5.0948042956220725,2.0
2265.0,2366.0,5.0967081123897895,2.0
4376.0,4951.0,5.097253604271799,2.0
4212.0,4217.0,5.099585305690711,2.0
4401.0,4426.0,5.1050504309597535,2.0
3096.0,3335.0,5.105323530176963,2.0
1424.0,1549.0,5.10565695373511,2.0
1290.0,2049.0,5.1180334134813075,2.0
3109.0,3318.0,5.133739966677939,2.0
4086.0,4237.0,5.140684672261554,2.0
553.0,811.0,5.141362533425628,2.0
170.0,478.0,5.145343889922468,2.0
4384.0,4564.0,5.153688630667968,2.0
4590.0,4836.0,5.159295796889239,2.0
128.0,1041.0,5.160227990608608,2.0
1530.0,1703.0,5.160729855739201,2.0
2653.0,2898.0,5.165208710657062,2.0
2764.0,2905.0,5.167939899834221,2.0
1622.0,2004.0,5.171626261829511,2.0
4041.0,4777.0,5.175453330702776,2.0
3651.0,5133.0,5.176853259564568,3.0
3321.0,3394.0,5.177455556212537,2.0
4783.0,5199.0,5.177513893920958,4.0
1710.0,1931.0,5.178414285156984,2.0
3195.0,5303.0,5.187759093840558,3.0
1321.0,1839.0,5.190121866858545,2.0
374.0,757.0,5.19364046806823,2.0
2403.0,2518.0,5.19533786964782,2.0
2950.0,3576.0,5.197917678760513,2.0
3175.0,3761.0,5.2051137591966405,2.0
2314.0,2867.0,5.20518987984313,2.0
134.0,232.0,5.205579049970664,2.0
2329.0,5029.0,5.206716601326954,3.0
1409.0,1706.0,5.208014254849395,2.0
2535.0,2616.0,5.208263238358545,2.0
250.0,5439.0,5.2113140450929345,3.0
530.0,1011.0,5.214638179185884,2.0
4345.0,4551.0,5.2207512793116315,2.0
78.0,329.0,5.221054261465792,2.0
2378.0,2733.0,5.225833726200846,2.0
3577.0,5131.0,5.2274297560222935,3.0
1333.0,1454.0,5.227450396732866,2.0
4126.0,4618.0,5.229543959471554,2.0
3222.0,3384.0,5.236556738020888,2.0
2263.0,2416.0,5.239735528362094,2.0
4539.0,5333.0,5.241385190613587,4.0
651.0,1021.0,5.244178034021394,2.0
4740.0,4859.0,5.249510149459053,2.0
1351.0,2023.0,5.2559560461706845,2.0
4514.0,5167.0,5.256587487153733,3.0
3214.0,5335.0,5.256700384382709,3.0
3329.0,3580.0,5.259469645971369,2.0
3689.0,3896.0,5.260238743630943,2.0
1176.0,1708.0,5.261311029790133,2.0
696.0,883.0,5.264648534895074,2.0
3715.0,3742.0,5.265102217010798,2.0
3673.0,3966.0,5.265456682130011,2.0
1052.0,5378.0,5.2667609958928105,3.0
1278.0,1938.0,5.267118426026083,2.0
4106.0,4338.0,5.269134837040122,2.0
1993.0,5166.0,5.271234633163139,3.0
1528.0,1833.0,5.274558694454641,2.0
80.0,460.0,5.280734388728281,2.0
4319.0,4522.0,5.282426397455667,2.0
1905.0,2077.0,5.282511797842353,2.0
4208.0,4377.0,5.284724414499363,2.0
1704.0,2719.0,5.285822369059046,2.0
1175.0,1204.0,5.286915897642049,2.0
36.0,974.0,5.292518938601776,2.0
755.0,5265.0,5.2950304455344375,3.0
4062.0,4390.0,5.300038768690255,2.0
1144.0,1250.0,5.300879985050311,2.0
2408.0,2642.0,5.302829879292509,2.0
3728.0,3806.0,5.303750989970541,2.0
3141.0,3555.0,5.304276615342317,2.0
473.0,774.0,5.3053673734964475,2.0
1749.0,2116.0,5.320894823995391,2.0
2099.0,5086.0,5.323427591619512,3.0
4480.0,4821.0,5.329952012889314,2.0
5048.0,5126.0,5.335293725173566,4.0
112.0,817.0,5.340510985592542,2.0
1843.0,2083.0,5.350083605232918,2.0
3056.0,5077.0,5.353846047712828,3.0
1991.0,2087.0,5.353865374468319,2.0
2516.0,2852.0,5.357650105663425,2.0
4543.0,4587.0,5.365130003229048,2.0
2307.0,2728.0,5.36876088783307,2.0
4699.0,4938.0,5.36953703403058,2.0
2398.0,2501.0,5.369843357474591,2.0
4504.0,4650.0,5.370491370491916,2.0
5053.0,5190.0,5.371949345623347,4.0
710.0,842.0,5.374986735162301,2.0
4298.0,5187.0,5.379309678873718,4.0
9.0,179.0,5.381889105843171,2.0
794.0,1045.0,5.392525265661207,2.0
634.0,859.0,5.393206623439331,2.0
2945.0,3595.0,5.393888245632408,2.0
537.0,5145.0,5.398629818931803,3.0
3766.0,3816.0,5.3987236636776945,2.0
3898.0,5340.0,5.399376262555245,3.0
4034.0,4931.0,5.400601633856733,2.0
4466.0,4780.0,5.400780269384024,2.0
791.0,877.0,5.405831544657187,2.0
3057.0,3322.0,5.413297597336255,2.0
1107.0,2091.0,5.41556028776624,2.0
3435.0,3441.0,5.416340516120301,2.0
1360.0,2045.0,5.417659659141753,2.0
2461.0,5137.0,5.425140233479479,3.0
2229.0,2618.0,5.428346961217696,2.0
896.0,986.0,5.42905288127851,2.0
2316.0,2888.0,5.4301734438772495,2.0
1248.0,1274.0,5.431931341105077,2.0
3430.0,3882.0,5.434120818487328,2.0
44.0,161.0,5.437417150141002,2.0
151.0,649.0,5.439108417464103,2.0
3353.0,3725.0,5.451546516716298,2.0
4536.0,4898.0,5.45327030042985,2.0
1423.0,1815.0,5.454394190168541,2.0
543.0,694.0,5.462372920724172,2.0
73.0,994.0,5.465372743981953,2.0
4048.0,4899.0,5.481108589637954,2.0
1167.0,1355.0,5.482782154840111,2.0
3196.0,5221.0,5.484076886926158,3.0
472.0,550.0,5.484661784736717,2.0
3668.0,3710.0,5.48718340797989,2.0
2573.0,2779.0,5.48775471936805,2.0
1457.0,2060.0,5.487820022416705,2.0
445.0,685.0,5.48938652797759,2.0
4959.0,4963.0,5.489482508669401,2.0
2555.0,2700.0,5.4995200515597995,2.0
4163.0,4762.0,5.500066418892025,2.0
4595.0,4660.0,5.504294566059703,2.0
1182.0,1838.0,5.509102368569925,2.0
273.0,1047.0,5.513516774681706,2.0
4472.0,5134.0,5.514383872678959,3.0
670.0,812.0,5.517028116809794,2.0
2760.0,5392.0,5.518615033328304,3.0
4596.0,4995.0,5.522327446370269,2.0
1832.0,1865.0,5.523427508667215,2.0
118.0,290.0,5.524470156423199,2.0
3436.0,3822.0,5.528503266984289,2.0
3307.0,3549.0,5.53175646437868,2.0
3437.0,5285.0,5.538453662958903,3.0
1169.0,1658.0,5.543685414679155,2.0
208.0,5078.0,5.5473828472241555,3.0
4091.0,4651.0,5.54858773449369,2.0
4619.0,4685.0,5.549666755640708,2.0
481.0,746.0,5.5529659722470965,2.0
631.0,652.0,5.553546487663658,2.0
3205.0,3505.0,5.5588134871718,2.0
1422.0,5358.0,5.561268689797388,3.0
3773.0,3916.0,5.5633079546405515,2.0
4101.0,4392.0,5.5700426837279755,2.0
4262.0,4591.0,5.570131473119291,2.0
4047.0,4941.0,5.575952461917965,2.0
3605.0,3844.0,5.580397361428082,2.0
1431.0,5054.0,5.581726037323191,3.0
4307.0,4691.0,5.581942630043019,2.0
486.0,533.0,5.584386760193565,2.0
41.0,176.0,5.5864663827842564,2.0
340.0,410.0,5.588466509078934,2.0
366.0,962.0,5.600982086763458,2.0
2376.0,2765.0,5.6097766184593665,2.0
2064.0,2101.0,5.6121405426719155,2.0
3850.0,3853.0,5.617628141130949,2.0
2282.0,2394.0,5.6246045808441645,2.0
1617.0,1639.0,5.627952975713435,2.0
3431.0,3598.0,5.62807581830613,2.0
1721.0,2113.0,5.629178730494485,2.0
2391.0,2583.0,5.640974518686154,2.0
1350.0,1664.0,5.649836871162121,2.0
320.0,681.0,5.6524898647430915,2.0
4617.0,5118.0,5.6593449430506855,3.0
1766.0,5305.0,5.659452065882033,3.0
521.0,709.0,5.662307149151241,2.0
607.0,744.0,5.664138047747619,2.0
4304.0,4507.0,5.6649187719755245,2.0
860.0,944.0,5.666589002302342,2.0
4158.0,4905.0,5.670933809274711,2.0
1161.0,1595.0,5.676868253674617,2.0
2135.0,5212.0,5.682689835623239,3.0
4186.0,4711.0,5.6827072806291925,2.0
2634.0,2664.0,5.687864884811622,2.0
287.0,987.0,5.690318858752839,2.0
2468.0,2809.0,5.695416676517673,2.0
4022.0,4130.0,5.700098608298921,2.0
2355.0,2666.0,5.705373617784208,2.0
2283.0,2633.0,5.714931959629959,2.0
3630.0,3786.0,5.715209430886822,2.0
3153.0,3588.0,5.720997923424821,2.0
2536.0,2660.0,5.724118121131853,2.0
3481.0,5318.0,5.7278120491310665,3.0
1361.0,2038.0,5.728932834774369,2.0
2979.0,3724.0,5.733798300274295,2.0
26.0,401.0,5.7368235729208985,2.0
1514.0,5009.0,5.737590839403021,3.0
3180.0,3240.0,5.739405684277864,2.0
347.0,2886.0,5.744675096421793,2.0
130.0,266.0,5.749408376737076,2.0
1277.0,1652.0,5.756872530871407,2.0
4170.0,4473.0,5.757054149335713,2.0
3810.0,3860.0,5.762325916849198,2.0
2959.0,3211.0,5.763604247907281,2.0
1968.0,2039.0,5.765444119223819,2.0
40.0,5507.0,5.769686285851893,3.0
1628.0,5249.0,5.77114398859315,4.0
1374.0,5196.0,5.7755395140365415,3.0
1962.0,5454.0,5.777476567066273,3.0
2445.0,2662.0,5.778266686398363,2.0
3001.0,3482.0,5.778273571564397,2.0
339.0,5081.0,5.782693245994892,3.0
2181.0,2301.0,5.784841866246075,2.0
2713.0,5098.0,5.787641598118334,3.0
4028.0,4682.0,5.788328084354517,2.0
1128.0,1489.0,5.788450885516127,2.0
4311.0,4605.0,5.795486148334004,2.0
4004.0,4064.0,5.801075099972732,2.0
1797.0,1977.0,5.806149686811809,2.0
4874.0,4877.0,5.8095580635627435,2.0
4347.0,4486.0,5.812463000093279,2.0
4403.0,4803.0,5.817439585309704,2.0
2491.0,2605.0,5.821223581162077,2.0
1960.0,4198.0,5.8231104480639635,2.0
1364.0,1596.0,5.823524494560928,2.0
143.0,827.0,5.825524417063024,2.0
2159.0,2632.0,5.829055924028712,2.0
1133.0,5387.0,5.829846506831713,3.0
5042.0,5531.0,5.831414231088033,6.0
3599.0,5581.0,5.832457237901845,4.0
2937.0,5117.0,5.83743225641565,3.0
3167.0,3201.0,5.8420301736517315,2.0
3949.0,5085.0,5.842442155985378,3.0
4672.0,4958.0,5.849550766793496,2.0
483.0,5572.0,5.852524224042492,3.0
310.0,544.0,5.854904216373369,2.0
2870.0,5294.0,5.862809039375797,3.0
4137.0,4730.0,5.866751447753431,2.0
3230.0,3686.0,5.869442695693857,2.0
1479.0,5577.0,5.871110826819817,3.0
1716.0,5173.0,5.878036599379926,3.0
721.0,5475.0,5.879160416126076,3.0
301.0,590.0,5.880043711345712,2.0
4270.0,5353.0,5.880366213638916,3.0
4398.0,4729.0,5.881637660025979,2.0
5071.0,5301.0,5.883350184002947,4.0
4785.0,5010.0,5.885412937564717,3.0
2147.0,2409.0,5.889396624631601,2.0
2119.0,5326.0,5.894575407290254,3.0
1637.0,5230.0,5.8978706207654135,3.0
4555.0,4559.0,5.898537912762946,2.0
4669.0,5100.0,5.899022057303685,3.0
4430.0,4437.0,5.899657629436009,2.0
3858.0,5202.0,5.8996661648728415,3.0
734.0,829.0,5.902084179537945,2.0
3891.0,5491.0,5.902506691168193,3.0
2507.0,2749.0,5.902864069582008,2.0
689.0,928.0,5.9039449885148265,2.0
282.0,468.0,5.90685225303253,2.0
3423.0,3508.0,5.913979586786631,2.0
3025.0,3895.0,5.916475699732294,2.0
4030.0,4054.0,5.919875579014379,2.0
1194.0,1396.0,5.92178931490847,2.0
2884.0,5626.0,5.937237612596108,3.0
230.0,295.0,5.941074327928642,2.0
2897.0,5223.0,5.941560111260973,3.0
2597.0,2611.0,5.941651295381562,2.0
2350.0,2561.0,5.944899003043187,2.0
1168.0,1948.0,5.948118063146332,2.0
4636.0,4862.0,5.950303745210713,2.0
1313.0,1316.0,5.95621930153989,2.0
1601.0,5204.0,5.957146876475458,3.0
3496.0,3709.0,5.958364055337791,2.0
3655.0,3774.0,5.959327877546734,2.0
1451.0,1889.0,5.959514504272315,2.0
4528.0,5539.0,5.9609488769578824,3.0
236.0,346.0,5.962676590590587,2.0
2152.0,2217.0,5.967001970221528,2.0
3428.0,3956.0,5.969039678936798,2.0
2291.0,2545.0,5.969776542753755,2.0
1181.0,1281.0,5.972854120352638,2.0
1129.0,5560.0,5.973391567484263,3.0
4442.0,5205.0,5.977006485518396,3.0
1428.0,1827.0,5.977227640243715,2.0
926.0,957.0,5.97925694017861,2.0
783.0,1044.0,5.981269111211901,2.0
5115.0,5424.0,5.981882986232194,5.0
1689.0,5543.0,5.984030622919271,3.0
3566.0,3704.0,5.98464780488395,2.0
4459.0,4861.0,5.986115049672617,2.0
1127.0,1723.0,5.9877196818270955,2.0
4251.0,4891.0,5.988055036767472,2.0
1781.0,1788.0,5.9955963729907555,2.0
4331.0,4766.0,6.000679178287762,2.0
3132.0,3568.0,6.004557428242524,2.0
79.0,1069.0,6.005674407497888,2.0
4065.0,5177.0,6.006262949988495,3.0
2801.0,5473.0,6.007757042065353,3.0
4906.0,5251.0,6.009685172957136,3.0
3184.0,5240.0,6.0105092627110235,3.0
1353.0,1796.0,6.014971548904195,2.0
75.0,786.0,6.019833601955611,2.0
940.0,5501.0,6.0269527267960505,3.0
2306.0,2351.0,6.029469195172649,2.0
798.0,5103.0,6.030192724121696,3.0
2244.0,5478.0,6.03025029875814,3.0
2318.0,2873.0,6.032988167184001,2.0
1777.0,1829.0,6.035950892281003,2.0
1668.0,1860.0,6.047870458154854,2.0
4008.0,4289.0,6.052783843955324,2.0
2554.0,2725.0,6.0583842300694775,2.0
91.0,515.0,6.061565225468423,2.0
1556.0,1672.0,6.066961738600506,2.0
4082.0,4999.0,6.066976503103644,2.0
1357.0,1500.0,6.067831091307227,2.0
630.0,5541.0,6.07131601489526,3.0
2241.0,2900.0,6.072174538824759,2.0
2051.0,2056.0,6.075932962181922,2.0
4243.0,4732.0,6.0776950421726665,2.0
209.0,212.0,6.080807797602236,2.0
1550.0,1758.0,6.082446811611845,2.0
4913.0,4915.0,6.097482153452489,2.0
3145.0,3260.0,6.0979053994544365,2.0
1376.0,5041.0,6.099698726834837,3.0
4505.0,4993.0,6.1016716598056995,2.0
3590.0,3679.0,6.105622421799036,2.0
2927.0,2967.0,6.124590978106196,2.0
2961.0,3708.0,6.1258502002215645,2.0
2157.0,2522.0,6.128314276729118,2.0
2213.0,2312.0,6.128632100730518,2.0
2586.0,4717.0,6.129997098574626,2.0
1305.0,1468.0,6.132424750037523,2.0
4346.0,4424.0,6.132536568980127,2.0
1183.0,2124.0,6.134293622943261,2.0
4150.0,5073.0,6.142710822916937,3.0
4464.0,5451.0,6.144235686617774,3.0
3557.0,3688.0,6.145984045283874,2.0
3857.0,5040.0,6.150508109645783,3.0
3894.0,5227.0,6.162293376453352,3.0
3323.0,3712.0,6.164818814648234,2.0
1148.0,1985.0,6.166237746211682,2.0
5079.0,5104.0,6.166270963612808,4.0
355.0,513.0,6.171572292290628,2.0
2453.0,2547.0,6.1775949636171115,2.0
4191.0,4744.0,6.178522089448943,2.0
1795.0,5037.0,6.180099106722912,3.0
3667.0,5339.0,6.180618732969874,4.0
3225.0,3797.0,6.182933181361992,2.0
4463.0,4667.0,6.186323783647558,2.0
4358.0,5239.0,6.190641073203859,3.0
2917.0,3616.0,6.1907353692280545,2.0
3681.0,3785.0,6.195625915120156,2.0
474.0,496.0,6.201097604538719,2.0
4351.0,4614.0,6.201326162645172,2.0
3050.0,5287.0,6.202020948601699,3.0
3479.0,3548.0,6.203864032215127,2.0
1150.0,1373.0,6.204666895275276,2.0
2368.0,2782.0,6.207609996443527,2.0
3008.0,5542.0,6.210062582849497,3.0
2612.0,4162.0,6.212640437177961,2.0
3154.0,3495.0,6.227525613780212,2.0
2400.0,2864.0,6.231038697692435,2.0
1306.0,5018.0,6.232643279788933,3.0
1368.0,5396.0,6.2353958494667046,3.0
3097.0,3509.0,6.236117938962572,2.0
1286.0,1920.0,6.241006491822956,2.0
144.0,494.0,6.241551659966709,2.0
5047.0,5248.0,6.243157782745991,5.0
1162.0,1845.0,6.248382563308983,2.0
1947.0,2014.0,6.250006899999608,2.0
3151.0,3485.0,6.255898614097616,2.0
2390.0,2675.0,6.259875844234438,2.0
3592.0,3678.0,6.259975212371036,2.0
4229.0,5276.0,6.263298635777684,5.0
1578.0,5262.0,6.265786189587208,3.0
1611.0,1799.0,6.267687305114466,2.0
2787.0,5350.0,6.2712092396803625,3.0
3492.0,3888.0,6.273400332717995,2.0
4093.0,4421.0,6.277716440409685,2.0
2486.0,2656.0,6.278707112461699,2.0
4215.0,4684.0,6.283640729589218,2.0
656.0,992.0,6.2857556613366015,2.0
3143.0,5182.0,6.292765808075226,3.0
4440.0,4983.0,6.2973480282744605,2.0
5302.0,5642.0,6.297397814039678,4.0
3256.0,3915.0,6.2979586388110285,2.0
2695.0,5210.0,6.299524376852927,3.0
2354.0,2729.0,6.307639015913659,2.0
1698.0,2018.0,6.312578817473097,2.0
1301.0,1523.0,6.321363580528046,2.0
1403.0,1687.0,6.324864466663776,2.0
661.0,745.0,6.3373200802096505,2.0
2804.0,2866.0,6.339774662114457,2.0
174.0,1064.0,6.340379301432669,2.0
13.0,89.0,6.34046006908523,2.0
2178.0,2741.0,6.345941620633933,2.0
4026.0,5049.0,6.355057783175771,3.0
4013.0,5094.0,6.359592677294903,3.0
4037.0,5237.0,6.3610492704304304,3.0
1547.0,2029.0,6.368794325135999,2.0
5101.0,5142.0,6.369911240132173,4.0
5162.0,5348.0,6.371449755539275,4.0
3907.0,5270.0,6.3732243199976315,3.0
3005.0,3080.0,6.381827860631509,2.0
4021.0,5452.0,6.384752077228058,3.0
15.0,461.0,6.386438421115886,2.0
1444.0,1522.0,6.388537454467537,2.0
269.0,568.0,6.3886731967177,2.0
2608.0,2847.0,6.389072745275225,2.0
2204.0,2509.0,6.391839803564584,2.0
2981.0,3352.0,6.392847281531233,2.0
348.0,5245.0,6.3930837841767225,3.0
4549.0,4643.0,6.393596312623602,2.0
1295.0,1787.0,6.399395863800446,2.0
2175.0,2257.0,6.39972803522594,2.0
4232.0,4928.0,6.406128058100598,2.0
3006.0,3733.0,6.408373637752303,2.0
353.0,908.0,6.409436542943445,2.0
2142.0,5647.0,6.410118697278034,3.0
4003.0,4779.0,6.410744875004613,2.0
3462.0,3957.0,6.423275200577782,2.0
2231.0,5625.0,6.423995016754393,3.0
2405.0,2495.0,6.424384591535612,2.0
270.0,641.0,6.427138829580785,2.0
3943.0,5544.0,6.427213601824949,3.0
1113.0,2072.0,6.433683591996584,2.0
246.0,956.0,6.438122111118449,2.0
1963.0,5356.0,6.438424828628896,4.0
2918.0,2946.0,6.445862198231018,2.0
4391.0,5219.0,6.44640274144769,4.0
4265.0,4271.0,6.44756081298461,2.0
648.0,5332.0,6.449501990033192,3.0
2454.0,2834.0,6.451702750180988,2.0
604.0,5185.0,6.457308365780135,4.0
1426.0,1684.0,6.458591625661116,2.0
616.0,653.0,6.459238285249645,2.0
2723.0,2814.0,6.4602077267183935,2.0
5215.0,5607.0,6.460557798286258,4.0
4562.0,4935.0,6.46110265313388,2.0
426.0,854.0,6.465866041613256,2.0
1418.0,1763.0,6.466880998949161,2.0
2197.0,5157.0,6.468325624044689,3.0
3296.0,5188.0,6.477938134721332,3.0
3470.0,3726.0,6.483328300304744,2.0
2171.0,2479.0,6.485295667770105,2.0
2492.0,5674.0,6.492315532099684,4.0
3178.0,3218.0,6.492502915865352,2.0
3255.0,3275.0,6.493115689524211,2.0
1383.0,5075.0,6.493393513887918,3.0
279.0,580.0,6.497553946166047,2.0
5218.0,5417.0,6.499713796378423,5.0
1200.0,5052.0,6.50440033845587,3.0
2735.0,4300.0,6.511949762277666,2.0
980.0,5180.0,6.515108845942468,3.0
3365.0,3674.0,6.518931441739438,2.0
3488.0,3869.0,6.5211145369225445,2.0
3649.0,3698.0,6.5370068382085575,2.0
3106.0,3825.0,6.537884390779779,2.0
2833.0,2899.0,6.538974930486107,2.0
1108.0,1196.0,6.539100506801648,2.0
1372.0,1932.0,6.541088907588344,2.0
2271.0,2774.0,6.546183836942119,2.0
4266.0,4353.0,6.555247843247941,2.0
1495.0,1929.0,6.556015333084121,2.0
1211.0,1433.0,6.556996140009377,2.0
776.0,5296.0,6.558460509715037,4.0
849.0,5508.0,6.558491017987372,4.0
3393.0,3504.0,6.561226271666541,2.0
4493.0,4746.0,6.567861729967929,2.0
2299.0,2596.0,6.572794240584903,2.0
2550.0,2892.0,6.577861398895055,2.0
3727.0,5178.0,6.582842948978382,3.0
22.0,532.0,6.588455038233727,2.0
4350.0,5727.0,6.5932095695077,3.0
148.0,738.0,6.5960756207706215,2.0
1406.0,1981.0,6.600021229449,2.0
2542.0,2600.0,6.608830874016213,2.0
2552.0,2724.0,6.613650669926095,2.0
832.0,5097.0,6.614070353671445,3.0
672.0,5152.0,6.615485742005517,3.0
1446.0,1893.0,6.623391922533094,2.0
4662.0,5186.0,6.62348627107221,3.0
470.0,789.0,6.624230259821797,2.0
2678.0,5511.0,6.624250387942673,3.0
4202.0,4961.0,6.625573987789783,2.0
1626.0,1822.0,6.625640336572276,2.0
322.0,964.0,6.630713802618787,2.0
2796.0,3472.0,6.636968727765125,2.0
370.0,1008.0,6.648099888357452,2.0
2289.0,2500.0,6.650418506271336,2.0
29.0,948.0,6.651992091953259,2.0
3622.0,5423.0,6.654827796603151,3.0
2155.0,2431.0,6.6564424409894976,2.0
3127.0,3291.0,6.660750085949761,2.0
2222.0,2598.0,6.661646853404811,2.0
2706.0,5525.0,6.6640414235216845,3.0
1203.0,5728.0,6.667915474028618,3.0
4297.0,4734.0,6.674666756198188,2.0
298.0,5028.0,6.675517196052582,3.0
766.0,923.0,6.677116313953606,2.0
2474.0,2859.0,6.678303112959017,2.0
3553.0,3960.0,6.67940520562301,2.0
675.0,5169.0,6.6794192719125425,3.0
4705.0,5461.0,6.682518817113638,5.0
438.0,891.0,6.68853530705437,2.0
2264.0,3357.0,6.68888888962498,2.0
2435.0,5651.0,6.698464502350819,4.0
3004.0,3400.0,6.700352697101557,2.0
522.0,1046.0,6.701530403277988,2.0
3749.0,5334.0,6.701691278902787,3.0
5092.0,5400.0,6.701801465958303,4.0
4386.0,5596.0,6.70346314073553,3.0
4173.0,5278.0,6.704612647980227,3.0
3028.0,3626.0,6.705023473900843,2.0
4795.0,5124.0,6.7054186866605034,3.0
1309.0,5234.0,6.706291864041451,4.0
3536.0,3778.0,6.707808239582853,2.0
2999.0,5391.0,6.715851213476501,3.0
4349.0,4498.0,6.729637758809234,2.0
1311.0,2035.0,6.730469750715366,2.0
1213.0,1338.0,6.733016605986224,2.0
3026.0,3272.0,6.738343445558785,2.0
5056.0,5220.0,6.741989204724607,4.0
247.0,954.0,6.74870920599633,2.0
506.0,750.0,6.749511541695245,2.0
4533.0,4911.0,6.752111958532033,2.0
3558.0,5328.0,6.753901133368833,3.0
1381.0,1496.0,6.755997660751728,2.0
3063.0,5063.0,6.757217734278296,3.0
4272.0,5263.0,6.760510776563595,3.0
3644.0,5343.0,6.761183513812962,5.0
4098.0,5655.0,6.761270154276915,3.0
1909.0,1983.0,6.762685732333315,2.0
1494.0,2079.0,6.7627602939378555,2.0
1760.0,1912.0,6.765084574785581,2.0
4120.0,4675.0,6.768785211697545,2.0
3302.0,3397.0,6.772839275450556,2.0
2736.0,2785.0,6.7778201890514955,2.0
2450.0,2462.0,6.7782398048421335,2.0
4646.0,4889.0,6.779430725606429,2.0
3854.0,5590.0,6.781271898351884,3.0
2096.0,2459.0,6.783948388986088,2.0
3054.0,3835.0,6.790731644572535,2.0
3038.0,3610.0,6.791592324162829,2.0
2369.0,5549.0,6.792010448255203,3.0
934.0,958.0,6.792860485605216,2.0
1147.0,1486.0,6.803758836951057,2.0
2294.0,2679.0,6.805117817128305,2.0
2167.0,2426.0,6.805461354832655,2.0
4827.0,5057.0,6.8063268522105655,3.0
1125.0,1956.0,6.807037450228133,2.0
2293.0,2570.0,6.80976488775792,2.0
2122.0,5430.0,6.80995638999397,3.0
1363.0,1476.0,6.810739291999803,2.0
5415.0,5455.0,6.810807431356489,4.0
351.0,510.0,6.814195210602162,2.0
3134.0,5019.0,6.818576746704746,3.0
4315.0,4921.0,6.8200239201347586,2.0
4354.0,5811.0,6.824786916406073,6.0
292.0,308.0,6.825130710387787,2.0
1214.0,5520.0,6.827385695903586,3.0
1382.0,5462.0,6.82790191797269,3.0
1673.0,1995.0,6.832808601652557,2.0
2187.0,2589.0,6.833068150101289,2.0
3392.0,3768.0,6.8415339178555525,2.0
502.0,947.0,6.843456533162375,2.0
1178.0,2012.0,6.845017016108728,2.0
3594.0,3735.0,6.84543171191648,2.0
405.0,5345.0,6.847582960771783,3.0
4143.0,4572.0,6.847833046294758,2.0
5198.0,5534.0,6.848612111486696,4.0
3608.0,3653.0,6.851910410995887,2.0
2302.0,2553.0,6.852650197980753,2.0
2434.0,2743.0,6.852904536620284,2.0
2027.0,2112.0,6.853787652162832,2.0
5283.0,5589.0,6.854123672613392,6.0
5368.0,5789.0,6.854707551664038,4.0
4.0,5375.0,6.8552560086498975,4.0
1661.0,2008.0,6.861123073756627,2.0
3512.0,3913.0,6.868656371919263,2.0
4084.0,4222.0,6.8695756450664875,2.0
870.0,5121.0,6.870686921263463,3.0
491.0,625.0,6.875252250972639,2.0
4359.0,4556.0,6.8754306126308125,2.0
3186.0,5347.0,6.875735723370705,3.0
2365.0,2849.0,6.891307046173208,2.0
378.0,587.0,6.892701236731807,2.0
2977.0,3814.0,6.893089015542955,2.0
163.0,484.0,6.893681412715074,2.0
1560.0,4029.0,6.8942715723179795,2.0
2970.0,5369.0,6.896539058154464,3.0
4314.0,4415.0,6.899339795703535,2.0
437.0,570.0,6.903691668551079,2.0
4370.0,4934.0,6.906396032974708,2.0
2275.0,2630.0,6.912169832872791,2.0
4210.0,4611.0,6.912724620319953,2.0
3552.0,5820.0,6.914703917443003,4.0
1969.0,2070.0,6.915095164412992,2.0
4214.0,4725.0,6.915561245769277,2.0
110.0,5226.0,6.916372326778271,3.0
1235.0,1936.0,6.918146097472052,2.0
1195.0,5605.0,6.920202257192983,3.0
1146.0,2129.0,6.921640272611816,2.0
5517.0,5617.0,6.92491289335601,4.0
1234.0,1482.0,6.925308434850669,2.0
341.0,5331.0,6.9276122491415855,3.0
69.0,841.0,6.929053878442295,2.0
4653.0,5421.0,6.931212797758193,3.0
4294.0,5146.0,6.934237679365906,3.0
4629.0,4791.0,6.949251937871328,2.0
224.0,598.0,6.9563109756522925,2.0
2481.0,2822.0,6.957658791068193,2.0
137.0,5643.0,6.9609552240959225,4.0
431.0,5465.0,6.965422701669506,3.0
975.0,5135.0,6.971884072024506,3.0
2279.0,2802.0,6.972730240457991,2.0
99.0,221.0,6.979724074404349,2.0
2671.0,2885.0,6.979882508677719,2.0
4040.0,4977.0,6.980041283940462,2.0
1252.0,1922.0,6.981423941535643,2.0
2871.0,5222.0,6.984441493595539,3.0
1051.0,5151.0,6.985344768445414,3.0
132.0,845.0,6.986843576719971,2.0
291.0,293.0,6.987300227467732,2.0
1537.0,2061.0,6.9961664373565595,2.0
4293.0,5289.0,6.996700645874728,3.0
4250.0,4366.0,6.996962674748545,2.0
1280.0,1740.0,7.0025664205794165,2.0
4063.0,5502.0,7.003921231711069,3.0
2362.0,2718.0,7.004112417191234,2.0
302.0,389.0,7.0045117611636405,2.0
2949.0,5563.0,7.012639779991569,3.0
1319.0,5003.0,7.012926894311769,3.0
3529.0,3832.0,7.013549045443646,2.0
2986.0,3922.0,7.017626884814263,2.0
5069.0,5807.0,7.017731275928575,4.0
1573.0,2075.0,7.021770112452398,2.0
2143.0,2202.0,7.027151877251133,2.0
736.0,5404.0,7.03024388759763,3.0
1386.0,2108.0,7.032243529401443,2.0
1746.0,1791.0,7.038822276328747,2.0
3617.0,3661.0,7.043098627726134,2.0
2165.0,2321.0,7.043697922178691,2.0
3510.0,5390.0,7.045978913512129,5.0
1087.0,1499.0,7.047299660808413,2.0
34.0,935.0,7.047842278036364,2.0
3578.0,3812.0,7.04913301544886,2.0
1812.0,5718.0,7.05027900867078,3.0
2731.0,5125.0,7.053067120592512,3.0
1198.0,1853.0,7.0534592586197675,2.0
2190.0,2571.0,7.053726364837005,2.0
2916.0,3066.0,7.053849158183048,2.0
1910.0,1935.0,7.055168391123034,2.0
1862.0,5261.0,7.0561702811225375,3.0
4962.0,5747.0,7.057131090313231,3.0
4759.0,4811.0,7.058391565157107,2.0
4668.0,4753.0,7.062550576716219,2.0
2227.0,2863.0,7.067907646611445,2.0
2245.0,2281.0,7.067942923251382,2.0
4172.0,4501.0,7.070435375604433,2.0
4056.0,4095.0,7.0712424995211896,2.0
4128.0,5481.0,7.071419297525947,3.0
2904.0,4713.0,7.073256673202187,2.0
1401.0,1545.0,7.074978148205954,2.0
284.0,593.0,7.076861702282325,2.0
1923.0,5064.0,7.078521992283468,3.0
5111.0,5112.0,7.085125952914317,4.0
4909.0,5576.0,7.088045197928782,3.0
3304.0,3628.0,7.0905146369667404,2.0
5315.0,5514.0,7.092496984058942,4.0
1393.0,1465.0,7.094143819330224,2.0
225.0,624.0,7.0957560366443575,2.0
25.0,1037.0,7.0957985238680275,2.0
3193.0,5628.0,7.095976027268286,3.0
571.0,5904.0,7.09950518371888,5.0
1419.0,1642.0,7.100733107769266,2.0
2111.0,5065.0,7.101157992396057,3.0
2754.0,5127.0,7.1020740545032535,3.0
526.0,620.0,7.113037581690456,2.0
1016.0,1054.0,7.114368861338399,2.0
2844.0,5575.0,7.114870136141159,4.0
2647.0,2839.0,7.116778637830534,2.0
4324.0,5684.0,7.11817130703783,4.0
4616.0,4689.0,7.1209596456221105,2.0
642.0,953.0,7.121947358138609,2.0
3171.0,3203.0,7.122445695727441,2.0
3425.0,3838.0,7.1253205003779065,2.0
2556.0,3332.0,7.127106534745495,2.0
897.0,982.0,7.1317957053482335,2.0
1636.0,1789.0,7.135327911578816,2.0
1225.0,1756.0,7.135361802816769,2.0
2359.0,2878.0,7.136172292220283,2.0
4306.0,4508.0,7.140400559567286,2.0
3288.0,3381.0,7.1464477164481055,2.0
523.0,5869.0,7.14681628360257,4.0
2360.0,5992.0,7.1542638913058685,5.0
3652.0,5329.0,7.157254698350044,3.0
21.0,701.0,7.159342504999302,2.0
3477.0,5512.0,7.162276045161741,3.0
5524.0,5658.0,7.163841853514178,4.0
1913.0,4985.0,7.16859698558462,2.0
1842.0,5367.0,7.17001588655955,4.0
5440.0,5660.0,7.17036227543874,4.0
4167.0,4178.0,7.171353329896106,2.0
4103.0,4116.0,7.172478652490771,2.0
3085.0,5760.0,7.173174124989534,3.0
2192.0,2670.0,7.1740812184134075,2.0
5503.0,5645.0,7.175836583473802,5.0
1369.0,5550.0,7.178806032986666,3.0
4201.0,4381.0,7.180415224608422,2.0
76.0,87.0,7.182406472536267,2.0
467.0,5114.0,7.1831024171658155,3.0
3938.0,5884.0,7.18799661317816,3.0
4295.0,4844.0,7.188277598474443,2.0
3257.0,5399.0,7.196442003631922,3.0
1100.0,2041.0,7.197453824069484,2.0
4230.0,4279.0,7.199500142699436,2.0
321.0,514.0,7.201874586748349,2.0
1269.0,1761.0,7.202295598157165,2.0
4256.0,5406.0,7.2031570003992105,3.0
4156.0,4563.0,7.2062664813661,2.0
4420.0,4812.0,7.208810896978215,2.0
632.0,858.0,7.212277751034471,2.0
4460.0,4659.0,7.215711397131145,2.0
1389.0,1394.0,7.2173728477235235,2.0
5349.0,5819.0,7.21756660127089,4.0
3418.0,3501.0,7.218291163185394,2.0
1538.0,5582.0,7.218937100612503,3.0
1854.0,5803.0,7.219745974280302,3.0
2253.0,5982.0,7.225303267058708,4.0
626.0,1005.0,7.227702741062136,2.0
3016.0,3809.0,7.228139938998615,2.0
1734.0,1902.0,7.229987860110066,2.0
3520.0,5266.0,7.232612671368011,3.0
4152.0,4361.0,7.235393873935292,2.0
3707.0,5447.0,7.237062807047363,3.0
5253.0,6066.0,7.241166496422673,5.0
5163.0,5861.0,7.244229145152834,4.0
4180.0,4488.0,7.254836731026493,2.0
3971.0,5782.0,7.260318348413465,3.0
839.0,5310.0,7.261375642567906,3.0
1227.0,5497.0,7.265048733276488,3.0
4548.0,5274.0,7.273461812249756,3.0
2906.0,5034.0,7.279231515024008,3.0
3582.0,5490.0,7.284192769915428,3.0
2976.0,3403.0,7.284290930567893,2.0
2538.0,2846.0,7.2888783224685385,2.0
5401.0,5798.0,7.289706925445742,4.0
5207.0,5887.0,7.2900773399170875,4.0
3741.0,5538.0,7.297240121458891,4.0
4096.0,4335.0,7.297785293793881,2.0
1370.0,2090.0,7.298862432668105,2.0
2452.0,2652.0,7.300675695378855,2.0
4524.0,4904.0,7.313001127198392,2.0
4919.0,5707.0,7.314182623780455,3.0
2010.0,2110.0,7.314545279442436,2.0
4107.0,4404.0,7.321498054839938,2.0
718.0,887.0,7.332750034357314,2.0
3324.0,5327.0,7.333176466886829,3.0
3244.0,5580.0,7.334083413760473,3.0
3808.0,3954.0,7.33414095208899,2.0
1724.0,1992.0,7.335300727199572,2.0
3426.0,5482.0,7.338334927231534,3.0
114.0,356.0,7.340018731276956,2.0
4525.0,4875.0,7.341674247712301,2.0
699.0,5864.0,7.34239121901499,3.0
3261.0,5254.0,7.349469188815633,3.0
202.0,603.0,7.350461907165028,2.0
1470.0,1887.0,7.351276903839354,2.0
2465.0,2574.0,7.358853851621339,2.0
2819.0,5564.0,7.360907076999052,3.0
493.0,560.0,7.362834595851127,2.0
683.0,5530.0,7.36503650803347,3.0
2548.0,5907.0,7.365304085140016,3.0
3226.0,3788.0,7.3655724630977275,2.0
724.0,5742.0,7.367748103013777,4.0
4462.0,4527.0,7.3701910099725,2.0
3313.0,3601.0,7.3731556604306885,2.0
668.0,705.0,7.375129077384968,2.0
3126.0,3206.0,7.385155034829544,2.0
4641.0,4806.0,7.385649355334287,2.0
4707.0,6056.0,7.391070361335669,3.0
1272.0,2043.0,7.393887067331924,2.0
5344.0,5697.0,7.394410292687729,4.0
5002.0,5016.0,7.398058075518001,4.0
8.0,739.0,7.399813017777579,2.0
5683.0,5778.0,7.402655729882152,6.0
485.0,659.0,7.403060169169905,2.0
3128.0,3815.0,7.4030805864446005,2.0
5656.0,5700.0,7.404696520086147,4.0
1134.0,1331.0,7.407142400286192,2.0
2266.0,2344.0,7.409729089015758,2.0
47.0,327.0,7.411427720671145,2.0
2156.0,2191.0,7.411721912454384,2.0
3103.0,3405.0,7.412848568062632,2.0
4778.0,5818.0,7.413944909969599,3.0
1906.0,1942.0,7.42260939047721,2.0
49.0,365.0,7.431706943465171,2.0
1712.0,5886.0,7.431797032585739,4.0
2031.0,5565.0,7.434466795007632,3.0
4035.0,4417.0,7.4380056376583665,2.0
1918.0,5129.0,7.438072521956087,3.0
86.0,5284.0,7.438501963244765,3.0
2233.0,5927.0,7.441329804303974,3.0
2123.0,5752.0,7.442076375174047,3.0
453.0,1056.0,7.442174805101134,2.0
1978.0,5706.0,7.442501753089044,3.0
3878.0,5273.0,7.4429766996773,3.0
172.0,612.0,7.447898117652534,2.0
3376.0,3885.0,7.449250498119921,2.0
1223.0,1359.0,7.454947025246418,2.0
4131.0,4954.0,7.462814154665724,2.0
2207.0,2238.0,7.4633569100373505,2.0
5172.0,5777.0,7.465778752580827,4.0
4969.0,5442.0,7.4662118480208,3.0
4870.0,5768.0,7.467547415512741,3.0
913.0,5924.0,7.4686735953398005,3.0
961.0,5308.0,7.46980359781411,3.0
4197.0,4510.0,7.471732832863103,2.0
54.0,977.0,7.473304611607949,2.0
1061.0,6209.0,7.476826052820135,3.0
4724.0,4751.0,7.478030514916862,2.0
4118.0,4337.0,7.479206695510271,2.0
3024.0,3060.0,7.480768245688608,2.0
884.0,945.0,7.480825250742395,2.0
2457.0,5281.0,7.48179444741743,3.0
3484.0,5044.0,7.481857369907978,3.0
2737.0,2821.0,7.48507837295761,2.0
1683.0,1944.0,7.488084397812603,2.0
3546.0,5371.0,7.488130717341031,3.0
4984.0,5639.0,7.489069359996012,3.0
499.0,508.0,7.491916437693828,2.0
3396.0,5140.0,7.494277144626666,3.0
636.0,963.0,7.498763607840231,2.0
4213.0,4620.0,7.503024305617426,2.0
1343.0,5320.0,7.505516749317427,4.0
1651.0,1834.0,7.507660609879382,2.0
1421.0,1705.0,7.508269576605332,2.0
1075.0,5838.0,7.512541389926441,5.0
3823.0,5737.0,7.515756010598325,4.0
4400.0,4478.0,7.5235589476765385,2.0
2153.0,4768.0,7.524614359398672,2.0
3526.0,5425.0,7.525035839026331,3.0
361.0,761.0,7.526028071462909,2.0
119.0,443.0,7.529315563802346,2.0
4339.0,4496.0,7.5346408870987105,2.0
1621.0,2047.0,7.536330196903766,2.0
1172.0,2131.0,7.539679960677175,2.0
1231.0,1505.0,7.539689825596351,2.0
1915.0,1941.0,7.542422615630653,2.0
1485.0,5725.0,7.543470724573795,4.0
5076.0,5448.0,7.54381618252851,4.0
2587.0,5295.0,7.5438787435648305,3.0
4226.0,4878.0,7.546563494420031,2.0
2923.0,5307.0,7.553570185406866,3.0
2407.0,2419.0,7.563465462347428,2.0
4802.0,4973.0,7.565822762839318,2.0
2473.0,2566.0,7.567460114237671,2.0
690.0,5324.0,7.567618753600488,4.0
2297.0,5766.0,7.568495077131824,3.0
3989.0,5160.0,7.572045471816257,3.0
4413.0,4950.0,7.57211312239398,2.0
3316.0,3901.0,7.57224348405665,2.0
2342.0,2807.0,7.573020843309157,2.0
2151.0,2619.0,7.5801106478900735,2.0
1886.0,5428.0,7.583074056510013,3.0
382.0,5633.0,7.587676116686845,3.0
53.0,492.0,7.58940807543063,2.0
4242.0,5306.0,7.591031427197674,3.0
1520.0,5719.0,7.59408323177465,4.0
1882.0,6004.0,7.5958292187988645,3.0
2585.0,2694.0,7.599898965348986,2.0
3476.0,3516.0,7.601144251023383,2.0
1498.0,5192.0,7.602196064001194,3.0
3283.0,3386.0,7.602774165867976,2.0
2418.0,2577.0,7.603132041420393,2.0
2203.0,2684.0,7.604644730109367,2.0
414.0,503.0,7.6046939430498774,2.0
3142.0,3718.0,7.607226538340254,2.0
3440.0,5905.0,7.6094331105111985,3.0
1697.0,5405.0,7.611444283489462,3.0
4070.0,4990.0,7.613524871263807,2.0
5567.0,5573.0,7.614861297738201,5.0
4598.0,5773.0,7.618822870794799,4.0
5238.0,5646.0,7.619261713199689,5.0
255.0,504.0,7.624452358313081,2.0
156.0,5519.0,7.626376267279237,3.0
2581.0,2661.0,7.627333634405012,2.0
5011.0,5209.0,7.62836317371584,4.0
3719.0,5763.0,7.628689436546509,3.0
1770.0,5095.0,7.630620521520645,3.0
2169.0,2823.0,7.631742102814382,2.0
3182.0,3337.0,7.636053182743427,2.0
2793.0,5754.0,7.636841730208293,3.0
777.0,864.0,7.639347655065128,2.0
2989.0,3399.0,7.649989951101263,2.0
2255.0,2805.0,7.653818523712349,2.0
5217.0,5470.0,7.6591913805715155,4.0
2530.0,2857.0,7.660124555063391,2.0
5175.0,5809.0,7.662725047022904,4.0
4211.0,4258.0,7.66696425916049,2.0
4281.0,4856.0,7.667106626532444,2.0
546.0,5616.0,7.668074597540396,3.0
3452.0,5244.0,7.670296078049826,3.0
2402.0,2826.0,7.670491157597705,2.0
4397.0,4487.0,7.675151833853179,2.0
1304.0,1686.0,7.679141795609066,2.0
3801.0,5007.0,7.680402205735111,3.0
2626.0,5650.0,7.6830191477360295,3.0
1619.0,5708.0,7.687089994994404,3.0
4205.0,5731.0,7.691064899482848,3.0
1152.0,1173.0,7.692799428585319,2.0
1123.0,1884.0,7.696722096253929,2.0
1092.0,5709.0,7.702959466547815,4.0
5632.0,5866.0,7.703657282607428,4.0
1093.0,1186.0,7.704256017860188,2.0
4209.0,4814.0,7.706269811829106,2.0
5732.0,5823.0,7.706860452986548,4.0
5408.0,5629.0,7.7083011135571615,5.0
608.0,5316.0,7.709062370676307,3.0
4110.0,4817.0,7.709276438029804,2.0
3559.0,3962.0,7.71328176483641,2.0
4567.0,4782.0,7.717247382193325,2.0
64.0,199.0,7.71848103412187,2.0
2895.0,5181.0,7.718580733834226,3.0
2928.0,3089.0,7.727689511864196,2.0
3258.0,6143.0,7.729401469764824,4.0
2631.0,5933.0,7.73502573928929,4.0
3262.0,3364.0,7.737824761623519,2.0
2490.0,5846.0,7.7428200481446945,3.0
260.0,5074.0,7.742845825593048,3.0
1096.0,5314.0,7.746547917024456,4.0
1072.0,1120.0,7.747463902816759,2.0
3037.0,3078.0,7.747847491130837,2.0
1018.0,1038.0,7.751713685770941,2.0
1324.0,2011.0,7.752999007296731,2.0
3843.0,5045.0,7.75413668374018,3.0
3465.0,3958.0,7.761884154484551,2.0
3093.0,3446.0,7.767371121697801,2.0
12.0,6132.0,7.778029741865363,5.0
3371.0,5494.0,7.778935827314316,3.0
4224.0,4627.0,7.7820255260824664,2.0
1609.0,6266.0,7.7840174613884106,3.0
4787.0,5756.0,7.785371844096677,3.0
2968.0,5208.0,7.787856533269206,3.0
5389.0,5856.0,7.787939078865427,5.0
394.0,1070.0,7.788345157375085,2.0
364.0,875.0,7.800351219541918,2.0
2269.0,2325.0,7.8037193127163595,2.0
4521.0,5949.0,7.806254629491331,4.0
1354.0,1748.0,7.806797297400724,2.0
4971.0,5275.0,7.81034973073016,3.0
5171.0,5839.0,7.811908329700578,6.0
1729.0,5267.0,7.817279716525269,3.0
204.0,505.0,7.821977781447407,2.0
525.0,5277.0,7.823149827737365,3.0
2973.0,3947.0,7.823159046144514,2.0
104.0,5692.0,7.823607980205833,3.0
2818.0,5976.0,7.828790606482672,3.0
4470.0,4495.0,7.830337897446879,2.0
1103.0,2120.0,7.830950669372655,2.0
4334.0,6142.0,7.833156193223182,3.0
2691.0,6301.0,7.83459178600029,3.0
3611.0,5668.0,7.8358129043625295,4.0
160.0,5384.0,7.841873889833864,3.0
1767.0,1794.0,7.842703841728387,2.0
1057.0,5232.0,7.846273540616854,3.0
2778.0,5824.0,7.850468786167919,4.0
1461.0,1742.0,7.851367326705115,2.0
3647.0,3697.0,7.852252257600027,2.0
2328.0,2789.0,7.857529170581101,2.0
3821.0,5120.0,7.862857108168053,3.0
206.0,399.0,7.863965215187128,2.0
1299.0,2059.0,7.8665695294391424,2.0
152.0,564.0,7.876616732918554,2.0
3567.0,3802.0,7.8788091436154,2.0
4429.0,4474.0,7.881551405077835,2.0
2517.0,5006.0,7.88631021764448,3.0
4356.0,4388.0,7.886346179784657,2.0
1506.0,1996.0,7.887867882548705,2.0
5130.0,5432.0,7.893941470040285,4.0
2527.0,5704.0,7.897931826814385,3.0
1289.0,1458.0,7.905755379941922,2.0
678.0,862.0,7.907683593139879,2.0
645.0,5195.0,7.910926632399115,3.0
5055.0,6039.0,7.913215473390005,5.0
1276.0,5061.0,7.915750063095477,3.0
2334.0,2389.0,7.918007838962945,2.0
5814.0,6337.0,7.918267951437417,7.0
3287.0,3290.0,7.919371568392429,2.0
2125.0,5750.0,7.919671187954211,3.0
3497.0,5881.0,7.920073889177062,3.0
676.0,5831.0,7.9217963604402115,3.0
3219.0,3419.0,7.921919748867813,2.0
2727.0,4125.0,7.926844293108633,2.0
1416.0,2071.0,7.927297660049931,2.0
5366.0,5771.0,7.931473171655709,4.0
3511.0,5854.0,7.935871127228965,3.0
1903.0,5888.0,7.93652616341618,6.0
588.0,1010.0,7.9416716481951,2.0
2277.0,2742.0,7.946217592220058,2.0
2138.0,2625.0,7.954270988804749,2.0
673.0,998.0,7.954277752509814,2.0
2285.0,5099.0,7.966060058027135,3.0
4174.0,4375.0,7.968303454355063,2.0
368.0,819.0,7.9709725321158444,2.0
861.0,5583.0,7.971648156058258,4.0
95.0,818.0,7.975060057740743,2.0
2935.0,3912.0,7.98051076841489,2.0
5419.0,6092.0,7.981560356578735,5.0
381.0,5235.0,7.9858715226931585,3.0
3140.0,3767.0,7.987614212882752,2.0
2912.0,3914.0,7.989869660224544,2.0
5591.0,5593.0,7.9916343112405785,4.0
3803.0,5641.0,7.993540045396204,3.0
4771.0,6041.0,7.99651510087729,5.0
1584.0,5644.0,8.005991111947667,5.0
1566.0,5988.0,8.01030567368724,3.0
5096.0,5600.0,8.012696141221085,4.0
2290.0,2401.0,8.013738880562242,2.0
4552.0,4580.0,8.014840170382918,2.0
1078.0,1762.0,8.019055799365978,2.0
2433.0,2623.0,8.03180124972661,2.0
4680.0,5729.0,8.0323900449165,3.0
932.0,5790.0,8.035134574125792,3.0
3975.0,4316.0,8.03827387423861,2.0
2224.0,5319.0,8.040062789416664,3.0
4683.0,5179.0,8.042316181452259,3.0
4340.0,4876.0,8.043148774229385,2.0
388.0,406.0,8.04482559485207,2.0
2404.0,2476.0,8.045044723491548,2.0
4444.0,4892.0,8.050005071340802,2.0
554.0,6076.0,8.053090560245137,4.0
3.0,5695.0,8.057738085097608,3.0
3215.0,3682.0,8.066821316090289,2.0
315.0,344.0,8.071420979282784,2.0
2251.0,5225.0,8.075241596482435,3.0
5522.0,5827.0,8.079101154492928,4.0
3138.0,3624.0,8.0815159955228,2.0
4454.0,4893.0,8.08565253624944,2.0
4179.0,4967.0,8.08572453544142,2.0
489.0,557.0,8.087741606893344,2.0
4406.0,4727.0,8.088618187768564,2.0
5561.0,5606.0,8.095443757111974,5.0
3118.0,6382.0,8.096259160894366,4.0
952.0,6410.0,8.09822518188435,3.0
5411.0,5925.0,8.100243090779252,4.0
1591.0,1604.0,8.103365016203526,2.0
3281.0,3450.0,8.103618844001831,2.0
3108.0,3475.0,8.109697899814599,2.0
1344.0,1849.0,8.110453196654248,2.0
2915.0,3084.0,8.111547535505435,2.0
5084.0,5893.0,8.112908941738265,4.0
1568.0,5247.0,8.115393430855747,3.0
2721.0,5527.0,8.119926337916825,3.0
3147.0,3530.0,8.121226753425042,2.0
2748.0,5619.0,8.121685874862528,4.0
2196.0,2615.0,8.126343566307455,2.0
4693.0,6238.0,8.131064862037631,3.0
5174.0,5403.0,8.13332464167167,4.0
1208.0,2118.0,8.134049380257185,2.0
371.0,801.0,8.135572982921994,2.0
2300.0,2569.0,8.135660448396978,2.0
1741.0,1813.0,8.136340857086427,2.0
5653.0,5878.0,8.140056354795908,4.0
2268.0,2648.0,8.141360201321664,2.0
3634.0,3752.0,8.141788200954457,2.0
2579.0,5604.0,8.146350613837825,3.0
4491.0,5779.0,8.148541561960355,5.0
3454.0,5463.0,8.151238157327061,4.0
1579.0,5068.0,8.156754315418956,3.0
3073.0,5521.0,8.158235868311186,4.0
2493.0,2881.0,8.160241838965641,2.0
5300.0,5855.0,8.160320755440328,4.0
4535.0,4864.0,8.161518370783202,2.0
3183.0,3209.0,8.16817250247513,2.0
2274.0,2704.0,8.17482803447366,2.0
5211.0,5360.0,8.175853676656327,5.0
5279.0,5359.0,8.17798833198999,4.0
3745.0,5892.0,8.179080506285315,3.0
2934.0,3315.0,8.17929505632452,2.0
3194.0,3591.0,8.183519111335688,2.0
5438.0,5569.0,8.1864575453972,6.0
3541.0,5994.0,8.186815642990165,4.0
4519.0,4835.0,8.189168465352925,2.0
5456.0,5860.0,8.189228098631101,4.0
5176.0,5870.0,8.194523048697658,4.0
931.0,5849.0,8.196214725046744,4.0
1117.0,2048.0,8.196765494437912,2.0
4303.0,4853.0,8.1993161850059,2.0
261.0,5928.0,8.20011696076133,3.0
821.0,2715.0,8.201751600821675,2.0
2766.0,5915.0,8.202187180143467,3.0
3149.0,6375.0,8.204743922513426,3.0
3503.0,5394.0,8.209180857667995,4.0
1154.0,1320.0,8.218693676822621,2.0
707.0,722.0,8.223034747423085,2.0
417.0,822.0,8.231110782678906,2.0
3269.0,5330.0,8.231498580195488,3.0
4518.0,5559.0,8.232660287657216,3.0
1379.0,1412.0,8.23313589418984,2.0
5422.0,5780.0,8.236164965357647,4.0
2745.0,6055.0,8.236759117998195,3.0
914.0,4014.0,8.237870475846458,2.0
5410.0,5510.0,8.240230990190492,4.0
2352.0,2576.0,8.241927314258914,2.0
4059.0,5570.0,8.250411199246948,3.0
1826.0,1857.0,8.257597527330578,2.0
4726.0,5995.0,8.26014669740579,3.0
2250.0,5547.0,8.261566200735286,3.0
2456.0,5743.0,8.262558653469045,4.0
2393.0,2578.0,8.26415551261226,2.0
3081.0,6182.0,8.26873522712114,4.0
4365.0,6097.0,8.269857280422448,3.0
357.0,878.0,8.270257677850806,2.0
4965.0,5786.0,8.271745438950473,3.0
5670.0,5880.0,8.27567948474513,6.0
2210.0,5830.0,8.276051647559372,3.0
5523.0,6053.0,8.277008045677583,4.0
4085.0,4602.0,8.277182797263396,2.0
677.0,915.0,8.277880971232246,2.0
635.0,5601.0,8.280405348101393,3.0
300.0,949.0,8.280556087258198,2.0
5004.0,5229.0,8.291916362533941,4.0
147.0,516.0,8.29300607936664,2.0
4797.0,4808.0,8.30070547581935,2.0
3629.0,5352.0,8.300911359009884,4.0
5255.0,6109.0,8.30170307521045,4.0
74.0,5311.0,8.30344122220512,3.0
2483.0,5469.0,8.304765269511064,3.0
2940.0,3583.0,8.312565871354698,2.0
403.0,562.0,8.314592631306114,2.0
1864.0,6101.0,8.322917470017861,3.0
3363.0,3483.0,8.323324954319814,2.0
2990.0,3671.0,8.323674391612819,2.0
4722.0,4979.0,8.336496418836287,2.0
5355.0,6395.0,8.338139413280164,6.0
1220.0,5998.0,8.340496392638956,4.0
2931.0,3160.0,8.344038665171663,2.0
3114.0,5885.0,8.353010438006427,3.0
1493.0,2097.0,8.354069052404384,2.0
3166.0,5978.0,8.356970319107518,4.0
3464.0,3789.0,8.361082812935694,2.0
3289.0,3442.0,8.367756285881224,2.0
2455.0,5859.0,8.371275562022806,4.0
2140.0,5427.0,8.372589490403838,3.0
16.0,330.0,8.374862200324044,2.0
4854.0,6046.0,8.37521763771446,4.0
418.0,5558.0,8.375367519986128,3.0
3685.0,3961.0,8.37757187544355,2.0
2073.0,5341.0,8.385081941464414,3.0
5189.0,5757.0,8.391123733259736,4.0
393.0,5493.0,8.39678962364016,3.0
2188.0,5912.0,8.398810791613151,3.0
3699.0,6009.0,8.399241186185378,3.0
771.0,5553.0,8.399290938902675,3.0
3327.0,3444.0,8.403069263152911,2.0
4260.0,4663.0,8.405142793627128,2.0
3991.0,3994.0,8.409585737048532,2.0
3953.0,5554.0,8.41494117571173,3.0
2436.0,2746.0,8.419775900919056,2.0
1268.0,1999.0,8.422824507260218,2.0
3053.0,5264.0,8.428422498168937,3.0
1836.0,6085.0,8.429351548250846,4.0
808.0,5804.0,8.435900251324673,3.0
5889.0,5970.0,8.436116914935969,5.0
654.0,2349.0,8.437057379146543,2.0
3781.0,5444.0,8.437145519905696,3.0
1109.0,1975.0,8.43726553372165,2.0
4002.0,4609.0,8.438240560982614,2.0
5268.0,5847.0,8.440068098535546,4.0
2996.0,3099.0,8.44104970522135,2.0
3237.0,3798.0,8.442375193293575,2.0
3158.0,3693.0,8.448731832891395,2.0
2926.0,2991.0,8.44916395576632,2.0
5871.0,5937.0,8.458071371745525,6.0
218.0,6083.0,8.458877327059707,3.0
2703.0,6115.0,8.45971753065817,4.0
575.0,6246.0,8.462771381263305,3.0
3284.0,3884.0,8.4651304678438,2.0
164.0,787.0,8.46565818686556,2.0
813.0,2730.0,8.46851750256841,2.0
4577.0,6031.0,8.469208374573153,3.0
139.0,6516.0,8.471969890136677,5.0
2177.0,2182.0,8.47218926785323,2.0
1327.0,1924.0,8.475203156097015,2.0
1266.0,6498.0,8.47942243060237,3.0
2133.0,2803.0,8.479832325637142,2.0
3213.0,5214.0,8.480233308514308,3.0
3286.0,3457.0,8.48041965258091,2.0
3537.0,3940.0,8.480812042602686,2.0
62.0,5749.0,8.488264657489541,3.0
211.0,367.0,8.48840442052196,2.0
4382.0,5362.0,8.49098778374586,4.0
2521.0,5252.0,8.493902560347387,3.0
5059.0,6360.0,8.49906975301547,4.0
1180.0,2067.0,8.499145241167575,2.0
1828.0,1872.0,8.50794095791827,2.0
3189.0,5062.0,8.513647198782959,3.0
2890.0,3293.0,8.51491653727495,2.0
4111.0,4482.0,8.519705541000858,2.0
2236.0,2709.0,8.520756836104153,2.0
820.0,924.0,8.525219269240559,2.0
2288.0,2511.0,8.527484929811878,2.0
4175.0,4932.0,8.5294651009511,2.0
1927.0,5972.0,8.536921024984869,3.0
145.0,372.0,8.544917006246274,2.0
4450.0,4623.0,8.550070120033725,2.0
5678.0,5957.0,8.550857874057785,5.0
3460.0,5551.0,8.55102187335065,3.0
3539.0,3716.0,8.551122034911076,2.0
166.0,167.0,8.552690248757232,2.0
183.0,660.0,8.553116698248242,2.0
2324.0,5260.0,8.554890207754642,3.0
116.0,6126.0,8.557757366001503,3.0
251.0,6357.0,8.56188992497477,4.0
3087.0,3207.0,8.562932699012286,2.0
3104.0,6081.0,8.568600048430616,6.0
5280.0,6192.0,8.569362092449387,5.0
4807.0,5106.0,8.569902818121136,4.0
276.0,5380.0,8.570191283583682,3.0
3309.0,6000.0,8.570591198221932,3.0
4332.0,4735.0,8.571068733481605,2.0
2924.0,3833.0,8.571160581279791,2.0
2330.0,2582.0,8.578805902091062,2.0
373.0,5402.0,8.584549403608404,3.0
3267.0,3787.0,8.5922926358339,2.0
442.0,680.0,8.59467553435549,2.0
124.0,421.0,8.59593408675573,2.0
1690.0,5282.0,8.596913781678653,3.0
1435.0,1823.0,8.598087416242969,2.0
2901.0,5735.0,8.599855454541489,4.0
558.0,946.0,8.605067990699446,2.0
3021.0,5883.0,8.605081295710143,5.0
1102.0,1600.0,8.618562513724312,2.0
2317.0,2672.0,8.620206285658552,2.0
2922.0,6071.0,8.620263943749753,3.0
2298.0,2427.0,8.622098476396403,2.0
3212.0,3406.0,8.62593745611603,2.0
4043.0,5620.0,8.627942848802332,3.0
4177.0,6202.0,8.6281129176512,3.0
186.0,2139.0,8.62959559499889,2.0
5123.0,5894.0,8.632921618049615,4.0
4455.0,6268.0,8.640590218001948,4.0
3987.0,4195.0,8.641147577302167,2.0
688.0,6240.0,8.641802408290307,4.0
4087.0,4456.0,8.64248543847583,2.0
3983.0,5853.0,8.646352559119556,3.0
2315.0,2562.0,8.652374378170334,2.0
3398.0,5858.0,8.658368079041518,3.0
39.0,6262.0,8.664012825829964,3.0
4275.0,4927.0,8.664656774359429,2.0
3074.0,6017.0,8.667178374602711,3.0
2395.0,5914.0,8.668004478968838,3.0
1660.0,6488.0,8.668530551151377,3.0
3570.0,3852.0,8.674028118279216,2.0
4124.0,4613.0,8.675264197262857,2.0
220.0,519.0,8.679004077879,2.0
1315.0,6038.0,8.681760505118108,3.0
594.0,851.0,8.687135582115566,2.0
3574.0,6277.0,8.68848526538414,5.0
2983.0,5023.0,8.692999416693096,3.0
1050.0,6223.0,8.693730838351946,3.0
805.0,1019.0,8.694138103853607,2.0
3757.0,6355.0,8.70624375127449,5.0
1699.0,6224.0,8.706911861666674,7.0
912.0,6135.0,8.709832462156864,3.0
1119.0,1241.0,8.712059580330878,2.0
2343.0,2526.0,8.712261559772136,2.0
1472.0,3071.0,8.71317494699445,2.0
1475.0,1679.0,8.71602160069759,2.0
159.0,5679.0,8.716866301526776,4.0
5033.0,5929.0,8.719611297691744,5.0
725.0,5533.0,8.726548842504457,3.0
1339.0,1846.0,8.732738929140611,2.0
5879.0,6080.0,8.73291691091141,5.0
4918.0,4933.0,8.732977818700043,2.0
2763.0,5568.0,8.733090145803473,3.0
1678.0,5990.0,8.737814095788059,4.0
1259.0,1693.0,8.739876697007832,2.0
5720.0,5759.0,8.748309847605789,5.0
6002.0,6292.0,8.74866379843618,5.0
52.0,272.0,8.751115320712369,2.0
1415.0,1513.0,8.751136506864215,2.0
430.0,577.0,8.75310085867184,2.0
5246.0,5431.0,8.753604112828548,4.0
658.0,5364.0,8.754647158142777,3.0
2494.0,2629.0,8.759919864569014,2.0
4023.0,4328.0,8.760271320435965,2.0
4016.0,4989.0,8.760997127185238,2.0
2686.0,5705.0,8.76589207971389,3.0
3569.0,3876.0,8.76592465154523,2.0
3390.0,3565.0,8.775694532084565,2.0
5158.0,5801.0,8.775944412056873,5.0
67.0,458.0,8.776631427881115,2.0
2982.0,3245.0,8.782785177665625,2.0
3700.0,6136.0,8.784518712062527,4.0
2021.0,6103.0,8.785692033324837,4.0
563.0,764.0,8.787798360708482,2.0
2564.0,2716.0,8.788436769343296,2.0
5910.0,6112.0,8.792512945472454,7.0
5495.0,5840.0,8.793208120433214,5.0
5923.0,6668.0,8.80293414918818,4.0
1677.0,1954.0,8.802993086494975,2.0
5443.0,5526.0,8.805350097189127,4.0
5483.0,6331.0,8.806516044174142,5.0
646.0,799.0,8.807057977284442,2.0
3116.0,3252.0,8.808995778264723,2.0
5088.0,5467.0,8.812787461275184,4.0
5201.0,6327.0,8.81360673587471,5.0
1124.0,1395.0,8.81525806652473,2.0
1012.0,5891.0,8.815805662900024,4.0
5532.0,5723.0,8.81634316507068,4.0
5518.0,5993.0,8.819901303440068,6.0
2707.0,6208.0,8.820012355205048,4.0
1782.0,6090.0,8.820521282767203,3.0
1434.0,5128.0,8.82155036070348,3.0
3870.0,5966.0,8.82412613704954,4.0
2158.0,2563.0,8.826697463288491,2.0
5388.0,6505.0,8.827642148211977,6.0
5272.0,6492.0,8.82898101230294,6.0
5395.0,6180.0,8.829470280852636,5.0
1020.0,6117.0,8.830132399183107,3.0
280.0,412.0,8.830699983497677,2.0
4557.0,4742.0,8.83973294340309,2.0
5416.0,5946.0,8.839767054228844,4.0
2515.0,2525.0,8.841476615148439,2.0
85.0,937.0,8.84259768476749,2.0
2246.0,2280.0,8.845574105377883,2.0
3415.0,3763.0,8.847863196477935,2.0
4409.0,4900.0,8.84889575475627,2.0
3544.0,3722.0,8.852351006402584,2.0
2504.0,2738.0,8.853381464165167,2.0
5243.0,6093.0,8.854926016132096,4.0
1976.0,5806.0,8.85858431190832,3.0
1432.0,1900.0,8.858870453262679,2.0
972.0,990.0,8.868313241566549,2.0
84.0,395.0,8.870789452235517,2.0
3029.0,5588.0,8.87419223789503,3.0
3333.0,3933.0,8.878145603039611,2.0
5947.0,6025.0,8.882824729843897,5.0
4318.0,4982.0,8.890360555935324,2.0
288.0,5983.0,8.890897739131995,3.0
4288.0,5751.0,8.89283155170389,3.0
2941.0,3017.0,8.894655600994183,2.0
5298.0,5313.0,8.907849409446749,5.0
234.0,584.0,8.908896846077276,2.0
136.0,257.0,8.913335870485986,2.0
1544.0,1786.0,8.914061428877233,2.0
1076.0,1667.0,8.917310458183183,2.0
1414.0,1548.0,8.921655482984068,2.0
1484.0,1587.0,8.921976298957064,2.0
3157.0,3734.0,8.923729747761776,2.0
5379.0,6022.0,8.924645293336765,5.0
1188.0,1478.0,8.92581762089393,2.0
5370.0,6278.0,8.927283538321701,5.0
3170.0,6571.0,8.92814531382157,3.0
105.0,735.0,8.935003747452766,2.0
1156.0,1802.0,8.93776026004781,2.0
4190.0,4970.0,8.938033999491235,2.0
1492.0,5385.0,8.938095284847314,3.0
66.0,5714.0,8.93976685524264,3.0
2173.0,5413.0,8.94140015952037,3.0
2472.0,6184.0,8.94144587184583,3.0
2752.0,6058.0,8.949018107693044,4.0
3356.0,5322.0,8.963335982754298,4.0
3680.0,5968.0,8.964807070649185,6.0
6165.0,6303.0,8.96566375836529,6.0
5504.0,5690.0,8.96663712587794,4.0
4968.0,5509.0,8.97177957817419,3.0
5233.0,5772.0,8.974116057896492,5.0
1515.0,1576.0,8.985768998839399,2.0
466.0,925.0,8.98745282378001,2.0
2080.0,6193.0,8.9905116807524,3.0
2759.0,6686.0,8.990651326679695,3.0
2604.0,5715.0,8.991294723829068,3.0
2984.0,5594.0,8.993122469091448,3.0
5738.0,6228.0,9.00594202820084,4.0
5834.0,5836.0,9.007648874958182,6.0
169.0,6235.0,9.020725392553958,3.0
5693.0,5711.0,9.030917837436833,5.0
4547.0,5791.0,9.03117941194875,3.0
4089.0,4902.0,9.031894103368263,2.0
1264.0,1275.0,9.032706738800437,2.0
1408.0,5150.0,9.035510412784662,3.0
4461.0,4975.0,9.039365802725966,2.0
5637.0,6529.0,9.040018849281738,4.0
5662.0,5901.0,9.041062083396254,4.0
4681.0,6725.0,9.04751210569569,3.0
1184.0,2005.0,9.050675628935066,2.0
3777.0,6517.0,9.052384846092869,4.0
3414.0,3642.0,9.053916427770458,2.0
5323.0,6338.0,9.055032893680842,4.0
5955.0,6687.0,9.062179470325063,6.0
2753.0,6326.0,9.062337553825976,5.0
1291.0,1819.0,9.066227148197859,2.0
2543.0,2747.0,9.07163163316865,2.0
452.0,892.0,9.07845801176796,2.0
2164.0,2337.0,9.080168188483947,2.0
192.0,5916.0,9.0920362851586,4.0
3782.0,6359.0,9.092077843312774,3.0
1258.0,1738.0,9.092486697302862,2.0
4204.0,4784.0,9.0977254353762,2.0
1567.0,2053.0,9.09821737818177,2.0
3645.0,3842.0,9.100932317816866,2.0
1106.0,1804.0,9.101721910906921,2.0
4716.0,6219.0,9.104334935879644,4.0
5726.0,6409.0,9.104751337676383,5.0
5492.0,5730.0,9.10520336464509,4.0
3817.0,3864.0,9.105839862476696,2.0
1462.0,1715.0,9.107009518027802,2.0
2046.0,5609.0,9.109112409223846,3.0
5087.0,6256.0,9.121660937423846,6.0
2649.0,2650.0,9.122318245718793,2.0
3561.0,5669.0,9.12535925393077,3.0
5546.0,6365.0,9.127165939138994,7.0
4148.0,4164.0,9.12760076054419,2.0
1648.0,1837.0,9.128355801950965,2.0
3621.0,3672.0,9.128846398757682,2.0
4481.0,6379.0,9.129205090692379,3.0
4308.0,4974.0,9.133000607172859,2.0
2331.0,4648.0,9.135941648029286,2.0
6082.0,6236.0,9.146279019664801,6.0
2506.0,6297.0,9.147700839572591,4.0
856.0,918.0,9.150746363560488,2.0
4754.0,6306.0,9.1595738202229,4.0
1310.0,5898.0,9.161136716328633,3.0
113.0,814.0,9.162328686326633,2.0
4171.0,4828.0,9.166273217438013,2.0
120.0,500.0,9.168980622871455,2.0
2205.0,2680.0,9.177585477226538,2.0
4336.0,4843.0,9.17931936879631,2.0
2610.0,5701.0,9.18194782961195,4.0
4407.0,4897.0,9.184033926470795,2.0
2174.0,2855.0,9.184388151966859,2.0
4132.0,4141.0,9.188094170695308,2.0
4752.0,4799.0,9.188398903246341,2.0
464.0,6061.0,9.190901308258683,3.0
578.0,5672.0,9.192127212663566,4.0
5815.0,6476.0,9.192508994008529,4.0
5259.0,5902.0,9.195135851913395,4.0
3625.0,6594.0,9.197890482350454,3.0
2463.0,3370.0,9.203688896927082,2.0
5612.0,5721.0,9.205411257284084,5.0
1437.0,1878.0,9.20642520696996,2.0
237.0,753.0,9.207765440289437,2.0
4273.0,4661.0,9.207921862616576,2.0
1986.0,5918.0,9.208460417132018,3.0
585.0,6315.0,9.208642011520801,3.0
5657.0,6496.0,9.213365984376882,5.0
2.0,6048.0,9.21653799934153,3.0
561.0,733.0,9.21803120851045,2.0
2601.0,2799.0,9.218594012575819,2.0
1717.0,1805.0,9.226607162273869,2.0
316.0,1040.0,9.22780224661886,2.0
268.0,5496.0,9.228548095989941,4.0
4749.0,4888.0,9.228804646554371,2.0
1084.0,1206.0,9.230231616918344,2.0
2683.0,2740.0,9.230983530242021,2.0
3051.0,6212.0,9.231197612998049,3.0
1086.0,1961.0,9.23254927198785,2.0
5848.0,5981.0,9.23405464230055,4.0
1322.0,1598.0,9.237450217902806,2.0
3044.0,3345.0,9.241599827146267,2.0
333.0,541.0,9.245010742945803,2.0
1720.0,1868.0,9.250166072155622,2.0
5740.0,6043.0,9.260263739745808,6.0
3863.0,5980.0,9.262507746703063,3.0
1039.0,6404.0,9.263168617745823,4.0
1731.0,5965.0,9.264091833010147,3.0
3829.0,5796.0,9.264586131681094,4.0
1085.0,1752.0,9.271887784193868,2.0
5312.0,6049.0,9.272696784888106,4.0
92.0,419.0,9.273113728079618,2.0
5429.0,6515.0,9.27447275834264,7.0
5513.0,6472.0,9.274517744328222,4.0
5682.0,6522.0,9.282499702658841,4.0
1170.0,6040.0,9.287190143958403,3.0
2602.0,2687.0,9.2885957356376,2.0
4597.0,5437.0,9.29045035481956,3.0
3420.0,5775.0,9.299349964873551,4.0
5597.0,6015.0,9.302359875144678,6.0
4151.0,4438.0,9.30294466357325,2.0
5194.0,6416.0,9.303290785634484,4.0
258.0,629.0,9.303302941664448,2.0
2957.0,6707.0,9.30762527827807,3.0
663.0,6030.0,9.31082287207939,3.0
203.0,265.0,9.315401554597733,2.0
195.0,6448.0,9.31650074704439,4.0
1569.0,6145.0,9.31681315460308,6.0
100.0,512.0,9.317880190142246,2.0
1083.0,1546.0,9.323252235699519,2.0
5409.0,5909.0,9.325567418382683,5.0
4233.0,6172.0,9.329451185666883,3.0
3596.0,3967.0,9.334600428833973,2.0
2003.0,2150.0,9.33964308229749,2.0
1138.0,1229.0,9.340592936257753,2.0
3383.0,3675.0,9.347073995813307,2.0
6146.0,6411.0,9.349422890383902,5.0
535.0,682.0,9.349896551224074,2.0
2248.0,6770.0,9.351208007044308,3.0
198.0,5877.0,9.35916793544992,3.0
48.0,325.0,9.363295781329992,2.0
1091.0,1185.0,9.367242945654539,2.0
2200.0,2370.0,9.370732927858898,2.0
107.0,671.0,9.371505996302258,2.0
2699.0,4119.0,9.372395524699641,2.0
4575.0,6289.0,9.376525385774855,5.0
4018.0,4649.0,9.378444191031976,2.0
4010.0,4434.0,9.37860898173891,2.0
487.0,538.0,9.378873233754454,2.0
337.0,969.0,9.379306733542068,2.0
177.0,5739.0,9.38129146682096,3.0
1841.0,2033.0,9.384680629531655,2.0
2429.0,5694.0,9.400736251038346,3.0
2356.0,3077.0,9.404441899825944,2.0
416.0,976.0,9.411736116067138,2.0
6137.0,6319.0,9.413863268049786,6.0
50.0,6499.0,9.415819475550752,3.0
4227.0,4896.0,9.417694979470847,2.0
386.0,737.0,9.41997507703076,2.0
2195.0,6265.0,9.424571976872569,3.0
2466.0,2757.0,9.424923253425156,2.0
3046.0,5664.0,9.427077381154035,3.0
1215.0,5875.0,9.428916781759803,5.0
3438.0,6446.0,9.433690922011957,3.0
1420.0,1681.0,9.438710243093839,2.0
3292.0,3730.0,9.444723115694446,2.0
446.0,2387.0,9.445781243089396,2.0
2580.0,5817.0,9.446633919430582,3.0
3533.0,3702.0,9.449583454933672,2.0
758.0,905.0,9.452318318528134,2.0
2939.0,3906.0,9.457467823412102,2.0
1149.0,1385.0,9.461386012453687,2.0
480.0,6589.0,9.462530907570697,5.0
1283.0,6108.0,9.464428569048122,3.0
6229.0,6639.0,9.467782914183273,4.0
3551.0,6509.0,9.471404081933716,5.0
1298.0,1982.0,9.473262481415166,2.0
4348.0,4822.0,9.4737644111792,2.0
3413.0,6407.0,9.476221478946455,3.0
35.0,5962.0,9.483329663957921,3.0
3494.0,3500.0,9.485231086441507,2.0
2524.0,2669.0,9.49107133551844,2.0
37.0,396.0,9.494774577268576,2.0
1739.0,2013.0,9.49585161636941,2.0
3223.0,3456.0,9.502501574250237,2.0
2127.0,2467.0,9.503048979460873,2.0
5351.0,6751.0,9.504998887745936,8.0
4052.0,5110.0,9.505887465480765,3.0
1271.0,1616.0,9.508340470581375,2.0
45.0,943.0,9.509239457754079,2.0
387.0,469.0,9.509434876398384,2.0
4600.0,4607.0,9.512750262835471,2.0
1627.0,2040.0,9.51279459379273,2.0
3049.0,3273.0,9.517570804881899,2.0
2482.0,2792.0,9.51852302112317,2.0
5956.0,6291.0,9.523523817226032,4.0
3467.0,3784.0,9.526678776628067,2.0
5138.0,5913.0,9.526711328329357,4.0
5584.0,5688.0,9.52792987248113,4.0
5930.0,6464.0,9.53020128067366,5.0
3033.0,3744.0,9.53615727923368,2.0
6028.0,6371.0,9.540461298542628,5.0
5784.0,6312.0,9.54605380039472,6.0
4147.0,4372.0,9.551437892037228,2.0
2613.0,2657.0,9.551837038427445,2.0
96.0,231.0,9.561680006410134,2.0
3232.0,3524.0,9.561798216497426,2.0
4001.0,6544.0,9.56237717087814,4.0
2512.0,5703.0,9.56325737936844,4.0
1377.0,1676.0,9.566926282494054,2.0
3738.0,3867.0,9.56756120746358,2.0
4500.0,4865.0,9.5723168598824,2.0
2484.0,6095.0,9.57445266889171,3.0
200.0,6149.0,9.581609092479518,4.0
895.0,993.0,9.582322458949127,2.0
11.0,6421.0,9.582726317977356,3.0
2477.0,2497.0,9.584778871498301,2.0
6207.0,6460.0,9.587294824032147,4.0
1143.0,1443.0,9.588087581929889,2.0
1695.0,1888.0,9.588258132797732,2.0
2655.0,2955.0,9.588972109695698,2.0
242.0,5361.0,9.589496510059986,3.0
3410.0,3720.0,9.597095104994626,2.0
6156.0,6796.0,9.597565302608151,4.0
1192.0,5487.0,9.599536017220162,3.0
3303.0,3791.0,9.608783901443948,2.0
5159.0,5761.0,9.608887467277452,6.0
6417.0,6434.0,9.610933743465845,6.0
33.0,726.0,9.612040134087643,2.0
5585.0,6759.0,9.614744850333704,7.0
3417.0,6429.0,9.622939404134327,4.0
2502.0,2812.0,9.625533837754888,2.0
3560.0,3920.0,9.63391351308964,2.0
1971.0,1994.0,9.634219703626915,2.0
3780.0,5001.0,9.63581857457526,3.0
2489.0,2498.0,9.637611282077854,2.0
837.0,1013.0,9.638566195918873,2.0
2373.0,2529.0,9.639750192066534,2.0
4565.0,5713.0,9.644013663510783,4.0
4747.0,5363.0,9.649213572050192,3.0
4657.0,6283.0,9.650642071327384,3.0
5191.0,5579.0,9.657136565749637,4.0
1365.0,2487.0,9.659000219769917,2.0
5479.0,5648.0,9.66036704521115,5.0
2568.0,6250.0,9.661416976798526,3.0
3043.0,5960.0,9.667062116994206,5.0
2208.0,6510.0,9.66713977353297,3.0
1524.0,6741.0,9.66894866641295,3.0
1851.0,5828.0,9.669965949546535,3.0
4299.0,4342.0,9.670346050194878,2.0
5449.0,6210.0,9.670603895724176,5.0
600.0,6163.0,9.674665813663879,5.0
3200.0,3776.0,9.679255254867101,2.0
2380.0,2851.0,9.684047412424231,2.0
2221.0,2744.0,9.68749000592323,2.0
4193.0,4387.0,9.694198328864099,2.0
2998.0,5785.0,9.694980168294785,3.0
2903.0,5744.0,9.696635101696883,3.0
1282.0,1531.0,9.698968980647448,2.0
6296.0,6569.0,9.703270606218409,6.0
1023.0,6003.0,9.70788839332454,3.0
2808.0,6651.0,9.709762463687126,4.0
4425.0,5067.0,9.710696542042687,3.0
3388.0,6310.0,9.711313846441861,3.0
1121.0,1630.0,9.712392069195378,2.0
1230.0,5571.0,9.712842938881852,3.0
154.0,6593.0,9.713182980373348,4.0
146.0,314.0,9.716281898031921,2.0
5833.0,6559.0,9.718001169931789,5.0
5566.0,6203.0,9.720747363668043,5.0
3996.0,4069.0,9.72112494342322,2.0
1635.0,6284.0,9.724670493574047,3.0
573.0,4194.0,9.725094389234604,2.0
3597.0,6131.0,9.726721586582915,3.0
4786.0,6381.0,9.72929516981695,4.0
3306.0,3402.0,9.729523018177053,2.0
3067.0,6069.0,9.73050077918034,4.0
1790.0,1809.0,9.732934910147069,2.0
850.0,6456.0,9.738400376222078,5.0
1367.0,1835.0,9.738974494556759,2.0
1441.0,1780.0,9.740198074561528,2.0
5515.0,5618.0,9.740532662115035,4.0
5574.0,5843.0,9.742692495878616,4.0
592.0,5373.0,9.74532704796848,3.0
4601.0,6279.0,9.752900334171905,3.0
3818.0,3834.0,9.761011730726295,2.0
4157.0,4632.0,9.762593671802351,2.0
619.0,903.0,9.763351118884417,2.0
2287.0,2734.0,9.764544145372767,2.0
3424.0,6600.0,9.76539590590876,4.0
2364.0,6949.0,9.769979891504349,3.0
2690.0,2842.0,9.774112282273938,2.0
27.0,296.0,9.777076634668123,2.0
3083.0,6123.0,9.780804833191349,3.0
3246.0,3305.0,9.781007955909516,2.0
2769.0,6325.0,9.781322124955114,3.0
2228.0,2708.0,9.7840031587534,2.0
5702.0,6271.0,9.78553309770434,4.0
2320.0,6217.0,9.793193901665402,3.0
4634.0,6681.0,9.796488082319307,5.0
5944.0,6295.0,9.805428801529052,6.0
4011.0,4439.0,9.805563618253986,2.0
5460.0,6521.0,9.806570326149494,6.0
686.0,5412.0,9.806774315237043,3.0
1207.0,1861.0,9.807353133979053,2.0
5407.0,5926.0,9.810278345897999,4.0
155.0,454.0,9.810717868781593,2.0
5545.0,6696.0,9.81451902815063,5.0
1675.0,5170.0,9.815899742951926,4.0
2278.0,2397.0,9.816409940876836,2.0
730.0,6765.0,9.816418293849768,3.0
2549.0,6190.0,9.817535460330783,3.0
2951.0,3739.0,9.821697140161556,2.0
2215.0,2872.0,9.821972144236014,2.0
4922.0,5835.0,9.823210057865248,4.0
5309.0,6470.0,9.825190644334512,6.0
5649.0,6020.0,9.828109682945733,5.0
3162.0,6490.0,9.828249960791956,5.0
2985.0,3543.0,9.829245253637175,2.0
5206.0,5317.0,9.830745064136654,4.0
3875.0,3927.0,9.835538478337716,2.0
572.0,779.0,9.853954935422328,2.0
4142.0,4994.0,9.85466598542833,2.0
1998.0,6189.0,9.856416627634102,3.0
5471.0,6514.0,9.857841571378476,5.0
1174.0,6754.0,9.863150955142837,4.0
5286.0,7049.0,9.864183383277528,4.0
617.0,1025.0,9.865037759192763,2.0
3000.0,5895.0,9.868848289015336,3.0
5376.0,6078.0,9.868997452548086,6.0
5374.0,5614.0,9.870263202479,4.0
3701.0,3928.0,9.874286585160315,2.0
4733.0,4998.0,9.880790553167946,2.0
4072.0,6527.0,9.883473981356099,3.0
5434.0,6254.0,9.88848332880147,6.0
3268.0,3755.0,9.891699692684409,2.0
6157.0,6595.0,9.892315408100098,5.0
6045.0,6451.0,9.896741566700777,7.0
865.0,6528.0,9.900295680432157,4.0
1534.0,1659.0,9.901496540191019,2.0
5699.0,6807.0,9.903143424820865,5.0
5868.0,7039.0,9.904865960314249,5.0
4436.0,4546.0,9.91984399338862,2.0
3299.0,3439.0,9.920237057246936,2.0
4192.0,4688.0,9.923026662964414,2.0
5446.0,6344.0,9.92414586745051,4.0
4155.0,5372.0,9.925051239193012,3.0
871.0,6324.0,9.926158152710805,4.0
1399.0,1593.0,9.931661162254354,2.0
1519.0,1633.0,9.934343442697052,2.0
4396.0,4834.0,9.935479711139317,2.0
2340.0,6870.0,9.939239378922,5.0
3657.0,5459.0,9.939686194453273,4.0
6615.0,6800.0,9.94096050572249,7.0
111.0,639.0,9.94632346331643,2.0
1251.0,5556.0,9.947720555345825,3.0
5480.0,6815.0,9.947873090598133,6.0
1509.0,5822.0,9.950015134221504,5.0
5765.0,6197.0,9.951845704983594,5.0
1666.0,1701.0,9.954437319798588,2.0
900.0,5873.0,9.957029752780853,3.0
4845.0,6151.0,9.964632955697743,3.0
3174.0,5776.0,9.96500499644232,4.0
1663.0,6455.0,9.97914231307773,4.0
2007.0,2065.0,9.980111655542952,2.0
4529.0,4912.0,9.982378594664057,2.0
687.0,1026.0,9.98279317490185,2.0
4530.0,6469.0,9.983328088494183,3.0
5291.0,6914.0,9.985293371406147,6.0
5105.0,6633.0,9.987965995703172,6.0
4325.0,5624.0,9.989897461711521,3.0
4042.0,4506.0,9.992875597279212,2.0
1009.0,6168.0,9.996820447825131,3.0
4697.0,4775.0,10.00355265946241,2.0
6383.0,6474.0,10.008467597412508,8.0
3378.0,3638.0,10.010177718409068,2.0
3760.0,5635.0,10.01075709510343,3.0
729.0,6107.0,10.012020137230255,5.0
2386.0,6743.0,10.013106665873952,6.0
3473.0,3936.0,10.017269640295492,2.0
4145.0,4553.0,10.018490962350077,2.0
6597.0,6803.0,10.02135619774857,7.0
2831.0,6118.0,10.029735074535218,5.0
613.0,666.0,10.030640662763169,2.0
2889.0,6549.0,10.030816386144641,3.0
271.0,6205.0,10.031077394540773,3.0
2374.0,2636.0,10.032187789944448,2.0
2232.0,2879.0,10.038575817785553,2.0
3771.0,6215.0,10.043598022425817,3.0
4801.0,6320.0,10.047033853980468,6.0
4723.0,6797.0,10.049755774280388,3.0
3395.0,3532.0,10.065450093221,2.0
81.0,692.0,10.073380604394709,2.0
3348.0,3923.0,10.073922200365555,2.0
363.0,6226.0,10.074010270814636,3.0
6185.0,6513.0,10.077597245623354,6.0
3614.0,6427.0,10.084063354000442,3.0
106.0,6670.0,10.087896175949407,3.0
609.0,775.0,10.088413547426121,2.0
82.0,1067.0,10.089000904288078,2.0
3892.0,6169.0,10.092831613341787,3.0
4534.0,4863.0,10.09364479211088,2.0
983.0,6281.0,10.099937979249432,3.0
5505.0,5506.0,10.100985416568303,4.0
6150.0,6532.0,10.102358033343187,7.0
5325.0,6006.0,10.1049007156486,5.0
622.0,824.0,10.109736910137174,2.0
4686.0,5987.0,10.111282573014371,4.0
5622.0,6175.0,10.114821317274286,6.0
1928.0,1953.0,10.118214562612106,2.0
5420.0,5468.0,10.118531175824259,4.0
5603.0,6267.0,10.121982272482795,5.0
1800.0,1997.0,10.122541184391848,2.0
5236.0,6481.0,10.124223748955057,7.0
4166.0,4704.0,10.125862188789013,2.0
1445.0,3904.0,10.12802689212484,2.0
1880.0,6288.0,10.130726446372904,5.0
2062.0,6179.0,10.135775586720662,4.0
1397.0,6153.0,10.139921939497743,3.0
595.0,950.0,10.147517017474089,2.0
2478.0,6405.0,10.148821464203088,5.0
3358.0,3813.0,10.14908702951636,2.0
2654.0,2830.0,10.151092029740882,2.0
2865.0,6960.0,10.15111548905225,3.0
259.0,6695.0,10.151804469067894,3.0
4241.0,4540.0,10.154944214686738,2.0
4750.0,6783.0,10.155192943134987,6.0
3020.0,6581.0,10.159776681064699,3.0
3062.0,6690.0,10.168852060893393,4.0
1866.0,6575.0,10.176308189483043,5.0
3173.0,3660.0,10.177245645637331,2.0
2304.0,6067.0,10.17910239781085,3.0
178.0,6904.0,10.184099264243825,7.0
3978.0,4468.0,10.19368488247513,2.0
728.0,748.0,10.195344186668686,2.0
184.0,1022.0,10.195843749745055,2.0
2442.0,6959.0,10.19619610850112,4.0
217.0,331.0,10.200388878770035,2.0
4134.0,4379.0,10.201116609943888,2.0
1111.0,5414.0,10.204910573256216,3.0
4108.0,6414.0,10.214549968446619,3.0
3027.0,3839.0,10.220770413947564,2.0
5562.0,6658.0,10.22109392114965,5.0
5935.0,6348.0,10.22144107168432,5.0
1261.0,1914.0,10.22413106640142,2.0
5954.0,6626.0,10.23008784088759,5.0
5488.0,5671.0,10.233660608936317,5.0
2751.0,5257.0,10.23436939668745,3.0
2960.0,5808.0,10.249795275288877,3.0
1490.0,6273.0,10.25146257278175,5.0
6024.0,6574.0,10.261409366501507,8.0
1466.0,5499.0,10.262176638716829,4.0
4694.0,5797.0,10.26528743506653,3.0
2958.0,3131.0,10.272350870952888,2.0
6057.0,6988.0,10.274438533678016,4.0
4736.0,4940.0,10.27819616475932,2.0
5967.0,6631.0,10.283110220225947,7.0
1166.0,2126.0,10.2856510782071,2.0
2411.0,2413.0,10.28619194103286,2.0
4135.0,4585.0,10.297271401403341,2.0
1.0,706.0,10.30191586012647,2.0
3519.0,6187.0,10.305238809537949,5.0
4005.0,4218.0,10.31712968325786,2.0
1177.0,5844.0,10.32122426536642,3.0
5675.0,5996.0,10.324769395249607,8.0
4395.0,6105.0,10.324913372554548,4.0
1727.0,6667.0,10.325199944750517,4.0
1263.0,6542.0,10.325849887539134,5.0
5746.0,6114.0,10.326092589112193,5.0
1950.0,6672.0,10.326914522848138,3.0
4312.0,4793.0,10.329068942530656,2.0
517.0,6258.0,10.33041495685761,4.0
3521.0,3690.0,10.336316943762743,2.0
3105.0,3950.0,10.338260541059412,2.0
3351.0,3361.0,10.338297905692896,2.0
3018.0,3130.0,10.340417206206595,2.0
3461.0,6612.0,10.343743237997339,3.0
1554.0,2001.0,10.34518885306182,2.0
1232.0,1877.0,10.345953978949254,2.0
2667.0,2862.0,10.347710932640801,2.0
5741.0,6547.0,10.348805819628929,5.0
4706.0,4819.0,10.349178610786796,2.0
4471.0,4664.0,10.354513892432092,2.0
4038.0,4666.0,10.356046475437912,2.0
5922.0,6858.0,10.359773179494287,4.0
4640.0,5652.0,10.360060186234914,3.0
4374.0,6194.0,10.372979914434831,3.0
1165.0,1754.0,10.376234801184603,2.0
1066.0,6494.0,10.390858242958373,5.0
2606.0,6567.0,10.392489873418759,4.0
1955.0,2102.0,10.393873021499736,2.0
4910.0,4937.0,10.394097403009686,2.0
3259.0,3658.0,10.401870227647931,2.0
4268.0,6506.0,10.404796665444476,6.0
882.0,6443.0,10.405215800396428,3.0
596.0,6629.0,10.405277990703443,4.0
1536.0,6772.0,10.406032481592327,4.0
4448.0,6141.0,10.412731006597706,3.0
3228.0,3942.0,10.416606135865825,2.0
1145.0,2006.0,10.421288732570778,2.0
4855.0,4960.0,10.43434375452424,2.0
5338.0,5986.0,10.436617653683653,4.0
752.0,6195.0,10.439148246534584,3.0
4077.0,4840.0,10.441274249391228,2.0
475.0,6722.0,10.441483116782708,3.0
115.0,6186.0,10.444584383395775,5.0
1285.0,1958.0,10.444881452094645,2.0
5850.0,6099.0,10.452229245666283,5.0
1725.0,7081.0,10.4628997986487,5.0
5636.0,5997.0,10.466282433573202,4.0
5269.0,6084.0,10.46762834627724,4.0
4075.0,4670.0,10.475703870658164,2.0
3360.0,3518.0,10.478809024416167,2.0
2226.0,2698.0,10.488205985152565,2.0
2572.0,2786.0,10.488960716894232,2.0
5686.0,6708.0,10.48949402282877,5.0
2186.0,2781.0,10.493361624742588,2.0
4276.0,4355.0,10.494220518884402,2.0
3094.0,6363.0,10.49934567318832,3.0
451.0,7097.0,10.503894210913385,5.0
400.0,5485.0,10.505806386554145,3.0
5578.0,6392.0,10.506902038637561,4.0
559.0,6332.0,10.507564748442633,3.0
3346.0,6769.0,10.507654075314912,3.0
3039.0,3827.0,10.512962245956139,2.0
4447.0,4748.0,10.516853980208937,2.0
5691.0,6450.0,10.517715126877318,5.0
3458.0,6693.0,10.537850630799392,3.0
123.0,7116.0,10.546401781712678,6.0
2284.0,6530.0,10.551415072806687,4.0
902.0,6255.0,10.557753019801304,4.0
1126.0,1296.0,10.560291381110563,2.0
4781.0,5736.0,10.560358869631322,4.0
88.0,524.0,10.565487478605167,2.0
1685.0,1779.0,10.565923838169487,2.0
5963.0,6685.0,10.570420183132402,5.0
2323.0,6346.0,10.574409087378617,4.0
2115.0,6166.0,10.585372381694654,4.0
2209.0,6523.0,10.58702093152244,5.0
4228.0,4818.0,10.587724800538828,2.0
5921.0,6088.0,10.596115457257158,5.0
3231.0,6493.0,10.605494329609709,3.0
2624.0,6439.0,10.607331855342501,3.0
2668.0,2711.0,10.608361278090648,2.0
5035.0,6669.0,10.608432428367006,6.0
2132.0,2783.0,10.615391030652201,2.0
6328.0,6349.0,10.620259916074218,5.0
180.0,6824.0,10.623679288127615,5.0
5398.0,5610.0,10.62518993912244,4.0
4046.0,4788.0,10.635258883705415,2.0
1850.0,6091.0,10.63600574554354,4.0
5938.0,6075.0,10.63622838410719,4.0
2144.0,2381.0,10.642085288881857,2.0
2894.0,6329.0,10.642271567291177,3.0
715.0,7202.0,10.64673704141463,4.0
1926.0,7148.0,10.647864476160306,3.0
2022.0,6599.0,10.651393873017545,3.0
5758.0,6237.0,10.65484992681527,5.0
720.0,6744.0,10.655030526476924,3.0
4813.0,5919.0,10.656715859636856,4.0
1398.0,2025.0,10.65839132824223,2.0
955.0,6614.0,10.658878853900564,4.0
2954.0,5489.0,10.666805699540658,4.0
2303.0,4344.0,10.670797569692214,2.0
2161.0,2194.0,10.6708708129837,2.0
5599.0,7051.0,10.676169826109101,7.0
3805.0,6676.0,10.67878076551901,3.0
1402.0,2088.0,10.679398002491943,2.0
5.0,5598.0,10.681347140290706,3.0
2339.0,3573.0,10.688502296160058,2.0
2430.0,5795.0,10.692927319812513,3.0
3980.0,4695.0,10.696872920994668,2.0
1722.0,1733.0,10.698669945489671,2.0
1518.0,1529.0,10.698840666563733,2.0
5346.0,6402.0,10.699442890832954,5.0
1137.0,1881.0,10.704890782519485,2.0
2947.0,3336.0,10.71010552427798,2.0
359.0,482.0,10.710291998529934,2.0
6104.0,6610.0,10.711317444943377,6.0
4239.0,5876.0,10.720997130692535,3.0
476.0,1002.0,10.73035652299515,2.0
109.0,852.0,10.733502623110683,2.0
149.0,1058.0,10.733851487678235,2.0
2388.0,2682.0,10.733886122335988,2.0
1193.0,1217.0,10.735386164249874,2.0
3387.0,6698.0,10.73645944510314,6.0
4446.0,4916.0,10.739025954819521,2.0
717.0,1043.0,10.740866339940764,2.0
4731.0,6955.0,10.741494291166571,7.0
6183.0,6401.0,10.746444349992572,6.0
2471.0,6313.0,10.749901738610419,3.0
4453.0,4571.0,10.7503545740476,2.0
175.0,5940.0,10.752612755835374,4.0
6139.0,6832.0,10.759142028252775,9.0
2309.0,2470.0,10.765150754167479,2.0
2883.0,6023.0,10.765990957305403,3.0
2037.0,6860.0,10.76994189613911,7.0
942.0,6835.0,10.772009705042167,3.0
5548.0,7232.0,10.773499467015881,9.0
6052.0,7219.0,10.778742255729274,5.0
5143.0,6566.0,10.782912404713068,6.0
1517.0,1624.0,10.78509921185842,2.0
263.0,1035.0,10.787245067827751,2.0
2513.0,6585.0,10.80006541657454,5.0
4789.0,6873.0,10.802627487312844,3.0
1907.0,5030.0,10.80317950356052,3.0
1391.0,5500.0,10.806332171189577,3.0
3088.0,3412.0,10.811102403985908,2.0
1925.0,6275.0,10.819699529513874,3.0
2363.0,2590.0,10.824605719262626,2.0
4083.0,4792.0,10.831510473526192,2.0
3133.0,3684.0,10.836467946646426,2.0
583.0,843.0,10.838743036175359,2.0
6148.0,6471.0,10.8400866823537,5.0
5654.0,6478.0,10.841639023487444,4.0
1221.0,6705.0,10.843936928225595,3.0
5941.0,6098.0,10.844282880805187,7.0
6264.0,6317.0,10.84858620137762,6.0
2681.0,5852.0,10.849498770131408,3.0
999.0,6925.0,10.85075811070068,3.0
6096.0,7186.0,10.853449276149254,4.0
135.0,6155.0,10.854599679498154,3.0
1615.0,1919.0,10.855629126950769,2.0
2185.0,5882.0,10.856149250558392,3.0
2332.0,4378.0,10.85634697223086,2.0
1773.0,1824.0,10.856803274627602,2.0
4269.0,5911.0,10.857953262223507,4.0
5716.0,6280.0,10.859160377943118,5.0
3015.0,3946.0,10.862983667480073,2.0
5826.0,7249.0,10.863817874198357,7.0
6537.0,7070.0,10.86501444649437,5.0
4526.0,5109.0,10.867114207458185,3.0
1136.0,1656.0,10.870442262490814,2.0
534.0,4219.0,10.870544831299103,2.0
6119.0,6967.0,10.874939900000028,5.0
1563.0,5805.0,10.876327671608463,6.0
2130.0,5813.0,10.87719591690515,3.0
2532.0,2614.0,10.878634451257192,2.0
5043.0,7162.0,10.88089503373453,6.0
3753.0,6734.0,10.886284504461953,5.0
2392.0,2628.0,10.886963083292825,2.0
1480.0,1899.0,10.897406564430845,2.0
4702.0,6466.0,10.901792193542434,3.0
375.0,6340.0,10.90204032716204,4.0
911.0,6201.0,10.908923809439631,3.0
4841.0,5611.0,10.915509314517813,4.0
1191.0,2100.0,10.91692273456854,2.0
1917.0,7334.0,10.921797755139316,3.0
1590.0,5602.0,10.926620999743642,3.0
4183.0,4610.0,10.934519589875794,2.0
890.0,5122.0,10.951784531312192,3.0
3455.0,3654.0,10.963623315028144,2.0
2198.0,6766.0,10.966647790692189,3.0
1644.0,5783.0,10.966962900381105,4.0
1034.0,6954.0,10.972629680531636,3.0
5821.0,6998.0,10.975979389196278,6.0
3545.0,3562.0,10.976958760411293,2.0
2414.0,6756.0,10.986508586156095,3.0
6013.0,6403.0,10.9905082047548,8.0
6376.0,6609.0,10.997616479167688,4.0
5156.0,6663.0,10.998604319900489,5.0
4055.0,4283.0,11.001938841638024,2.0
1491.0,1874.0,11.006854638467606,2.0
3459.0,7131.0,11.006882681452339,3.0
5241.0,5304.0,11.007616836987264,4.0
2148.0,3139.0,11.009782654685232,2.0
2451.0,7095.0,11.01683713737272,4.0
5450.0,5948.0,11.02031115979679,6.0
1632.0,5971.0,11.02611432681118,3.0
2688.0,7338.0,11.027707964182223,6.0
5774.0,7176.0,11.037057316080363,5.0
2237.0,2437.0,11.037199566214444,2.0
6683.0,6709.0,11.041785237340088,8.0
2988.0,3234.0,11.042608428131537,2.0
5474.0,6926.0,11.048302071071491,7.0
1345.0,6170.0,11.060977862688238,3.0
723.0,762.0,11.067885653305474,2.0
4772.0,6808.0,11.072468812674408,6.0
4027.0,4149.0,11.074445876229571,2.0
5615.0,6161.0,11.078691901184097,4.0
1510.0,5724.0,11.078883584959323,6.0
3373.0,3759.0,11.083084023490661,2.0
3310.0,5136.0,11.083440839991425,3.0
5486.0,6159.0,11.086974175586468,4.0
1060.0,6051.0,11.089541294967134,4.0
6813.0,7113.0,11.09362230955876,5.0
5666.0,6557.0,11.100143855508817,8.0
228.0,384.0,11.10805552908959,2.0
5476.0,6957.0,11.111194573035705,4.0
2584.0,2696.0,11.114372353661341,2.0
5952.0,6018.0,11.115374046085194,5.0
5787.0,6742.0,11.12003459747562,7.0
4924.0,6191.0,11.128292323670289,3.0
5767.0,7153.0,11.13064654283066,9.0
3502.0,3736.0,11.132186755631801,2.0
1247.0,1896.0,11.133116149107995,2.0
6248.0,7123.0,11.13364889506742,5.0
6016.0,6220.0,11.13810094377796,4.0
1218.0,1293.0,11.138923757700622,2.0
621.0,7242.0,11.139463497180044,6.0
3101.0,3253.0,11.139464735804053,2.0
2591.0,4393.0,11.139807134348354,2.0
349.0,423.0,11.152911599633528,2.0
780.0,7333.0,11.158370318180278,3.0
6034.0,6251.0,11.159549611721799,8.0
4073.0,4622.0,11.16582185530571,2.0
669.0,933.0,11.168350091446467,2.0
6468.0,6503.0,11.170996138004046,4.0
3982.0,4673.0,11.171446868571381,2.0
610.0,4410.0,11.172374924756907,2.0
5958.0,6227.0,11.174650982624001,6.0
3604.0,3615.0,11.186009723508697,2.0
6723.0,6794.0,11.188519288760489,7.0
1317.0,1334.0,11.192623109405371,2.0
5734.0,6252.0,11.193170254255984,6.0
2503.0,6362.0,11.20097245618651,4.0
2919.0,3606.0,11.205215444660206,2.0
768.0,848.0,11.20924297714303,2.0
6518.0,6970.0,11.210595387909994,4.0
3723.0,6664.0,11.211033048538761,3.0
6782.0,6829.0,11.212445560798145,4.0
1153.0,2292.0,11.230811122458954,2.0
5698.0,6232.0,11.23587203024096,4.0
7.0,586.0,11.24301250488539,2.0
185.0,6437.0,11.250721911797193,3.0
1006.0,6560.0,11.258871642482775,3.0
3285.0,3317.0,11.25980699923481,2.0
1216.0,5472.0,11.261413263985997,3.0
1160.0,6391.0,11.272788849805265,4.0
2861.0,6974.0,11.275489213507747,5.0
4866.0,5977.0,11.284677816087095,3.0
5466.0,6524.0,11.289856636444394,6.0
4511.0,4712.0,11.292210050774123,2.0
5441.0,6419.0,11.296224475129918,5.0
4477.0,4936.0,11.304705069079798,2.0
3656.0,7020.0,11.307346470931055,3.0
797.0,6418.0,11.319520355254408,5.0
2858.0,2891.0,11.326167448224282,2.0
6322.0,6538.0,11.328429154190044,7.0
3796.0,3800.0,11.329399027504103,2.0
5484.0,6399.0,11.333101097591204,7.0
2896.0,6801.0,11.333490887955117,4.0
3090.0,6852.0,11.335189729012136,4.0
3995.0,6121.0,11.34353256161023,3.0
264.0,402.0,11.345222574844868,2.0
6247.0,7089.0,11.346144053121318,6.0
1577.0,2068.0,11.348692163389307,2.0
4499.0,7140.0,11.348872477231652,6.0
6480.0,7160.0,11.354098764454994,5.0
5113.0,7320.0,11.357504441154033,5.0
5932.0,6548.0,11.3582756488831,6.0
1641.0,5897.0,11.363191385411929,3.0
2225.0,2259.0,11.36956138134795,2.0
741.0,1049.0,11.370570890229994,2.0
2000.0,6983.0,11.37203429204607,3.0
1342.0,6373.0,11.378921450478009,3.0
5673.0,6257.0,11.385975597748025,4.0
2499.0,5608.0,11.38781043804442,3.0
4146.0,4942.0,11.390393814316178,2.0
627.0,5733.0,11.392994879569029,3.0
4000.0,4815.0,11.395519997561612,2.0
5342.0,6133.0,11.398912802684489,8.0
2510.0,2588.0,11.40264723599028,2.0
4796.0,6432.0,11.421053107173826,3.0
7005.0,7067.0,11.421558700188845,4.0
4794.0,6920.0,11.42784852595573,3.0
5951.0,6628.0,11.428755930036102,4.0
1243.0,1375.0,11.431746746170498,2.0
4851.0,6620.0,11.43182734174341,4.0
765.0,873.0,11.434533623722466,2.0
57.0,6541.0,11.440519799745358,3.0
1487.0,1793.0,11.441598171305007,2.0
4467.0,4809.0,11.446912183205006,2.0
5292.0,7427.0,11.45026876721157,7.0
4765.0,4953.0,11.455340379464966,2.0
6583.0,7288.0,11.465466555498757,8.0
618.0,894.0,11.46651390916326,2.0
3612.0,5841.0,11.482178715702116,3.0
376.0,7197.0,11.486690312299405,4.0
3035.0,3635.0,11.491399551406056,2.0
0.0,804.0,11.499838546434304,2.0
4671.0,6863.0,11.503253100836396,5.0
3251.0,6654.0,11.505254940694694,3.0
4745.0,4820.0,11.51121883539256,2.0
1508.0,6406.0,11.51654545013384,3.0
1623.0,5851.0,11.518570754062807,3.0
3433.0,5945.0,11.52055349785451,3.0
4117.0,4930.0,11.531005593190532,2.0
1455.0,6556.0,11.536328671760726,5.0
129.0,806.0,11.53947960437906,2.0
4104.0,4223.0,11.539697214765875,2.0
383.0,5696.0,11.54496506477668,3.0
3030.0,6005.0,11.552324688970234,3.0
3326.0,6587.0,11.554887543125231,3.0
3334.0,6648.0,11.558868292189334,3.0
3047.0,3743.0,11.561519066107694,2.0
6029.0,7265.0,11.569322248402806,6.0
4302.0,7169.0,11.5780286878935,7.0
189.0,6019.0,11.589599465443223,4.0
5769.0,6087.0,11.591423787438183,4.0
4221.0,4285.0,11.598274662683554,2.0
5433.0,6750.0,11.59936682599594,6.0
6037.0,6919.0,11.601720483704137,9.0
1448.0,1551.0,11.602595412312786,2.0
2184.0,2692.0,11.60500178807241,2.0
1459.0,1585.0,11.606750309349641,2.0
1873.0,7306.0,11.611017100578183,3.0
2260.0,2854.0,11.611516289910982,2.0
3711.0,6879.0,11.61156949499753,4.0
5498.0,6260.0,11.61365852935568,4.0
1714.0,7217.0,11.616836843468676,5.0
5999.0,7296.0,11.617215568257027,7.0
3765.0,7093.0,11.617644482159703,4.0
5950.0,6094.0,11.619114649242567,5.0
4323.0,4652.0,11.624124468835518,2.0
4838.0,5435.0,11.624265134817414,3.0
2929.0,3564.0,11.62661668611907,2.0
6565.0,6979.0,11.628233441612114,7.0
6622.0,6636.0,11.632611163929145,5.0
4066.0,4277.0,11.633603955685823,2.0
1709.0,5745.0,11.633842377543989,3.0
5621.0,6999.0,11.639375435962263,7.0
6218.0,7038.0,11.644265158804142,6.0
3696.0,6984.0,11.654300648490807,3.0
3082.0,7034.0,11.655668829158866,4.0
3344.0,3811.0,11.656356364437382,2.0
2677.0,6868.0,11.668563271076827,3.0
2254.0,5799.0,11.672766823313784,3.0
2689.0,7493.0,11.673103485744768,10.0
1099.0,1392.0,11.687463905743934,2.0
1151.0,5755.0,11.693539612987614,3.0
1602.0,5991.0,11.694846481383374,3.0
1430.0,1979.0,11.698061708556954,2.0
6465.0,6553.0,11.699831796936053,6.0
611.0,1062.0,11.701097789535668,2.0
3992.0,5224.0,11.706558561154125,3.0
3988.0,4738.0,11.706722997373225,2.0
1029.0,6213.0,11.71669376872405,5.0
4603.0,6682.0,11.730754430804756,3.0
790.0,981.0,11.742683005471724,2.0
2806.0,6582.0,11.744404835433222,5.0
1328.0,1692.0,11.751079407318885,2.0
3879.0,7341.0,11.75269554436422,4.0
4329.0,6874.0,11.756666142071918,3.0
6347.0,7024.0,11.760542710730618,6.0
1080.0,1456.0,11.761972525794448,2.0
6413.0,6856.0,11.764706779052341,4.0
345.0,749.0,11.766022385675466,2.0
319.0,456.0,11.768096452319115,2.0
4880.0,5592.0,11.768685942355855,3.0
3270.0,3871.0,11.773031890873538,2.0
4389.0,6147.0,11.774742697993721,3.0
2567.0,2702.0,11.780671275897301,2.0
5168.0,7295.0,11.804779175773714,6.0
2972.0,5793.0,11.807834564977801,3.0
6014.0,6745.0,11.810435600268537,6.0
1171.0,1696.0,11.827079557348805,2.0
1142.0,7139.0,11.831997148913347,3.0
2641.0,2701.0,11.834337893194649,2.0
4220.0,7581.0,11.835044867974904,6.0
10.0,7450.0,11.835764873979382,4.0
3121.0,3694.0,11.836309667205619,2.0
4678.0,6806.0,11.839840818335357,5.0
6415.0,6441.0,11.847403851009684,6.0
2825.0,6457.0,11.84768205952216,3.0
4373.0,4879.0,11.851584720181327,2.0
6204.0,6791.0,11.853932061180092,8.0
6222.0,7157.0,11.862154594863341,9.0
3177.0,6164.0,11.862668727238905,3.0
5900.0,6389.0,11.86321052593702,5.0
5436.0,6178.0,11.866951447277145,5.0
1312.0,5984.0,11.88291228101766,3.0
5975.0,6836.0,11.885689845900496,4.0
1726.0,1951.0,11.89215482800352,2.0
6050.0,6700.0,11.892753069013459,7.0
3919.0,5393.0,11.894311212060748,3.0
108.0,477.0,11.905236411016446,2.0
3411.0,6181.0,11.90663934018929,4.0
4181.0,4665.0,11.91579767308809,2.0
1821.0,5445.0,11.92207025089769,3.0
3112.0,6935.0,11.92390226750896,3.0
3249.0,3453.0,11.93179857324504,2.0
2971.0,3969.0,11.932958172783316,2.0
2539.0,5781.0,11.93560215731849,3.0
3368.0,6200.0,11.936631111596288,4.0
4679.0,6339.0,11.942502358233336,3.0
4140.0,7132.0,11.944900457312134,3.0
6276.0,6786.0,11.951237020710337,7.0
5748.0,6861.0,11.954825485069524,6.0
4769.0,7167.0,11.95567781986706,4.0
4509.0,4920.0,11.956171291181676,2.0
278.0,589.0,11.960253851959163,2.0
809.0,886.0,11.96175099801321,2.0
4764.0,4774.0,11.9637755162511,2.0
4343.0,4767.0,11.968901740007041,2.0
171.0,5942.0,11.970634235059036,3.0
6724.0,6956.0,11.971457911692923,6.0
1233.0,1798.0,11.98750147580982,2.0
4800.0,6917.0,11.98977214008992,4.0
2920.0,2994.0,11.993887410849034,2.0
6579.0,6804.0,11.995576284791671,10.0
3603.0,6449.0,11.999528103906504,3.0
1210.0,6895.0,12.002292814450989,3.0
4240.0,4647.0,12.00367908118102,2.0
742.0,6586.0,12.003725650345725,4.0
3677.0,6124.0,12.004414849261444,3.0
1574.0,2063.0,12.007609201339058,2.0
4411.0,4908.0,12.00878027547207,2.0
6577.0,6719.0,12.019500031049231,8.0
3013.0,6838.0,12.023201485920252,4.0
2447.0,2551.0,12.027295657088525,2.0
7329.0,7418.0,12.031689945234154,7.0
141.0,6795.0,12.031992464724775,3.0
6063.0,6677.0,12.034960167250723,6.0
4310.0,4322.0,12.043546430883305,2.0
807.0,930.0,12.050723529354604,2.0
6152.0,6431.0,12.051613786961166,5.0
6302.0,6356.0,12.063494723167732,7.0
1965.0,5638.0,12.065559686077068,3.0
2193.0,2399.0,12.067347351220747,2.0
304.0,5903.0,12.069886688516261,5.0
5228.0,6007.0,12.071317898327308,4.0
3107.0,7010.0,12.074681667814138,3.0
3148.0,6880.0,12.079558334310224,3.0
1384.0,1883.0,12.079939449568375,2.0
6839.0,7077.0,12.081812097974487,4.0
31.0,207.0,12.093837949778235,2.0
6387.0,7596.0,12.094537267645988,10.0
2942.0,3951.0,12.095218364406868,2.0
4187.0,6563.0,12.102751040890096,3.0
5357.0,7166.0,12.114160617855227,4.0
1728.0,1844.0,12.115890306618999,2.0
1892.0,6370.0,12.11628251186348,3.0
2639.0,2841.0,12.117163552565959,2.0
6502.0,7155.0,12.122279964018452,7.0
6287.0,7263.0,12.125698802631211,5.0
2595.0,2644.0,12.128381526211147,2.0
3535.0,7275.0,12.135239716966959,3.0
2252.0,4728.0,12.147168383865505,2.0
3659.0,3939.0,12.157720467442003,2.0
2258.0,2406.0,12.166488694982862,2.0
253.0,358.0,12.17024796048105,2.0
173.0,7321.0,12.177471973926545,5.0
4290.0,4550.0,12.177564688393344,2.0
4903.0,5540.0,12.181630907448335,3.0
2932.0,3279.0,12.182770244960034,2.0
5453.0,5829.0,12.183272200615411,4.0
5862.0,6111.0,12.187736252261704,6.0
927.0,6630.0,12.190121732770146,3.0
20.0,704.0,12.190861178618372,2.0
1989.0,6274.0,12.197637955131563,3.0
1265.0,7528.0,12.197978389936337,5.0
6618.0,7127.0,12.207770765445606,4.0
1239.0,1638.0,12.209739684026138,2.0
1966.0,7018.0,12.211696514780485,3.0
2850.0,5464.0,12.21216929851511,3.0
5964.0,6079.0,12.21375271140926,5.0
3236.0,7516.0,12.216972484340534,3.0
6605.0,6747.0,12.222471509458767,8.0
2541.0,2773.0,12.226116383442417,2.0
2172.0,2230.0,12.227745144545628,2.0
5418.0,7396.0,12.22874420958978,9.0
5477.0,6525.0,12.233978291461701,6.0
1831.0,7429.0,12.238235886423173,8.0
2645.0,6555.0,12.24821376598198,4.0
450.0,1017.0,12.250697319910328,2.0
3990.0,7416.0,12.253140383212067,8.0
3998.0,6214.0,12.257177466203434,3.0
6282.0,6552.0,12.260283692679264,4.0
2335.0,2784.0,12.26217372516443,2.0
6675.0,7300.0,12.263735928463266,4.0
921.0,6400.0,12.272448416834019,4.0
6042.0,6787.0,12.274625098691661,4.0
1238.0,6578.0,12.281128749433504,3.0
6380.0,6841.0,12.28412298399968,5.0
5630.0,7045.0,12.291263335492062,8.0
3239.0,3343.0,12.304442842556316,2.0
6176.0,6463.0,12.307994293239805,4.0
5149.0,7420.0,12.312469264892536,6.0
6234.0,6311.0,12.316799474475678,5.0
1256.0,6624.0,12.317013068588219,4.0
6592.0,7043.0,12.317329650691704,8.0
5676.0,7056.0,12.325462368347436,5.0
540.0,555.0,12.336091990783048,2.0
3758.0,3856.0,12.339821750839752,2.0
3404.0,7539.0,12.346234371445378,3.0
3010.0,6650.0,12.35004839896773,3.0
2712.0,6890.0,12.350492904992674,3.0
2042.0,6885.0,12.356133397464916,4.0
4102.0,4399.0,12.359366629134467,2.0
867.0,7014.0,12.364325987368646,3.0
6335.0,6922.0,12.365498769787191,6.0
3210.0,3297.0,12.381711526104919,2.0
614.0,6323.0,12.384409797376339,3.0
3648.0,7143.0,12.388669408270246,3.0
4710.0,4996.0,12.396848897833893,2.0
2837.0,6425.0,12.40109004260606,3.0
2372.0,2421.0,12.405240680000194,2.0
6221.0,7073.0,12.410450585096712,7.0
3064.0,7204.0,12.417274643471172,8.0
6479.0,7637.0,12.42054224219943,7.0
4972.0,6616.0,12.425272927061357,4.0
2974.0,3124.0,12.4317457696212,2.0
4184.0,6047.0,12.434289853933468,3.0
4009.0,5555.0,12.436309171070137,3.0
391.0,6640.0,12.437352256124166,3.0
4259.0,4287.0,12.443396043690386,2.0
3945.0,7098.0,12.4506225693278,4.0
4837.0,6971.0,12.45108906576608,3.0
490.0,767.0,12.451653998142707,2.0
4280.0,7259.0,12.45277004417956,3.0
6809.0,7065.0,12.453428906769544,5.0
2827.0,7471.0,12.455284849314284,3.0
133.0,7110.0,12.45821216296967,4.0
6491.0,7346.0,12.460418149641685,8.0
7085.0,7245.0,12.466609986072042,7.0
3179.0,3941.0,12.468325651718649,2.0
4423.0,6188.0,12.472344678586891,3.0
1620.0,6792.0,12.475070052547522,3.0
2943.0,3359.0,12.478843361384113,2.0
4763.0,6294.0,12.483961576455199,3.0
565.0,574.0,12.486329662513507,2.0
6963.0,7002.0,12.488402075998577,9.0
6788.0,6923.0,12.489027502390249,5.0
5161.0,6424.0,12.489739061787184,5.0
6580.0,7193.0,12.490842274505887,4.0
6345.0,6507.0,12.496631268913948,7.0
5623.0,7220.0,12.505419808961523,7.0
511.0,869.0,12.510892478204434,2.0
4503.0,4895.0,12.511249919803396,2.0
6706.0,7053.0,12.515199423867823,4.0
5457.0,6692.0,12.517228466497592,5.0
1541.0,6846.0,12.525174021826006,5.0
1939.0,6501.0,12.548450687233363,3.0
5013.0,7332.0,12.555726824599965,6.0
61.0,6701.0,12.57506047608697,3.0
2024.0,6128.0,12.580641694673519,3.0
6304.0,7305.0,12.585772194341727,8.0
2508.0,2761.0,12.587606773663653,2.0
2697.0,2877.0,12.589646479390236,2.0
1774.0,7610.0,12.597997782700473,6.0
1116.0,5397.0,12.601056826849268,3.0
4833.0,6869.0,12.602103119115775,3.0
1236.0,7406.0,12.606940753730992,4.0
1980.0,7108.0,12.608021148449582,5.0
2992.0,7312.0,12.615278546504491,3.0
3830.0,3931.0,12.619157395682146,2.0
1410.0,2121.0,12.624138067427847,2.0
5197.0,7239.0,12.634379865278767,6.0
3362.0,3769.0,12.644876130207674,2.0
441.0,7105.0,12.651576640136739,5.0
495.0,7696.0,12.657728539503333,7.0
6102.0,6372.0,12.661093822349413,4.0
306.0,7358.0,12.661705248210126,4.0
4263.0,4925.0,12.665012859263868,2.0
3463.0,7272.0,12.66749889711965,3.0
4051.0,4589.0,12.668870150151827,2.0
1890.0,6077.0,12.66920292990652,3.0
6554.0,6647.0,12.66983306083998,9.0
4952.0,6823.0,12.673866798584026,3.0
2593.0,2874.0,12.67613384218372,2.0
1209.0,6428.0,12.677140432199254,4.0
2081.0,6903.0,12.677583259884278,3.0
2069.0,6900.0,12.678725394680042,3.0
3703.0,7063.0,12.684240143302004,4.0
4031.0,6987.0,12.68931797651376,4.0
3691.0,6729.0,12.690977216243521,3.0
3513.0,6767.0,12.692302776669637,3.0
3150.0,3531.0,12.703361878177857,2.0
6120.0,6771.0,12.71015673231684,8.0
1606.0,6812.0,12.716436505850682,4.0
3181.0,6980.0,12.716881938611342,3.0
4981.0,7615.0,12.720912843335942,4.0
5680.0,6876.0,12.721602868819085,6.0
4092.0,7281.0,12.72525548143329,3.0
5908.0,6591.0,12.729099558189029,5.0
2218.0,2777.0,12.731207905581552,2.0
4441.0,4884.0,12.738283435824272,2.0
1588.0,5193.0,12.741404560850084,3.0
1875.0,5032.0,12.748475043838603,3.0
6269.0,6732.0,12.74869382183367,4.0
6739.0,7326.0,12.753293984240914,10.0
2114.0,7218.0,12.754481183465826,4.0
4165.0,6021.0,12.755942921207097,3.0
196.0,215.0,12.768654422241758,2.0
5426.0,6910.0,12.77353155403694,7.0
518.0,6110.0,12.778998549859674,3.0
2496.0,2887.0,12.78056587654228,2.0
6495.0,7351.0,12.78282851756057,6.0
5529.0,6713.0,12.79113335429362,9.0
520.0,691.0,12.79266694286957,2.0
1765.0,7408.0,12.792860222417108,4.0
4860.0,4957.0,12.800135575515885,2.0
6160.0,6444.0,12.802382766089934,6.0
6412.0,6590.0,12.803363789790355,5.0
5153.0,6817.0,12.803407498536066,5.0
6263.0,6853.0,12.81158471122122,10.0
281.0,3320.0,12.819425127553108,2.0
4160.0,4637.0,12.819708489456415,2.0
289.0,1031.0,12.826904057307097,2.0
4581.0,4867.0,12.828668634241595,2.0
3579.0,5802.0,12.828983625153619,3.0
4829.0,6921.0,12.834258088885024,5.0
4405.0,7122.0,12.834812872053257,3.0
4247.0,7161.0,12.845664225458275,4.0
4583.0,4737.0,12.856238433689294,2.0
6596.0,6977.0,12.861720008874546,4.0
6211.0,7012.0,12.863698663025684,6.0
3493.0,3790.0,12.86721814654139,2.0
5256.0,7348.0,12.869622769006716,6.0
4286.0,6158.0,12.876268818385723,3.0
1847.0,7631.0,12.887328886880534,4.0
1891.0,7441.0,12.902269876894279,3.0
6430.0,6837.0,12.904491390348944,7.0
2179.0,6309.0,12.905633201477208,3.0
6377.0,6584.0,12.907984758679259,7.0
3221.0,3692.0,12.91237125577669,2.0
5663.0,6558.0,12.917247917257976,4.0
7213.0,7378.0,12.918427644384977,13.0
5890.0,7178.0,12.93060338354752,8.0
1447.0,1811.0,12.931472875335443,2.0
3069.0,3152.0,12.941187248960295,2.0
6010.0,6985.0,12.947163243107452,4.0
3129.0,6487.0,12.948167588393899,3.0
1801.0,6603.0,12.953003846156573,6.0
4743.0,4770.0,12.95537714989313,2.0
4203.0,6844.0,12.956868846118613,5.0
4776.0,5867.0,12.95899892096211,5.0
3747.0,7680.0,12.96422493925509,4.0
6674.0,7210.0,12.964435336890409,7.0
19.0,638.0,12.965518254257905,2.0
4094.0,4804.0,12.9723003144155,2.0
5665.0,5677.0,12.978911429021446,6.0
6173.0,7181.0,12.981340830998914,10.0
6671.0,7247.0,12.987887526742698,8.0
1407.0,2019.0,12.989390827234978,2.0
248.0,6026.0,13.002096245891153,3.0
3751.0,6452.0,13.002427764934321,4.0
7532.0,7543.0,13.003549932365544,5.0
3190.0,3669.0,13.011543987442968,2.0
4868.0,7284.0,13.013328597645286,5.0
770.0,989.0,13.017759462061736,2.0
4593.0,5377.0,13.018758007380347,3.0
4988.0,6249.0,13.020703378616846,3.0
6762.0,7114.0,13.026907587713692,6.0
853.0,7250.0,13.030075138630966,9.0
1629.0,1830.0,13.033486175021572,2.0
5959.0,7362.0,13.037411661367445,6.0
1341.0,7054.0,13.046569251334075,3.0
2439.0,7090.0,13.047159883366756,4.0
2464.0,2640.0,13.062752823493849,2.0
6272.0,7214.0,13.065577402637519,4.0
4560.0,7534.0,13.066256008415916,3.0
3113.0,3136.0,13.07164252383214,2.0
5681.0,7146.0,13.073975211338428,6.0
1816.0,5800.0,13.076589935121946,4.0
4457.0,5528.0,13.081155923304705,3.0
713.0,6893.0,13.09115714987797,5.0
6906.0,7598.0,13.093842762480064,8.0
5934.0,7119.0,13.105109832653255,7.0
56.0,778.0,13.11733502015089,2.0
1933.0,6635.0,13.125595750952305,3.0
2449.0,6715.0,13.12951939102434,4.0
6361.0,7361.0,13.146215920884018,6.0
2104.0,3443.0,13.149278517858905,2.0
1189.0,6964.0,13.168567913108928,3.0
328.0,833.0,13.1779855449897,2.0
581.0,1001.0,13.179592646194292,2.0
1088.0,1608.0,13.183866159620655,2.0
1562.0,1988.0,13.183929300756104,2.0
4207.0,4490.0,13.185792988802005,2.0
579.0,6862.0,13.191938021736817,3.0
3729.0,6366.0,13.192866235810117,3.0
3474.0,6961.0,13.194647127741959,4.0
1297.0,1481.0,13.199628599370325,2.0
3274.0,3349.0,13.20162142749372,2.0
6623.0,7620.0,13.206034316610394,5.0
5659.0,7403.0,13.21001422244468,7.0
6680.0,7577.0,13.210969221346454,7.0
6086.0,6757.0,13.222284432762414,9.0
6482.0,6550.0,13.229805978150694,8.0
3514.0,7006.0,13.24048917222168,3.0
3347.0,7248.0,13.243654304140794,4.0
3070.0,3887.0,13.246846311018173,2.0
6540.0,7364.0,13.251937391672728,5.0
3600.0,6993.0,13.252543652184988,3.0
249.0,567.0,13.253294941287333,2.0
6656.0,7293.0,13.256958461384839,11.0
4044.0,4823.0,13.271063779275542,2.0
1079.0,1526.0,13.27161511964453,2.0
4090.0,6458.0,13.277195564894829,3.0
2441.0,7184.0,13.28806810390117,4.0
3449.0,3880.0,13.293030730381286,2.0
335.0,834.0,13.298351133950009,2.0
1387.0,1507.0,13.29883834377451,2.0
425.0,640.0,13.306701603431307,2.0
6394.0,6699.0,13.313832110035078,5.0
4248.0,6642.0,13.3151131626229,3.0
788.0,7517.0,13.31933034206173,3.0
3571.0,3799.0,13.327369523182076,2.0
2239.0,7352.0,13.336606724277333,3.0
1358.0,1735.0,13.337958202542941,2.0
5816.0,7264.0,13.341871194341827,10.0
6934.0,7453.0,13.34215481962404,6.0
3976.0,4362.0,13.343342418020763,2.0
6691.0,7588.0,13.3533281425636,8.0
6641.0,7279.0,13.359404264111634,4.0
5792.0,7504.0,13.369170135600882,11.0
4159.0,4402.0,13.370489743324695,2.0
5931.0,7025.0,13.388429474271634,4.0
6802.0,7515.0,13.392726298241657,8.0
6369.0,6485.0,13.392943647767575,6.0
6064.0,6657.0,13.394104777477068,6.0
3146.0,7511.0,13.414489399020393,3.0
3973.0,7649.0,13.419069612514006,4.0
462.0,7387.0,13.422133473161116,3.0
1649.0,6717.0,13.424993285777687,3.0
5710.0,6261.0,13.43233299631778,4.0
1603.0,5321.0,13.447860766862116,3.0
2637.0,6916.0,13.449721204675253,3.0
4033.0,7190.0,13.45420601917514,4.0
6453.0,7233.0,13.460862229633888,7.0
6374.0,6912.0,13.463391905842158,10.0
1262.0,2017.0,13.467519574290916,2.0
2820.0,7736.0,13.467722819136608,3.0
556.0,714.0,13.482828354312932,2.0
5717.0,7289.0,13.48805583764614,6.0
6386.0,7174.0,13.488884958600867,10.0
6497.0,7226.0,13.492632791240792,10.0
2665.0,7457.0,13.493068031401547,4.0
2432.0,7607.0,13.506967392960737,3.0
1682.0,7337.0,13.516942080234982,5.0
1077.0,5979.0,13.522458957737914,3.0
6882.0,7734.0,13.52564505436812,9.0
847.0,7192.0,13.5355603845591,3.0
3517.0,6489.0,13.53621647667711,3.0
6753.0,7667.0,13.544605546120641,12.0
60.0,7224.0,13.545461380941296,4.0
4244.0,4852.0,13.549218060034486,2.0
3746.0,7482.0,13.550451177015182,4.0
5516.0,7924.0,13.564722476186985,9.0
2346.0,7695.0,13.57200492237564,4.0
693.0,970.0,13.579836250891876,2.0
2558.0,2635.0,13.582148445002645,2.0
3045.0,6617.0,13.588131936273443,3.0
3350.0,3770.0,13.598492959302408,2.0
2066.0,6127.0,13.598905011901772,3.0
63.0,6602.0,13.610820159921197,4.0
1565.0,2036.0,13.61292107733029,2.0
4608.0,6354.0,13.62056374471966,3.0
3756.0,3862.0,13.623832307838132,2.0
336.0,6720.0,13.625943074749447,3.0
760.0,7569.0,13.626403181478278,3.0
2295.0,7096.0,13.632727063430055,3.0
6519.0,7276.0,13.633221512163132,5.0
3695.0,7642.0,13.644608404756852,5.0
2057.0,7071.0,13.648364607442359,4.0
6351.0,6533.0,13.653739652395835,6.0
350.0,392.0,13.661168684262943,2.0
3587.0,7699.0,13.674165923666074,3.0
5536.0,7484.0,13.677147858479179,7.0
6270.0,7030.0,13.680840305148495,7.0
2546.0,6543.0,13.69078836601762,3.0
7086.0,7806.0,13.693669457133554,4.0
1400.0,1871.0,13.69377663152278,2.0
1240.0,1943.0,13.700985558990508,2.0
3123.0,3163.0,13.706312185805645,2.0
2956.0,3905.0,13.706374594719986,2.0
4542.0,7491.0,13.709426665377505,8.0
3135.0,3191.0,13.726172591017862,2.0
2458.0,2603.0,13.733415221715855,2.0
1594.0,7475.0,13.74456426060051,4.0
4189.0,7383.0,13.745931915534086,3.0
711.0,6902.0,13.75628239186698,3.0
4058.0,4188.0,13.766684715211424,2.0
3007.0,7709.0,13.771157420582893,5.0
2247.0,5242.0,13.771382350427237,3.0
4964.0,7055.0,13.78026052597934,3.0
5842.0,7189.0,13.782214255017536,9.0
3422.0,6572.0,13.786421861955521,3.0
3965.0,6913.0,13.798802117459687,5.0
3188.0,3750.0,13.802552615160835,2.0
1970.0,2044.0,13.816224930913636,2.0
4292.0,7165.0,13.816603427629717,3.0
5288.0,6938.0,13.819547556197698,5.0
1089.0,1219.0,13.822571745563513,2.0
3663.0,7518.0,13.823283575285528,5.0
5917.0,6649.0,13.82403007757531,5.0
7557.0,7797.0,13.84192024584901,5.0
527.0,1055.0,13.850407186399673,2.0
4199.0,4291.0,13.851457058216056,2.0
6027.0,7808.0,13.85478026981987,5.0
436.0,7013.0,13.863268653688491,5.0
3432.0,7324.0,13.863824234019049,3.0
901.0,7382.0,13.865963686492124,3.0
7147.0,7302.0,13.866485207085388,7.0
5825.0,7827.0,13.868794965948664,9.0
6561.0,6878.0,13.869366195895099,8.0
2440.0,5899.0,13.87641137853608,3.0
3137.0,7624.0,13.878793025084757,5.0
7464.0,7799.0,13.882053556053513,12.0
6008.0,7130.0,13.893496512574423,8.0
6445.0,7377.0,13.897630528997281,4.0
1553.0,6909.0,13.906101696914169,3.0
6073.0,7229.0,13.911265443784073,9.0
3176.0,7376.0,13.913822256316259,3.0
4790.0,5147.0,13.941857673076445,3.0
6486.0,6828.0,13.945374349478758,6.0
7170.0,7613.0,13.952136604311532,8.0
409.0,6883.0,13.953001399999659,3.0
3014.0,5788.0,13.953788395094962,3.0
6697.0,7995.0,13.95680369838668,4.0
4886.0,7283.0,13.959978467469172,3.0
6068.0,7634.0,13.960570213228795,4.0
6992.0,7989.0,13.971033607905143,4.0
6242.0,7435.0,13.975936227214335,9.0
226.0,7674.0,13.98645261627639,8.0
5231.0,5865.0,14.019373361558735,7.0
4385.0,6130.0,14.019981512175308,3.0
2141.0,6500.0,14.022311547358177,3.0
4080.0,4869.0,14.025558688530136,2.0
479.0,7028.0,14.033207986797718,3.0
1267.0,1552.0,14.033520301563678,2.0
4122.0,4255.0,14.040936731798514,2.0
6035.0,6138.0,14.042333125186794,4.0
6929.0,7773.0,14.04265069074795,5.0
5083.0,6352.0,14.044742240235038,6.0
6763.0,7742.0,14.047303661506513,9.0
7266.0,7857.0,14.047488844811829,7.0
6285.0,7630.0,14.053979510467036,5.0
1894.0,6855.0,14.055128200823773,3.0
6216.0,7419.0,14.06827613218759,5.0
4516.0,7455.0,14.068450960798978,7.0
121.0,498.0,14.070164972753854,2.0
3737.0,5627.0,14.071184863031517,3.0
6660.0,7767.0,14.072484041404028,5.0
6032.0,7091.0,14.076104375165082,4.0
5458.0,7954.0,14.08294666803436,8.0
6461.0,7240.0,14.085609493206976,6.0
6826.0,7343.0,14.088114314381835,5.0
1074.0,6545.0,14.088403478429381,3.0
792.0,1063.0,14.090545651079283,2.0
4053.0,6253.0,14.092397801243239,4.0
1228.0,1284.0,14.094192355024756,2.0
338.0,6054.0,14.095493296866152,3.0
1946.0,7401.0,14.105345295540737,3.0
2243.0,2617.0,14.112505138305574,2.0
5920.0,7499.0,14.114316476515347,8.0
7004.0,7340.0,14.116584494775662,7.0
6737.0,6764.0,14.116852449125092,4.0
6062.0,7657.0,14.124218625570542,5.0
1287.0,6420.0,14.131115413877843,3.0
6952.0,7100.0,14.143441240137903,9.0
2674.0,5896.0,14.14733062311408,3.0
1101.0,2249.0,14.14886125428123,2.0
6154.0,7246.0,14.159954087759768,7.0
3849.0,7292.0,14.166206850062991,3.0
102.0,256.0,14.16808229834946,2.0
4121.0,4497.0,14.173040583730174,2.0
1071.0,1436.0,14.173249741435008,2.0
4133.0,7173.0,14.174538533754154,3.0
3407.0,3762.0,14.182902048930815,2.0
7212.0,7753.0,14.185017981153955,4.0
6384.0,6799.0,14.185770511167618,5.0
3490.0,3824.0,14.187251744436251,2.0
597.0,6775.0,14.191185924011634,3.0
602.0,7523.0,14.207268251548012,3.0
6422.0,6511.0,14.219387393335904,7.0
712.0,7036.0,14.225249530823431,3.0
6241.0,7664.0,14.226503338953988,6.0
6888.0,6982.0,14.231421767835789,5.0
6259.0,7101.0,14.242056440088927,4.0
2560.0,6632.0,14.245905297362285,4.0
7106.0,7768.0,14.249523964552065,6.0
3111.0,3522.0,14.255504930879903,2.0
2908.0,7366.0,14.263556770172896,4.0
3229.0,7682.0,14.268426048780832,3.0
2446.0,7733.0,14.274470310158572,3.0
6606.0,8011.0,14.278862789345162,8.0
5667.0,7470.0,14.28009477067001,9.0
1650.0,1775.0,14.28092259666914,2.0
5989.0,7507.0,14.290970172723675,6.0
6899.0,7152.0,14.291331376440237,8.0
1332.0,1818.0,14.29947062778588,2.0
1772.0,7603.0,14.305965038882718,3.0
7243.0,7662.0,14.307965405201847,10.0
4296.0,4578.0,14.310336693930706,2.0
6950.0,7083.0,14.315360601939819,6.0
6435.0,7822.0,14.320566537047384,12.0
4949.0,7583.0,14.323454515627805,3.0
6308.0,6601.0,14.326277011289976,7.0
2103.0,7422.0,14.33806255755063,3.0
2948.0,3280.0,14.340394200640745,2.0
4645.0,6343.0,14.34106067212285,3.0
7640.0,7672.0,14.345931276079464,9.0
1785.0,2523.0,14.353856203664076,2.0
6749.0,7536.0,14.35840728455561,9.0
193.0,1042.0,14.362935012975127,2.0
6438.0,7084.0,14.364341255891764,5.0
4074.0,7262.0,14.3743448796832,3.0
3041.0,3607.0,14.376406937294393,2.0
4561.0,5906.0,14.379153486997586,3.0
6134.0,6702.0,14.382848716365531,8.0
868.0,1033.0,14.38399258664994,2.0
4479.0,4676.0,14.39175968451413,2.0
643.0,6948.0,14.3939872309678,3.0
3377.0,6568.0,14.396497441357575,3.0
6423.0,6731.0,14.401588616047432,10.0
830.0,978.0,14.419227771714965,2.0
2326.0,6994.0,14.420982171600448,3.0
4449.0,4966.0,14.42148035915228,2.0
3670.0,7094.0,14.42932218988055,3.0
1852.0,6748.0,14.433596345274468,3.0
6398.0,7750.0,14.434303290942719,5.0
6385.0,7786.0,14.439338116102377,5.0
4687.0,7693.0,14.446815552181366,3.0
6475.0,6821.0,14.447589173682266,6.0
238.0,6969.0,14.447782230718564,3.0
4367.0,4741.0,14.449932836096366,2.0
2015.0,7159.0,14.451271053465687,3.0
7573.0,7668.0,14.457431416331355,10.0
6100.0,7663.0,14.482389708842502,8.0
2537.0,7714.0,14.492732233620751,3.0
1959.0,7974.0,14.493765452867745,3.0
2211.0,2755.0,14.500200832306488,2.0
6889.0,7443.0,14.502502223691753,6.0
2557.0,5337.0,14.515459360528213,3.0
2798.0,7764.0,14.517765994294615,5.0
3732.0,6661.0,14.520418339393979,3.0
51.0,6116.0,14.521917598695651,3.0
7022.0,7041.0,14.523898849718895,6.0
153.0,566.0,14.532530737004425,2.0
7017.0,7485.0,14.533508563276165,9.0
4088.0,4309.0,14.534167306105685,2.0
2776.0,7887.0,14.543274782364774,3.0
3354.0,7112.0,14.547424507676755,3.0
7255.0,7659.0,14.553100740534642,8.0
6171.0,7389.0,14.55462835968722,9.0
6321.0,7479.0,14.563661658662262,8.0
2835.0,8062.0,14.566071895636746,4.0
4544.0,4628.0,14.567937505230557,2.0
2162.0,2485.0,14.568430511895397,2.0
2170.0,7552.0,14.576610790623155,3.0
4231.0,4431.0,14.578949952487879,2.0
552.0,3447.0,14.595150148395069,2.0
4246.0,4976.0,14.597378355792173,2.0
1471.0,2095.0,14.597982579709921,2.0
759.0,929.0,14.598822519665099,2.0
6760.0,7205.0,14.605798526074004,8.0
1674.0,7299.0,14.621621766298178,3.0
6627.0,7716.0,14.651183304694325,7.0
1115.0,1246.0,14.653293503979532,2.0
7319.0,7591.0,14.656385661303219,8.0
7211.0,7438.0,14.65846731070245,11.0
4914.0,6871.0,14.662460835957976,3.0
274.0,6774.0,14.666199311899177,3.0
7207.0,7286.0,14.667089978669116,7.0
6477.0,6714.0,14.670128902403116,4.0
754.0,7060.0,14.67764852827387,4.0
5290.0,7388.0,14.68056833936676,9.0
6484.0,7723.0,14.68457366185778,7.0
2273.0,6634.0,14.686303778438,3.0
6989.0,6990.0,14.688360807785234,4.0
6440.0,7502.0,14.713310416789133,4.0
2201.0,7088.0,14.714436195512809,3.0
7203.0,7342.0,14.721345435329075,7.0
5336.0,7007.0,14.724016768217414,6.0
3542.0,3819.0,14.726934019237964,2.0
4816.0,4871.0,14.736335620135836,2.0
6388.0,7496.0,14.74882034314219,7.0
6652.0,7821.0,14.760304854563618,5.0
6947.0,7572.0,14.76143296061408,4.0
796.0,7544.0,14.762889725713714,3.0
3613.0,8039.0,14.763707421503458,5.0
599.0,3986.0,14.76451512826906,2.0
2685.0,7626.0,14.772002073122428,4.0
5794.0,7763.0,14.783441805827932,10.0
4081.0,4317.0,14.78635462405697,2.0
4558.0,7565.0,14.794436385771986,4.0
3416.0,3851.0,14.800123437995017,2.0
294.0,7138.0,14.817855862111124,5.0
5973.0,7074.0,14.820953272379267,6.0
3086.0,7230.0,14.822732283369158,3.0
6330.0,7191.0,14.823604499069159,4.0
3972.0,4484.0,14.824022391887766,2.0
4947.0,7707.0,14.826815927344244,3.0
6908.0,7858.0,14.858540874054492,13.0
4758.0,4831.0,14.865170476317278,2.0
3979.0,4638.0,14.871982151879065,2.0
3468.0,3899.0,14.876745245938212,2.0
30.0,7172.0,14.879906007620024,4.0
1645.0,1764.0,14.880619868367793,2.0
6001.0,6758.0,14.882165595094158,8.0
6607.0,7029.0,14.88723678249743,9.0
5874.0,7223.0,14.894164602886804,5.0
2357.0,6728.0,14.89951083040139,4.0
2909.0,7052.0,14.901734587614989,3.0
7042.0,7948.0,14.903610706570053,5.0
7268.0,7687.0,14.917253388920082,12.0
3409.0,3935.0,14.924787549872372,2.0
6462.0,7066.0,14.951412140944228,7.0
6816.0,6820.0,14.954019583739997,8.0
213.0,6867.0,14.957115886280787,3.0
1542.0,8071.0,14.958247764073802,5.0
6678.0,7810.0,14.966853818349275,6.0
881.0,7412.0,14.967334748290195,3.0
5595.0,6588.0,14.969998367729236,6.0
6074.0,7458.0,14.977744704315045,10.0
6546.0,6857.0,14.97999496683366,6.0
424.0,657.0,14.982430262090583,2.0
5183.0,7915.0,14.986964304505374,9.0
7309.0,8087.0,14.987933935762028,9.0
6946.0,7651.0,14.988371048362323,5.0
43.0,6780.0,14.989705273541045,4.0
1059.0,7894.0,14.990592618232794,6.0
157.0,222.0,15.004013143081416,2.0
3807.0,6901.0,15.00557277857285,3.0
4321.0,6645.0,15.006862413933751,3.0
6564.0,6655.0,15.016897656042477,10.0
4099.0,7795.0,15.017316096393072,3.0
4036.0,4475.0,15.017387764481933,2.0
4419.0,4554.0,15.021138398282002,2.0
5812.0,7510.0,15.024581052080574,9.0
6459.0,7064.0,15.026235003042652,4.0
2534.0,7437.0,15.026318846591646,3.0
6619.0,7575.0,15.036343188581899,10.0
5586.0,7400.0,15.036427777126857,8.0
6608.0,6625.0,15.03725094982199,6.0
190.0,831.0,15.038342208509794,2.0
6811.0,7164.0,15.041331104616074,5.0
59.0,90.0,15.049562687562325,2.0
716.0,6243.0,15.050339887195523,3.0
6665.0,7444.0,15.057062997378953,5.0
3889.0,7983.0,15.059825147706109,3.0
6621.0,7752.0,15.06244822543396,9.0
1643.0,2020.0,15.072614907880107,2.0
3491.0,6125.0,15.075094621178327,3.0
3055.0,7595.0,15.07776095318339,3.0
6798.0,7843.0,15.084933893556249,7.0
7530.0,7789.0,15.088507216608356,5.0
2223.0,2425.0,15.095314247875896,2.0
7417.0,8126.0,15.103304022956536,12.0
3687.0,3890.0,15.109371971268077,2.0
4039.0,7877.0,15.112223877608933,3.0
6875.0,7873.0,15.122839854025313,9.0
1440.0,7831.0,15.128483988898731,6.0
7584.0,7644.0,15.132828665081952,9.0
6646.0,7216.0,15.135866870135166,10.0
3985.0,7540.0,15.137555952135475,8.0
3068.0,7708.0,15.161658443804827,9.0
6761.0,7850.0,15.171523778240468,7.0
6598.0,7353.0,15.175629444291436,5.0
1378.0,7891.0,15.188587500037029,5.0
4182.0,4992.0,15.190866752266782,2.0
3301.0,6072.0,15.19984242312499,3.0
936.0,7949.0,15.201223921210012,5.0
6854.0,6991.0,15.210949690287407,4.0
605.0,679.0,15.212548363680156,2.0
7700.0,7782.0,15.214848726902693,15.0
2348.0,2559.0,15.216513836837883,2.0
3330.0,7274.0,15.220631132500502,3.0
3714.0,3926.0,15.22314071426958,2.0
7792.0,8156.0,15.225568721781814,5.0
4489.0,7563.0,15.226585681835097,4.0
1449.0,7446.0,15.24100761426117,3.0
4703.0,5381.0,15.250580395348111,3.0
6716.0,7761.0,15.269099324267698,13.0
984.0,5132.0,15.273177672324447,3.0
6341.0,7807.0,15.273322420814438,7.0
1260.0,6712.0,15.279868993137027,3.0
2790.0,7345.0,15.281592885955995,3.0
3155.0,7757.0,15.284072241984388,4.0
2145.0,2308.0,15.288381362513725,2.0
1314.0,1810.0,15.291320130663635,2.0
5631.0,6833.0,15.291789899841048,4.0
7068.0,7336.0,15.29365432889016,9.0
3841.0,7381.0,15.3050347871603,3.0
2987.0,3795.0,15.313687093777487,2.0
3636.0,8059.0,15.324355574337732,4.0
140.0,7670.0,15.328777250107025,6.0
6174.0,7865.0,15.335066950235623,9.0
317.0,6059.0,15.342652834778441,4.0
2930.0,3900.0,15.343299033757441,2.0
4412.0,7386.0,15.345298714518602,3.0
3480.0,7784.0,15.360861896517184,3.0
1930.0,1957.0,15.373937931778192,2.0
1226.0,7278.0,15.380781704666852,3.0
7645.0,7965.0,15.382710829372156,5.0
1273.0,7079.0,15.39137094490221,3.0
6562.0,7413.0,15.393684345842505,7.0
1323.0,2009.0,15.400113659616183,2.0
1404.0,5953.0,15.40427257580436,5.0
7136.0,7445.0,15.405464399872203,9.0
1792.0,6454.0,15.418053053401849,6.0
3731.0,3917.0,15.425148925085704,2.0
2212.0,7759.0,15.431291964420334,3.0
433.0,528.0,15.432159528522128,2.0
6850.0,7633.0,15.440182048156563,12.0
7558.0,7568.0,15.442761341833698,6.0
5687.0,6789.0,15.446101202949553,5.0
5722.0,7082.0,15.455441010827945,6.0
7257.0,7862.0,15.474063552214982,5.0
267.0,440.0,15.477130220331402,2.0
2154.0,8088.0,15.482657979366609,6.0
4079.0,4639.0,15.486853181983031,2.0
6847.0,7623.0,15.490719820896123,5.0
6897.0,7323.0,15.49175326655569,6.0
7770.0,8072.0,15.494381169319087,7.0
7431.0,7883.0,15.494592024293974,6.0
7198.0,7476.0,15.498960700663906,4.0
6196.0,6968.0,15.506677868148833,5.0
7526.0,8055.0,15.506944836253036,7.0
6684.0,7404.0,15.520055382615388,5.0
2055.0,7920.0,15.520256112578549,3.0
93.0,6467.0,15.527232684248611,3.0
6162.0,6881.0,15.543593748136875,7.0
1647.0,6915.0,15.545925123045976,4.0
7111.0,7830.0,15.549302137522224,7.0
5939.0,7456.0,15.562953069445935,4.0
7298.0,7459.0,15.58967990615076,6.0
7522.0,7677.0,15.602025351407661,8.0
6113.0,7277.0,15.602407060061271,4.0
6679.0,7899.0,15.60615564720047,4.0
6535.0,7653.0,15.616613736718111,8.0
6945.0,7137.0,15.617227242230825,12.0
4234.0,7690.0,15.617536425635013,3.0
5557.0,7260.0,15.62704784869221,4.0
2086.0,6318.0,15.633861741421121,4.0
5661.0,7533.0,15.634667782226991,7.0
7448.0,8180.0,15.637328944225263,5.0
3012.0,3408.0,15.647156866978838,2.0
6752.0,7044.0,15.651579876974406,7.0
6986.0,7392.0,15.654658013062631,12.0
1586.0,1612.0,15.658465890743399,2.0
6851.0,7222.0,15.65973118724928,4.0
4139.0,8268.0,15.678285955940071,3.0
5014.0,6666.0,15.679299484360607,4.0
708.0,5354.0,15.689601778894332,3.0
2856.0,3721.0,15.702934052587507,2.0
6244.0,8003.0,15.70301675302304,9.0
803.0,6865.0,15.703660157133582,3.0
4830.0,4848.0,15.70508699817508,2.0
3076.0,7737.0,15.732126630522107,4.0
7359.0,8348.0,15.735182221491996,12.0
4327.0,7900.0,15.742406582100381,3.0
7061.0,7717.0,15.744271597591782,11.0
5974.0,8007.0,15.76177891539623,13.0
6928.0,8166.0,15.763993333006942,5.0
6342.0,7258.0,15.775114962415833,4.0
1157.0,6843.0,15.8023732419444,3.0
2788.0,7008.0,15.806185014392447,5.0
2384.0,2767.0,15.811559165745688,2.0
732.0,6924.0,15.819833137731436,4.0
2797.0,7738.0,15.831114797862693,3.0
352.0,889.0,15.838969642685747,2.0
2911.0,6245.0,15.84256645682601,4.0
6225.0,6738.0,15.846660475770731,9.0
1114.0,1504.0,15.856001137191566,2.0
6710.0,7947.0,15.862196547258538,11.0
3883.0,7646.0,15.86848379891971,5.0
7237.0,7559.0,15.870356455031509,5.0
2621.0,8029.0,15.876857558578344,5.0
1753.0,7697.0,15.88057709733158,3.0
18.0,6943.0,15.896828951626501,3.0
1249.0,7994.0,15.9025751987639,3.0
1719.0,3034.0,15.905152372104283,2.0
1326.0,8130.0,15.907508884521489,4.0
7251.0,7611.0,15.908728824315396,11.0
3970.0,7592.0,15.920431673615884,4.0
6334.0,8096.0,15.924366589787907,11.0
6408.0,7796.0,15.928271718864838,5.0
4756.0,7951.0,15.934362302156996,5.0
7604.0,7984.0,15.93588451573704,7.0
5837.0,7546.0,15.956062677251317,4.0
4196.0,4881.0,15.970052745626587,2.0
5383.0,7606.0,15.970464252695278,6.0
3374.0,7594.0,15.987893985058076,4.0
3119.0,3740.0,15.992847935991636,2.0
7195.0,7747.0,15.995106761725234,12.0
1131.0,6951.0,15.99597371108819,3.0
1097.0,6070.0,15.999582597102746,4.0
7235.0,7886.0,16.007185991602654,5.0
283.0,7304.0,16.014133766937828,4.0
6350.0,7724.0,16.02141287865225,4.0
6298.0,7927.0,16.029027848972728,8.0
601.0,7691.0,16.02925056180261,3.0
6981.0,8232.0,16.043796858082924,11.0
7919.0,8450.0,16.050581261963107,13.0
6995.0,8259.0,16.051654501242137,13.0
529.0,6939.0,16.075363880030178,4.0
3204.0,7451.0,16.10045409747104,3.0
2180.0,4513.0,16.101170630528777,2.0
7433.0,7960.0,16.10565729900262,4.0
7940.0,8077.0,16.111149313396144,8.0
2770.0,6907.0,16.114123615819697,4.0
4882.0,7587.0,16.14185094686138,3.0
5872.0,7432.0,16.147401748414662,4.0
979.0,7589.0,16.150108484689646,3.0
7368.0,7945.0,16.15876697852193,12.0
4261.0,4901.0,16.162046760106133,2.0
785.0,7748.0,16.172787118140874,4.0
7414.0,8189.0,16.17537012061047,7.0
4380.0,4692.0,16.17972158934758,2.0
6905.0,8220.0,16.1813188072821,13.0
542.0,863.0,16.18396608400436,2.0
6887.0,7744.0,16.189091193600525,8.0
7135.0,7439.0,16.196904959799912,7.0
122.0,4839.0,16.20386318717295,2.0
951.0,7712.0,16.232094439317265,4.0
4939.0,7349.0,16.2366827604544,3.0
6396.0,7771.0,16.239035149366003,7.0
3187.0,7273.0,16.24007092239261,3.0
6746.0,8318.0,16.24563871892709,14.0
7574.0,7829.0,16.251100047008517,4.0
1688.0,1945.0,16.25416327158185,2.0
5712.0,7656.0,16.254885197801375,4.0
7571.0,7935.0,16.25541371961847,4.0
7374.0,7720.0,16.263643341384217,10.0
5753.0,6940.0,16.264636006830504,5.0
7372.0,7513.0,16.29683276748592,4.0
7285.0,7713.0,16.29971405578135,9.0
3421.0,6300.0,16.302892992839578,3.0
1646.0,7355.0,16.31738534087482,4.0
1244.0,1711.0,16.318671033506366,2.0
6144.0,7344.0,16.33682446453329,8.0
362.0,5961.0,16.356450488858023,3.0
3993.0,7339.0,16.358360218298536,3.0
6653.0,7460.0,16.369319508204594,9.0
6539.0,6784.0,16.39919567478948,6.0
4541.0,4709.0,16.412405024233447,2.0
7168.0,7256.0,16.466141075601133,13.0
4427.0,6866.0,16.466733109183664,3.0
4997.0,8120.0,16.47103572199574,3.0
6316.0,7179.0,16.476663837107814,4.0
6975.0,8260.0,16.503258128369907,12.0
4887.0,7442.0,16.503556083122845,4.0
968.0,6859.0,16.516507340787747,3.0
459.0,5587.0,16.518485788539095,3.0
3683.0,3828.0,16.543367042344922,2.0
781.0,8015.0,16.55206491701699,4.0
4987.0,8123.0,16.561438426994346,3.0
7629.0,8261.0,16.56732939537508,5.0
7215.0,7521.0,16.56941620255035,4.0
1973.0,7023.0,16.574030933585938,5.0
5537.0,8296.0,16.606672561234713,5.0
5832.0,7852.0,16.608027090069083,6.0
8295.0,8327.0,16.609422193089333,10.0
187.0,973.0,16.615694371227818,2.0
6848.0,7498.0,16.624837824109253,4.0
7009.0,7932.0,16.62670322038144,8.0
117.0,6122.0,16.62733828624974,3.0
547.0,8489.0,16.629663850739387,5.0
7702.0,8056.0,16.630392873367764,7.0
6842.0,8050.0,16.633693141106797,4.0
7033.0,7882.0,16.635680032407887,6.0
7050.0,7993.0,16.636910786744878,7.0
6740.0,8306.0,16.644675010225292,10.0
5689.0,7133.0,16.648214294657397,6.0
4588.0,7379.0,16.665584927727785,4.0
6307.0,7844.0,16.67505617521641,9.0
2375.0,8153.0,16.691258605170713,4.0
3665.0,6611.0,16.695668508634107,3.0
7943.0,8365.0,16.703606620588733,6.0
7040.0,7872.0,16.7048154455189,7.0
7495.0,7961.0,16.710783891382412,5.0
7267.0,7911.0,16.721369770780225,9.0
3525.0,8148.0,16.72947738121943,8.0
2367.0,6662.0,16.733536779020625,3.0
7652.0,7962.0,16.733886803897924,6.0
1155.0,7269.0,16.74661900557719,4.0
6531.0,6776.0,16.75036112313884,6.0
7380.0,7576.0,16.78358846930872,4.0
1806.0,8390.0,16.786569195703436,3.0
7835.0,7860.0,16.790365453949818,5.0
1279.0,7287.0,16.798700678952052,3.0
2444.0,8010.0,16.816743455132272,9.0
8109.0,8121.0,16.817756439376208,6.0
6473.0,7853.0,16.81940478626546,6.0
2750.0,7489.0,16.829400322083167,3.0
7410.0,7956.0,16.84731449217322,5.0
7001.0,7953.0,16.86091508358584,7.0
6393.0,8334.0,16.86152446195518,12.0
240.0,6230.0,16.870089980538296,3.0
7685.0,7694.0,16.87240786937614,5.0
6785.0,7553.0,16.873598741136316,4.0
6997.0,8064.0,16.877729540106742,6.0
6358.0,7777.0,16.901223414434373,6.0
3072.0,3372.0,16.90549199884857,2.0
1751.0,6239.0,16.908535704196638,4.0
1599.0,7047.0,16.90934623383327,4.0
6570.0,7538.0,16.913121947326,10.0
7149.0,7976.0,16.920210596588774,7.0
7059.0,7913.0,16.929788215989205,13.0
7791.0,8173.0,16.930299897401902,12.0
582.0,772.0,16.931385622722566,2.0
6793.0,7490.0,16.932360669972258,10.0
4138.0,8271.0,16.936489768153983,5.0
103.0,8051.0,16.949336731340953,4.0
219.0,7397.0,16.959997136913252,4.0
6673.0,7562.0,16.963613725772795,4.0
3427.0,3643.0,16.97216269408919,2.0
4599.0,7335.0,16.972679708725924,6.0
4714.0,7804.0,16.98903470008864,4.0
7508.0,7925.0,16.99545337340813,4.0
7905.0,8063.0,17.00539799425784,6.0
4284.0,8277.0,17.013141467080374,3.0
3341.0,7705.0,17.01875692888028,4.0
5685.0,8149.0,17.02204882930136,6.0
6106.0,7582.0,17.042433277141086,5.0
1583.0,8216.0,17.04253801325991,7.0
7686.0,7970.0,17.05028724858904,5.0
6036.0,6726.0,17.056596305392524,4.0
465.0,922.0,17.067030590719565,2.0
1759.0,7847.0,17.097195953768203,3.0
6129.0,7719.0,17.104020457057455,4.0
6426.0,7434.0,17.10588174546065,12.0
6378.0,7535.0,17.111175177713985,6.0
7692.0,7890.0,17.116565601736106,4.0
6711.0,7078.0,17.120712521928358,8.0
7057.0,7313.0,17.122995472064506,5.0
2214.0,7280.0,17.137860610397343,6.0
4948.0,7703.0,17.15944411218779,3.0
6703.0,7480.0,17.165077222264006,13.0
4517.0,8210.0,17.170065237419976,3.0
6390.0,8027.0,17.170361590981795,16.0
2377.0,6367.0,17.17537206280553,4.0
6840.0,8520.0,17.201527445880863,11.0
7107.0,7772.0,17.23086626221983,9.0
244.0,463.0,17.240238864901396,2.0
4320.0,6442.0,17.252311391184637,3.0
6433.0,7751.0,17.256435357081507,7.0
7746.0,8258.0,17.26111975541457,8.0
8181.0,8294.0,17.269229139902762,11.0
2219.0,2714.0,17.271845619147353,2.0
6978.0,8035.0,17.278193646921206,6.0
650.0,7402.0,17.281009392795212,3.0
448.0,7769.0,17.30042528787597,3.0
7704.0,8527.0,17.304782814105124,13.0
7102.0,7937.0,17.308851809522128,10.0
6520.0,7944.0,17.321278404168286,12.0
1356.0,6353.0,17.321820961510355,3.0
7957.0,8380.0,17.32853189898196,14.0
5770.0,7619.0,17.331575781503354,4.0
457.0,8409.0,17.333840967198526,5.0
941.0,7986.0,17.33720334520592,3.0
4465.0,8106.0,17.341906909223603,4.0
6941.0,7129.0,17.356603243950506,8.0
885.0,8217.0,17.35724089936839,4.0
1159.0,6199.0,17.37375174176281,3.0
3794.0,3944.0,17.377807197667014,2.0
6886.0,8089.0,17.389590541963397,5.0
7032.0,7542.0,17.39082236503947,6.0
3052.0,3489.0,17.394960315660015,2.0
7683.0,8470.0,17.39970209461033,8.0
6894.0,8397.0,17.40853847985135,14.0
3619.0,3881.0,17.413115271707873,2.0
1605.0,8523.0,17.417714096423605,3.0
2710.0,6637.0,17.41804237750425,3.0
6721.0,7551.0,17.420759866754857,5.0
7048.0,7673.0,17.422801660379957,5.0
7654.0,8282.0,17.424137158765117,6.0
8188.0,8580.0,17.427810885969933,19.0
1004.0,6644.0,17.42851371902254,3.0
1776.0,2032.0,17.450766922193395,2.0
7118.0,7973.0,17.455069396162983,6.0
7158.0,7929.0,17.468475532512684,12.0
1570.0,8023.0,17.473106707683783,3.0
5943.0,7819.0,17.492212062626166,4.0
2533.0,6966.0,17.497224122730493,3.0
7099.0,7547.0,17.508524627707,11.0
6447.0,8293.0,17.509350066500144,14.0
3092.0,3873.0,17.514469219177123,2.0
1094.0,1477.0,17.523199506667044,2.0
7221.0,7776.0,17.52494407297252,4.0
326.0,7880.0,17.529002576251216,5.0
2910.0,3098.0,17.533045913821617,2.0
7124.0,7888.0,17.54698620157668,11.0
243.0,7154.0,17.55703524081352,3.0
1655.0,7605.0,17.56009653441841,3.0
7104.0,8031.0,17.566344663152826,7.0
7225.0,7449.0,17.571941644631178,4.0
4049.0,8343.0,17.590465333857974,4.0
2907.0,3925.0,17.600630641680738,2.0
7467.0,7556.0,17.60080936219573,10.0
7837.0,7909.0,17.601734615794527,14.0
6305.0,7121.0,17.61135873123756,4.0
7117.0,7798.0,17.619808661903964,12.0
4894.0,6299.0,17.636391308287973,3.0
7187.0,7314.0,17.647484161573598,4.0
7964.0,8369.0,17.65117418985601,5.0
7026.0,8005.0,17.65234042195988,14.0
3391.0,8570.0,17.655734442107356,7.0
55.0,991.0,17.658841173530583,2.0
919.0,7524.0,17.66793712098552,4.0
7411.0,8174.0,17.675017195776977,4.0
1783.0,2085.0,17.680476441569745,2.0
7478.0,8285.0,17.68898468384322,5.0
5762.0,7011.0,17.741672439723956,4.0
3575.0,7916.0,17.759806638686147,3.0
2107.0,7774.0,17.769889302621145,6.0
7058.0,7832.0,17.773969838295944,7.0
6918.0,8419.0,17.8117680624157,10.0
3646.0,8384.0,17.81211089450733,4.0
1469.0,8143.0,17.82115410783959,3.0
2163.0,6872.0,17.82635940243171,3.0
7231.0,7550.0,17.84795900771557,9.0
6937.0,8315.0,17.85431205419842,4.0
6718.0,7141.0,17.85630330955958,10.0
2305.0,8668.0,17.856868681353205,4.0
2816.0,6314.0,17.866506006599668,3.0
4076.0,8049.0,17.871884411033662,4.0
6060.0,8647.0,17.880711754991705,6.0
5634.0,6805.0,17.890292731108346,9.0
7436.0,7969.0,17.89502901376088,5.0
7194.0,8214.0,17.90809692638979,8.0
1730.0,7671.0,17.90987021736132,4.0
7252.0,8155.0,17.93454398589612,10.0
6576.0,7897.0,17.941999643191497,4.0
6638.0,6727.0,17.951824705621746,4.0
7472.0,8311.0,17.965268146880778,17.0
7253.0,7739.0,17.97093818381563,4.0
6436.0,7254.0,17.97339582483504,10.0
7505.0,8124.0,17.988761701748636,6.0
1535.0,7425.0,18.007629552757717,3.0
7325.0,7842.0,18.014330005270672,5.0
1336.0,8640.0,18.03466757625326,4.0
201.0,8463.0,18.037994970487812,4.0
7854.0,7906.0,18.0423325551926,6.0
8068.0,8601.0,18.045769599718124,14.0
3861.0,8418.0,18.068195119993327,5.0
7537.0,8098.0,18.069503595075066,5.0
2933.0,8226.0,18.072459884780137,4.0
6290.0,8024.0,18.07373714057868,6.0
6942.0,7469.0,18.081533998301197,8.0
2160.0,8239.0,18.082231571848844,5.0
1653.0,8018.0,18.101547648529554,4.0
7318.0,7826.0,18.128877165403573,10.0
7000.0,7586.0,18.14049231623934,5.0
7760.0,8510.0,18.148435301490576,9.0
2771.0,7658.0,18.1943835570537,3.0
7069.0,8326.0,18.197587437159857,13.0
7367.0,7879.0,18.198574209203162,5.0
7608.0,8237.0,18.221366584389305,13.0
5382.0,8393.0,18.223618636147446,10.0
7369.0,7390.0,18.229102152115544,5.0
4216.0,7665.0,18.237133420355388,3.0
2136.0,2341.0,18.241035933091887,2.0
7365.0,8165.0,18.242565428559892,10.0
7015.0,7103.0,18.244176503014394,6.0
7021.0,8518.0,18.25030056862906,8.0
5969.0,7990.0,18.28013611363208,6.0
2978.0,3968.0,18.281394285023236,2.0
2938.0,8660.0,18.282924630009386,7.0
165.0,3331.0,18.295121357455177,2.0
2756.0,8431.0,18.300521861924302,8.0
7175.0,8561.0,18.323012026082328,5.0
7941.0,8197.0,18.340016534870117,4.0
6536.0,6778.0,18.35717487178761,8.0
1863.0,8483.0,18.367333192850392,5.0
7303.0,7488.0,18.372590223143032,6.0
7234.0,8229.0,18.394223483868807,5.0
7730.0,8131.0,18.397834785722367,9.0
3909.0,6777.0,18.40214548902386,3.0
6206.0,7363.0,18.402738144688744,4.0
7384.0,8269.0,18.41280444500204,9.0
7555.0,8415.0,18.41699193130585,10.0
7602.0,8582.0,18.43331778851026,12.0
7142.0,8586.0,18.43851195802793,8.0
6932.0,8009.0,18.443038066643222,6.0
7421.0,8060.0,18.443749347500848,10.0
131.0,644.0,18.467576868025994,2.0
6231.0,7787.0,18.47163442720243,5.0
6790.0,8192.0,18.47608489607556,4.0
7727.0,8557.0,18.482695530709876,16.0
2345.0,2607.0,18.50304234765859,2.0
7825.0,8079.0,18.51697932983535,7.0
7840.0,8590.0,18.529619614360602,16.0
7622.0,8185.0,18.53851480845559,16.0
38.0,3019.0,18.540186488212058,2.0
7520.0,7868.0,18.567466453428914,6.0
1032.0,7930.0,18.573679671755947,3.0
7199.0,8047.0,18.590442325063137,6.0
2936.0,7407.0,18.602454184559758,3.0
6033.0,7426.0,18.61228123767302,6.0
7549.0,8172.0,18.61302045995483,9.0
6958.0,8205.0,18.62301454450086,5.0
7144.0,7698.0,18.62512794382114,6.0
6293.0,7037.0,18.62765671785051,4.0
2592.0,6953.0,18.649901501495062,3.0
6286.0,8572.0,18.65763453608516,5.0
7468.0,8001.0,18.690118375263904,5.0
7762.0,7893.0,18.693127711575862,12.0
5613.0,8719.0,18.70381087193342,19.0
7688.0,8403.0,18.707138933217287,12.0
6177.0,6233.0,18.708608190737326,6.0
3538.0,7681.0,18.714467476748048,3.0
7297.0,8505.0,18.74047118359438,11.0
7793.0,7958.0,18.757476229243995,11.0
4032.0,7501.0,18.76570896266144,3.0
7579.0,8701.0,18.772579139199657,12.0
4980.0,7678.0,18.774887586740892,3.0
7780.0,8475.0,18.79274790664195,10.0
7684.0,8182.0,18.79671568406677,12.0
7609.0,7987.0,18.806142903240552,15.0
7092.0,8454.0,18.80888393672646,4.0
4945.0,8083.0,18.816436605080447,4.0
7308.0,7731.0,18.818934351807073,7.0
5640.0,7075.0,18.82334940302687,4.0
2117.0,8715.0,18.842740709933267,5.0
8138.0,8236.0,18.87258064071375,14.0
7494.0,8377.0,18.87894550444294,4.0
7423.0,8754.0,18.879579821902645,11.0
7201.0,7856.0,18.882497430911958,4.0
6810.0,8305.0,18.893276466445784,5.0
6849.0,8162.0,18.8943161157717,7.0
8092.0,8423.0,18.896791038121098,13.0
3250.0,8267.0,18.89811488560842,3.0
1503.0,1984.0,18.906480946864473,2.0
4739.0,7371.0,18.914166604867397,3.0
6613.0,7895.0,18.955164713792318,11.0
3278.0,8017.0,18.969199603041176,5.0
6755.0,7728.0,18.973646907669448,6.0
2383.0,8486.0,18.974312088386252,12.0
1439.0,8191.0,18.98395986239225,4.0
6898.0,7447.0,18.99008054996569,5.0
7076.0,8336.0,18.994434352794126,7.0
5386.0,7934.0,18.995711354441344,10.0
6972.0,8432.0,18.99668258155615,17.0
8245.0,8398.0,19.00241758178201,8.0
1163.0,8065.0,19.02981844613277,3.0
7328.0,7454.0,19.031930512119747,9.0
4071.0,8243.0,19.03642029588387,3.0
695.0,7487.0,19.050325559565586,3.0
1539.0,8386.0,19.060507059071927,4.0
7109.0,7627.0,19.063788964501803,5.0
8270.0,8597.0,19.085210114192343,9.0
7062.0,7869.0,19.099888062228032,11.0
6333.0,7981.0,19.10131707019413,5.0
6504.0,6965.0,19.11704331531909,4.0
305.0,8400.0,19.136344834945284,7.0
1340.0,6773.0,19.144769543195828,3.0
3866.0,8349.0,19.157898892626157,10.0
2519.0,7740.0,19.159990468721706,3.0
7811.0,8251.0,19.161799240011742,7.0
2659.0,2780.0,19.165538616651748,2.0
8322.0,8449.0,19.165570207211367,12.0
7027.0,8338.0,19.18160534814532,13.0
4144.0,4445.0,19.200862030804693,2.0
664.0,7676.0,19.23994489033381,3.0
1582.0,8514.0,19.244329455774967,3.0
7373.0,8212.0,19.25624728325271,5.0
2594.0,2836.0,19.267914427283312,2.0
7561.0,8676.0,19.270910897990497,19.0
7145.0,8178.0,19.29394752140244,12.0
1856.0,8522.0,19.321569291495116,5.0
4078.0,5845.0,19.378237338654113,3.0
7126.0,7643.0,19.37831184769599,7.0
7741.0,8101.0,19.385890996658517,10.0
7405.0,8184.0,19.397654525111804,6.0
4057.0,8118.0,19.417111065609607,4.0
7196.0,7866.0,19.4199086181013,6.0
7331.0,8589.0,19.423503446604833,6.0
4700.0,7461.0,19.426719954517008,3.0
6831.0,7385.0,19.450960829359893,12.0
194.0,7936.0,19.46103324254963,4.0
3848.0,7908.0,19.476178700966184,3.0
3451.0,8729.0,19.477582983191578,6.0
2082.0,7732.0,19.48910424902551,4.0
8404.0,8596.0,19.493951425834155,7.0
7244.0,7955.0,19.512228425299735,6.0
1937.0,7818.0,19.53000080109782,4.0
6891.0,7968.0,19.550959010971646,4.0
7715.0,8231.0,19.578420693129186,4.0
7590.0,8603.0,19.59604683536864,6.0
8038.0,8818.0,19.596108212372645,5.0
7228.0,8458.0,19.608007188490348,15.0
227.0,380.0,19.610089009772317,2.0
4633.0,8284.0,19.640271301073934,3.0
3929.0,8337.0,19.675561982747197,4.0
7855.0,7864.0,19.679247011557003,7.0
3930.0,7016.0,19.704660690930897,3.0
2658.0,7875.0,19.711768927297953,6.0
6526.0,7779.0,19.751292895467476,7.0
1916.0,8388.0,19.753485188015116,4.0
1502.0,7632.0,19.760622073062187,3.0
7200.0,8521.0,19.76658967048309,6.0
7635.0,8530.0,19.787066106823392,16.0
7711.0,8730.0,19.80388078222585,12.0
7327.0,7923.0,19.814612069030016,6.0
7917.0,8555.0,19.83475787114723,11.0
7650.0,8410.0,19.837527989184096,7.0
286.0,7509.0,19.847270259877032,3.0
5985.0,6944.0,19.856001651072724,4.0
138.0,7809.0,19.859040146674733,3.0
8176.0,8438.0,19.86517305697179,5.0
4006.0,8628.0,19.899613928612453,3.0
277.0,8749.0,19.901186618278864,9.0
5863.0,6936.0,19.92061529715794,7.0
7648.0,7963.0,19.932324339634953,8.0
7531.0,8019.0,19.932524983778624,9.0
7151.0,8826.0,19.938718178757313,15.0
2256.0,8448.0,19.94435036961734,5.0
4127.0,7291.0,19.959779838855724,3.0
3220.0,8211.0,19.983744291543815,4.0
904.0,7206.0,19.99153680989275,3.0
7903.0,8304.0,19.99160535115933,9.0
7087.0,8247.0,19.998890709740525,4.0
7766.0,7834.0,20.037588013346955,14.0
8102.0,8157.0,20.051691386857335,6.0
1691.0,8656.0,20.0543655863807,4.0
7477.0,7514.0,20.06626805793354,12.0
6830.0,8078.0,20.078355550886553,13.0
7726.0,8644.0,20.084158084861638,5.0
7315.0,8549.0,20.089851644216935,13.0
8032.0,8690.0,20.09076297859024,17.0
7914.0,8615.0,20.095765371083065,15.0
8094.0,8781.0,20.096793383356523,9.0
7150.0,8198.0,20.10652668578498,7.0
2206.0,2235.0,20.114700018289554,2.0
7261.0,8459.0,20.120838867301913,10.0
5936.0,8593.0,20.12230917884143,15.0
6834.0,7395.0,20.123967620540146,5.0
3507.0,7816.0,20.134485163264632,3.0
7931.0,8142.0,20.15553346196686,6.0
6931.0,8716.0,20.172058059894596,13.0
637.0,8770.0,20.18272089889984,3.0
2034.0,8678.0,20.223022026293535,4.0
8058.0,8537.0,20.241289766952725,5.0
6730.0,8333.0,20.24588604311459,5.0
6927.0,7824.0,20.28014868460236,11.0
8025.0,8508.0,20.284898129070374,6.0
1771.0,7706.0,20.285917252596285,3.0
2528.0,8264.0,20.297224776792056,4.0
7182.0,8325.0,20.300927487951267,15.0
7977.0,8221.0,20.325282615049804,15.0
4469.0,7898.0,20.32655200457338,3.0
7892.0,8441.0,20.3387105705106,4.0
1132.0,8391.0,20.36292954807998,6.0
7356.0,8743.0,20.382959636781624,13.0
7999.0,8013.0,20.385981672930175,5.0
8249.0,8516.0,20.38644432205334,7.0
7350.0,7823.0,20.42108264025692,9.0
7725.0,8057.0,20.441393624862112,10.0
7492.0,8135.0,20.46553426189855,8.0
3254.0,8671.0,20.485974946014103,3.0
7878.0,8154.0,20.497001175644844,5.0
7803.0,8266.0,20.51316024149835,9.0
1224.0,8298.0,20.524383801204504,13.0
4570.0,4586.0,20.530544138382943,2.0
6694.0,7874.0,20.54669274124209,5.0
6551.0,8339.0,20.556952393202742,8.0
6896.0,8227.0,20.562554137658303,7.0
3115.0,8342.0,20.623363544823285,3.0
3036.0,6198.0,20.62528296034257,3.0
7585.0,8159.0,20.629239724213846,5.0
8169.0,8900.0,20.631861402638375,21.0
8287.0,8474.0,20.633972983019692,4.0
6011.0,8177.0,20.6350557781576,5.0
7301.0,7889.0,20.640451728845797,13.0
8187.0,8684.0,20.65126154086761,20.0
7183.0,8314.0,20.656488983077193,8.0
6933.0,8297.0,20.687205079634317,7.0
8606.0,8919.0,20.720101467308243,14.0
6483.0,8170.0,20.74579312478705,8.0
898.0,8042.0,20.75806484755986,3.0
7921.0,7972.0,20.77412673916438,5.0
1575.0,1952.0,20.77543567589068,2.0
4007.0,7391.0,20.777667806881222,3.0
7357.0,7462.0,20.790398907640544,7.0
835.0,1007.0,20.81636861584799,2.0
7813.0,8208.0,20.823044993640156,6.0
7567.0,7641.0,20.831118643914458,4.0
8244.0,8376.0,20.854718592808425,5.0
2860.0,8625.0,20.876270477853733,5.0
6996.0,8045.0,20.885793950440185,4.0
7661.0,8430.0,20.898276839622742,4.0
7942.0,7952.0,20.91127372992529,6.0
6336.0,7778.0,20.915951547325733,8.0
7120.0,7794.0,20.916159997013978,5.0
3903.0,8069.0,20.923732242811365,3.0
28.0,8248.0,20.92677295888355,9.0
3997.0,7910.0,20.930140109489916,4.0
58.0,7639.0,20.940115429826907,3.0
569.0,6044.0,20.946658561081456,3.0
6065.0,8346.0,20.95572784900537,11.0
158.0,8396.0,20.997295088679437,3.0
6508.0,7527.0,21.010061763209524,6.0
836.0,8274.0,21.010990628938767,3.0
5810.0,8757.0,21.03986794964546,10.0
7394.0,8451.0,21.084983205367422,4.0
2109.0,7836.0,21.102166922740224,4.0
7290.0,8046.0,21.111876329187503,5.0
7996.0,8821.0,21.125926252827796,11.0
6825.0,7163.0,21.14082327433164,8.0
4842.0,8540.0,21.16192537821752,4.0
8335.0,8713.0,21.163813068195378,7.0
1497.0,8473.0,21.19104171642884,5.0
8278.0,8363.0,21.200585942328356,8.0
5764.0,8694.0,21.200625814108694,6.0
1098.0,6827.0,21.212643373949067,3.0
7399.0,8144.0,21.219892695694604,8.0
7841.0,7912.0,21.223750370001202,6.0
2952.0,2953.0,21.22450900614619,2.0
7483.0,8257.0,21.244818829179984,8.0
6877.0,7928.0,21.25871477550759,8.0
1452.0,7209.0,21.265450216234008,3.0
1140.0,7946.0,21.27186896373749,3.0
7031.0,8578.0,21.272971919143007,5.0
7679.0,8129.0,21.273605839483782,8.0
3772.0,8961.0,21.281362359918322,8.0
8435.0,8696.0,21.32806722625012,8.0
8171.0,8621.0,21.330190745844224,7.0
6140.0,8811.0,21.332561883499597,15.0
7554.0,8496.0,21.334933362620013,7.0
6822.0,8128.0,21.382243674076456,10.0
7655.0,7675.0,21.383868349421586,9.0
8033.0,8347.0,21.392129751416295,19.0
8030.0,8340.0,21.394155488792013,5.0
2322.0,7236.0,21.40691931993537,5.0
6704.0,8481.0,21.42813263558754,8.0
8066.0,8354.0,21.438134019442966,5.0
8381.0,8498.0,21.440591974053817,16.0
8427.0,8801.0,21.464757800852254,14.0
6735.0,8016.0,21.475459424369355,7.0
7541.0,8633.0,21.488451727779612,6.0
1254.0,2469.0,21.490727489263467,2.0
8002.0,8008.0,21.497170731667353,12.0
7722.0,8200.0,21.55100410488847,5.0
8490.0,8638.0,21.554448393618028,13.0
8276.0,8373.0,21.613780089215872,12.0
6779.0,8012.0,21.614375130307415,8.0
6512.0,8681.0,21.624284414556925,6.0
7115.0,8769.0,21.672923831524162,16.0
6643.0,7019.0,21.677226294889735,5.0
4357.0,7904.0,21.68921429035814,5.0
8302.0,8830.0,21.708817445720374,12.0
7618.0,8324.0,21.715532769239896,8.0
7375.0,8429.0,21.717432105943292,7.0
6368.0,8637.0,21.730009681176465,16.0
7354.0,7601.0,21.746276298343673,10.0
7185.0,8280.0,21.746292170341317,8.0
1561.0,8048.0,21.77139771509873,3.0
8367.0,8785.0,21.782069788248947,8.0
8074.0,8158.0,21.78492993686484,4.0
7415.0,8559.0,21.80383940015203,12.0
6962.0,8712.0,21.80568608706699,14.0
3159.0,8571.0,21.836875004848512,5.0
7863.0,8151.0,21.861550005022178,6.0
4282.0,7003.0,21.867139261891204,3.0
5535.0,8693.0,21.871747741868763,6.0
6845.0,7785.0,21.887369145527035,8.0
7180.0,8509.0,21.895879123013636,5.0
8103.0,8843.0,21.896752927152495,10.0
7718.0,8659.0,21.904214794660707,8.0
8081.0,8289.0,21.91319182390147,4.0
7975.0,7992.0,21.943880166104332,4.0
8351.0,8657.0,21.94532790804814,8.0
8457.0,8627.0,21.95424818006686,11.0
6689.0,8204.0,21.975228948382362,4.0
7828.0,8330.0,21.97631780925863,4.0
7743.0,8186.0,21.99169226983445,4.0
8091.0,8145.0,22.019072096146953,8.0
7781.0,8455.0,22.020840387515797,12.0
8168.0,8482.0,22.02873333141545,7.0
8300.0,8839.0,22.033706220365797,14.0
7188.0,8476.0,22.046311233588337,7.0
8389.0,8500.0,22.05351698668311,11.0
7238.0,8724.0,22.05420459101659,7.0
995.0,8331.0,22.060242422291697,4.0
7466.0,7839.0,22.065442473733274,6.0
2565.0,8709.0,22.06595144913368,4.0
7398.0,7617.0,22.070136849641045,16.0
3528.0,8110.0,22.070498966334302,4.0
8837.0,8975.0,22.077859728984233,9.0
1442.0,7735.0,22.088036536365152,6.0
1307.0,8082.0,22.093261432290074,3.0
150.0,8414.0,22.09672557524686,4.0
8417.0,8918.0,22.101196278695166,9.0
8485.0,8674.0,22.103445205254843,8.0
8283.0,8600.0,22.104169199331572,6.0
8246.0,8466.0,22.125763039106552,6.0
7783.0,8539.0,22.13180116956182,6.0
8272.0,8426.0,22.13586670149219,7.0
7907.0,8076.0,22.13943411772118,9.0
7171.0,8687.0,22.18577046466484,5.0
2002.0,2105.0,22.189991372263695,2.0
7241.0,8816.0,22.213659347629182,5.0
3144.0,8394.0,22.244313183151988,3.0
8052.0,8456.0,22.25521757220195,12.0
6573.0,8629.0,22.263607757213197,5.0
7424.0,8453.0,22.27306294564728,5.0
7560.0,8222.0,22.277780000388514,5.0
7282.0,8605.0,22.289829482491335,5.0
7512.0,8420.0,22.325926775396823,15.0
4483.0,8233.0,22.407179694131294,3.0
4978.0,5857.0,22.427764831206122,3.0
3448.0,8807.0,22.448196613508795,5.0
7370.0,8844.0,22.45181072090374,5.0
7134.0,8252.0,22.468625880690386,14.0
8317.0,8805.0,22.483906773597838,7.0
7465.0,8880.0,22.5051445026006,5.0
3032.0,9055.0,22.517914171024163,5.0
8044.0,8093.0,22.524739181565966,6.0
4991.0,8499.0,22.565097264598165,3.0
8183.0,8722.0,22.580701987331153,8.0
6814.0,8341.0,22.60929754002128,15.0
7128.0,8134.0,22.629418403965538,6.0
7360.0,8984.0,22.6619851263515,13.0
8752.0,8978.0,22.696518871489186,12.0
8288.0,8672.0,22.709859133408813,4.0
7867.0,8992.0,22.7341422658758,14.0
8133.0,8964.0,22.73657899951638,5.0
8230.0,8665.0,22.749478290769076,18.0
3169.0,7933.0,22.770755366639765,11.0
6534.0,8203.0,22.773930816157325,4.0
4761.0,8201.0,22.78557258498449,4.0
7035.0,7812.0,22.78882809961345,5.0
7570.0,7669.0,22.792419909159037,8.0
4254.0,4907.0,22.80123366824677,2.0
7519.0,7871.0,22.82813198984907,6.0
8567.0,8619.0,22.836300418483514,8.0
7430.0,8028.0,22.846180137472246,15.0
8399.0,8569.0,22.912139340042287,9.0
7409.0,7765.0,22.93446218993602,4.0
8506.0,8768.0,22.934584162823544,13.0
7474.0,8437.0,22.99145881887803,10.0
5552.0,7525.0,23.01096586140441,5.0
8387.0,8574.0,23.012044506294423,8.0
8604.0,8948.0,23.01624296400657,8.0
8235.0,8587.0,23.03382226749763,5.0
8095.0,8635.0,23.037206839563172,10.0
7580.0,8422.0,23.161443865557246,6.0
2313.0,3846.0,23.164614946647838,2.0
7347.0,7800.0,23.17904484880505,12.0
8196.0,8584.0,23.191626980356638,13.0
7749.0,7884.0,23.206647182236384,4.0
3429.0,8382.0,23.22017914040355,3.0
8416.0,8971.0,23.30543056427505,8.0
8250.0,8468.0,23.317334565641747,11.0
7755.0,8996.0,23.384174352484607,8.0
7628.0,8524.0,23.388405415574077,18.0
8383.0,8502.0,23.414932776502283,5.0
7473.0,8667.0,23.415793077138872,6.0
8359.0,8402.0,23.44056409286762,4.0
8301.0,8949.0,23.468684470600113,13.0
4890.0,8319.0,23.501407346016777,4.0
8299.0,8820.0,23.518583840254212,7.0
8564.0,8968.0,23.531123386616656,12.0
1110.0,8679.0,23.607494344882568,8.0
3792.0,8105.0,23.609400376849955,4.0
7815.0,8802.0,23.662585013960264,19.0
8179.0,8273.0,23.66934574781292,14.0
7227.0,8100.0,23.676612969062365,15.0
8067.0,8682.0,23.68525943055687,4.0
7959.0,8882.0,23.702794251794614,14.0
8167.0,8857.0,23.705575564372108,17.0
7758.0,8061.0,23.72881520391804,15.0
8492.0,8855.0,23.80906020174392,7.0
2544.0,9132.0,23.834788896121704,3.0
8661.0,9050.0,23.836091121743735,27.0
4200.0,7997.0,23.84437581419418,4.0
7729.0,8773.0,23.849034070997075,19.0
397.0,8357.0,23.85377165516206,3.0
7614.0,8160.0,23.876821233249473,5.0
8043.0,8139.0,23.88308825012332,7.0
7072.0,8602.0,23.891195323891885,6.0
7452.0,8560.0,23.93081870851066,7.0
8275.0,8599.0,23.973852849467782,8.0
7870.0,7896.0,23.978468033286763,14.0
7802.0,8538.0,24.001635752610884,4.0
7950.0,8224.0,24.030165136831457,4.0
449.0,8309.0,24.063653231736517,3.0
8353.0,8642.0,24.065171720733012,6.0
8935.0,9118.0,24.106841188960857,5.0
7307.0,8767.0,24.110695274433805,13.0
6604.0,8119.0,24.148472189395044,5.0
7998.0,8677.0,24.159561202268794,6.0
7845.0,8772.0,24.16118883530054,7.0
8528.0,8747.0,24.175871217448385,16.0
8721.0,8897.0,24.18504294923136,17.0
4574.0,8956.0,24.191448963167154,5.0
8361.0,8944.0,24.19430489509476,5.0
6864.0,8117.0,24.20073993632956,10.0
8292.0,8732.0,24.20116335351522,14.0
7980.0,8651.0,24.221245848376697,14.0
7851.0,8350.0,24.22367988694848,14.0
7612.0,8863.0,24.235056900562043,16.0
6892.0,8864.0,24.241913648661825,6.0
8075.0,8316.0,24.301137326279466,8.0
7689.0,8193.0,24.324912222745493,7.0
7208.0,8980.0,24.374036949316643,15.0
7625.0,8673.0,24.37456584599285,6.0
8136.0,9024.0,24.3839169839564,10.0
8371.0,8922.0,24.383959751859294,7.0
3783.0,8778.0,24.385728817133234,3.0
8152.0,8705.0,24.39755117532523,18.0
8526.0,8976.0,24.410121813283354,9.0
7440.0,8653.0,24.436762828166888,10.0
6089.0,7881.0,24.446487470111347,12.0
404.0,8037.0,24.452730813135567,5.0
8479.0,8764.0,24.45457812635088,12.0
8372.0,8535.0,24.481695242699306,6.0
8434.0,8575.0,24.48879315703075,13.0
8356.0,8611.0,24.503821880716963,8.0
7393.0,8445.0,24.582136440634866,20.0
7775.0,9113.0,24.615609736262204,19.0
8688.0,8771.0,24.687755576549463,9.0
7564.0,8740.0,24.72350787219279,17.0
8147.0,8791.0,24.736825936759928,20.0
7638.0,8812.0,24.743586223626913,7.0
6884.0,8562.0,24.75949002591556,8.0
8090.0,8710.0,24.762485066045745,6.0
8544.0,8841.0,24.794915223386273,15.0
7545.0,8503.0,24.873038117475378,19.0
6736.0,8111.0,24.884121943547314,6.0
8675.0,8878.0,24.957344547342107,6.0
6781.0,8408.0,24.966831185333344,9.0
7647.0,8893.0,24.97873155881628,5.0
8112.0,8443.0,25.01137436041802,15.0
7876.0,8704.0,25.034816870439325,5.0
8021.0,8907.0,25.048566904312906,21.0
6397.0,8836.0,25.049537113617074,13.0
7846.0,7849.0,25.080701767854,4.0
7500.0,8477.0,25.083050510687826,4.0
4129.0,4206.0,25.11712680156263,2.0
747.0,8594.0,25.120362398955844,3.0
8360.0,8988.0,25.127080575857935,13.0
7600.0,8218.0,25.137981670119554,4.0
8533.0,8737.0,25.145466905269572,9.0
7636.0,7820.0,25.15291317129548,5.0
8723.0,8758.0,25.157921041898245,8.0
6819.0,8529.0,25.164673378067352,5.0
5297.0,8983.0,25.18382448914252,5.0
8649.0,9129.0,25.1955000777926,7.0
7861.0,8937.0,25.241478491482372,10.0
7971.0,8452.0,25.24922116091005,7.0
7548.0,8641.0,25.24966154780759,19.0
2084.0,8990.0,25.25764467977506,5.0
8421.0,8462.0,25.260850203274273,7.0
7593.0,8608.0,25.26731086507643,8.0
8161.0,8164.0,25.280788726514512,4.0
7177.0,8581.0,25.287478292963684,17.0
8632.0,8901.0,25.320680730375507,16.0
8219.0,8735.0,25.35684085281151,7.0
7666.0,8736.0,25.373983997198383,18.0
8488.0,8568.0,25.38955687533747,19.0
7271.0,8460.0,25.39615344503444,9.0
7428.0,8634.0,25.437938853013918,8.0
1352.0,7833.0,25.444071534524173,4.0
8585.0,8646.0,25.44885592720268,14.0
8080.0,8511.0,25.461194146064546,8.0
6930.0,8358.0,25.47364487945152,20.0
2520.0,9025.0,25.51629013199037,3.0
8199.0,8794.0,25.570770846185034,9.0
2914.0,9101.0,25.572920758906534,6.0
8215.0,9051.0,25.605843573418184,8.0
7901.0,7978.0,25.60602355795521,10.0
8014.0,8484.0,25.66127770636417,12.0
8122.0,8413.0,25.66562321985533,5.0
6364.0,9015.0,25.688595141965866,13.0
6688.0,8683.0,25.713537885296702,13.0
447.0,8692.0,25.77596362390086,3.0
8831.0,9189.0,25.795886072197497,10.0
7939.0,8652.0,25.83358533135572,4.0
8000.0,8234.0,25.86788140008167,6.0
8565.0,8609.0,25.961043121148492,16.0
8206.0,9004.0,25.983709332482217,11.0
7317.0,8312.0,25.997826497890173,7.0
8310.0,9082.0,26.00888265771965,16.0
6973.0,9014.0,26.009911776961484,13.0
8253.0,9119.0,26.050843871717237,17.0
8440.0,9088.0,26.116934874743144,15.0
8228.0,9213.0,26.13117043663858,22.0
8870.0,8871.0,26.17806847367642,8.0
8209.0,8973.0,26.18763310884003,8.0
7788.0,8542.0,26.19277638869435,8.0
8026.0,8739.0,26.246879786633414,9.0
7922.0,8428.0,26.34360245302954,11.0
8636.0,8881.0,26.363172595382878,9.0
2242.0,8004.0,26.441117315728835,3.0
7814.0,8307.0,26.446228650437483,18.0
8323.0,8817.0,26.459934484406276,6.0
8467.0,8543.0,26.495927929984358,16.0
8695.0,8814.0,26.514367197419265,9.0
8626.0,9218.0,26.52866989276214,26.0
8320.0,8507.0,26.543562203351755,4.0
920.0,8753.0,26.566946736192424,3.0
8464.0,9023.0,26.606573413573244,10.0
8207.0,8556.0,26.653102302914025,20.0
8401.0,8991.0,26.667780311531722,10.0
9048.0,9060.0,26.68565363289981,7.0
8444.0,8513.0,26.695506130577417,7.0
7754.0,8883.0,26.709253499372164,7.0
7991.0,9120.0,26.770363116849765,12.0
8706.0,8908.0,26.783493214979888,10.0
8548.0,9047.0,26.792398414271062,10.0
8345.0,8840.0,26.812507616367384,9.0
9078.0,9126.0,26.867293876925306,13.0
8262.0,8617.0,26.913800228872,8.0
7270.0,8532.0,26.919105899234022,5.0
6733.0,9062.0,26.919536112879072,14.0
8195.0,8914.0,26.952959396186305,19.0
8115.0,8385.0,26.953460770059337,11.0
8238.0,9144.0,27.028589393805163,21.0
6167.0,8620.0,27.056859793011796,10.0
8838.0,9226.0,27.068732765925567,17.0
7316.0,7710.0,27.071649902903232,4.0
9001.0,9122.0,27.075883906868714,15.0
8107.0,9150.0,27.107555489388375,25.0
7156.0,8700.0,27.117638728818523,13.0
8279.0,9247.0,27.14073316088653,10.0
8411.0,8512.0,27.14862502332935,21.0
8255.0,8896.0,27.181221304545822,12.0
8751.0,8865.0,27.21169972778483,5.0
7597.0,8392.0,27.216663555641354,16.0
8738.0,9116.0,27.218189058484253,14.0
7982.0,8286.0,27.234024006354428,17.0
8536.0,9170.0,27.293252339573957,7.0
8613.0,9109.0,27.301374892308807,7.0
8375.0,8933.0,27.35458983450603,24.0
8534.0,8787.0,27.426988158805607,16.0
7125.0,9249.0,27.457099637991806,18.0
8547.0,8904.0,27.517051616354774,5.0
8931.0,9085.0,27.564070196308222,5.0
8553.0,8972.0,27.56820903939918,9.0
7721.0,8493.0,27.574507205647198,12.0
7805.0,8163.0,27.659954224864528,8.0
7848.0,8867.0,27.669529143825432,10.0
8932.0,9123.0,27.703087173371753,8.0
8648.0,8945.0,27.709794422405725,8.0
8780.0,9068.0,27.720943944218668,7.0
4719.0,8680.0,27.728824482102574,5.0
9059.0,9176.0,27.756954250687212,10.0
8085.0,9013.0,27.788342938485357,9.0
7463.0,8962.0,27.796871867685425,17.0
8465.0,9248.0,27.853267192124754,6.0
7988.0,9145.0,27.89667556094375,6.0
8328.0,8550.0,27.903054529052127,5.0
8104.0,9075.0,27.98123602755391,12.0
7311.0,8946.0,28.02848496042844,11.0
8756.0,9162.0,28.03295401004778,7.0
8140.0,8439.0,28.044404233151315,12.0
8291.0,9230.0,28.05532835782422,10.0
8925.0,9171.0,28.06518173921283,6.0
8070.0,8834.0,28.084881227656414,7.0
8150.0,8303.0,28.09467025017695,10.0
8501.0,9026.0,28.115755859049905,19.0
7885.0,8970.0,28.127583920530817,13.0
8006.0,8977.0,28.165427402787873,12.0
8612.0,8766.0,28.26476744367277,14.0
8591.0,8846.0,28.30423400363636,20.0
8779.0,9193.0,28.34220301308672,13.0
8370.0,8746.0,28.343255026793265,5.0
8852.0,9069.0,28.34843250994306,25.0
8869.0,9008.0,28.390911804714644,14.0
8113.0,8827.0,28.429700443035703,21.0
8884.0,9037.0,28.44763263942265,10.0
8405.0,9300.0,28.469378130730373,19.0
8125.0,8776.0,28.547658387723768,21.0
8461.0,9168.0,28.561761636946695,19.0
8054.0,8744.0,28.600070631345943,10.0
7046.0,8607.0,28.611170704064897,9.0
8022.0,8686.0,28.64332243537018,22.0
6818.0,8782.0,28.679853994074804,8.0
7902.0,8828.0,28.697835991205157,13.0
8784.0,9278.0,28.70760219565547,18.0
8362.0,9149.0,28.724164481921814,9.0
2663.0,8146.0,28.74814537228783,3.0
8699.0,8941.0,28.751522864648447,15.0
8254.0,8669.0,28.778381020727746,14.0
7506.0,9143.0,28.779839514039587,6.0
6768.0,9210.0,28.830415088122045,10.0
4061.0,9173.0,28.857778607559165,6.0
8406.0,9184.0,28.885824277032516,20.0
9030.0,9095.0,28.92791192103378,11.0
7621.0,8899.0,28.944621258016593,16.0
8595.0,9209.0,28.969827811134703,17.0
8073.0,8761.0,28.978609648444,12.0
8504.0,8804.0,28.981236910251983,6.0
7859.0,9003.0,28.984306185068622,11.0
8525.0,9135.0,28.988548942100394,7.0
8313.0,9178.0,29.02549374646841,20.0
8256.0,8495.0,29.03294402617404,10.0
6911.0,8898.0,29.033455477635613,10.0
4926.0,9290.0,29.14181276909697,8.0
7966.0,8711.0,29.155138873185237,8.0
8531.0,8809.0,29.178107952992143,17.0
8366.0,9282.0,29.188105209922966,29.0
8515.0,8929.0,29.195587726812086,15.0
8876.0,8985.0,29.23557232159691,5.0
8141.0,8379.0,29.255200764060486,8.0
8116.0,8592.0,29.274191206354153,21.0
8891.0,9236.0,29.315711285755683,22.0
8412.0,8579.0,29.35500775096985,10.0
8202.0,9152.0,29.40871626313775,23.0
8745.0,9141.0,29.418952265908693,8.0
8803.0,8967.0,29.42800742793508,18.0
9077.0,9204.0,29.444027649092035,29.0
8762.0,9028.0,29.454306175190705,16.0
8099.0,9027.0,29.47633136430605,10.0
7756.0,8810.0,29.532448927686524,9.0
8982.0,9042.0,29.594028220929836,11.0
7745.0,8939.0,29.625800817034545,7.0
8424.0,8425.0,29.72184842816421,15.0
9252.0,9306.0,29.722105886616983,7.0
8795.0,9223.0,29.741952660552144,7.0
7918.0,9311.0,29.77424453888168,34.0
7616.0,8368.0,29.81343831232025,9.0
8329.0,9147.0,29.823576460893424,17.0
7486.0,8108.0,29.82413149230566,16.0
9090.0,9164.0,29.841778046965437,12.0
8763.0,9277.0,29.897026029433494,15.0
8576.0,9114.0,29.922490592605246,10.0
8703.0,8861.0,30.051051059768927,9.0
8053.0,8915.0,30.111481834026485,18.0
8020.0,8697.0,30.120093655927672,8.0
8631.0,8819.0,30.20126102171151,19.0
8395.0,8851.0,30.228116283945038,5.0
9039.0,9208.0,30.247896437932212,30.0
8733.0,8822.0,30.261374528105613,20.0
8497.0,9063.0,30.36043987148108,10.0
7322.0,8041.0,30.365130631364693,7.0
7979.0,9202.0,30.413999591730608,22.0
7926.0,8777.0,30.4248444419879,21.0
4573.0,8847.0,30.52856001759598,3.0
8097.0,9061.0,30.543375640918143,16.0
7985.0,8974.0,30.547420986676084,7.0
8895.0,9094.0,30.567000749373257,6.0
8364.0,8954.0,30.594048166721095,8.0
3932.0,8894.0,30.599177448457837,6.0
8658.0,8741.0,30.62594826008771,10.0
8442.0,8755.0,30.631875509370648,9.0
8645.0,8910.0,30.649797406212002,16.0
8433.0,8909.0,30.702724871361994,6.0
8856.0,8997.0,30.80350454286294,15.0
8554.0,8858.0,30.819866813126794,12.0
8332.0,8662.0,30.82144870451478,8.0
8806.0,9338.0,30.856152964555005,19.0
7801.0,9392.0,30.89230451864905,26.0
7310.0,9310.0,30.8990744836916,14.0
8655.0,8998.0,30.912328069585136,8.0
8623.0,9092.0,30.935980742682396,8.0
6976.0,9179.0,30.93878381481047,19.0
8223.0,9057.0,30.939680469003655,14.0
8281.0,9257.0,31.10228656165012,18.0
7294.0,9340.0,31.149620588377623,10.0
6012.0,8824.0,31.159824950007128,7.0
8717.0,9347.0,31.227693133810593,17.0
8127.0,9064.0,31.409376800994096,23.0
8774.0,9276.0,31.467582087754533,11.0
7967.0,9326.0,31.4838079250139,10.0
8708.0,8731.0,31.507049257520464,8.0
4330.0,9395.0,31.60674228007479,9.0
8832.0,9046.0,31.665510613708094,8.0
7817.0,9058.0,31.667302796826622,7.0
9206.0,9414.0,31.696701252776368,27.0
8471.0,8610.0,31.71239204014378,10.0
9010.0,9103.0,31.72072371957569,11.0
8225.0,8920.0,31.72595525600667,21.0
8783.0,8886.0,31.76935481504346,22.0
8947.0,8986.0,31.791053470123884,19.0
3110.0,9286.0,31.860078633229804,4.0
8137.0,9364.0,31.89422427645046,21.0
8480.0,8689.0,31.899955203562623,9.0
8321.0,8981.0,31.955603215569433,6.0
8630.0,9041.0,32.035246633968974,10.0
7497.0,9097.0,32.095862469485965,9.0
8765.0,8845.0,32.11177622589554,22.0
769.0,9111.0,32.16390267210496,6.0
8979.0,9188.0,32.185876158078976,11.0
8598.0,8643.0,32.200366065651735,9.0
8436.0,9235.0,32.293741227355284,11.0
8912.0,9380.0,32.33258473621374,12.0
8889.0,9349.0,32.35628528610634,25.0
8378.0,9198.0,32.37554714759497,16.0
8872.0,9312.0,32.44069007868406,16.0
8086.0,8616.0,32.48194929823266,11.0
9031.0,9115.0,32.687711534048596,10.0
7938.0,8558.0,32.86738555650231,9.0
7503.0,9385.0,32.941883240374025,11.0
8650.0,9040.0,33.02622663724427,13.0
8563.0,9369.0,33.038381007267375,21.0
7838.0,8241.0,33.09028089115928,4.0
8877.0,8892.0,33.09704111153291,7.0
8734.0,9201.0,33.12703164949447,11.0
8720.0,9108.0,33.17179911161871,16.0
8519.0,9006.0,33.179083122443465,7.0
8190.0,9139.0,33.2016924398676,15.0
8942.0,9005.0,33.237200266982974,13.0
7481.0,9002.0,33.33157953643265,4.0
9180.0,9196.0,33.37986004230797,14.0
8654.0,8868.0,33.38736606054009,21.0
8175.0,8775.0,33.39438530158249,11.0
8848.0,9383.0,33.4035836989626,13.0
8960.0,8963.0,33.485528274823004,16.0
8800.0,9346.0,33.53564597579809,22.0
9100.0,9429.0,33.59387169427007,11.0
8707.0,9314.0,33.6962702799413,26.0
8663.0,8725.0,33.720294781704446,6.0
9084.0,9331.0,33.79606575096249,10.0
8726.0,8930.0,33.83596615255269,10.0
9098.0,9131.0,33.88082098751884,20.0
9172.0,9403.0,33.88593203920968,21.0
8879.0,8965.0,33.92742913374414,12.0
7566.0,9205.0,34.06985158737172,23.0
8034.0,8835.0,34.11372814188349,12.0
9185.0,9260.0,34.13494350630584,27.0
8614.0,9140.0,34.27532426612103,22.0
7790.0,8813.0,34.29482563662225,8.0
8987.0,9117.0,34.30947494832192,11.0
8789.0,9022.0,34.3333742367801,19.0
8290.0,8927.0,34.41619439984849,9.0
5107.0,8084.0,34.44348538351945,7.0
8902.0,9067.0,34.50975351603863,10.0
7599.0,8552.0,34.51668706548784,11.0
8666.0,9154.0,34.533817250356485,17.0
8849.0,9104.0,34.66265039311152,11.0
8407.0,8798.0,34.699675705079166,10.0
8265.0,8494.0,34.70036525535872,11.0
8823.0,9016.0,34.72687154114211,23.0
8240.0,8670.0,34.818696829302546,16.0
8926.0,9275.0,34.962943004736715,12.0
9265.0,9309.0,34.98795438937611,29.0
8955.0,9407.0,35.00829634771712,30.0
8622.0,9302.0,35.015056172089864,24.0
8790.0,9269.0,35.140728031652536,18.0
8446.0,9362.0,35.18480419866055,35.0
8566.0,8624.0,35.194938023589174,24.0
9043.0,9284.0,35.229236125476035,30.0
8374.0,9387.0,35.23655958072506,33.0
9186.0,9398.0,35.25762468124769,32.0
8213.0,9522.0,35.27565622068192,34.0
8478.0,9259.0,35.28496811518748,25.0
8825.0,9191.0,35.35207579226849,13.0
8242.0,9167.0,35.3830607874768,11.0
8890.0,9110.0,35.49112646651498,21.0
8850.0,9345.0,35.51765334470872,15.0
9367.0,9482.0,35.52871400054611,7.0
8913.0,9029.0,35.53616924498079,25.0
8352.0,8588.0,35.54998257744497,9.0
9012.0,9036.0,35.57964881538446,23.0
8943.0,9291.0,35.71917671598754,15.0
8517.0,9019.0,35.74069382442984,18.0
9072.0,9087.0,35.778348792464804,7.0
8905.0,9128.0,35.962295867280254,17.0
9163.0,9279.0,35.97139938301106,8.0
9083.0,9301.0,35.97228590933811,28.0
8760.0,9436.0,35.97580094932607,13.0
9134.0,9390.0,36.005672939348806,21.0
9091.0,9434.0,36.0097186159969,20.0
8759.0,9423.0,36.017051985155355,27.0
8842.0,8887.0,36.0554362070833,15.0
8888.0,9363.0,36.061280642463146,14.0
8921.0,9183.0,36.08754736916325,19.0
8618.0,9334.0,36.0952178796874,25.0
8999.0,9234.0,36.25322521662202,13.0
9166.0,9352.0,36.256167703848156,12.0
8969.0,9294.0,36.266925624792556,12.0
7578.0,9000.0,36.36600885700955,12.0
8583.0,9253.0,36.45839988397294,14.0
8917.0,8924.0,36.469175905557314,20.0
8472.0,8788.0,36.47480212689185,10.0
9074.0,9460.0,36.48058103824313,25.0
7330.0,9509.0,36.52110129012934,15.0
8742.0,9447.0,36.614867645245305,30.0
7660.0,9199.0,36.62327343584075,9.0
8036.0,9182.0,36.64901585441744,22.0
9053.0,9137.0,36.6641826073142,16.0
9124.0,9212.0,36.8595898482803,28.0
9099.0,9227.0,36.866095197207315,11.0
9203.0,9409.0,36.982951013330094,24.0
9070.0,9556.0,37.13582822711919,16.0
8833.0,9486.0,37.17656508309261,11.0
8702.0,9357.0,37.222312797247184,23.0
7080.0,9148.0,37.33385149131834,10.0
8815.0,9071.0,37.37851785387367,29.0
9160.0,9432.0,37.45553760572254,20.0
8793.0,9348.0,37.50098932557835,24.0
9151.0,9305.0,37.507104271415926,31.0
8953.0,9240.0,37.50882056953741,7.0
9255.0,9379.0,37.51116128541413,19.0
7529.0,8469.0,37.56323817938779,16.0
9156.0,9215.0,37.568641181841855,21.0
8860.0,9256.0,37.77761892461162,16.0
8308.0,9396.0,37.7862246794867,24.0
9035.0,9155.0,37.8575240743153,29.0
8748.0,9501.0,37.905790954819864,26.0
8718.0,8874.0,37.91008844080736,9.0
8797.0,8959.0,37.95421365970157,31.0
8698.0,9142.0,38.02828972664257,9.0
9096.0,9258.0,38.07110987533644,10.0
8447.0,9412.0,38.138115826019856,15.0
8040.0,9442.0,38.15744713991967,28.0
8786.0,9339.0,38.28629195131673,17.0
6659.0,9388.0,38.298291203227855,18.0
8750.0,9231.0,38.3079150004128,11.0
8862.0,9224.0,38.436240962589,5.0
9021.0,9214.0,38.45019865770447,22.0
8639.0,9121.0,38.45247267592555,27.0
8685.0,9232.0,38.45984555494103,9.0
8114.0,9273.0,38.55853958476999,12.0
9467.0,9539.0,38.59593053161384,31.0
9410.0,9411.0,38.61429593798602,27.0
9261.0,9322.0,38.66115988316853,8.0
8727.0,9220.0,38.706510313014874,27.0
9125.0,9130.0,38.725725364263106,20.0
9034.0,9491.0,38.842349497367366,26.0
8491.0,9264.0,38.947966447571325,8.0
9315.0,9319.0,39.03280775988118,38.0
8792.0,9207.0,39.12572953680703,36.0
9351.0,9552.0,39.16751358714867,27.0
9246.0,9508.0,39.184197319534846,17.0
8936.0,9478.0,39.20264199639114,13.0
9464.0,9499.0,39.38361827461845,16.0
8993.0,9107.0,39.44522830639019,21.0
9093.0,9400.0,39.54386453118759,24.0
9076.0,9599.0,39.7923598933841,13.0
9105.0,9476.0,39.79310207612085,26.0
8853.0,9408.0,39.83026225479301,29.0
8545.0,9175.0,39.848141262499475,11.0
8952.0,9535.0,39.86376012375042,24.0
9194.0,9250.0,39.89235966876586,11.0
8950.0,9303.0,39.952399267367134,29.0
9177.0,9320.0,40.110571513177604,23.0
9295.0,9574.0,40.198868826827216,20.0
8551.0,9421.0,40.20284750949616,12.0
9298.0,9588.0,40.22001047507127,39.0
8958.0,9219.0,40.71598428006795,18.0
8541.0,8808.0,40.919848139765804,10.0
8875.0,9251.0,41.154295300144184,35.0
8796.0,8934.0,41.16188212541574,26.0
8966.0,9281.0,41.178918031393486,8.0
9270.0,9469.0,41.19376386846182,28.0
8859.0,9011.0,41.221648622380286,11.0
8546.0,9551.0,41.34697323164628,25.0
9229.0,9376.0,41.541799358270254,22.0
8577.0,9377.0,41.59950651374021,18.0
9268.0,9420.0,41.68498408779239,26.0
8940.0,9572.0,41.77885703903545,18.0
9241.0,9511.0,41.78012791599497,26.0
9020.0,9136.0,41.96222758951357,8.0
9052.0,9333.0,42.05607194153012,19.0
9190.0,9473.0,42.079309294324155,40.0
9112.0,9146.0,42.14891950709991,25.0
9049.0,9324.0,42.20450021818609,15.0
9200.0,9446.0,42.24895365283235,19.0
8573.0,9365.0,42.30394745273176,23.0
8906.0,9542.0,42.30777893267864,22.0
9197.0,9344.0,42.31306766406598,17.0
8989.0,9571.0,42.33755280347149,20.0
9009.0,9518.0,42.4656867223314,19.0
9366.0,9373.0,42.553496168194535,29.0
8994.0,9285.0,42.632709292339044,8.0
9329.0,9487.0,42.78673692250799,23.0
9033.0,9292.0,42.79633785882335,12.0
8928.0,9568.0,42.870140794732265,33.0
8854.0,9289.0,42.87113540983276,15.0
8728.0,9481.0,42.88422661709443,35.0
9127.0,9288.0,42.95121035473358,28.0
9138.0,9272.0,43.038578279907206,33.0
9086.0,9106.0,43.060599893261696,11.0
9038.0,9458.0,43.18784417238468,37.0
9065.0,9233.0,43.405718037844075,14.0
8355.0,9586.0,43.42956014573985,31.0
9066.0,9355.0,43.43547073760879,32.0
8263.0,9639.0,43.45850760605882,30.0
9181.0,9313.0,43.46014822988869,10.0
8903.0,9153.0,43.48497643149813,8.0
9337.0,9500.0,43.557149292941965,15.0
9243.0,9435.0,43.567935973198985,19.0
8916.0,9603.0,43.67423229561428,17.0
9382.0,9569.0,43.791110320235475,21.0
9081.0,9297.0,44.00493345441208,19.0
9520.0,9580.0,44.01133878651554,35.0
9187.0,9470.0,44.055620658997164,15.0
9449.0,9608.0,44.08254281430565,49.0
7701.0,9492.0,44.083417961469046,14.0
8866.0,9439.0,44.16096334837081,20.0
9350.0,9510.0,44.18110609898189,39.0
9287.0,9641.0,44.29453544853048,29.0
8799.0,9615.0,44.335278587650194,36.0
9018.0,9328.0,44.489224229199664,13.0
9222.0,9402.0,44.578837553359485,11.0
9237.0,9318.0,44.68180863458659,12.0
9361.0,9417.0,44.81881979599605,14.0
9280.0,9296.0,44.883069591619154,27.0
9056.0,9158.0,45.02116230810562,11.0
9238.0,9307.0,45.02162551945053,22.0
8885.0,9651.0,45.09216313132175,35.0
9165.0,9528.0,45.1977072214451,36.0
9393.0,9596.0,45.3752273069672,15.0
9512.0,9627.0,45.41408380986971,25.0
9195.0,9507.0,45.49467722768827,40.0
9007.0,9293.0,45.67732089732284,17.0
9102.0,9244.0,45.818142230850775,24.0
9245.0,9560.0,45.827547500227084,39.0
9169.0,9573.0,45.86836813644075,27.0
9217.0,9605.0,45.897440581351084,25.0
9394.0,9431.0,45.931588144638816,32.0
9480.0,9585.0,46.009115250337366,42.0
9221.0,9384.0,46.08029360005897,21.0
9426.0,9489.0,46.08347420538071,11.0
9267.0,9584.0,46.2417733123622,31.0
8132.0,9459.0,46.32024312248484,29.0
9211.0,9570.0,46.32396762539941,30.0
9452.0,9516.0,46.701454402311285,20.0
8911.0,9544.0,46.798761525685286,30.0
9504.0,9623.0,46.84764705228921,46.0
8664.0,9404.0,46.91757575639741,13.0
9323.0,9327.0,46.95107487137167,15.0
9575.0,9636.0,46.991141552045356,47.0
9343.0,9557.0,47.03941294281453,18.0
8923.0,9336.0,47.042365111214686,12.0
9391.0,9472.0,47.13955612209309,33.0
9386.0,9541.0,47.17132361555621,32.0
9228.0,9399.0,47.47625403493888,19.0
9517.0,9602.0,47.48680225136221,37.0
9316.0,9360.0,47.70664952158711,27.0
8487.0,9242.0,47.83256071501252,29.0
9045.0,9283.0,47.878124695820524,23.0
8344.0,9646.0,48.163571077492605,32.0
8714.0,9416.0,48.22615079678411,27.0
9216.0,9704.0,48.296560345585064,39.0
9505.0,9565.0,48.359423811847826,21.0
8951.0,9540.0,48.54499489934093,30.0
8957.0,9451.0,48.641195021210734,13.0
8829.0,9600.0,48.8141354169377,15.0
9263.0,9667.0,48.81563511674379,12.0
8873.0,9700.0,48.85351486375183,27.0
9332.0,9453.0,49.080441777522644,18.0
9157.0,9330.0,49.42802852749067,14.0
9523.0,9589.0,49.49456825235732,39.0
9317.0,9427.0,49.5096990627889,13.0
9433.0,9687.0,49.62434201434143,28.0
9632.0,9643.0,49.74803610683451,53.0
8938.0,9536.0,49.76069921559013,28.0
8691.0,9073.0,49.7733391055855,16.0
9430.0,9624.0,49.83184523574724,30.0
9239.0,9629.0,49.864021661497404,43.0
9424.0,9622.0,49.86951210330334,32.0
9271.0,9418.0,49.94019703477023,45.0
9254.0,9579.0,50.137384507521936,13.0
9225.0,9381.0,50.25787673960825,23.0
9017.0,9274.0,50.5255376360185,13.0
9335.0,9594.0,50.61197638725291,24.0
9503.0,9530.0,50.756702119594046,44.0
9079.0,9582.0,50.760397362723054,27.0
9454.0,9513.0,50.98614362795719,17.0
9054.0,9666.0,51.01497330441326,14.0
9341.0,9358.0,51.15122220828578,33.0
9325.0,9657.0,51.19768556034885,47.0
8194.0,9577.0,51.221427776964376,33.0
8995.0,9587.0,51.36740713658845,16.0
9299.0,9462.0,51.37620429682182,26.0
9450.0,9713.0,51.41759662436655,43.0
9389.0,9475.0,51.498677991895484,21.0
9375.0,9648.0,51.63670045325943,33.0
9321.0,9562.0,51.88290987150124,43.0
9533.0,9617.0,51.98235576573818,39.0
9378.0,9597.0,51.99343530291219,28.0
9474.0,9583.0,52.00632857063594,32.0
9089.0,9689.0,52.14958860374081,41.0
9413.0,9498.0,52.278905785842305,15.0
9559.0,9593.0,52.39196856919925,31.0
9610.0,9640.0,52.70088544511079,35.0
9534.0,9553.0,52.919012477182314,30.0
9425.0,9614.0,52.93369937612696,37.0
9372.0,9441.0,53.03247761792023,14.0
9497.0,9747.0,53.24631226336069,43.0
9371.0,9652.0,53.2463236438352,18.0
9537.0,9607.0,53.76764189568913,15.0
9359.0,9466.0,53.7872297121941,28.0
9619.0,9681.0,53.89715343515589,24.0
9546.0,9693.0,54.30632551038506,45.0
9133.0,9625.0,54.360679377740766,24.0
9677.0,9694.0,54.58366700709156,44.0
9663.0,9720.0,54.610051401865256,63.0
9353.0,9370.0,54.74510950811444,31.0
9443.0,9515.0,54.83563794005739,31.0
9445.0,9468.0,54.89769128587505,16.0
9032.0,9647.0,55.1599022382175,38.0
9495.0,9739.0,55.20477532617908,54.0
9044.0,9463.0,55.40264441183651,21.0
9428.0,9514.0,55.514896068117885,19.0
9080.0,9735.0,55.51493916480422,34.0
9701.0,9746.0,56.261410387623854,38.0
9653.0,9719.0,56.54144076914912,46.0
9502.0,9604.0,56.832351259352514,48.0
9550.0,9712.0,56.83376545044326,39.0
9538.0,9628.0,57.09807591592888,35.0
9174.0,9612.0,57.17611035340087,26.0
9461.0,9644.0,57.18402292665374,19.0
9368.0,9590.0,57.256166674612984,25.0
9356.0,9618.0,57.44741053993309,39.0
9483.0,9484.0,57.77895579084794,18.0
9262.0,9761.0,58.73187676751527,51.0
9493.0,9755.0,59.18938050790603,34.0
9192.0,9691.0,59.208094989018626,35.0
9686.0,9724.0,59.42456988789894,41.0
9401.0,9697.0,59.56714806232834,36.0
9488.0,9766.0,59.91828729917446,50.0
9631.0,9733.0,59.93989122902225,36.0
9620.0,9748.0,60.12042905834796,38.0
9405.0,9485.0,60.33994119655524,23.0
9519.0,9555.0,60.380728525849555,36.0
9558.0,9668.0,60.396665385232126,27.0
9477.0,9549.0,60.577062915614114,30.0
9444.0,9673.0,60.6385071003889,53.0
9494.0,9711.0,60.66610705691638,34.0
9630.0,9718.0,60.77099126597953,55.0
9266.0,9676.0,61.791762552400776,25.0
9637.0,9742.0,62.104061656477754,49.0
9656.0,9679.0,62.383082628289564,44.0
9581.0,9725.0,62.458506368777,29.0
9440.0,9738.0,62.49263641899166,51.0
9638.0,9685.0,62.51426961270599,45.0
9749.0,9762.0,62.60790139669371,48.0
9591.0,9664.0,62.72096638140205,47.0
9437.0,9567.0,62.852473164758074,35.0
9662.0,9682.0,62.9277150756839,25.0
9633.0,9750.0,63.07823247443076,58.0
9592.0,9645.0,63.46588415651949,47.0
9342.0,9525.0,63.54367940591586,28.0
9561.0,9731.0,63.5641400663164,49.0
9527.0,9756.0,63.755630920294195,57.0
9354.0,9529.0,63.76387888712163,47.0
9455.0,9765.0,63.80046531265448,57.0
9308.0,9764.0,63.83242434522971,60.0
9654.0,9793.0,63.998165780450215,51.0
9465.0,9658.0,64.07430624259125,38.0
9456.0,9606.0,64.80372805531555,36.0
9595.0,9753.0,65.00605935502384,37.0
9526.0,9760.0,65.43980886782657,67.0
9406.0,9543.0,65.53648180083388,41.0
9438.0,9563.0,66.01897773705706,41.0
9714.0,9728.0,66.44265394333546,59.0
9161.0,9788.0,66.610411430923,58.0
9671.0,9706.0,66.78187005151523,51.0
9578.0,9810.0,66.87756032230237,56.0
9554.0,9621.0,66.9318900980279,36.0
9634.0,9650.0,67.1041600782033,44.0
9547.0,9665.0,67.26581282710993,43.0
9471.0,9699.0,67.2982859310449,53.0
9524.0,9709.0,67.36381446555257,39.0
9415.0,9820.0,67.52845614638856,66.0
9545.0,9768.0,67.54583652004574,51.0
9635.0,9763.0,67.92333533732192,53.0
9698.0,9819.0,68.34693497963976,57.0
9730.0,9841.0,68.83978775823822,57.0
9721.0,9791.0,69.1784765326706,46.0
9506.0,9670.0,69.33234787865749,44.0
9422.0,9743.0,69.50814398321113,35.0
9548.0,9674.0,69.51134358275006,36.0
9723.0,9780.0,69.59837296698123,59.0
9419.0,9692.0,69.8196919695322,60.0
9159.0,9660.0,70.07662650135227,38.0
9531.0,9683.0,70.3985210739821,46.0
9521.0,9792.0,70.78054915856492,37.0
9496.0,9758.0,70.93572842244546,50.0
9611.0,9740.0,71.2595300321454,62.0
9703.0,9769.0,71.4261320381051,47.0
9715.0,9785.0,71.7370274595161,57.0
9564.0,9849.0,72.23162091529623,76.0
9374.0,9844.0,72.72235788206861,77.0
9479.0,9850.0,72.83851475320108,55.0
9708.0,9840.0,72.85183448506619,57.0
9741.0,9827.0,72.89388797501442,73.0
9757.0,9783.0,73.4068633232069,62.0
9457.0,9835.0,73.64643696208088,70.0
9767.0,9807.0,73.98674081683151,67.0
9598.0,9690.0,75.05886067235913,42.0
9702.0,9806.0,75.6270158400737,61.0
9661.0,9759.0,75.78928642401803,65.0
9566.0,9829.0,76.07443232346398,60.0
9616.0,9817.0,76.2335153085713,60.0
9710.0,9799.0,76.73802641017228,83.0
9727.0,9832.0,76.7631668195358,79.0
9659.0,9736.0,76.76778293005194,49.0
9448.0,9779.0,77.29533938330877,39.0
9669.0,9778.0,77.36087750716078,50.0
9613.0,9781.0,77.69806377718803,70.0
9678.0,9726.0,78.5140168053765,54.0
9717.0,9798.0,78.97414991914253,68.0
9784.0,9815.0,79.75813292673644,79.0
9655.0,9688.0,79.81498507542302,68.0
9752.0,9856.0,79.88505429321917,62.0
9304.0,9826.0,80.20290109274833,67.0
9782.0,9828.0,80.25185996281195,72.0
9814.0,9833.0,81.09294729580756,92.0
9609.0,9774.0,81.58360323300823,60.0
9490.0,9576.0,82.09732625753995,34.0
9804.0,9822.0,82.74584022741867,64.0
9831.0,9870.0,83.06048996024148,79.0
9684.0,9794.0,83.0882142302511,32.0
9675.0,9777.0,83.9001276721982,80.0
9397.0,9773.0,84.42650767826977,74.0
9696.0,9744.0,85.17916803905415,51.0
9680.0,9803.0,85.3103933802108,59.0
9790.0,9830.0,86.19005289920084,62.0
9770.0,9797.0,86.43171637415256,50.0
9705.0,9800.0,86.68547325291455,70.0
9805.0,9811.0,86.9381626985735,76.0
9532.0,9862.0,87.1237441902055,101.0
9772.0,9813.0,87.29672870844536,53.0
9732.0,9795.0,87.71980801434151,64.0
9601.0,9801.0,88.77356126194452,67.0
9796.0,9808.0,89.55384265645154,68.0
9859.0,9878.0,89.80727144145096,101.0
9825.0,9843.0,92.091948174859,86.0
9729.0,9839.0,92.96876174020736,54.0
9745.0,9802.0,93.82676664473166,82.0
9707.0,9858.0,94.32935929468448,96.0
9649.0,9751.0,95.25658835402346,53.0
9771.0,9865.0,95.65821221760417,85.0
9672.0,9906.0,96.79711673633427,87.0
9626.0,9842.0,100.09457612244525,92.0
9775.0,9861.0,100.44222780530986,101.0
9737.0,9881.0,100.85595936306788,84.0
9722.0,9837.0,101.06281001840102,90.0
9834.0,9848.0,101.69836191645473,98.0
9851.0,9912.0,101.71979090257705,88.0
9876.0,9877.0,102.02034628129464,128.0
9821.0,9873.0,103.00292984192791,107.0
9838.0,9857.0,103.59374840349383,93.0
9695.0,9845.0,104.00211262838104,90.0
9786.0,9789.0,104.02390586001385,81.0
9716.0,9893.0,106.1524429846133,69.0
9642.0,9754.0,106.43712877398944,83.0
9869.0,9890.0,106.75756067984476,101.0
9818.0,9908.0,107.5189836040566,121.0
9823.0,9903.0,108.99866617889087,102.0
9812.0,9891.0,109.81909854537737,108.0
9809.0,9899.0,116.00538420783656,105.0
9734.0,9847.0,119.67877273869023,110.0
9787.0,9860.0,121.3633642779402,95.0
9824.0,9882.0,124.13341529616866,125.0
9816.0,9879.0,124.51832266571358,98.0
9776.0,9852.0,126.81935155411412,99.0
9855.0,9921.0,128.10026507333694,166.0
9864.0,9875.0,130.76206874878633,138.0
9836.0,9885.0,132.9139615146731,120.0
9867.0,9925.0,133.62841327150713,143.0
9854.0,9895.0,139.3632187882837,134.0
9853.0,9901.0,141.55352208368822,135.0
9872.0,9914.0,148.54687924529443,152.0
9883.0,9887.0,158.467755289106,151.0
9846.0,9880.0,160.01630471844314,123.0
9868.0,9892.0,162.57105903769894,149.0
9884.0,9897.0,162.9397698845936,127.0
9889.0,9915.0,164.72968892712194,152.0
9904.0,9924.0,164.9728481386858,154.0
9886.0,9920.0,166.50211501567065,155.0
9874.0,9937.0,167.8373600065642,159.0
9871.0,9926.0,169.71224485729473,130.0
9896.0,9923.0,174.94181458753312,144.0
9900.0,9940.0,177.73585588157835,190.0
9902.0,9909.0,178.76056338712135,155.0
9905.0,9917.0,181.6916983188632,151.0
9866.0,9910.0,187.67473756736325,155.0
9928.0,9934.0,199.79408645039908,196.0
9931.0,9936.0,204.25747028865536,206.0
9918.0,9946.0,206.67897983430208,213.0
9888.0,9933.0,207.42635321927398,202.0
9863.0,9955.0,208.11472199947627,267.0
9913.0,9922.0,209.19583251477025,192.0
9911.0,9935.0,216.27815653929167,221.0
9894.0,9952.0,245.91862331087063,239.0
9919.0,9927.0,249.75276594944364,181.0
9898.0,9959.0,257.6995222820105,258.0
9907.0,9944.0,261.58772901246647,253.0
9932.0,9953.0,265.50253767288274,235.0
9957.0,9960.0,294.1104521882838,357.0
9916.0,9948.0,294.48555553953304,228.0
9929.0,9941.0,307.986082562782,264.0
9930.0,9949.0,323.55941677013743,254.0
9938.0,9972.0,325.7375343824369,394.0
9939.0,9956.0,327.14538484946917,293.0
9942.0,9970.0,340.3001698797566,369.0
9943.0,9969.0,342.04415330678137,388.0
9954.0,9962.0,344.5124138162125,346.0
9950.0,9968.0,365.70306621132045,412.0
9947.0,9961.0,439.9873774088097,362.0
9951.0,9965.0,451.5683640076445,376.0
9945.0,9964.0,456.7253970072542,343.0
9974.0,9976.0,475.1495133433668,547.0
9966.0,9967.0,543.6180289303201,420.0
9963.0,9973.0,574.617716663791,531.0
9958.0,9975.0,591.7277141561442,549.0
9979.0,9983.0,771.9107100399964,689.0
9980.0,9981.0,832.2916699390488,774.0
9978.0,9985.0,870.5914397092262,808.0
9977.0,9986.0,883.3787933136772,900.0
9982.0,9988.0,1056.0005159043715,1065.0
9984.0,9990.0,1240.191421918023,1355.0
9971.0,9991.0,1411.9948560797848,1257.0
9987.0,9992.0,1588.4068656760605,1614.0
9989.0,9994.0,2475.3884653467067,2031.0
9993.0,9995.0,3438.242277632386,2969.0
9996.0,9997.0,4274.1523065497895,5000.0
