y_true,y_pred,proba
0,0,0.0011849536
1,1,0.99765235
0,0,0.00084395456
0,0,0.00089601765
1,1,0.9979752
0,0,0.00082023063
0,0,0.0008395487
0,0,0.0011131486
1,1,0.99923563
0,0,0.00082069973
0,0,0.0008186806
1,1,0.9992274
0,0,0.0008552346
1,1,0.9976527
1,1,0.99897444
1,1,0.9985032
1,1,0.9984718
0,0,0.00084648345
0,0,0.00073895406
1,1,0.998781
1,1,0.9990357
1,1,0.99914944
0,0,0.000915667
0,0,0.00085189263
0,0,0.00083043944
0,0,0.00084391504
0,0,0.00081667735
1,1,0.9986381
1,1,0.9980913
1,1,0.9985812
1,1,0.99800426
0,0,0.00082978525
1,1,0.9980551
0,0,0.00085039955
1,1,0.99864703
1,1,0.9983773
0,0,0.00085651746
0,0,0.0008578194
0,0,0.0008305447
1,1,0.9976363
1,1,0.9991793
0,0,0.0009265195
1,1,0.99816847
0,0,0.0008365207
1,1,0.99836
0,0,0.0007130777
1,1,0.9991122
0,0,0.0008387507
1,1,0.9980241
0,0,0.0008714416
0,0,0.0008514317
0,0,0.0008959289
0,0,0.0009854992
0,0,0.00074221886
0,0,0.0011085749
1,1,0.99770314
1,1,0.9979504
0,0,0.000713625
0,0,0.0008447261
0,0,0.00086519413
1,1,0.9987245
1,1,0.99773186
0,0,0.0008548199
0,0,0.00086003396
1,1,0.9994282
0,0,0.00073961
1,1,0.9985391
1,1,0.99829906
0,0,0.0008221
1,1,0.9981669
0,0,0.0008477467
1,1,0.9984682
0,0,0.0008994349
1,1,0.9985556
1,1,0.99803835
0,0,0.0008988317
0,0,0.00083987514
0,0,0.00075511914
0,0,0.0008463914
0,0,0.0010796501
1,1,0.9975259
1,1,0.9982809
1,1,0.9980159
0,0,0.0008769935
1,1,0.999363
1,1,0.9979759
1,1,0.9982823
0,0,0.00084268244
0,0,0.0013160338
1,1,0.9980983
1,1,0.9983347
1,1,0.99902403
0,0,0.0007673801
1,1,0.9986864
1,1,0.99870694
0,0,0.0008472387
0,0,0.0008282251
1,1,0.99843556
0,0,0.00082650245
0,0,0.00086035364
1,1,0.99839133
1,1,0.9986506
0,0,0.0008423156
1,1,0.9981699
0,0,0.00083070213
0,0,0.0008544453
1,1,0.99819356
1,1,0.997874
0,0,0.00086011185
1,1,0.99935406
0,0,0.0008430937
1,1,0.99864024
0,0,0.00059738004
0,0,0.0008197305
0,0,0.00081052864
1,1,0.9985102
1,1,0.99806577
1,1,0.9989472
0,0,0.00080464093
0,0,0.00083860283
1,1,0.99894994
1,1,0.9986105
1,1,0.9984604
0,0,0.0008422249
0,0,0.0008114568
0,0,0.0008469998
1,1,0.9979578
1,1,0.99813724
1,1,0.9984749
1,1,0.99827313
1,1,0.99879396
1,1,0.99790466
1,1,0.997872
0,0,0.0008299735
1,1,0.9987587
0,0,0.0008259357
0,0,0.00084924407
1,1,0.99898905
1,1,0.99776125
1,1,0.9973115
0,0,0.0010015278
0,0,0.00084665685
1,1,0.9984901
1,1,0.9982048
1,1,0.9982747
0,0,0.00085246505
1,1,0.9991837
1,1,0.99822396
1,1,0.99824214
0,0,0.0008297987
1,1,0.9992231
1,1,0.99824893
1,1,0.99865544
0,0,0.00085920346
0,0,0.0008499783
1,1,0.9989133
0,0,0.00083880743
1,1,0.99754554
0,0,0.00082960026
0,0,0.0008736373
1,1,0.9981688
1,1,0.9976642
1,1,0.9988649
0,0,0.00082139054
1,1,0.9986327
1,1,0.9990017
1,1,0.9989498
1,1,0.9975212
1,1,0.9975309
1,1,0.99789643
1,1,0.998664
1,1,0.99861574
0,0,0.000828833
1,1,0.9993641
0,0,0.00085067673
1,1,0.99869245
1,1,0.9993443
1,1,0.9988391
0,0,0.00083990477
0,0,0.0008457844
0,0,0.0008316391
0,0,0.0006591229
1,1,0.9989484
0,0,0.0010487121
0,0,0.0006902809
1,1,0.9984738
1,1,0.99871814
0,0,0.0011656443
0,0,0.0008513716
0,0,0.00084677787
1,1,0.99771595
1,1,0.999332
0,0,0.0008207959
0,0,0.00083839754
1,1,0.9994112
0,0,0.00085000176
1,1,0.9978886
0,0,0.00085739605
1,1,0.9992099
1,1,0.9990558
1,1,0.9984359
1,1,0.9974131
0,0,0.0008446665
1,1,0.9990404
0,0,0.0008229864
0,0,0.0008235379
1,1,0.9989531
1,1,0.9981692
0,0,0.00061558746
1,1,0.9989267
1,1,0.9979079
0,0,0.0008438186
1,1,0.9986652
1,1,0.99893814
1,1,0.9989778
1,1,0.9986173
1,1,0.9987295
1,1,0.9987472
1,1,0.99794954
0,0,0.00084038434
1,1,0.99761367
1,1,0.9983322
1,1,0.9991429
1,1,0.99791664
0,0,0.0008335336
1,1,0.9978758
0,0,0.00080042717
0,0,0.0010229972
1,1,0.997973
0,0,0.0015422873
0,0,0.0008185597
0,0,0.0008169568
1,1,0.9991635
1,1,0.99852604
1,1,0.9992003
1,1,0.9984805
1,1,0.99781185
0,0,0.0008396287
0,0,0.0008555712
0,0,0.0008544958
1,1,0.99826413
1,1,0.99766266
1,1,0.9990779
0,0,0.0006432974
0,0,0.0008489406
0,0,0.0008201306
0,0,0.00084390305
0,0,0.0008099735
1,1,0.9986272
0,0,0.0008266459
0,0,0.00082231
1,1,0.99908984
1,1,0.99859864
0,0,0.00073879206
1,1,0.9987178
1,1,0.9980506
0,0,0.0008796708
1,1,0.9985669
0,0,0.0008422313
0,0,0.00083977595
1,1,0.99888235
1,1,0.9987369
1,1,0.99772257
1,1,0.9990428
0,0,0.000845819
0,0,0.000792367
1,1,0.9985734
1,1,0.99896955
1,1,0.99792576
0,0,0.0008466843
1,1,0.99928147
0,0,0.0008520891
1,1,0.99941397
1,1,0.9987418
1,1,0.9986866
1,1,0.9986035
0,0,0.0008294698
1,1,0.9984394
1,1,0.9990288
1,1,0.9984382
1,1,0.99811757
0,0,0.0010443759
1,1,0.99852175
1,1,0.9976585
0,0,0.0007155099
1,1,0.9990426
1,1,0.99760336
1,1,0.9987205
0,0,0.00085368933
1,1,0.99837875
1,1,0.9984139
1,1,0.99900573
0,0,0.00084506575
0,0,0.00063819403
0,0,0.0008610828
0,0,0.0014267409
1,1,0.9977888
1,1,0.999271
0,0,0.0008860666
0,0,0.00079649425
0,0,0.00085200224
1,1,0.99925417
0,0,0.0013378144
0,0,0.00091294205
1,1,0.99825305
1,1,0.99918026
0,0,0.0008277699
1,1,0.9993548
1,1,0.9994221
1,1,0.9978573
0,0,0.0011316723
1,1,0.99924386
0,0,0.0008313056
1,1,0.99928504
1,1,0.99834037
0,0,0.00082581677
1,1,0.99813473
1,1,0.9987205
1,1,0.99924505
0,0,0.0008206802
1,1,0.99755824
0,0,0.0008710191
0,0,0.0008264679
1,1,0.99914455
1,1,0.99754936
1,1,0.9977295
0,0,0.00082560204
1,1,0.99880207
0,0,0.0008393503
1,1,0.99823546
1,1,0.9985839
1,1,0.998889
1,1,0.9980677
0,0,0.0013755288
0,0,0.00078656146
1,1,0.9983016
1,1,0.99923515
0,0,0.00085523294
0,0,0.0008625839
0,0,0.0007404485
0,0,0.000826097
0,0,0.00084839796
1,1,0.9980585
0,0,0.0008431724
1,1,0.9986877
1,1,0.9980895
1,1,0.99871886
1,1,0.99930704
1,1,0.99864525
1,1,0.99897003
0,0,0.0008436152
1,1,0.99900836
0,0,0.0008379295
0,0,0.00085988565
1,1,0.99828124
1,1,0.99886227
0,0,0.00084916956
1,1,0.99855405
1,1,0.99858046
1,1,0.9982287
0,0,0.0008724901
1,1,0.9979705
0,0,0.00072240323
1,1,0.9989735
0,0,0.0008285432
1,1,0.99862933
0,0,0.0009878456
1,1,0.9985696
0,0,0.0008543199
0,0,0.00084230595
0,0,0.00082623324
1,1,0.99856156
1,1,0.99806696
1,1,0.9987821
1,1,0.99891734
1,1,0.9976985
1,1,0.9988864
1,1,0.9981988
1,1,0.9985688
0,0,0.00085867714
1,1,0.9988262
0,0,0.0006785037
1,1,0.99847156
1,1,0.99759537
1,1,0.99870896
0,0,0.0006850688
0,0,0.00088302145
1,1,0.99931026
1,1,0.99867
1,1,0.99779224
1,1,0.9976107
1,1,0.99896026
0,0,0.00084201386
1,1,0.99819213
0,0,0.0008449274
1,1,0.9986534
1,1,0.999022
1,1,0.998059
1,1,0.99821067
1,1,0.9983286
1,1,0.9986738
1,1,0.99778193
1,1,0.9979715
1,1,0.9985551
1,1,0.9988458
1,1,0.9987105
1,1,0.9984861
0,0,0.001346018
1,1,0.9976178
0,0,0.0010258851
0,0,0.001475218
1,1,0.99808586
0,0,0.0008425885
1,1,0.99866915
1,1,0.9988166
1,1,0.998123
1,1,0.99748874
1,1,0.9989183
1,1,0.998242
1,1,0.9983537
1,1,0.99850523
0,0,0.00072257605
1,1,0.99767154
1,1,0.997875
1,1,0.9990283
1,1,0.9990964
1,1,0.9979311
0,0,0.00081878906
1,1,0.9984843
0,0,0.0010905192
1,1,0.99876887
0,0,0.0012847497
1,1,0.998247
0,0,0.0008546016
1,1,0.99860555
1,1,0.9982657
0,0,0.00078649935
1,1,0.99918824
1,1,0.99891996
0,0,0.0010121347
1,1,0.9983222
0,0,0.00085495185
1,1,0.99833786
1,1,0.9987055
1,1,0.9985672
0,0,0.0008448991
1,1,0.99843305
1,1,0.9977452
1,1,0.99786454
0,0,0.00081713044
0,0,0.0007333705
0,0,0.0009855283
1,1,0.9985139
0,0,0.0008425628
1,1,0.9984024
1,1,0.9980895
1,1,0.9985764
0,0,0.0008407848
1,1,0.9979804
0,0,0.0010385944
0,0,0.0009653944
0,0,0.00083480706
1,1,0.9985201
0,0,0.00081201294
1,1,0.9992543
0,0,0.0008502043
0,0,0.0008678048
0,0,0.0008122041
0,0,0.0008347219
1,1,0.9979522
1,1,0.99877626
0,0,0.0011437649
1,1,0.9993067
1,1,0.999423
0,0,0.0007532577
1,1,0.99874014
0,0,0.0012159443
1,1,0.9986645
0,0,0.00083701016
1,1,0.9987883
1,1,0.998109
1,1,0.99925786
1,1,0.9979196
0,0,0.0008552542
1,1,0.9982913
1,1,0.9987785
0,0,0.00084379606
1,1,0.99871504
1,1,0.9979977
1,1,0.9981097
1,1,0.9990682
1,1,0.9991635
0,0,0.00083823455
0,0,0.000854385
1,1,0.9987897
0,0,0.0008436674
0,0,0.00085061917
0,0,0.00087216677
0,0,0.00088486343
1,1,0.9986884
1,1,0.9974148
0,0,0.0008198048
0,0,0.00084092584
0,0,0.0010844588
1,1,0.99939275
1,1,0.9988337
0,0,0.001132454
1,1,0.9983747
1,1,0.99694926
1,1,0.998403
0,0,0.0018304957
0,0,0.00082608516
0,0,0.0008280097
1,1,0.9985648
0,0,0.00093240855
1,1,0.99813676
0,0,0.00082102587
1,1,0.99809915
1,1,0.9988166
1,1,0.99934524
1,1,0.9982691
0,0,0.0011149516
1,1,0.99870014
1,1,0.9981212
1,1,0.9987984
0,0,0.00083974074
1,1,0.99893314
0,0,0.0008181371
0,0,0.00085367874
0,0,0.0008757293
1,1,0.99774003
0,0,0.0015034884
0,0,0.0008552558
0,0,0.00082097814
1,1,0.99842286
0,0,0.00085147226
1,1,0.9983215
0,0,0.00084910076
0,0,0.0011382445
1,1,0.9989643
0,0,0.00084720156
1,1,0.9989189
0,0,0.0008348142
0,0,0.0006196201
0,0,0.0008796154
1,1,0.9976769
0,0,0.001662625
1,1,0.9989219
0,0,0.00083596207
0,0,0.0008402386
0,0,0.00091598026
1,1,0.9976974
0,0,0.0016423918
1,1,0.9985328
1,1,0.9992849
0,0,0.0008605398
1,1,0.9978498
1,1,0.99889684
0,0,0.00083766447
0,0,0.0008045389
1,1,0.9991007
0,0,0.0015575814
0,0,0.0008631767
0,0,0.0008778496
1,1,0.9987362
1,1,0.99831283
0,0,0.0007531207
0,0,0.00080773985
0,0,0.00085105206
1,1,0.9982882
0,0,0.0006648774
1,1,0.9978745
1,1,0.99934596
0,0,0.00093883317
0,0,0.0008321687
1,1,0.9990398
0,0,0.000803477
1,1,0.9983442
1,1,0.9987967
1,1,0.99898607
1,1,0.9988393
1,1,0.99803704
0,0,0.001083803
1,1,0.99814177
0,0,0.0008350879
1,1,0.99879515
0,0,0.0008349685
1,1,0.9988606
1,1,0.9982645
1,1,0.9982457
1,1,0.9987581
1,1,0.99891245
1,1,0.9979506
0,0,0.00083910965
1,1,0.99879587
1,1,0.99865985
1,1,0.9983132
0,0,0.0017498136
1,1,0.99823135
0,0,0.00084721606
0,0,0.00087979814
1,1,0.999005
0,0,0.00084752776
1,1,0.99872917
1,1,0.9993223
1,1,0.9980642
0,0,0.0008206919
1,1,0.9983038
1,1,0.9990792
1,1,0.99841714
1,1,0.9992649
1,1,0.9981997
1,1,0.9992994
0,0,0.00081985246
1,1,0.9982003
1,1,0.9983183
1,1,0.99880505
1,1,0.99876773
1,1,0.9987669
1,1,0.9992551
1,1,0.9980591
0,0,0.0008579738
1,1,0.9990921
0,0,0.00076890195
1,1,0.99827135
1,1,0.99923503
1,1,0.9993511
1,1,0.9991654
1,1,0.9985049
1,1,0.9991418
0,0,0.00083685305
0,0,0.00087345345
0,0,0.0008772501
1,1,0.99898213
0,0,0.0008142096
0,0,0.0010227029
1,1,0.99795413
1,1,0.9990588
1,1,0.99869955
1,1,0.99751544
0,0,0.0007961937
1,1,0.99834037
0,0,0.0008485459
1,1,0.99742293
0,0,0.0008733618
1,1,0.99823916
0,0,0.0008647688
0,0,0.00092988275
1,1,0.9991679
0,0,0.00082277315
0,0,0.0008589366
1,1,0.99779046
0,0,0.00082740234
0,0,0.0013583914
0,0,0.0008545984
1,1,0.9981014
1,1,0.99863714
1,1,0.9988531
1,1,0.9971424
1,1,0.9988417
0,0,0.0008339785
0,0,0.0014114535
0,0,0.0008291498
0,0,0.00085839326
1,1,0.99897563
0,0,0.00086528977
0,0,0.0007516222
0,0,0.00083341135
1,1,0.99759763
1,1,0.9990619
1,1,0.9987514
0,0,0.0008983069
0,0,0.0008419938
0,0,0.0008353824
0,0,0.0008546627
1,1,0.9989374
0,0,0.0010084377
1,1,0.9983103
1,1,0.9988782
1,1,0.99748456
0,0,0.00062897464
1,1,0.99773574
0,0,0.00086546957
1,1,0.99911743
1,1,0.99816626
0,0,0.00082121446
1,1,0.99931383
1,1,0.9989536
1,1,0.99848217
0,0,0.00083535287
1,1,0.9985362
1,1,0.9983284
1,1,0.9982761
1,1,0.9978517
1,1,0.9983835
0,0,0.0008552973
0,0,0.00084567966
0,0,0.0013132766
1,1,0.9990403
1,1,0.99786973
1,1,0.9984242
1,1,0.9984464
1,1,0.99798214
0,0,0.0008472896
0,0,0.0008600028
0,0,0.0008408585
1,1,0.9983132
1,1,0.9976088
0,0,0.0008417643
0,0,0.0008469393
1,1,0.9990608
1,1,0.99738854
1,1,0.99855345
1,1,0.9988172
1,1,0.9982168
1,1,0.9988217
1,1,0.99870706
1,1,0.9979767
1,1,0.99867874
1,1,0.99781066
1,1,0.9983621
0,0,0.0008271927
1,1,0.99762315
1,1,0.9987496
1,1,0.9991345
1,1,0.9983802
1,1,0.9979595
0,0,0.00085618615
1,1,0.9983664
0,0,0.0014566449
0,0,0.0008485791
1,1,0.99883765
1,1,0.9985246
0,0,0.0008614545
1,1,0.99846315
1,1,0.9986463
1,1,0.9986066
1,1,0.9988381
1,1,0.99775046
0,0,0.0008538609
1,1,0.9988601
1,1,0.9978568
0,0,0.00085247733
1,1,0.99851733
0,0,0.0008189982
1,1,0.998439
0,0,0.0008342544
1,1,0.99926406
1,1,0.9978071
0,0,0.00082966744
1,1,0.9985328
1,1,0.998735
0,0,0.00085801067
1,1,0.99847203
1,1,0.9990268
1,1,0.99831724
1,1,0.9981823
0,0,0.00085708074
1,1,0.9988606
0,0,0.00083335495
1,1,0.998741
1,1,0.9989066
1,1,0.998686
1,1,0.99817145
1,1,0.9985336
1,1,0.99835664
0,0,0.0008377547
1,1,0.99898416
0,0,0.00089813146
0,0,0.00083330093
1,1,0.9991357
0,0,0.0008732603
0,0,0.00084246404
1,1,0.9989851
1,1,0.99879044
1,1,0.9986092
0,0,0.0008566578
0,0,0.0008489422
0,0,0.0008944813
1,1,0.9985582
1,1,0.9986111
0,0,0.00082264614
0,0,0.00092768896
1,1,0.9982317
0,0,0.00085104967
1,1,0.99918896
1,1,0.9980064
1,1,0.9987643
0,0,0.0008386716
0,0,0.0006593233
1,1,0.9993486
0,0,0.00083638914
1,1,0.99889344
1,1,0.99766976
0,0,0.000850526
1,1,0.99770975
1,1,0.99906665
1,1,0.99878365
1,1,0.9976173
1,1,0.99796754
1,1,0.9985697
1,1,0.99770844
0,0,0.00085722696
0,0,0.00086422684
0,0,0.00084761984
1,1,0.9986852
1,1,0.9990283
0,0,0.0008537576
1,1,0.99833727
0,0,0.00081920583
1,1,0.9981096
1,1,0.9986356
0,0,0.0008001473
1,1,0.99877554
0,0,0.0008390552
1,1,0.99884063
0,0,0.0009008801
0,0,0.0010352564
1,1,0.99835914
0,0,0.0005583253
1,1,0.9984113
0,0,0.00082019466
1,1,0.99910164
0,0,0.0014123074
1,1,0.9992514
0,0,0.000705803
1,1,0.9982836
1,1,0.99875915
1,1,0.99804974
0,0,0.0008573503
1,1,0.9977198
1,1,0.99885786
0,0,0.00083314214
1,1,0.99859494
0,0,0.00081096677
0,0,0.0008315139
1,1,0.99842983
0,0,0.0008105078
0,0,0.0008283924
1,1,0.9988558
1,1,0.9981681
1,1,0.99830085
1,1,0.9976792
1,1,0.9974975
0,0,0.00081119937
1,1,0.99860317
0,0,0.000842782
1,1,0.9990747
1,1,0.9988508
1,1,0.998159
1,1,0.99776244
0,0,0.0008424127
1,1,0.99884963
1,1,0.9977335
1,1,0.9992524
0,0,0.00085837865
1,1,0.99754435
1,1,0.99827814
1,1,0.9984465
0,0,0.0008463624
1,1,0.9992937
1,1,0.99774504
0,0,0.0010439046
1,1,0.998494
0,0,0.0008475423
0,0,0.0010448268
0,0,0.0016361083
0,0,0.001315594
0,0,0.00084306713
0,0,0.00086426886
1,1,0.999134
0,0,0.0008706283
1,1,0.9981571
0,0,0.0009982069
0,0,0.00085072534
1,1,0.998547
1,1,0.99930346
1,1,0.99871874
1,1,0.9986816
1,1,0.9986817
0,0,0.0012387165
1,1,0.9981067
0,0,0.00083258667
1,1,0.99880517
1,1,0.99832755
1,1,0.998565
0,0,0.0008385413
1,1,0.99795294
1,1,0.99864215
1,1,0.99800247
0,0,0.000832129
1,1,0.9990797
1,1,0.9973335
1,1,0.99803716
1,1,0.99918014
1,1,0.9983631
1,1,0.9991504
1,1,0.9982875
1,1,0.99809724
0,0,0.000826512
1,1,0.9987006
1,1,0.9982432
0,0,0.00068131974
1,1,0.998589
0,0,0.00087632774
0,0,0.000826286
1,1,0.99822825
0,0,0.0008166618
0,0,0.0008902725
0,0,0.00079795666
1,1,0.9987748
1,1,0.9976695
1,1,0.9990013
1,1,0.99766785
0,0,0.0010121617
0,0,0.0008469441
1,1,0.9993062
0,0,0.0010991718
1,1,0.9989624
1,1,0.9987047
1,1,0.99746764
1,1,0.998569
0,0,0.001490874
0,0,0.0007418236
1,1,0.9988354
1,1,0.9987662
1,1,0.99897695
1,1,0.9985493
0,0,0.0008289475
0,0,0.00083068473
1,1,0.9983241
1,1,0.9983708
1,1,0.9986456
0,0,0.0008431339
1,1,0.99855155
1,1,0.9980877
1,1,0.998543
1,1,0.9989722
1,1,0.99822813
0,0,0.0014610376
1,1,0.99887866
1,1,0.9982066
1,1,0.9978466
0,0,0.0014986913
1,1,0.99871445
0,0,0.0010006063
1,1,0.99940777
0,0,0.0009087736
0,0,0.0008416817
0,0,0.0008151714
0,0,0.0017184942
1,1,0.99833953
1,1,0.9977603
0,0,0.0008168813
1,1,0.9980563
1,1,0.9985592
1,1,0.99846673
1,1,0.9987614
0,0,0.0008270587
1,1,0.9982699
1,1,0.9985499
0,0,0.0008330874
1,1,0.9986638
1,1,0.9988356
1,1,0.99828327
0,0,0.00084183813
1,1,0.9980698
1,1,0.99796116
0,0,0.00084243674
0,0,0.00084165373
1,1,0.99923277
0,0,0.0008632845
0,0,0.00082814856
0,0,0.0008526787
1,1,0.9989851
0,0,0.0008560736
1,1,0.9982486
0,0,0.00082028145
1,1,0.9985329
1,1,0.99800247
1,1,0.997922
1,1,0.99886143
0,0,0.0016634626
1,1,0.9975975
1,1,0.9985317
0,0,0.00086425646
1,1,0.9983645
1,1,0.99848783
1,1,0.9983277
1,1,0.9977068
1,1,0.9985863
1,1,0.99764
0,0,0.0007829085
0,0,0.00083953666
0,0,0.0008281935
1,1,0.99747735
1,1,0.9983718
1,1,0.99830365
1,1,0.99892503
0,0,0.0008146449
1,1,0.9987601
0,0,0.00085872714
1,1,0.9991629
1,1,0.9993932
1,1,0.99827075
0,0,0.00083248666
1,1,0.99817276
0,0,0.0008313801
0,0,0.0008428013
0,0,0.00080535345
0,0,0.00085628644
0,0,0.0006230732
1,1,0.99751604
1,1,0.9983163
1,1,0.9979133
1,1,0.9986469
0,0,0.0008996414
1,1,0.99850285
1,1,0.99858487
0,0,0.0008067606
1,1,0.99847025
1,1,0.9992748
0,0,0.0008218016
0,0,0.0008482177
1,1,0.9976179
0,0,0.00082620175
1,1,0.997684
1,1,0.9986237
1,1,0.9990113
1,1,0.9987445
1,1,0.9980111
0,0,0.0008259546
1,1,0.9987845
1,1,0.99781454
1,1,0.9993
0,0,0.00083376956
0,0,0.0008312509
0,0,0.0015255328
0,0,0.00082910794
1,1,0.99904114
1,1,0.9978886
0,0,0.0008452511
0,0,0.0008314727
1,1,0.99845827
0,0,0.00083657645
0,0,0.0016340689
0,0,0.0008288559
0,0,0.0006716717
1,1,0.99919957
1,1,0.9981787
1,1,0.9976299
1,1,0.99848866
0,0,0.00082913635
1,1,0.99864405
1,1,0.9982139
1,1,0.9985619
0,0,0.0008376142
1,1,0.9982851
1,1,0.9981394
1,1,0.99798584
0,0,0.00085275754
0,0,0.000828946
1,1,0.99759007
0,0,0.0008341765
0,0,0.0008497864
1,1,0.99933016
1,1,0.998451
0,0,0.00084245123
1,1,0.9988122
1,1,0.9978452
1,1,0.99858165
1,1,0.99889684
0,0,0.00065948605
1,1,0.9976814
1,1,0.99704725
0,0,0.0010307757
0,0,0.0010957051
1,1,0.998752
1,1,0.9986682
1,1,0.9990814
1,1,0.9986494
0,0,0.00083631504
1,1,0.9986739
1,1,0.99853873
1,1,0.9978504
0,0,0.0010425588
0,0,0.0015575635
1,1,0.9988355
0,0,0.0008074428
1,1,0.99844944
1,1,0.99922466
1,1,0.9983234
1,1,0.9986129
0,0,0.0008461342
0,0,0.0008309959
1,1,0.9989122
0,0,0.0012493595
0,0,0.00083849736
0,0,0.00084236055
1,1,0.9985079
1,1,0.9979678
1,1,0.9974498
1,1,0.99747247
1,1,0.99841106
0,0,0.0008089138
1,1,0.9985493
0,0,0.000851654
0,0,0.00085375924
1,1,0.99799156
1,1,0.99786085
1,1,0.99754614
1,1,0.9977344
1,1,0.99918836
1,1,0.9984315
1,1,0.9987519
1,1,0.9981269
0,0,0.0008375511
0,0,0.000862224
1,1,0.9987538
0,0,0.0010004692
1,1,0.9977525
1,1,0.99919885
1,1,0.99858284
0,0,0.0011572768
0,0,0.0011143782
1,1,0.9982021
0,0,0.0008349311
1,1,0.99826825
0,0,0.00086478534
0,0,0.0008464495
0,0,0.0008282354
1,1,0.9993407
0,0,0.0008473146
0,0,0.0009923895
1,1,0.99765515
1,1,0.99916625
0,0,0.00083972065
0,0,0.0010137907
0,0,0.00080606213
1,1,0.99771726
1,1,0.99898404
1,1,0.99866056
1,1,0.9989613
1,1,0.9987214
0,0,0.0008465891
1,1,0.999172
0,0,0.00081414595
0,0,0.0008442336
1,1,0.9986375
1,1,0.99844736
1,1,0.9989385
0,0,0.0008546635
1,1,0.9990326
0,0,0.0008470071
1,1,0.998447
0,0,0.0010120489
1,1,0.99860966
0,0,0.0008583091
1,1,0.99843186
0,0,0.0006125791
0,0,0.0008537023
1,1,0.99898475
1,1,0.99861956
1,1,0.99836284
1,1,0.9982772
0,0,0.0008586371
1,1,0.9980338
1,1,0.9977779
0,0,0.00084290083
1,1,0.99871504
1,1,0.9980186
0,0,0.0014923497
1,1,0.998307
0,0,0.0016028709
1,1,0.9992712
0,0,0.00086871814
0,0,0.0008912664
0,0,0.0010803703
1,1,0.9989735
0,0,0.0008387603
1,1,0.9987116
0,0,0.0008588286
1,1,0.9993413
1,1,0.9992913
1,1,0.9991897
0,0,0.0008476158
0,0,0.0013818996
1,1,0.999199
0,0,0.0011622726
0,0,0.00084968115
1,1,0.9986236
1,1,0.99876815
0,0,0.000824294
1,1,0.99780124
1,1,0.99917763
1,1,0.99802643
0,0,0.0008385804
1,1,0.9985812
1,1,0.99945897
0,0,0.00082591444
1,1,0.99922514
1,1,0.9989392
1,1,0.99919444
0,0,0.00082288217
1,1,0.99779236
1,1,0.998672
1,1,0.99854374
1,1,0.99786997
0,0,0.00086096785
1,1,0.99847883
1,1,0.9978848
1,1,0.9990188
1,1,0.9991806
0,0,0.00084604154
1,1,0.99838173
0,0,0.0008435083
1,1,0.9982014
0,0,0.0007149244
1,1,0.9978824
1,1,0.9991134
0,0,0.00081786735
0,0,0.0007218224
1,1,0.99793696
0,0,0.0008117561
1,1,0.9978822
1,1,0.9989416
1,1,0.99884135
1,1,0.99838173
1,1,0.99771535
0,0,0.00080414186
1,1,0.9983448
1,1,0.99792224
1,1,0.9981035
1,1,0.9988668
1,1,0.9989618
1,1,0.99870217
1,1,0.9985897
1,1,0.9989242
1,1,0.9991308
0,0,0.0008598366
1,1,0.99832004
1,1,0.9980964
1,1,0.9982326
0,0,0.0008592346
1,1,0.9982387
1,1,0.9991184
1,1,0.9979074
1,1,0.9994173
1,1,0.99823195
1,1,0.99870205
1,1,0.9967801
1,1,0.99829835
1,1,0.9983847
1,1,0.9991135
1,1,0.9993061
1,1,0.99762136
1,1,0.99795
0,0,0.0008501354
0,0,0.0008754998
1,1,0.99897337
1,1,0.99842215
0,0,0.00059328845
1,1,0.99906427
1,1,0.99868983
0,0,0.00082090544
1,1,0.99833506
1,1,0.997883
0,0,0.0010329373
0,0,0.0006497827
1,1,0.9979049
1,1,0.9981029
0,0,0.00085383654
0,0,0.00083300006
1,1,0.998871
1,1,0.99905866
0,0,0.0008548696
0,0,0.00084663904
1,1,0.99933124
1,1,0.99934095
0,0,0.0010272338
1,1,0.9992112
0,0,0.0008669065
1,1,0.99875784
0,0,0.00081867207
0,0,0.00083577645
1,1,0.99890924
1,1,0.99827135
0,0,0.0005558308
0,0,0.00084707566
1,1,0.99788934
1,1,0.9983741
1,1,0.99923205
0,0,0.0008120802
1,1,0.9983399
0,0,0.00084813207
0,0,0.00083198864
0,0,0.0008157433
0,0,0.00082173425
1,1,0.9989825
1,1,0.99845684
1,1,0.9985663
1,1,0.9984754
0,0,0.00086386374
1,1,0.9987054
0,0,0.00082773913
0,0,0.0008455531
1,1,0.99782854
0,0,0.0008461463
0,0,0.0016189435
1,1,0.9992162
0,0,0.00085710036
0,0,0.0008337855
1,1,0.9976604
1,1,0.99823606
1,1,0.9985928
0,0,0.0008156026
1,1,0.9989367
1,1,0.9984351
1,1,0.9987618
0,0,0.0008327675
1,1,0.99859613
1,1,0.9982768
1,1,0.99869317
1,1,0.9984333
1,1,0.99809057
1,1,0.99825126
1,1,0.99873656
0,0,0.0008672667
0,0,0.0013837024
1,1,0.9980325
0,0,0.0008389577
0,0,0.0008427451
0,0,0.00085726613
0,0,0.0008958008
0,0,0.0007741219
0,0,0.0011198118
1,1,0.99859506
1,1,0.9983993
1,1,0.997806
1,1,0.9982102
1,1,0.99850863
1,1,0.99840325
1,1,0.99737656
1,1,0.99786586
1,1,0.99849236
1,1,0.9984964
1,1,0.9982193
1,1,0.99859613
1,1,0.9983584
1,1,0.998541
1,1,0.9979936
1,1,0.99856704
1,1,0.9981487
1,1,0.9992186
1,1,0.9976065
0,0,0.0008241062
1,1,0.9979734
1,1,0.9986051
0,0,0.00086500624
1,1,0.9987753
1,1,0.999
0,0,0.00078919606
0,0,0.00061087206
1,1,0.9994773
1,1,0.9991155
1,1,0.9976059
1,1,0.9978356
0,0,0.00084746396
0,0,0.00083938707
0,0,0.00083645683
1,1,0.9983876
1,1,0.9980318
1,1,0.9976743
1,1,0.997962
1,1,0.99853086
1,1,0.99852294
0,0,0.0008728444
0,0,0.0007204095
1,1,0.9972651
0,0,0.0010927218
0,0,0.0008244644
1,1,0.9990283
1,1,0.998577
1,1,0.99884063
0,0,0.00082903996
0,0,0.00085804163
1,1,0.9987105
1,1,0.9986205
1,1,0.9983695
1,1,0.9990453
1,1,0.9991529
1,1,0.9985055
0,0,0.0008165793
1,1,0.99856526
1,1,0.9985487
1,1,0.99763703
1,1,0.99930644
0,0,0.0007756526
0,0,0.0009043227
0,0,0.0008691661
1,1,0.9987281
1,1,0.9979594
0,0,0.00083815627
1,1,0.99840873
0,0,0.00084954913
1,1,0.9986656
0,0,0.00085394067
0,0,0.0013471082
0,0,0.0010451254
1,1,0.9974528
1,1,0.9986386
1,1,0.9983973
1,1,0.99842036
1,1,0.998784
0,0,0.0008179555
1,1,0.9992557
1,1,0.99766076
1,1,0.9991027
1,1,0.9992094
0,0,0.000702401
1,1,0.99844944
1,1,0.99811614
1,1,0.99749595
1,1,0.99813485
1,1,0.99831957
0,0,0.0008354317
1,1,0.9979335
0,0,0.0008708614
1,1,0.9992556
1,1,0.99853444
0,0,0.00084476225
1,1,0.9979572
1,1,0.9991972
0,0,0.0008453493
1,1,0.99914205
1,1,0.9988385
0,0,0.0007382284
0,0,0.0011436788
0,0,0.0008012712
1,1,0.99828005
1,1,0.99879223
1,1,0.99899393
0,0,0.0008489956
0,0,0.0011293945
1,1,0.9973858
1,1,0.99889296
1,1,0.9986632
1,1,0.99860793
1,1,0.9986765
0,0,0.000817932
0,0,0.0015383186
1,1,0.99754107
1,1,0.9988782
1,1,0.99868065
1,1,0.99827516
0,0,0.00083711545
1,1,0.999099
1,1,0.99862325
0,0,0.0008394823
1,1,0.9982693
1,1,0.998418
0,0,0.00086781307
1,1,0.9993419
1,1,0.9989699
0,0,0.0008413674
0,0,0.0008611
1,1,0.99897766
1,1,0.99924916
1,1,0.9987017
1,1,0.99913377
1,1,0.9987387
0,0,0.0008632639
0,0,0.00086538546
1,1,0.9974607
1,1,0.9988432
1,1,0.9982791
0,0,0.00082443224
0,0,0.000799613
0,0,0.0008467899
1,1,0.9980211
0,0,0.00083443726
1,1,0.9982936
0,0,0.0011499407
0,0,0.0008317342
0,0,0.0011156539
0,0,0.0005729506
1,1,0.9977112
0,0,0.0008622536
0,0,0.000850235
1,1,0.99906033
1,1,0.99873894
1,1,0.9988601
1,1,0.99883443
0,0,0.0008405773
0,0,0.0008476918
1,1,0.99804735
0,0,0.0008524765
1,1,0.99881566
0,0,0.00066752057
1,1,0.9992194
0,0,0.00085457315
1,1,0.9979273
0,0,0.00061399245
1,1,0.9983772
1,1,0.9984939
1,1,0.99872345
1,1,0.9989723
1,1,0.99883467
0,0,0.0008375767
0,0,0.0006818453
1,1,0.9981583
0,0,0.0015782523
0,0,0.00085078296
0,0,0.0010220717
0,0,0.00079185294
1,1,0.9988661
0,0,0.00080459256
1,1,0.99877304
0,0,0.0011990989
1,1,0.9986713
1,1,0.9978897
1,1,0.99771345
1,1,0.99768925
1,1,0.99791914
1,1,0.99921584
1,1,0.99896157
1,1,0.99939847
1,1,0.99857616
0,0,0.0008069083
1,1,0.9988967
0,0,0.0008216222
1,1,0.9977216
0,0,0.00085959566
1,1,0.9977397
1,1,0.9988631
1,1,0.9987167
1,1,0.9982054
0,0,0.0008708514
0,0,0.00084580295
0,0,0.00082967617
0,0,0.0018415012
0,0,0.00083495653
0,0,0.0013479397
1,1,0.99893636
0,0,0.00085464073
0,0,0.001125884
1,1,0.9990515
1,1,0.9987237
1,1,0.9978563
1,1,0.9980236
1,1,0.99819607
0,0,0.0008232962
0,0,0.00090268016
0,0,0.0008252851
1,1,0.9983229
0,0,0.001154654
1,1,0.998565
1,1,0.9991222
1,1,0.9984396
0,0,0.00101845
1,1,0.99779713
1,1,0.99804425
0,0,0.0008665811
1,1,0.9981592
0,0,0.0011107738
1,1,0.99787223
0,0,0.0005888655
1,1,0.9990716
1,1,0.9979195
1,1,0.99846554
1,1,0.99909747
0,0,0.0008392991
1,1,0.9980292
0,0,0.00083187927
0,0,0.0016871947
1,1,0.9980306
1,1,0.9981029
1,1,0.99898404
1,1,0.9982882
1,1,0.99754995
1,1,0.998708
0,0,0.00138708
1,1,0.999014
1,1,0.9986419
1,1,0.99823797
1,1,0.9984647
0,0,0.001054384
0,0,0.0015781651
0,0,0.0008503615
1,1,0.9978898
0,0,0.0012340295
1,1,0.99901867
1,1,0.99790347
0,0,0.00084400433
0,0,0.0008482921
1,1,0.9987381
0,0,0.00087479345
1,1,0.99917847
0,0,0.00083495653
1,1,0.99840206
1,1,0.99878985
1,1,0.9988752
1,1,0.998911
0,0,0.0009102608
1,1,0.99863654
1,1,0.99760866
1,1,0.99766517
1,1,0.99664825
1,1,0.99939
0,0,0.000834772
1,1,0.9987674
1,1,0.9975151
1,1,0.9978613
1,1,0.9984602
1,1,0.9990132
1,1,0.9988488
1,1,0.99840814
1,1,0.9988877
1,1,0.99810874
0,0,0.0008451657
0,0,0.0008412456
0,0,0.0014087933
0,0,0.0011373895
1,1,0.9978241
1,1,0.9991702
0,0,0.0014436129
1,1,0.9985738
1,1,0.9994486
1,1,0.9985073
0,0,0.0008220193
1,1,0.9977483
1,1,0.99800223
0,0,0.0008191988
0,0,0.0008256964
1,1,0.9986797
0,0,0.0008137349
1,1,0.9987606
0,0,0.00067979173
1,1,0.9978853
1,1,0.99790585
1,1,0.9986345
1,1,0.998982
1,1,0.9989079
1,1,0.99861526
0,0,0.00084278604
1,1,0.9977188
1,1,0.99833834
1,1,0.99882966
0,0,0.0008805043
0,0,0.00084889773
0,0,0.0008445248
1,1,0.99826944
1,1,0.99884665
1,1,0.9987795
1,1,0.99837816
1,1,0.99843854
1,1,0.9976477
0,0,0.0008193948
1,1,0.9978498
0,0,0.0010978292
1,1,0.99900204
1,1,0.9980526
1,1,0.99786204
1,1,0.99811506
1,1,0.99877363
0,0,0.0011821082
1,1,0.9976901
1,1,0.9983432
1,1,0.99858284
1,1,0.9985435
1,1,0.9983253
1,1,0.9989089
0,0,0.000817565
1,1,0.99812883
1,1,0.9987116
1,1,0.99858934
0,0,0.00082092575
1,1,0.99870074
0,0,0.0008314711
1,1,0.9989754
0,0,0.00081284286
0,0,0.0008578537
0,0,0.0008470732
1,1,0.99835145
0,0,0.0008388602
1,1,0.9990294
1,1,0.99855834
1,1,0.99853766
1,1,0.99767786
0,0,0.0010409966
0,0,0.00088255294
1,1,0.9982796
1,1,0.99788684
1,1,0.9987753
1,1,0.99923694
0,0,0.0008663672
1,1,0.99753773
1,1,0.99833566
0,0,0.00080418476
1,1,0.99893147
0,0,0.0007590808
0,0,0.00083320646
1,1,0.9985794
0,0,0.00075267797
1,1,0.9985669
1,1,0.9987645
1,1,0.9992661
1,1,0.9985189
0,0,0.00083818025
1,1,0.998792
0,0,0.0008681637
1,1,0.9978847
1,1,0.99840766
0,0,0.00087641296
1,1,0.9986564
0,0,0.0010694818
1,1,0.99818003
1,1,0.998481
0,0,0.0011036868
1,1,0.9985066
0,0,0.0008475722
1,1,0.9978103
1,1,0.99930847
1,1,0.99837804
1,1,0.9975617
1,1,0.9993243
0,0,0.00084001524
1,1,0.99787223
1,1,0.9985207
0,0,0.0008673766
1,1,0.9977717
1,1,0.99936587
1,1,0.9986442
1,1,0.99930346
1,1,0.9989334
1,1,0.9982668
0,0,0.0008360592
1,1,0.99907947
0,0,0.001399353
1,1,0.9978921
1,1,0.9986357
0,0,0.0008425436
0,0,0.00082400965
1,1,0.9987626
1,1,0.9987594
1,1,0.99861467
1,1,0.9982009
1,1,0.9974342
1,1,0.9981974
0,0,0.0008531859
1,1,0.9984736
0,0,0.00082731957
1,1,0.9986815
0,0,0.0006766175
1,1,0.9990658
1,1,0.99912626
0,0,0.00086189626
1,1,0.99827576
1,1,0.9992317
1,1,0.9982065
0,0,0.000801401
1,1,0.99859506
0,0,0.00083190145
0,0,0.0012255184
1,1,0.99835557
1,1,0.998292
1,1,0.9983542
0,0,0.000833139
0,0,0.00084457715
1,1,0.9992694
1,1,0.99776554
1,1,0.99818015
1,1,0.9979753
1,1,0.99883896
1,1,0.9989955
0,0,0.0010617676
1,1,0.99803036
1,1,0.9991247
1,1,0.9978398
1,1,0.9993363
1,1,0.99850595
0,0,0.0008223718
1,1,0.9979798
1,1,0.99934226
1,1,0.99800485
1,1,0.9986896
1,1,0.99752456
0,0,0.0007982183
1,1,0.99843115
1,1,0.9992448
1,1,0.99812895
1,1,0.9979595
0,0,0.00082485896
0,0,0.0007969376
0,0,0.00083789194
1,1,0.99898404
0,0,0.00084884034
1,1,0.9989496
1,1,0.9987042
0,0,0.00083051855
0,0,0.00083670643
1,1,0.998489
1,1,0.99811244
0,0,0.0008464495
1,1,0.9978241
0,0,0.0008628215
1,1,0.99883264
1,1,0.9983835
1,1,0.99894196
1,1,0.99877447
1,1,0.99895537
1,1,0.9983321
1,1,0.9983878
1,1,0.997672
1,1,0.9985506
0,0,0.000958411
0,0,0.0008591478
1,1,0.9985917
1,1,0.9975189
0,0,0.0008859948
1,1,0.9982759
1,1,0.99852896
1,1,0.99891067
0,0,0.0008393951
1,1,0.99883074
1,1,0.99920565
0,0,0.00081231474
1,1,0.99792886
1,1,0.9977794
1,1,0.9994216
0,0,0.0006087756
1,1,0.9989372
1,1,0.9978492
1,1,0.9980204
1,1,0.9978988
0,0,0.00087659917
0,0,0.00084715075
1,1,0.9973853
1,1,0.99845517
1,1,0.99768424
0,0,0.00084115664
1,1,0.997592
0,0,0.00085161015
1,1,0.9981621
1,1,0.9982222
1,1,0.9979196
0,0,0.0012972399
1,1,0.99897516
0,0,0.0008374402
0,0,0.0008326747
1,1,0.9991416
0,0,0.00085827394
1,1,0.9989028
0,0,0.0011668152
0,0,0.00084200746
0,0,0.00081665954
1,1,0.99773633
0,0,0.00086588936
1,1,0.9973911
1,1,0.99828196
1,1,0.9990576
0,0,0.000813293
0,0,0.0008448025
1,1,0.9979594
1,1,0.9978921
0,0,0.00058994244
1,1,0.9982766
0,0,0.00078507356
0,0,0.0009136556
1,1,0.9979533
1,1,0.99856734
0,0,0.0008389193
1,1,0.99850214
1,1,0.9990252
0,0,0.00082689006
1,1,0.99724257
1,1,0.99895775
1,1,0.99787223
0,0,0.00083970465
0,0,0.0008667066
1,1,0.9976267
1,1,0.9979329
0,0,0.0008293869
0,0,0.00084301416
0,0,0.0008347744
1,1,0.99828255
0,0,0.00080337294
1,1,0.99812275
0,0,0.00090085773
1,1,0.9988732
1,1,0.999175
0,0,0.0008484158
1,1,0.99770665
1,1,0.99778974
1,1,0.9992884
1,1,0.99873704
1,1,0.99876785
0,0,0.0008343243
0,0,0.0008218752
1,1,0.99876225
1,1,0.9979011
0,0,0.0007989145
1,1,0.997997
1,1,0.99838865
1,1,0.9981529
1,1,0.9985892
1,1,0.99922764
1,1,0.9983006
1,1,0.99939466
1,1,0.9987342
1,1,0.9983418
1,1,0.99824286
1,1,0.99809843
1,1,0.9978381
0,0,0.0009545061
1,1,0.9989164
0,0,0.0006015406
0,0,0.0008459963
1,1,0.99883443
0,0,0.0008992155
1,1,0.99838746
1,1,0.9991198
1,1,0.99893945
0,0,0.0008724394
1,1,0.99836653
1,1,0.9983077
1,1,0.99899477
0,0,0.00081523124
1,1,0.99917465
1,1,0.9974989
1,1,0.99876213
1,1,0.9992901
0,0,0.00083364965
1,1,0.99860364
1,1,0.9976387
0,0,0.0008028609
0,0,0.00083070697
0,0,0.0016113681
1,1,0.997615
0,0,0.0008215095
1,1,0.99814594
0,0,0.00081752683
0,0,0.00082870905
1,1,0.998733
1,1,0.99814963
1,1,0.99730885
1,1,0.99864775
1,1,0.99913114
0,0,0.0008163032
0,0,0.00084985193
0,0,0.000728773
1,1,0.9986198
1,1,0.9991855
1,1,0.99791807
1,1,0.9988619
1,1,0.99908257
0,0,0.0008462648
0,0,0.0008595858
0,0,0.0008357605
1,1,0.9991823
1,1,0.9981902
1,1,0.9980215
1,1,0.9990544
1,1,0.9992028
1,1,0.9987588
0,0,0.0008306499
1,1,0.9983728
1,1,0.9981396
0,0,0.0008495418
1,1,0.998889
1,1,0.9993043
1,1,0.9989753
1,1,0.99828005
0,0,0.0010635626
0,0,0.0007107743
0,0,0.00073807716
1,1,0.99929845
1,1,0.99875224
0,0,0.0008807292
1,1,0.99906653
1,1,0.99853265
1,1,0.9984315
1,1,0.998287
1,1,0.99778557
1,1,0.99834716
1,1,0.9987826
0,0,0.0005367584
1,1,0.99936765
0,0,0.00085305097
1,1,0.99867487
1,1,0.9969562
1,1,0.99884474
1,1,0.99902165
1,1,0.99833715
1,1,0.9990447
1,1,0.9984421
1,1,0.9978467
1,1,0.9986468
1,1,0.99792874
1,1,0.9991191
1,1,0.9968394
0,0,0.0008575211
1,1,0.9982741
1,1,0.9990458
1,1,0.9982488
0,0,0.0006380535
1,1,0.99859434
1,1,0.9988423
1,1,0.99909496
1,1,0.9984396
0,0,0.00083328114
0,0,0.0010077558
1,1,0.99808586
0,0,0.00089859794
1,1,0.99924755
1,1,0.9992403
1,1,0.99665326
1,1,0.99847645
0,0,0.0008479042
1,1,0.99853504
1,1,0.99815875
1,1,0.9985879
1,1,0.9976528
1,1,0.99822086
1,1,0.9989893
1,1,0.9983121
0,0,0.001659372
0,0,0.00085610943
1,1,0.9989845
1,1,0.9991799
1,1,0.9984363
1,1,0.9989812
1,1,0.9984458
1,1,0.9986512
1,1,0.99758744
0,0,0.00086732785
1,1,0.9987122
0,0,0.0008382353
0,0,0.0008390896
1,1,0.9987017
1,1,0.99809235
1,1,0.9981281
1,1,0.999019
0,0,0.0015745898
0,0,0.0009910403
1,1,0.99927014
0,0,0.0018723506
1,1,0.99801624
0,0,0.001042822
1,1,0.9986388
1,1,0.9983748
0,0,0.0016850486
1,1,0.99943024
1,1,0.9983735
1,1,0.9988611
1,1,0.99861
1,1,0.9985967
0,0,0.0008493362
0,0,0.0015700848
1,1,0.9989526
1,1,0.99753225
1,1,0.99899703
0,0,0.0006511919
0,0,0.0008297813
0,0,0.00083407236
1,1,0.99882036
0,0,0.0008840923
1,1,0.99871683
1,1,0.9987966
0,0,0.00089069677
1,1,0.99801874
0,0,0.0016763102
0,0,0.0008603176
0,0,0.0008928414
0,0,0.00082411413
1,1,0.9986193
1,1,0.9986173
1,1,0.99875593
1,1,0.99774724
1,1,0.99936134
1,1,0.99780744
1,1,0.99846894
1,1,0.9979832
1,1,0.999169
0,0,0.001022171
1,1,0.9992884
0,0,0.00084250263
1,1,0.9991259
1,1,0.99771583
1,1,0.9986953
1,1,0.9989042
1,1,0.99823904
1,1,0.9975078
1,1,0.99880767
1,1,0.998541
0,0,0.0012136636
1,1,0.9981772
1,1,0.99873096
1,1,0.9984042
1,1,0.9985216
0,0,0.0008450167
1,1,0.99868363
1,1,0.99760455
1,1,0.9988611
1,1,0.99839646
1,1,0.99811685
1,1,0.99844307
0,0,0.0008402074
1,1,0.99760216
1,1,0.9978872
1,1,0.9976749
1,1,0.9988366
1,1,0.998516
1,1,0.99852294
0,0,0.0008578103
0,0,0.000836594
0,0,0.0009127933
0,0,0.0011555045
0,0,0.0008755023
1,1,0.99884844
1,1,0.99894625
0,0,0.00082835223
0,0,0.00077503716
1,1,0.99872214
0,0,0.00090282725
1,1,0.9985689
1,1,0.99819165
1,1,0.9983352
1,1,0.9976083
0,0,0.000846231
1,1,0.99858177
1,1,0.99890673
0,0,0.00083785766
1,1,0.9990835
1,1,0.9980628
1,1,0.9992867
0,0,0.0013396109
0,0,0.001406351
1,1,0.9986407
0,0,0.0008339269
1,1,0.99915826
0,0,0.0008576984
1,1,0.99827564
1,1,0.9992207
1,1,0.99797565
0,0,0.00065176125
0,0,0.00087649724
0,0,0.0009012303
0,0,0.00086236943
0,0,0.0008230672
1,1,0.99793965
0,0,0.0016821072
0,0,0.0006366892
1,1,0.9991543
1,1,0.9989575
1,1,0.9989981
0,0,0.0006109308
1,1,0.9986779
1,1,0.99847835
1,1,0.9977696
1,1,0.9982974
0,0,0.00084098027
1,1,0.9986966
1,1,0.9981654
1,1,0.99818414
1,1,0.99869615
1,1,0.99867034
1,1,0.9992544
1,1,0.9978265
0,0,0.0008211213
1,1,0.99864393
1,1,0.9983954
1,1,0.99841726
0,0,0.000862233
0,0,0.0008381467
0,0,0.00087042
1,1,0.99852705
1,1,0.9987446
0,0,0.0010438677
1,1,0.9986438
0,0,0.0008462915
1,1,0.9989384
0,0,0.0008279087
1,1,0.998317
0,0,0.0007498865
0,0,0.00085543183
1,1,0.999014
1,1,0.9987954
1,1,0.9983758
0,0,0.0008299877
1,1,0.9980275
1,1,0.99802494
1,1,0.99819416
1,1,0.99882156
0,0,0.0006278648
1,1,0.9992576
1,1,0.9985261
1,1,0.99879885
0,0,0.0007887329
1,1,0.9980076
0,0,0.0017452152
0,0,0.0008109992
1,1,0.9988764
1,1,0.99835277
0,0,0.0016936533
0,0,0.00073969667
1,1,0.9992606
0,0,0.0006968795
1,1,0.9982412
1,1,0.9986584
1,1,0.99897516
1,1,0.9993407
0,0,0.0016781833
1,1,0.9980775
1,1,0.9990946
0,0,0.00085233763
0,0,0.0006828493
0,0,0.0008534542
0,0,0.0011009575
1,1,0.9993286
0,0,0.0007923836
1,1,0.9986765
1,1,0.9987612
1,1,0.9982147
1,1,0.99859184
1,1,0.99820447
0,0,0.0009176767
1,1,0.99934083
1,1,0.99808514
1,1,0.99858403
0,0,0.001053359
1,1,0.9968882
1,1,0.9989722
0,0,0.00084628345
0,0,0.0008379103
0,0,0.0008438902
0,0,0.00081191317
0,0,0.00082348305
0,0,0.0011705757
1,1,0.9980538
0,0,0.000843432
1,1,0.9979102
1,1,0.9986266
1,1,0.99918157
0,0,0.0008823839
1,1,0.9981737
1,1,0.998716
0,0,0.0008332573
0,0,0.0013502783
1,1,0.998323
1,1,0.9981943
1,1,0.99871385
0,0,0.00083692884
1,1,0.99836963
1,1,0.99892694
1,1,0.9987192
0,0,0.00080619886
1,1,0.99874073
1,1,0.9993537
1,1,0.9982665
0,0,0.0008047383
1,1,0.9978879
1,1,0.99829763
0,0,0.00085367385
1,1,0.9993544
0,0,0.0008903175
1,1,0.99902236
1,1,0.9991616
0,0,0.0008114947
0,0,0.00083430763
1,1,0.9976291
1,1,0.99925
1,1,0.9978271
1,1,0.99833494
1,1,0.9986166
1,1,0.99819607
1,1,0.9992829
0,0,0.0008344086
1,1,0.9982805
1,1,0.9975242
0,0,0.0007988742
1,1,0.99802965
1,1,0.9980185
0,0,0.0011201596
0,0,0.0008528567
1,1,0.99864596
0,0,0.0011203411
0,0,0.0018472193
1,1,0.9991627
1,1,0.9986187
0,0,0.00081849337
1,1,0.9993512
1,1,0.99911743
1,1,0.9986583
1,1,0.99882776
0,0,0.00082726445
1,1,0.99878794
1,1,0.99895275
0,0,0.00084288005
1,1,0.9987471
0,0,0.0009966675
0,0,0.00083723513
0,0,0.0007417642
0,0,0.0008445457
1,1,0.99796367
1,1,0.9992908
1,1,0.9990025
0,0,0.0008163141
1,1,0.9990576
0,0,0.0008133209
0,0,0.00082076463
1,1,0.99894255
0,0,0.0007771442
0,0,0.0008471725
0,0,0.0008705486
1,1,0.9982986
1,1,0.9986284
1,1,0.9992213
0,0,0.001164082
1,1,0.9982552
0,0,0.0008310276
0,0,0.00086000364
1,1,0.99877495
0,0,0.0008404075
0,0,0.00083793746
0,0,0.0009894562
1,1,0.99902976
0,0,0.000976535
1,1,0.9992539
1,1,0.9987482
1,1,0.9980258
0,0,0.0016170933
0,0,0.00085340545
1,1,0.99906725
0,0,0.00081478077
1,1,0.998004
1,1,0.9985152
0,0,0.0008336981
1,1,0.99824166
0,0,0.0008669643
1,1,0.99889475
1,1,0.99890757
1,1,0.99879825
0,0,0.0011242186
1,1,0.9989681
1,1,0.997898
1,1,0.9980489
1,1,0.998629
0,0,0.0009404787
0,0,0.00083462487
1,1,0.99911124
1,1,0.9992079
0,0,0.00082865934
1,1,0.99802375
1,1,0.99779934
1,1,0.9991328
1,1,0.9982298
1,1,0.99850404
1,1,0.9987841
1,1,0.9992198
0,0,0.00041514065
0,0,0.00084828725
1,1,0.99759907
1,1,0.9978131
0,0,0.0008436707
0,0,0.00084760773
1,1,0.9991762
0,0,0.0007993257
1,1,0.99821585
1,1,0.9987546
1,1,0.99815303
1,1,0.998971
1,1,0.9980019
1,1,0.9976859
1,1,0.9990879
1,1,0.9984194
0,0,0.00083562033
1,1,0.9974892
1,1,0.9986657
0,0,0.00085055025
0,0,0.00083113206
0,0,0.0015056102
0,0,0.0008565305
1,1,0.99902356
1,1,0.99901974
1,1,0.99808735
1,1,0.99832183
1,1,0.999156
0,0,0.000850197
0,0,0.0008535363
1,1,0.9989441
1,1,0.99875295
1,1,0.9986236
1,1,0.9975721
0,0,0.0008590839
1,1,0.9988747
0,0,0.0008407439
0,0,0.00085492333
1,1,0.997898
1,1,0.9980755
0,0,0.0008455668
1,1,0.9981681
1,1,0.9980666
0,0,0.0011412259
1,1,0.9981364
1,1,0.99873835
0,0,0.0008244928
1,1,0.9985416
0,0,0.00083161774
1,1,0.99924314
0,0,0.00046727058
0,0,0.00084235414
1,1,0.9974605
1,1,0.99816245
1,1,0.99867094
0,0,0.0008480279
0,0,0.0008366777
1,1,0.99757105
0,0,0.0008653541
1,1,0.9993364
1,1,0.9982845
1,1,0.99922156
1,1,0.99899334
0,0,0.00084549026
0,0,0.00081450446
0,0,0.00085359823
1,1,0.99797267
0,0,0.000850898
1,1,0.99941707
0,0,0.00086869
1,1,0.9983518
1,1,0.9987288
1,1,0.9983689
1,1,0.9984963
0,0,0.00077965134
0,0,0.0008150611
1,1,0.9984187
1,1,0.9986199
1,1,0.9980317
0,0,0.000711332
1,1,0.9975337
1,1,0.99857235
1,1,0.9981469
1,1,0.9988494
1,1,0.99848866
1,1,0.9992446
0,0,0.000859174
0,0,0.0009470482
1,1,0.9979894
1,1,0.9987679
0,0,0.0015034226
1,1,0.9988738
0,0,0.00081724726
0,0,0.0017651946
1,1,0.9987207
0,0,0.0008079216
0,0,0.0008493638
1,1,0.9982023
1,1,0.9989022
1,1,0.9990478
1,1,0.9978498
1,1,0.9994198
0,0,0.0008203322
1,1,0.9986304
1,1,0.9983854
1,1,0.9975357
1,1,0.9983101
0,0,0.0015758887
0,0,0.0008556845
0,0,0.00085132866
1,1,0.99909914
0,0,0.00084697315
1,1,0.9990435
0,0,0.00085419376
1,1,0.9982931
0,0,0.00058728206
1,1,0.9990577
0,0,0.00083749363
0,0,0.00083471
1,1,0.9983103
0,0,0.0010751945
1,1,0.99724716
0,0,0.000820609
0,0,0.0008549641
1,1,0.9984596
1,1,0.998701
1,1,0.9982309
0,0,0.0008303912
1,1,0.99828607
1,1,0.99766856
1,1,0.9981445
1,1,0.9986879
0,0,0.0008067146
0,0,0.00084839313
0,0,0.0008404211
1,1,0.99827063
1,1,0.9984578
0,0,0.00083562674
1,1,0.9978776
0,0,0.0005410758
1,1,0.9993845
1,1,0.9977743
1,1,0.9987294
1,1,0.9986267
1,1,0.9993656
1,1,0.998538
1,1,0.99792176
1,1,0.9992411
1,1,0.9988494
0,0,0.0008028785
1,1,0.9986218
0,0,0.0008641214
0,0,0.0014501177
0,0,0.0008254227
1,1,0.99820733
0,0,0.00084455387
0,0,0.0017815739
1,1,0.9989567
1,1,0.9976463
0,0,0.0008287833
0,0,0.0008474002
1,1,0.99855214
1,1,0.9994129
0,0,0.0008563689
0,0,0.00079689664
1,1,0.99917835
0,0,0.00084085925
0,0,0.00084339175
0,0,0.00085412705
0,0,0.0008271887
0,0,0.0008343823
1,1,0.9986143
1,1,0.9993643
0,0,0.0008388194
0,0,0.00085504394
0,0,0.00083795906
0,0,0.00072794495
1,1,0.99873525
0,0,0.0008380884
1,1,0.9984681
0,0,0.00084755843
1,1,0.99896073
0,0,0.0016715928
0,0,0.00070192054
0,0,0.000835025
1,1,0.9978314
1,1,0.99819404
1,1,0.99805224
1,1,0.9987178
0,0,0.0008186112
0,0,0.0008377954
1,1,0.9990471
0,0,0.0006591317
1,1,0.99825305
1,1,0.9980557
1,1,0.9987325
0,0,0.0006102465
1,1,0.9978537
0,0,0.0008097505
1,1,0.9980818
1,1,0.9991875
0,0,0.0008445554
1,1,0.99836594
1,1,0.9990277
1,1,0.9980629
1,1,0.9993606
1,1,0.9990758
0,0,0.0008398535
1,1,0.9983961
1,1,0.9990895
0,0,0.0008508867
1,1,0.9991893
1,1,0.99933594
1,1,0.9980611
0,0,0.0008454524
0,0,0.0008374689
1,1,0.9991466
1,1,0.99776447
1,1,0.99878925
1,1,0.9978249
0,0,0.0008453356
0,0,0.0006753142
1,1,0.9988329
1,1,0.99883956
1,1,0.998665
1,1,0.9988826
1,1,0.998789
1,1,0.9982828
0,0,0.00083694636
0,0,0.0008521711
1,1,0.99875784
1,1,0.99832183
1,1,0.9982445
0,0,0.00085529
1,1,0.9993026
1,1,0.99816114
1,1,0.9978529
1,1,0.999263
0,0,0.0008348102
1,1,0.99875665
0,0,0.00093128625
1,1,0.9986952
1,1,0.99868184
1,1,0.99792105
0,0,0.0011617988
1,1,0.9987294
1,1,0.99916065
0,0,0.0016350152
1,1,0.9986929
1,1,0.99867463
1,1,0.99889475
0,0,0.00077893323
0,0,0.0008389969
1,1,0.9989925
1,1,0.998697
0,0,0.00084935647
1,1,0.9977756
0,0,0.0008206215
1,1,0.9989858
0,0,0.0008504789
0,0,0.0010575358
1,1,0.9984097
1,1,0.99919266
0,0,0.0008205175
0,0,0.00083786563
1,1,0.99884725
1,1,0.99797267
1,1,0.99863094
0,0,0.00079963275
0,0,0.00084710954
0,0,0.000981172
1,1,0.99820054
1,1,0.99905163
1,1,0.9991749
1,1,0.9984372
1,1,0.9982291
1,1,0.99868864
1,1,0.9988532
1,1,0.99784076
0,0,0.0007004731
1,1,0.997888
0,0,0.001173901
0,0,0.0010517496
0,0,0.001036414
1,1,0.99922144
1,1,0.99887687
0,0,0.0008729043
1,1,0.99909294
1,1,0.9977399
1,1,0.9990576
1,1,0.9986027
1,1,0.99848324
0,0,0.0008591863
1,1,0.99922395
0,0,0.00085280876
1,1,0.9983804
0,0,0.00084329455
1,1,0.9975921
1,1,0.998543
1,1,0.9983884
0,0,0.0008783826
1,1,0.9990871
0,0,0.00084936136
1,1,0.99926096
0,0,0.0016525199
1,1,0.9982779
1,1,0.9981996
1,1,0.9993235
0,0,0.0014240993
0,0,0.00083030405
1,1,0.9985318
1,1,0.99866474
1,1,0.9982493
0,0,0.0008461205
0,0,0.00084491284
1,1,0.9982014
1,1,0.9988887
0,0,0.00082451233
1,1,0.999037
1,1,0.9979138
0,0,0.0007837774
1,1,0.9991466
1,1,0.9982515
0,0,0.0006600878
0,0,0.00081269647
1,1,0.9991524
1,1,0.9987909
0,0,0.00083554315
1,1,0.9977756
1,1,0.99811906
0,0,0.00068046973
1,1,0.9991277
1,1,0.9985159
1,1,0.9983551
1,1,0.9986148
0,0,0.0008229269
1,1,0.9980562
1,1,0.9986286
1,1,0.9992223
0,0,0.0008136178
1,1,0.9984113
1,1,0.9976018
1,1,0.99865735
1,1,0.99836284
1,1,0.99852836
0,0,0.0008367901
1,1,0.9986965
1,1,0.9975702
0,0,0.0008527706
0,0,0.0008457079
1,1,0.9983101
0,0,0.00080774527
1,1,0.9989857
1,1,0.99828464
1,1,0.99712914
0,0,0.0008246373
1,1,0.99865866
1,1,0.9991875
0,0,0.00082829536
1,1,0.99785525
0,0,0.001174909
1,1,0.9992454
1,1,0.9990742
1,1,0.9990293
1,1,0.9989427
0,0,0.0008310774
1,1,0.99819773
1,1,0.9983682
0,0,0.000684901
0,0,0.00083641784
1,1,0.99847203
1,1,0.99912685
1,1,0.99708146
0,0,0.0008442441
1,1,0.99834037
0,0,0.0008390976
0,0,0.00079166435
1,1,0.9992242
0,0,0.00084812235
0,0,0.0011129333
1,1,0.99884534
1,1,0.9991806
1,1,0.9993192
0,0,0.00082140224
1,1,0.99848986
1,1,0.9980205
1,1,0.9987206
1,1,0.9984774
0,0,0.00085573347
0,0,0.0008613175
1,1,0.9981652
1,1,0.99853945
1,1,0.9983222
0,0,0.00066392
1,1,0.99868745
0,0,0.0006810348
0,0,0.00085950154
1,1,0.99890435
1,1,0.99908066
0,0,0.0007942977
0,0,0.0008344484
0,0,0.000864539
0,0,0.00099054
1,1,0.99820185
0,0,0.0009803366
0,0,0.00083220116
0,0,0.0006685698
0,0,0.0008423533
1,1,0.9992411
0,0,0.00084286876
1,1,0.99866486
1,1,0.99795437
1,1,0.99839324
1,1,0.99880517
1,1,0.9985921
0,0,0.0008346623
1,1,0.9979233
0,0,0.0008427659
1,1,0.99839103
0,0,0.00084838347
1,1,0.99859494
1,1,0.9983492
1,1,0.99757975
1,1,0.99759895
1,1,0.9978477
1,1,0.998035
1,1,0.99882
1,1,0.9973127
1,1,0.9980122
0,0,0.0008412728
0,0,0.0008254722
1,1,0.9990632
1,1,0.998502
1,1,0.9977145
1,1,0.9987361
0,0,0.00089018425
1,1,0.99901474
0,0,0.00083361863
1,1,0.9987643
0,0,0.0007061912
1,1,0.9989786
1,1,0.99844307
0,0,0.0010276781
0,0,0.0008434794
0,0,0.0008376078
0,0,0.0006543541
0,0,0.0011892392
0,0,0.0008270225
1,1,0.99869776
1,1,0.9984225
1,1,0.9991013
1,1,0.9988127
0,0,0.0008213498
1,1,0.9978835
0,0,0.00084363454
1,1,0.99775875
1,1,0.9989831
1,1,0.9983216
1,1,0.9987178
1,1,0.99864584
1,1,0.9982462
1,1,0.9980648
1,1,0.99842143
1,1,0.9992963
0,0,0.0009839728
0,0,0.00083599787
1,1,0.99689937
0,0,0.00064622733
1,1,0.99826163
0,0,0.0008367797
1,1,0.9992099
1,1,0.9991793
1,1,0.99785465
1,1,0.997584
1,1,0.9977246
0,0,0.00078873365
0,0,0.0008224243
0,0,0.00084728794
1,1,0.99871254
1,1,0.997851
1,1,0.99776495
1,1,0.99855167
0,0,0.0008056928
1,1,0.9992124
0,0,0.00085270393
1,1,0.99833703
1,1,0.9986966
1,1,0.9987393
1,1,0.99880326
1,1,0.99846834
1,1,0.99905735
0,0,0.00085239444
0,0,0.00084443396
1,1,0.9986326
0,0,0.00082564057
0,0,0.0008353155
1,1,0.9978004
1,1,0.9986261
1,1,0.9980457
0,0,0.0008144742
0,0,0.0008456748
1,1,0.998116
0,0,0.000849469
0,0,0.00082288444
1,1,0.9986197
0,0,0.0008098339
0,0,0.0008518252
1,1,0.9981026
1,1,0.9988696
1,1,0.9988512
1,1,0.9986791
1,1,0.9989378
1,1,0.99860746
1,1,0.99749786
1,1,0.99866724
0,0,0.00085953344
0,0,0.0006620813
1,1,0.99827373
0,0,0.00083055184
1,1,0.9988933
0,0,0.0007136685
1,1,0.99828655
1,1,0.9989054
1,1,0.99892396
1,1,0.99876285
1,1,0.9983923
1,1,0.998978
0,0,0.0008390153
1,1,0.99916136
0,0,0.000829556
0,0,0.00083845743
1,1,0.9982133
1,1,0.99769586
1,1,0.9980836
0,0,0.0008590913
1,1,0.99862695
0,0,0.00084089127
1,1,0.9985958
1,1,0.9993137
0,0,0.0008535127
0,0,0.0008391728
0,0,0.00083669205
1,1,0.9986186
0,0,0.00085015484
1,1,0.9983398
1,1,0.9985769
1,1,0.9981046
0,0,0.00085814466
0,0,0.00084901176
1,1,0.9982961
0,0,0.0015360833
0,0,0.0008405493
0,0,0.0008399271
1,1,0.9979395
0,0,0.0008130079
1,1,0.9987941
0,0,0.0008499329
1,1,0.99812895
1,1,0.9992269
1,1,0.99852246
1,1,0.99804616
1,1,0.9977246
1,1,0.9991725
0,0,0.0016091573
1,1,0.9992243
1,1,0.9981224
0,0,0.00091398467
0,0,0.00083460344
0,0,0.0008328176
1,1,0.9981956
1,1,0.99769896
0,0,0.00084952975
0,0,0.0010451364
0,0,0.00083800935
1,1,0.99792284
1,1,0.9978448
0,0,0.0008335472
1,1,0.99843436
0,0,0.00084734365
1,1,0.999012
0,0,0.0015805381
1,1,0.9983144
1,1,0.9991037
0,0,0.00085042464
0,0,0.0006047777
1,1,0.9983908
0,0,0.00082050887
1,1,0.99813855
1,1,0.99794954
1,1,0.99875045
0,0,0.0019572796
1,1,0.9984555
0,0,0.0008466028
0,0,0.0008453751
0,0,0.00083264295
1,1,0.99917525
1,1,0.9982931
0,0,0.0014754161
0,0,0.0007294463
1,1,0.9987619
1,1,0.997981
1,1,0.9987551
1,1,0.99821246
0,0,0.00084266154
1,1,0.99854785
1,1,0.9984066
1,1,0.99781215
0,0,0.0008465802
1,1,0.99865204
0,0,0.0008206864
1,1,0.99819046
1,1,0.9991008
0,0,0.00082071923
0,0,0.00083512685
1,1,0.99849737
0,0,0.00084428274
0,0,0.0008461544
1,1,0.9990404
1,1,0.99779725
1,1,0.9977087
0,0,0.000851473
1,1,0.9983157
1,1,0.99922085
1,1,0.9976355
0,0,0.0017002707
0,0,0.0018071273
1,1,0.9986676
1,1,0.9987527
1,1,0.9990097
1,1,0.99894434
1,1,0.9982168
1,1,0.9978255
1,1,0.9976464
1,1,0.99809617
1,1,0.9989114
0,0,0.0016156605
0,0,0.0010828597
0,0,0.00083447143
0,0,0.00082962005
1,1,0.9981488
0,0,0.00083210994
1,1,0.99774206
1,1,0.99873954
1,1,0.9980026
1,1,0.9984515
0,0,0.0013762941
1,1,0.99828184
1,1,0.9986523
1,1,0.99832445
1,1,0.99877113
1,1,0.9982493
1,1,0.9978947
1,1,0.99876046
1,1,0.9991524
1,1,0.9985827
1,1,0.99693656
0,0,0.0008568798
1,1,0.9987004
1,1,0.99869543
0,0,0.00085586804
1,1,0.9981048
1,1,0.9993073
0,0,0.0008634975
0,0,0.00083567057
0,0,0.00081646885
1,1,0.9984591
1,1,0.9978066
1,1,0.99895763
1,1,0.99899524
0,0,0.00083532906
1,1,0.99844676
0,0,0.0011498826
1,1,0.9986312
0,0,0.00086809095
0,0,0.00079369545
0,0,0.0008389009
0,0,0.00079408585
1,1,0.99856275
0,0,0.0008630369
0,0,0.00084190717
1,1,0.99824715
0,0,0.0006937016
1,1,0.99909496
1,1,0.9991874
0,0,0.0008491194
0,0,0.00084195845
0,0,0.0008396255
0,0,0.00086749485
0,0,0.0008993869
0,0,0.0008238291
1,1,0.99865854
1,1,0.99872273
1,1,0.99811685
0,0,0.000870571
1,1,0.9986811
0,0,0.0008408112
0,0,0.0007430348
0,0,0.00082623004
1,1,0.99893194
1,1,0.99868256
1,1,0.9977831
1,1,0.99860674
1,1,0.99894637
0,0,0.00083333586
1,1,0.99927336
1,1,0.998047
1,1,0.9990464
0,0,0.0008436152
1,1,0.9989525
0,0,0.0015856224
0,0,0.0010605222
1,1,0.99895954
1,1,0.9975393
1,1,0.99909306
0,0,0.0008306816
1,1,0.9983612
1,1,0.99943787
0,0,0.0011172834
1,1,0.9987287
1,1,0.99827254
1,1,0.99758637
1,1,0.9981085
1,1,0.9993088
1,1,0.99861884
1,1,0.9985623
1,1,0.9990188
0,0,0.0006677102
0,0,0.00084052683
1,1,0.998151
0,0,0.0008263103
1,1,0.9992749
1,1,0.9981804
1,1,0.9990632
0,0,0.0008326366
1,1,0.99919206
1,1,0.9988667
0,0,0.00079584704
1,1,0.9985613
0,0,0.0011413204
0,0,0.00084914046
0,0,0.00083185465
1,1,0.9987702
1,1,0.997491
1,1,0.998374
0,0,0.0007528817
1,1,0.99759346
1,1,0.9983413
1,1,0.99903345
0,0,0.0008595998
0,0,0.0007406411
0,0,0.0008768331
0,0,0.0008462262
1,1,0.99899
1,1,0.99765944
1,1,0.9983889
1,1,0.9986551
0,0,0.0006933553
1,1,0.9980286
0,0,0.001054575
1,1,0.998808
1,1,0.99880075
0,0,0.0011554384
0,0,0.0008402746
1,1,0.9989128
1,1,0.9987532
0,0,0.00084023055
1,1,0.9981218
0,0,0.00082935364
1,1,0.9987715
1,1,0.9991549
1,1,0.99830747
0,0,0.00084871735
1,1,0.9989556
0,0,0.00083703967
1,1,0.99841094
1,1,0.9990602
0,0,0.00082437956
1,1,0.99894816
0,0,0.0009814738
0,0,0.0008550578
0,0,0.00083636044
1,1,0.9984433
1,1,0.998235
1,1,0.9988167
1,1,0.9982753
0,0,0.0008286838
1,1,0.99899656
1,1,0.9985476
1,1,0.9985464
1,1,0.9988906
0,0,0.00085422146
1,1,0.9990293
1,1,0.99912685
1,1,0.9972932
1,1,0.99838233
1,1,0.9989423
1,1,0.99904305
0,0,0.001607981
0,0,0.0008459109
0,0,0.0008520185
0,0,0.00084247533
0,0,0.00082969194
0,0,0.0008580171
0,0,0.0008594319
1,1,0.9992409
0,0,0.00083671755
0,0,0.0011641562
1,1,0.99873215
1,1,0.99877185
1,1,0.99933714
1,1,0.9988174
1,1,0.99852777
0,0,0.0008383208
1,1,0.9992729
1,1,0.9993395
1,1,0.99934536
1,1,0.99888104
0,0,0.00084210216
1,1,0.9976102
0,0,0.0016596406
0,0,0.0016134253
1,1,0.9991912
1,1,0.99870133
1,1,0.99856573
1,1,0.99843735
1,1,0.9990854
0,0,0.0008561902
0,0,0.0008518658
1,1,0.9988159
0,0,0.0008490442
1,1,0.99757355
1,1,0.9988883
1,1,0.9984125
1,1,0.99763536
1,1,0.99746096
1,1,0.9979096
0,0,0.0008603422
0,0,0.00075461424
0,0,0.0008075106
0,0,0.00081075804
0,0,0.00083950075
0,0,0.0008519762
0,0,0.00083987514
1,1,0.999188
0,0,0.0008258326
1,1,0.9989324
0,0,0.00083397375
0,0,0.0006277583
0,0,0.00070931745
1,1,0.99803585
0,0,0.0008263505
1,1,0.9993693
0,0,0.0008231237
1,1,0.99810284
1,1,0.9989064
0,0,0.0008350687
0,0,0.00083769317
0,0,0.0017353772
1,1,0.99803454
1,1,0.9977562
0,0,0.00088575424
1,1,0.9983034
0,0,0.000835606
1,1,0.99864775
1,1,0.9989791
1,1,0.99850166
0,0,0.0011435014
0,0,0.0008242657
1,1,0.998184
1,1,0.99914277
1,1,0.99872017
1,1,0.9988686
0,0,0.0008496932
0,0,0.00083563465
1,1,0.9978313
1,1,0.9986749
1,1,0.9983369
1,1,0.99888986
1,1,0.9983205
1,1,0.9985922
0,0,0.00085991353
1,1,0.99873537
1,1,0.9980531
1,1,0.9990176
1,1,0.9981515
0,0,0.0015494337
1,1,0.9977397
0,0,0.00085196167
1,1,0.99914217
0,0,0.00076454954
1,1,0.99923337
1,1,0.9990208
0,0,0.0012142037
1,1,0.9985831
1,1,0.99817526
1,1,0.99904317
1,1,0.9991103
1,1,0.9988765
0,0,0.00084633584
0,0,0.0008029213
0,0,0.0013324851
0,0,0.0008282757
0,0,0.0009983068
0,0,0.0013104255
1,1,0.9978867
1,1,0.9986015
1,1,0.99870396
0,0,0.00081696
0,0,0.00085330463
0,0,0.0008494876
0,0,0.0008419256
1,1,0.9987286
1,1,0.99781585
0,0,0.0018095494
1,1,0.9984426
1,1,0.99780804
0,0,0.0010732051
1,1,0.9986987
1,1,0.9986305
1,1,0.9989298
1,1,0.99923503
1,1,0.99790657
0,0,0.00083587685
1,1,0.9992229
0,0,0.000819622
1,1,0.9980884
1,1,0.9979171
1,1,0.99794286
0,0,0.0015620415
1,1,0.9978041
0,0,0.00082133495
1,1,0.99773043
0,0,0.000857142
1,1,0.9978034
1,1,0.9976724
1,1,0.9992655
0,0,0.00092749274
1,1,0.9983695
0,0,0.0008314379
1,1,0.99873406
1,1,0.99790573
0,0,0.0008463681
0,0,0.0008227214
1,1,0.99785787
1,1,0.9991862
0,0,0.0008395791
1,1,0.99894696
1,1,0.9984919
1,1,0.9987864
0,0,0.000843272
0,0,0.0008256367
0,0,0.00082704687
1,1,0.9980659
1,1,0.998847
1,1,0.99782974
1,1,0.9989256
0,0,0.0011769757
0,0,0.0008875486
1,1,0.99914956
1,1,0.997482
0,0,0.0008509102
1,1,0.99771166
0,0,0.0008415326
0,0,0.0011709828
0,0,0.00082871935
0,0,0.0008579305
1,1,0.99815625
1,1,0.99859124
1,1,0.999164
1,1,0.9990306
1,1,0.99798584
0,0,0.0010644809
1,1,0.9984068
1,1,0.99827194
0,0,0.00084751647
0,0,0.00082306645
1,1,0.9986418
1,1,0.99874264
1,1,0.99887425
1,1,0.9991892
1,1,0.9975074
0,0,0.0008515801
1,1,0.9987369
0,0,0.00084424164
0,0,0.0008105356
0,0,0.00082742446
0,0,0.00081879296
0,0,0.0006706182
1,1,0.9987031
1,1,0.9987463
1,1,0.99874866
1,1,0.9987226
0,0,0.0010075523
0,0,0.0008471362
0,0,0.0008410131
0,0,0.00083562435
1,1,0.9977779
1,1,0.99813145
0,0,0.0018490137
1,1,0.9984114
1,1,0.99876344
1,1,0.99873954
1,1,0.99825233
0,0,0.00083298184
0,0,0.0008522751
0,0,0.0012123812
0,0,0.00082840666
1,1,0.9983382
0,0,0.0008355591
1,1,0.99821424
0,0,0.00087625504
0,0,0.0008305193
1,1,0.99839276
1,1,0.9981748
1,1,0.99801457
0,0,0.00084803754
1,1,0.9988945
0,0,0.0006324207
1,1,0.9976465
1,1,0.9987122
0,0,0.0008590454
1,1,0.9985777
1,1,0.9988005
1,1,0.99863213
1,1,0.99871707
1,1,0.9991911
1,1,0.9987802
1,1,0.9981148
0,0,0.00085142924
0,0,0.00093057315
0,0,0.00082177494
1,1,0.9989021
1,1,0.9991748
1,1,0.9979097
1,1,0.9979984
1,1,0.9977035
1,1,0.9984982
1,1,0.99853754
1,1,0.9985114
0,0,0.00085200305
1,1,0.99891376
0,0,0.00081518467
1,1,0.9986066
1,1,0.9978976
1,1,0.9985378
0,0,0.00067469734
0,0,0.0008443841
0,0,0.0008260324
0,0,0.00065528025
0,0,0.000835606
0,0,0.00084562885
1,1,0.9977203
1,1,0.99816716
1,1,0.9973936
1,1,0.9989323
1,1,0.9988335
0,0,0.0010042546
1,1,0.99884355
0,0,0.00091795303
1,1,0.9986253
0,0,0.00057188666
1,1,0.9979929
1,1,0.9989483
1,1,0.9982742
1,1,0.99889106
0,0,0.0008690502
0,0,0.00084644795
0,0,0.0016349918
1,1,0.9987595
1,1,0.99860436
0,0,0.0006882197
0,0,0.0016692072
0,0,0.0008390081
0,0,0.00083903765
0,0,0.00083214644
0,0,0.00083781214
1,1,0.997658
1,1,0.99772066
0,0,0.0008434505
1,1,0.9981384
0,0,0.0008615703
0,0,0.00083115743
1,1,0.9985489
0,0,0.00083074253
0,0,0.0009925427
0,0,0.0016285164
1,1,0.9993729
1,1,0.998168
1,1,0.9986953
1,1,0.9980533
0,0,0.0007192797
0,0,0.0015249127
1,1,0.99771214
1,1,0.998042
1,1,0.9983406
1,1,0.99791163
1,1,0.99873275
0,0,0.000851934
0,0,0.00083568087
1,1,0.99842453
0,0,0.0015344957
1,1,0.9985084
0,0,0.0008679503
1,1,0.99824095
0,0,0.00086735014
1,1,0.99900454
1,1,0.99921167
0,0,0.0008292873
0,0,0.000829326
0,0,0.0007417437
1,1,0.99919814
1,1,0.9983845
0,0,0.00083259935
0,0,0.0008500852
1,1,0.9983543
1,1,0.9988657
1,1,0.99870086
1,1,0.9981864
0,0,0.00085025205
1,1,0.9988563
1,1,0.9985226
1,1,0.99913305
0,0,0.00093226734
1,1,0.99831367
0,0,0.0008458078
1,1,0.99792945
1,1,0.99842536
1,1,0.99775606
1,1,0.9982456
0,0,0.0014425355
1,1,0.99870443
1,1,0.9993788
1,1,0.9987348
1,1,0.9985763
1,1,0.99769527
1,1,0.9985368
1,1,0.997801
1,1,0.99854785
1,1,0.99920434
1,1,0.9991185
0,0,0.0016053314
0,0,0.0014073693
0,0,0.0008305835
0,0,0.0010526848
1,1,0.9979792
1,1,0.99769944
1,1,0.99866486
0,0,0.00083579076
1,1,0.99913627
0,0,0.00085530063
1,1,0.9984856
1,1,0.9986291
1,1,0.9977921
1,1,0.998445
0,0,0.00070398115
1,1,0.99883133
1,1,0.99846774
0,0,0.00085991435
1,1,0.9985393
1,1,0.9979594
0,0,0.000854079
1,1,0.9987276
0,0,0.0017775334
1,1,0.9983203
1,1,0.9980416
1,1,0.9982436
1,1,0.99755365
1,1,0.99842095
1,1,0.9982994
0,0,0.0016489681
1,1,0.99879223
1,1,0.9981839
0,0,0.0008496973
0,0,0.0008338784
0,0,0.0008166626
1,1,0.99894065
1,1,0.99828374
0,0,0.0009053227
1,1,0.9985623
1,1,0.99719477
0,0,0.00083391654
1,1,0.99834645
1,1,0.99924326
0,0,0.00083912804
1,1,0.9980678
1,1,0.9984598
0,0,0.00084650196
1,1,0.9985825
1,1,0.99764204
1,1,0.998357
1,1,0.99850696
1,1,0.9984648
1,1,0.9983583
1,1,0.9991177
1,1,0.99928313
1,1,0.99797255
1,1,0.9992716
0,0,0.0008487893
1,1,0.9986854
0,0,0.0011656154
1,1,0.9992287
1,1,0.9989309
1,1,0.99777955
1,1,0.9976801
1,1,0.99922407
1,1,0.9981121
1,1,0.9993345
1,1,0.998606
1,1,0.9983102
1,1,0.9989159
1,1,0.9990515
1,1,0.9989982
1,1,0.99864835
1,1,0.99823785
1,1,0.99889404
0,0,0.0013946247
1,1,0.9990466
0,0,0.00085216464
1,1,0.9983388
0,0,0.0010911177
1,1,0.99885297
1,1,0.9978502
1,1,0.9985923
0,0,0.0005931844
1,1,0.9986304
0,0,0.001028204
1,1,0.99807006
0,0,0.0016222625
0,0,0.0008483196
1,1,0.9981541
0,0,0.0008438893
1,1,0.9982829
1,1,0.9993418
1,1,0.99749607
1,1,0.99898046
1,1,0.99909234
1,1,0.99842834
1,1,0.9982027
0,0,0.0016338619
1,1,0.99822444
1,1,0.9983065
0,0,0.00082798285
0,0,0.00085375435
1,1,0.9983542
1,1,0.9988508
1,1,0.9984274
1,1,0.998473
0,0,0.0008490903
0,0,0.001693363
1,1,0.99805766
0,0,0.0008890781
1,1,0.998635
0,0,0.0008481086
1,1,0.9986192
1,1,0.99778616
1,1,0.99847966
1,1,0.998725
0,0,0.0008380884
1,1,0.99864537
1,1,0.99895346
1,1,0.9982508
0,0,0.0008504409
1,1,0.9992072
1,1,0.9988918
0,0,0.00084910647
0,0,0.00058100413
1,1,0.99904376
0,0,0.0012816162
0,0,0.0013189537
0,0,0.0016421856
0,0,0.0008552639
1,1,0.99843425
0,0,0.00084739126
0,0,0.00084456673
1,1,0.99890256
1,1,0.9985896
1,1,0.9992397
0,0,0.00084326486
1,1,0.9983333
0,0,0.000840627
0,0,0.0014000488
0,0,0.0008635461
1,1,0.9985281
0,0,0.0008307093
1,1,0.99867284
0,0,0.0008288275
0,0,0.0008520607
0,0,0.0008477321
1,1,0.9986891
1,1,0.9976203
0,0,0.001638921
0,0,0.0008600603
0,0,0.00088179053
1,1,0.9985184
1,1,0.9985191
1,1,0.99891853
0,0,0.0008380548
0,0,0.00081898103
1,1,0.9985953
0,0,0.0006432931
0,0,0.00077202014
0,0,0.0008301949
0,0,0.0008265049
1,1,0.9981369
1,1,0.99913687
0,0,0.00064262457
1,1,0.99814415
1,1,0.99902356
0,0,0.0014834773
0,0,0.0013867393
1,1,0.9991479
1,1,0.99803203
1,1,0.9989705
1,1,0.9989133
0,0,0.0007537338
0,0,0.0008286806
1,1,0.9989435
0,0,0.00069506746
0,0,0.00082948006
1,1,0.9975448
0,0,0.0007426419
1,1,0.9980507
1,1,0.9988348
1,1,0.9981456
1,1,0.999087
1,1,0.9983479
1,1,0.9984262
1,1,0.9989574
1,1,0.9986779
1,1,0.998379
1,1,0.99904245
0,0,0.0008387523
0,0,0.0010703687
0,0,0.0010887474
1,1,0.9988691
1,1,0.99906415
1,1,0.9986707
0,0,0.00082364463
0,0,0.0018285451
1,1,0.9987956
0,0,0.0008423918
1,1,0.9989722
1,1,0.9985979
1,1,0.99757975
0,0,0.0006632566
1,1,0.99882346
1,1,0.9983329
1,1,0.99835867
1,1,0.99905497
0,0,0.0008310204
1,1,0.9990681
1,1,0.9985317
1,1,0.9974769
1,1,0.9982091
1,1,0.99933606
1,1,0.9986884
1,1,0.998995
1,1,0.99804974
1,1,0.9991781
1,1,0.9975853
1,1,0.998635
0,0,0.0008512841
1,1,0.99790764
0,0,0.00072549126
0,0,0.000740872
1,1,0.99796826
0,0,0.00055009284
1,1,0.99833304
1,1,0.9987606
1,1,0.99791664
1,1,0.99915457
1,1,0.99865156
1,1,0.99785966
1,1,0.9991725
0,0,0.00083655014
1,1,0.9980361
0,0,0.00084836327
1,1,0.9990717
1,1,0.9987532
1,1,0.99781334
1,1,0.9991636
1,1,0.998585
1,1,0.99770856
0,0,0.0008552468
0,0,0.0008396503
0,0,0.0007196602
1,1,0.99773115
1,1,0.9984571
0,0,0.0015440962
1,1,0.99882776
1,1,0.9973801
1,1,0.9993042
0,0,0.00085132703
1,1,0.9990101
0,0,0.00068079535
1,1,0.99865544
1,1,0.99827313
0,0,0.0008308138
0,0,0.0008374402
0,0,0.00081842014
1,1,0.9985897
1,1,0.9987159
0,0,0.00086372386
0,0,0.00084721285
1,1,0.9983608
1,1,0.9991825
1,1,0.99872357
0,0,0.00081762037
1,1,0.9985979
0,0,0.00084055564
0,0,0.0008439794
0,0,0.0008093972
1,1,0.9981579
1,1,0.9983708
1,1,0.9982015
0,0,0.00085275836
1,1,0.9980116
0,0,0.0008452003
1,1,0.9991737
1,1,0.99876356
0,0,0.0008466956
1,1,0.9989961
0,0,0.0014350723
1,1,0.9985159
1,1,0.9992636
0,0,0.0008304378
1,1,0.9981774
1,1,0.9990901
0,0,0.0008305439
1,1,0.99922156
0,0,0.0008351714
0,0,0.0009259061
1,1,0.99906963
1,1,0.9987374
0,0,0.0008613224
0,0,0.0008543159
0,0,0.00084135134
1,1,0.9978867
0,0,0.0010685103
0,0,0.0008311971
1,1,0.99900985
1,1,0.9981224
0,0,0.0007990714
0,0,0.00082988484
1,1,0.9984394
1,1,0.99823487
1,1,0.9986766
0,0,0.00089660607
0,0,0.0010415759
0,0,0.00085104234
0,0,0.0008644599
0,0,0.00079583644
0,0,0.000863185
1,1,0.9986959
0,0,0.00084094267
0,0,0.0008305004
0,0,0.00081631716
1,1,0.9985279
1,1,0.99887055
1,1,0.9985361
1,1,0.9985856
1,1,0.99873143
0,0,0.00084308564
0,0,0.0008350863
1,1,0.99901974
0,0,0.0008049453
1,1,0.9985989
1,1,0.998814
1,1,0.99856806
1,1,0.99893516
1,1,0.99874264
1,1,0.9977829
1,1,0.9988022
0,0,0.0010526136
1,1,0.99873704
0,0,0.0008384838
1,1,0.99854326
1,1,0.99849236
1,1,0.99886924
1,1,0.9979989
1,1,0.9981779
1,1,0.99840504
1,1,0.99816066
1,1,0.99874556
0,0,0.0008326271
0,0,0.0011847955
1,1,0.99768066
0,0,0.0008434464
0,0,0.0008624771
1,1,0.9987207
0,0,0.00075942307
1,1,0.9971541
0,0,0.0008535412
0,0,0.000871249
1,1,0.99842775
0,0,0.0013859405
0,0,0.0008165179
1,1,0.9981845
0,0,0.0008472985
1,1,0.9982969
1,1,0.99874437
1,1,0.99837315
1,1,0.9976312
1,1,0.9992556
1,1,0.99807066
1,1,0.99856323
1,1,0.9990772
1,1,0.9985636
1,1,0.99822193
0,0,0.0008285172
1,1,0.9987024
1,1,0.9982455
0,0,0.0011016531
0,0,0.00084759487
1,1,0.99768126
1,1,0.9979425
0,0,0.0008368555
1,1,0.99824727
0,0,0.00075286307
1,1,0.9983038
1,1,0.9990219
0,0,0.0008238291
0,0,0.0008619562
1,1,0.9976845
1,1,0.99807644
0,0,0.00084642455
0,0,0.0013892521
1,1,0.99752504
1,1,0.9983714
1,1,0.9981153
1,1,0.9985869
1,1,0.9985709
1,1,0.99899524
1,1,0.9991721
1,1,0.9987708
0,0,0.0009887966
0,0,0.000999946
1,1,0.99857986
0,0,0.0007142455
0,0,0.00083605683
1,1,0.9978911
0,0,0.00081555214
1,1,0.99850106
0,0,0.00079442945
0,0,0.00070247863
1,1,0.99856263
1,1,0.9993967
1,1,0.9991115
1,1,0.998705
0,0,0.0007889239
1,1,0.9988795
1,1,0.9987888
1,1,0.9981287
0,0,0.0008678768
0,0,0.00083447143
0,0,0.0006536355
1,1,0.99874
1,1,0.9988593
1,1,0.99916637
0,0,0.0007366303
1,1,0.9978034
1,1,0.9987463
1,1,0.9987004
1,1,0.99812657
0,0,0.0009062013
1,1,0.9981236
0,0,0.00088609697
0,0,0.00082858035
1,1,0.9987526
1,1,0.99851376
0,0,0.00082139997
1,1,0.9983298
0,0,0.00086383824
0,0,0.00083474733
0,0,0.0008316708
1,1,0.99810827
1,1,0.99797386
0,0,0.0008244534
1,1,0.9982899
1,1,0.99794513
0,0,0.0008658531
1,1,0.9993242
1,1,0.99920577
1,1,0.99898106
0,0,0.0008761241
1,1,0.9975114
0,0,0.00082482357
1,1,0.998642
0,0,0.000841341
1,1,0.9982096
1,1,0.99909616
1,1,0.9986922
1,1,0.99863356
1,1,0.99730563
0,0,0.0008414508
0,0,0.0008635362
0,0,0.00067050767
1,1,0.99885786
1,1,0.9986481
1,1,0.99890196
0,0,0.0008528917
1,1,0.9987313
1,1,0.99858737
1,1,0.9981432
1,1,0.9977315
0,0,0.0008458384
1,1,0.99837947
1,1,0.99920744
0,0,0.00072869594
1,1,0.99879384
1,1,0.9986759
0,0,0.0013442117
1,1,0.99908257
1,1,0.9982613
1,1,0.99850696
0,0,0.0008737672
1,1,0.9976889
0,0,0.00061694544
1,1,0.9989961
1,1,0.9989235
0,0,0.00083956553
1,1,0.998638
1,1,0.9994087
1,1,0.998613
1,1,0.9978485
1,1,0.9983046
0,0,0.0013669579
0,0,0.0010937601
1,1,0.99847466
1,1,0.9975598
1,1,0.99876344
1,1,0.9988827
1,1,0.99876875
0,0,0.00090518047
1,1,0.99879515
1,1,0.99929297
0,0,0.00083088817
0,0,0.0010725408
0,0,0.00087591115
1,1,0.9993949
1,1,0.9981353
0,0,0.00082459406
1,1,0.9988953
1,1,0.99918085
1,1,0.9980484
1,1,0.9990601
1,1,0.99888355
1,1,0.999025
0,0,0.00083118037
0,0,0.00085494696
1,1,0.9984309
1,1,0.9992918
1,1,0.99918383
1,1,0.9985667
1,1,0.9990772
1,1,0.99818414
1,1,0.99770015
0,0,0.001044573
1,1,0.9984127
1,1,0.99868256
1,1,0.99864095
1,1,0.9979163
1,1,0.9985399
1,1,0.99772245
1,1,0.99873096
1,1,0.99920064
1,1,0.99902296
1,1,0.99936
1,1,0.9984396
1,1,0.9988171
1,1,0.998946
1,1,0.9987545
0,0,0.00063135056
1,1,0.9978816
0,0,0.00085070834
0,0,0.0016004858
1,1,0.9983222
1,1,0.9981673
0,0,0.0008393263
1,1,0.99874026
0,0,0.00083212263
1,1,0.99880576
0,0,0.0008696217
1,1,0.99876416
1,1,0.99899346
1,1,0.997883
1,1,0.99930346
1,1,0.99897647
1,1,0.9992674
0,0,0.0008387459
1,1,0.99815077
1,1,0.9980311
1,1,0.9984419
0,0,0.0008308819
1,1,0.999014
1,1,0.9983177
1,1,0.9979243
1,1,0.9986577
1,1,0.9988381
0,0,0.0009905598
0,0,0.0008170557
1,1,0.9978842
0,0,0.00082318956
1,1,0.99868184
1,1,0.9985273
1,1,0.9977666
0,0,0.0008606005
0,0,0.00073753856
0,0,0.00081543165
0,0,0.00086208765
1,1,0.9985045
1,1,0.9991054
1,1,0.9989158
1,1,0.9991788
1,1,0.99934417
1,1,0.9980913
0,0,0.0010211976
1,1,0.99747497
1,1,0.99798846
0,0,0.0007498601
1,1,0.9981165
1,1,0.998374
1,1,0.99852437
1,1,0.99932706
1,1,0.9989378
1,1,0.99854314
1,1,0.99814844
1,1,0.99899274
0,0,0.00086417905
1,1,0.99747485
1,1,0.99847466
1,1,0.99840194
0,0,0.0008267152
1,1,0.99882454
0,0,0.0008672006
1,1,0.997905
1,1,0.9993253
0,0,0.00086998555
1,1,0.99834573
0,0,0.00084015774
0,0,0.0008135612
0,0,0.0008411269
0,0,0.0014998878
1,1,0.99802834
1,1,0.99847955
1,1,0.998365
1,1,0.99846065
1,1,0.99857783
1,1,0.99822193
0,0,0.00068051316
0,0,0.0007463226
0,0,0.0008075436
1,1,0.9984634
0,0,0.0008928107
1,1,0.9985915
0,0,0.0008517547
0,0,0.00083771715
1,1,0.9981375
1,1,0.99905425
0,0,0.0008613552
0,0,0.0013311013
0,0,0.0007331476
0,0,0.0008900876
0,0,0.00084558537
1,1,0.9986344
1,1,0.9979662
0,0,0.00082957733
1,1,0.9982066
1,1,0.99908686
1,1,0.998591
1,1,0.9980387
0,0,0.00084310974
1,1,0.99816567
1,1,0.99766207
1,1,0.9982912
1,1,0.99876416
1,1,0.9984415
1,1,0.9979175
1,1,0.9975504
0,0,0.0008373923
1,1,0.9992306
1,1,0.9979457
0,0,0.00083709793
1,1,0.9987463
0,0,0.0013791582
1,1,0.9985158
1,1,0.99850744
1,1,0.99775344
0,0,0.0008247159
1,1,0.99768054
0,0,0.0008429724
1,1,0.99839383
1,1,0.9980057
0,0,0.0016864415
1,1,0.99799407
1,1,0.9988589
1,1,0.9982887
1,1,0.99828315
1,1,0.99803954
0,0,0.0007999254
0,0,0.0008665819
0,0,0.000844351
1,1,0.99825007
1,1,0.99871516
0,0,0.0011317541
1,1,0.9985733
1,1,0.99890125
1,1,0.99863225
1,1,0.99890566
0,0,0.00079077465
1,1,0.998591
1,1,0.99922764
1,1,0.99905545
1,1,0.99878377
0,0,0.0011617701
0,0,0.000693933
1,1,0.9984011
0,0,0.0008296525
1,1,0.9987336
1,1,0.99872893
1,1,0.999012
1,1,0.997755
1,1,0.9984309
1,1,0.9992354
1,1,0.99894947
1,1,0.99912375
1,1,0.99865985
0,0,0.0008997632
1,1,0.9990024
1,1,0.99746203
1,1,0.9983741
1,1,0.99829036
0,0,0.00083224475
1,1,0.9984074
1,1,0.99874276
0,0,0.0016801609
0,0,0.00074484904
0,0,0.0010899222
1,1,0.9976355
1,1,0.9976344
1,1,0.9989874
1,1,0.99892056
0,0,0.00082769257
1,1,0.9980836
1,1,0.99770075
1,1,0.99835277
0,0,0.0013932348
1,1,0.9981006
1,1,0.9975827
1,1,0.99807006
0,0,0.0008466149
1,1,0.99900514
1,1,0.9993112
0,0,0.0006562421
0,0,0.00085089233
1,1,0.99802375
1,1,0.9981996
1,1,0.9991503
1,1,0.9980762
0,0,0.0006677986
0,0,0.00084216153
1,1,0.99768746
0,0,0.00080737437
1,1,0.99753296
1,1,0.9977762
1,1,0.9994024
1,1,0.9984604
1,1,0.9986745
0,0,0.00082278653
1,1,0.998357
1,1,0.99863964
1,1,0.99769646
1,1,0.99868506
0,0,0.00067181763
0,0,0.00088850816
0,0,0.0008373261
1,1,0.9993709
1,1,0.9982255
1,1,0.99836034
0,0,0.0008286743
0,0,0.0010946378
1,1,0.9987675
1,1,0.998211
1,1,0.99800724
1,1,0.99836177
1,1,0.99773335
0,0,0.0008460431
1,1,0.9987797
1,1,0.99910563
1,1,0.9980381
1,1,0.99884284
0,0,0.00083091593
0,0,0.00084614067
0,0,0.00084764406
1,1,0.99933976
0,0,0.0007788575
1,1,0.99825186
1,1,0.99895585
1,1,0.9986304
0,0,0.00090268184
1,1,0.9983724
1,1,0.99875784
1,1,0.99793845
1,1,0.99909246
1,1,0.99900764
0,0,0.000834438
1,1,0.99846053
0,0,0.0007213713
1,1,0.9980108
1,1,0.99864703
0,0,0.00084636005
1,1,0.99797195
1,1,0.99907696
0,0,0.00083136256
1,1,0.99918336
1,1,0.9976572
1,1,0.9986411
1,1,0.9992015
0,0,0.0008432262
1,1,0.99830973
1,1,0.99785763
1,1,0.9986461
0,0,0.00047893895
0,0,0.0008328699
0,0,0.00082749303
1,1,0.9992318
1,1,0.99802387
1,1,0.9978065
1,1,0.9979754
1,1,0.9984572
1,1,0.9987155
1,1,0.9991968
1,1,0.9990349
1,1,0.99887687
1,1,0.999175
0,0,0.00059946184
0,0,0.00035342932
1,1,0.9983053
1,1,0.99890673
0,0,0.00081239914
1,1,0.9982658
0,0,0.0010935601
1,1,0.99788743
1,1,0.99753225
1,1,0.9976687
0,0,0.00058099866
0,0,0.0008560907
1,1,0.9985507
1,1,0.99799025
1,1,0.99757665
0,0,0.0008056498
1,1,0.9984322
0,0,0.00085606944
0,0,0.0008216246
0,0,0.0008509556
0,0,0.0008813924
0,0,0.0008208326
1,1,0.99908304
0,0,0.0008326453
1,1,0.9991321
1,1,0.9988595
0,0,0.0006865649
1,1,0.9981477
0,0,0.00081972586
0,0,0.00085418805
1,1,0.998251
1,1,0.99914515
1,1,0.99917847
0,0,0.00084462867
1,1,0.9987569
0,0,0.0013742337
0,0,0.00096938334
1,1,0.99749786
1,1,0.9985733
0,0,0.0005887785
0,0,0.00083720725
0,0,0.0012607132
1,1,0.99762386
1,1,0.9983448
1,1,0.9993243
1,1,0.99910176
0,0,0.0011877199
1,1,0.9982747
1,1,0.99766076
0,0,0.00084073114
1,1,0.9990466
1,1,0.9986885
1,1,0.99777716
0,0,0.00082247454
0,0,0.0008370955
1,1,0.9983203
0,0,0.0016216788
1,1,0.99940956
1,1,0.9988563
0,0,0.00086251815
1,1,0.9987332
0,0,0.0007492808
1,1,0.9993643
1,1,0.99910456
0,0,0.0016157912
1,1,0.99886096
0,0,0.0008355296
1,1,0.99807584
1,1,0.99771607
1,1,0.99846506
1,1,0.99753475
1,1,0.9990202
1,1,0.9979189
1,1,0.9981146
1,1,0.9976044
1,1,0.99916625
0,0,0.0008578414
0,0,0.0008483196
1,1,0.99861705
1,1,0.9988863
1,1,0.99932563
0,0,0.0008446263
1,1,0.9990742
1,1,0.9987727
0,0,0.00087925844
0,0,0.0008472839
0,0,0.00085679494
1,1,0.9992632
1,1,0.99832755
1,1,0.99805117
1,1,0.99915123
1,1,0.997635
0,0,0.00084987056
0,0,0.0008261269
1,1,0.99807334
0,0,0.00081849576
0,0,0.0008158078
1,1,0.998211
1,1,0.99749595
0,0,0.00085572695
1,1,0.9980007
0,0,0.0008708606
1,1,0.99876934
1,1,0.99925107
0,0,0.0008285859
0,0,0.00084557803
1,1,0.9982134
1,1,0.9981256
1,1,0.9984817
1,1,0.9986131
1,1,0.99870396
1,1,0.9989496
0,0,0.0008216794
1,1,0.9977004
0,0,0.00076784025
1,1,0.99853635
0,0,0.00083392614
1,1,0.99803203
1,1,0.99831843
0,0,0.0008556886
0,0,0.0007337193
1,1,0.99892706
0,0,0.00083253504
1,1,0.99896276
0,0,0.0008450916
1,1,0.99778277
1,1,0.9980867
1,1,0.99892163
1,1,0.99871933
0,0,0.00070047245
1,1,0.9993887
0,0,0.0008574598
1,1,0.9983728
0,0,0.0012520184
1,1,0.99896455
0,0,0.0012950215
1,1,0.99926895
1,1,0.99885905
0,0,0.0008005118
0,0,0.000837979
0,0,0.0010680086
0,0,0.0011769196
1,1,0.99764425
1,1,0.99833626
1,1,0.9978479
1,1,0.9987569
1,1,0.998565
1,1,0.9986229
1,1,0.9983645
0,0,0.0006042275
0,0,0.0008402994
1,1,0.9978375
1,1,0.9981529
0,0,0.0008370429
0,0,0.0013028837
1,1,0.9984078
1,1,0.99847966
0,0,0.00082028616
1,1,0.99857736
1,1,0.9990119
1,1,0.99866426
0,0,0.0008416448
1,1,0.997919
0,0,0.00083984155
1,1,0.99784005
1,1,0.9987644
0,0,0.00085979316
0,0,0.0008437077
1,1,0.999332
1,1,0.99923086
0,0,0.00083300093
0,0,0.00082776515
1,1,0.9980269
0,0,0.00083969755
0,0,0.00087223324
1,1,0.99777335
0,0,0.0008303666
1,1,0.9990664
0,0,0.0008368204
1,1,0.9990569
1,1,0.99837554
1,1,0.998422
1,1,0.998723
1,1,0.9979017
1,1,0.9987545
0,0,0.0008773863
1,1,0.9993012
1,1,0.9987324
0,0,0.0006377557
0,0,0.0008542613
1,1,0.99814856
1,1,0.9983663
1,1,0.9988049
1,1,0.99821824
1,1,0.99892837
0,0,0.00081667665
0,0,0.0006169995
0,0,0.0011612822
1,1,0.9993327
1,1,0.997603
1,1,0.9983559
1,1,0.9990119
1,1,0.9976623
0,0,0.00087301823
0,0,0.0014933449
1,1,0.99866986
1,1,0.99869674
1,1,0.99838185
0,0,0.001193014
0,0,0.0011446587
0,0,0.0008391704
1,1,0.9981598
0,0,0.0008111399
1,1,0.99856925
1,1,0.997938
0,0,0.0010695114
1,1,0.9972446
0,0,0.00083094527
1,1,0.9978497
1,1,0.9980703
1,1,0.99828464
0,0,0.0012516904
1,1,0.9976307
1,1,0.9988894
0,0,0.0008439159
1,1,0.9981134
1,1,0.9990664
1,1,0.9987068
0,0,0.0008876341
1,1,0.9982278
1,1,0.99889094
1,1,0.99906784
1,1,0.998276
1,1,0.99926394
1,1,0.99874425
1,1,0.9975594
0,0,0.00084180845
0,0,0.0015837016
0,0,0.0008238707
1,1,0.9976144
1,1,0.9981781
1,1,0.99863213
0,0,0.0012582996
1,1,0.99822277
1,1,0.9984668
0,0,0.0008542117
1,1,0.9984659
0,0,0.0007295631
1,1,0.9983181
1,1,0.99803966
1,1,0.99921775
1,1,0.99898416
0,0,0.00084221363
0,0,0.0010123758
1,1,0.9985917
0,0,0.0007970804
1,1,0.99819034
1,1,0.99930036
0,0,0.0008577923
1,1,0.9990926
1,1,0.99869066
1,1,0.9985637
1,1,0.99803644
0,0,0.00083158683
0,0,0.0008293173
1,1,0.99907035
0,0,0.00082427514
1,1,0.9973158
0,0,0.0007954543
1,1,0.9981173
0,0,0.0008064739
0,0,0.0008883405
1,1,0.9992077
0,0,0.0013429769
1,1,0.9981488
1,1,0.9992343
1,1,0.99871206
0,0,0.0008131349
1,1,0.9977715
0,0,0.0008431756
1,1,0.99892944
1,1,0.9984602
1,1,0.9993445
0,0,0.001349052
0,0,0.00080221856
1,1,0.9983051
0,0,0.00083364645
1,1,0.9982126
0,0,0.00085767056
1,1,0.9985215
1,1,0.99800164
1,1,0.99850297
1,1,0.9988918
1,1,0.9991565
0,0,0.00083861564
0,0,0.00082342804
1,1,0.9980609
0,0,0.0008523441
1,1,0.99760026
1,1,0.99894947
1,1,0.99750876
0,0,0.000841066
1,1,0.9981918
0,0,0.0015709418
1,1,0.99851686
1,1,0.99804616
1,1,0.9992144
1,1,0.99880755
0,0,0.0008547433
0,0,0.00082770357
0,0,0.0008419047
1,1,0.9990319
1,1,0.99916875
0,0,0.00083986955
1,1,0.99939907
0,0,0.00088170485
1,1,0.99870956
1,1,0.9987363
0,0,0.0008422345
1,1,0.9979861
0,0,0.000826916
1,1,0.9988864
1,1,0.998577
1,1,0.99770504
1,1,0.99911386
0,0,0.0008775493
1,1,0.99848723
0,0,0.0010100713
0,0,0.00083920953
1,1,0.99835014
1,1,0.9982451
1,1,0.99880314
1,1,0.99835265
1,1,0.99786985
1,1,0.9993687
1,1,0.9983706
0,0,0.000836598
1,1,0.998519
1,1,0.99879813
1,1,0.9989666
0,0,0.0008398639
0,0,0.00083074253
0,0,0.0008250688
0,0,0.00085519144
0,0,0.0008498892
1,1,0.9984876
1,1,0.99888366
0,0,0.000852999
1,1,0.998892
1,1,0.9986432
1,1,0.9992306
1,1,0.9987703
0,0,0.0010233383
0,0,0.0009953305
1,1,0.9980495
1,1,0.9977709
1,1,0.9981958
0,0,0.00060644984
0,0,0.00083129684
1,1,0.9991922
1,1,0.9980458
1,1,0.9984048
1,1,0.99940014
1,1,0.9987931
1,1,0.99834776
0,0,0.0008500002
0,0,0.0008509694
1,1,0.99900335
0,0,0.0008433202
0,0,0.00082730304
1,1,0.9988342
1,1,0.9982132
0,0,0.00085290056
1,1,0.99777263
0,0,0.0008593475
1,1,0.99804604
1,1,0.9973564
1,1,0.9984617
1,1,0.9987294
0,0,0.0008418839
0,0,0.0008161927
1,1,0.99859446
1,1,0.99786574
1,1,0.9982962
1,1,0.9977852
1,1,0.99798274
0,0,0.00085808337
1,1,0.9986909
0,0,0.0015903595
1,1,0.99863964
1,1,0.9984251
1,1,0.997965
1,1,0.9985024
1,1,0.9981401
1,1,0.9981046
1,1,0.99768496
0,0,0.0008560776
1,1,0.99838316
1,1,0.99878615
1,1,0.9983431
0,0,0.00086822006
0,0,0.000832939
0,0,0.0008396695
1,1,0.9980996
0,0,0.000831464
1,1,0.9976846
1,1,0.99820185
0,0,0.00083318265
1,1,0.9980786
1,1,0.99838424
0,0,0.0008329049
0,0,0.0008656221
0,0,0.0010613682
1,1,0.9989531
1,1,0.99914885
0,0,0.0008504546
1,1,0.99831235
0,0,0.0008539545
1,1,0.9986809
1,1,0.9981889
0,0,0.0012403115
0,0,0.0008257208
0,0,0.00083709235
1,1,0.9981231
1,1,0.9979381
1,1,0.998468
1,1,0.9988368
1,1,0.99844307
0,0,0.0008321758
0,0,0.0016489587
0,0,0.0008581284
1,1,0.9986389
0,0,0.0008498001
1,1,0.9984592
1,1,0.998531
1,1,0.9989712
1,1,0.99795413
1,1,0.9985952
0,0,0.00081631955
1,1,0.9981528
1,1,0.999141
0,0,0.0008397223
1,1,0.9980883
1,1,0.9985618
0,0,0.00065136875
1,1,0.9991166
0,0,0.0008296817
0,0,0.00083794707
0,0,0.00083872513
1,1,0.9984016
0,0,0.0008543175
0,0,0.0007556634
0,0,0.00084194564
1,1,0.9970982
1,1,0.99835443
1,1,0.9986929
1,1,0.9988279
1,1,0.9979042
1,1,0.9991386
0,0,0.000853277
1,1,0.99856
0,0,0.0008742777
1,1,0.99866426
0,0,0.0014491624
1,1,0.99857235
0,0,0.00083499716
1,1,0.9991279
1,1,0.99775547
0,0,0.0013197327
1,1,0.9985435
1,1,0.9991466
0,0,0.00087095104
0,0,0.0008491501
0,0,0.0008395463
1,1,0.9986117
1,1,0.9985085
0,0,0.0008482436
1,1,0.9987361
1,1,0.9990773
1,1,0.9988393
1,1,0.99836665
0,0,0.00085538696
1,1,0.9989058
1,1,0.9979609
1,1,0.9984237
0,0,0.0008213522
1,1,0.9978346
1,1,0.99886096
0,0,0.0014170415
1,1,0.99876106
1,1,0.99834085
1,1,0.99885654
0,0,0.00089276227
1,1,0.9982692
0,0,0.0016725877
1,1,0.99801636
0,0,0.0008443398
0,0,0.00082759245
0,0,0.0008430712
0,0,0.00083782093
0,0,0.00084670365
0,0,0.00080698665
0,0,0.0006075919
0,0,0.0011375205
0,0,0.0008434866
1,1,0.9981852
0,0,0.00083319854
1,1,0.99794585
1,1,0.9985393
0,0,0.0008173111
0,0,0.0011391275
1,1,0.99920005
0,0,0.0008431813
1,1,0.9981852
1,1,0.99925977
1,1,0.9986528
1,1,0.9987185
0,0,0.0008404251
1,1,0.99846363
0,0,0.0008436136
1,1,0.99872726
1,1,0.99851674
0,0,0.0007984557
1,1,0.998585
1,1,0.9984498
1,1,0.99917233
1,1,0.9983754
1,1,0.99867046
0,0,0.0008294374
1,1,0.99927324
1,1,0.9989556
1,1,0.9985833
1,1,0.9994337
1,1,0.9980572
0,0,0.0018670417
1,1,0.99831724
1,1,0.9983
1,1,0.99914265
1,1,0.9986291
1,1,0.9986412
1,1,0.9980003
1,1,0.99876934
0,0,0.0008339063
1,1,0.9985123
1,1,0.9987245
0,0,0.00086777675
0,0,0.00088422885
1,1,0.99781185
1,1,0.99852484
1,1,0.998103
0,0,0.00085022935
1,1,0.99857557
1,1,0.9988477
1,1,0.9977296
1,1,0.9979614
1,1,0.9992022
0,0,0.00082693977
0,0,0.00082074816
1,1,0.99761164
1,1,0.9991252
0,0,0.00085150066
0,0,0.0008816032
0,0,0.0008408961
0,0,0.0008513181
0,0,0.0008441837
1,1,0.99838305
1,1,0.99851364
1,1,0.99836236
0,0,0.0008193986
1,1,0.99855846
0,0,0.0008281036
0,0,0.0008174116
1,1,0.9991646
1,1,0.99914885
0,0,0.000836826
1,1,0.99835676
0,0,0.0011781557
0,0,0.0008580981
0,0,0.00081603095
0,0,0.0010984192
1,1,0.9990252
0,0,0.001304785
1,1,0.99895585
0,0,0.000860416
0,0,0.00082916557
1,1,0.998909
0,0,0.0008162619
0,0,0.0008525309
1,1,0.9987239
1,1,0.9980063
1,1,0.9992736
0,0,0.000832708
0,0,0.0008390393
1,1,0.99925166
0,0,0.0008579861
0,0,0.0007687005
1,1,0.99916446
0,0,0.0008510594
1,1,0.9984779
1,1,0.99895394
1,1,0.9982687
0,0,0.0008404372
1,1,0.99823606
1,1,0.99819547
1,1,0.99822026
0,0,0.0008086625
1,1,0.99780625
1,1,0.9991437
1,1,0.9978204
1,1,0.99809295
1,1,0.9978684
0,0,0.00085206394
1,1,0.99845254
1,1,0.99812967
1,1,0.99868375
1,1,0.9987484
1,1,0.9986368
1,1,0.9992322
1,1,0.99851197
0,0,0.00065263454
0,0,0.0013061677
1,1,0.9987821
1,1,0.997945
1,1,0.9989993
1,1,0.99692106
0,0,0.0010190256
1,1,0.9990613
0,0,0.0010727348
0,0,0.0010221797
1,1,0.9993722
1,1,0.9991929
1,1,0.9982932
0,0,0.0008481563
1,1,0.9991322
1,1,0.9986027
1,1,0.99922204
0,0,0.0008130148
0,0,0.0010446048
1,1,0.9986701
0,0,0.0008468392
0,0,0.0009290663
1,1,0.99858415
1,1,0.99868876
0,0,0.0008179609
1,1,0.999278
1,1,0.99820244
1,1,0.9992605
1,1,0.99859816
0,0,0.0016701705
1,1,0.99905604
1,1,0.99875164
1,1,0.99839383
1,1,0.9985403
1,1,0.99832565
1,1,0.9992224
0,0,0.0011053534
1,1,0.9988519
0,0,0.00084321096
1,1,0.9985777
0,0,0.0007655002
1,1,0.99746656
1,1,0.99856734
1,1,0.9991798
1,1,0.9979353
1,1,0.9986879
1,1,0.9978625
0,0,0.0010372526
1,1,0.9988852
1,1,0.9986841
1,1,0.99866056
1,1,0.9982765
1,1,0.99862456
1,1,0.99808264
0,0,0.0008520566
0,0,0.0008878583
1,1,0.9983909
1,1,0.9984118
1,1,0.9982374
1,1,0.9986016
1,1,0.9975923
1,1,0.9990363
1,1,0.99817467
1,1,0.99900717
1,1,0.99914443
1,1,0.99826425
0,0,0.0008632532
1,1,0.998038
0,0,0.0008014446
1,1,0.9989982
1,1,0.9993218
1,1,0.9975459
0,0,0.00069294707
1,1,0.9992866
0,0,0.0008409362
1,1,0.9984257
1,1,0.9979069
1,1,0.99841833
0,0,0.0013523967
0,0,0.00083802774
0,0,0.0008295908
0,0,0.0008509605
1,1,0.9987931
0,0,0.00083353283
0,0,0.00082858343
1,1,0.99916124
1,1,0.9980945
0,0,0.00086731545
1,1,0.99798787
1,1,0.9977805
1,1,0.9990306
1,1,0.99916506
1,1,0.99915004
1,1,0.9978265
1,1,0.99790406
0,0,0.00085040764
0,0,0.0009727807
1,1,0.99822587
0,0,0.001820741
1,1,0.9990729
0,0,0.0013056067
1,1,0.9986926
1,1,0.9976204
1,1,0.9984231
1,1,0.9986456
1,1,0.9978677
1,1,0.9982299
1,1,0.99853826
1,1,0.998367
1,1,0.9986952
1,1,0.99836487
0,0,0.00084630435
0,0,0.0008519584
1,1,0.9978375
1,1,0.9992255
1,1,0.99920136
1,1,0.9988618
1,1,0.9989458
1,1,0.9991812
1,1,0.99796677
1,1,0.9990656
0,0,0.0010293458
0,0,0.0008191769
1,1,0.99892575
0,0,0.0008214226
1,1,0.99894017
1,1,0.9993678
1,1,0.9976053
1,1,0.99783856
0,0,0.0008474301
1,1,0.99782985
1,1,0.9977502
1,1,0.9992804
1,1,0.9985441
1,1,0.99878377
1,1,0.998538
0,0,0.0016999082
1,1,0.9985416
1,1,0.9986534
0,0,0.0018882207
1,1,0.9974226
0,0,0.0007896331
1,1,0.99935573
1,1,0.9986021
0,0,0.00086404814
1,1,0.99851435
1,1,0.9979867
1,1,0.9984068
0,0,0.0008266356
0,0,0.0008304552
0,0,0.0008524188
0,0,0.00083461695
1,1,0.9993717
0,0,0.00085527456
0,0,0.0006449906
1,1,0.9982652
0,0,0.0010243879
1,1,0.99871707
1,1,0.99919766
1,1,0.9985752
0,0,0.00082480157
0,0,0.0008398896
0,0,0.0009242861
1,1,0.9986179
1,1,0.99910694
1,1,0.99866366
1,1,0.9981194
1,1,0.9988863
1,1,0.99935764
0,0,0.0008353919
1,1,0.99806374
1,1,0.9983247
1,1,0.9978886
1,1,0.99870336
1,1,0.9987901
1,1,0.9988901
0,0,0.00081901066
0,0,0.00084393757
1,1,0.9992193
1,1,0.99865615
1,1,0.9989982
1,1,0.9990964
1,1,0.9986934
1,1,0.9987386
0,0,0.00085899635
0,0,0.0015802236
0,0,0.0008251254
1,1,0.9985342
1,1,0.99844354
0,0,0.00086107705
1,1,0.998026
0,0,0.00086375844
0,0,0.00084043475
1,1,0.998171
1,1,0.99901414
0,0,0.00086406054
1,1,0.99924266
0,0,0.0008241503
0,0,0.00083730137
0,0,0.0008134108
0,0,0.00075545313
1,1,0.9991061
1,1,0.99809295
0,0,0.0008362505
1,1,0.99842036
0,0,0.00082765316
1,1,0.9989328
1,1,0.9980975
0,0,0.0008422313
1,1,0.99906045
1,1,0.99814534
1,1,0.9981975
0,0,0.000858458
0,0,0.00087093195
0,0,0.0015700505
1,1,0.9976271
0,0,0.00086743035
1,1,0.99909914
1,1,0.9982516
0,0,0.0008752947
1,1,0.99833626
1,1,0.99801034
0,0,0.0008314046
0,0,0.0008556006
1,1,0.99866414
1,1,0.99885607
0,0,0.00087082817
1,1,0.99866295
0,0,0.0008502618
1,1,0.9984018
1,1,0.9982767
1,1,0.99804986
0,0,0.00084826536
1,1,0.9982174
0,0,0.0008383583
0,0,0.000857879
0,0,0.0014140246
1,1,0.99874866
1,1,0.9986162
1,1,0.9970547
0,0,0.00082599156
1,1,0.99821883
0,0,0.0008517262
1,1,0.9991497
0,0,0.00085330295
1,1,0.9985403
0,0,0.00084812724
1,1,0.9987349
0,0,0.00089098874
0,0,0.00084113097
1,1,0.9990264
1,1,0.9975575
1,1,0.9989722
1,1,0.9988174
0,0,0.0015330425
1,1,0.99911565
1,1,0.99857783
0,0,0.00088775327
1,1,0.9991968
1,1,0.9987068
1,1,0.9985159
1,1,0.99846125
1,1,0.9985549
1,1,0.99867463
1,1,0.9978998
1,1,0.99796605
1,1,0.9990264
1,1,0.9980641
1,1,0.99902725
1,1,0.9988955
0,0,0.0008451343
0,0,0.001071791
1,1,0.9978611
0,0,0.00089499116
1,1,0.9981212
0,0,0.00085648155
1,1,0.99875987
1,1,0.9988501
0,0,0.000641849
1,1,0.99798125
1,1,0.99851686
1,1,0.9976356
1,1,0.9983278
1,1,0.99803156
1,1,0.99851507
0,0,0.0008270713
1,1,0.9975139
0,0,0.00083949347
1,1,0.99926084
0,0,0.0010376282
1,1,0.9984073
1,1,0.99906725
1,1,0.99826765
1,1,0.99896264
1,1,0.9990288
1,1,0.9992111
1,1,0.9977156
0,0,0.000849469
1,1,0.9985354
0,0,0.0010983292
1,1,0.9981755
1,1,0.9988458
1,1,0.99857664
1,1,0.99887913
0,0,0.0018255503
1,1,0.9981774
1,1,0.9987048
0,0,0.000836064
1,1,0.9983316
0,0,0.0009966989
1,1,0.99847776
0,0,0.0008344674
1,1,0.99760383
1,1,0.9991667
0,0,0.0007756371
1,1,0.99869955
1,1,0.99823546
1,1,0.9985024
1,1,0.99838316
1,1,0.9987804
1,1,0.9994129
1,1,0.9982666
1,1,0.99729794
1,1,0.99816614
1,1,0.9985843
0,0,0.0008703512
1,1,0.99878305
0,0,0.0012833592
0,0,0.0008281896
1,1,0.99848145
1,1,0.9993728
1,1,0.9983662
1,1,0.9991768
1,1,0.998324
1,1,0.99873513
1,1,0.9990742
1,1,0.999102
0,0,0.00083412876
1,1,0.999005
0,0,0.0011475037
0,0,0.0008649254
0,0,0.00085317454
1,1,0.9981553
1,1,0.99817085
1,1,0.9991462
0,0,0.00063444255
1,1,0.9977945
1,1,0.99918526
0,0,0.0008413049
1,1,0.9980665
1,1,0.9985702
0,0,0.0008137077
0,0,0.00084196805
0,0,0.001046013
1,1,0.9983607
0,0,0.0008266348
0,0,0.0007487747
1,1,0.99851173
0,0,0.0008311281
0,0,0.00082265167
1,1,0.99796605
0,0,0.0008353465
0,0,0.00088021153
1,1,0.99925655
1,1,0.9976324
1,1,0.99873847
0,0,0.00084626727
0,0,0.00081797416
0,0,0.00085317943
0,0,0.00083730614
1,1,0.9986156
0,0,0.0012171934
0,0,0.0008305479
0,0,0.0008773512
0,0,0.00093113014
0,0,0.00083906564
0,0,0.0008143694
1,1,0.99889296
1,1,0.9980599
1,1,0.9987519
0,0,0.00086545805
1,1,0.99883956
1,1,0.9981255
1,1,0.9983505
1,1,0.99814785
1,1,0.9986927
1,1,0.9987305
0,0,0.00083440146
1,1,0.99834037
0,0,0.0008233849
1,1,0.9989844
1,1,0.99793386
1,1,0.99883467
1,1,0.9975043
0,0,0.00082762947
0,0,0.0008621139
1,1,0.99893254
1,1,0.9993735
1,1,0.9991742
1,1,0.9976247
0,0,0.0011469726
1,1,0.9985057
1,1,0.998928
1,1,0.99825865
0,0,0.0008289396
1,1,0.9977584
0,0,0.00082448096
0,0,0.0008766643
1,1,0.99890244
0,0,0.00083843427
1,1,0.99920326
0,0,0.0011192232
1,1,0.9979386
0,0,0.0008461657
0,0,0.00083831203
0,0,0.0008425387
1,1,0.999172
0,0,0.00084279326
0,0,0.00084422796
1,1,0.9980044
1,1,0.9983209
1,1,0.99894625
0,0,0.0008515842
0,0,0.0008128653
0,0,0.0017879365
1,1,0.99767333
1,1,0.9980678
0,0,0.00051619724
0,0,0.00084154384
1,1,0.99910116
0,0,0.00083410734
1,1,0.9989575
0,0,0.0008648595
1,1,0.9980458
1,1,0.9986701
0,0,0.0008236321
1,1,0.9993575
1,1,0.9983088
1,1,0.9987143
0,0,0.00084924407
1,1,0.9987357
0,0,0.0012503226
1,1,0.99752337
0,0,0.0008357095
1,1,0.9987207
0,0,0.0006146957
1,1,0.99800044
0,0,0.00087078835
1,1,0.9987054
0,0,0.0009397003
1,1,0.99887604
1,1,0.9986279
0,0,0.000834885
1,1,0.9987136
1,1,0.99880266
1,1,0.99762505
1,1,0.9986828
1,1,0.9978277
1,1,0.99771047
1,1,0.99817467
0,0,0.0008325089
1,1,0.9981476
1,1,0.9986241
0,0,0.0008442183
0,0,0.0008398511
0,0,0.0008612379
1,1,0.9978192
1,1,0.9991398
0,0,0.0011021107
1,1,0.99928457
0,0,0.0008418013
1,1,0.9992549
1,1,0.9974866
1,1,0.9991365
1,1,0.99812704
1,1,0.9984805
0,0,0.0008546041
1,1,0.9990416
1,1,0.99774253
0,0,0.0008379774
0,0,0.00082443847
1,1,0.9983125
1,1,0.99815303
1,1,0.9991411
1,1,0.9988009
0,0,0.0008538959
0,0,0.00084651896
0,0,0.0008726007
1,1,0.99818146
1,1,0.9980446
0,0,0.00050784973
0,0,0.0008226751
1,1,0.9992173
1,1,0.9989623
0,0,0.00083656126
1,1,0.9992779
1,1,0.99828833
0,0,0.0008519966
0,0,0.0018642589
1,1,0.9991835
1,1,0.9976471
1,1,0.99780303
0,0,0.0008112797
1,1,0.9987445
0,0,0.00080431276
0,0,0.00083361147
0,0,0.00083234947
1,1,0.9983448
1,1,0.99885845
1,1,0.9992331
1,1,0.9981523
1,1,0.997928
0,0,0.0012136474
1,1,0.9983741
1,1,0.99759835
1,1,0.99860555
0,0,0.00081513956
1,1,0.9986897
0,0,0.0010421546
0,0,0.0008532542
1,1,0.997922
1,1,0.9981218
0,0,0.00083809794
1,1,0.9983981
1,1,0.9980629
1,1,0.9983491
0,0,0.00083974074
0,0,0.0008502383
1,1,0.9990018
1,1,0.99870694
1,1,0.99915445
1,1,0.9980831
1,1,0.9986494
1,1,0.99797577
0,0,0.000844945
0,0,0.0014464104
1,1,0.99794143
0,0,0.00085589004
0,0,0.00084590854
1,1,0.99917275
0,0,0.00085495505
1,1,0.9988881
0,0,0.0008442674
1,1,0.99925286
0,0,0.00087548484
1,1,0.9988589
1,1,0.9984491
0,0,0.0008219034
1,1,0.998741
1,1,0.99858546
0,0,0.00084877235
1,1,0.9987876
0,0,0.000843567
1,1,0.9987532
0,0,0.0008454701
0,0,0.0011164609
0,0,0.0013894241
1,1,0.99810624
1,1,0.9980513
0,0,0.0008517019
1,1,0.9979558
1,1,0.9988386
1,1,0.99920815
0,0,0.00080003066
1,1,0.99805886
0,0,0.00085833116
1,1,0.99907494
0,0,0.0008534941
0,0,0.00087156286
0,0,0.00086912717
1,1,0.9988826
1,1,0.9989779
1,1,0.99881893
0,0,0.00084545964
0,0,0.0006322863
1,1,0.99918896
1,1,0.99876225
1,1,0.998844
0,0,0.0008104723
1,1,0.9982352
0,0,0.0016849538
0,0,0.0013415772
1,1,0.9987954
1,1,0.9978611
1,1,0.99928254
1,1,0.999159
1,1,0.99822384
1,1,0.9987973
1,1,0.99888366
1,1,0.9986307
0,0,0.00087244273
0,0,0.00084274425
0,0,0.00084561994
1,1,0.99835134
1,1,0.9986834
1,1,0.99761873
0,0,0.0011401491
1,1,0.9983455
1,1,0.99759585
1,1,0.99769884
1,1,0.9988587
1,1,0.9984785
1,1,0.9988514
1,1,0.99785244
1,1,0.9985884
0,0,0.00078364747
1,1,0.9990452
1,1,0.99859303
1,1,0.9987955
0,0,0.0010107423
1,1,0.9986632
0,0,0.0008285314
1,1,0.9983083
1,1,0.99910283
1,1,0.99795204
0,0,0.0008404587
1,1,0.99842703
1,1,0.9981293
1,1,0.9979913
0,0,0.00083869
1,1,0.99825746
1,1,0.99812526
1,1,0.99792635
1,1,0.9984742
1,1,0.99890184
1,1,0.99873394
1,1,0.99940383
0,0,0.0007320794
1,1,0.9989673
1,1,0.9991934
0,0,0.0008550529
1,1,0.9979672
0,0,0.0008464705
0,0,0.0010114465
1,1,0.997598
0,0,0.00083750003
1,1,0.9977609
1,1,0.9975625
0,0,0.00081099686
1,1,0.9987412
1,1,0.99850637
1,1,0.9987355
1,1,0.9985398
1,1,0.99905735
1,1,0.9986499
0,0,0.0011438477
1,1,0.999209
0,0,0.0010524583
0,0,0.00084730005
0,0,0.0008473776
0,0,0.0008449136
1,1,0.9981882
1,1,0.9987392
1,1,0.9983052
0,0,0.0008363652
1,1,0.9991793
0,0,0.0009777518
1,1,0.9978654
1,1,0.99863476
1,1,0.99756014
1,1,0.99874026
1,1,0.9983569
1,1,0.99867815
1,1,0.9985191
0,0,0.00085624814
1,1,0.9979103
0,0,0.00087081164
1,1,0.99814785
1,1,0.9987978
0,0,0.0008504546
0,0,0.00085052755
0,0,0.00084607454
0,0,0.00070632715
1,1,0.9977435
0,0,0.00080128567
1,1,0.9988809
1,1,0.99795747
1,1,0.9977768
0,0,0.0006714496
1,1,0.9992667
1,1,0.99882084
0,0,0.0008550195
0,0,0.0008444863
0,0,0.0008422706
1,1,0.9991003
0,0,0.0008029811
0,0,0.0016808361
1,1,0.9989434
1,1,0.9984451
1,1,0.9987393
0,0,0.000834244
0,0,0.0016580074
0,0,0.0008528039
1,1,0.99858874
0,0,0.0006986384
0,0,0.000896489
1,1,0.99875987
1,1,0.99890506
1,1,0.9987558
0,0,0.00066399854
1,1,0.9985411
1,1,0.9984926
1,1,0.99874216
1,1,0.9984688
1,1,0.9985261
1,1,0.9975962
1,1,0.99739707
1,1,0.9986259
1,1,0.9977859
0,0,0.001663366
1,1,0.99839765
1,1,0.9978496
1,1,0.99859995
0,0,0.0012231347
0,0,0.0008358601
0,0,0.0008574222
1,1,0.9979493
0,0,0.0008565313
1,1,0.99930775
1,1,0.9981102
1,1,0.9984535
0,0,0.0008390801
1,1,0.9992667
1,1,0.998252
1,1,0.9981779
0,0,0.0008393247
0,0,0.0008505543
1,1,0.99843115
1,1,0.9976519
1,1,0.997855
0,0,0.00083517615
1,1,0.9993193
0,0,0.00083063485
1,1,0.9989747
0,0,0.00082960585
1,1,0.99874145
1,1,0.9986589
1,1,0.9981109
1,1,0.998461
0,0,0.00085304526
1,1,0.9992372
0,0,0.00085827225
0,0,0.0015879234
1,1,0.99875486
0,0,0.0008463148
0,0,0.00088056724
1,1,0.999212
1,1,0.9986619
1,1,0.9982072
1,1,0.9987772
1,1,0.9977696
1,1,0.999196
1,1,0.9986558
1,1,0.99842453
1,1,0.99892044
0,0,0.0008266049
0,0,0.0013179992
1,1,0.9982298
0,0,0.0008236078
0,0,0.0008785944
1,1,0.99935776
0,0,0.00085365516
1,1,0.9982652
1,1,0.99905914
1,1,0.99777704
1,1,0.9988759
1,1,0.9992312
0,0,0.00077621016
1,1,0.99876606
1,1,0.9979982
0,0,0.00081827276
1,1,0.9986136
0,0,0.0008399008
1,1,0.99898106
1,1,0.99875844
0,0,0.000641983
0,0,0.0016178448
0,0,0.0008442392
0,0,0.000834
1,1,0.9993162
1,1,0.99803203
1,1,0.99868244
1,1,0.99847215
1,1,0.99906963
1,1,0.999113
1,1,0.99803406
1,1,0.9985481
0,0,0.0008454444
0,0,0.00084762066
0,0,0.0008284674
0,0,0.00080460636
0,0,0.0008395311
0,0,0.0008431981
1,1,0.9986512
1,1,0.99889565
0,0,0.0008759529
0,0,0.0008089438
0,0,0.00060742575
1,1,0.9987382
0,0,0.0008377115
1,1,0.99839157
0,0,0.00086118537
0,0,0.00086496247
1,1,0.99924755
1,1,0.9992613
1,1,0.99879754
0,0,0.00082916004
1,1,0.99750745
0,0,0.0008440221
1,1,0.998004
1,1,0.99828607
0,0,0.0007509721
1,1,0.9992354
1,1,0.99859077
1,1,0.9974826
1,1,0.99827886
0,0,0.00087346835
0,0,0.0010942208
0,0,0.00082617183
0,0,0.00085284776
0,0,0.0008472226
0,0,0.00084282056
1,1,0.9985267
1,1,0.9991916
1,1,0.99842876
0,0,0.0004317288
0,0,0.0010907853
1,1,0.99868184
1,1,0.99883693
1,1,0.99792445
1,1,0.99779093
1,1,0.9993443
1,1,0.99879175
1,1,0.99881136
0,0,0.00084817
1,1,0.999236
1,1,0.9990426
1,1,0.9980469
1,1,0.9984194
0,0,0.00083985913
1,1,0.9976624
1,1,0.99895513
0,0,0.00083533773
1,1,0.99884486
1,1,0.9991799
1,1,0.99841547
1,1,0.9989697
1,1,0.999076
0,0,0.0010771968
1,1,0.9992823
1,1,0.9981521
1,1,0.9981646
0,0,0.0012765202
0,0,0.0008452051
1,1,0.9981699
1,1,0.99871016
0,0,0.0008440277
0,0,0.0009935322
1,1,0.99755776
0,0,0.00081822433
0,0,0.00082246115
0,0,0.00083526695
0,0,0.00088366703
1,1,0.997799
1,1,0.9990258
1,1,0.99879575
0,0,0.00083808997
1,1,0.99868363
0,0,0.0011000832
1,1,0.99791723
1,1,0.9978002
1,1,0.99790037
1,1,0.9986135
0,0,0.0008492853
1,1,0.99861586
1,1,0.99926215
1,1,0.9989305
1,1,0.997552
1,1,0.99917465
0,0,0.000882004
0,0,0.0008494811
1,1,0.99900013
1,1,0.99837613
0,0,0.0008549176
0,0,0.001110725
1,1,0.9984232
1,1,0.9986615
1,1,0.9989542
1,1,0.9985758
0,0,0.0010275538
1,1,0.9990427
0,0,0.0008379981
1,1,0.9986394
1,1,0.99766785
0,0,0.0007216044
1,1,0.99934536
0,0,0.0008508875
0,0,0.00084092416
0,0,0.0013783443
1,1,0.9990415
1,1,0.99832755
0,0,0.0008331223
0,0,0.00085210125
1,1,0.9978466
1,1,0.9991398
0,0,0.0008555492
1,1,0.99922895
0,0,0.0015901552
1,1,0.99922514
0,0,0.0010780714
0,0,0.00084436155
0,0,0.0015680321
0,0,0.0008299593
0,0,0.0008871284
1,1,0.99836165
1,1,0.9988691
1,1,0.9987024
1,1,0.9978544
0,0,0.00081777386
1,1,0.99915576
1,1,0.99860233
1,1,0.99885833
0,0,0.0012656257
1,1,0.9992667
0,0,0.0007797873
1,1,0.99869055
1,1,0.998235
0,0,0.0008236274
0,0,0.00083403895
0,0,0.0008624599
1,1,0.99801993
0,0,0.00083855167
1,1,0.99860376
1,1,0.9986993
1,1,0.99829465
1,1,0.99864227
1,1,0.9989292
1,1,0.99825937
0,0,0.00083817064
1,1,0.9984542
1,1,0.9987393
0,0,0.0008303357
0,0,0.0008408849
1,1,0.99872094
1,1,0.99838865
1,1,0.9983771
1,1,0.998582
1,1,0.99876994
0,0,0.0008490546
1,1,0.99769896
1,1,0.99811953
1,1,0.9984724
0,0,0.0008413322
1,1,0.99933237
1,1,0.9983096
1,1,0.99829537
1,1,0.99866164
1,1,0.99919015
1,1,0.99791425
1,1,0.99939036
1,1,0.99878854
1,1,0.9987501
1,1,0.99871504
1,1,0.9976272
0,0,0.0008282819
0,0,0.0008774482
0,0,0.0008692283
1,1,0.9983752
1,1,0.99926645
0,0,0.0010859702
1,1,0.9985191
1,1,0.9984382
1,1,0.9987012
1,1,0.99887806
0,0,0.0008628831
1,1,0.997855
0,0,0.0008684509
1,1,0.99884075
1,1,0.99698997
1,1,0.9990615
1,1,0.9985253
1,1,0.99828196
0,0,0.0009250385
1,1,0.9983821
0,0,0.0008295544
1,1,0.9976419
1,1,0.9978783
1,1,0.99852365
1,1,0.99882394
0,0,0.00115251
0,0,0.00085832627
1,1,0.99867815
0,0,0.0008385741
0,0,0.00084855
1,1,0.99858534
0,0,0.0006608778
1,1,0.9986683
0,0,0.0008320275
1,1,0.9988242
0,0,0.0008480302
1,1,0.9993204
0,0,0.00083812117
1,1,0.99924064
1,1,0.99928004
1,1,0.99869967
1,1,0.9978053
0,0,0.00083355827
0,0,0.00082743703
0,0,0.00084220315
0,0,0.0010364426
0,0,0.000987313
1,1,0.9988937
1,1,0.9988135
1,1,0.9987662
0,0,0.0008886326
1,1,0.9987703
1,1,0.9988508
0,0,0.000655777
1,1,0.9991203
0,0,0.0008408721
1,1,0.99872357
1,1,0.99876475
1,1,0.99845827
1,1,0.99795145
0,0,0.00083325966
1,1,0.9984805
1,1,0.9986632
1,1,0.9992963
1,1,0.9983473
1,1,0.9987282
0,0,0.00085471076
1,1,0.9982924
1,1,0.9992466
0,0,0.00082874694
1,1,0.9992293
0,0,0.0008622717
1,1,0.9990144
0,0,0.0008391184
1,1,0.9992073
1,1,0.9976254
0,0,0.00082614657
1,1,0.9975713
1,1,0.99891543
1,1,0.99813205
0,0,0.00085482805
0,0,0.0008143158
0,0,0.00083861966
0,0,0.0008374489
1,1,0.99913317
0,0,0.0008307394
1,1,0.999199
1,1,0.9981844
1,1,0.99924505
0,0,0.0008508818
1,1,0.9981893
1,1,0.99764925
1,1,0.9989022
0,0,0.00082787004
1,1,0.99827623
1,1,0.99835783
1,1,0.99903405
1,1,0.9981939
0,0,0.00086542586
1,1,0.9987043
1,1,0.9984295
1,1,0.9983896
1,1,0.99850816
1,1,0.9976494
0,0,0.0008518163
0,0,0.0011557632
1,1,0.9989316
1,1,0.9989604
1,1,0.998431
0,0,0.00085909537
1,1,0.99868304
0,0,0.0008412857
1,1,0.9988477
0,0,0.000831525
1,1,0.9982829
1,1,0.9984768
1,1,0.9974632
1,1,0.9980216
1,1,0.9985133
0,0,0.0008342544
1,1,0.9992741
0,0,0.00083161215
1,1,0.9987318
0,0,0.00088534673
0,0,0.0008420483
0,0,0.001052729
0,0,0.00083368615
1,1,0.998467
1,1,0.9990422
0,0,0.0008260183
1,1,0.998934
1,1,0.99913484
0,0,0.0008199555
1,1,0.9978885
1,1,0.99878186
1,1,0.9988174
0,0,0.0007830742
0,0,0.00082684594
0,0,0.0008279758
0,0,0.00084970536
0,0,0.0008555386
1,1,0.99917394
0,0,0.0008300027
1,1,0.9986656
1,1,0.99874073
0,0,0.0008410844
1,1,0.9981505
1,1,0.99877435
0,0,0.0008363445
0,0,0.0005970619
1,1,0.9986533
1,1,0.9982394
1,1,0.9985544
1,1,0.99910635
1,1,0.99798775
1,1,0.99916184
1,1,0.99932027
1,1,0.9986541
1,1,0.99886155
0,0,0.0008543175
1,1,0.9980545
0,0,0.0015047445
0,0,0.0008603389
1,1,0.9976306
1,1,0.9991929
1,1,0.9977088
0,0,0.0014771452
1,1,0.9985416
0,0,0.0008346527
0,0,0.0008416232
0,0,0.00082125823
1,1,0.9992943
1,1,0.99871767
1,1,0.9986558
0,0,0.00082582154
0,0,0.0016525468
1,1,0.9983046
0,0,0.0011674846
1,1,0.9976533
0,0,0.00070537126
1,1,0.9983506
1,1,0.99932647
1,1,0.9984433
1,1,0.9984479
0,0,0.0008244063
0,0,0.0006265455
1,1,0.99892277
1,1,0.9984511
1,1,0.9985769
1,1,0.9982663
1,1,0.99777824
0,0,0.00084481784
1,1,0.99847513
1,1,0.99870753
1,1,0.9992269
0,0,0.00084285915
1,1,0.9988254
1,1,0.9992092
1,1,0.9987857
1,1,0.9992217
1,1,0.9986909
1,1,0.9990915
1,1,0.9990018
1,1,0.99808156
1,1,0.9986878
1,1,0.9988242
1,1,0.99870884
1,1,0.99915695
0,0,0.00083432114
1,1,0.99744666
0,0,0.00081516826
0,0,0.0008502958
1,1,0.9974444
0,0,0.00086119934
0,0,0.00080889906
1,1,0.9976145
0,0,0.000820677
1,1,0.9986564
1,1,0.99888784
1,1,0.9990483
1,1,0.998684
1,1,0.9985434
1,1,0.99915016
0,0,0.0008598669
0,0,0.0011123769
1,1,0.99893516
1,1,0.99841547
1,1,0.9987809
0,0,0.0007343503
0,0,0.000834186
0,0,0.0008590144
1,1,0.99879754
0,0,0.00082510733
1,1,0.9983553
0,0,0.0011866863
0,0,0.0008469723
0,0,0.0011935687
1,1,0.99851805
1,1,0.9987942
1,1,0.998705
0,0,0.0008368299
1,1,0.9993788
0,0,0.00060065946
1,1,0.9975466
0,0,0.00086432404
1,1,0.99846005
0,0,0.00081439735
0,0,0.00081924873
0,0,0.00091263937
1,1,0.9980584
1,1,0.9985958
1,1,0.99746597
0,0,0.0016421637
1,1,0.9988017
0,0,0.000628197
1,1,0.99842936
0,0,0.00081636617
1,1,0.9978389
0,0,0.0006624518
0,0,0.0008194408
1,1,0.9980427
1,1,0.9987614
0,0,0.00087182614
0,0,0.00084061414
0,0,0.0008428784
1,1,0.9983146
0,0,0.00084402686
0,0,0.0010798065
1,1,0.9986382
0,0,0.0016751344
1,1,0.99842227
0,0,0.0010666787
1,1,0.99803084
1,1,0.99807477
0,0,0.00085454865
1,1,0.9981238
0,0,0.000835974
1,1,0.9986204
1,1,0.9983382
1,1,0.99931157
1,1,0.99882597
0,0,0.00084957347
0,0,0.0008278866
1,1,0.9983896
1,1,0.9976169
0,0,0.00083711545
1,1,0.998075
1,1,0.9987986
1,1,0.9988631
0,0,0.0008348038
1,1,0.9983095
1,1,0.99745077
1,1,0.99779594
1,1,0.9979838
1,1,0.99807787
0,0,0.0008155739
0,0,0.00083587284
1,1,0.99862623
0,0,0.0008013597
1,1,0.99817955
1,1,0.99850696
0,0,0.0008274552
1,1,0.9992086
1,1,0.9972434
0,0,0.00082945713
1,1,0.9984611
1,1,0.9992186
1,1,0.99807286
1,1,0.9983498
1,1,0.99772567
0,0,0.0008396095
1,1,0.9976035
0,0,0.00084842794
1,1,0.99924207
0,0,0.0008654704
1,1,0.9985455
1,1,0.99823797
1,1,0.9983386
0,0,0.0013954126
0,0,0.0010841871
1,1,0.9987489
1,1,0.9983588
1,1,0.9988937
1,1,0.9984621
1,1,0.99915755
1,1,0.99898463
1,1,0.9983943
1,1,0.99871457
1,1,0.99812704
1,1,0.99779
1,1,0.9987872
1,1,0.9985545
1,1,0.99816257
1,1,0.9991522
1,1,0.99851435
1,1,0.99814284
0,0,0.0009519604
1,1,0.9975458
0,0,0.00083537283
1,1,0.9987987
1,1,0.9980604
0,0,0.0008367446
1,1,0.99922156
1,1,0.99799037
1,1,0.99762136
0,0,0.0008415887
1,1,0.99922454
1,1,0.99896705
0,0,0.00082533853
1,1,0.9980598
1,1,0.9984291
0,0,0.00080725434
0,0,0.00083717686
0,0,0.0013658453
1,1,0.9992569
1,1,0.99846447
0,0,0.0013181398
0,0,0.00083503936
0,0,0.00083597715
1,1,0.99760157
1,1,0.9992748
1,1,0.9991315
0,0,0.00084155344
1,1,0.9989085
0,0,0.0008543061
1,1,0.9977335
0,0,0.0008339721
1,1,0.9978502
0,0,0.0010183471
0,0,0.00085024396
0,0,0.0008107782
0,0,0.00083933753
1,1,0.99903667
0,0,0.0007513536
0,0,0.0010885068
1,1,0.9988207
1,1,0.9985385
1,1,0.9988433
0,0,0.00088808755
1,1,0.99881375
0,0,0.0017620734
0,0,0.0008257476
0,0,0.0008145409
1,1,0.9982729
1,1,0.9982084
1,1,0.9985259
1,1,0.998386
1,1,0.9987238
1,1,0.9984567
1,1,0.99892277
0,0,0.0007381053
1,1,0.9983681
0,0,0.00083097216
0,0,0.0008317556
0,0,0.0016599013
0,0,0.0008353967
0,0,0.00084391993
0,0,0.0008410204
1,1,0.9985152
1,1,0.99836296
1,1,0.9983707
0,0,0.00083733327
1,1,0.9980781
1,1,0.99890625
0,0,0.0008512848
1,1,0.99786466
0,0,0.00085847185
0,0,0.0007564739
0,0,0.0007025054
1,1,0.999433
0,0,0.000903341
1,1,0.99880743
1,1,0.9982079
1,1,0.9982718
1,1,0.99886274
1,1,0.9992538
0,0,0.0008343466
1,1,0.9994085
1,1,0.9975817
1,1,0.99793833
0,0,0.00075970026
0,0,0.00085334206
0,0,0.00090905774
0,0,0.0009406713
1,1,0.9985531
0,0,0.0008504498
1,1,0.99888355
1,1,0.9980825
1,1,0.99652004
1,1,0.9990264
0,0,0.0012245686
0,0,0.0008467254
1,1,0.99911684
1,1,0.99871624
1,1,0.9993113
0,0,0.00076676544
1,1,0.9991129
1,1,0.9973018
1,1,0.9988794
1,1,0.9985251
0,0,0.00080742897
0,0,0.0008177482
0,0,0.0008571804
0,0,0.0008058502
0,0,0.0007913664
1,1,0.9985251
0,0,0.0008407095
1,1,0.9986211
1,1,0.99866045
0,0,0.00084827753
0,0,0.0018513509
1,1,0.9987381
1,1,0.99817777
0,0,0.00083644653
1,1,0.9991048
0,0,0.00085521175
1,1,0.99823123
1,1,0.99907815
1,1,0.9985806
0,0,0.0008384191
1,1,0.99917394
0,0,0.0008344563
1,1,0.9992638
1,1,0.99853206
0,0,0.000841778
0,0,0.0008359429
1,1,0.99834836
1,1,0.9986614
1,1,0.9980447
1,1,0.99862945
0,0,0.0008468408
0,0,0.0007071199
0,0,0.00082748756
0,0,0.0015083266
1,1,0.99933606
1,1,0.9987796
0,0,0.0012338684
1,1,0.9988906
1,1,0.99752766
0,0,0.0008280981
0,0,0.000836586
1,1,0.9985222
0,0,0.0008287603
0,0,0.0008367534
1,1,0.99792814
1,1,0.99792105
1,1,0.9989147
1,1,0.9983876
1,1,0.99928254
0,0,0.0008778646
1,1,0.99900705
1,1,0.9991454
1,1,0.99893993
1,1,0.99908423
1,1,0.99850345
1,1,0.9977034
1,1,0.99930716
0,0,0.0008560841
0,0,0.0008590594
1,1,0.99859244
1,1,0.9991098
1,1,0.99859506
1,1,0.99748397
1,1,0.99860495
1,1,0.9989693
0,0,0.0008785692
1,1,0.9985203
0,0,0.00064593606
1,1,0.9984181
1,1,0.9981805
1,1,0.9987393
0,0,0.00083894806
0,0,0.0008349112
1,1,0.9994135
0,0,0.0011558601
1,1,0.99931836
1,1,0.9980525
0,0,0.0008468868
1,1,0.998468
1,1,0.99797183
1,1,0.9987942
1,1,0.9984687
1,1,0.9980867
1,1,0.9975865
0,0,0.0013062708
1,1,0.99861336
1,1,0.9987243
0,0,0.00084835594
1,1,0.998135
1,1,0.998099
0,0,0.001094177
0,0,0.00083218684
1,1,0.99895966
0,0,0.00071741757
0,0,0.0008657929
0,0,0.0007492693
0,0,0.00083157094
1,1,0.99849844
1,1,0.9985226
0,0,0.0008474817
0,0,0.0008321671
0,0,0.0010075936
1,1,0.99812883
1,1,0.9989791
1,1,0.9991848
1,1,0.99815077
1,1,0.9984701
1,1,0.99837613
1,1,0.9986791
1,1,0.99759597
0,0,0.0008123798
0,0,0.0008484093
1,1,0.998102
1,1,0.99817026
1,1,0.9977673
1,1,0.9987679
0,0,0.0008467335
1,1,0.999188
0,0,0.00074670964
1,1,0.9985448
1,1,0.99838626
1,1,0.99830604
1,1,0.99791914
1,1,0.9992865
1,1,0.99932694
0,0,0.00080482184
1,1,0.9985343
0,0,0.00078040804
1,1,0.9978194
0,0,0.00084662455
1,1,0.998114
1,1,0.9991652
1,1,0.998585
1,1,0.99921346
0,0,0.00082957733
0,0,0.0010169598
0,0,0.00081902475
1,1,0.99878925
0,0,0.0013648168
0,0,0.00086491223
1,1,0.9987159
1,1,0.99884015
1,1,0.9992601
0,0,0.0008538113
1,1,0.99868876
0,0,0.0008195353
0,0,0.00083830405
0,0,0.0010226492
0,0,0.00083509344
1,1,0.99809057
1,1,0.9987307
1,1,0.9981346
1,1,0.998002
0,0,0.00063947384
1,1,0.9989066
1,1,0.9979305
0,0,0.00087873754
0,0,0.0008464431
1,1,0.997785
1,1,0.9978808
0,0,0.000995966
1,1,0.99881846
1,1,0.9978403
1,1,0.99845994
0,0,0.00083258905
1,1,0.99765116
1,1,0.99825686
1,1,0.9985362
0,0,0.00084745104
1,1,0.9991872
1,1,0.9983346
0,0,0.00085563643
1,1,0.99777895
1,1,0.99886835
1,1,0.9992311
1,1,0.999181
1,1,0.9990791
1,1,0.9992599
0,0,0.0008591969
1,1,0.9982534
1,1,0.9977188
1,1,0.9977596
0,0,0.0008398304
1,1,0.9985696
1,1,0.99864644
0,0,0.00083027006
0,0,0.0009875557
1,1,0.9985459
1,1,0.9984231
0,0,0.0014424119
1,1,0.9975147
0,0,0.000804647
1,1,0.9987723
1,1,0.9990631
0,0,0.00082268537
1,1,0.9983708
1,1,0.9991412
1,1,0.9985501
0,0,0.0006187479
1,1,0.99919564
0,0,0.00115789
1,1,0.998708
0,0,0.0013215175
1,1,0.9987936
0,0,0.0008527812
1,1,0.99901724
0,0,0.0006495456
1,1,0.9986518
1,1,0.9985631
1,1,0.998563
0,0,0.00084182696
1,1,0.9976718
1,1,0.9981173
0,0,0.00083393406
1,1,0.998293
0,0,0.00083873066
1,1,0.99837804
1,1,0.9987207
1,1,0.99835676
0,0,0.0017235063
1,1,0.99922395
0,0,0.0008265064
0,0,0.0008513911
1,1,0.99860126
0,0,0.00080813555
1,1,0.99914515
1,1,0.9976253
0,0,0.0011912277
0,0,0.00085187727
0,0,0.00085024314
1,1,0.9989361
0,0,0.0008499677
0,0,0.001129374
1,1,0.9993299
1,1,0.9978771
0,0,0.0009993279
0,0,0.0008492383
0,0,0.0006770742
1,1,0.9987846
0,0,0.00085068477
1,1,0.9982147
1,1,0.9974706
0,0,0.000824532
0,0,0.0008729001
1,1,0.9992981
1,1,0.9987527
0,0,0.0008320632
1,1,0.99822813
0,0,0.0008313135
1,1,0.9986518
1,1,0.99921703
1,1,0.9981483
0,0,0.0008566512
1,1,0.9987612
1,1,0.99884725
0,0,0.0008362823
1,1,0.9993352
0,0,0.0011033661
0,0,0.0008804875
1,1,0.9983492
0,0,0.0008370468
0,0,0.0008634622
1,1,0.9983923
1,1,0.99792755
0,0,0.00084526953
0,0,0.000831129
1,1,0.99910295
1,1,0.9981232
1,1,0.9987256
1,1,0.9979272
1,1,0.99827754
1,1,0.998464
1,1,0.99816364
1,1,0.9975612
1,1,0.998669
1,1,0.9979487
1,1,0.9987921
1,1,0.99766564
1,1,0.99865675
1,1,0.9987224
1,1,0.9985071
0,0,0.0011096738
0,0,0.0008485233
0,0,0.0008401233
1,1,0.9986181
0,0,0.0011677013
0,0,0.0007853115
1,1,0.9986753
0,0,0.0010083627
1,1,0.9987197
1,1,0.9992741
0,0,0.00084717816
0,0,0.00088147714
1,1,0.9991548
1,1,0.99854183
0,0,0.0008378784
0,0,0.00083486905
1,1,0.9985827
0,0,0.0008313801
0,0,0.0008051318
0,0,0.00058022776
0,0,0.00085995294
1,1,0.9985795
1,1,0.99832433
1,1,0.9986884
0,0,0.0008583909
0,0,0.0008575676
0,0,0.00084979687
0,0,0.00087558245
0,0,0.00083116454
0,0,0.0005929973
1,1,0.99894303
0,0,0.001352988
0,0,0.0013744275
1,1,0.99748695
1,1,0.9990646
1,1,0.99838674
1,1,0.99828595
0,0,0.0008184731
1,1,0.9988411
1,1,0.99873286
1,1,0.997343
1,1,0.99823284
0,0,0.0009781189
1,1,0.99910885
1,1,0.9979577
1,1,0.9990503
1,1,0.99899465
1,1,0.9984591
1,1,0.99928576
1,1,0.99908996
1,1,0.9982994
1,1,0.998447
0,0,0.00066835445
1,1,0.9981013
1,1,0.99846834
1,1,0.9987804
0,0,0.00064618356
0,0,0.0011285599
1,1,0.998309
1,1,0.99828315
1,1,0.9986582
1,1,0.99907887
1,1,0.99834454
1,1,0.99794966
1,1,0.9981604
1,1,0.9982582
1,1,0.99924785
0,0,0.0017573627
0,0,0.0008008895
0,0,0.00087212445
1,1,0.99916744
0,0,0.00083535124
1,1,0.9980153
1,1,0.99858105
0,0,0.00084037706
1,1,0.99896014
1,1,0.9980259
1,1,0.9975943
1,1,0.99852365
1,1,0.9969337
1,1,0.99807715
1,1,0.99916923
1,1,0.9987532
1,1,0.9985935
0,0,0.0007910768
1,1,0.9979528
0,0,0.0010844236
1,1,0.99773836
0,0,0.0008489171
0,0,0.0008472734
1,1,0.9988403
0,0,0.0008386301
1,1,0.99891996
0,0,0.0016541035
0,0,0.0008082765
0,0,0.00085613556
0,0,0.0013636163
1,1,0.99782664
1,1,0.99821824
0,0,0.0008197673
1,1,0.9989636
1,1,0.99918073
1,1,0.99916506
1,1,0.99926597
1,1,0.99770087
0,0,0.0008428921
1,1,0.99804914
1,1,0.99894553
1,1,0.9988172
1,1,0.9980422
1,1,0.99916947
1,1,0.99862766
1,1,0.9987832
1,1,0.99810034
1,1,0.99893004
0,0,0.0008205246
1,1,0.99787295
0,0,0.0013757842
1,1,0.9984755
1,1,0.9979373
0,0,0.0010105276
1,1,0.9985077
0,0,0.0008315464
0,0,0.0008087219
1,1,0.9985261
0,0,0.0007952997
1,1,0.9990983
1,1,0.9975326
1,1,0.99918336
0,0,0.000818704
1,1,0.9985777
0,0,0.0009246657
0,0,0.0008399079
1,1,0.99870276
0,0,0.00083095394
1,1,0.99805945
1,1,0.9990219
0,0,0.0008292565
1,1,0.9978454
0,0,0.0008373652
1,1,0.99914706
1,1,0.99872416
1,1,0.9979285
0,0,0.0008300312
0,0,0.0017105043
0,0,0.001016737
0,0,0.000831934
1,1,0.99799734
1,1,0.9982869
1,1,0.99863166
1,1,0.9975268
1,1,0.9987999
0,0,0.0008475229
1,1,0.9989612
0,0,0.000842513
0,0,0.0008452349
0,0,0.00088202336
1,1,0.9989668
1,1,0.9992211
1,1,0.99867517
1,1,0.9976883
1,1,0.9989955
1,1,0.9977823
1,1,0.99873096
1,1,0.9985238
0,0,0.000863537
1,1,0.996899
1,1,0.998635
1,1,0.99838734
0,0,0.001661965
1,1,0.9986307
0,0,0.00064285245
1,1,0.998073
0,0,0.000834252
1,1,0.9986999
1,1,0.9985714
0,0,0.00086436444
1,1,0.99864596
1,1,0.99858165
1,1,0.9984597
0,0,0.0008667528
0,0,0.0008446963
1,1,0.9992167
1,1,0.9977689
1,1,0.9984018
1,1,0.9993368
0,0,0.0008314379
1,1,0.99856937
0,0,0.00083605846
1,1,0.9991543
1,1,0.99871397
0,0,0.00083812117
0,0,0.00079408207
1,1,0.99758685
1,1,0.99849784
1,1,0.99915814
0,0,0.0008339849
1,1,0.99939036
0,0,0.00084309693
0,0,0.0007136773
1,1,0.9981664
1,1,0.99819833
0,0,0.000890522
0,0,0.00084237655
1,1,0.99725646
1,1,0.99872404
0,0,0.0010211451
1,1,0.99918395
0,0,0.0008332351
1,1,0.99923456
0,0,0.0010183636
1,1,0.9978981
1,1,0.9982064
1,1,0.9978217
1,1,0.99915564
1,1,0.99845755
1,1,0.99855477
1,1,0.9985454
0,0,0.0008732495
0,0,0.00084402534
1,1,0.99874794
1,1,0.9986551
1,1,0.9988392
1,1,0.9978816
0,0,0.000823585
1,1,0.9986424
1,1,0.99813724
1,1,0.99894017
1,1,0.99917966
1,1,0.99902034
0,0,0.0008322868
1,1,0.99860257
1,1,0.9979724
1,1,0.99765956
1,1,0.9978763
1,1,0.9976342
0,0,0.0008575333
1,1,0.99938905
1,1,0.9983107
1,1,0.99765235
1,1,0.9978788
0,0,0.0008497815
1,1,0.99883276
0,0,0.0008348126
0,0,0.0010946598
0,0,0.000842269
1,1,0.9985942
1,1,0.99884427
1,1,0.9990534
1,1,0.99798703
0,0,0.00077969296
1,1,0.9986355
1,1,0.9992219
0,0,0.0008275743
0,0,0.000809712
0,0,0.0008247403
0,0,0.0009680756
1,1,0.9977912
1,1,0.9982663
1,1,0.99870586
1,1,0.99817
1,1,0.99913234
1,1,0.99875367
0,0,0.0018389366
0,0,0.0008347991
1,1,0.998713
0,0,0.0012615793
1,1,0.998632
1,1,0.9984877
1,1,0.9973199
0,0,0.0015881427
1,1,0.9983113
1,1,0.9983359
0,0,0.0014364559
0,0,0.00048394065
1,1,0.99847955
1,1,0.9979474
0,0,0.0008184006
1,1,0.9984951
1,1,0.998016
0,0,0.001422989
1,1,0.9988164
1,1,0.9982673
1,1,0.9979122
1,1,0.9986474
1,1,0.99867046
1,1,0.9986148
1,1,0.9973283
1,1,0.9980599
0,0,0.0008957488
1,1,0.99869055
0,0,0.0008447599
1,1,0.9979189
1,1,0.9982931
1,1,0.99835557
0,0,0.00077707233
1,1,0.9984707
1,1,0.9988955
1,1,0.99911875
0,0,0.0008453082
0,0,0.000828739
1,1,0.99762505
0,0,0.0013119676
0,0,0.0010956008
1,1,0.9989116
1,1,0.99907804
1,1,0.9982218
1,1,0.99809295
1,1,0.9982582
0,0,0.00063506863
1,1,0.99875176
1,1,0.9990785
1,1,0.9990397
1,1,0.9980525
0,0,0.0011412249
0,0,0.00084926665
0,0,0.00087020773
1,1,0.99876034
1,1,0.99795085
0,0,0.00083689933
1,1,0.9985909
0,0,0.00062665896
0,0,0.000840655
1,1,0.99852186
0,0,0.0008746235
1,1,0.9990085
0,0,0.0008579844
1,1,0.9986607
1,1,0.9988751
1,1,0.9985232
1,1,0.9993437
1,1,0.99862206
1,1,0.99793917
1,1,0.99905354
0,0,0.00083478313
0,0,0.0012446216
0,0,0.0008475245
0,0,0.00079883536
0,0,0.0008213835
1,1,0.99871755
0,0,0.0008503898
0,0,0.0008613765
0,0,0.0007125988
0,0,0.0014631288
1,1,0.99759275
1,1,0.99772304
1,1,0.9973001
1,1,0.9990312
0,0,0.0008007163
0,0,0.00084494427
0,0,0.00083617715
0,0,0.0008120393
0,0,0.0007070444
1,1,0.9985567
1,1,0.9983742
0,0,0.000849257
0,0,0.0008229676
1,1,0.9986986
0,0,0.00085785205
0,0,0.0008323241
0,0,0.00085116155
0,0,0.00083824416
1,1,0.99779177
0,0,0.00086609984
0,0,0.0008599111
0,0,0.0008447366
0,0,0.00094611204
1,1,0.9992022
0,0,0.0008522004
0,0,0.0008448203
0,0,0.0012238327
1,1,0.99821067
1,1,0.9980818
0,0,0.0008133604
0,0,0.0008413057
1,1,0.99823916
1,1,0.99862325
1,1,0.99853563
1,1,0.9985012
1,1,0.9986029
1,1,0.9981179
1,1,0.99879336
1,1,0.998654
1,1,0.99767107
1,1,0.9990176
0,0,0.0013605859
0,0,0.0008046355
1,1,0.9979989
0,0,0.0013228435
1,1,0.9983882
1,1,0.9978605
1,1,0.99755496
1,1,0.9987036
1,1,0.99890435
1,1,0.9991179
1,1,0.99758554
0,0,0.0008355806
1,1,0.99785465
1,1,0.998386
1,1,0.99843997
1,1,0.9985769
1,1,0.9978344
1,1,0.9993938
0,0,0.00079450745
1,1,0.9987639
1,1,0.9986523
1,1,0.9977545
0,0,0.00090956106
1,1,0.99849796
0,0,0.0008162137
1,1,0.99857664
0,0,0.0016795228
1,1,0.9986162
1,1,0.9992693
1,1,0.9986778
1,1,0.99864966
1,1,0.99872535
0,0,0.0008252811
1,1,0.9992835
1,1,0.9981589
1,1,0.9986528
1,1,0.9987827
1,1,0.99687517
1,1,0.9978981
1,1,0.998338
1,1,0.9982475
0,0,0.0010447262
1,1,0.9989768
1,1,0.99837613
0,0,0.00109452
0,0,0.00085047167
1,1,0.99820626
0,0,0.0008697924
1,1,0.99875426
1,1,0.99718094
0,0,0.0015043791
0,0,0.00086377905
0,0,0.00074229663
0,0,0.00085236767
1,1,0.998752
0,0,0.0011899531
1,1,0.99876785
1,1,0.99851364
0,0,0.00090846285
0,0,0.0013833822
1,1,0.99926454
0,0,0.0008316804
1,1,0.99868065
0,0,0.0010720412
0,0,0.0008239649
0,0,0.0008687339
0,0,0.00085108937
1,1,0.9986633
1,1,0.9988412
1,1,0.99900216
1,1,0.9991835
1,1,0.9988808
1,1,0.99854124
0,0,0.0011285751
1,1,0.99917406
0,0,0.00083270966
1,1,0.9993636
1,1,0.9988457
1,1,0.9976667
1,1,0.99898285
0,0,0.0008407423
1,1,0.99897027
1,1,0.9993604
0,0,0.000823181
1,1,0.9986646
1,1,0.99901056
0,0,0.00080408284
1,1,0.998638
1,1,0.99787116
1,1,0.99834716
1,1,0.99891245
0,0,0.0008449837
1,1,0.9992538
1,1,0.9977718
1,1,0.9982016
1,1,0.999046
0,0,0.00080458645
1,1,0.9991967
0,0,0.0008352741
1,1,0.99855095
1,1,0.99873346
1,1,0.9985114
0,0,0.0008470207
0,0,0.00084970536
1,1,0.99852556
1,1,0.9992454
1,1,0.9976545
1,1,0.998755
0,0,0.0008281738
0,0,0.00072318915
1,1,0.99802655
0,0,0.0008298288
0,0,0.0011444025
1,1,0.9988732
0,0,0.0008132008
1,1,0.99812454
0,0,0.00082377647
0,0,0.000701006
1,1,0.9977449
1,1,0.99866533
1,1,0.9977639
1,1,0.9987136
0,0,0.00081867597
1,1,0.9987212
1,1,0.9983657
1,1,0.9984127
0,0,0.0008527706
1,1,0.99850523
0,0,0.00084201543
1,1,0.9982134
0,0,0.0008495168
1,1,0.9992244
1,1,0.99856156
1,1,0.99876994
1,1,0.9976937
0,0,0.0007642523
1,1,0.9989724
0,0,0.0010953189
1,1,0.9985057
1,1,0.99763286
0,0,0.0008372822
1,1,0.9982109
1,1,0.9975799
0,0,0.00084077433
0,0,0.0008031096
0,0,0.0008178993
1,1,0.9983101
0,0,0.0011406858
1,1,0.9975936
1,1,0.9976052
1,1,0.99776876
1,1,0.9993042
1,1,0.9985103
1,1,0.9976084
1,1,0.99866056
1,1,0.9993167
1,1,0.9992786
0,0,0.001009296
1,1,0.99876887
0,0,0.00083419634
1,1,0.99844044
0,0,0.0006773143
0,0,0.00081753696
1,1,0.99820447
0,0,0.0008397639
0,0,0.0008380037
1,1,0.9985049
0,0,0.000841932
1,1,0.99839264
1,1,0.998569
0,0,0.000974742
0,0,0.00086340704
1,1,0.9985821
0,0,0.0011867384
0,0,0.0008305004
0,0,0.00061349233
0,0,0.000837133
1,1,0.9984378
0,0,0.00086732866
0,0,0.00083367026
0,0,0.00082560757
1,1,0.99885046
1,1,0.998698
1,1,0.9976891
1,1,0.9982632
0,0,0.0008225623
0,0,0.0008075228
1,1,0.99908996
1,1,0.99775654
1,1,0.9985234
1,1,0.99812216
0,0,0.00084547413
0,0,0.00084436557
1,1,0.9992539
1,1,0.99826413
1,1,0.9990012
1,1,0.9983961
1,1,0.99839205
0,0,0.00093500887
0,0,0.0008510221
1,1,0.99781823
1,1,0.9986651
1,1,0.9993167
1,1,0.998609
1,1,0.99803275
0,0,0.0008534233
0,0,0.00084232684
1,1,0.998464
1,1,0.99927646
1,1,0.9991609
0,0,0.00082641427
1,1,0.99800545
1,1,0.999054
1,1,0.99929404
0,0,0.0008475383
1,1,0.9984628
1,1,0.9984875
1,1,0.9992699
1,1,0.9986199
1,1,0.99875176
1,1,0.9993362
1,1,0.9984132
1,1,0.99911386
0,0,0.0008158001
1,1,0.99834156
1,1,0.9990103
1,1,0.99776757
1,1,0.99896467
0,0,0.00162436
1,1,0.9983956
0,0,0.00087554153
1,1,0.9980368
0,0,0.0008386652
1,1,0.9986253
1,1,0.99852765
1,1,0.99871814
0,0,0.00084268406
1,1,0.99853563
0,0,0.00084961875
1,1,0.9991831
0,0,0.00072858966
0,0,0.00084702886
0,0,0.001208057
0,0,0.0010240269
0,0,0.0008708863
1,1,0.99883217
1,1,0.99848145
1,1,0.99855036
0,0,0.0010672865
0,0,0.00048617244
0,0,0.00084335887
1,1,0.9994092
0,0,0.0009222681
1,1,0.9988845
1,1,0.99839133
0,0,0.00082607416
0,0,0.0008488848
0,0,0.000846961
0,0,0.0008479704
1,1,0.9979978
1,1,0.99907446
0,0,0.0008613658
0,0,0.0010338904
1,1,0.99768424
1,1,0.9981079
1,1,0.99892443
0,0,0.0008331763
0,0,0.00082881877
0,0,0.00084345846
1,1,0.99887675
0,0,0.0008386036
1,1,0.9984353
1,1,0.9989164
1,1,0.999401
1,1,0.99828607
0,0,0.00084105314
0,0,0.00083013246
0,0,0.0014373303
0,0,0.00083876506
1,1,0.99843234
0,0,0.00082422956
1,1,0.99765694
1,1,0.9983285
0,0,0.0008457683
0,0,0.00064205035
0,0,0.0010765095
1,1,0.9980032
1,1,0.99835473
1,1,0.9986065
0,0,0.00081543246
0,0,0.0014675802
0,0,0.00084787916
0,0,0.00095286604
0,0,0.00082585064
1,1,0.9969981
1,1,0.9983846
1,1,0.9980756
1,1,0.9991942
1,1,0.9977944
0,0,0.0016946193
1,1,0.9976494
0,0,0.00085225556
1,1,0.99886
1,1,0.99806064
0,0,0.0005998282
1,1,0.99926573
0,0,0.0008560589
0,0,0.0010157233
0,0,0.0008723629
1,1,0.99926907
0,0,0.00082491944
0,0,0.0008442513
1,1,0.9985532
0,0,0.00096707436
1,1,0.9987307
0,0,0.00084966165
0,0,0.0008477951
1,1,0.99881953
0,0,0.000849337
1,1,0.9992766
1,1,0.9989491
0,0,0.00083088904
0,0,0.0007136134
0,0,0.00083322317
0,0,0.00082952756
0,0,0.0008457594
1,1,0.9987128
0,0,0.0008316067
0,0,0.00086690154
1,1,0.99832064
1,1,0.9984604
0,0,0.00082125905
1,1,0.99899596
1,1,0.9990522
1,1,0.99768066
1,1,0.9980546
1,1,0.99886465
1,1,0.9990907
0,0,0.0008450256
0,0,0.0016140552
1,1,0.99921596
0,0,0.0008980074
0,0,0.00084432535
0,0,0.0008354436
1,1,0.99872667
1,1,0.9986945
1,1,0.99905926
1,1,0.9985012
1,1,0.9985654
1,1,0.9985625
0,0,0.00086293655
1,1,0.99825007
1,1,0.9991866
0,0,0.0008393487
0,0,0.00083920953
0,0,0.0008388953
0,0,0.0008780002
0,0,0.0010552503
1,1,0.99896324
1,1,0.99825865
1,1,0.99869233
1,1,0.99866533
1,1,0.99798226
1,1,0.9981269
1,1,0.9985488
1,1,0.99816847
0,0,0.0008195259
1,1,0.9976931
1,1,0.99855655
0,0,0.00085269497
1,1,0.9980775
0,0,0.0008315662
0,0,0.0008592116
0,0,0.0008019503
1,1,0.9976948
1,1,0.9974644
0,0,0.0017273106
0,0,0.0006625831
1,1,0.9978638
1,1,0.99758005
1,1,0.9982615
1,1,0.997497
0,0,0.0008489406
0,0,0.0016505168
1,1,0.99928504
0,0,0.0008817267
1,1,0.99829847
0,0,0.00084565463
1,1,0.99840003
0,0,0.00085602055
1,1,0.9991523
0,0,0.0008503177
0,0,0.0008528356
1,1,0.9978242
1,1,0.999332
0,0,0.0015382672
0,0,0.00086424744
1,1,0.9987099
1,1,0.9985166
1,1,0.9984831
0,0,0.00083116064
0,0,0.00084677787
0,0,0.0008466173
0,0,0.0009179058
1,1,0.99836415
1,1,0.9983638
0,0,0.00072825997
1,1,0.9977912
1,1,0.9975036
1,1,0.9982742
1,1,0.99825925
0,0,0.0008503582
1,1,0.9981437
1,1,0.9984509
0,0,0.0011256203
0,0,0.0008486033
1,1,0.99940455
0,0,0.000853268
1,1,0.9981306
0,0,0.0013582011
1,1,0.99858177
1,1,0.9986241
1,1,0.9985536
1,1,0.9982578
1,1,0.99775165
1,1,0.99939954
1,1,0.99900997
1,1,0.9991897
0,0,0.00061267195
1,1,0.9989742
1,1,0.9984263
1,1,0.9981318
0,0,0.0011483391
1,1,0.9982937
1,1,0.9986386
1,1,0.99873585
1,1,0.99849343
1,1,0.9979358
0,0,0.0012770309
0,0,0.00079346256
1,1,0.9987679
1,1,0.99868065
1,1,0.9985909
0,0,0.0008893221
1,1,0.9993661
1,1,0.99920875
1,1,0.99936837
0,0,0.0017096106
1,1,0.9977443
0,0,0.00170069
0,0,0.0008446383
1,1,0.9992772
1,1,0.9988764
1,1,0.99883753
1,1,0.9977689
0,0,0.00084635604
1,1,0.99931717
0,0,0.000843534
0,0,0.0010807193
1,1,0.9982999
1,1,0.99844414
1,1,0.99870205
1,1,0.9993543
1,1,0.9988525
0,0,0.001659549
1,1,0.9985707
1,1,0.9988489
1,1,0.9992231
1,1,0.99789524
0,0,0.00081743026
1,1,0.99813205
1,1,0.99937254
0,0,0.0008429627
1,1,0.9980597
0,0,0.000777065
0,0,0.0007259775
0,0,0.0008674874
1,1,0.9985765
1,1,0.99916637
1,1,0.99839836
0,0,0.00081986026
1,1,0.99893135
1,1,0.9980021
1,1,0.9987073
1,1,0.99825853
1,1,0.9978886
1,1,0.99858
0,0,0.0008378401
1,1,0.9981609
1,1,0.9984101
0,0,0.00084265514
1,1,0.9993555
1,1,0.9990841
0,0,0.0007865038
1,1,0.99837697
1,1,0.9986022
0,0,0.000863245
1,1,0.9976392
1,1,0.9976642
1,1,0.99779934
0,0,0.00078910275
0,0,0.0008504255
0,0,0.0015860784
0,0,0.00085150474
1,1,0.9974039
1,1,0.99773115
1,1,0.99905235
1,1,0.99924856
0,0,0.0008060291
0,0,0.00071009056
0,0,0.00083171914
1,1,0.9982577
0,0,0.00086136337
1,1,0.9978242
1,1,0.99927336
0,0,0.000825805
1,1,0.99869066
0,0,0.00081936666
1,1,0.99868387
1,1,0.998175
1,1,0.99877757
1,1,0.99915135
1,1,0.9986463
1,1,0.9985978
1,1,0.9980387
1,1,0.99859804
0,0,0.0008518999
1,1,0.99820733
0,0,0.0008483842
1,1,0.99826944
1,1,0.9982274
1,1,0.9989291
1,1,0.9986488
1,1,0.99880266
1,1,0.997985
0,0,0.0008581414
0,0,0.00084381056
0,0,0.00083118037
0,0,0.00076010363
0,0,0.0008006605
1,1,0.9972013
1,1,0.9982064
1,1,0.9994123
1,1,0.99876213
1,1,0.99820924
1,1,0.999057
1,1,0.9987808
1,1,0.99854636
1,1,0.9977742
0,0,0.00086134294
0,0,0.0008271422
1,1,0.9977023
1,1,0.9975414
0,0,0.0008440615
1,1,0.998401
0,0,0.0008280981
1,1,0.99862504
0,0,0.0008335749
1,1,0.99839276
0,0,0.0008471128
1,1,0.99826545
0,0,0.0008352096
1,1,0.99814856
1,1,0.99911255
1,1,0.99800664
1,1,0.9982426
1,1,0.9979329
0,0,0.0008458642
0,0,0.0008274182
0,0,0.0016709977
0,0,0.0008380357
1,1,0.9975898
1,1,0.9983454
0,0,0.0008166579
0,0,0.0006465206
0,0,0.00083531387
1,1,0.99915314
1,1,0.9984785
1,1,0.998604
0,0,0.0008357757
0,0,0.00087817083
1,1,0.998428
1,1,0.9979342
0,0,0.00080625655
0,0,0.00080544635
1,1,0.9976979
1,1,0.9973007
1,1,0.9986675
0,0,0.00084033306
0,0,0.000822857
1,1,0.99833786
1,1,0.99923277
1,1,0.9984459
1,1,0.99786323
0,0,0.0008343164
0,0,0.0008473041
1,1,0.9985902
1,1,0.9984529
0,0,0.0008652643
1,1,0.99888366
0,0,0.0008993243
0,0,0.0008360226
1,1,0.99848735
0,0,0.0008607071
1,1,0.9983192
1,1,0.99892753
1,1,0.99922323
1,1,0.9992933
1,1,0.9986608
1,1,0.9984602
0,0,0.0008148561
1,1,0.99794155
1,1,0.99773717
1,1,0.9976463
1,1,0.99772733
1,1,0.9978946
0,0,0.0008329937
1,1,0.9986947
1,1,0.99880314
1,1,0.9986721
1,1,0.99771947
1,1,0.9993143
0,0,0.0008574279
0,0,0.00085991033
0,0,0.0008319918
1,1,0.99854916
1,1,0.9984713
0,0,0.0006074865
0,0,0.0008071489
1,1,0.99911994
1,1,0.99764144
1,1,0.998909
1,1,0.99751437
1,1,0.99825495
1,1,0.99842286
0,0,0.0008359398
0,0,0.0008513222
1,1,0.99798715
1,1,0.9979006
1,1,0.9981128
1,1,0.99747986
1,1,0.9983595
1,1,0.99834836
1,1,0.9983956
1,1,0.9977575
1,1,0.9987104
0,0,0.0008242429
1,1,0.9978084
0,0,0.00087208045
1,1,0.9986706
1,1,0.9978503
1,1,0.9977209
0,0,0.0008466843
1,1,0.99789256
1,1,0.99831116
0,0,0.00084850553
1,1,0.99853873
0,0,0.0007256655
1,1,0.99886996
0,0,0.0008331334
1,1,0.9985227
1,1,0.99808985
1,1,0.998214
1,1,0.99900776
0,0,0.00084917364
0,0,0.0008360107
1,1,0.9989827
0,0,0.00085284375
1,1,0.99885213
1,1,0.9989256
1,1,0.99840957
1,1,0.9989152
1,1,0.9985814
1,1,0.99869245
1,1,0.9980782
0,0,0.0008450224
0,0,0.0011045471
0,0,0.0008534713
0,0,0.001088458
1,1,0.99766797
0,0,0.0015421009
1,1,0.99821883
0,0,0.0008012681
0,0,0.0008317849
0,0,0.0008516062
1,1,0.99889815
0,0,0.00084153656
1,1,0.99756277
0,0,0.00090716104
0,0,0.00079989876
1,1,0.99886703
1,1,0.9985109
0,0,0.00081138796
0,0,0.0007128012
1,1,0.99851316
0,0,0.0007126246
1,1,0.99811447
1,1,0.9984066
1,1,0.998135
0,0,0.00084756414
0,0,0.0008566864
0,0,0.0008130946
1,1,0.9990489
1,1,0.9991221
1,1,0.99781173
0,0,0.00082957343
1,1,0.9981731
1,1,0.9989203
1,1,0.99866724
0,0,0.0008481563
1,1,0.9977584
1,1,0.9990976
1,1,0.99892575
1,1,0.9982691
1,1,0.99873537
1,1,0.9982151
1,1,0.9989748
1,1,0.99895406
0,0,0.0008446335
1,1,0.9993374
0,0,0.0008605028
0,0,0.00080202054
0,0,0.00086002995
1,1,0.99900764
0,0,0.0008496212
1,1,0.99912626
1,1,0.99922633
0,0,0.00086748076
1,1,0.9991474
1,1,0.99918205
1,1,0.9982279
0,0,0.0008138023
0,0,0.0008573005
0,0,0.00083705806
1,1,0.9986187
0,0,0.00083400635
1,1,0.99855524
0,0,0.00074925146
1,1,0.9991301
1,1,0.99808633
0,0,0.0008420571
0,0,0.0014428281
1,1,0.9993247
0,0,0.0008174677
0,0,0.00093340763
0,0,0.00084019935
1,1,0.9987697
1,1,0.99899787
1,1,0.9987974
1,1,0.9980235
1,1,0.9977428
1,1,0.99832135
1,1,0.99870205
1,1,0.9988883
1,1,0.99843293
0,0,0.001145575
1,1,0.9985827
1,1,0.9987165
0,0,0.0008530997
1,1,0.9974099
0,0,0.0007415557
0,0,0.00084495306
1,1,0.99943286
0,0,0.00081754324
1,1,0.99846786
1,1,0.999244
0,0,0.0009127002
0,0,0.0008767036
0,0,0.00085680553
0,0,0.00085956376
1,1,0.9985624
0,0,0.0008482808
0,0,0.00083816587
1,1,0.99822074
1,1,0.9979697
0,0,0.0010296853
1,1,0.9988809
1,1,0.99922514
1,1,0.99888223
1,1,0.9982443
0,0,0.0011765991
1,1,0.99868745
1,1,0.99905187
1,1,0.99767286
0,0,0.00081498816
1,1,0.9987676
0,0,0.0007591235
1,1,0.9987684
0,0,0.0010872735
1,1,0.9981804
0,0,0.0009833205
1,1,0.99881977
0,0,0.0008413057
1,1,0.99892586
0,0,0.0008216418
1,1,0.9983925
1,1,0.99916196
1,1,0.99908686
1,1,0.99817
1,1,0.99854183
0,0,0.00086406135
1,1,0.9979405
1,1,0.9978806
1,1,0.9994392
0,0,0.000649758
1,1,0.99919266
0,0,0.00083404686
1,1,0.9988249
1,1,0.9993445
1,1,0.998531
1,1,0.99727625
0,0,0.0013112281
1,1,0.99854314
1,1,0.9993007
1,1,0.999253
1,1,0.9986506
1,1,0.9981933
1,1,0.99854267
0,0,0.00081217854
1,1,0.99849653
0,0,0.00059537415
1,1,0.9992162
1,1,0.9978218
0,0,0.0007415006
0,0,0.00072368624
1,1,0.9988205
1,1,0.99885213
0,0,0.0008393079
1,1,0.99833953
1,1,0.9985837
0,0,0.00084931037
0,0,0.00084757135
0,0,0.0008438484
1,1,0.9993876
1,1,0.9988954
1,1,0.9990908
0,0,0.0009124838
0,0,0.00083802367
0,0,0.00084520434
0,0,0.00083595485
1,1,0.9984865
1,1,0.9980236
1,1,0.9984871
0,0,0.0008792308
1,1,0.9984774
0,0,0.0016588018
0,0,0.00058481377
1,1,0.99874556
0,0,0.00085130834
0,0,0.00072266004
0,0,0.0008445571
1,1,0.998516
1,1,0.99819046
1,1,0.9994068
1,1,0.99855417
0,0,0.00082251994
1,1,0.9977083
0,0,0.0008460254
0,0,0.0014415372
1,1,0.99822396
0,0,0.00075515296
1,1,0.9989698
1,1,0.9990338
0,0,0.0008140427
0,0,0.0008233543
1,1,0.9989668
1,1,0.99778605
1,1,0.9991146
1,1,0.99851626
1,1,0.9985927
0,0,0.00083292305
1,1,0.99873286
1,1,0.99874395
1,1,0.9987488
1,1,0.9992779
0,0,0.0008357302
1,1,0.99882764
1,1,0.9986389
0,0,0.0008833825
1,1,0.9986994
1,1,0.99774903
0,0,0.00084889936
0,0,0.00085418316
0,0,0.0008540383
1,1,0.9976113
1,1,0.9991208
1,1,0.99935347
0,0,0.001023157
0,0,0.0008484845
0,0,0.0007543999
0,0,0.00084294827
1,1,0.9980135
1,1,0.99897695
1,1,0.9985299
0,0,0.0008369998
0,0,0.00081824546
1,1,0.99787426
0,0,0.0016237708
1,1,0.998231
0,0,0.00084867445
1,1,0.9982406
1,1,0.9987116
0,0,0.00070667657
0,0,0.0008288536
1,1,0.99846315
1,1,0.99910766
1,1,0.9987275
0,0,0.0007353104
1,1,0.9982718
1,1,0.99869233
1,1,0.9989035
1,1,0.9993298
0,0,0.000837263
0,0,0.00085153145
0,0,0.0008475132
1,1,0.9991549
0,0,0.0006592479
1,1,0.9990865
0,0,0.00081740145
1,1,0.99904495
0,0,0.0008475189
0,0,0.0008233755
1,1,0.99853635
1,1,0.9986486
1,1,0.99796367
1,1,0.9984225
0,0,0.0008450916
1,1,0.9991817
0,0,0.00071399566
1,1,0.9979949
1,1,0.9980002
0,0,0.0008440494
0,0,0.0008477224
1,1,0.9976544
0,0,0.0015926568
1,1,0.9985857
0,0,0.0012893222
1,1,0.9978313
1,1,0.99826616
0,0,0.000841932
1,1,0.99926263
1,1,0.9980869
1,1,0.99899966
1,1,0.9987998
1,1,0.99930966
1,1,0.9982439
1,1,0.9985531
0,0,0.0007984146
0,0,0.00081543636
1,1,0.99833447
1,1,0.9990671
1,1,0.9989452
1,1,0.99865025
1,1,0.9983388
0,0,0.00087068713
0,0,0.00085364125
0,0,0.0008379654
1,1,0.99799997
1,1,0.99861395
1,1,0.9975842
1,1,0.99754506
1,1,0.99917716
1,1,0.9986959
1,1,0.998104
1,1,0.99758136
0,0,0.00084092736
1,1,0.99818975
0,0,0.0008448291
1,1,0.9985538
1,1,0.9981597
1,1,0.9982161
1,1,0.9989981
0,0,0.00087364484
0,0,0.00086318335
0,0,0.0008444348
0,0,0.0007920159
1,1,0.9988171
1,1,0.9990422
1,1,0.9976676
1,1,0.99855906
1,1,0.99938035
0,0,0.0008687091
1,1,0.99905425
0,0,0.0008675006
1,1,0.9977208
1,1,0.9977769
1,1,0.99801826
1,1,0.9989015
1,1,0.99890506
1,1,0.9971142
0,0,0.00083151547
1,1,0.9988011
0,0,0.0010385974
1,1,0.99878436
1,1,0.9990626
0,0,0.0009130873
1,1,0.999137
0,0,0.0008474309
0,0,0.0010572175
1,1,0.99882704
0,0,0.000852314
0,0,0.00080340425
1,1,0.9976763
1,1,0.9989993
1,1,0.9980173
0,0,0.0006757443
1,1,0.99876356
1,1,0.9987016
1,1,0.99788433
0,0,0.0008419312
1,1,0.99931407
0,0,0.0008502237
1,1,0.99824166
1,1,0.99799806
1,1,0.99903715
1,1,0.9986571
0,0,0.0017081819
1,1,0.9985299
1,1,0.9987251
0,0,0.0008177957
1,1,0.9970239
1,1,0.99842393
0,0,0.0008559887
0,0,0.0007915851
1,1,0.99778533
0,0,0.00084012083
1,1,0.998798
1,1,0.99840635
0,0,0.00083196803
1,1,0.99813026
1,1,0.9991874
0,0,0.0009031515
1,1,0.99831593
1,1,0.9992545
1,1,0.99902534
1,1,0.9987037
1,1,0.99863404
0,0,0.0008447824
1,1,0.99827194
1,1,0.99894685
0,0,0.00084180845
1,1,0.9992617
0,0,0.000838177
1,1,0.9984617
0,0,0.0012010593
1,1,0.9989992
1,1,0.99886596
1,1,0.99897707
0,0,0.00083169853
0,0,0.00059423014
1,1,0.99835855
0,0,0.0010938487
0,0,0.0010695929
1,1,0.9982413
0,0,0.000811153
0,0,0.0012831759
1,1,0.9985267
1,1,0.9986601
0,0,0.00084608904
1,1,0.9975624
1,1,0.9981621
1,1,0.9992157
1,1,0.9980331
1,1,0.99798226
0,0,0.00084488787
1,1,0.9979545
1,1,0.99788636
0,0,0.00081937603
1,1,0.99769384
1,1,0.9982565
1,1,0.99926347
0,0,0.0008583083
0,0,0.000852812
1,1,0.99866295
0,0,0.0008504473
0,0,0.0008188171
1,1,0.99731773
1,1,0.9977543
0,0,0.000976804
1,1,0.9993332
0,0,0.0008465084
1,1,0.9981688
1,1,0.99753976
1,1,0.9982634
1,1,0.9976283
1,1,0.9983699
1,1,0.9990771
0,0,0.0008170752
0,0,0.00084572885
1,1,0.9978114
0,0,0.0008089731
1,1,0.9991849
1,1,0.99828917
0,0,0.00084957096
0,0,0.0008518675
1,1,0.9982596
1,1,0.9992316
0,0,0.0013996649
1,1,0.99920976
0,0,0.00084370526
1,1,0.9987394
1,1,0.99860233
1,1,0.9984485
1,1,0.9971572
1,1,0.9993418
1,1,0.9993073
1,1,0.9978878
0,0,0.00080661924
1,1,0.9990038
0,0,0.0012002874
1,1,0.9990601
0,0,0.0008333542
1,1,0.99918395
1,1,0.9985978
0,0,0.0008490887
1,1,0.99757665
1,1,0.9985134
1,1,0.99906474
1,1,0.99923456
1,1,0.9992243
1,1,0.99755824
1,1,0.9975018
0,0,0.00085372746
0,0,0.0011628396
1,1,0.9983335
1,1,0.99892944
0,0,0.000840812
1,1,0.99843043
0,0,0.00082772574
1,1,0.9975349
1,1,0.9976738
0,0,0.0008297196
1,1,0.99779296
0,0,0.0008553259
0,0,0.0009430611
0,0,0.0008454645
1,1,0.99835217
0,0,0.0008483373
1,1,0.9992231
0,0,0.00082810916
1,1,0.9990564
1,1,0.9980719
1,1,0.9981834
0,0,0.0008020175
1,1,0.9989255
0,0,0.00086435775
0,0,0.00092041586
1,1,0.99838114
0,0,0.0008414829
1,1,0.9989473
1,1,0.998814
1,1,0.99919504
0,0,0.0015115329
1,1,0.9975352
0,0,0.0008466367
1,1,0.99784374
1,1,0.9991691
0,0,0.0013380857
0,0,0.00086973945
1,1,0.9976422
1,1,0.99859947
1,1,0.9982393
0,0,0.00076328067
1,1,0.9983876
0,0,0.0008289033
1,1,0.99770266
1,1,0.99859065
1,1,0.9992879
0,0,0.001855172
0,0,0.0008489705
1,1,0.99942756
1,1,0.9976144
1,1,0.9981541
0,0,0.0008430712
1,1,0.99902534
0,0,0.0007402608
1,1,0.9977198
1,1,0.99943215
1,1,0.99743783
1,1,0.9986193
1,1,0.9988444
1,1,0.99854916
1,1,0.99827635
0,0,0.0008408609
0,0,0.0008372806
1,1,0.99841523
1,1,0.9988475
1,1,0.99872774
0,0,0.0008406975
0,0,0.0008394911
0,0,0.00082423113
1,1,0.9979322
1,1,0.99898595
1,1,0.99860436
0,0,0.00084019057
0,0,0.0008558697
1,1,0.9983798
1,1,0.9993531
1,1,0.9979493
0,0,0.0012293473
1,1,0.9983911
0,0,0.00083215913
0,0,0.0008484659
0,0,0.0008303635
1,1,0.9984837
1,1,0.99811244
1,1,0.9989844
1,1,0.9992767
1,1,0.99900466
0,0,0.0008345589
0,0,0.00082737795
1,1,0.9983909
0,0,0.0010590088
0,0,0.0007307077
1,1,0.9982255
1,1,0.99909353
1,1,0.9991856
1,1,0.9983399
1,1,0.9978345
0,0,0.00083492795
1,1,0.99840397
0,0,0.0010127269
0,0,0.0006029745
1,1,0.9993042
1,1,0.9992323
0,0,0.0008644517
1,1,0.99764484
1,1,0.9988732
1,1,0.9986872
1,1,0.9978211
1,1,0.99810433
0,0,0.00087706704
0,0,0.00082476536
1,1,0.9988399
1,1,0.997629
1,1,0.9987814
1,1,0.9988325
1,1,0.998771
1,1,0.99775946
1,1,0.99857116
0,0,0.0014041414
1,1,0.9982665
1,1,0.99892056
1,1,0.9986552
0,0,0.0008183094
1,1,0.99858993
1,1,0.9992361
1,1,0.9986092
0,0,0.00089673424
1,1,0.9990325
0,0,0.0006314745
0,0,0.0008846645
0,0,0.0008690038
1,1,0.9990928
1,1,0.99877137
1,1,0.9984285
0,0,0.000757881
1,1,0.99796593
0,0,0.00084721856
1,1,0.9990258
0,0,0.00082448643
1,1,0.9989028
1,1,0.9991667
1,1,0.9991097
0,0,0.0008479535
1,1,0.998771
1,1,0.9987801
1,1,0.9990706
1,1,0.9986714
1,1,0.9987344
1,1,0.99779296
1,1,0.99803597
1,1,0.9988312
0,0,0.0008537853
1,1,0.99871945
0,0,0.0008235151
0,0,0.0008745385
1,1,0.9982023
0,0,0.0008587173
0,0,0.00085028535
1,1,0.9984829
1,1,0.9989548
1,1,0.99931777
0,0,0.0008477749
0,0,0.0008218822
0,0,0.00083895936
1,1,0.99882776
1,1,0.9987936
1,1,0.99791306
1,1,0.99891233
0,0,0.00083179283
1,1,0.9979576
0,0,0.0010916876
1,1,0.9982495
0,0,0.0007838768
0,0,0.00083562196
0,0,0.00084489357
1,1,0.9985643
1,1,0.9978421
1,1,0.99760675
1,1,0.99784195
0,0,0.0011913299
1,1,0.9975777
0,0,0.0008621854
1,1,0.9989899
1,1,0.9989311
0,0,0.0009976831
0,0,0.000853795
1,1,0.9990243
0,0,0.00084537343
1,1,0.9981382
1,1,0.99888176
1,1,0.99831295
1,1,0.99774134
1,1,0.9982052
0,0,0.001031936
1,1,0.9984414
0,0,0.00084247696
1,1,0.9984628
1,1,0.9980258
1,1,0.99856204
1,1,0.9993337
1,1,0.999241
1,1,0.9973531
1,1,0.9986369
0,0,0.0006217681
1,1,0.9983487
0,0,0.0008464504
1,1,0.9981523
1,1,0.9984719
1,1,0.9976674
1,1,0.99845517
1,1,0.99835217
0,0,0.0014556907
1,1,0.9991068
1,1,0.99798894
1,1,0.9988882
1,1,0.9979498
1,1,0.9979578
0,0,0.0008422249
0,0,0.0010914203
0,0,0.0007290391
0,0,0.00084635196
1,1,0.998566
1,1,0.99871993
1,1,0.9989629
1,1,0.9990814
0,0,0.00082408194
1,1,0.99890375
0,0,0.00086357404
1,1,0.99825543
0,0,0.0008902335
1,1,0.99811566
0,0,0.00084001845
0,0,0.0008395159
1,1,0.9979569
0,0,0.0013324318
1,1,0.9987091
1,1,0.99814737
1,1,0.9981773
1,1,0.9985001
1,1,0.9986993
1,1,0.9990883
1,1,0.9993212
0,0,0.000839896
1,1,0.99750596
1,1,0.9987105
0,0,0.000859133
1,1,0.9988249
0,0,0.0007706037
1,1,0.9986625
1,1,0.9983376
1,1,0.9990909
1,1,0.99926454
1,1,0.9977309
1,1,0.9992324
1,1,0.9992387
1,1,0.9990208
1,1,0.9991227
1,1,0.9978154
0,0,0.00087955175
1,1,0.9980453
1,1,0.99935
0,0,0.0008647252
1,1,0.99842596
1,1,0.9981007
1,1,0.99841046
1,1,0.9990024
0,0,0.0008506613
1,1,0.9978969
1,1,0.9991947
1,1,0.997474
0,0,0.00083596364
1,1,0.9991918
1,1,0.99809927
1,1,0.99759054
1,1,0.9979285
1,1,0.9992293
1,1,0.99792635
0,0,0.0009582256
1,1,0.9985423
1,1,0.99857354
1,1,0.99851424
1,1,0.9988576
1,1,0.99848866
0,0,0.0016165698
0,0,0.00088045985
1,1,0.9985967
1,1,0.99836665
0,0,0.0011304654
1,1,0.9977028
1,1,0.9990621
1,1,0.9988526
0,0,0.0008376708
1,1,0.9986702
1,1,0.9989949
0,0,0.00083315483
0,0,0.00084526476
0,0,0.0008482986
1,1,0.9984738
1,1,0.9983917
0,0,0.0008703587
1,1,0.9977907
1,1,0.99852884
1,1,0.9991757
1,1,0.9992137
0,0,0.0008324256
1,1,0.998735
0,0,0.0008343776
1,1,0.9983108
1,1,0.9981427
0,0,0.0013733152
1,1,0.99870694
1,1,0.99823344
0,0,0.0008863613
1,1,0.9986418
0,0,0.00084754557
0,0,0.0008356482
1,1,0.9980709
1,1,0.9982931
0,0,0.001184931
1,1,0.9984055
1,1,0.9978619
1,1,0.9983706
1,1,0.9987035
0,0,0.000833571
0,0,0.0014334755
1,1,0.99794453
1,1,0.998384
0,0,0.0010569224
1,1,0.99863064
0,0,0.0008577343
1,1,0.99816895
1,1,0.9987734
0,0,0.00086548686
0,0,0.00084739696
0,0,0.00091352675
0,0,0.000782215
0,0,0.0008233237
1,1,0.998201
0,0,0.0004933341
0,0,0.0006508196
1,1,0.9981437
1,1,0.99848026
0,0,0.0008547572
1,1,0.9982002
1,1,0.9982917
0,0,0.00081722625
0,0,0.00084886694
1,1,0.99932265
1,1,0.9987909
0,0,0.00083717686
0,0,0.0008461753
1,1,0.9987
1,1,0.9990976
1,1,0.9986179
1,1,0.99891984
1,1,0.99818856
1,1,0.99826956
0,0,0.0010054513
1,1,0.99811006
0,0,0.00084395043
1,1,0.9988343
0,0,0.0008019984
1,1,0.99820495
0,0,0.0008425596
1,1,0.99813783
1,1,0.9987079
1,1,0.99813396
0,0,0.001399433
0,0,0.0008041043
0,0,0.00084569654
1,1,0.9977314
1,1,0.9987103
1,1,0.99846303
0,0,0.0008398783
1,1,0.99775594
0,0,0.0008136542
1,1,0.99807703
1,1,0.99818355
1,1,0.99774593
1,1,0.9980648
1,1,0.9986247
0,0,0.000863486
1,1,0.99734133
0,0,0.0008567354
1,1,0.99873906
1,1,0.99874336
1,1,0.99932945
0,0,0.0008233786
0,0,0.00080844905
1,1,0.99823964
1,1,0.99865663
0,0,0.000765973
0,0,0.0008422546
0,0,0.0008286798
0,0,0.00081818854
0,0,0.0008564016
1,1,0.99858594
0,0,0.001072967
0,0,0.0008358553
1,1,0.9982834
1,1,0.99758255
1,1,0.99859136
1,1,0.99914896
0,0,0.0008689748
0,0,0.0008440502
0,0,0.0007239311
1,1,0.998257
1,1,0.99812967
1,1,0.9983681
1,1,0.99885917
1,1,0.99883944
1,1,0.99798965
0,0,0.00078229554
1,1,0.99837446
0,0,0.0008503784
0,0,0.00088130246
1,1,0.9992416
0,0,0.0014605868
1,1,0.9978866
1,1,0.9986613
0,0,0.0012249944
1,1,0.99786586
0,0,0.001845086
1,1,0.9989604
0,0,0.0008640112
0,0,0.0011891973
0,0,0.0005424773
0,0,0.00062746817
1,1,0.9977564
1,1,0.9986217
1,1,0.9990202
1,1,0.9991394
0,0,0.00085239933
1,1,0.9986534
1,1,0.9986987
1,1,0.9977976
0,0,0.00083456124
1,1,0.9982272
1,1,0.99874216
1,1,0.99927086
1,1,0.9980799
1,1,0.9975254
0,0,0.0006120691
1,1,0.99915564
0,0,0.0010948986
0,0,0.0006476522
1,1,0.9975171
1,1,0.99858874
1,1,0.99874383
0,0,0.000843358
0,0,0.0012375172
0,0,0.0008482113
0,0,0.0010381325
1,1,0.9993864
1,1,0.9984457
1,1,0.9982109
0,0,0.000832981
1,1,0.99877745
0,0,0.00088839815
1,1,0.9985928
1,1,0.99757165
1,1,0.99869066
0,0,0.00087590446
1,1,0.9982936
0,0,0.000826545
0,0,0.00084066857
1,1,0.99799085
0,0,0.0010129517
1,1,0.9986602
0,0,0.0008679198
1,1,0.9975303
1,1,0.998209
1,1,0.99896896
1,1,0.99866474
0,0,0.0008287201
0,0,0.00082042365
1,1,0.9989962
1,1,0.999099
1,1,0.9987674
0,0,0.000828102
0,0,0.0008045995
0,0,0.0008478727
0,0,0.00082846824
1,1,0.9990746
1,1,0.9979377
1,1,0.99832207
1,1,0.9985662
1,1,0.9980469
1,1,0.9991301
1,1,0.998968
0,0,0.0010479001
1,1,0.99818027
1,1,0.99895525
0,0,0.0007774345
0,0,0.00084503606
0,0,0.0008470555
0,0,0.00084747287
0,0,0.00085698196
1,1,0.9989349
1,1,0.997526
0,0,0.00082175375
0,0,0.001569242
1,1,0.99867105
1,1,0.9990565
0,0,0.0007973524
1,1,0.9987245
0,0,0.0007993905
1,1,0.9980398
1,1,0.9992217
0,0,0.0008203862
0,0,0.00083845656
0,0,0.0018184652
0,0,0.0018132015
0,0,0.0008577458
1,1,0.99918526
0,0,0.0008493451
1,1,0.9990024
1,1,0.9984646
1,1,0.9975552
1,1,0.99803776
1,1,0.99859923
1,1,0.99752575
1,1,0.9984053
1,1,0.9974994
1,1,0.99895406
1,1,0.9991316
1,1,0.99875927
1,1,0.9980563
0,0,0.0008425436
0,0,0.0008522937
0,0,0.000848309
1,1,0.9986008
0,0,0.00079777953
0,0,0.0008363851
1,1,0.9980292
1,1,0.99753064
0,0,0.000832758
1,1,0.99918765
1,1,0.99723166
1,1,0.9983169
1,1,0.9991346
1,1,0.9980477
0,0,0.0008508956
1,1,0.99818856
1,1,0.9979753
1,1,0.99772567
0,0,0.00083060726
1,1,0.9990408
1,1,0.9987451
0,0,0.0008466254
1,1,0.99835265
0,0,0.0008443953
0,0,0.0006182197
0,0,0.00074311986
1,1,0.99814713
1,1,0.99781287
1,1,0.9982248
1,1,0.999015
1,1,0.99832004
0,0,0.0008539561
0,0,0.0006732636
0,0,0.0008392967
1,1,0.99828655
0,0,0.00084502716
1,1,0.9983657
0,0,0.000853913
0,0,0.0008618372
0,0,0.00084352115
0,0,0.0008400985
0,0,0.00086813985
1,1,0.9986292
1,1,0.9992268
0,0,0.0008217844
1,1,0.9971614
0,0,0.0008350211
1,1,0.99905974
1,1,0.9978776
1,1,0.99870527
0,0,0.001648822
0,0,0.00060223014
1,1,0.9985757
1,1,0.9978809
1,1,0.9981665
0,0,0.0008423726
1,1,0.99834716
1,1,0.9985593
1,1,0.9982784
1,1,0.9979213
0,0,0.0006464552
0,0,0.00082885986
0,0,0.00082867825
0,0,0.0007981384
0,0,0.0008414091
1,1,0.9978084
1,1,0.9980445
1,1,0.9983689
1,1,0.99865556
0,0,0.00081529026
1,1,0.99863535
1,1,0.9975617
1,1,0.9980872
1,1,0.9982578
1,1,0.9991314
0,0,0.0008415198
1,1,0.99788934
1,1,0.99809664
1,1,0.9987413
1,1,0.9987914
1,1,0.99800617
0,0,0.0020122554
1,1,0.99907434
1,1,0.9985115
1,1,0.9990362
1,1,0.9991617
0,0,0.00083400635
0,0,0.0014268631
1,1,0.9980148
0,0,0.00080413267
0,0,0.0008367773
1,1,0.9978934
1,1,0.9981223
0,0,0.0008491623
0,0,0.00084322144
1,1,0.9991862
1,1,0.99950707
1,1,0.9979685
1,1,0.9984484
0,0,0.0008547091
1,1,0.99875724
1,1,0.99808407
1,1,0.9983948
1,1,0.9990632
1,1,0.9978592
0,0,0.00082451315
1,1,0.9984906
1,1,0.9983656
1,1,0.9981269
0,0,0.0016274623
1,1,0.99861705
0,0,0.0008328644
0,0,0.0006267886
1,1,0.99941194
0,0,0.00073581573
1,1,0.9978765
1,1,0.99701023
0,0,0.00084325357
1,1,0.99884355
1,1,0.9982035
1,1,0.99868184
1,1,0.99818677
1,1,0.998934
1,1,0.9989164
1,1,0.99828535
1,1,0.99872977
0,0,0.0008628839
0,0,0.000617243
0,0,0.0018240876
0,0,0.00062276627
0,0,0.000698412
1,1,0.9989222
0,0,0.0008216998
1,1,0.99808717
1,1,0.99811494
0,0,0.00082769967
1,1,0.9986737
0,0,0.0010777048
1,1,0.9980209
1,1,0.99860173
0,0,0.00082546356
1,1,0.9991892
0,0,0.0008351842
0,0,0.0011202194
1,1,0.9976246
1,1,0.99850214
1,1,0.99681526
1,1,0.99835926
0,0,0.00084879017
1,1,0.998691
1,1,0.9989784
1,1,0.99907327
1,1,0.9984043
1,1,0.9976465
0,0,0.0006805404
1,1,0.99769056
0,0,0.00067320524
0,0,0.0008498568
1,1,0.997883
1,1,0.99775547
0,0,0.00084483396
1,1,0.99888366
0,0,0.0008261663
