Booking ID,Customer ID,y_true,y_pred,proba
"""CNR4569582""","""CID6072948""",0,1,0.7514641735222916
"""CNR6584576""","""CID5348019""",1,1,0.5983927757255587
"""CNR5622618""","""CID3267159""",0,0,0.07340459661452516
"""CNR4446074""","""CID2410739""",0,1,0.7324520509374444
"""CNR9851382""","""CID9250895""",1,1,0.5832197169225968
"""CNR3486471""","""CID8705421""",0,0,0.08024130483437726
"""CNR3474438""","""CID9573148""",0,0,0.12273432221421116
"""CNR4889442""","""CID8172334""",0,0,0.16835965656824256
"""CNR4845684""","""CID6665637""",1,1,0.9713666650542494
"""CNR8047560""","""CID5218117""",0,0,0.08628947819684352
"""CNR3529436""","""CID5176903""",0,0,0.07213581710571387
"""CNR6214298""","""CID1650726""",1,1,0.9743287584482321
"""CNR6235520""","""CID9194932""",0,0,0.08760215072299356
"""CNR9458980""","""CID1305302""",1,1,0.5988490771297571
"""CNR2246081""","""CID3780903""",1,1,0.9844923627707033
"""CNR6253976""","""CID1319974""",1,1,0.9397646564302814
"""CNR8969321""","""CID3800147""",1,1,0.9244127614362282
"""CNR9050448""","""CID3975701""",0,0,0.08573914541263708
"""CNR5266647""","""CID7945265""",0,1,0.5743135808908579
"""CNR2926412""","""CID2626852""",1,1,0.9672382760555992
"""CNR8476636""","""CID4517196""",1,1,0.9854969057170065
"""CNR2562875""","""CID2655840""",1,1,0.9553212839051953
"""CNR6538431""","""CID2281334""",0,0,0.11442702234028952
"""CNR4815036""","""CID5888329""",0,0,0.10044292253975741
"""CNR7296020""","""CID5436814""",0,0,0.07104101834277186
"""CNR3541517""","""CID6391409""",0,0,0.07331455597218355
"""CNR4419198""","""CID1504600""",0,0,0.06902555739573077
"""CNR4797408""","""CID5613596""",1,1,0.8442276518651419
"""CNR4588860""","""CID6823367""",1,1,0.7137158697878125
"""CNR8816774""","""CID1391792""",1,1,0.9229886650593974
"""CNR1472858""","""CID1956972""",1,1,0.5704618167174561
"""CNR6837185""","""CID8846206""",0,0,0.07794795528719774
"""CNR2122921""","""CID8928357""",1,1,0.5684582296156004
"""CNR1405460""","""CID9180642""",0,0,0.07483880833130098
"""CNR8303304""","""CID4755134""",1,1,0.9241453207446083
"""CNR6976620""","""CID2335124""",1,1,0.9248966331427178
"""CNR9885610""","""CID7440197""",0,0,0.07519549245145883
"""CNR2234736""","""CID4193584""",0,0,0.09820279061575772
"""CNR6566100""","""CID2772546""",0,0,0.08883186610549852
"""CNR7223771""","""CID2815888""",1,1,0.6298360962355223
"""CNR9309016""","""CID5000589""",1,1,0.9785575375349812
"""CNR4603553""","""CID8007904""",0,0,0.16060734544964692
"""CNR2642191""","""CID6828052""",1,1,0.6798019349334827
"""CNR6026568""","""CID1173816""",0,0,0.0841835862919303
"""CNR1899460""","""CID1465508""",1,1,0.9347776684783595
"""CNR9526338""","""CID1992333""",0,1,0.5629183113245844
"""CNR7555284""","""CID3351587""",1,1,0.8915387165112915
"""CNR2339339""","""CID4598501""",0,0,0.08587801361783938
"""CNR6092422""","""CID3894505""",1,1,0.577960469698369
"""CNR5523868""","""CID9246047""",0,0,0.07532784121605345
"""CNR4225323""","""CID3580896""",0,0,0.10836354575637515
"""CNR1434199""","""CID9176904""",0,0,0.08044678467488046
"""CNR6887108""","""CID5458601""",0,1,0.7418989712191479
"""CNR4621223""","""CID9996852""",0,1,0.5702195310069926
"""CNR6025430""","""CID8202048""",0,0,0.22324400361650917
"""CNR4040982""","""CID2638097""",1,1,0.5898726966453293
"""CNR3570597""","""CID2512202""",1,1,0.707741209855285
"""CNR9260383""","""CID3265242""",0,1,0.6212899959861192
"""CNR1511108""","""CID4209404""",0,0,0.09400035291964529
"""CNR6335707""","""CID2941563""",0,0,0.14968095442676624
"""CNR8654492""","""CID5867037""",1,1,0.9363728450765666
"""CNR9145219""","""CID4348378""",1,1,0.6494694963161014
"""CNR3511683""","""CID8777017""",0,0,0.07717205410036708
"""CNR6738939""","""CID1422923""",0,0,0.09454827905933107
"""CNR5092863""","""CID8779541""",1,1,0.9698699512191795
"""CNR6570965""","""CID8532102""",0,0,0.1447247979917084
"""CNR3440352""","""CID1403183""",1,1,0.9387659192453474
"""CNR7604970""","""CID3609299""",1,1,0.91738155663144
"""CNR5632043""","""CID4872218""",0,0,0.07570502142261107
"""CNR5774668""","""CID5548040""",1,0,0.1995450400675302
"""CNR1967898""","""CID1501692""",0,0,0.08741425867495431
"""CNR3292298""","""CID3332183""",1,1,0.7127447456959742
"""CNR1490517""","""CID7247857""",0,0,0.1229285030159267
"""CNR1246505""","""CID2128946""",1,1,0.939284937033928
"""CNR7616317""","""CID7333560""",1,1,0.9744671677882362
"""CNR1266817""","""CID8818616""",0,0,0.11504024730431871
"""CNR1630941""","""CID5196532""",0,0,0.0888540040260279
"""CNR2699484""","""CID4187382""",0,1,0.6303882598523592
"""CNR5803046""","""CID2594849""",0,0,0.116115602455795
"""CNR1369072""","""CID8530836""",0,0,0.24904527234852475
"""CNR6875873""","""CID1837347""",1,1,0.6043931053133146
"""CNR2759338""","""CID8158308""",1,1,0.9375888341633608
"""CNR9971036""","""CID6663978""",1,1,0.6139155877014667
"""CNR6784138""","""CID7063531""",0,0,0.10980266135275678
"""CNR8208677""","""CID7350688""",1,1,0.9865232607280835
"""CNR7235913""","""CID7613848""",1,1,0.5751295595200634
"""CNR3316850""","""CID5022640""",1,1,0.9225981092472303
"""CNR4447162""","""CID5467124""",0,0,0.08645837943384793
"""CNR9999111""","""CID7877615""",0,1,0.7017500238145886
"""CNR2271456""","""CID1840781""",1,1,0.7129368115751332
"""CNR8322965""","""CID9905680""",1,1,0.9325898669046501
"""CNR3549877""","""CID6181342""",1,1,0.7271268495249852
"""CNR2326452""","""CID3174868""",0,1,0.5678743730702538
"""CNR5088483""","""CID1928163""",1,1,0.7546612601599949
"""CNR4806962""","""CID9338530""",1,1,0.9324737805923982
"""CNR3997302""","""CID5934686""",0,0,0.09548698939520948
"""CNR5328080""","""CID1144914""",0,0,0.06517818776662772
"""CNR7466377""","""CID4632105""",1,1,0.6590068653024304
"""CNR9362429""","""CID7631356""",0,0,0.08724416134893388
"""CNR7031446""","""CID9384435""",0,0,0.08516858752827167
"""CNR3513402""","""CID7608692""",1,1,0.7592574349188802
"""CNR3388183""","""CID8477716""",1,1,0.7783181862348191
"""CNR4029394""","""CID1281047""",0,0,0.08234129372720626
"""CNR9529891""","""CID6808800""",1,1,0.7294181660790381
"""CNR9102749""","""CID6085803""",0,0,0.09444551041646641
"""CNR6369570""","""CID9789819""",0,0,0.09597120836952722
"""CNR5587763""","""CID3030959""",1,1,0.9348629141546538
"""CNR3043275""","""CID4224504""",1,1,0.5578798074569026
"""CNR7768240""","""CID4003603""",0,0,0.08279216931266552
"""CNR5917798""","""CID1416970""",1,1,0.9911868825428625
"""CNR5545591""","""CID2251135""",0,0,0.08224488680969454
"""CNR5768829""","""CID1435619""",1,1,0.8141031510640594
"""CNR9417086""","""CID2072294""",0,1,0.5191310673920078
"""CNR5044913""","""CID8783607""",0,0,0.08346423961945022
"""CNR6963420""","""CID4908210""",0,0,0.07808279015957947
"""CNR4787358""","""CID2838249""",1,1,0.9142049161111775
"""CNR1053530""","""CID8755503""",1,1,0.7116539709207684
"""CNR7813613""","""CID4071638""",1,1,0.9374851393091973
"""CNR1866576""","""CID7457460""",0,0,0.08035615859260038
"""CNR5012798""","""CID6112870""",0,0,0.0822155609221747
"""CNR3856984""","""CID8428966""",1,1,0.9813689772584346
"""CNR8777233""","""CID5990223""",1,1,0.958924293361646
"""CNR7282361""","""CID3781034""",1,1,0.922088522866012
"""CNR7272657""","""CID4055548""",0,0,0.08624916841013106
"""CNR9727525""","""CID2020064""",0,0,0.082838515529463
"""CNR8794740""","""CID8257902""",0,0,0.08304813480348007
"""CNR2787975""","""CID1785207""",1,1,0.595332095313065
"""CNR6310489""","""CID1423630""",1,1,0.6997648364704978
"""CNR1842497""","""CID5824317""",1,1,0.7555752939888456
"""CNR4813859""","""CID1967141""",1,1,0.918467576167111
"""CNR4272012""","""CID6511367""",1,1,0.975512791264948
"""CNR4092554""","""CID6923900""",1,1,0.5921200707469979
"""CNR7652177""","""CID6555714""",1,1,0.6306801807148908
"""CNR1974701""","""CID7228842""",0,0,0.07607688788475821
"""CNR3578487""","""CID2411356""",1,1,0.9722395268735932
"""CNR7934367""","""CID7227940""",0,0,0.08138718064778049
"""CNR2578719""","""CID7672414""",0,0,0.07186967077181833
"""CNR4130759""","""CID9138277""",1,1,0.7039227193457591
"""CNR2705550""","""CID6094992""",1,1,0.572007669085936
"""CNR5025229""","""CID6619119""",1,1,0.7247154505737573
"""CNR6154818""","""CID2302862""",0,0,0.12250887074098062
"""CNR8689358""","""CID5514865""",0,0,0.07697461848348183
"""CNR7915549""","""CID3034129""",1,1,0.7520423831433344
"""CNR8569251""","""CID8138468""",1,1,0.7158094701825986
"""CNR3993618""","""CID9519904""",1,1,0.9252834484127413
"""CNR8516596""","""CID9054085""",0,0,0.0916509659124734
"""CNR3351197""","""CID6461849""",1,1,0.9591727005361858
"""CNR2257811""","""CID2397145""",1,1,0.7185810475411384
"""CNR2057753""","""CID9115191""",1,1,0.7334299083031934
"""CNR5557550""","""CID3107128""",0,0,0.09157136859153082
"""CNR6168441""","""CID3983689""",1,1,0.9535810573301007
"""CNR3552006""","""CID6017334""",1,1,0.6874604879779708
"""CNR1215603""","""CID1062610""",1,1,0.9316254169710491
"""CNR2204212""","""CID8809219""",0,0,0.08468698958034221
"""CNR5175924""","""CID2692806""",0,0,0.0912800545700495
"""CNR5595275""","""CID6335200""",1,1,0.9797221391528249
"""CNR8520299""","""CID6638358""",0,0,0.07619193349753636
"""CNR3340596""","""CID5340707""",1,1,0.5791330372541369
"""CNR2269179""","""CID3467592""",0,0,0.14608273443983028
"""CNR5460112""","""CID5789165""",0,0,0.07892037764266234
"""CNR7679498""","""CID8739711""",1,1,0.9838132204745811
"""CNR4491141""","""CID3510490""",1,1,0.6211635621122684
"""CNR1716964""","""CID9533182""",1,1,0.9825301629240992
"""CNR8588643""","""CID1286785""",0,0,0.08424118776695652
"""CNR2638408""","""CID2451970""",1,1,0.7085587839924881
"""CNR9256868""","""CID9703235""",1,1,0.9749821343152008
"""CNR3694968""","""CID1318738""",1,1,0.9702264406061537
"""CNR2859597""","""CID7490595""",1,1,0.6736569142057451
"""CNR8511918""","""CID3744129""",1,1,0.6203449736522055
"""CNR1900807""","""CID4960734""",1,1,0.6715506488882175
"""CNR4196943""","""CID5336864""",1,1,0.9310004802875538
"""CNR4007785""","""CID8866916""",1,1,0.9406525856448665
"""CNR4610028""","""CID9176697""",0,0,0.08706088925499438
"""CNR6999912""","""CID1156921""",1,1,0.9810317044004115
"""CNR2403219""","""CID7269319""",0,0,0.06876767560789511
"""CNR1678239""","""CID9125749""",1,1,0.9342472047687543
"""CNR8510691""","""CID6472595""",1,1,0.9872868590657365
"""CNR1408387""","""CID7137042""",1,1,0.988227098938987
"""CNR3797254""","""CID4865236""",0,0,0.08724457158121439
"""CNR3955132""","""CID1209640""",0,0,0.08170085939851912
"""CNR7917848""","""CID2953808""",0,0,0.07653112206312558
"""CNR8658266""","""CID4486585""",0,1,0.5713904111432723
"""CNR6272325""","""CID7983378""",1,1,0.9636794063143791
"""CNR5498904""","""CID3151151""",0,1,0.7308120914395301
"""CNR3726378""","""CID1089857""",0,1,0.5896390430988194
"""CNR3344519""","""CID9079204""",1,1,0.775579322948159
"""CNR3905750""","""CID2434117""",1,1,0.973231888190655
"""CNR5476313""","""CID8170254""",0,0,0.13473178973276762
"""CNR5859624""","""CID6856248""",0,0,0.08504353589891456
"""CNR7273824""","""CID2339269""",0,0,0.08841863488281584
"""CNR1708863""","""CID9285388""",1,1,0.5960466869598677
"""CNR4064235""","""CID5395210""",1,1,0.9922167071935544
"""CNR1244082""","""CID3228754""",0,0,0.20334144229757675
"""CNR9017183""","""CID4137476""",0,0,0.166554156760157
"""CNR4729656""","""CID2582691""",1,1,0.9537874161598922
"""CNR9352394""","""CID9384820""",0,0,0.11522986109268298
"""CNR5876018""","""CID7502199""",1,1,0.6830838172233206
"""CNR9220297""","""CID9010499""",0,0,0.08729124172856777
"""CNR4655365""","""CID2262438""",1,1,0.9694653691688194
"""CNR3178315""","""CID6996427""",1,1,0.7315783422387887
"""CNR6692295""","""CID8124205""",1,1,0.9587568053435107
"""CNR9891769""","""CID8015032""",1,1,0.6443328505534861
"""CNR2386643""","""CID3045256""",0,0,0.1332412278478347
"""CNR9368634""","""CID4798552""",1,1,0.9842231887269816
"""CNR8834326""","""CID5658394""",0,0,0.08348559574477275
"""CNR3986989""","""CID1625446""",0,0,0.07012485869270602
"""CNR7008149""","""CID7768390""",1,1,0.9824003691805532
"""CNR4194043""","""CID6393298""",1,1,0.6954384062223488
"""CNR2680511""","""CID4284552""",0,1,0.5968197023543279
"""CNR9919019""","""CID7560795""",1,1,0.7564026824094549
"""CNR1597230""","""CID4519387""",1,1,0.6043797690189502
"""CNR8725519""","""CID1133773""",0,0,0.10063825488274941
"""CNR9065760""","""CID9117473""",1,1,0.9348765438278864
"""CNR9056966""","""CID6175077""",1,1,0.7185325586581692
"""CNR5766106""","""CID1324981""",1,1,0.9753715845328742
"""CNR9895824""","""CID3591984""",1,1,0.7222872342164497
"""CNR7655698""","""CID1697032""",1,1,0.9809588094031354
"""CNR8887348""","""CID7491410""",1,1,0.686950970175611
"""CNR4526537""","""CID2055808""",1,1,0.5778205742176198
"""CNR4518769""","""CID4893840""",0,0,0.08241764316326423
"""CNR7585544""","""CID8495428""",1,1,0.5553318263786958
"""CNR8652976""","""CID7584330""",1,1,0.7171759040744745
"""CNR9463881""","""CID7556916""",1,1,0.9853814698463788
"""CNR5249563""","""CID3923251""",1,1,0.6687209228233422
"""CNR4289335""","""CID6471579""",0,0,0.0785302496941125
"""CNR1758643""","""CID3238460""",1,1,0.5759024785257106
"""CNR5680916""","""CID7758523""",0,0,0.1072866820150792
"""CNR9984460""","""CID1867900""",0,0,0.138836766528357
"""CNR8323012""","""CID5927732""",1,1,0.7292335868141303
"""CNR8224810""","""CID8040228""",0,1,0.8298875991062744
"""CNR2865519""","""CID6628950""",0,0,0.06404381233197619
"""CNR7530403""","""CID9602072""",0,0,0.07070475921702192
"""CNR1135008""","""CID5806197""",1,1,0.9768546897008236
"""CNR3774264""","""CID2919610""",1,1,0.8381366047918625
"""CNR3801051""","""CID9532465""",1,1,0.9815046706626074
"""CNR9658477""","""CID7930195""",1,1,0.9436721690069946
"""CNR7456273""","""CID4596593""",1,1,0.559661642620986
"""CNR5724237""","""CID5731938""",0,0,0.08551902834113287
"""CNR9070755""","""CID6498479""",0,0,0.08791050910730681
"""CNR4763992""","""CID9696100""",0,1,0.7640231405222492
"""CNR7280455""","""CID2503844""",1,1,0.9625589507609411
"""CNR4199922""","""CID9712683""",1,1,0.5925644186961464
"""CNR7240742""","""CID5774618""",1,1,0.857404924427049
"""CNR2657941""","""CID2353139""",0,1,0.5796672558591592
"""CNR7011423""","""CID6954831""",0,0,0.07733417164608627
"""CNR5232707""","""CID2282714""",0,0,0.07371962863514082
"""CNR9592916""","""CID4681861""",0,0,0.08700069886362582
"""CNR7592987""","""CID4866127""",0,0,0.183031831872947
"""CNR1418834""","""CID5426213""",1,1,0.733891719584728
"""CNR8881997""","""CID6013309""",0,0,0.07851740272555827
"""CNR8411172""","""CID1431892""",0,0,0.07272522296330035
"""CNR4646990""","""CID8669268""",1,1,0.7387816601379796
"""CNR7741091""","""CID2679731""",1,1,0.9913449667461265
"""CNR5021897""","""CID7439384""",0,1,0.5867471716219251
"""CNR8578948""","""CID1034918""",1,1,0.7520430067599818
"""CNR2853797""","""CID6008805""",1,1,0.5750325872026247
"""CNR2238115""","""CID8797386""",0,0,0.06792444448474688
"""CNR7456134""","""CID7088280""",1,1,0.9320856797867223
"""CNR5749535""","""CID8472543""",0,0,0.08578086395491147
"""CNR5067524""","""CID5018030""",0,0,0.09668705152525853
"""CNR4785011""","""CID2530838""",1,1,0.719612289457864
"""CNR9682273""","""CID2823496""",1,1,0.7682791898768632
"""CNR6619947""","""CID1137478""",1,1,0.5905941863083541
"""CNR9895725""","""CID5833340""",1,1,0.7217376958312889
"""CNR1938161""","""CID1679030""",0,0,0.08464332212113307
"""CNR7207558""","""CID9704761""",0,0,0.17138339354774848
"""CNR5666920""","""CID8468514""",1,1,0.9510384930298985
"""CNR6956824""","""CID3904546""",1,1,0.772790890100086
"""CNR7658263""","""CID3508225""",1,1,0.6384762289938368
"""CNR2546635""","""CID9254794""",0,0,0.08094358739716782
"""CNR8857275""","""CID7903486""",1,1,0.9768543192264292
"""CNR2897644""","""CID7543708""",0,0,0.17261450401698275
"""CNR1467290""","""CID2099370""",1,1,0.9663201989999052
"""CNR2089837""","""CID1794805""",1,1,0.9690842496545351
"""CNR8666257""","""CID7787131""",1,1,0.9262562614852751
"""CNR1592572""","""CID1338365""",1,1,0.9307532131870132
"""CNR7261711""","""CID4024782""",0,0,0.08196940046325717
"""CNR4914231""","""CID6539029""",1,1,0.9650999256505444
"""CNR3209411""","""CID2561236""",1,1,0.9521523333641886
"""CNR9441585""","""CID8032062""",1,1,0.953738275646649
"""CNR5230252""","""CID4912313""",1,1,0.7261290821309263
"""CNR4854873""","""CID8403961""",0,0,0.14637408010514766
"""CNR9736464""","""CID1936903""",1,1,0.9845141404189756
"""CNR2274653""","""CID6393711""",1,1,0.5606218050699332
"""CNR9895196""","""CID1675932""",0,1,0.7224571162534352
"""CNR3193783""","""CID6057884""",1,1,0.6573138441349994
"""CNR9072967""","""CID2632530""",1,1,0.7736935722823122
"""CNR4242157""","""CID5524299""",1,1,0.9460558089115045
"""CNR7886104""","""CID8573529""",0,0,0.08430844204779317
"""CNR2266081""","""CID4243281""",1,1,0.7296284547192178
"""CNR9136302""","""CID2474494""",1,1,0.7499451149169755
"""CNR4692659""","""CID4873379""",1,1,0.98303906411319
"""CNR2422416""","""CID9641561""",0,0,0.12512836017872095
"""CNR5512964""","""CID8908074""",0,1,0.581815501388448
"""CNR5477377""","""CID5103861""",0,0,0.09315618692753884
"""CNR4151340""","""CID2756443""",0,0,0.17343309038470725
"""CNR9399167""","""CID4537138""",1,1,0.5594999640079059
"""CNR7852150""","""CID5566758""",1,1,0.9579804385423814
"""CNR9852964""","""CID7862312""",0,0,0.06918999879761775
"""CNR1040715""","""CID2124612""",0,0,0.17135169970188305
"""CNR9481495""","""CID8674449""",0,0,0.1463364332239842
"""CNR6054089""","""CID3958672""",1,1,0.9727835099433978
"""CNR3839279""","""CID2608780""",0,0,0.1349152721543398
"""CNR1085301""","""CID4049058""",0,0,0.09447596408694034
"""CNR1218551""","""CID2401071""",1,1,0.9274839716899937
"""CNR9071938""","""CID1464564""",1,1,0.5617894637188858
"""CNR5477646""","""CID3735674""",0,0,0.08730607877011469
"""CNR8735094""","""CID5107831""",1,1,0.9877592582886157
"""CNR1538219""","""CID8076083""",1,1,0.9514455504884648
"""CNR4375478""","""CID9022890""",1,1,0.5745870519558863
"""CNR7737916""","""CID1810768""",0,0,0.13284183647151565
"""CNR9210829""","""CID5834418""",1,1,0.9891346643908077
"""CNR8477353""","""CID7286854""",0,0,0.07885202896811268
"""CNR5561308""","""CID5919366""",1,1,0.9731832346433956
"""CNR5357242""","""CID5849335""",1,1,0.9476668366175814
"""CNR4523223""","""CID5138317""",0,0,0.07533401276307602
"""CNR7350040""","""CID9237669""",1,0,0.21027693350121882
"""CNR3923599""","""CID1082283""",1,1,0.9555444477802155
"""CNR3562567""","""CID1186475""",1,1,0.9691855796985824
"""CNR8458978""","""CID9327148""",0,0,0.07299962870221362
"""CNR3561003""","""CID1723615""",1,1,0.5670155151591998
"""CNR3929473""","""CID2555882""",0,0,0.08894856459016097
"""CNR2340038""","""CID6171969""",0,0,0.07121843556260243
"""CNR7526856""","""CID6462643""",1,1,0.817822640030471
"""CNR9375758""","""CID7485198""",1,1,0.5745377381026989
"""CNR2729207""","""CID3475423""",1,1,0.6403993184619142
"""CNR5354128""","""CID6030684""",0,0,0.08307548592069179
"""CNR2891341""","""CID3318448""",1,1,0.9421318207089076
"""CNR8968656""","""CID7240328""",0,0,0.07529025799080316
"""CNR8389623""","""CID3529088""",1,1,0.6986969539508011
"""CNR6723742""","""CID7192559""",1,1,0.9287374220958577
"""CNR6251786""","""CID2224223""",1,1,0.6913051273378024
"""CNR3910755""","""CID9482504""",1,1,0.614010620002596
"""CNR6752518""","""CID8216903""",0,1,0.7721167318320141
"""CNR6914508""","""CID4562833""",0,1,0.6336108850834623
"""CNR4075907""","""CID5149851""",1,1,0.9332418268769355
"""CNR2223838""","""CID2572419""",1,1,0.9701217169613323
"""CNR9094892""","""CID2249885""",0,0,0.07409239398890509
"""CNR7036254""","""CID7734071""",0,0,0.10518003824996822
"""CNR7176555""","""CID7293838""",0,1,0.5775335448789382
"""CNR7832007""","""CID4861379""",0,0,0.08425610997901543
"""CNR4013824""","""CID5703245""",0,0,0.11638311394335205
"""CNR4209741""","""CID2022424""",1,1,0.6937796931072189
"""CNR1618807""","""CID9953781""",0,0,0.07877375439576946
"""CNR3721901""","""CID2194318""",1,1,0.9359114022703727
"""CNR8130736""","""CID6387918""",1,1,0.6995205228104041
"""CNR2435654""","""CID4448337""",1,1,0.7690593609796227
"""CNR4732990""","""CID5597464""",1,1,0.9914542715102367
"""CNR7820816""","""CID8959520""",1,1,0.9313808183517763
"""CNR4953428""","""CID7359564""",1,1,0.9688584671629716
"""CNR7834444""","""CID5160624""",0,0,0.0689070521827472
"""CNR7951303""","""CID8955952""",1,1,0.9007363097813094
"""CNR2069547""","""CID3021792""",0,0,0.08091621628360994
"""CNR3400842""","""CID9360439""",0,0,0.054156329696350196
"""CNR3699384""","""CID1111548""",1,1,0.9759616881005138
"""CNR1784650""","""CID4954506""",1,1,0.9693099177464662
"""CNR4974675""","""CID5580023""",0,0,0.08378438043639937
"""CNR7053820""","""CID5854305""",1,1,0.7444000077542112
"""CNR1923293""","""CID1979550""",1,1,0.9387063137130944
"""CNR4470060""","""CID7422945""",1,1,0.6403676657702455
"""CNR3644074""","""CID1110287""",0,0,0.07478860414407186
"""CNR4105094""","""CID3937257""",1,1,0.6300498906660232
"""CNR8091685""","""CID7493303""",0,1,0.5866273621734781
"""CNR6488190""","""CID5786289""",1,1,0.8119483699957326
"""CNR5871320""","""CID9039995""",0,0,0.06883760757904413
"""CNR2846831""","""CID3749555""",1,1,0.9225168333294917
"""CNR8483452""","""CID1942780""",0,1,0.531556326242325
"""CNR7887104""","""CID3708975""",1,1,0.9452006907781435
"""CNR8153310""","""CID8451063""",0,0,0.10561907819666895
"""CNR6091989""","""CID6355849""",0,0,0.10305241085628894
"""CNR8544980""","""CID6315202""",0,0,0.0722706397565034
"""CNR3601911""","""CID2477859""",1,1,0.9324942747747703
"""CNR3884660""","""CID9070677""",1,1,0.7253903966088541
"""CNR3461026""","""CID1580621""",1,1,0.9786817451486771
"""CNR4676341""","""CID9337926""",1,1,0.6488803244880138
"""CNR9792979""","""CID8751047""",1,1,0.5918621711457129
"""CNR4649754""","""CID5623884""",1,1,0.986877674618764
"""CNR5504328""","""CID1980076""",1,1,0.6422334926222711
"""CNR4564347""","""CID9473066""",1,1,0.8110394910703317
"""CNR8823743""","""CID2458506""",0,0,0.0984718522686245
"""CNR9625824""","""CID7918423""",1,1,0.9129806494057168
"""CNR1234547""","""CID7434516""",0,1,0.5821851648414104
"""CNR4743281""","""CID7519696""",1,1,0.9338968486653786
"""CNR4570443""","""CID1149877""",1,1,0.5782766821759971
"""CNR9901618""","""CID2690728""",1,1,0.9463169943608557
"""CNR5640721""","""CID2424962""",0,1,0.6949890930884127
"""CNR8877380""","""CID5422967""",0,0,0.06529618576608903
"""CNR9890681""","""CID9854673""",1,1,0.9771591888797637
"""CNR2493980""","""CID7698617""",1,1,0.9453913800006543
"""CNR8105649""","""CID3331530""",1,1,0.5908998275268653
"""CNR3970526""","""CID3027032""",1,1,0.5774267267634509
"""CNR6777066""","""CID1337754""",1,1,0.9693404921684917
"""CNR4869235""","""CID6274781""",0,0,0.11190616671343347
"""CNR6532207""","""CID2730103""",1,1,0.6626313045982704
"""CNR2753091""","""CID1366410""",0,0,0.06341906968215694
"""CNR7074841""","""CID2780055""",1,1,0.9494432262072438
"""CNR6158535""","""CID1185761""",1,1,0.7066193208794029
"""CNR7574616""","""CID4284288""",1,1,0.6962067996373914
"""CNR1270325""","""CID7025655""",1,1,0.6833203923524391
"""CNR3879628""","""CID8486982""",1,1,0.9183316891254966
"""CNR7593348""","""CID7882585""",1,1,0.9573800384167411
"""CNR5046200""","""CID7515948""",1,1,0.5643353168450039
"""CNR4999787""","""CID8889324""",1,1,0.6963393868436005
"""CNR1778553""","""CID2079842""",1,1,0.6841570699455907
"""CNR7288025""","""CID2472437""",1,1,0.9390248901327247
"""CNR6370964""","""CID5183354""",1,1,0.9241399823113507
"""CNR8364956""","""CID6806179""",1,1,0.91605997466843
"""CNR8930823""","""CID1836227""",0,0,0.17242563988881418
"""CNR7058613""","""CID5768880""",1,1,0.5643906686237885
"""CNR3863021""","""CID2453721""",0,0,0.13477933548145823
"""CNR6272994""","""CID2257977""",0,1,0.6684254133289369
"""CNR3910606""","""CID4754606""",1,1,0.6134738507467322
"""CNR8880547""","""CID2121221""",0,0,0.09771785486157815
"""CNR8697325""","""CID4015744""",1,1,0.6890383236886581
"""CNR3508707""","""CID4186737""",1,1,0.9757157701208974
"""CNR7898051""","""CID8305432""",1,1,0.6767464426617079
"""CNR9086004""","""CID6766784""",1,1,0.7038358211399683
"""CNR9153547""","""CID2167445""",1,1,0.9793896796744783
"""CNR1743761""","""CID2470524""",1,1,0.9263479629067272
"""CNR4922020""","""CID4113809""",1,1,0.9333742477412466
"""CNR9349342""","""CID6142898""",1,1,0.7664681117824146
"""CNR5638994""","""CID3677873""",0,1,0.6268630352778053
"""CNR7803238""","""CID4631907""",1,1,0.5352507891327526
"""CNR8485954""","""CID9210360""",1,1,0.61208025442449
"""CNR4775692""","""CID7705861""",1,1,0.9899516171685531
"""CNR2541066""","""CID5470662""",1,1,0.9040068093340405
"""CNR3052351""","""CID2175661""",1,1,0.7229628737575994
"""CNR7113275""","""CID8376378""",0,0,0.06918547683037168
"""CNR4117399""","""CID8121817""",1,1,0.947868087890548
"""CNR3803227""","""CID5566126""",0,0,0.18808055457215958
"""CNR1131424""","""CID2420223""",1,1,0.9396732109130265
"""CNR7383340""","""CID9657222""",0,1,0.7131244849395725
"""CNR2321562""","""CID4310174""",1,1,0.9224148603504743
"""CNR7110661""","""CID1609727""",0,0,0.08772084069874335
"""CNR1956758""","""CID5616621""",1,1,0.9328687383108836
"""CNR3931162""","""CID9485053""",1,1,0.9299177599478285
"""CNR2070721""","""CID9114378""",0,0,0.08184306914183455
"""CNR8587010""","""CID4746326""",1,1,0.9613399107025803
"""CNR2076735""","""CID9476443""",1,1,0.685599152057382
"""CNR5205425""","""CID2911508""",0,0,0.11614226651985216
"""CNR8904769""","""CID7810668""",1,1,0.9283408888278427
"""CNR9915011""","""CID4993109""",0,0,0.08433109935136664
"""CNR8387725""","""CID2956478""",1,1,0.9858213644400038
"""CNR8211684""","""CID2069736""",1,1,0.9461060137873534
"""CNR5531183""","""CID4789798""",1,1,0.9795144879097036
"""CNR1474680""","""CID5267137""",0,0,0.07964337046387526
"""CNR4305081""","""CID9151891""",1,1,0.9254929173187738
"""CNR3073767""","""CID1539483""",1,1,0.576066689985169
"""CNR8491670""","""CID3912652""",1,1,0.7348918265662643
"""CNR7402104""","""CID3700899""",0,0,0.08332546535235605
"""CNR8429915""","""CID9174809""",0,0,0.08564269274874957
"""CNR1764840""","""CID9634877""",0,1,0.766909988699755
"""CNR2671474""","""CID9225040""",1,1,0.9439948691316522
"""CNR5149006""","""CID3096094""",0,0,0.08749530016492432
"""CNR1396765""","""CID8453753""",1,1,0.9247288113317501
"""CNR4226225""","""CID3162096""",1,1,0.5785845351548599
"""CNR1026808""","""CID8253450""",1,1,0.9280112734536766
"""CNR2396543""","""CID7037081""",0,0,0.06221601366924478
"""CNR6814717""","""CID9777423""",1,1,0.5651255532091785
"""CNR7613510""","""CID8685847""",0,0,0.11165704984303519
"""CNR8652152""","""CID3280984""",0,0,0.09343737926138203
"""CNR5182104""","""CID8731006""",0,0,0.08772681430136978
"""CNR1993416""","""CID3508634""",1,1,0.9199915949775339
"""CNR7377176""","""CID7112213""",0,0,0.08168555026513513
"""CNR6458991""","""CID4196630""",1,1,0.9770174996427786
"""CNR1831519""","""CID2038039""",0,0,0.08664492075398703
"""CNR8516249""","""CID2730562""",0,0,0.0707384945751916
"""CNR8244897""","""CID5516926""",0,0,0.07733773550674967
"""CNR6845599""","""CID4538669""",0,0,0.0869048813386265
"""CNR1461979""","""CID8843606""",1,1,0.5916415651441583
"""CNR6463001""","""CID2216526""",1,1,0.9839400404306121
"""CNR6226987""","""CID7093380""",0,0,0.17266219756570012
"""CNR2203107""","""CID1705553""",1,1,0.9801977375129841
"""CNR4419430""","""CID4200147""",1,1,0.9702839367679066
"""CNR4803339""","""CID7033330""",0,1,0.5961191456137398
"""CNR4689698""","""CID9995729""",1,1,0.9396896561393384
"""CNR8541515""","""CID4570116""",0,1,0.7536975228846434
"""CNR2631310""","""CID4355670""",1,1,0.9281010767235
"""CNR8313164""","""CID9777514""",0,0,0.07915792246257614
"""CNR5347660""","""CID9806041""",1,1,0.9458456180058021
"""CNR8720616""","""CID2103095""",1,1,0.5883745013731333
"""CNR8489828""","""CID9926244""",1,1,0.9884451149490203
"""CNR8827490""","""CID2048025""",1,1,0.5971205268341199
"""CNR9254818""","""CID6454227""",0,0,0.08735141420751033
"""CNR9707780""","""CID3366982""",1,1,0.9706361803611037
"""CNR5856705""","""CID8959680""",1,1,0.9271962593953326
"""CNR1541185""","""CID2293728""",0,0,0.06242766666999767
"""CNR8945433""","""CID6314388""",1,1,0.9337328612839044
"""CNR3039340""","""CID7879117""",1,1,0.577280916766287
"""CNR3760483""","""CID9936831""",1,1,0.7123871772053284
"""CNR4601723""","""CID8581834""",1,1,0.9877192594518663
"""CNR7566691""","""CID7142206""",1,1,0.9825581067151338
"""CNR6147430""","""CID8888481""",0,0,0.07083650027172608
"""CNR1396929""","""CID3381228""",0,0,0.08656189407857605
"""CNR1795285""","""CID8740436""",1,1,0.9326291732111857
"""CNR3310853""","""CID5413283""",0,0,0.08515028665162247
"""CNR2117689""","""CID7153324""",0,0,0.09110603589294455
"""CNR5292808""","""CID5392384""",0,0,0.0842487853571666
"""CNR5717825""","""CID6844641""",0,0,0.06265491735958338
"""CNR4883375""","""CID5713787""",1,1,0.9224291027103755
"""CNR8190033""","""CID1630204""",1,1,0.7261498164406863
"""CNR7052170""","""CID8379834""",0,0,0.06953975429189735
"""CNR8271473""","""CID2691033""",0,0,0.07476441831353649
"""CNR7275503""","""CID5479035""",0,0,0.1713033346302211
"""CNR4520875""","""CID4611162""",1,1,0.9763094689447178
"""CNR4217463""","""CID8429884""",1,1,0.8807854079975145
"""CNR7373970""","""CID8109022""",0,0,0.1791565627787392
"""CNR4033052""","""CID7653783""",1,1,0.932550038569675
"""CNR1790771""","""CID2497017""",1,1,0.7515149991319482
"""CNR5288673""","""CID1988685""",1,1,0.937707732767334
"""CNR9035383""","""CID8017850""",0,0,0.277482385952374
"""CNR9936937""","""CID4369829""",0,0,0.08481028049134108
"""CNR4736034""","""CID1331967""",0,0,0.11416446559352314
"""CNR1998205""","""CID9159611""",1,1,0.9252145772212693
"""CNR4140499""","""CID9570103""",0,1,0.6746227809189788
"""CNR5296501""","""CID5194369""",1,1,0.9452390335893959
"""CNR1208662""","""CID7629408""",0,0,0.11705403383463
"""CNR1561286""","""CID9071593""",1,1,0.608908738085988
"""CNR9218236""","""CID5376904""",1,1,0.7451639378892929
"""CNR9484822""","""CID6593623""",1,1,0.9753653247033104
"""CNR5109285""","""CID6264659""",1,1,0.9353327213317092
"""CNR9843821""","""CID2236496""",0,1,0.769973753234096
"""CNR7439070""","""CID4225088""",1,1,0.9460066849067573
"""CNR3400953""","""CID6868858""",1,1,0.6413427065985357
"""CNR3828689""","""CID4965074""",1,1,0.933637603356347
"""CNR2236636""","""CID8706818""",0,0,0.08327133747258256
"""CNR8578696""","""CID9836860""",1,1,0.7594675494441969
"""CNR3309583""","""CID2114868""",0,0,0.1852678127572424
"""CNR8528515""","""CID3074903""",0,0,0.08590507094319616
"""CNR2298732""","""CID5105098""",0,0,0.06221314126077438
"""CNR9336372""","""CID9274435""",1,1,0.6206941059247061
"""CNR3383934""","""CID7032869""",0,1,0.6721205045499178
"""CNR4526954""","""CID9382941""",0,0,0.09818512252993622
"""CNR9783818""","""CID2147671""",0,0,0.08716070961327459
"""CNR7967649""","""CID6772532""",1,1,0.9130564009042682
"""CNR4796888""","""CID7935364""",0,0,0.08775766936456188
"""CNR3999711""","""CID7146816""",1,1,0.957263616307798
"""CNR1019623""","""CID3916215""",0,0,0.0991392515866235
"""CNR5661406""","""CID1691427""",0,0,0.14207484745911947
"""CNR4186964""","""CID3975179""",1,1,0.6965411415873981
"""CNR8928998""","""CID8928686""",0,0,0.08583442824905196
"""CNR9926402""","""CID2517938""",1,1,0.6913235513628766
"""CNR9162604""","""CID6852262""",0,0,0.08537942352198888
"""CNR7669202""","""CID1467100""",0,1,0.5542900073629695
"""CNR4861091""","""CID1208044""",0,0,0.061247169993176816
"""CNR8028253""","""CID1104189""",1,1,0.5653477326105643
"""CNR8577262""","""CID6955421""",0,0,0.1620853552421979
"""CNR4204551""","""CID1691261""",1,1,0.9767029149219847
"""CNR3454540""","""CID2589789""",0,0,0.07392273081908925
"""CNR5794284""","""CID6935374""",0,0,0.08018292872755765
"""CNR3184285""","""CID9083449""",0,0,0.10493935997214449
"""CNR9680859""","""CID8216104""",1,1,0.6629354912727623
"""CNR6047039""","""CID7241040""",0,0,0.23448720777820264
"""CNR7313730""","""CID4081286""",1,1,0.9282663480301483
"""CNR2156887""","""CID5196612""",1,1,0.9648575505661724
"""CNR6556904""","""CID2063992""",0,0,0.08427530240719085
"""CNR7466671""","""CID9240159""",1,1,0.5707529055164237
"""CNR7362033""","""CID2003224""",1,1,0.7546636748505836
"""CNR8221839""","""CID8170963""",0,0,0.07479728777600396
"""CNR9370854""","""CID6386637""",0,0,0.0784220154937975
"""CNR6784201""","""CID3806549""",1,1,0.9908182900357736
"""CNR5796853""","""CID1943316""",0,0,0.17932770249386992
"""CNR9612575""","""CID1592401""",0,0,0.08067720790122274
"""CNR4866268""","""CID2871984""",0,0,0.08303048917740588
"""CNR6321545""","""CID4493651""",1,1,0.8000096925281623
"""CNR9565355""","""CID5499970""",1,1,0.9281152375774284
"""CNR2083550""","""CID1251036""",0,1,0.6104147349584466
"""CNR7087262""","""CID5898299""",0,0,0.05552280809869065
"""CNR7283245""","""CID8251279""",0,0,0.08779211836398813
"""CNR4345116""","""CID4286674""",1,1,0.9292710104683645
"""CNR8581392""","""CID5095758""",0,1,0.5660872749644839
"""CNR1347708""","""CID7978314""",1,1,0.5693512184269907
"""CNR3154785""","""CID4353331""",1,1,0.9828354696337797
"""CNR8878785""","""CID3440337""",0,0,0.13826870117261775
"""CNR2311875""","""CID8210400""",0,0,0.08294550951345608
"""CNR1529120""","""CID2304908""",1,1,0.8778817449478719
"""CNR9761135""","""CID3442668""",0,0,0.10807916147561966
"""CNR4233496""","""CID2802881""",1,1,0.9644202329795377
"""CNR7436848""","""CID7032037""",1,1,0.9451095270985774
"""CNR5868449""","""CID6388629""",1,1,0.9856092563659696
"""CNR1621775""","""CID4099489""",1,1,0.9793974071185751
"""CNR6008729""","""CID8950847""",1,1,0.588387773715784
"""CNR8707596""","""CID5672013""",0,1,0.6789529267818899
"""CNR5743512""","""CID1811591""",1,1,0.6818056914421978
"""CNR5274383""","""CID2803457""",0,1,0.7391337740169761
"""CNR2058149""","""CID6702271""",1,1,0.9408752285556377
"""CNR1895448""","""CID5132837""",0,0,0.1343707313484108
"""CNR1809940""","""CID1050259""",1,1,0.687264370910358
"""CNR7826327""","""CID9297870""",1,1,0.8435905426984364
"""CNR8126131""","""CID3005658""",1,1,0.9439201676858558
"""CNR1874340""","""CID7300203""",1,1,0.9337742874085908
"""CNR3023930""","""CID2873005""",1,1,0.9771171558086214
"""CNR3834855""","""CID2353707""",1,1,0.6286425730828652
"""CNR2250722""","""CID3836201""",0,0,0.13991059887689425
"""CNR8685002""","""CID1700859""",1,1,0.9682872191220884
"""CNR1325583""","""CID3229228""",1,1,0.7316165657639389
"""CNR9193562""","""CID8898145""",1,1,0.9326967186062995
"""CNR5458945""","""CID1529136""",0,0,0.2172744166270128
"""CNR2549926""","""CID2796796""",1,1,0.6645332091655609
"""CNR1086201""","""CID9594043""",0,0,0.06982261432603241
"""CNR1800411""","""CID4197970""",0,0,0.08999768309681569
"""CNR3757715""","""CID1446279""",1,1,0.9462852558914068
"""CNR9756456""","""CID9038695""",0,0,0.08275371737669504
"""CNR5293846""","""CID8481612""",1,1,0.9299010294408604
"""CNR8243188""","""CID5428234""",1,1,0.9554657514534712
"""CNR6666284""","""CID4025922""",1,1,0.6037043121667341
"""CNR8972578""","""CID8922690""",0,0,0.08797158368720137
"""CNR4204010""","""CID6069451""",1,1,0.9283071232712259
"""CNR6226402""","""CID4361969""",1,1,0.8402579659864267
"""CNR9084800""","""CID7113850""",1,1,0.924297728822348
"""CNR4803888""","""CID2086778""",1,1,0.9854236855717645
"""CNR8161144""","""CID1987683""",1,1,0.6852673453650648
"""CNR3240062""","""CID1424284""",1,1,0.9841791840633282
"""CNR5347383""","""CID6946108""",0,0,0.08419457476974614
"""CNR3233718""","""CID8049891""",1,1,0.6773194002781656
"""CNR2800953""","""CID8042391""",1,1,0.9620429682891449
"""CNR2530116""","""CID1782866""",1,1,0.9859271871555693
"""CNR7664140""","""CID2141135""",1,1,0.6294306929182626
"""CNR6217415""","""CID9316958""",1,1,0.7205720514817235
"""CNR6304574""","""CID9673725""",1,1,0.9680868883107744
"""CNR8781689""","""CID3342267""",1,1,0.5592090459430618
"""CNR8372189""","""CID4221984""",0,0,0.07244220281458179
"""CNR3123885""","""CID3606768""",1,1,0.8914968059073306
"""CNR9784860""","""CID1711445""",0,1,0.5870972676524753
"""CNR8270930""","""CID6291055""",1,1,0.9245224944312483
"""CNR3768632""","""CID7207227""",1,1,0.9601418651537771
"""CNR6291664""","""CID7565023""",1,1,0.9706604909858779
"""CNR3429991""","""CID9040553""",1,1,0.9741015710892937
"""CNR3681215""","""CID2941740""",1,1,0.9626625339706313
"""CNR5711916""","""CID3983464""",1,1,0.991010128299083
"""CNR9296805""","""CID8505049""",0,0,0.10634411182349696
"""CNR3438256""","""CID5039767""",0,0,0.08732061284746186
"""CNR8749788""","""CID2238558""",0,0,0.12806743848046137
"""CNR7239360""","""CID3651317""",1,1,0.6818674044078881
"""CNR5270258""","""CID9505039""",0,0,0.08217969409854842
"""CNR4569260""","""CID6942573""",0,0,0.13063277190882994
"""CNR9789939""","""CID6358804""",1,1,0.6489254466195074
"""CNR4010438""","""CID6678428""",1,1,0.96631795234792
"""CNR6659081""","""CID9786500""",1,1,0.9552501366453531
"""CNR4797222""","""CID6738443""",1,1,0.5366608862134518
"""CNR9600673""","""CID8012464""",0,0,0.07810681389691726
"""CNR6134450""","""CID3279905""",1,1,0.9329872242808256
"""CNR9472348""","""CID6185558""",0,0,0.09062424097986821
"""CNR6922679""","""CID1701830""",1,1,0.6320486072142852
"""CNR5620404""","""CID3614483""",0,0,0.10663258887869877
"""CNR3867358""","""CID5415083""",1,1,0.6875478359655945
"""CNR9664189""","""CID2810151""",0,0,0.06935512786687588
"""CNR5861536""","""CID8044220""",0,0,0.08107012317984372
"""CNR1808651""","""CID9169438""",1,1,0.9580363907296949
"""CNR4041656""","""CID8129512""",0,0,0.09779792985280751
"""CNR2866078""","""CID9841919""",0,0,0.09195731473782638
"""CNR7865720""","""CID3015497""",1,1,0.5729032799658779
"""CNR8139336""","""CID9168651""",0,0,0.07318072684865527
"""CNR4689568""","""CID4501578""",0,1,0.6987732256236584
"""CNR5066408""","""CID2676870""",0,0,0.09901251620537545
"""CNR9586238""","""CID4644695""",1,1,0.5584581074803356
"""CNR1600883""","""CID7260358""",1,1,0.7666453324893225
"""CNR8743858""","""CID6034590""",1,1,0.9720453059680244
"""CNR7710902""","""CID8067878""",1,1,0.6826832760409972
"""CNR7511197""","""CID5767073""",1,1,0.7159092080796478
"""CNR6741136""","""CID3350315""",0,0,0.08421653935435106
"""CNR7371119""","""CID3410647""",0,1,0.6710944612148233
"""CNR1326886""","""CID6671130""",0,0,0.08324723329072188
"""CNR4134229""","""CID3697437""",0,0,0.06478492590059856
"""CNR4579317""","""CID4548035""",1,1,0.9589191215310028
"""CNR5417460""","""CID6266784""",0,0,0.1005853610862887
"""CNR9747157""","""CID2748960""",0,1,0.5647601527047771
"""CNR4512279""","""CID5568186""",0,0,0.13087810661528612
"""CNR4526243""","""CID3246127""",1,1,0.7364331117186537
"""CNR5468570""","""CID9001549""",1,1,0.9784400444353377
"""CNR5269641""","""CID8225890""",1,1,0.9301357541037536
"""CNR8777184""","""CID4160443""",0,0,0.06688045039761167
"""CNR6777102""","""CID8898608""",0,0,0.07243407712460558
"""CNR2325880""","""CID1173783""",0,0,0.07893513688400146
"""CNR2606467""","""CID8743825""",0,0,0.07976750743614298
"""CNR1728178""","""CID4851643""",1,1,0.6814858790072116
"""CNR1492616""","""CID5179208""",0,0,0.09987576689719241
"""CNR9629790""","""CID5824373""",1,1,0.718235963840061
"""CNR8496734""","""CID4814236""",1,1,0.914345098289974
"""CNR3526119""","""CID5174264""",1,1,0.6175564987108668
"""CNR6964686""","""CID8706030""",0,1,0.6217855960274842
"""CNR1538095""","""CID4011214""",1,1,0.704232713942391
"""CNR8704568""","""CID8024265""",0,1,0.6678714344619343
"""CNR1077752""","""CID7795056""",1,1,0.9561997392875516
"""CNR6461249""","""CID2355698""",1,0,0.15636377243157515
"""CNR8113777""","""CID5729621""",0,0,0.20815203689563566
"""CNR3035382""","""CID3343040""",1,1,0.9606784321923245
"""CNR9416952""","""CID5627688""",1,1,0.8135245450638994
"""CNR7374788""","""CID1898199""",1,1,0.9701048898705942
"""CNR5098920""","""CID3287259""",0,1,0.6739002260588122
"""CNR2835243""","""CID2391416""",1,1,0.9613260109123949
"""CNR1486330""","""CID9301143""",1,0,0.20604883566778862
"""CNR5684184""","""CID8305241""",1,1,0.9380468024644547
"""CNR9587959""","""CID9904765""",1,1,0.5695110277310323
"""CNR9502419""","""CID3428514""",1,1,0.7098419398168302
"""CNR3752788""","""CID2912401""",0,0,0.07997105458518915
"""CNR1557200""","""CID1596944""",0,0,0.0868452342580507
"""CNR2314551""","""CID8753525""",0,1,0.6967872625986692
"""CNR3897242""","""CID8771558""",1,1,0.9734911256684211
"""CNR8875960""","""CID7993057""",1,1,0.6881093988883723
"""CNR6184417""","""CID7065941""",1,0,0.24172812584117323
"""CNR8745390""","""CID4176063""",1,1,0.9224991311310923
"""CNR5577702""","""CID4687930""",1,1,0.9743220094216543
"""CNR6179572""","""CID4777580""",0,0,0.08323431356025966
"""CNR1180282""","""CID9511573""",0,0,0.07788315124841312
"""CNR7231756""","""CID7515218""",0,0,0.0959695663977488
"""CNR3975173""","""CID1760116""",1,1,0.7304161844258515
"""CNR2073507""","""CID5187893""",1,1,0.56293508150572
"""CNR5662527""","""CID7398590""",0,0,0.08478461376703059
"""CNR4153651""","""CID5761210""",0,0,0.08523104047015924
"""CNR1963858""","""CID6843221""",1,1,0.9833511490054468
"""CNR6898734""","""CID5523609""",1,1,0.7230502707393031
"""CNR2925302""","""CID8237833""",1,1,0.919756874156639
"""CNR5238348""","""CID7791034""",1,1,0.9561129177558712
"""CNR9690077""","""CID3570926""",1,1,0.9317599567037007
"""CNR4678996""","""CID8492408""",1,1,0.9390672647546562
"""CNR2785220""","""CID9630449""",1,1,0.9763444692945045
"""CNR7368328""","""CID4462686""",1,1,0.5864811915879269
"""CNR6705675""","""CID4699715""",1,1,0.9166679987379287
"""CNR4649596""","""CID8673574""",1,1,0.5830719284544119
"""CNR2518524""","""CID6038929""",1,1,0.9178313726376397
"""CNR8005786""","""CID6860915""",0,0,0.07552645039147683
"""CNR1196194""","""CID8796722""",1,1,0.6133974358924955
"""CNR9337401""","""CID9592698""",1,1,0.9336336758165847
"""CNR3954315""","""CID9838466""",1,1,0.7556438321916907
"""CNR7146043""","""CID6709420""",1,1,0.9189790957596687
"""CNR3841746""","""CID3464729""",1,1,0.5813701419804692
"""CNR2132684""","""CID3911587""",0,0,0.08601953328428817
"""CNR8963945""","""CID7622082""",1,1,0.9142182640633837
"""CNR1812905""","""CID7665349""",0,1,0.7228573871531082
"""CNR9970662""","""CID4857852""",0,0,0.083068231645751
"""CNR8510359""","""CID4200312""",1,1,0.6776163187724618
"""CNR6976444""","""CID2418984""",1,1,0.9612038239814791
"""CNR6463478""","""CID1352288""",0,0,0.060543553424326074
"""CNR9650247""","""CID1364034""",1,1,0.9542851541633686
"""CNR9864065""","""CID6599755""",1,1,0.9809499565665964
"""CNR1719490""","""CID3103351""",1,1,0.9653858995174598
"""CNR2337496""","""CID2577298""",1,1,0.7988081592489107
"""CNR4508678""","""CID2950484""",1,1,0.6268065537899381
"""CNR5614428""","""CID2025424""",0,0,0.07753402256902023
"""CNR6196246""","""CID5519451""",1,1,0.9818169428734882
"""CNR5253102""","""CID2136654""",1,1,0.5945800508730251
"""CNR8722712""","""CID5028529""",0,0,0.08243383586335958
"""CNR3209824""","""CID9726211""",1,1,0.9327831995761143
"""CNR7927497""","""CID3625034""",0,0,0.0711445047111901
"""CNR6341686""","""CID7866031""",1,1,0.9212204249769602
"""CNR1397579""","""CID7134076""",0,0,0.1042902172606459
"""CNR5034553""","""CID2838731""",1,1,0.9821884274998888
"""CNR6248609""","""CID4310058""",1,1,0.5675642808367822
"""CNR9143546""","""CID5808698""",0,0,0.0749468148177216
"""CNR1794891""","""CID3818627""",1,1,0.9584578184881599
"""CNR6611460""","""CID9214539""",1,1,0.7045673011233976
"""CNR3248048""","""CID8571515""",0,0,0.09028299039623094
"""CNR2841317""","""CID1073858""",1,1,0.9364655802141905
"""CNR5548190""","""CID2557278""",1,1,0.6861099353905763
"""CNR8735056""","""CID1081509""",1,1,0.9336324517672517
"""CNR5820123""","""CID1056312""",1,1,0.919895060563304
"""CNR3127713""","""CID6066623""",0,0,0.08390297576999889
"""CNR1080412""","""CID8334634""",1,1,0.7793280476005724
"""CNR2399801""","""CID9769670""",0,0,0.07630123227084559
"""CNR4659760""","""CID4852852""",1,1,0.9615199433913074
"""CNR6541760""","""CID3336576""",1,1,0.6477686749713093
"""CNR9754887""","""CID9430640""",1,1,0.9354414843796736
"""CNR5217376""","""CID5318917""",1,1,0.6821791044828067
"""CNR7949063""","""CID8205832""",1,1,0.9441432913498283
"""CNR1640088""","""CID4200714""",1,1,0.9259210780399019
"""CNR7500887""","""CID4664143""",0,0,0.0901985486754391
"""CNR3239471""","""CID4297525""",1,1,0.7278552560775032
"""CNR7334471""","""CID7226500""",0,0,0.06351422358807537
"""CNR7989488""","""CID4178416""",0,0,0.07946284852826797
"""CNR6516392""","""CID4063687""",1,1,0.9840584927262855
"""CNR5873608""","""CID3381199""",0,0,0.11595284524635384
"""CNR9045358""","""CID5433970""",0,0,0.09676647137888982
"""CNR2134319""","""CID6096865""",1,1,0.9775426323990145
"""CNR1382740""","""CID8295571""",1,1,0.6903370110366127
"""CNR8490254""","""CID4313868""",1,1,0.980791525646984
"""CNR7280104""","""CID5950567""",0,0,0.08236093723505707
"""CNR5501164""","""CID5083119""",0,0,0.08161487733044706
"""CNR5743794""","""CID7650786""",0,0,0.09837056770838519
"""CNR9848560""","""CID5155349""",1,1,0.9452425742192336
"""CNR2561026""","""CID6854782""",1,1,0.7294527781066842
"""CNR3029512""","""CID5623479""",0,0,0.07668355749903845
"""CNR8712772""","""CID4466392""",0,0,0.09794808196657447
"""CNR6820217""","""CID5447459""",1,0,0.2157515103777483
"""CNR6333569""","""CID7515653""",0,0,0.09091579224940338
"""CNR7443336""","""CID8556884""",1,1,0.9563880484466146
"""CNR6703749""","""CID5705273""",1,1,0.5843889613897337
"""CNR7860349""","""CID5161952""",1,1,0.7905436775651375
"""CNR2120255""","""CID7064808""",0,0,0.06589522523457335
"""CNR3129027""","""CID7107021""",0,1,0.5616652506040737
"""CNR5975438""","""CID1715256""",1,1,0.973724111300534
"""CNR7135436""","""CID2860860""",0,0,0.07148527256958657
"""CNR9363417""","""CID3060582""",1,1,0.961530184890692
"""CNR7378071""","""CID1981588""",1,1,0.5925510668212403
"""CNR7883336""","""CID4768465""",0,0,0.08760454084798078
"""CNR3687945""","""CID9890072""",1,1,0.6802782026295358
"""CNR4486141""","""CID5738849""",1,1,0.9862752442617536
"""CNR5468183""","""CID6020479""",1,1,0.9843595470655073
"""CNR3385167""","""CID3216922""",1,1,0.8332429555574766
"""CNR7564557""","""CID6049542""",1,1,0.5633300240080977
"""CNR7204567""","""CID6980473""",1,1,0.9360523611746847
"""CNR4516528""","""CID6228719""",1,1,0.5554862104389107
"""CNR3983938""","""CID4949684""",0,0,0.0879394078155078
"""CNR1527067""","""CID5855311""",0,0,0.10413818985980954
"""CNR5247171""","""CID4484741""",0,0,0.08761944408804202
"""CNR4064205""","""CID9061707""",1,1,0.9292750974154955
"""CNR3700499""","""CID9188331""",1,1,0.9845625303173263
"""CNR9669318""","""CID3211400""",0,0,0.07173389348792795
"""CNR4765395""","""CID4531336""",1,1,0.9326380646748093
"""CNR9626340""","""CID1959500""",0,0,0.07779641115241752
"""CNR8730322""","""CID9597942""",1,1,0.8414293587091388
"""CNR6895572""","""CID3489207""",1,1,0.873226247329308
"""CNR6490234""","""CID4225660""",0,0,0.12308810934933405
"""CNR2785568""","""CID8058742""",1,1,0.9295918632890744
"""CNR1909904""","""CID1820884""",0,0,0.08664728520579926
"""CNR5431861""","""CID6603283""",1,1,0.9767051242976524
"""CNR6321199""","""CID3820914""",0,0,0.0847891225023688
"""CNR5294035""","""CID9349449""",0,0,0.17719608464443642
"""CNR7595185""","""CID5859081""",1,1,0.9281378821213152
"""CNR2832462""","""CID4090039""",0,1,0.7172586644149151
"""CNR3535323""","""CID8889209""",1,1,0.9505843966643116
"""CNR9980384""","""CID6219905""",0,1,0.7043632502083219
"""CNR8369465""","""CID9486639""",1,1,0.8240069130994545
"""CNR6101586""","""CID2620444""",0,0,0.18496475910604643
"""CNR7284428""","""CID9671843""",1,1,0.976732172919014
"""CNR1897195""","""CID9192722""",0,1,0.5735301893313275
"""CNR5410232""","""CID5948444""",1,1,0.9256341985121375
"""CNR2472085""","""CID2121660""",1,1,0.9676172979520054
"""CNR8826375""","""CID3144762""",1,1,0.5783960745488664
"""CNR6659909""","""CID1484159""",0,0,0.07538724723305677
"""CNR3493767""","""CID1933092""",1,1,0.5670297758740893
"""CNR3208600""","""CID4360555""",1,1,0.6884671118210602
"""CNR3638699""","""CID6645697""",0,0,0.07658949500003394
"""CNR1105931""","""CID6765144""",1,1,0.9392297079635861
"""CNR8819191""","""CID6502805""",0,0,0.07750647981069146
"""CNR6329598""","""CID1909351""",0,0,0.1432147792122233
"""CNR7843721""","""CID7886596""",1,1,0.9231386247685708
"""CNR4210993""","""CID4460578""",0,0,0.09666738143229406
"""CNR2297124""","""CID7754178""",0,0,0.08812063886643703
"""CNR1477793""","""CID2710883""",1,1,0.9900039289581162
"""CNR9390269""","""CID3939460""",1,1,0.5973974792297331
"""CNR5907776""","""CID4511916""",1,1,0.9454739075430553
"""CNR1502105""","""CID3771229""",1,1,0.5817906821718243
"""CNR8057539""","""CID4920552""",1,1,0.690347422409681
"""CNR1543839""","""CID9560828""",0,0,0.07493226450763747
"""CNR8207750""","""CID8681344""",1,1,0.959072306670463
"""CNR2365537""","""CID1793215""",0,0,0.08471901237885072
"""CNR9065361""","""CID2426605""",1,1,0.9706196780438542
"""CNR7645642""","""CID8526548""",1,1,0.9829062875919726
"""CNR9433233""","""CID2816148""",1,1,0.6840219179764118
"""CNR9736456""","""CID3960424""",1,1,0.6397270522931127
"""CNR9410518""","""CID7924653""",0,0,0.09041393406094052
"""CNR8622925""","""CID9146438""",1,1,0.6865876907942826
"""CNR1132378""","""CID8987848""",1,1,0.5738839254967201
"""CNR6829354""","""CID7072415""",1,1,0.9893841393275581
"""CNR3947910""","""CID5826312""",0,0,0.0758086118682173
"""CNR5225399""","""CID6097170""",1,1,0.5672207059022265
"""CNR5661779""","""CID5440503""",1,1,0.9324680249045529
"""CNR1155672""","""CID8129016""",1,1,0.6850683191436439
"""CNR3717490""","""CID5617246""",0,0,0.08437317382831021
"""CNR5478517""","""CID2127450""",1,1,0.9818992703163523
"""CNR6056363""","""CID7513305""",1,1,0.5972666044887582
"""CNR6917399""","""CID9618148""",0,0,0.18765650418792643
"""CNR5303064""","""CID9373309""",1,1,0.9346300797736828
"""CNR4658108""","""CID9879289""",0,0,0.09335580706591626
"""CNR6522616""","""CID8530345""",0,0,0.12360503185754958
"""CNR5085547""","""CID4105894""",0,0,0.15453312498560234
"""CNR8547673""","""CID2173403""",0,1,0.6862991685018486
"""CNR2714189""","""CID3168875""",0,0,0.09736425297527755
"""CNR6360197""","""CID2384078""",0,0,0.07728897349724606
"""CNR7180995""","""CID8320464""",1,1,0.7029287886864514
"""CNR7459040""","""CID8598420""",0,0,0.05431574963702766
"""CNR3067198""","""CID6960080""",1,1,0.6939830425881923
"""CNR4119231""","""CID3788493""",0,0,0.1408026611850899
"""CNR1177545""","""CID9583741""",0,0,0.13635155709558966
"""CNR6213490""","""CID6064308""",1,1,0.9350845877776607
"""CNR4801496""","""CID1769839""",1,1,0.9945005181526451
"""CNR8663924""","""CID3421588""",1,1,0.9276332396379878
"""CNR1050246""","""CID3309505""",1,1,0.9285787632316249
"""CNR6110985""","""CID5413076""",1,1,0.9473770200939591
"""CNR1062797""","""CID8253050""",0,1,0.7152786824476689
"""CNR1493403""","""CID2758194""",1,1,0.9829638495374989
"""CNR3036606""","""CID8525879""",0,0,0.08117573562228589
"""CNR3866912""","""CID5003472""",1,1,0.98657985840466
"""CNR6351232""","""CID2605690""",1,1,0.6999605090863871
"""CNR5751696""","""CID2128716""",1,1,0.9296662545124476
"""CNR3564708""","""CID9898181""",0,0,0.10005354247615998
"""CNR9693755""","""CID5521458""",1,1,0.6002183552024163
"""CNR2891829""","""CID6975257""",1,1,0.947874441889367
"""CNR1945801""","""CID1736177""",1,1,0.5616225893185539
"""CNR2166119""","""CID5789099""",0,0,0.0992316087984082
"""CNR2292060""","""CID6776340""",1,1,0.7324322859047898
"""CNR7961439""","""CID2150588""",1,1,0.7147773304107101
"""CNR5728284""","""CID4563085""",1,1,0.764212814325981
"""CNR8389334""","""CID8063992""",1,1,0.9849736120330075
"""CNR1811977""","""CID3009052""",1,1,0.922787321495187
"""CNR6025257""","""CID5030793""",1,1,0.9700867776145833
"""CNR7819726""","""CID7482784""",1,1,0.9426099349683174
"""CNR5508842""","""CID2145453""",1,1,0.5742495888854012
"""CNR5303143""","""CID1401143""",0,0,0.06734040605591235
"""CNR8499485""","""CID4347306""",1,1,0.9625240236887709
"""CNR5812464""","""CID3050598""",1,0,0.16990586313026249
"""CNR7291614""","""CID3818972""",0,1,0.5619947652464218
"""CNR7676244""","""CID1731009""",1,1,0.692141720793058
"""CNR3255132""","""CID6103607""",0,0,0.10551108960571197
"""CNR2819151""","""CID6223863""",0,0,0.09099268947528458
"""CNR8855612""","""CID9742518""",1,1,0.7325266607988353
"""CNR7232337""","""CID8332931""",0,0,0.16402335152684197
"""CNR4534242""","""CID2629031""",0,0,0.14774006449866448
"""CNR8699241""","""CID9061066""",0,0,0.08239298064579618
"""CNR8311151""","""CID3429878""",1,1,0.8683184659216109
"""CNR9833352""","""CID2063843""",1,1,0.6254575253768415
"""CNR7438151""","""CID1066754""",1,1,0.9740692979561004
"""CNR2922814""","""CID1509591""",1,1,0.6219317775675824
"""CNR1073821""","""CID9723895""",0,0,0.1356344140747451
"""CNR9118488""","""CID1278678""",0,0,0.08111922281592672
"""CNR2219176""","""CID8620139""",1,1,0.9805970905058391
"""CNR1240533""","""CID9322868""",0,0,0.23936107574817705
"""CNR9099288""","""CID4967683""",1,1,0.738796721824902
"""CNR8326462""","""CID5925659""",1,1,0.9836132185782825
"""CNR1473670""","""CID8040265""",1,1,0.7282715730582681
"""CNR7215468""","""CID8806657""",1,1,0.7457725008513281
"""CNR8008455""","""CID1079709""",0,1,0.6441824281245517
"""CNR5826742""","""CID4684464""",0,1,0.6160131667807262
"""CNR9232460""","""CID4487103""",1,1,0.9866359886638798
"""CNR5405297""","""CID8214653""",1,1,0.929550171091699
"""CNR8662513""","""CID5821956""",1,1,0.7003034099078735
"""CNR8072237""","""CID9933415""",1,1,0.7726820272874823
"""CNR2473174""","""CID1414039""",0,0,0.08216912026780217
"""CNR2944338""","""CID2902701""",0,0,0.08164072199163394
"""CNR6887337""","""CID3154826""",1,1,0.9528942738903958
"""CNR2260627""","""CID2609575""",1,1,0.6839144347576982
"""CNR2547473""","""CID3303385""",1,1,0.9521328090816911
"""CNR6476106""","""CID5124139""",0,0,0.07837676620616993
"""CNR4443954""","""CID8428337""",1,1,0.9525097404475236
"""CNR2712794""","""CID7549495""",1,1,0.6937027207034605
"""CNR1378094""","""CID8924461""",1,1,0.8360023513499357
"""CNR6276952""","""CID4081895""",1,1,0.9518732512365182
"""CNR6960403""","""CID6202770""",1,0,0.15735813991999814
"""CNR5323185""","""CID8072051""",0,0,0.15648965044581564
"""CNR2337842""","""CID6706812""",1,1,0.7187041096519301
"""CNR8496716""","""CID2457715""",1,1,0.9235975725115282
"""CNR8918353""","""CID4955715""",1,1,0.5739785329637118
"""CNR1317355""","""CID7150914""",0,1,0.7825087671717091
"""CNR5816927""","""CID7759206""",1,1,0.9428753616561001
"""CNR5064585""","""CID2910369""",0,0,0.17907387488794074
"""CNR3763683""","""CID4707754""",1,1,0.9822613990415144
"""CNR1927245""","""CID4668203""",0,0,0.15136323843497754
"""CNR5469231""","""CID1258151""",0,0,0.12339473186946641
"""CNR6048997""","""CID9617216""",0,0,0.0639550019072648
"""CNR3523677""","""CID3553545""",0,0,0.21799194064180724
"""CNR1789331""","""CID4132684""",1,1,0.9237709446030954
"""CNR5092352""","""CID9785978""",1,1,0.6015910566583551
"""CNR2863191""","""CID8242712""",0,0,0.09553155491213748
"""CNR2871972""","""CID7691729""",1,1,0.5829322555279624
"""CNR2697506""","""CID9339539""",1,1,0.9688275815971572
"""CNR1464334""","""CID5001659""",1,1,0.7181597540907002
"""CNR8683298""","""CID1814580""",1,1,0.9316339681520651
"""CNR2699054""","""CID2099549""",0,0,0.07956768579061575
"""CNR1955586""","""CID1823750""",1,1,0.9565712902060638
"""CNR3285218""","""CID8463932""",1,1,0.8108844529983842
"""CNR4465223""","""CID3051341""",0,0,0.08913135077553179
"""CNR2439339""","""CID2800014""",1,1,0.9287302414837164
"""CNR7102164""","""CID3750419""",1,1,0.786754497389486
"""CNR6985497""","""CID6790179""",1,1,0.9498722556631807
"""CNR5286926""","""CID3925027""",0,0,0.091809681554052
"""CNR7865993""","""CID9198230""",1,1,0.8483513131437709
"""CNR3002746""","""CID2131279""",1,1,0.5688498412079909
"""CNR1892151""","""CID6217912""",0,0,0.08618162313713067
"""CNR9611303""","""CID9797958""",0,0,0.07576843184133397
"""CNR5916421""","""CID2504019""",1,1,0.9849378521610779
"""CNR8252836""","""CID6226831""",0,1,0.6929660891654398
"""CNR8816795""","""CID9122247""",0,0,0.0810134319519184
"""CNR5918516""","""CID8123930""",0,0,0.08334303478775631
"""CNR3378988""","""CID4385940""",1,1,0.7392916571985535
"""CNR9082662""","""CID4693148""",0,0,0.08759836061754003
"""CNR2395125""","""CID3988525""",1,1,0.9680412116498782
"""CNR7580400""","""CID4135282""",0,0,0.0710780892307459
"""CNR7844013""","""CID2907936""",1,1,0.9517332257767629
"""CNR9671937""","""CID6698287""",1,1,0.6652781616404264
"""CNR7175715""","""CID8601373""",1,1,0.625119380190472
"""CNR6078017""","""CID1486601""",1,1,0.9793537431713408
"""CNR6462882""","""CID3946352""",0,0,0.15067336056120897
"""CNR3596862""","""CID8607255""",1,1,0.5533034404984813
"""CNR7566758""","""CID1016779""",1,1,0.8159285909512994
"""CNR8385331""","""CID9154578""",0,0,0.08556324517493011
"""CNR1805510""","""CID7768689""",1,1,0.9145522222437507
"""CNR2939978""","""CID1891095""",1,1,0.7748042798107864
"""CNR5065701""","""CID6719096""",1,1,0.7559094613573878
"""CNR6547920""","""CID3951842""",1,1,0.612348639028642
"""CNR7147152""","""CID1437311""",1,1,0.7578724141958338
"""CNR2646432""","""CID5363319""",1,1,0.6114668307433884
"""CNR5022411""","""CID3875794""",0,1,0.6168138897938565
"""CNR1574770""","""CID9467589""",0,0,0.09347098645420902
"""CNR6032994""","""CID5854277""",0,0,0.07773454558001759
"""CNR2124655""","""CID8904520""",1,1,0.6231072547344935
"""CNR9882291""","""CID3687096""",1,1,0.7291117081405829
"""CNR9918475""","""CID8966523""",1,1,0.9246841753460122
"""CNR3717377""","""CID6077587""",1,1,0.9868118268402458
"""CNR4289438""","""CID2447077""",0,0,0.08550653575328158
"""CNR1864702""","""CID3094991""",1,1,0.9315712065317613
"""CNR2318273""","""CID2990392""",0,0,0.05761005306531561
"""CNR4610747""","""CID1741872""",1,1,0.7904021052660316
"""CNR6702885""","""CID1994448""",1,1,0.9907870913252551
"""CNR4152881""","""CID8345532""",1,1,0.9368431900632618
"""CNR3333021""","""CID6149725""",0,0,0.1599634477454435
"""CNR5010638""","""CID3887784""",1,1,0.6898469402616099
"""CNR7662507""","""CID1641290""",0,0,0.0771252955278947
"""CNR1917567""","""CID4857153""",0,0,0.0698854226365189
"""CNR1439250""","""CID6097362""",0,0,0.18422365335540025
"""CNR1215535""","""CID1069375""",0,0,0.10462839614119915
"""CNR6520570""","""CID8598897""",0,0,0.4919156258830742
"""CNR5249794""","""CID4295600""",1,1,0.6541481963953408
"""CNR5948841""","""CID1819041""",1,1,0.9271016986837968
"""CNR4597009""","""CID8324637""",1,1,0.9882447749930513
"""CNR5076339""","""CID8029446""",1,1,0.8216039261394797
"""CNR1352221""","""CID7148633""",0,0,0.060958531213749306
"""CNR9961221""","""CID8407127""",1,1,0.925938545647477
"""CNR5380766""","""CID3303094""",1,1,0.7038525033259976
"""CNR9398592""","""CID9934685""",0,0,0.1542302978171696
"""CNR9062122""","""CID4399850""",1,1,0.7307947763833298
"""CNR9573412""","""CID6890168""",1,1,0.9883201090702837
"""CNR4247782""","""CID9257123""",0,0,0.077873044839872
"""CNR7633556""","""CID6294121""",0,0,0.08472833948750655
"""CNR3051391""","""CID4031278""",1,1,0.5616323682755504
"""CNR5396933""","""CID6296325""",0,0,0.0812702725073681
"""CNR4228633""","""CID2445238""",1,1,0.5898773110984707
"""CNR7406163""","""CID7739234""",1,1,0.7326564606607806
"""CNR8808845""","""CID9099661""",1,1,0.7438251039658831
"""CNR9488647""","""CID3447182""",1,1,0.9599413977536826
"""CNR5899971""","""CID7299758""",1,1,0.7343943691318854
"""CNR7536919""","""CID2548046""",0,0,0.08399128965390551
"""CNR2202950""","""CID7195902""",1,1,0.7668131790731223
"""CNR3524660""","""CID7067554""",1,1,0.6155818257335496
"""CNR1668646""","""CID9973762""",1,1,0.9862844424526378
"""CNR1205744""","""CID5537003""",0,0,0.0919347704456468
"""CNR4119804""","""CID7636175""",0,0,0.08279844335166803
"""CNR5303701""","""CID8325297""",0,1,0.7184144240931635
"""CNR3234855""","""CID3179450""",0,0,0.06161370757004892
"""CNR2299662""","""CID5330028""",1,1,0.9578222393763726
"""CNR3082580""","""CID7351395""",1,1,0.7430288063033407
"""CNR8130802""","""CID9394015""",0,0,0.07753083966124824
"""CNR5732087""","""CID6344024""",0,0,0.06341276018157699
"""CNR5038865""","""CID8869922""",1,1,0.9479237934590202
"""CNR8096285""","""CID6963947""",0,0,0.08615054200681209
"""CNR9826723""","""CID9250202""",0,0,0.23443612057543534
"""CNR9061334""","""CID1383652""",0,0,0.08567508490592815
"""CNR3681202""","""CID9956948""",0,0,0.15114087832553014
"""CNR5282573""","""CID9872185""",1,1,0.953220805883739
"""CNR7966426""","""CID9966929""",1,1,0.678710333988823
"""CNR4896123""","""CID9322006""",1,1,0.5667835352493122
"""CNR2710353""","""CID6093378""",1,1,0.9244681277466572
"""CNR3369880""","""CID4382999""",0,0,0.0945426293370293
"""CNR6197438""","""CID2620114""",1,1,0.8992469813002056
"""CNR7637537""","""CID7486361""",1,1,0.9273195339410594
"""CNR8231101""","""CID2720698""",1,1,0.7462632965468686
"""CNR4775364""","""CID3772847""",0,0,0.08452658780251825
"""CNR8908416""","""CID5863605""",1,1,0.9553678341546993
"""CNR9364532""","""CID9359545""",1,1,0.6893597038047902
"""CNR7507034""","""CID6675678""",1,1,0.5863885017491526
"""CNR3936588""","""CID7922311""",0,0,0.08887579444911735
"""CNR6222350""","""CID1949633""",0,0,0.07722294599888116
"""CNR8395725""","""CID8390394""",1,1,0.6326875863900842
"""CNR7393596""","""CID7309827""",0,0,0.07836721005300154
"""CNR3559774""","""CID2961808""",0,0,0.10072442502725855
"""CNR3694647""","""CID2470704""",1,1,0.9874096037556931
"""CNR7804365""","""CID9235321""",1,1,0.6866599634302061
"""CNR7968973""","""CID2728120""",0,0,0.0729826441915425
"""CNR9601011""","""CID5884024""",1,1,0.957583596839116
"""CNR1683560""","""CID7145446""",1,1,0.5916554428125941
"""CNR5095095""","""CID9214154""",1,1,0.8691925752423214
"""CNR5631721""","""CID8907018""",1,1,0.9880909363134233
"""CNR6229183""","""CID8452525""",0,1,0.6226456595321179
"""CNR7589373""","""CID1971393""",1,1,0.6207808589055547
"""CNR5303000""","""CID3378143""",1,1,0.7085773331370427
"""CNR7021215""","""CID3302483""",0,0,0.10290115355963586
"""CNR8388418""","""CID8212652""",0,0,0.14597308875275636
"""CNR6513751""","""CID6720375""",1,1,0.7084716423423822
"""CNR3311714""","""CID4453138""",1,1,0.6823892195536415
"""CNR8076145""","""CID1460706""",1,1,0.9918337859132084
"""CNR1978322""","""CID5558237""",1,1,0.9264421057496478
"""CNR7693659""","""CID5296402""",0,0,0.07323378967591776
"""CNR6159106""","""CID7018990""",1,1,0.7363021017361914
"""CNR9264656""","""CID8377426""",1,1,0.9223001233416892
"""CNR7881931""","""CID9868940""",1,1,0.5655521080128778
"""CNR7933247""","""CID2873239""",0,0,0.1233416879566323
"""CNR4019710""","""CID8773290""",0,0,0.16458854310288623
"""CNR2921975""","""CID9560333""",1,1,0.9805323445685978
"""CNR1670787""","""CID7751363""",0,0,0.08205863505211484
"""CNR2889003""","""CID6271890""",1,1,0.9480101085272292
"""CNR9792871""","""CID6288482""",1,1,0.9883909133007247
"""CNR9050328""","""CID3439013""",1,1,0.7690209151793522
"""CNR3984268""","""CID3147307""",1,1,0.9198303825923714
"""CNR1557465""","""CID3508790""",0,0,0.07791119151138651
"""CNR5148492""","""CID2273455""",0,0,0.0831666635177122
"""CNR7630686""","""CID7417623""",1,1,0.9932221760681272
"""CNR9531340""","""CID2673795""",0,0,0.15621976775521484
"""CNR5395974""","""CID1756025""",0,0,0.07742107405561141
"""CNR2072091""","""CID4069407""",0,0,0.08815326237067576
"""CNR1185671""","""CID9432529""",1,1,0.9612013436833492
"""CNR4143263""","""CID3746657""",1,1,0.7106335815451249
"""CNR8023373""","""CID5972004""",1,1,0.7248765317047318
"""CNR1272954""","""CID4822541""",1,1,0.6265645902353523
"""CNR4205836""","""CID5511708""",1,1,0.9443528503407788
"""CNR8327026""","""CID5084965""",0,0,0.1347019547835848
"""CNR5251489""","""CID3907848""",1,1,0.7251642319893455
"""CNR4954966""","""CID7932241""",0,0,0.10246560012933789
"""CNR1678253""","""CID4823437""",0,0,0.0861787930890993
"""CNR8495267""","""CID5660958""",1,1,0.5759286687665305
"""CNR4131684""","""CID2119955""",1,1,0.7871436351448126
"""CNR3869354""","""CID8281613""",1,1,0.612706645807474
"""CNR1893897""","""CID8083413""",1,1,0.5576624503520897
"""CNR3194992""","""CID8996268""",1,1,0.989450567265826
"""CNR1678160""","""CID5359485""",1,1,0.9378847605387814
"""CNR4176588""","""CID5537029""",1,1,0.6050472710746704
"""CNR2499406""","""CID5683465""",1,1,0.6918837760477716
"""CNR6444700""","""CID6611022""",0,0,0.08669673866836225
"""CNR5474872""","""CID1527490""",0,0,0.15380913725686254
"""CNR7581235""","""CID3113091""",1,1,0.9576361342964509
"""CNR6385735""","""CID2323935""",0,0,0.16846122889847487
"""CNR2845967""","""CID2878144""",1,1,0.6325725850782953
"""CNR2712604""","""CID6855604""",1,1,0.9871550521793064
"""CNR4621839""","""CID7563483""",1,1,0.9552154402005982
"""CNR3656324""","""CID8677707""",0,0,0.16244779643905227
"""CNR6630160""","""CID2583223""",0,0,0.18338025860443802
"""CNR3426327""","""CID8209617""",1,1,0.9800806627891537
"""CNR1357397""","""CID1081579""",0,0,0.08910951877372393
"""CNR7840144""","""CID9108926""",1,1,0.9357165125232674
"""CNR9376036""","""CID6941678""",0,0,0.11070253022655505
"""CNR1990705""","""CID8406466""",0,0,0.09161666193332489
"""CNR2317475""","""CID5554799""",0,0,0.10731617788894307
"""CNR4601371""","""CID9429494""",1,1,0.9782084390926963
"""CNR5762647""","""CID4445736""",0,0,0.08749002078090973
"""CNR4163619""","""CID1674118""",0,0,0.11156923796496201
"""CNR9435193""","""CID4492772""",1,1,0.6448047868733795
"""CNR6837422""","""CID5091661""",1,1,0.9865024862810005
"""CNR2210540""","""CID1375362""",0,0,0.09168059896080827
"""CNR8918435""","""CID4338245""",0,0,0.19924676117034185
"""CNR2414628""","""CID9555811""",0,0,0.08204839601010422
"""CNR9074748""","""CID1029854""",1,1,0.5638768789569996
"""CNR6924783""","""CID9470681""",1,1,0.9882216068710586
"""CNR9656338""","""CID9650965""",1,1,0.8754029333119577
"""CNR7294723""","""CID7011868""",1,1,0.9891402825337612
"""CNR1255290""","""CID5513574""",1,1,0.9665887401902741
"""CNR5690689""","""CID7517206""",0,0,0.07975886926824201
"""CNR5446261""","""CID9230535""",1,1,0.9802539191984572
"""CNR4579370""","""CID9949859""",0,0,0.07599656204992654
"""CNR1916367""","""CID2638925""",0,0,0.08537372340798503
"""CNR9947558""","""CID7938098""",1,1,0.9411979518339376
"""CNR8818230""","""CID1812233""",1,1,0.9275975406116324
"""CNR2559006""","""CID1148464""",1,1,0.7433223017937164
"""CNR4746215""","""CID5239627""",0,0,0.09042894784296861
"""CNR8345512""","""CID5102749""",1,1,0.9852275754569835
"""CNR9879567""","""CID3217372""",0,0,0.08680782504894616
"""CNR2166928""","""CID2484991""",1,1,0.9788776703694274
"""CNR1938529""","""CID8169588""",0,0,0.16781846940799433
"""CNR8138722""","""CID9250245""",1,1,0.9871932044814252
"""CNR4471349""","""CID9413046""",0,0,0.07036583551926971
"""CNR9867336""","""CID2750325""",1,1,0.8098901481617566
"""CNR1204490""","""CID1039008""",0,1,0.5643937111926813
"""CNR9942189""","""CID7234180""",0,0,0.07896430077219138
"""CNR7837162""","""CID4378042""",1,1,0.9892877529394576
"""CNR5298551""","""CID2952614""",1,1,0.9551932369533859
"""CNR4954942""","""CID1411810""",1,1,0.6860115660810204
"""CNR7621847""","""CID4479699""",1,1,0.9566152948182497
"""CNR6605761""","""CID7298031""",0,0,0.08827873338299358
"""CNR4136206""","""CID4465346""",1,1,0.5895735306782428
"""CNR4260135""","""CID2282588""",1,1,0.5757958689562941
"""CNR6993644""","""CID1694865""",0,0,0.07926231975154983
"""CNR2370427""","""CID6163639""",1,1,0.9328894971206477
"""CNR7230275""","""CID1975306""",1,1,0.6723174859111031
"""CNR7398929""","""CID9331688""",0,1,0.7506942346770097
"""CNR9470405""","""CID8379792""",1,1,0.958609927690092
"""CNR5078639""","""CID5480864""",0,0,0.1795508093941429
"""CNR3456420""","""CID1426774""",1,1,0.9862889628682291
"""CNR4226984""","""CID7256346""",0,0,0.06895833026653089
"""CNR9705932""","""CID2481051""",0,0,0.13524075444673211
"""CNR2535717""","""CID8442514""",0,1,0.6800313916542915
"""CNR6733879""","""CID4013938""",1,1,0.6763259798518686
"""CNR3331211""","""CID5880740""",0,0,0.13615039532081974
"""CNR9632644""","""CID4637591""",1,1,0.9196777238396343
"""CNR7488438""","""CID6640932""",0,0,0.08292971823157161
"""CNR4833025""","""CID3856455""",1,1,0.985449261343442
"""CNR6154317""","""CID8807200""",1,1,0.9511444346517299
"""CNR2417356""","""CID1866561""",1,1,0.981966544282687
"""CNR4648821""","""CID3521659""",0,0,0.0878861170091874
"""CNR8198107""","""CID5302380""",0,0,0.1260233359315867
"""CNR4363685""","""CID7609778""",1,1,0.7964509132319171
"""CNR8021840""","""CID9983120""",0,0,0.13555819998677734
"""CNR9925264""","""CID5591539""",0,0,0.08377074969861475
"""CNR1976625""","""CID2815664""",1,1,0.924365912355676
"""CNR8213363""","""CID6579870""",1,1,0.9738552750860291
"""CNR9427701""","""CID4599926""",0,0,0.08133822399117387
"""CNR2720302""","""CID2264054""",1,1,0.5623663845830329
"""CNR7489151""","""CID1747429""",1,1,0.983040633492567
"""CNR3606716""","""CID4783224""",1,1,0.667703658794882
"""CNR9076104""","""CID4324943""",0,0,0.08185143335613701
"""CNR9970847""","""CID5832517""",1,1,0.951247383840655
"""CNR6105734""","""CID3633987""",1,1,0.9889148139341734
"""CNR2398186""","""CID8913181""",0,0,0.07857154006269934
"""CNR2694235""","""CID9949198""",1,1,0.9867121330510831
"""CNR8962210""","""CID9730641""",1,1,0.758714527997184
"""CNR7531292""","""CID4854421""",1,1,0.970363902664385
"""CNR7598897""","""CID6050600""",0,0,0.08411088662593785
"""CNR4593492""","""CID4243752""",1,1,0.6375673832505008
"""CNR1089472""","""CID2516328""",1,1,0.9162111763520339
"""CNR6667345""","""CID9470768""",1,1,0.7488148112595829
"""CNR7688403""","""CID5042099""",1,1,0.5774693832684108
"""CNR3593613""","""CID7744955""",0,0,0.14751573577095908
"""CNR2346786""","""CID1942670""",1,1,0.9275780666425297
"""CNR6803463""","""CID1024505""",1,1,0.6274674605596146
"""CNR7423719""","""CID8719497""",1,1,0.7571119376777001
"""CNR1466100""","""CID3456970""",1,1,0.9805760329490596
"""CNR4964958""","""CID7577875""",0,0,0.08488219232442677
"""CNR2113535""","""CID9869561""",1,1,0.9267136178741413
"""CNR5959453""","""CID4150786""",0,0,0.08853703559253549
"""CNR9342849""","""CID2633826""",1,1,0.8484594975758509
"""CNR5568844""","""CID1316393""",0,1,0.5694571145891922
"""CNR1478646""","""CID5902667""",1,1,0.5746706767147847
"""CNR7045738""","""CID3842970""",1,1,0.878510320059375
"""CNR6708175""","""CID9350240""",0,0,0.19405579562023073
"""CNR9761263""","""CID7634217""",0,1,0.5946144516497356
"""CNR6314997""","""CID4887624""",1,1,0.5886226152043396
"""CNR2065664""","""CID7728097""",0,0,0.08025508197580115
"""CNR4824072""","""CID4503645""",1,1,0.5942949061123707
"""CNR9424055""","""CID3883212""",1,1,0.9060949153122823
"""CNR1556619""","""CID2051900""",1,1,0.9892444150891767
"""CNR1254668""","""CID4772009""",1,1,0.982748043135803
"""CNR5839928""","""CID4764747""",1,1,0.5527443879785388
"""CNR1545156""","""CID6635898""",0,0,0.08458248977121259
"""CNR3690188""","""CID1252921""",1,1,0.7234781112256756
"""CNR6785634""","""CID2955985""",1,1,0.6358556307050774
"""CNR1308911""","""CID4027634""",1,1,0.6914211095700641
"""CNR6835010""","""CID7777630""",1,1,0.9521332499102143
"""CNR1194066""","""CID1613530""",1,1,0.7123026235713407
"""CNR8431585""","""CID4700869""",1,1,0.9815106979536989
"""CNR8400843""","""CID3232875""",1,1,0.9289449466105815
"""CNR2389480""","""CID7287760""",1,1,0.9414970384406337
"""CNR4208026""","""CID9523492""",1,1,0.9845191646740757
"""CNR9407937""","""CID4698933""",0,0,0.08411883312621504
"""CNR6470641""","""CID6788396""",1,1,0.9442282981722941
"""CNR6090815""","""CID2872390""",1,1,0.7091423899665152
"""CNR9410866""","""CID7190039""",1,1,0.9267680091406445
"""CNR8724731""","""CID4762676""",0,0,0.07400364968021432
"""CNR8341580""","""CID7330108""",1,0,0.20876118095230006
"""CNR4567805""","""CID9359912""",1,1,0.9852141538815425
"""CNR4274005""","""CID3023903""",1,1,0.609469833816569
"""CNR1026371""","""CID2983735""",1,1,0.9836099300589509
"""CNR1667205""","""CID2660758""",1,1,0.7486909083798681
"""CNR4201521""","""CID6022154""",1,1,0.9453442031064263
"""CNR9021229""","""CID1788108""",1,1,0.7094289660801761
"""CNR6448627""","""CID8213171""",1,1,0.928386760828865
"""CNR8376998""","""CID1057004""",1,1,0.709679269698236
"""CNR8549069""","""CID3249817""",1,1,0.8260071192227866
"""CNR8078896""","""CID7833991""",1,1,0.9367003484600976
"""CNR8655101""","""CID3375014""",1,1,0.6861540040492253
"""CNR8153706""","""CID9190610""",1,1,0.571267049496837
"""CNR6896372""","""CID9955990""",0,0,0.08779375871520416
"""CNR8427118""","""CID6928264""",0,0,0.1314971404322676
"""CNR8729375""","""CID9819974""",1,1,0.9707611054988231
"""CNR8711913""","""CID5689749""",1,1,0.6936199298086397
"""CNR6443753""","""CID3494883""",0,1,0.7229822934205833
"""CNR3183022""","""CID8563798""",1,1,0.7585482269627535
"""CNR4341757""","""CID5871813""",1,1,0.9312029679139573
"""CNR7452899""","""CID4268840""",0,0,0.07844785316038569
"""CNR8151419""","""CID5531059""",1,1,0.618824166667757
"""CNR1895477""","""CID4466149""",1,1,0.5578812142648076
"""CNR3753629""","""CID7679009""",0,0,0.08771771393075581
"""CNR8301748""","""CID6926531""",0,1,0.5362407188826274
"""CNR9918901""","""CID6082605""",1,1,0.5800964106925479
"""CNR8669266""","""CID6907742""",1,1,0.683224608637404
"""CNR9877311""","""CID4927540""",0,0,0.10254481244005359
"""CNR5380170""","""CID3430478""",0,0,0.08420741534384196
"""CNR6361531""","""CID4385740""",1,1,0.6864629871057266
"""CNR9780814""","""CID4442531""",1,1,0.7126343795776803
"""CNR7472712""","""CID7671298""",0,0,0.06571107983250242
"""CNR1441003""","""CID8597544""",0,0,0.07577446407602774
"""CNR4248131""","""CID9713392""",1,1,0.9749829266326797
"""CNR2557303""","""CID6209641""",1,1,0.9768943531150741
"""CNR4169622""","""CID9377764""",0,0,0.0867259735344775
"""CNR9925062""","""CID2268852""",1,1,0.9585628995051892
"""CNR6615983""","""CID8529122""",0,0,0.08725489108108166
"""CNR1683308""","""CID1810318""",1,1,0.9855439723371442
"""CNR8971906""","""CID2483254""",0,0,0.0746283915682937
"""CNR2742113""","""CID7568757""",0,0,0.09806932943710527
"""CNR1734794""","""CID1330681""",1,1,0.903316440994717
"""CNR2495013""","""CID7813015""",1,1,0.8535484925097492
"""CNR2457102""","""CID6096231""",0,1,0.6541908983197412
"""CNR1892710""","""CID4922618""",0,0,0.08339270965058924
"""CNR7187673""","""CID3974447""",1,1,0.5548982908237091
"""CNR4612787""","""CID8193408""",1,1,0.7039365517053895
"""CNR9229478""","""CID9816279""",1,1,0.9798372239249746
"""CNR1644071""","""CID5072166""",0,0,0.07401577171477784
"""CNR7277347""","""CID9804834""",1,1,0.6195651069140719
"""CNR1150471""","""CID8242835""",0,0,0.09643132560138164
"""CNR7083496""","""CID5595678""",0,0,0.08203227910820131
"""CNR7960099""","""CID6390397""",0,0,0.08097379564734863
"""CNR7838083""","""CID6980545""",0,0,0.08681644904402874
"""CNR4755830""","""CID1268653""",1,1,0.9900113463911292
"""CNR1241546""","""CID7764011""",1,1,0.9328352644077279
"""CNR9055062""","""CID7863048""",1,1,0.7104735419853325
"""CNR3205034""","""CID2287316""",1,1,0.7475165677647934
"""CNR6948023""","""CID6166149""",0,0,0.08670752668945245
"""CNR2918765""","""CID8632954""",1,1,0.6735103727246885
"""CNR1029756""","""CID3031127""",0,0,0.08484031445686777
"""CNR1766468""","""CID6406613""",0,0,0.06677129984852256
"""CNR1187736""","""CID7744388""",1,1,0.7162315453861174
"""CNR7590590""","""CID6803775""",0,0,0.09021799760707869
"""CNR4298802""","""CID7694275""",0,0,0.23565113360881373
"""CNR4803138""","""CID4429882""",1,1,0.9791260982981843
"""CNR7671465""","""CID5214679""",0,0,0.10116104365549321
"""CNR5474598""","""CID8536102""",0,0,0.0831494128991911
"""CNR4630827""","""CID4012212""",1,1,0.6449278761768684
"""CNR6641762""","""CID4276264""",1,1,0.7054961053314024
"""CNR9080540""","""CID2402233""",1,1,0.9623753194736279
"""CNR4892248""","""CID5064994""",0,0,0.10230289237362349
"""CNR3379582""","""CID7123052""",1,1,0.6793472975028786
"""CNR3196101""","""CID5338513""",1,1,0.9556098325170931
"""CNR1288590""","""CID3413709""",1,1,0.9478912644647427
"""CNR2662416""","""CID2070317""",0,0,0.07938135392801517
"""CNR9900907""","""CID4840745""",1,1,0.6789775333012482
"""CNR6673056""","""CID6164261""",1,1,0.724400671777989
"""CNR4109072""","""CID4418001""",1,1,0.683901142635519
"""CNR9119698""","""CID8838240""",1,1,0.7138498258212982
"""CNR7964283""","""CID4893458""",1,1,0.6069373148260826
"""CNR6598540""","""CID2862833""",1,1,0.919140294595943
"""CNR3168126""","""CID6624793""",1,1,0.7293274479018689
"""CNR4443812""","""CID6847154""",0,1,0.6600675743234157
"""CNR9098581""","""CID9289284""",0,1,0.7607281099529518
"""CNR3015777""","""CID2337130""",1,1,0.5740567164880539
"""CNR9993164""","""CID1524345""",0,0,0.08574384906811655
"""CNR3820015""","""CID4328278""",0,0,0.1211609372694899
"""CNR6471123""","""CID6243953""",0,0,0.08326780993471129
"""CNR9822639""","""CID6890546""",0,0,0.08775707483779248
"""CNR8534388""","""CID8374027""",0,1,0.6165248214299156
"""CNR3167248""","""CID8462312""",0,0,0.43781567719193665
"""CNR5642748""","""CID9842417""",1,1,0.9565980522823565
"""CNR3522256""","""CID8031172""",1,1,0.9111936179613451
"""CNR3576982""","""CID1751782""",1,1,0.6558396642296775
"""CNR1842715""","""CID6070482""",1,1,0.6888898432470995
"""CNR8107691""","""CID4548254""",1,1,0.6877683348204484
"""CNR3786926""","""CID6325690""",1,1,0.9721190077301014
"""CNR4885903""","""CID8031209""",1,1,0.6078407332245006
"""CNR8690634""","""CID6210515""",1,1,0.9726187200036628
"""CNR3887899""","""CID2071351""",1,1,0.9325200870074616
"""CNR5943577""","""CID7891094""",1,1,0.9363104474373369
"""CNR6665119""","""CID4983412""",1,1,0.7402954390668309
"""CNR3151598""","""CID1195996""",1,1,0.7444585170044293
"""CNR1186797""","""CID4130035""",1,1,0.9410991814505686
"""CNR1469551""","""CID5780768""",1,1,0.9298716885074075
"""CNR4006286""","""CID9479390""",1,1,0.6695603741632263
"""CNR4508302""","""CID3826387""",1,1,0.9737743532309157
"""CNR6788236""","""CID9084534""",1,1,0.6845278611589839
"""CNR8104608""","""CID1872340""",1,1,0.987324514427753
"""CNR7677303""","""CID1724644""",1,1,0.5910660527191749
"""CNR2912649""","""CID3422856""",0,0,0.08499767355492577
"""CNR6408148""","""CID1539865""",1,1,0.7403779060332825
"""CNR7580380""","""CID6467246""",1,1,0.9822174546609168
"""CNR6350384""","""CID5041434""",0,0,0.12366650700014747
"""CNR4533812""","""CID2821116""",1,1,0.6549559800928276
"""CNR2580415""","""CID7563032""",1,1,0.7495602931890037
"""CNR2654660""","""CID2871065""",0,0,0.07076903240681479
"""CNR4108388""","""CID4828007""",0,1,0.5743777951527493
"""CNR5043387""","""CID9149054""",1,1,0.9816804268422695
"""CNR4574781""","""CID9851447""",1,1,0.9609436778657162
"""CNR6309670""","""CID5802482""",1,1,0.5483782604208295
"""CNR9394236""","""CID6621608""",1,1,0.5877906003554688
"""CNR8943512""","""CID4582822""",0,0,0.08449193707120833
"""CNR8615075""","""CID6860168""",0,0,0.07978606627597047
"""CNR3277626""","""CID9814798""",0,0,0.09810236908341656
"""CNR1271030""","""CID7421740""",1,1,0.935224479676094
"""CNR7757039""","""CID5324397""",1,1,0.9858473520142144
"""CNR4624292""","""CID4619083""",1,1,0.5876889756291823
"""CNR5821447""","""CID5732046""",1,1,0.5881134893038557
"""CNR9030626""","""CID4391945""",1,1,0.9307163568842018
"""CNR3158980""","""CID1627777""",1,1,0.9307461413742324
"""CNR7407858""","""CID4946630""",0,1,0.7064223429700085
"""CNR7203753""","""CID8497614""",0,0,0.1380786647348988
"""CNR9870647""","""CID5914262""",1,1,0.7207696552408819
"""CNR8995048""","""CID5488963""",0,0,0.224845538470741
"""CNR1861553""","""CID8033709""",0,0,0.0901842032398887
"""CNR9479592""","""CID8555956""",1,1,0.8238757540858722
"""CNR1301292""","""CID4415842""",1,1,0.9258522384166729
"""CNR1251305""","""CID1044286""",1,1,0.7854816323735029
"""CNR6683662""","""CID8605081""",0,0,0.09902148497169216
"""CNR2585310""","""CID1561039""",0,0,0.09470255324523044
"""CNR8848723""","""CID7580406""",1,1,0.9232248966546198
"""CNR8086955""","""CID6547002""",1,1,0.9465849656862919
"""CNR5633776""","""CID8375606""",1,1,0.9636905377425941
"""CNR5437042""","""CID3122465""",1,1,0.9831740702782537
"""CNR8366778""","""CID5928979""",1,1,0.942220478630913
"""CNR8464464""","""CID1498658""",1,1,0.9577187370327402
"""CNR9013947""","""CID8644617""",0,0,0.07079092380332544
"""CNR3599918""","""CID7420120""",1,1,0.9361126046974417
"""CNR9598119""","""CID1176525""",1,1,0.927752740008869
"""CNR6564128""","""CID7423640""",1,1,0.8477815855093663
"""CNR8120515""","""CID6576373""",1,1,0.974517184875322
"""CNR5452180""","""CID7758910""",0,1,0.7463308912405787
"""CNR1386332""","""CID8032058""",0,0,0.08905296293367793
"""CNR4574001""","""CID7082223""",0,0,0.08916782805066191
"""CNR7578821""","""CID9119085""",1,1,0.9776930806765012
"""CNR6309390""","""CID8240712""",1,1,0.5972411263480759
"""CNR5767140""","""CID5816725""",0,0,0.074144140716206
"""CNR1030270""","""CID9477330""",1,1,0.7480912361379346
"""CNR8068543""","""CID6433083""",0,0,0.1001243765651639
"""CNR5757134""","""CID5951398""",1,1,0.9289083527525501
"""CNR8217723""","""CID1205753""",0,0,0.08844176496426541
"""CNR5849208""","""CID9739860""",0,0,0.1920973208457347
"""CNR3806171""","""CID4049955""",0,0,0.10974676824132845
"""CNR5159764""","""CID2033970""",1,1,0.5567801765591139
"""CNR6996137""","""CID4318221""",1,1,0.7360540227821918
"""CNR4321516""","""CID4542571""",1,1,0.9350354704335395
"""CNR9626194""","""CID6045068""",1,1,0.9485056247668573
"""CNR2340094""","""CID1799855""",1,1,0.9823798255279889
"""CNR5330870""","""CID7908121""",0,0,0.07103473242030807
"""CNR6223695""","""CID2636384""",1,1,0.9607568630972508
"""CNR8065060""","""CID7689724""",1,1,0.5561672147889523
"""CNR3913770""","""CID4823383""",1,1,0.9566343180280864
"""CNR8211791""","""CID3174314""",1,1,0.9866915362888629
"""CNR6390765""","""CID2442185""",0,1,0.5905392507498743
"""CNR3321716""","""CID9727909""",1,1,0.7297167585116784
"""CNR1730704""","""CID5568511""",1,1,0.5983071524529497
"""CNR6871904""","""CID9285687""",1,1,0.5559915264128228
"""CNR3515203""","""CID8741259""",1,1,0.9634260958992193
"""CNR6583912""","""CID9429064""",1,1,0.9525399622525816
"""CNR3557913""","""CID6063801""",0,0,0.08024119975474589
"""CNR2949371""","""CID9571663""",1,1,0.5709106665810398
"""CNR4090483""","""CID6108199""",0,0,0.09060340041472432
"""CNR4486756""","""CID4885282""",1,1,0.9664464387733299
"""CNR6334309""","""CID5310417""",1,1,0.9648550321326108
"""CNR6997738""","""CID8100240""",0,0,0.08845248817446182
"""CNR7494315""","""CID3605040""",1,1,0.6371422236608966
"""CNR4359934""","""CID6434951""",1,1,0.9906149934921202
"""CNR4481698""","""CID5244374""",0,0,0.08746569033219671
"""CNR1730411""","""CID3064788""",1,1,0.9767510307326921
"""CNR1826420""","""CID6022201""",1,1,0.7244376133189587
"""CNR5058368""","""CID3626889""",0,1,0.6135447514701133
"""CNR3034046""","""CID3337819""",0,0,0.19284289028900906
"""CNR2826537""","""CID5490817""",0,0,0.07657500243808936
"""CNR2368373""","""CID4523729""",1,1,0.9240081028412468
"""CNR7171288""","""CID1930408""",1,1,0.9284475906000309
"""CNR6467403""","""CID7283543""",1,1,0.9866386026625887
"""CNR3915420""","""CID1487259""",0,0,0.08494227212491237
"""CNR2878212""","""CID4394953""",0,0,0.14397818097564308
"""CNR6431029""","""CID4011530""",1,1,0.8389104588500755
"""CNR9228400""","""CID5932390""",1,1,0.9642854772074022
"""CNR3486052""","""CID7736044""",1,1,0.9282189043750505
"""CNR6484354""","""CID5437943""",1,1,0.9495831920142837
"""CNR9587112""","""CID8586248""",1,1,0.933063217644477
"""CNR9652655""","""CID4274989""",0,0,0.15372663467267283
"""CNR7172782""","""CID8728017""",0,0,0.15206211781010126
"""CNR3910130""","""CID1909193""",1,1,0.6030163686568082
"""CNR7038189""","""CID2858554""",1,1,0.6869135778516932
"""CNR1571058""","""CID1257258""",1,1,0.7670791472504848
"""CNR4175598""","""CID8276701""",1,1,0.9336580348092146
"""CNR6595419""","""CID1580325""",0,0,0.08958565313651855
"""CNR9771046""","""CID1184467""",1,1,0.9872524065998818
"""CNR7559480""","""CID7639419""",1,1,0.9849322550559813
"""CNR1216875""","""CID3020246""",0,0,0.07659552371415614
"""CNR4948324""","""CID7042284""",1,1,0.9345876960128169
"""CNR9044149""","""CID7410201""",1,1,0.942442076140793
"""CNR1433517""","""CID4126482""",0,0,0.08925726824732567
"""CNR3361812""","""CID6889151""",1,1,0.9886329541171878
"""CNR5388784""","""CID1114519""",1,1,0.735862544375939
"""CNR6436261""","""CID9483335""",0,0,0.09060264309749379
"""CNR6380256""","""CID9851012""",0,0,0.08554978289133446
"""CNR3682735""","""CID6891316""",1,1,0.9015806889924676
"""CNR4527891""","""CID8649871""",1,1,0.9556053648329608
"""CNR6158628""","""CID7604527""",1,1,0.9802198713054221
"""CNR2302245""","""CID8165226""",1,1,0.9548768610906639
"""CNR9495382""","""CID3344206""",1,1,0.9333985673349334
"""CNR7986860""","""CID3422466""",0,0,0.08292212900760507
"""CNR5949498""","""CID5067710""",0,1,0.6601109947706453
"""CNR6958767""","""CID3819518""",1,1,0.63704237228836
"""CNR9791813""","""CID4787458""",1,1,0.9809391781490829
"""CNR6057772""","""CID9184052""",1,1,0.7468728255361943
"""CNR8235697""","""CID7834498""",0,0,0.0810105483883313
"""CNR4012353""","""CID1821783""",0,0,0.11609491755497361
"""CNR5504466""","""CID8318128""",0,0,0.08917388111624228
"""CNR2913825""","""CID2422323""",1,1,0.7033096747336561
"""CNR6493289""","""CID8357347""",0,0,0.06491658291452312
"""CNR9259174""","""CID7256724""",1,1,0.6996616566742566
"""CNR6555780""","""CID4114684""",0,1,0.7470575745534744
"""CNR5288545""","""CID8216143""",0,0,0.0810194648999212
"""CNR7693666""","""CID5871900""",0,0,0.14255256660967922
"""CNR4418250""","""CID9822931""",0,1,0.6521282232206526
"""CNR6593858""","""CID9869036""",1,1,0.5678167984152365
"""CNR5038976""","""CID8313729""",0,0,0.12372508339571998
"""CNR2689185""","""CID3071457""",0,0,0.08734099527858957
"""CNR8986569""","""CID6538590""",1,1,0.7946062920642653
"""CNR3293446""","""CID2145867""",1,1,0.9405674939165309
"""CNR7457475""","""CID7284814""",1,1,0.9871486521739509
"""CNR6251210""","""CID6439478""",1,1,0.7896374865721065
"""CNR5701336""","""CID2830161""",0,0,0.1143111913099145
"""CNR1668148""","""CID5097352""",0,0,0.08257374513521974
"""CNR8372849""","""CID3901838""",1,1,0.7161461382590268
"""CNR9725671""","""CID4876892""",0,0,0.08873247798567815
"""CNR3535726""","""CID2327820""",1,1,0.9888833784273745
"""CNR9997636""","""CID8715234""",0,1,0.5656174013064164
"""CNR3557178""","""CID7566637""",1,1,0.9854158891623731
"""CNR9882005""","""CID8872741""",0,0,0.06971390093634013
"""CNR6631802""","""CID6123434""",1,1,0.9684115241890076
"""CNR2978562""","""CID3495879""",0,1,0.5807609326677672
"""CNR8245489""","""CID5884880""",1,1,0.7453478100513581
"""CNR5652177""","""CID9100562""",1,1,0.9631198498655402
"""CNR4510395""","""CID7760825""",1,1,0.9252629082193441
"""CNR9576854""","""CID8522335""",1,1,0.9861802172964695
"""CNR7632396""","""CID8911016""",1,1,0.9807497824834562
"""CNR3721832""","""CID5747172""",0,0,0.08823869431396215
"""CNR8486373""","""CID3236855""",0,1,0.6153083556302229
"""CNR7610471""","""CID3608759""",1,0,0.20939547419032276
"""CNR8123880""","""CID8624917""",0,0,0.22740254553008057
"""CNR9232178""","""CID7932262""",0,0,0.09239753382751142
"""CNR4877137""","""CID9291358""",0,0,0.19484430393228425
"""CNR7930944""","""CID5990483""",0,0,0.07308323228294662
"""CNR3485444""","""CID7364625""",1,1,0.7171799916955899
"""CNR9474933""","""CID3239209""",0,0,0.06485741512677816
"""CNR9292374""","""CID7794904""",1,1,0.6858667872911248
"""CNR9211167""","""CID9278174""",0,1,0.7921962110597259
"""CNR2858638""","""CID8238418""",1,1,0.6889980991617977
"""CNR3195057""","""CID1854718""",1,1,0.5848770944408458
"""CNR1747187""","""CID3884985""",1,1,0.6357914840375067
"""CNR5175595""","""CID1643684""",1,1,0.5612004395551399
"""CNR6973123""","""CID2129101""",1,1,0.5722409896654167
"""CNR5103988""","""CID7452817""",1,1,0.9817269321344998
"""CNR5351120""","""CID4223917""",1,1,0.9431671872215238
"""CNR3858219""","""CID7418868""",1,1,0.9792337508230448
"""CNR9140653""","""CID1295475""",1,1,0.7811444168443541
"""CNR8541737""","""CID5824343""",0,0,0.07091858692824154
"""CNR5663227""","""CID7061694""",1,1,0.9861746031461267
"""CNR7638878""","""CID5236320""",0,0,0.08042819906200106
"""CNR5466851""","""CID7479655""",1,1,0.5791778613451963
"""CNR1681006""","""CID7643643""",0,0,0.0816368276713667
"""CNR7039176""","""CID4648119""",1,1,0.65660051111855
"""CNR6896933""","""CID3520812""",1,1,0.7719540771070518
"""CNR8306430""","""CID4072668""",1,1,0.7414977165650167
"""CNR3641945""","""CID1725037""",1,1,0.6044815522632596
"""CNR9793705""","""CID4563944""",0,0,0.14015989943472384
"""CNR3046706""","""CID2224746""",0,0,0.07773035657869914
"""CNR8500778""","""CID7098583""",0,0,0.08494706774386009
"""CNR2725180""","""CID3289622""",0,0,0.1454893552496668
"""CNR1610495""","""CID1085135""",0,0,0.0877899066519713
"""CNR4513172""","""CID9759921""",0,0,0.1779481293719302
"""CNR1809519""","""CID8123317""",1,1,0.9644377673152615
"""CNR9071541""","""CID3431639""",0,0,0.08547815696596181
"""CNR2369219""","""CID5264172""",0,1,0.6191761941782212
"""CNR4130708""","""CID9492245""",1,1,0.967543205745551
"""CNR4305645""","""CID4591254""",1,1,0.846031412275546
"""CNR6201341""","""CID7989787""",1,1,0.5758305844703173
"""CNR6195754""","""CID3102413""",1,1,0.6863802481368366
"""CNR6001293""","""CID8816122""",1,0,0.08923161814720909
"""CNR4006090""","""CID2853670""",0,0,0.07560506626747333
"""CNR5585019""","""CID8935078""",0,1,0.7106047034269332
"""CNR4332489""","""CID5233759""",0,0,0.07978312385439508
"""CNR1418112""","""CID1051817""",1,1,0.9402931449855254
"""CNR4573791""","""CID4244291""",0,0,0.19730144912525066
"""CNR4699041""","""CID2909699""",1,1,0.9666225208877817
"""CNR1673602""","""CID7241767""",1,1,0.986624515125499
"""CNR3143633""","""CID7689334""",1,1,0.7444204873090972
"""CNR4547456""","""CID3627974""",0,1,0.7163615597607426
"""CNR3362872""","""CID7842075""",1,1,0.5531797523657505
"""CNR9756751""","""CID2672799""",1,0,0.41093362074476825
"""CNR4474698""","""CID4739309""",0,0,0.05424560694746099
"""CNR4253310""","""CID8358854""",1,1,0.6794478160609919
"""CNR4556905""","""CID6484543""",0,0,0.17157193247379146
"""CNR3818675""","""CID9069111""",1,1,0.5979943363998586
"""CNR8951536""","""CID9707125""",0,1,0.7346756013123555
"""CNR7233527""","""CID4016248""",1,1,0.9589530123091489
"""CNR9700394""","""CID1165983""",1,1,0.6973881129597846
"""CNR4822649""","""CID2029578""",1,1,0.7578014501646937
"""CNR6944482""","""CID8882300""",1,1,0.9835480333800884
"""CNR3823023""","""CID9754758""",0,0,0.0850206141276637
"""CNR9571339""","""CID5030268""",1,1,0.5675496034673589
"""CNR1944587""","""CID5204354""",0,0,0.08248501652128053
"""CNR1790891""","""CID5760879""",0,0,0.1835656894174376
"""CNR1332745""","""CID8458562""",1,1,0.5576076038270058
"""CNR7968217""","""CID5383548""",1,1,0.7328982693262824
"""CNR8250689""","""CID3080797""",1,1,0.982940501833413
"""CNR6772361""","""CID4968401""",1,1,0.7235688146806298
"""CNR1470393""","""CID1699752""",1,1,0.5567635203094994
"""CNR9669338""","""CID1859845""",1,1,0.9269003674936251
"""CNR7058772""","""CID3015148""",0,0,0.16770692503475626
"""CNR6702452""","""CID2953972""",1,1,0.9696182952977972
"""CNR3062136""","""CID9792266""",1,1,0.9449742965426323
"""CNR6254075""","""CID1691269""",1,1,0.9250901690196113
"""CNR6297998""","""CID4130672""",1,1,0.9271821950501921
"""CNR3430880""","""CID2893004""",0,0,0.20496066863913137
"""CNR5751229""","""CID3147077""",0,0,0.19126439102020018
"""CNR8778912""","""CID3726174""",0,0,0.07546023107314002
"""CNR3611555""","""CID8177262""",1,1,0.7519187131445876
"""CNR7269507""","""CID6383934""",0,0,0.21007703762549432
"""CNR8175947""","""CID9516769""",1,1,0.7650422433635529
"""CNR7109862""","""CID6036676""",1,1,0.5668462693589112
"""CNR8573434""","""CID7142157""",0,0,0.08834207300780211
"""CNR2269359""","""CID3197702""",0,0,0.08440398063583593
"""CNR2980966""","""CID5430009""",1,1,0.9314586263979853
"""CNR9622965""","""CID9795470""",0,0,0.11336578696496193
"""CNR6478982""","""CID9410664""",1,1,0.9723614938197404
"""CNR7486499""","""CID5855821""",0,0,0.0840627170190259
"""CNR7041371""","""CID9159331""",1,1,0.7016323801164577
"""CNR1429732""","""CID5262733""",1,1,0.9637911539587356
"""CNR7285955""","""CID9689947""",1,1,0.9901403033648001
"""CNR5441252""","""CID9041504""",1,1,0.9806176659229868
"""CNR8812353""","""CID4701007""",0,0,0.12830456350421676
"""CNR8623063""","""CID8300135""",1,1,0.6937304808330671
"""CNR6245875""","""CID2648803""",1,1,0.7044708250491615
"""CNR3223812""","""CID7611979""",1,1,0.6142961881432637
"""CNR8051850""","""CID5845293""",1,1,0.7343560883140585
"""CNR1400436""","""CID9092943""",1,1,0.9723120434043151
"""CNR1249439""","""CID8604838""",0,0,0.08457129229986882
"""CNR9149972""","""CID6487758""",1,1,0.9293272280886326
"""CNR4027629""","""CID8366337""",1,1,0.5535993305969241
"""CNR6164469""","""CID8404256""",1,1,0.5713281607087928
"""CNR4334554""","""CID6065787""",1,1,0.7496806371100118
"""CNR9048680""","""CID5357468""",1,1,0.8216644062851796
"""CNR2244338""","""CID8515063""",1,1,0.7269154550281822
"""CNR4234952""","""CID5214379""",1,1,0.6191721195691399
"""CNR2614051""","""CID4231728""",1,1,0.8245830960009054
"""CNR1425862""","""CID6483062""",1,1,0.6812208012273605
"""CNR3654778""","""CID4958652""",0,0,0.11582853776860062
"""CNR2031578""","""CID8426270""",0,0,0.08364336643885234
"""CNR7085478""","""CID9964894""",0,1,0.7011282884165279
"""CNR4675981""","""CID1400005""",0,0,0.11831500795852946
"""CNR7215922""","""CID7610295""",1,1,0.9553387856341936
"""CNR1383624""","""CID4279188""",1,1,0.9689613846146017
"""CNR9531180""","""CID4730674""",0,1,0.6829269554913178
"""CNR6527018""","""CID7744780""",1,1,0.9601686761739908
"""CNR4265407""","""CID4580968""",1,1,0.9692861373644155
"""CNR4500151""","""CID9861257""",1,1,0.9782540080951194
"""CNR6443336""","""CID8091035""",0,0,0.07506793231510836
"""CNR6718740""","""CID6494528""",1,1,0.5776259111272504
"""CNR3090817""","""CID9790025""",1,1,0.6182739699242022
"""CNR9864159""","""CID9543252""",0,0,0.08418951141947462
"""CNR3364977""","""CID7480318""",0,0,0.12204399602324031
"""CNR8872885""","""CID8462403""",1,1,0.6976043831130071
"""CNR9301433""","""CID6052547""",0,0,0.07920989160610602
"""CNR1779030""","""CID5474977""",1,1,0.9687893290246855
"""CNR4693033""","""CID8032931""",0,1,0.5625296494568055
"""CNR1119137""","""CID2066391""",1,1,0.5640927392256968
"""CNR1714188""","""CID8898486""",1,1,0.5644030015165896
"""CNR7461166""","""CID8297483""",1,1,0.9337398781421203
"""CNR5955674""","""CID5806290""",1,1,0.7009121429595314
"""CNR5706732""","""CID4456545""",1,1,0.6828311454892225
"""CNR2523023""","""CID7509972""",1,1,0.7145911853876382
"""CNR3570993""","""CID7556228""",0,0,0.0857591231270731
"""CNR2754316""","""CID7894463""",1,1,0.7223069433992678
"""CNR6794741""","""CID2906293""",1,1,0.9254727165542931
"""CNR2235180""","""CID4444222""",1,1,0.9834842626364093
"""CNR1342975""","""CID4497592""",0,1,0.6608004581743324
"""CNR4533254""","""CID6254297""",0,0,0.07550200600454261
"""CNR8421755""","""CID8545835""",0,0,0.16517785959534145
"""CNR6569951""","""CID2081673""",1,1,0.7255678896153028
"""CNR3987772""","""CID1017509""",1,1,0.7127988626107983
"""CNR3146188""","""CID3167160""",1,1,0.8775600209764891
"""CNR8780542""","""CID3268442""",1,1,0.929000957351195
"""CNR9132089""","""CID8918577""",1,1,0.7353542927971682
"""CNR8388227""","""CID5066473""",1,1,0.5821425485551873
"""CNR2031602""","""CID7773103""",0,0,0.07936975708639589
"""CNR3964815""","""CID9010158""",1,1,0.6179055289305668
"""CNR8035837""","""CID8265637""",0,0,0.13688278755812575
"""CNR7109332""","""CID3348219""",1,1,0.773902797696796
"""CNR5652350""","""CID9112897""",1,1,0.6513000575075973
"""CNR3855171""","""CID6086076""",1,1,0.5798365287127927
"""CNR8720669""","""CID8182269""",1,1,0.6877365812068448
"""CNR1654617""","""CID5187644""",1,1,0.9160870094619065
"""CNR8233965""","""CID4952320""",0,0,0.15863411778869255
"""CNR2663268""","""CID5013028""",1,1,0.5625514472313334
"""CNR6664599""","""CID2518866""",1,1,0.9359445373564269
"""CNR1894869""","""CID5484157""",1,1,0.6319742060482468
"""CNR5852820""","""CID6925799""",1,1,0.9373161352305728
"""CNR4127572""","""CID4711554""",1,1,0.7148653415462273
"""CNR7299867""","""CID5503561""",1,1,0.7724643370130782
"""CNR8911321""","""CID8561967""",0,0,0.08611577724973721
"""CNR3835719""","""CID4649053""",1,1,0.6681672483568355
"""CNR7350464""","""CID8817068""",1,1,0.7014768869215154
"""CNR5339675""","""CID8635753""",1,1,0.9238880160641649
"""CNR5171525""","""CID4213489""",0,0,0.07861565570427076
"""CNR7534349""","""CID4316319""",1,1,0.9520247670039663
"""CNR3588716""","""CID1484509""",0,0,0.10430971905753778
"""CNR8383113""","""CID5008538""",1,1,0.9751300458047205
"""CNR8972214""","""CID5531131""",0,0,0.11184692376882903
"""CNR5132448""","""CID1147152""",0,0,0.08411961528716727
"""CNR8661019""","""CID4440362""",0,0,0.0842945918034923
"""CNR4192148""","""CID3218896""",1,1,0.7361686753239369
"""CNR9223521""","""CID9213281""",0,0,0.08956463125203798
"""CNR3346326""","""CID4544635""",1,1,0.761651634882883
"""CNR7623085""","""CID4151660""",1,1,0.7107935686207101
"""CNR7027099""","""CID3186609""",1,1,0.7517570983515476
"""CNR7487553""","""CID4520044""",1,1,0.620638538149932
"""CNR4715038""","""CID3806604""",0,0,0.22353802203251372
"""CNR5701799""","""CID3922172""",0,0,0.06371030273439854
"""CNR4855685""","""CID8022980""",1,1,0.6948410125609908
"""CNR1760649""","""CID1904097""",1,1,0.556001135606624
"""CNR3167090""","""CID5590291""",1,1,0.6268135677557637
"""CNR8337138""","""CID7431047""",1,1,0.9588848548045742
"""CNR9968909""","""CID4072422""",0,0,0.056567818127194996
"""CNR3015449""","""CID1078274""",1,1,0.5748908812492192
"""CNR8556644""","""CID4303630""",1,1,0.9271349551502542
"""CNR1801249""","""CID2012161""",0,0,0.07685324869500774
"""CNR4178729""","""CID5578051""",1,1,0.9689465542828509
"""CNR3996485""","""CID9986624""",0,0,0.1332362103610923
"""CNR3599657""","""CID9200268""",0,0,0.0801521898624032
"""CNR1686062""","""CID2290774""",1,1,0.9581080320153778
"""CNR3750217""","""CID8792034""",0,1,0.5367274273696637
"""CNR3454942""","""CID4578582""",1,1,0.7727506061485659
"""CNR1154984""","""CID2111640""",1,1,0.8763194118728596
"""CNR2785869""","""CID3164570""",1,1,0.9786326427142281
"""CNR3537566""","""CID9165525""",1,1,0.9283484624768092
"""CNR4886505""","""CID3239838""",0,0,0.11355224129399201
"""CNR7264013""","""CID4396342""",1,1,0.7421486727265004
"""CNR6394507""","""CID2153523""",0,0,0.11535344925934127
"""CNR9749157""","""CID2335248""",1,1,0.5500024408734103
"""CNR5473084""","""CID9907135""",1,1,0.9840707329801933
"""CNR1937208""","""CID5420958""",0,0,0.1148549827460889
"""CNR8645258""","""CID5509508""",1,1,0.9236792962338746
"""CNR7431135""","""CID2911941""",0,0,0.12976813846964683
"""CNR8924549""","""CID3674208""",1,1,0.6420791758059813
"""CNR9261323""","""CID8246574""",1,1,0.920919850365783
"""CNR7639686""","""CID9008921""",0,0,0.21753829311468137
"""CNR8642377""","""CID6076790""",1,1,0.7479402879037911
"""CNR7498571""","""CID6413000""",0,0,0.06591794524659131
"""CNR7096810""","""CID7243013""",1,1,0.5596583856931584
"""CNR6042492""","""CID5454009""",1,1,0.9712483727343058
"""CNR9553234""","""CID9306004""",1,1,0.7259216953943325
"""CNR7555581""","""CID6191598""",1,1,0.690478252306997
"""CNR2938187""","""CID6743228""",1,1,0.9773592427352935
"""CNR2406359""","""CID7370342""",0,0,0.07980923902447386
"""CNR5990930""","""CID1336119""",1,1,0.6526787653670206
"""CNR3777144""","""CID4118601""",1,1,0.9239194454623566
"""CNR6106643""","""CID7623493""",0,0,0.12592416671417897
"""CNR2076579""","""CID5486844""",1,1,0.6635302741529947
"""CNR7298000""","""CID2841620""",1,1,0.9854533164056725
"""CNR9427582""","""CID5983483""",1,1,0.9845619039683675
"""CNR8143508""","""CID4024647""",1,1,0.9794302151332365
"""CNR3841038""","""CID9792645""",1,1,0.7241361166070294
"""CNR7269044""","""CID8672500""",1,1,0.9591107175497492
"""CNR3600918""","""CID8485517""",0,0,0.0835005571625631
"""CNR8379389""","""CID1472171""",1,1,0.9015556382997116
"""CNR5623193""","""CID8461060""",0,0,0.12509891850942098
"""CNR5461245""","""CID1261245""",1,1,0.5821729642456475
"""CNR3053024""","""CID1626044""",1,1,0.8919858717845894
"""CNR8329950""","""CID5504922""",0,0,0.0841423691453383
"""CNR9453684""","""CID9475440""",0,0,0.07732242169918178
"""CNR4778662""","""CID5376619""",1,1,0.9323010824127592
"""CNR4609824""","""CID8731262""",1,1,0.7751252086510898
"""CNR3805713""","""CID3066882""",1,1,0.9249666543309998
"""CNR8807354""","""CID2709825""",1,1,0.6840048800677998
"""CNR5676324""","""CID2324489""",1,1,0.7279814958483781
"""CNR4187279""","""CID9187470""",1,1,0.6867544540490038
"""CNR8789584""","""CID6128079""",0,0,0.07382000751360426
"""CNR6141010""","""CID5418957""",1,1,0.98814408213297
"""CNR3944284""","""CID9086069""",0,0,0.07774612260209877
"""CNR4308218""","""CID7221591""",1,1,0.9337478212666462
"""CNR3776219""","""CID3993226""",0,1,0.5642641731386699
"""CNR8258006""","""CID7325026""",1,1,0.7318549873973704
"""CNR7163247""","""CID8351753""",1,1,0.9818605231142671
"""CNR4970483""","""CID8735240""",0,0,0.08760386628630085
"""CNR2841622""","""CID7075362""",1,1,0.9377713884328629
"""CNR3162945""","""CID7165877""",1,1,0.9591024065155763
"""CNR9870985""","""CID3988688""",1,1,0.6545934681767628
"""CNR8289158""","""CID8311192""",0,0,0.08402646080184378
"""CNR2187057""","""CID6860592""",1,1,0.9255700109121041
"""CNR2892454""","""CID3768866""",0,0,0.08672265591186414
"""CNR1431374""","""CID9092607""",0,1,0.7310077127960786
"""CNR2135881""","""CID3177317""",1,1,0.9340674368110268
"""CNR6924530""","""CID9812722""",1,1,0.9767784073242162
"""CNR3026290""","""CID7127434""",1,0,0.24518084262432807
"""CNR8589010""","""CID2595482""",0,0,0.07657212346402302
"""CNR2221890""","""CID4002467""",0,0,0.08753136372471793
"""CNR5361512""","""CID9319862""",1,1,0.9876082437971136
"""CNR4718859""","""CID6909469""",1,1,0.5905018291227631
"""CNR1060632""","""CID5892332""",1,1,0.6987174105873105
"""CNR4182170""","""CID6038793""",1,1,0.569982663275569
"""CNR7045263""","""CID4750777""",1,1,0.7748503692254005
"""CNR9484321""","""CID6947353""",1,1,0.7139034189899924
"""CNR7058947""","""CID8117635""",0,0,0.2538877414857301
"""CNR1219984""","""CID6594592""",1,1,0.6325576419772412
"""CNR7563831""","""CID9245081""",1,1,0.984800005545175
"""CNR5639544""","""CID9775544""",1,1,0.6065269964451143
"""CNR6280668""","""CID5944928""",1,1,0.966553413509339
"""CNR2773132""","""CID1583242""",1,1,0.9318580385866577
"""CNR5393345""","""CID6464422""",0,0,0.07947724689035955
"""CNR7612717""","""CID7495090""",1,1,0.7293346308153749
"""CNR5252092""","""CID4790527""",1,1,0.9774125815986413
"""CNR8186277""","""CID9476539""",1,1,0.5633461420324212
"""CNR5951340""","""CID8844589""",1,1,0.9280743011378415
"""CNR8235660""","""CID9100663""",1,1,0.5473644014785396
"""CNR7838131""","""CID4711450""",0,1,0.6253997320620892
"""CNR6105425""","""CID3212083""",1,1,0.9245167353142496
"""CNR8553567""","""CID7724987""",1,1,0.9917013396878535
"""CNR3673733""","""CID2296040""",1,1,0.6966439072882391
"""CNR4217246""","""CID1858204""",1,1,0.5622280782013296
"""CNR8469542""","""CID8742339""",0,0,0.0812006871989877
"""CNR7497561""","""CID8822755""",0,0,0.07850935492966056
"""CNR5819351""","""CID8728122""",0,0,0.08355181404619763
"""CNR9743238""","""CID5310292""",1,1,0.7511608279329485
"""CNR7457252""","""CID5431747""",0,0,0.1007904862557052
"""CNR7968031""","""CID5733568""",1,1,0.9758231411297915
"""CNR5155335""","""CID9410311""",1,1,0.6550030830165696
"""CNR3321864""","""CID6741774""",0,0,0.07621474570781221
"""CNR1985097""","""CID4051242""",0,0,0.08740817815459799
"""CNR8638309""","""CID7798208""",1,1,0.7485282533689025
"""CNR1171116""","""CID3008125""",1,1,0.7111535123141735
"""CNR2826055""","""CID5542552""",0,0,0.07120774392196694
"""CNR4054076""","""CID3543645""",1,1,0.6291791009303995
"""CNR7168939""","""CID3991887""",0,0,0.06359050877642095
"""CNR2977746""","""CID3414960""",1,1,0.7701825737928301
"""CNR5436942""","""CID8333094""",1,1,0.690156118224942
"""CNR6679747""","""CID2431419""",1,1,0.6613594880368131
"""CNR6874308""","""CID9704212""",1,1,0.7165113635250445
"""CNR7545807""","""CID1543765""",1,1,0.8485940682447379
"""CNR3042461""","""CID6579568""",1,1,0.9333389488656748
"""CNR4900871""","""CID6159371""",1,1,0.9385548058854488
"""CNR4086225""","""CID1590324""",1,1,0.5748414737237133
"""CNR5816361""","""CID9398568""",1,1,0.7730356570125608
"""CNR1636050""","""CID3871956""",0,1,0.6699699050479755
"""CNR3034706""","""CID6079633""",0,0,0.08527423352057197
"""CNR6977695""","""CID4594459""",1,1,0.8880792712472294
"""CNR2797413""","""CID3324441""",1,1,0.6191343839453989
"""CNR4908425""","""CID7746599""",0,0,0.06646965138045159
"""CNR7068493""","""CID4846164""",1,1,0.9363083951823171
"""CNR3116722""","""CID9174917""",1,1,0.7380435840742601
"""CNR8573116""","""CID8698351""",1,1,0.7939087511053584
"""CNR3034501""","""CID4681154""",0,0,0.08921035360819672
"""CNR8852572""","""CID4097600""",1,1,0.7616419273997024
"""CNR2146826""","""CID1996239""",1,1,0.9758775407250779
"""CNR9134730""","""CID6822517""",0,0,0.07524781292946116
"""CNR6885220""","""CID5256677""",1,1,0.6654916025558926
"""CNR3195702""","""CID2201508""",1,1,0.5583621385547055
"""CNR1750533""","""CID7580535""",1,1,0.9831604830248024
"""CNR5867130""","""CID3410108""",0,1,0.5539016108724877
"""CNR3707648""","""CID2398142""",1,1,0.6831132944290839
"""CNR8617955""","""CID9931149""",1,1,0.5857320048886243
"""CNR4452688""","""CID7572242""",1,1,0.6099763651111224
"""CNR6401043""","""CID5129306""",1,1,0.6275652764367728
"""CNR6112715""","""CID9572518""",0,1,0.7420173705967921
"""CNR7521587""","""CID9726241""",0,0,0.0857936392811168
"""CNR3643856""","""CID3159855""",1,1,0.7093060924497425
"""CNR9491048""","""CID4445738""",1,1,0.9758897025588451
"""CNR8866552""","""CID7043413""",1,1,0.7481126849413429
"""CNR9124771""","""CID7688377""",0,0,0.10302134731773213
"""CNR5740037""","""CID7186309""",1,1,0.5936450305107651
"""CNR9661221""","""CID7192720""",0,0,0.08745415361900119
"""CNR5650847""","""CID8462171""",1,1,0.6967545726599428
"""CNR8130771""","""CID9450939""",1,0,0.19693954856463844
"""CNR4890883""","""CID5804283""",1,1,0.56255683023747
"""CNR6782911""","""CID9196886""",0,1,0.724730970783661
"""CNR7025478""","""CID3569939""",1,1,0.8418932857834924
"""CNR8326283""","""CID1237673""",0,0,0.07710817366977103
"""CNR5034980""","""CID6182818""",0,0,0.08735689539364663
"""CNR4926038""","""CID6076382""",1,1,0.9890859748225671
"""CNR6788836""","""CID1759767""",0,0,0.06049261060376915
"""CNR5222304""","""CID1984152""",1,1,0.9542814184522279
"""CNR5934202""","""CID4037715""",0,1,0.7486801891372599
"""CNR9311308""","""CID4279822""",0,0,0.07739286549704377
"""CNR8416289""","""CID3001492""",0,0,0.07796581121849172
"""CNR1763123""","""CID2824506""",1,1,0.7500326194564539
"""CNR9993340""","""CID8471054""",0,0,0.11408024088541303
"""CNR8715492""","""CID9677764""",1,1,0.6364394080416225
"""CNR3710124""","""CID3476519""",1,1,0.9604568541065951
"""CNR3497931""","""CID1671264""",1,1,0.7469000709569544
"""CNR8277991""","""CID4529239""",0,0,0.10815658074104048
"""CNR2308205""","""CID3165792""",0,0,0.08519072626883492
"""CNR6315124""","""CID2914983""",1,1,0.642292845348972
"""CNR8587116""","""CID2709081""",1,1,0.5835392620048225
"""CNR3839689""","""CID7784985""",0,1,0.7357195615851281
"""CNR6752618""","""CID3455201""",1,1,0.929652265148134
"""CNR2812841""","""CID4474953""",0,0,0.07785065443086953
"""CNR8685561""","""CID3031967""",0,0,0.06937174858958668
"""CNR7636746""","""CID7620339""",1,1,0.5600129791074223
"""CNR9418858""","""CID2458920""",1,1,0.9414840535253253
"""CNR2901908""","""CID3964805""",0,0,0.07125423612691567
"""CNR9955566""","""CID5945361""",1,1,0.7377899825834371
"""CNR6956528""","""CID8928315""",1,1,0.9716238509854475
"""CNR4727112""","""CID5653393""",0,0,0.07550516755350235
"""CNR6197793""","""CID9414120""",1,1,0.6627526763223636
"""CNR8018976""","""CID8508308""",1,1,0.9875873397110619
"""CNR8825960""","""CID3853002""",1,1,0.5735473193075344
"""CNR3261034""","""CID5581645""",0,0,0.07409685073131801
"""CNR1892997""","""CID4716621""",0,0,0.08737195809099994
"""CNR2594226""","""CID3923686""",1,1,0.7176197190800799
"""CNR4358433""","""CID2099903""",1,1,0.6277765513146679
"""CNR8271723""","""CID7830901""",0,0,0.06769174143770645
"""CNR9622509""","""CID5094491""",0,0,0.0800732438946983
"""CNR5536648""","""CID5850873""",0,0,0.07551694562380355
"""CNR6971317""","""CID9652018""",1,1,0.7121139921495133
"""CNR3445996""","""CID8303867""",0,0,0.07446735543346189
"""CNR2179768""","""CID5147872""",1,1,0.6972551282998133
"""CNR7110841""","""CID6169610""",0,0,0.08666197868754154
"""CNR4136241""","""CID9598348""",1,1,0.7608852059533825
"""CNR4461031""","""CID5089430""",1,1,0.9716156401179501
"""CNR2568411""","""CID4485269""",0,0,0.1126527258453266
"""CNR8035552""","""CID8925744""",1,1,0.5793780427048006
"""CNR5073261""","""CID2949105""",1,1,0.6224148961509315
"""CNR6013128""","""CID3442371""",1,1,0.9881122508837619
"""CNR2676679""","""CID3069463""",1,1,0.9755095561817482
"""CNR2714685""","""CID3969375""",1,1,0.667726458590215
"""CNR8617517""","""CID4273169""",0,0,0.08116859399786883
"""CNR4445902""","""CID9572591""",0,0,0.07895738271509835
"""CNR5186294""","""CID3054363""",1,1,0.9485689690496251
"""CNR8521674""","""CID7527081""",1,1,0.9741337143736858
"""CNR2254015""","""CID3034608""",0,1,0.7286265512680905
"""CNR7405101""","""CID3809697""",1,1,0.5639120930459979
"""CNR6218940""","""CID5538716""",1,1,0.9225805749273077
"""CNR2659160""","""CID6795522""",1,1,0.681704174547186
"""CNR4362950""","""CID7198961""",1,1,0.7529388294602607
"""CNR5729902""","""CID5320858""",1,1,0.9743556217582479
"""CNR1500644""","""CID4702892""",1,1,0.6696202976301252
"""CNR2599401""","""CID3238092""",1,1,0.9619281370383607
"""CNR3464354""","""CID5915057""",1,1,0.9732131170989419
"""CNR4143505""","""CID4849645""",1,1,0.720056461174691
"""CNR2654692""","""CID4386083""",1,1,0.9293447241284063
"""CNR5692445""","""CID2627954""",1,1,0.5752228080405232
"""CNR8659384""","""CID8115265""",1,1,0.6084466236965523
"""CNR5741752""","""CID2057666""",0,1,0.7701139433156617
"""CNR7651898""","""CID8785826""",1,1,0.6591215457908706
"""CNR1878736""","""CID9465482""",0,0,0.4489153286508905
"""CNR6243226""","""CID5619254""",0,0,0.08766100719097822
"""CNR2805464""","""CID8036632""",1,1,0.9488099129650027
"""CNR7535454""","""CID3003368""",0,0,0.09160844458697878
"""CNR5343414""","""CID6864597""",1,1,0.9593093245380986
"""CNR9154437""","""CID4499807""",1,1,0.8202056223243904
"""CNR2809859""","""CID7257071""",1,1,0.7049101023726527
"""CNR4594785""","""CID3276954""",0,0,0.08617088329597236
"""CNR2301238""","""CID4351049""",1,1,0.927508241948226
"""CNR2006493""","""CID4453589""",1,1,0.9263893047655323
"""CNR8744626""","""CID8688021""",1,1,0.9749059296869292
"""CNR8468100""","""CID6713430""",0,0,0.15056734775196662
"""CNR6640311""","""CID1869551""",1,1,0.983318003482269
"""CNR6688780""","""CID2948108""",1,1,0.7408770360121338
"""CNR4030522""","""CID4036106""",1,1,0.7201278589641207
"""CNR8031164""","""CID7260221""",1,1,0.9776677037034528
"""CNR8350098""","""CID2646634""",0,0,0.07085991903741305
"""CNR6549352""","""CID1230795""",1,1,0.96470736624604
"""CNR5209681""","""CID9557020""",1,1,0.6317781095036047
"""CNR6887206""","""CID9542687""",0,0,0.06765439375800097
"""CNR1643079""","""CID1853790""",0,0,0.08872914259078488
"""CNR9180237""","""CID2355320""",0,0,0.22753671316874782
"""CNR3545354""","""CID2687606""",1,1,0.5608153005232399
"""CNR8698455""","""CID4099816""",0,0,0.08612908732286524
"""CNR5547483""","""CID8512362""",1,1,0.9667785981029724
"""CNR8158130""","""CID7454292""",0,0,0.06609142355154936
"""CNR3820486""","""CID6983921""",0,0,0.07288544958879686
"""CNR8003236""","""CID2661907""",1,1,0.9222464025442004
"""CNR6950234""","""CID6140620""",1,1,0.6884700563774295
"""CNR9745059""","""CID9250863""",1,1,0.6913532294284136
"""CNR5014732""","""CID1793048""",1,1,0.7759427815635774
"""CNR9945373""","""CID3110385""",1,1,0.9466493572731743
"""CNR3302658""","""CID4080279""",0,0,0.10729434250538766
"""CNR2935184""","""CID9713990""",0,0,0.11292201600685974
"""CNR4168914""","""CID7676308""",0,1,0.714399207788004
"""CNR3456596""","""CID9994321""",1,1,0.9803486491956236
"""CNR3450127""","""CID6914497""",1,1,0.9854887204141183
"""CNR2012942""","""CID4314256""",1,1,0.6445439168988005
"""CNR3966448""","""CID4889324""",1,1,0.9652603628381594
"""CNR1880617""","""CID4759456""",1,1,0.9864075652446674
"""CNR8584951""","""CID2820460""",0,0,0.08396597680567573
"""CNR8853064""","""CID4289789""",0,0,0.10331594481715815
"""CNR2399976""","""CID1857574""",0,0,0.0792546127336148
"""CNR2682630""","""CID9439477""",1,1,0.972515356571967
"""CNR5442020""","""CID8591059""",1,1,0.7328463008609577
"""CNR5776642""","""CID3018745""",1,1,0.7532081024051347
"""CNR6599164""","""CID1190330""",1,1,0.784987294090154
"""CNR5481071""","""CID3829851""",1,1,0.9893284045282407
"""CNR5697637""","""CID2304810""",1,1,0.9846548470432739
"""CNR9861065""","""CID6199819""",0,0,0.08374923683102012
"""CNR1822198""","""CID2599052""",1,1,0.9428654152808154
"""CNR4996352""","""CID7747112""",1,1,0.6855304939724249
"""CNR7096880""","""CID3181391""",0,0,0.08676495694728163
"""CNR1589155""","""CID7583178""",1,1,0.9552671832531674
"""CNR2154475""","""CID3359824""",1,1,0.9863712276333381
"""CNR5414607""","""CID4313839""",1,1,0.8355342121323831
"""CNR9035035""","""CID8391744""",1,1,0.9275399662497883
"""CNR3444988""","""CID4778038""",0,0,0.1427489243889843
"""CNR1171833""","""CID4179786""",0,1,0.5843346261577889
"""CNR7004902""","""CID9531609""",0,0,0.11899043749661656
"""CNR4403887""","""CID1196522""",1,1,0.9813732899736377
"""CNR2427479""","""CID6987875""",1,1,0.72635953702174
"""CNR9104226""","""CID9586913""",0,0,0.07815687781440696
"""CNR9204712""","""CID8766156""",1,1,0.6780557175048044
"""CNR1754686""","""CID6720053""",1,1,0.987696983490331
"""CNR1471964""","""CID1301992""",1,1,0.9854950014521016
"""CNR8683991""","""CID9668868""",1,1,0.6514014131964286
"""CNR8133978""","""CID2480104""",1,1,0.5290547559413227
"""CNR7546208""","""CID7227315""",1,1,0.9226495629798017
"""CNR1187199""","""CID5669746""",1,1,0.9925222373367374
"""CNR9664847""","""CID8487343""",0,1,0.6512551192515464
"""CNR3439805""","""CID7004079""",1,1,0.9789030519565728
"""CNR2029197""","""CID2853476""",0,0,0.07581501217500344
"""CNR5293955""","""CID8197406""",1,1,0.9804396220551037
"""CNR9428403""","""CID2380729""",1,1,0.7072357766421914
"""CNR2288194""","""CID8528806""",1,1,0.9669215509110427
"""CNR4326228""","""CID1582976""",1,1,0.7011736602014985
"""CNR6275175""","""CID3111774""",1,1,0.9252565235348205
"""CNR4220426""","""CID1382270""",1,1,0.9024472739270919
"""CNR2711185""","""CID8153430""",1,1,0.933099720522174
"""CNR2933261""","""CID7505814""",1,1,0.6566204068868335
"""CNR1823263""","""CID3702549""",1,1,0.9334158932422578
"""CNR1444752""","""CID9125458""",1,1,0.604025038998219
"""CNR6211803""","""CID5697533""",1,1,0.962432671888722
"""CNR4252133""","""CID8449656""",1,1,0.7196352710818342
"""CNR4703042""","""CID7366492""",0,0,0.08390885659849669
"""CNR4933384""","""CID9111189""",1,1,0.9416346511620552
"""CNR1933578""","""CID6069688""",1,1,0.9947318940981237
"""CNR6392462""","""CID5293455""",1,1,0.9225094474943474
"""CNR4119505""","""CID1694181""",0,1,0.6332870568734296
"""CNR5378051""","""CID7154790""",1,1,0.9204375374441105
"""CNR3710731""","""CID3527424""",1,1,0.7323426354547222
"""CNR7169385""","""CID2950656""",1,1,0.7137603873444547
"""CNR7863652""","""CID6445660""",1,1,0.9364216310612564
"""CNR9345276""","""CID8546697""",0,0,0.08492077501744627
"""CNR1793416""","""CID7482817""",0,1,0.6505683634239241
"""CNR7176183""","""CID6283315""",1,1,0.6899800797576484
"""CNR7170766""","""CID1367344""",0,0,0.08644742262608307
"""CNR6964307""","""CID5222256""",1,1,0.9757273986012073
"""CNR8775508""","""CID3465429""",1,1,0.9915973681342801
"""CNR3677449""","""CID9575990""",1,1,0.7329870033429084
"""CNR7459462""","""CID5587621""",1,1,0.9434892903043262
"""CNR1002610""","""CID6989413""",0,0,0.11400965164354013
"""CNR3624194""","""CID9283750""",1,1,0.7160407458349314
"""CNR9592012""","""CID1478572""",1,1,0.7204800021036708
"""CNR1071237""","""CID4814840""",1,1,0.7265394097367021
"""CNR9705415""","""CID8305853""",1,1,0.5681658390384962
"""CNR7144957""","""CID9815701""",1,1,0.8684120840152059
"""CNR2937840""","""CID3700529""",1,1,0.7886320707453414
"""CNR5467271""","""CID6069093""",1,1,0.9466598604750583
"""CNR8574899""","""CID7946438""",0,0,0.1631264202062432
"""CNR7985221""","""CID7362317""",0,0,0.06534905929489448
"""CNR8078183""","""CID5592188""",1,1,0.760854081172529
"""CNR1098516""","""CID5582947""",1,1,0.9855109986848399
"""CNR4006086""","""CID8768104""",1,1,0.9546739444211285
"""CNR2849907""","""CID3957344""",1,1,0.7007590543195317
"""CNR2481649""","""CID7337977""",1,1,0.9752485925879741
"""CNR3396529""","""CID6423346""",1,1,0.9372565404912475
"""CNR2118319""","""CID8402860""",1,1,0.5773427874104743
"""CNR7914371""","""CID8689924""",0,0,0.09508194307879743
"""CNR1347185""","""CID8435785""",1,1,0.9816299677666834
"""CNR6297864""","""CID5047579""",0,0,0.10350493618531253
"""CNR5167884""","""CID9328322""",0,0,0.08665100904319425
"""CNR8496482""","""CID4696292""",1,1,0.9810957770714649
"""CNR3877478""","""CID4616563""",1,1,0.7794319725656979
"""CNR1286883""","""CID7499313""",1,1,0.7161902427278416
"""CNR2231664""","""CID4732530""",1,1,0.7500445531601154
"""CNR5189707""","""CID4399448""",0,0,0.24370547550472377
"""CNR4415829""","""CID1527885""",0,0,0.10255084264126914
"""CNR7357559""","""CID1809555""",1,1,0.9810911116243712
"""CNR3069076""","""CID3077201""",0,0,0.20479199905122328
"""CNR3564805""","""CID1045999""",1,1,0.5748464957275625
"""CNR8398609""","""CID2822172""",0,1,0.7607550484060568
"""CNR2664172""","""CID7093563""",1,1,0.9650443959272677
"""CNR9570858""","""CID4496900""",1,1,0.9237933941150444
"""CNR2990847""","""CID4664812""",0,0,0.18060178938576257
"""CNR4631778""","""CID2335916""",1,1,0.9720570267117813
"""CNR2967958""","""CID8185418""",1,1,0.925595802617297
"""CNR7922251""","""CID2409464""",1,1,0.8610159398025807
"""CNR9598751""","""CID1879429""",1,1,0.9606442822538207
"""CNR2893873""","""CID2743637""",1,1,0.9335353693836214
"""CNR8548745""","""CID9699912""",0,0,0.07610140304924629
"""CNR1227683""","""CID1049774""",0,0,0.1722785423419828
"""CNR7386681""","""CID3436335""",1,1,0.9598807797123767
"""CNR5702707""","""CID7895556""",1,1,0.5790946273019052
"""CNR8847684""","""CID6178469""",1,1,0.7382847087056924
"""CNR3427848""","""CID5161407""",0,0,0.17474610563169887
"""CNR6722380""","""CID7715320""",0,0,0.07456731743968852
"""CNR2303498""","""CID7980599""",0,0,0.08966580616517633
"""CNR9245188""","""CID3997017""",1,1,0.9645912880796604
"""CNR9441694""","""CID7586469""",0,0,0.08468604074992041
"""CNR8255254""","""CID7378170""",1,1,0.9263633818419873
"""CNR5222885""","""CID6141056""",1,1,0.7641653121202097
"""CNR9450269""","""CID9488281""",0,0,0.11244308968483696
"""CNR1498532""","""CID6681884""",1,1,0.5867588285436395
"""CNR1358804""","""CID5070229""",0,0,0.19808763955584113
"""CNR5953402""","""CID2797077""",0,0,0.05467040684861302
"""CNR6466219""","""CID2077062""",0,0,0.06208126176320246
"""CNR2348377""","""CID3649613""",0,0,0.08701401249965275
"""CNR5262400""","""CID7962057""",1,1,0.9225996190884221
"""CNR8053599""","""CID8806175""",1,1,0.6568410337558718
"""CNR2611638""","""CID5955895""",1,1,0.9876338868430349
"""CNR8726011""","""CID4975047""",1,1,0.5668800199998199
"""CNR1322590""","""CID7638125""",1,1,0.9836667076156845
"""CNR6799667""","""CID8229528""",1,1,0.5677127073551275
"""CNR2033772""","""CID9201018""",1,1,0.9677052683948093
"""CNR9310936""","""CID1507703""",1,1,0.5895098693054026
"""CNR7287839""","""CID2015234""",1,1,0.972178031566181
"""CNR1411718""","""CID1109125""",0,1,0.7457775824486575
"""CNR7628821""","""CID7467930""",1,1,0.9816809182908293
"""CNR9636254""","""CID1164917""",0,0,0.0734922563851536
"""CNR8492722""","""CID7106132""",1,1,0.7739500353396475
"""CNR8349653""","""CID7351842""",1,0,0.38531701218385767
"""CNR5954501""","""CID6509743""",1,1,0.9470073503107055
"""CNR1902162""","""CID8665201""",1,1,0.6929419705045392
"""CNR5250315""","""CID5138041""",1,1,0.7299726642007983
"""CNR7002761""","""CID8040848""",1,1,0.7594521557384111
"""CNR9956980""","""CID6074409""",1,1,0.727153341927869
"""CNR9221481""","""CID3109063""",1,1,0.9323793452366864
"""CNR9892589""","""CID9654167""",0,0,0.13969042322508918
"""CNR4371585""","""CID4152184""",1,0,0.20154103230442383
"""CNR6062366""","""CID1895131""",1,1,0.9322353162689399
"""CNR1848737""","""CID3179258""",1,1,0.9834583249120328
"""CNR7714198""","""CID3411187""",1,1,0.9243915431976221
"""CNR1409897""","""CID3451016""",0,0,0.07124272735789289
"""CNR4946491""","""CID3798428""",1,1,0.9242620099479347
"""CNR3720800""","""CID4087499""",1,1,0.5901746980297735
"""CNR5828391""","""CID3510193""",1,1,0.9760678709848594
"""CNR7817401""","""CID9784895""",1,1,0.9459428125776681
"""CNR4864755""","""CID5007526""",1,1,0.6980359816689878
"""CNR5151583""","""CID5424352""",1,1,0.9247888523777393
"""CNR6229369""","""CID4352350""",0,0,0.10805134235380938
"""CNR4053681""","""CID9842394""",1,1,0.5826916543546784
"""CNR4728509""","""CID1561573""",1,1,0.5641265065804307
"""CNR7763072""","""CID2356084""",1,1,0.5689214834059999
"""CNR3240376""","""CID3927692""",1,1,0.7379656478846541
"""CNR9254069""","""CID3212155""",1,1,0.9286867971214785
"""CNR9632380""","""CID5749766""",1,1,0.9316827562519165
"""CNR8873230""","""CID7041848""",0,0,0.08772860843883504
"""CNR5067581""","""CID7359549""",0,0,0.08869605281264895
"""CNR5542166""","""CID3857106""",0,0,0.09038737964782087
"""CNR4976213""","""CID8490499""",0,0,0.188386199807486
"""CNR1232036""","""CID9980833""",0,0,0.09380567743996551
"""CNR5109087""","""CID1667828""",1,1,0.6892098154965555
"""CNR7157051""","""CID1533034""",1,1,0.9476553896308968
"""CNR1612354""","""CID6753327""",0,0,0.07511630039042282
"""CNR5652293""","""CID4730539""",0,1,0.5809494695901793
"""CNR6640080""","""CID9989814""",1,1,0.9438800993451374
"""CNR3695046""","""CID1934320""",0,1,0.7700245030505789
"""CNR8065547""","""CID9234249""",1,1,0.9461194428160323
"""CNR1389157""","""CID7675060""",1,1,0.7248388720190726
"""CNR2195194""","""CID7541746""",1,1,0.9282966089375566
"""CNR3618787""","""CID7776677""",1,1,0.5698359872648253
"""CNR7532565""","""CID3970002""",0,0,0.08935668956537718
"""CNR8073264""","""CID8901897""",1,1,0.7172176505504866
"""CNR4304483""","""CID5778978""",1,1,0.9623940144503433
"""CNR2126298""","""CID8697056""",0,0,0.08666165164956031
"""CNR5253078""","""CID3485153""",1,1,0.8014448654126822
"""CNR8318049""","""CID4527703""",1,1,0.7059727040527103
"""CNR1164511""","""CID7289267""",1,1,0.983693800825143
"""CNR9593643""","""CID8794471""",0,1,0.7067575875605829
"""CNR6139998""","""CID6097518""",0,0,0.12741583424190475
"""CNR5733929""","""CID6931199""",1,1,0.9708401610791367
"""CNR4779137""","""CID1774401""",0,0,0.08178334730249671
"""CNR8218996""","""CID7566662""",1,1,0.9789931554603704
"""CNR3639022""","""CID2827168""",0,0,0.08191988902983631
"""CNR2650519""","""CID8184361""",1,1,0.9295811551457136
"""CNR3647694""","""CID4248500""",1,1,0.9708583070172796
"""CNR6247917""","""CID5292960""",1,1,0.6006397626366581
"""CNR9739282""","""CID1124477""",0,1,0.597565723627559
"""CNR3034480""","""CID6868756""",0,0,0.08098190773160109
"""CNR6291825""","""CID6885075""",0,0,0.10974937980347282
"""CNR8593845""","""CID6651728""",0,0,0.08413246252559707
"""CNR6327841""","""CID7083994""",0,0,0.09308539894979793
"""CNR4890010""","""CID2191547""",1,1,0.5446864157133213
"""CNR8359679""","""CID7270014""",0,0,0.29296614959259076
"""CNR6008824""","""CID3741942""",0,1,0.7082814458698758
"""CNR3225611""","""CID6741286""",1,1,0.9829903134224607
"""CNR1060639""","""CID3131597""",1,1,0.9758494553846477
"""CNR2929077""","""CID6588722""",1,1,0.9864844778827986
"""CNR6837784""","""CID5184675""",0,1,0.5681579199876005
"""CNR8019267""","""CID5010767""",1,1,0.9376773205526588
"""CNR1419915""","""CID2102892""",1,1,0.9823212657438262
"""CNR9866787""","""CID5266782""",1,1,0.5725481265418845
"""CNR3533063""","""CID1175105""",1,1,0.9725549136705828
"""CNR4199433""","""CID6393271""",0,0,0.07330695724306051
"""CNR1243828""","""CID6054423""",1,1,0.970093935473687
"""CNR3166253""","""CID5783765""",1,1,0.6361015435828811
"""CNR4195160""","""CID6553732""",1,0,0.17538658104913415
"""CNR6894789""","""CID3232525""",1,1,0.9599337010735771
"""CNR8686035""","""CID5167776""",1,1,0.9247340385218377
"""CNR6158132""","""CID2705934""",1,1,0.9800053854169657
"""CNR5298215""","""CID9643053""",1,1,0.5930365483537036
"""CNR9572484""","""CID4158568""",0,0,0.08087581537852424
"""CNR9401195""","""CID7531747""",1,1,0.9333246856284173
"""CNR4176335""","""CID4223495""",1,1,0.9290643555306821
"""CNR4031194""","""CID1654291""",1,1,0.9641706519774218
"""CNR6217847""","""CID5063333""",0,0,0.0736321096834007
"""CNR3688381""","""CID7565396""",0,0,0.0760950057359204
"""CNR4997100""","""CID7726422""",0,0,0.07037082498745183
"""CNR5162335""","""CID3415941""",1,1,0.92123340965552
"""CNR9174569""","""CID5153846""",1,1,0.9490435464886038
"""CNR7109389""","""CID5584821""",0,0,0.14191982833752467
"""CNR7262487""","""CID7399474""",1,1,0.8356861955502884
"""CNR5490439""","""CID9268353""",0,0,0.11935863467321599
"""CNR1855132""","""CID8250600""",1,1,0.9541363982852359
"""CNR4142793""","""CID9671957""",0,0,0.10508717240060142
"""CNR5990223""","""CID4388667""",1,1,0.9333655181724784
"""CNR5070529""","""CID4900215""",0,1,0.559845538704879
"""CNR9489186""","""CID7353270""",0,0,0.08771413451242972
"""CNR5019274""","""CID3197117""",1,1,0.535403948638722
"""CNR5340275""","""CID9221073""",1,1,0.9841316381070868
"""CNR9352867""","""CID7318991""",1,1,0.9486686393524554
"""CNR6161028""","""CID5655947""",0,0,0.08578534729673358
"""CNR2920169""","""CID7991361""",1,1,0.5811526346664622
"""CNR8375633""","""CID2649743""",1,1,0.9788551906169534
"""CNR4748070""","""CID6316829""",1,1,0.6942581448691598
"""CNR4226691""","""CID5799133""",1,1,0.739384071646038
"""CNR4245563""","""CID8153629""",0,1,0.5462434030870326
"""CNR7832048""","""CID8966713""",1,1,0.9414646665446517
"""CNR7609238""","""CID1942619""",1,1,0.9583420318788725
"""CNR9176772""","""CID9328577""",1,1,0.6994885620154936
"""CNR2349921""","""CID5530894""",0,0,0.06841326618775452
"""CNR6773428""","""CID1223943""",1,1,0.5554134541923089
"""CNR7942561""","""CID1726403""",0,0,0.1562853608726806
"""CNR4635927""","""CID7012211""",0,0,0.07138531798684272
"""CNR3575119""","""CID9855093""",1,1,0.7816613256952607
"""CNR9872451""","""CID8623803""",1,1,0.948802026848767
"""CNR2906153""","""CID8273055""",0,0,0.166174539805283
"""CNR4568089""","""CID8928031""",0,1,0.5820205577898506
"""CNR4796868""","""CID7258697""",1,1,0.9791013300262017
"""CNR6093268""","""CID2272433""",0,1,0.7155011456684807
"""CNR1061127""","""CID8879109""",1,1,0.8920995945016923
"""CNR8270300""","""CID2964332""",1,1,0.9376172229265564
"""CNR5248536""","""CID7619272""",1,1,0.7991290370902462
"""CNR9853651""","""CID6337621""",1,1,0.9751450096372738
"""CNR5348983""","""CID7839668""",0,0,0.16031456533165608
"""CNR4524233""","""CID1417353""",1,1,0.7006662395116415
"""CNR2273520""","""CID7967601""",1,1,0.9690559688576666
"""CNR4533953""","""CID6515536""",0,0,0.09273363092517835
"""CNR2404786""","""CID2171231""",0,1,0.5604599066924787
"""CNR2332305""","""CID8132541""",0,0,0.10658765434536888
"""CNR6430105""","""CID9018709""",0,0,0.16443576280755132
"""CNR5366095""","""CID7763181""",1,1,0.9675148054511239
"""CNR4605926""","""CID6593358""",0,1,0.5386171740239708
"""CNR8575864""","""CID9455430""",1,1,0.9287795783864901
"""CNR3199012""","""CID7622336""",1,1,0.9264678248540963
"""CNR5768167""","""CID9186420""",1,1,0.6952641783185896
"""CNR1110863""","""CID3157388""",1,1,0.9286084023045017
"""CNR9543990""","""CID2469665""",1,1,0.7188708191217462
"""CNR9979245""","""CID4036740""",0,1,0.7353373359556452
"""CNR4591864""","""CID1633748""",1,1,0.9875285199033065
"""CNR9944328""","""CID5768168""",1,1,0.6902443590131345
"""CNR5792684""","""CID2225600""",1,1,0.9361689469492207
"""CNR9932057""","""CID7619154""",0,0,0.19391083396136768
"""CNR2399014""","""CID3948885""",1,1,0.6221178609596868
"""CNR7335550""","""CID5635341""",1,1,0.7302408987499962
"""CNR8287549""","""CID9408002""",0,0,0.08818725559308019
"""CNR8017611""","""CID9100824""",0,0,0.06371244815395362
"""CNR6718453""","""CID8149505""",0,0,0.11157904515608277
"""CNR2509552""","""CID2217157""",0,0,0.07462572537252748
"""CNR4827998""","""CID5732455""",0,0,0.08628149684675947
"""CNR5503811""","""CID2287786""",0,0,0.1425754234712564
"""CNR3434476""","""CID7604799""",1,1,0.6214354581869684
"""CNR7234884""","""CID2344101""",0,0,0.08755065150889317
"""CNR4091493""","""CID1723625""",1,1,0.981738534067332
"""CNR8329932""","""CID9204584""",1,1,0.9550415135137001
"""CNR7775092""","""CID4960767""",1,1,0.8855343868936416
"""CNR3962614""","""CID1301395""",0,0,0.17877612536019072
"""CNR3400563""","""CID9028664""",1,1,0.6819721387255832
"""CNR8173200""","""CID3216907""",1,1,0.9413616697335372
"""CNR9489940""","""CID3125524""",0,0,0.0806115756718512
"""CNR2226667""","""CID2005353""",0,1,0.6943921557248659
"""CNR8357723""","""CID3402322""",1,1,0.9215564340636231
"""CNR6933184""","""CID1420176""",1,1,0.6959898355006054
"""CNR9733069""","""CID1378085""",1,1,0.929450257104531
"""CNR2068518""","""CID7741272""",0,0,0.06705317215918799
"""CNR4683618""","""CID3821505""",1,1,0.9296801812963257
"""CNR5564480""","""CID4759534""",1,1,0.988322045173161
"""CNR9031946""","""CID1201308""",1,1,0.9847156684565171
"""CNR6121217""","""CID8777658""",0,0,0.09911573091852886
"""CNR3053179""","""CID3191073""",1,1,0.9249002789209038
"""CNR9858108""","""CID1138796""",1,1,0.9821028282670693
"""CNR4446572""","""CID9215101""",1,1,0.9379067288971207
"""CNR2841964""","""CID5694849""",0,0,0.0818774786443399
"""CNR1957961""","""CID8204366""",1,1,0.574977229960549
"""CNR3447662""","""CID8427752""",1,1,0.7145306569314949
"""CNR5420388""","""CID6939969""",0,0,0.08252945156594511
"""CNR5390102""","""CID3466307""",1,1,0.9902555761467551
"""CNR9494052""","""CID2426430""",0,0,0.1443178692359821
"""CNR2044476""","""CID8237941""",1,1,0.7604589053896187
"""CNR3264850""","""CID4579384""",1,1,0.9940628085488142
"""CNR8925679""","""CID3104346""",0,0,0.08042906056821178
"""CNR1111699""","""CID8544954""",0,0,0.08321015649087979
"""CNR5594960""","""CID9058735""",1,1,0.5831471924188378
"""CNR8931653""","""CID5329076""",1,1,0.9856627285089878
"""CNR1554949""","""CID6519218""",1,1,0.5696258886999408
"""CNR5226297""","""CID1354562""",1,1,0.9557181278149458
"""CNR5590161""","""CID9802501""",1,1,0.7766202127347319
"""CNR9710752""","""CID1214676""",1,1,0.701382914303092
"""CNR9093781""","""CID6145233""",1,1,0.9582695888455224
"""CNR5054470""","""CID1875574""",0,0,0.08616057122357719
"""CNR1515571""","""CID8884228""",1,1,0.9288464479155819
"""CNR1873437""","""CID2933490""",1,1,0.558095713611573
"""CNR3491118""","""CID6750383""",0,0,0.07401731434632428
"""CNR3240563""","""CID4344758""",1,1,0.7815929179888195
"""CNR3371779""","""CID8069455""",1,1,0.5749303397404493
"""CNR2216790""","""CID9346521""",0,0,0.12687345572169242
"""CNR3393336""","""CID5914198""",0,0,0.07216073986709261
"""CNR6245077""","""CID3409699""",1,1,0.9278321271905992
"""CNR1680784""","""CID1559985""",0,0,0.1903036686131618
"""CNR4214809""","""CID2154900""",0,0,0.17919190687389755
"""CNR9084861""","""CID3025017""",1,1,0.9744945738644298
"""CNR8923512""","""CID9609569""",1,1,0.9313748182413101
"""CNR7713639""","""CID7528876""",0,0,0.08035724858329214
"""CNR5973958""","""CID1619765""",1,1,0.9834415798993026
"""CNR6106360""","""CID4677552""",1,1,0.8236250064755055
"""CNR4618445""","""CID2871892""",1,1,0.9549884044575182
"""CNR8717021""","""CID6717400""",1,1,0.9837840398486039
"""CNR4892221""","""CID6501124""",0,0,0.06772033237563965
"""CNR8124292""","""CID2830229""",1,1,0.9047715682323288
"""CNR2410400""","""CID3950575""",1,1,0.7751100277243995
"""CNR8261474""","""CID7237221""",0,0,0.07025969549820257
"""CNR1100448""","""CID3651841""",1,1,0.7204870391389706
"""CNR2788318""","""CID5428472""",0,0,0.13351405275722064
"""CNR3644030""","""CID8240368""",0,0,0.14683377864219338
"""CNR5490728""","""CID6560950""",0,1,0.5901714304711899
"""CNR9814715""","""CID4062497""",0,0,0.08332200017946413
"""CNR1397319""","""CID8961916""",1,1,0.6634764524873198
"""CNR1999171""","""CID6365292""",1,1,0.9673902516161881
"""CNR9949492""","""CID6651769""",1,1,0.985851613144142
"""CNR2401394""","""CID2010881""",0,0,0.20171469566860817
"""CNR6428845""","""CID2661282""",1,1,0.9882774654662859
"""CNR3608082""","""CID4928731""",0,0,0.09463197807088218
"""CNR1272688""","""CID1839818""",0,0,0.09782763768374345
"""CNR6099843""","""CID8477987""",1,1,0.6778494015276141
"""CNR2468107""","""CID6340317""",0,0,0.06537586157494057
"""CNR5491356""","""CID2427961""",0,0,0.09354806798760516
"""CNR8327962""","""CID4194872""",0,0,0.08405615199395462
"""CNR9468843""","""CID1732990""",1,1,0.7577647926291421
"""CNR9640553""","""CID1065614""",1,1,0.9633492697399165
"""CNR5324459""","""CID6325982""",1,1,0.9554719244642481
"""CNR7435277""","""CID7347176""",0,0,0.13913807793577715
"""CNR3419990""","""CID5507510""",1,1,0.6937474091094857
"""CNR3935949""","""CID2483836""",0,0,0.07705457793671301
"""CNR1559876""","""CID2213664""",0,0,0.059903272274186334
"""CNR4417558""","""CID4739988""",1,1,0.9337086788900312
"""CNR6153881""","""CID1788822""",0,0,0.1265677203467231
"""CNR7798364""","""CID7950174""",0,0,0.08176001597263931
"""CNR2184605""","""CID9145027""",0,1,0.7394131383494102
"""CNR8951553""","""CID8267633""",1,1,0.8061586766210975
"""CNR2353479""","""CID2901383""",0,0,0.1253351753544088
"""CNR6171247""","""CID6571125""",1,1,0.989939482504394
"""CNR5581226""","""CID2464597""",1,1,0.7077608560105082
"""CNR3962211""","""CID7134861""",1,1,0.5932706060127201
"""CNR9546183""","""CID7051195""",0,0,0.17586523233373327
"""CNR3768564""","""CID5575567""",0,0,0.08381599412632014
"""CNR7645162""","""CID5847019""",1,1,0.7329468568022895
"""CNR3781171""","""CID1446948""",0,0,0.07682023418512965
"""CNR3825291""","""CID5080416""",1,1,0.7227292858002703
"""CNR1848600""","""CID2682885""",1,1,0.961363859995279
"""CNR4139971""","""CID4267948""",0,1,0.692224755104894
"""CNR1190233""","""CID1113212""",1,1,0.9386814445037942
"""CNR6686324""","""CID5468982""",0,0,0.11486199405745388
"""CNR1321995""","""CID7768230""",1,1,0.7882455899550416
"""CNR2194982""","""CID5736637""",1,1,0.6771363473246782
"""CNR3064573""","""CID2883691""",1,1,0.7378171336620873
"""CNR2223519""","""CID1874572""",0,0,0.253093529710962
"""CNR7334225""","""CID4417246""",1,1,0.7052245744185675
"""CNR1139849""","""CID1220110""",1,1,0.5669590712068139
"""CNR6427744""","""CID5876684""",1,1,0.5979702093480176
"""CNR2112535""","""CID8639329""",1,1,0.9529552058890206
"""CNR8633968""","""CID7339806""",0,0,0.13696798845134428
"""CNR3508593""","""CID8964544""",0,0,0.06510153841166605
"""CNR6503381""","""CID8847814""",1,1,0.7453332160987638
"""CNR3080334""","""CID4671933""",1,1,0.9821153766464157
"""CNR2354865""","""CID3604163""",0,0,0.07943148072961659
"""CNR9499580""","""CID7250565""",1,1,0.5751119759871629
"""CNR9933626""","""CID3103484""",1,1,0.5610652710503865
"""CNR2408251""","""CID7486061""",1,1,0.9856690033028227
"""CNR5000688""","""CID1470554""",1,1,0.955926913392181
"""CNR6141895""","""CID6619613""",1,1,0.8289565743729981
"""CNR3693430""","""CID2388064""",1,1,0.9498919873465178
"""CNR2548787""","""CID7486167""",1,1,0.9884333709385363
"""CNR8856613""","""CID2248249""",0,1,0.5857810392564632
"""CNR4578411""","""CID9420982""",0,0,0.08618559239459814
"""CNR2210320""","""CID2469366""",1,1,0.5792535528839853
"""CNR9139003""","""CID6658665""",1,1,0.5651710655987369
"""CNR5672301""","""CID3848998""",0,0,0.08796486572940342
"""CNR1718805""","""CID5044251""",0,0,0.07647334509438576
"""CNR1140172""","""CID2684835""",1,0,0.3859129830732267
"""CNR3308078""","""CID6012240""",0,1,0.6066671218368437
"""CNR5204953""","""CID1297404""",1,1,0.9294665864346162
"""CNR7139801""","""CID7626300""",1,1,0.9423763779637208
"""CNR8935062""","""CID8118041""",1,1,0.6835741574919385
"""CNR9674900""","""CID4697715""",1,1,0.9517442634963266
"""CNR2494641""","""CID5434319""",1,1,0.7282620959830727
"""CNR7201933""","""CID5074723""",1,1,0.5880193654046634
"""CNR2195955""","""CID5871868""",1,1,0.9775702385171304
"""CNR6715870""","""CID9343273""",1,1,0.9436760654914373
"""CNR1474775""","""CID3367909""",0,0,0.09217957799757714
"""CNR7312339""","""CID8317915""",1,1,0.638680837848823
"""CNR3815507""","""CID6644284""",1,1,0.9261509499289992
"""CNR4274369""","""CID3752631""",0,0,0.1101087424501163
"""CNR1183512""","""CID4691803""",0,0,0.07491796201080164
"""CNR8954746""","""CID8002315""",0,1,0.7939881270803171
"""CNR2658185""","""CID2668867""",0,0,0.07790689077251778
"""CNR2169509""","""CID9190249""",1,1,0.9887965970092879
"""CNR5847655""","""CID2444252""",1,1,0.97664907920747
"""CNR4284859""","""CID5252270""",1,1,0.5932122874294001
"""CNR9530009""","""CID8265793""",1,1,0.7192924847051717
"""CNR6554847""","""CID2341037""",1,1,0.9928714967595471
"""CNR6320518""","""CID2076205""",0,0,0.08612274595224143
"""CNR3024336""","""CID2210626""",0,0,0.09406353433658253
"""CNR9996253""","""CID3057749""",1,1,0.6944918099003901
"""CNR7673844""","""CID6481522""",1,1,0.9374903162602525
"""CNR7971690""","""CID1084450""",1,1,0.9318227298684651
"""CNR8793632""","""CID8363120""",1,1,0.583757160216765
"""CNR2520562""","""CID1165858""",0,0,0.07616247385650231
"""CNR3232786""","""CID8008356""",1,1,0.8027718291922148
"""CNR4787727""","""CID2680566""",0,0,0.0881584834278271
"""CNR1566276""","""CID9917641""",0,0,0.05547337292332431
"""CNR5756972""","""CID3730060""",1,1,0.6122473385505824
"""CNR9016508""","""CID1766628""",1,1,0.6605666513461399
"""CNR2260250""","""CID7550509""",0,0,0.07712612712825527
"""CNR1014211""","""CID7663167""",1,1,0.7013342232035377
"""CNR4963761""","""CID3083252""",1,1,0.6239414810409284
"""CNR1946114""","""CID8335888""",0,0,0.1459284459627308
"""CNR1266697""","""CID7485864""",1,1,0.6812379533186468
"""CNR9824109""","""CID7375445""",1,1,0.6695062003915413
"""CNR7008186""","""CID2288942""",0,0,0.07819823717091892
"""CNR6002546""","""CID2490143""",1,1,0.9278164292167668
"""CNR1223755""","""CID2651489""",0,0,0.08945876308118124
"""CNR5867462""","""CID7516087""",1,1,0.9875809885570074
"""CNR5287110""","""CID6833653""",0,1,0.6451037167265972
"""CNR7663512""","""CID2293401""",0,0,0.08580420891214274
"""CNR8965591""","""CID8679893""",1,1,0.5645400324482317
"""CNR9648720""","""CID2522576""",1,1,0.6919765899214735
"""CNR3638343""","""CID6434482""",1,1,0.9354459832214246
"""CNR8914660""","""CID1326553""",0,0,0.11824689741228132
"""CNR5224863""","""CID2371808""",0,1,0.675670367409702
"""CNR3734736""","""CID1338474""",1,1,0.5448734658120636
"""CNR9544859""","""CID1265780""",0,0,0.060883551498272535
"""CNR8937666""","""CID9702167""",1,1,0.9655336968698617
"""CNR5728238""","""CID8972334""",1,1,0.9377869156197365
"""CNR8646123""","""CID7142929""",1,1,0.9679883537470715
"""CNR3085914""","""CID6518961""",1,1,0.8267172461704778
"""CNR9348724""","""CID7897691""",0,0,0.08832332862353016
"""CNR4115184""","""CID7544822""",0,0,0.1485149467299634
"""CNR3464278""","""CID9813192""",0,0,0.08084434618347346
"""CNR7734241""","""CID1800679""",1,1,0.5780894119540357
"""CNR9202492""","""CID5597553""",0,0,0.0878036846686164
"""CNR7223297""","""CID7019227""",1,1,0.9889018019241123
"""CNR9109701""","""CID9106694""",0,0,0.1220378826817678
"""CNR3648203""","""CID9684622""",1,1,0.9099044911176759
"""CNR1053023""","""CID7132182""",1,1,0.7652481870370521
"""CNR7332916""","""CID5592539""",1,1,0.6684583231884638
"""CNR5644583""","""CID7845705""",1,1,0.7022507629995387
"""CNR5465560""","""CID1873878""",0,1,0.5767073718545122
"""CNR8543485""","""CID6773968""",0,0,0.07646592727838651
"""CNR1551758""","""CID6987792""",1,1,0.9282744813534759
"""CNR4015264""","""CID9126996""",1,1,0.9351377410084097
"""CNR4266282""","""CID2235823""",1,1,0.9790018314036505
"""CNR5030953""","""CID9602967""",0,0,0.13270311038669638
"""CNR9737561""","""CID3192874""",1,1,0.718783368808625
"""CNR7645330""","""CID8872921""",1,1,0.8765870449023121
"""CNR7462141""","""CID6689498""",1,1,0.6951503515189724
"""CNR3957539""","""CID9490147""",1,1,0.9690542899490269
"""CNR1866827""","""CID7905905""",1,1,0.6779482772505628
"""CNR3847450""","""CID9930065""",1,1,0.9766487127330299
"""CNR1675423""","""CID8633373""",0,0,0.12392152265496961
"""CNR7973350""","""CID7287304""",0,1,0.7101980256621236
"""CNR1272380""","""CID8891004""",1,1,0.5915776814273206
"""CNR2515975""","""CID4220753""",1,1,0.9719477185091872
"""CNR6616335""","""CID8928677""",0,1,0.7003216497200081
"""CNR5752641""","""CID8114494""",1,1,0.9752717361309696
"""CNR7757335""","""CID2223111""",0,1,0.7353138840925323
"""CNR1392296""","""CID4765346""",0,0,0.1526579652820708
"""CNR9382315""","""CID8313260""",1,1,0.7154154142357755
"""CNR6913776""","""CID8716249""",0,0,0.07979686749131981
"""CNR3797089""","""CID9373527""",0,0,0.0871798257551331
"""CNR7977676""","""CID1779024""",1,1,0.625354306394372
"""CNR9229821""","""CID3317177""",1,1,0.7121051458871076
"""CNR4322215""","""CID8077123""",1,1,0.7878398134121137
"""CNR2510097""","""CID6449637""",1,1,0.6092258634933744
"""CNR7256261""","""CID8052524""",1,1,0.9610279669632871
"""CNR7880641""","""CID8692169""",0,0,0.11011394455218573
"""CNR6478739""","""CID9953218""",1,1,0.7424939857992418
"""CNR5132753""","""CID3853082""",1,1,0.7173959298741595
"""CNR5231068""","""CID8699199""",1,1,0.7420357692751617
"""CNR5939498""","""CID8519660""",1,1,0.9289608009055305
"""CNR8908566""","""CID8324584""",0,0,0.21582854422003947
"""CNR3857619""","""CID2849832""",0,0,0.07539766250192212
"""CNR4686805""","""CID9552765""",0,0,0.13789573758526374
"""CNR2056452""","""CID9996673""",1,1,0.9709485379016987
"""CNR3413177""","""CID3492099""",0,0,0.08684944584899987
"""CNR2697600""","""CID7596401""",1,1,0.7864216636469303
"""CNR8226307""","""CID8407649""",0,0,0.07078761291617838
"""CNR9331900""","""CID8353335""",1,1,0.9347493256801046
"""CNR9361736""","""CID1201717""",0,0,0.46556837988194266
"""CNR4795192""","""CID9394039""",1,1,0.7318590247099488
"""CNR1845114""","""CID6185674""",0,0,0.08781614001341924
"""CNR7923539""","""CID2312081""",0,0,0.08616512182901197
"""CNR5023438""","""CID5459008""",1,1,0.9619680745073032
"""CNR1503507""","""CID2131896""",0,1,0.7443599889786736
"""CNR2578261""","""CID8477355""",1,1,0.713441494069423
"""CNR9705249""","""CID9411887""",0,0,0.08872791182613127
"""CNR2194335""","""CID3284539""",0,0,0.09116482982294065
"""CNR4420368""","""CID9918892""",1,1,0.7260275188694629
"""CNR2639775""","""CID1420354""",1,1,0.8032947267918945
"""CNR6339064""","""CID6222615""",1,1,0.9520744381868977
"""CNR6600242""","""CID5431707""",0,0,0.0827327826809031
"""CNR9016079""","""CID1511542""",1,1,0.7262758485023281
"""CNR2042430""","""CID7736166""",1,1,0.5808138387181959
"""CNR8060847""","""CID4127898""",1,1,0.6846895387886069
"""CNR3676113""","""CID7807834""",1,1,0.9242735034121732
"""CNR7680254""","""CID1552542""",0,0,0.06535669937310908
"""CNR1846048""","""CID9901327""",0,0,0.07810265562381175
"""CNR8302023""","""CID4982829""",0,0,0.09645167816126214
"""CNR1552144""","""CID1956050""",1,1,0.983282553013529
"""CNR2459980""","""CID4570310""",1,1,0.9358949752759432
"""CNR1942480""","""CID8316606""",0,0,0.09077924128832192
"""CNR4166494""","""CID2123921""",1,1,0.8243941984172722
"""CNR2193826""","""CID4084387""",0,1,0.757823835660812
"""CNR2157396""","""CID9654707""",1,1,0.9857406616727931
"""CNR1463411""","""CID3737961""",1,1,0.5637425228242438
"""CNR1704323""","""CID9914864""",1,1,0.6727713881325857
"""CNR4327858""","""CID5029624""",1,1,0.9339057727056972
"""CNR2224617""","""CID1145129""",1,1,0.9869475172937827
"""CNR6936137""","""CID2278557""",1,1,0.7468034789559632
"""CNR2080803""","""CID2261774""",1,1,0.6188346696650849
"""CNR8913439""","""CID4653442""",1,1,0.9554426893043183
"""CNR3842996""","""CID4404860""",1,1,0.9630237010711262
"""CNR9472607""","""CID6160213""",0,0,0.09273456766561954
"""CNR7713802""","""CID4603318""",1,1,0.9363051813335651
"""CNR4458961""","""CID3589597""",0,0,0.09033342971469861
"""CNR8901797""","""CID7415563""",0,1,0.7716705028996006
"""CNR5494678""","""CID2121947""",0,0,0.07159667270346386
"""CNR8689775""","""CID9992049""",1,1,0.6779323476487682
"""CNR8085778""","""CID6457809""",0,0,0.0885571563483195
"""CNR6129734""","""CID5642722""",0,0,0.11458506404880531
"""CNR9767569""","""CID5567303""",1,1,0.7785157329484012
"""CNR5477405""","""CID8942188""",1,1,0.5945842598989084
"""CNR5221079""","""CID1667218""",0,0,0.08437439912007932
"""CNR3446937""","""CID1830744""",0,0,0.08957987535831755
"""CNR4824563""","""CID2908675""",1,1,0.966107887220522
"""CNR5241996""","""CID1391895""",1,1,0.9899809246940641
"""CNR6054053""","""CID8611576""",0,0,0.08546500408596402
"""CNR8920825""","""CID8417869""",0,0,0.07664524214608294
"""CNR2281778""","""CID6867844""",1,1,0.9798613283068452
"""CNR6009386""","""CID4234033""",0,0,0.08190709572276533
"""CNR9203472""","""CID4395209""",0,0,0.08512723859449714
"""CNR1336775""","""CID7907454""",0,0,0.09193324762888284
"""CNR8601217""","""CID5805151""",0,0,0.07857881670125229
"""CNR2814745""","""CID3910972""",0,0,0.061399811044198484
"""CNR5774516""","""CID5634271""",1,1,0.9499592371755993
"""CNR8112749""","""CID4680925""",1,1,0.9859104561214728
"""CNR2203495""","""CID9808193""",0,0,0.06350396139216909
"""CNR6684505""","""CID7895189""",0,0,0.07955404730737424
"""CNR9881096""","""CID3962143""",0,0,0.09117679419649065
"""CNR8483514""","""CID2557544""",0,1,0.7009813684074483
"""CNR8909463""","""CID3414394""",1,1,0.9733340020976897
"""CNR7046155""","""CID7706442""",0,0,0.13131219410074613
"""CNR5157973""","""CID2635736""",1,1,0.9216083048965493
"""CNR6349209""","""CID5294665""",0,0,0.08494193478414407
"""CNR7906989""","""CID1469003""",1,1,0.976202541824397
"""CNR6249802""","""CID7368439""",0,0,0.18415061132178187
"""CNR1966275""","""CID4899495""",0,1,0.5508594266600858
"""CNR9328595""","""CID6648055""",0,0,0.09142337865600612
"""CNR7392168""","""CID8020549""",1,1,0.7033554209344358
"""CNR1959552""","""CID7690292""",1,1,0.9248802432371357
"""CNR9037253""","""CID3595691""",1,1,0.7017697096243113
"""CNR9192808""","""CID6785055""",1,1,0.9483273916737686
"""CNR9587287""","""CID6955537""",0,0,0.0802473885659139
"""CNR6727127""","""CID5186215""",0,0,0.07899015300066559
"""CNR9306262""","""CID2228243""",1,1,0.9779209088876354
"""CNR1456123""","""CID4596723""",0,1,0.6022970463635543
"""CNR3843557""","""CID1577658""",1,1,0.9813855708498058
"""CNR8948331""","""CID5428664""",1,1,0.7273810744431878
"""CNR6280156""","""CID5336435""",1,1,0.7004987656733952
"""CNR5954418""","""CID6618357""",0,1,0.5870827214250119
"""CNR4574821""","""CID8578315""",1,1,0.5687955575344651
"""CNR7132545""","""CID6577982""",0,0,0.07688430281009959
"""CNR2202951""","""CID2384438""",1,1,0.698296859464632
"""CNR2815620""","""CID7062576""",1,1,0.9605837633630592
"""CNR9512379""","""CID8976134""",0,0,0.09245612202891934
"""CNR7151561""","""CID5143956""",1,1,0.9365830669712193
"""CNR1212724""","""CID2280589""",1,1,0.7832535039930626
"""CNR6845337""","""CID8030598""",1,1,0.6520700123597813
"""CNR3180114""","""CID7608318""",1,1,0.9783161229968719
"""CNR8929142""","""CID8431713""",1,1,0.9891936416265482
"""CNR9345831""","""CID3948497""",0,0,0.08726841057778505
"""CNR4772783""","""CID9248925""",1,1,0.9321334989345302
"""CNR4841691""","""CID8945567""",1,1,0.9844997306128662
"""CNR7944212""","""CID4916618""",0,0,0.08627033462834233
"""CNR6426049""","""CID8714296""",1,1,0.9780667072988448
"""CNR2008797""","""CID3055372""",1,1,0.9771969989371148
"""CNR2481905""","""CID6901748""",1,1,0.6464453706724996
"""CNR6540477""","""CID3907694""",0,0,0.08361925077251843
"""CNR5812996""","""CID2809999""",0,0,0.08651412669790397
"""CNR9076067""","""CID8913587""",1,1,0.9742355886462943
"""CNR4087796""","""CID8225266""",1,1,0.576697040343262
"""CNR5335557""","""CID6401192""",1,1,0.9508166985981139
"""CNR1554475""","""CID2442494""",1,1,0.5949768150425363
"""CNR6706909""","""CID4468734""",0,0,0.12921459817631592
"""CNR8285536""","""CID1049209""",0,0,0.16408112487729457
"""CNR7637257""","""CID7321752""",1,1,0.6714026628390668
"""CNR3304916""","""CID5725493""",1,1,0.9390735984578436
"""CNR9388645""","""CID3387091""",1,1,0.7807953262463436
"""CNR7171179""","""CID2719987""",1,1,0.7577551422204576
"""CNR9055169""","""CID5167926""",1,1,0.7372633094601055
"""CNR8441638""","""CID2094748""",1,1,0.9349452882113563
"""CNR7544987""","""CID7874171""",0,0,0.08505510830866628
"""CNR8071102""","""CID5748451""",0,0,0.0819126659526437
"""CNR4353906""","""CID5670661""",1,1,0.7549025138826062
"""CNR9110422""","""CID2458161""",1,1,0.6947673942552917
"""CNR3988621""","""CID1693465""",1,1,0.9339089037907028
"""CNR4389375""","""CID7645791""",0,0,0.07721687786518885
"""CNR3831352""","""CID2228577""",1,1,0.9961961895291588
"""CNR6270946""","""CID9657174""",1,1,0.9756530990755463
"""CNR6505887""","""CID7895201""",1,1,0.6221608996934622
"""CNR2004505""","""CID9793924""",1,1,0.9799002727278074
"""CNR5882168""","""CID7073434""",0,0,0.0850547733614456
"""CNR9693204""","""CID9215388""",1,1,0.6899841324556905
"""CNR2607306""","""CID1828975""",0,0,0.1169947998659472
"""CNR7478394""","""CID3804685""",1,1,0.6425859680528642
"""CNR4668710""","""CID7498818""",1,1,0.8199589513214648
"""CNR9241063""","""CID6491111""",1,1,0.5711205972356743
"""CNR1923748""","""CID9793125""",0,0,0.12273963719922548
"""CNR5012680""","""CID4206454""",1,1,0.9355848932086672
"""CNR3531322""","""CID5424785""",1,1,0.9742901229348577
"""CNR7093109""","""CID2930214""",0,0,0.2536718122706091
"""CNR3858788""","""CID6087480""",1,1,0.6591229953166554
"""CNR7652355""","""CID6506704""",1,1,0.9875039791663562
"""CNR7136122""","""CID5414660""",1,1,0.7955154313008754
"""CNR3930953""","""CID5058745""",0,0,0.07487584092530711
"""CNR3584286""","""CID3149877""",0,0,0.07710925156475555
"""CNR7751802""","""CID1800580""",1,1,0.7512176151248171
"""CNR2571125""","""CID9435081""",1,1,0.9306736908328266
"""CNR8859123""","""CID9435819""",0,0,0.08496981576273989
"""CNR5980812""","""CID6822552""",1,1,0.5616915506041222
"""CNR4545933""","""CID5275842""",0,0,0.08698128882016078
"""CNR3495011""","""CID1505471""",1,1,0.6713470210200807
"""CNR4071567""","""CID4243360""",0,0,0.0871383397817708
"""CNR9451477""","""CID7930454""",0,0,0.23451893919464334
"""CNR1880563""","""CID3349257""",1,1,0.9208113675427506
"""CNR7796933""","""CID7180564""",1,1,0.9869958866409885
"""CNR2921501""","""CID2928883""",0,0,0.15522937536979936
"""CNR1224432""","""CID8994768""",0,0,0.0750418018904334
"""CNR5960628""","""CID9814927""",1,1,0.7948485584589204
"""CNR5135363""","""CID2802932""",1,1,0.9705836830949316
"""CNR8076159""","""CID9687548""",1,1,0.7551275330405688
"""CNR5672992""","""CID7001062""",0,0,0.10333837553262103
"""CNR6755118""","""CID2243454""",0,0,0.09611281378532059
"""CNR5444354""","""CID4541187""",0,0,0.10103759997181268
"""CNR7075318""","""CID5152081""",1,1,0.7097253333152475
"""CNR1341814""","""CID1121224""",1,1,0.9766797458109588
"""CNR1659122""","""CID7145210""",1,1,0.9755900170432192
"""CNR3709291""","""CID5446401""",1,1,0.9469922752106333
"""CNR9552689""","""CID4893846""",1,1,0.9251475298173881
"""CNR8918659""","""CID4856602""",1,1,0.93096231984902
"""CNR1843275""","""CID1344861""",1,1,0.9902758584142113
"""CNR8515279""","""CID3905544""",1,1,0.6010414922510443
"""CNR7411600""","""CID4055480""",0,1,0.5804521235908014
"""CNR3596427""","""CID1282192""",1,1,0.9794630157439425
"""CNR5135144""","""CID4570297""",0,0,0.21516260864568437
"""CNR5476948""","""CID4867727""",0,1,0.7461551781576349
"""CNR4840873""","""CID3139431""",0,0,0.143648257599113
"""CNR8455792""","""CID6071678""",1,1,0.9771513092143568
"""CNR3002258""","""CID8794167""",1,1,0.6724936039993983
"""CNR1315731""","""CID1371493""",0,0,0.06029654397740553
"""CNR2969497""","""CID9086501""",1,1,0.9628057607256971
"""CNR9959128""","""CID4584915""",1,1,0.5590653939919258
"""CNR8320219""","""CID4051587""",1,1,0.9649649066874387
"""CNR3344211""","""CID7051725""",1,1,0.9804571893795299
"""CNR3986532""","""CID6286486""",1,1,0.9284091028878735
"""CNR6279618""","""CID6382584""",0,0,0.08484446854498388
"""CNR4530647""","""CID2089346""",1,1,0.9832672945500432
"""CNR9347417""","""CID5093352""",0,0,0.08408342254591089
"""CNR3666262""","""CID3105564""",1,1,0.9234029839897446
"""CNR4953282""","""CID5510906""",0,0,0.08671930921130125
"""CNR2079072""","""CID8206029""",1,1,0.5738796491116819
"""CNR9703858""","""CID5075321""",1,1,0.7336477105659822
"""CNR9437624""","""CID1967733""",1,1,0.7403034753234076
"""CNR8275921""","""CID7578765""",0,0,0.05915770401581588
"""CNR1241264""","""CID8026402""",1,1,0.9679099873874781
"""CNR4545530""","""CID2266905""",0,0,0.08165880529028574
"""CNR8094559""","""CID3722462""",1,1,0.9630592842881839
"""CNR6441764""","""CID7940303""",0,0,0.1497517932313569
"""CNR9378780""","""CID2343831""",1,1,0.9400346722489406
"""CNR7524295""","""CID4899100""",1,1,0.9617671790600849
"""CNR8257108""","""CID1146922""",1,1,0.9734061298458787
"""CNR5795518""","""CID6646421""",0,0,0.20612347938963274
"""CNR5551689""","""CID8471101""",0,0,0.08002183013491569
"""CNR1104258""","""CID9857609""",1,1,0.6964537719634966
"""CNR2479643""","""CID7939725""",1,1,0.9463575709624367
"""CNR6609308""","""CID5781934""",1,1,0.9195395388372863
"""CNR7069493""","""CID4169866""",0,0,0.0799716800822721
"""CNR3527586""","""CID8192985""",0,0,0.091986124711116
"""CNR3330516""","""CID1580606""",1,1,0.9199420994112912
"""CNR5137954""","""CID2263650""",1,1,0.9851768300823043
"""CNR1857436""","""CID7451899""",0,0,0.07973158142158243
"""CNR8122711""","""CID2434205""",1,1,0.9878893072638057
"""CNR8300140""","""CID4462046""",1,1,0.5846680097628562
"""CNR8579942""","""CID9184544""",0,0,0.15806407534886413
"""CNR4703399""","""CID6590085""",1,1,0.8676644928784295
"""CNR7912969""","""CID3455204""",1,1,0.6979636722131128
"""CNR4856961""","""CID5118191""",0,1,0.6168427134728857
"""CNR8440296""","""CID3244557""",0,0,0.09013115138525092
"""CNR6000801""","""CID1927683""",1,1,0.9857581942096583
"""CNR3819838""","""CID9221540""",1,1,0.7736736464323293
"""CNR8262412""","""CID6855762""",0,0,0.08443658543802159
"""CNR5643378""","""CID7385540""",1,1,0.5719617094497634
"""CNR6528489""","""CID3071228""",1,1,0.699254994258523
"""CNR2021566""","""CID9530799""",0,1,0.6120267875337055
"""CNR1840490""","""CID6629080""",1,1,0.9845768065363139
"""CNR1231518""","""CID6310509""",1,1,0.7401543312472219
"""CNR1855095""","""CID1462359""",1,1,0.7523150321690357
"""CNR7286921""","""CID7178298""",1,1,0.9770722126641598
"""CNR1436632""","""CID7455969""",0,0,0.08281461097281051
"""CNR1401168""","""CID2578107""",1,1,0.7042626608517625
"""CNR5275164""","""CID1661766""",1,1,0.9257707949651499
"""CNR7006040""","""CID5119024""",1,1,0.9650714682822669
"""CNR5929698""","""CID4664869""",0,0,0.14206271519293065
"""CNR9808665""","""CID8553662""",1,1,0.9399243076337539
"""CNR7701444""","""CID9763561""",1,1,0.5635112362575895
"""CNR9296632""","""CID7258088""",1,1,0.7388906568885572
"""CNR4495017""","""CID8866142""",1,1,0.6947774248020486
"""CNR4058824""","""CID1381538""",1,1,0.7208253795303147
"""CNR3505868""","""CID2133416""",0,0,0.0890793874146047
"""CNR7484012""","""CID8244904""",1,1,0.9733141875553838
"""CNR4154198""","""CID1157495""",1,1,0.6063775996345625
"""CNR4930267""","""CID4163437""",0,0,0.08471831385359199
"""CNR4037877""","""CID4235154""",0,0,0.08964907366971148
"""CNR3628594""","""CID6520937""",1,1,0.7495121139101993
"""CNR4933610""","""CID4260431""",0,0,0.06754276667369692
"""CNR1387003""","""CID2120285""",1,1,0.9466887358342068
"""CNR3974655""","""CID5560983""",1,1,0.7701881687887432
"""CNR5925918""","""CID3090765""",1,1,0.6137369614259669
"""CNR7736486""","""CID5408752""",0,0,0.07538590016116345
"""CNR7966255""","""CID4324893""",1,1,0.9287172898840728
"""CNR8959640""","""CID4667533""",1,1,0.7503957094318121
"""CNR8755441""","""CID3820011""",0,0,0.06368835094525395
"""CNR8418646""","""CID4178925""",1,1,0.7392214048266101
"""CNR6987402""","""CID2057923""",0,1,0.5978732534552949
"""CNR4123518""","""CID1919846""",1,1,0.9783120107947796
"""CNR3988762""","""CID2255811""",1,1,0.690687160648624
"""CNR9930702""","""CID4580458""",1,1,0.6456508448750912
"""CNR4921101""","""CID2504164""",1,1,0.9811341081993057
"""CNR4680395""","""CID3111529""",0,0,0.0762441874501546
"""CNR4343859""","""CID8247153""",1,1,0.6974495150289854
"""CNR3244841""","""CID5145755""",1,1,0.9695290085453129
"""CNR5228383""","""CID5649167""",0,1,0.5777452986014822
"""CNR3145026""","""CID6212412""",0,0,0.0690620833095719
"""CNR4500275""","""CID5571827""",1,1,0.9755786132685379
"""CNR7310488""","""CID9089156""",1,1,0.985050010912584
"""CNR6922153""","""CID2632620""",1,1,0.6653228110731306
"""CNR1193073""","""CID9618838""",0,0,0.06666402731473436
"""CNR8496110""","""CID2699603""",1,1,0.9296509051349899
"""CNR9194554""","""CID7594832""",0,0,0.08261642300206272
"""CNR9626235""","""CID7062292""",0,0,0.08933396946117073
"""CNR1227188""","""CID6630607""",1,1,0.9889668600183514
"""CNR8492413""","""CID1423249""",0,0,0.08588396454410975
"""CNR7600150""","""CID3547583""",0,0,0.14504265143196038
"""CNR6189750""","""CID6702871""",1,1,0.7034738346250978
"""CNR4344492""","""CID2043763""",1,1,0.9699281122736003
"""CNR3017410""","""CID4686214""",1,1,0.9790719155721557
"""CNR2310100""","""CID4766656""",0,0,0.1473469991337817
"""CNR2295333""","""CID5287290""",1,1,0.9585006286840027
"""CNR7609201""","""CID4675143""",1,1,0.6873116843985749
"""CNR5385156""","""CID7731883""",1,1,0.9791551437372509
"""CNR6942343""","""CID9865947""",1,1,0.9285484339191576
"""CNR9613006""","""CID9839764""",0,0,0.08891746833298506
"""CNR2023261""","""CID6445718""",0,0,0.11161022614065624
"""CNR7032003""","""CID2138027""",1,1,0.7170750041268195
"""CNR3339361""","""CID7531028""",1,1,0.6914605184502133
"""CNR9396272""","""CID6866369""",1,1,0.7208530032339759
"""CNR1043791""","""CID8097139""",0,0,0.2880057141241364
"""CNR6148207""","""CID4287810""",1,1,0.9811811235100378
"""CNR3111966""","""CID1247123""",0,1,0.5584509496304563
"""CNR6156567""","""CID8730708""",0,0,0.09299936774890766
"""CNR2799151""","""CID9424100""",1,1,0.6633275502674696
"""CNR9072949""","""CID2280577""",1,1,0.9893212795617873
"""CNR7665461""","""CID8006934""",0,0,0.0754680067469541
"""CNR7735743""","""CID9122414""",0,0,0.11504771682934986
"""CNR4307851""","""CID6186512""",0,0,0.08008531311610784
"""CNR9471301""","""CID5873436""",0,1,0.6512217136760751
"""CNR4569588""","""CID4633157""",1,1,0.7245715393662767
"""CNR8182470""","""CID5277774""",0,0,0.15943892549424982
"""CNR3878948""","""CID4633804""",0,0,0.072550343459409
"""CNR8640782""","""CID9755886""",0,1,0.5935064608963168
"""CNR6529849""","""CID5944483""",0,0,0.08744530204129562
"""CNR3627742""","""CID7413288""",1,1,0.984485772974736
"""CNR4028061""","""CID9283700""",0,0,0.08471547495540327
"""CNR7666973""","""CID3791395""",1,1,0.974212132803218
"""CNR3218670""","""CID5082533""",1,1,0.6100594536039188
"""CNR9597655""","""CID7879925""",1,1,0.9153850707520227
"""CNR5167324""","""CID1221177""",1,1,0.9454957826578527
"""CNR3596498""","""CID5995623""",1,1,0.9340706002251521
"""CNR3453107""","""CID3448341""",0,0,0.10856686391431791
"""CNR7305016""","""CID5923331""",1,1,0.6834374128628431
"""CNR7039516""","""CID5996426""",0,0,0.10959667477494485
"""CNR2988126""","""CID4909971""",1,1,0.9459034020636194
"""CNR8956814""","""CID2641856""",0,0,0.06679755289095055
"""CNR2129439""","""CID3265818""",1,1,0.9483967310751356
"""CNR7470780""","""CID7415842""",1,1,0.9488544362279542
"""CNR3642984""","""CID6605542""",1,1,0.9785103673829373
"""CNR3631825""","""CID3126893""",1,1,0.5882083584693399
"""CNR2484534""","""CID9444249""",1,1,0.7010338268575084
"""CNR5012789""","""CID9358649""",1,1,0.9785242680474339
"""CNR4623623""","""CID2720999""",1,1,0.9314887284229805
"""CNR5923758""","""CID9902135""",1,1,0.7017971943073695
"""CNR8840107""","""CID6262622""",1,1,0.5812313904885524
"""CNR3373053""","""CID5924015""",0,0,0.07623776005764468
"""CNR1193264""","""CID8237904""",0,0,0.0792663875178942
"""CNR2839177""","""CID5913920""",1,1,0.9788005259344033
"""CNR9969337""","""CID3894744""",1,1,0.9559621412417484
"""CNR1662024""","""CID4107050""",1,1,0.5906470491351532
"""CNR1241423""","""CID4504934""",1,1,0.9521647876597018
"""CNR2038422""","""CID8954500""",0,1,0.6998063910401691
"""CNR1782226""","""CID3331748""",1,1,0.6924011642283229
"""CNR3486504""","""CID5918040""",0,0,0.08505940749708786
"""CNR2425144""","""CID5038622""",1,1,0.7674790273041158
"""CNR1320895""","""CID7810131""",0,1,0.5844849966395546
"""CNR5480666""","""CID6208183""",1,1,0.7228906517687015
"""CNR7295420""","""CID8751546""",1,1,0.928754202852355
"""CNR4919411""","""CID3904280""",0,0,0.18356649452670312
"""CNR7185084""","""CID6474047""",0,0,0.07415171248552813
"""CNR1552609""","""CID6312413""",0,0,0.07763486961792748
"""CNR3860451""","""CID3199511""",0,1,0.6829881982857611
"""CNR1651813""","""CID1336413""",0,1,0.7738804270407827
"""CNR6209667""","""CID9234077""",0,0,0.07856550294473875
"""CNR2726737""","""CID8319042""",1,1,0.7651913100860888
"""CNR1929174""","""CID9332691""",1,1,0.9800903308904714
"""CNR4877385""","""CID3949557""",1,1,0.5604348687974426
"""CNR2093551""","""CID8090314""",1,1,0.9482622813270594
"""CNR9210280""","""CID4858104""",0,0,0.07498359242676485
"""CNR6862871""","""CID3262540""",1,1,0.5846882471491859
"""CNR7196758""","""CID3566070""",0,0,0.0785047087288441
"""CNR9433665""","""CID2026337""",1,1,0.563434711890346
"""CNR1705221""","""CID2533946""",1,1,0.9617756109034237
"""CNR4787687""","""CID2626647""",1,1,0.6733670041209989
"""CNR5533661""","""CID6122607""",1,1,0.9299845009309714
"""CNR6760044""","""CID2117516""",1,1,0.7190964228978328
"""CNR2999145""","""CID7970414""",1,1,0.9443312089250063
"""CNR3728940""","""CID5074724""",1,1,0.5765160158802076
"""CNR6913493""","""CID3054411""",1,1,0.9235110002141528
"""CNR6262991""","""CID2638244""",1,1,0.9903345430688685
"""CNR8768365""","""CID8995063""",0,0,0.10970954068570658
"""CNR4143449""","""CID7866160""",0,0,0.08239675384656725
"""CNR7613509""","""CID5749862""",1,1,0.7390022810535942
"""CNR6244954""","""CID9330973""",0,1,0.5820257463899334
"""CNR7535851""","""CID6961566""",1,1,0.9316603584916389
"""CNR7810085""","""CID7848860""",0,0,0.08247841532334664
"""CNR1652125""","""CID4739347""",1,1,0.9732127140236473
"""CNR4124653""","""CID4769587""",1,1,0.9886619564960171
"""CNR5133992""","""CID8863824""",1,1,0.5804079822060999
"""CNR5300283""","""CID3883986""",1,1,0.5517351729088289
"""CNR6984186""","""CID2518675""",1,1,0.9708849935750093
"""CNR6506753""","""CID9503234""",0,0,0.07083819456528821
"""CNR4280056""","""CID5685512""",0,0,0.07157141148776971
"""CNR9209050""","""CID9396703""",0,0,0.08877964984109729
"""CNR8275787""","""CID7594517""",1,1,0.9800938954833691
"""CNR7690891""","""CID5695302""",1,1,0.6597206804542254
"""CNR8130619""","""CID8712543""",1,1,0.5641458455534972
"""CNR7372001""","""CID2173576""",1,1,0.9309409740096825
"""CNR5755124""","""CID7982539""",0,0,0.07923465835237654
"""CNR4384070""","""CID3927415""",1,1,0.9543484992518595
"""CNR8125294""","""CID3706677""",0,0,0.0933314601140809
"""CNR8650631""","""CID2955756""",1,1,0.9356754382077145
"""CNR4886441""","""CID7802423""",1,1,0.9336282874038746
"""CNR8192219""","""CID9292395""",1,1,0.7398600298422268
"""CNR7964432""","""CID3309930""",1,1,0.938345458414971
"""CNR9823033""","""CID5406337""",1,1,0.9324000748085778
"""CNR5856692""","""CID5120501""",1,1,0.9814751979458911
"""CNR4973036""","""CID6854886""",0,0,0.07492142699901168
"""CNR2598964""","""CID6789276""",0,0,0.09112808446264183
"""CNR7803447""","""CID2347649""",1,1,0.9265355980191282
"""CNR5846479""","""CID1012379""",0,0,0.08334482622192592
"""CNR8327000""","""CID2875595""",0,0,0.08947453871070574
"""CNR2441351""","""CID9407896""",1,1,0.7346381895393075
"""CNR1431424""","""CID7203412""",1,1,0.740587798769228
"""CNR4363143""","""CID7456668""",1,1,0.5718182792555891
"""CNR5597752""","""CID4945710""",0,0,0.08719894821703443
"""CNR8110825""","""CID5931212""",0,0,0.13755261096681723
"""CNR2407228""","""CID3742297""",1,1,0.5622900361134006
"""CNR5181439""","""CID4552750""",0,0,0.0888650398439846
"""CNR2052539""","""CID1029162""",0,0,0.18808865706770342
"""CNR5505265""","""CID9506411""",1,1,0.723210866665885
"""CNR4963277""","""CID5343181""",0,0,0.0823992698737823
"""CNR7524460""","""CID6501404""",0,0,0.08305390176253089
"""CNR5492115""","""CID4905946""",1,1,0.694919730693309
"""CNR4892736""","""CID8719744""",1,1,0.9801480622071905
"""CNR6872747""","""CID8092099""",1,1,0.7274570752078833
"""CNR9773101""","""CID4065826""",1,1,0.9725087461935501
"""CNR3823253""","""CID5439097""",1,1,0.9742896760213191
"""CNR4971513""","""CID3308898""",1,1,0.932062286968615
"""CNR2335352""","""CID2126405""",1,1,0.5760851124396165
"""CNR6644642""","""CID8029000""",1,1,0.9336348599922986
"""CNR1920906""","""CID3397983""",0,0,0.07521814342394029
"""CNR7432421""","""CID1274730""",0,1,0.5703072683280214
"""CNR4714287""","""CID7503754""",1,1,0.9775063685427073
"""CNR7990105""","""CID2588835""",0,0,0.07800808621954429
"""CNR3419057""","""CID8174767""",1,1,0.9754753744576359
"""CNR7972751""","""CID5435908""",0,1,0.5877513634239372
"""CNR7986679""","""CID5583555""",1,1,0.9274609540960429
"""CNR8080429""","""CID6318304""",1,1,0.7115950493922335
"""CNR5358717""","""CID2580519""",1,1,0.9125030872074485
"""CNR8931890""","""CID2172277""",1,1,0.9298264063574989
"""CNR8234436""","""CID4002831""",1,1,0.6917271451041891
"""CNR8096933""","""CID6150463""",1,1,0.9888758362274654
"""CNR6338737""","""CID8966318""",0,0,0.08297327014081621
"""CNR2376738""","""CID3235147""",1,1,0.9906936151602955
"""CNR6350419""","""CID8496957""",0,0,0.11608152200618958
"""CNR1637999""","""CID2907667""",0,0,0.06621984305576624
"""CNR7922681""","""CID2419760""",1,1,0.686266175195169
"""CNR6767622""","""CID7558121""",1,1,0.5604693201810498
"""CNR8193166""","""CID6552001""",1,1,0.6782215466546865
"""CNR5982900""","""CID5394282""",0,0,0.0751259737416564
"""CNR3994824""","""CID1437120""",1,1,0.9301093759003375
"""CNR5329440""","""CID3182409""",0,0,0.08305333418024173
"""CNR9197195""","""CID6699843""",1,1,0.978538133064781
"""CNR8307266""","""CID5231895""",1,1,0.9672182672045094
"""CNR3460828""","""CID8301324""",0,0,0.0884480859817989
"""CNR5553483""","""CID7134832""",0,0,0.08592828616694269
"""CNR6383959""","""CID9200786""",0,0,0.08079374712166361
"""CNR4686163""","""CID9036366""",1,1,0.7233766379355459
"""CNR7349150""","""CID7043738""",0,0,0.08800502710015058
"""CNR5970700""","""CID9034862""",1,1,0.927557208832735
"""CNR4865376""","""CID7331045""",1,1,0.9824793975308883
"""CNR6702832""","""CID7679681""",1,1,0.6821823623577189
"""CNR4786079""","""CID9957700""",0,0,0.05654175175914619
"""CNR8336505""","""CID6541945""",0,0,0.08474482112547847
"""CNR6641618""","""CID6818596""",1,1,0.9488269313101684
"""CNR9588620""","""CID5213643""",0,0,0.14709223179202882
"""CNR9621040""","""CID8132556""",0,0,0.14000455293074693
"""CNR8551729""","""CID5634352""",0,0,0.08638181415852078
"""CNR6469745""","""CID6574909""",1,1,0.9786056026621054
"""CNR5665815""","""CID5362732""",0,1,0.6224054626522213
"""CNR8261171""","""CID3472991""",1,1,0.7415939639619431
"""CNR9238755""","""CID3953434""",0,0,0.08565658064162739
"""CNR8423136""","""CID7654262""",1,1,0.7127789463618165
"""CNR1737169""","""CID4840685""",1,1,0.9888093307255559
"""CNR6591266""","""CID3790173""",1,1,0.9273941447332266
"""CNR2061512""","""CID8966480""",1,1,0.7345852456463476
"""CNR3561445""","""CID6057292""",1,1,0.593146681869772
"""CNR5428741""","""CID6418528""",1,1,0.9760648472789084
"""CNR7314863""","""CID6850527""",0,0,0.14261130077130482
"""CNR5749581""","""CID6443179""",1,1,0.9879426466077157
"""CNR1918041""","""CID1106927""",1,1,0.9729776967078463
"""CNR1298635""","""CID2173016""",0,1,0.678820493877307
"""CNR8406489""","""CID7105298""",0,0,0.0915664286209328
"""CNR5664018""","""CID8797710""",0,0,0.07884146159796084
"""CNR1920421""","""CID3490413""",1,1,0.6346434425831118
"""CNR2735518""","""CID4162193""",1,1,0.6570062577659953
"""CNR4428228""","""CID4972413""",0,0,0.07347747114858784
"""CNR9796722""","""CID4602291""",0,0,0.1077365979790463
"""CNR6147393""","""CID4112203""",0,0,0.08622487606697253
"""CNR2462363""","""CID9837632""",1,1,0.5689695093181021
"""CNR2951637""","""CID9102682""",1,1,0.598001712703762
"""CNR3313659""","""CID8213927""",0,0,0.10554181517291347
"""CNR9835984""","""CID9964638""",1,1,0.9332340013245272
"""CNR9782208""","""CID9024022""",0,0,0.0855731211902682
"""CNR2763425""","""CID5819456""",1,1,0.9768560942966027
"""CNR5424308""","""CID3178409""",0,0,0.17645562346307228
"""CNR5880788""","""CID4777829""",1,1,0.9276759908602772
"""CNR2369061""","""CID3592865""",1,1,0.9867388033482706
"""CNR6221828""","""CID5127203""",0,0,0.1240545953999306
"""CNR8281969""","""CID8354931""",0,1,0.5694894751824381
"""CNR3623445""","""CID5078465""",1,1,0.9333898588628092
"""CNR1925097""","""CID8604261""",0,0,0.07725321061208738
"""CNR2240621""","""CID8583531""",1,1,0.6629221828509848
"""CNR5690563""","""CID6164318""",1,1,0.5849297244862457
"""CNR4293896""","""CID4974895""",1,1,0.9487813629662999
"""CNR8472372""","""CID1848015""",0,0,0.21392657783864663
"""CNR1770995""","""CID9749597""",1,1,0.837980567938072
"""CNR1904540""","""CID9097770""",0,0,0.1267533497100114
"""CNR1959838""","""CID9185193""",0,0,0.08268374320894412
"""CNR3101834""","""CID6899012""",0,0,0.1449114202870137
"""CNR9493342""","""CID1906002""",1,1,0.9760999975116389
"""CNR8249740""","""CID1038640""",1,1,0.9447536368339553
"""CNR5063044""","""CID6199612""",0,0,0.13672890781745126
"""CNR9113191""","""CID9440349""",0,1,0.5745297218805157
"""CNR4963838""","""CID6059989""",1,1,0.9280117025663118
"""CNR8167189""","""CID2259808""",1,1,0.5659245574989054
"""CNR3112743""","""CID9740114""",1,1,0.7812571947654618
"""CNR2744189""","""CID6885732""",1,1,0.6840251582617074
"""CNR3956548""","""CID6304068""",0,0,0.08642670976452207
"""CNR3091287""","""CID4761296""",1,1,0.6847108474143294
"""CNR2805560""","""CID7597887""",1,1,0.9334449982157413
"""CNR1865865""","""CID7030131""",1,1,0.5534299601925337
"""CNR3490945""","""CID6598637""",0,0,0.08346757258732618
"""CNR3100630""","""CID2842458""",1,1,0.927507214580146
"""CNR3833572""","""CID9575291""",0,0,0.06514180666788236
"""CNR2489563""","""CID2622611""",1,1,0.6772586004117924
"""CNR4276337""","""CID3076649""",1,0,0.3762656698182734
"""CNR1015268""","""CID2544915""",0,0,0.0676271191767407
"""CNR8539823""","""CID4238523""",0,0,0.088273999931006
"""CNR6298693""","""CID1237488""",1,1,0.6795505827966415
"""CNR7357433""","""CID8173453""",0,0,0.08734844531058515
"""CNR3589154""","""CID4506371""",0,0,0.17999803238630038
"""CNR7722956""","""CID7818255""",1,1,0.8914501244038263
"""CNR4552226""","""CID1381034""",1,1,0.9755480875621694
"""CNR8890678""","""CID1751397""",1,1,0.5839635613486587
"""CNR2047445""","""CID9001153""",0,0,0.08855000750800089
"""CNR1859622""","""CID7768686""",1,1,0.731434712669578
"""CNR8969991""","""CID3310450""",1,1,0.9714435148906203
"""CNR8179086""","""CID4757930""",1,1,0.6067746690988625
"""CNR5238368""","""CID3516591""",0,0,0.1607347131102281
"""CNR8650339""","""CID1294819""",0,0,0.26894481780541873
"""CNR6131104""","""CID3672643""",1,1,0.6791066719186468
"""CNR2379027""","""CID4310136""",1,1,0.7936325118164002
"""CNR6333727""","""CID8541016""",1,1,0.9674869279541841
"""CNR1780457""","""CID1230895""",1,1,0.7383246361743107
"""CNR6851518""","""CID4278401""",1,1,0.9228668766659348
"""CNR2155645""","""CID7445840""",1,1,0.560802623957681
"""CNR1294683""","""CID5083749""",1,1,0.9656157916052525
"""CNR3986601""","""CID2708453""",1,1,0.5951050046680001
"""CNR4920524""","""CID3706382""",1,1,0.8941133613168205
"""CNR9124679""","""CID5592314""",0,0,0.18998899604946193
"""CNR2388480""","""CID4824479""",0,0,0.12286698572826846
"""CNR4618026""","""CID7891390""",0,0,0.07568941735744976
"""CNR5829954""","""CID2265256""",0,0,0.08251146267939936
"""CNR3240281""","""CID6589342""",1,1,0.6921135122646286
"""CNR2911101""","""CID7579714""",0,0,0.08486466743738834
"""CNR5292943""","""CID4333861""",1,1,0.5691803124852239
"""CNR7115406""","""CID5728709""",1,1,0.9055911862679221
"""CNR2944421""","""CID5154016""",1,1,0.5554123819247716
"""CNR8957265""","""CID7152627""",1,1,0.9292816037400057
"""CNR8843491""","""CID3262029""",0,0,0.13900354037030943
"""CNR7300924""","""CID4367336""",1,1,0.7778420069221001
"""CNR9434421""","""CID6722317""",1,1,0.9266555380888664
"""CNR9675813""","""CID7926336""",1,1,0.933827641103091
"""CNR9724264""","""CID4281589""",1,1,0.9846920851467735
"""CNR7905386""","""CID8247195""",1,1,0.9264318995601013
"""CNR8939293""","""CID4576590""",1,1,0.5989698849947939
"""CNR5419597""","""CID8356895""",1,1,0.9240284964548099
"""CNR8802260""","""CID7687155""",1,1,0.7810543365406847
"""CNR6742075""","""CID4730965""",1,1,0.9386528445964674
"""CNR8451779""","""CID5962190""",1,1,0.7444000441749836
"""CNR7064255""","""CID7865473""",0,0,0.12509463983065072
"""CNR9938194""","""CID3192748""",1,1,0.9296879090372607
"""CNR9265521""","""CID3754735""",1,1,0.9229153978961282
"""CNR9125495""","""CID6582561""",0,0,0.08715301791931857
"""CNR8373090""","""CID7226379""",1,1,0.6570385882377673
"""CNR4322302""","""CID5128771""",1,1,0.9874774069102352
"""CNR6979605""","""CID9882025""",0,0,0.06574787515961521
"""CNR4106636""","""CID9444761""",0,0,0.07211956099243225
"""CNR1607053""","""CID8787616""",0,0,0.07854441615619868
"""CNR1368835""","""CID9703550""",1,1,0.9122800119672045
"""CNR1725019""","""CID9435430""",1,1,0.5822911169358036
"""CNR1735177""","""CID5537758""",1,1,0.976456245836757
"""CNR2552000""","""CID1751300""",1,1,0.9912674311296551
"""CNR2954532""","""CID1273422""",0,0,0.0909401731753659
"""CNR3483326""","""CID7391760""",1,1,0.9370075821046411
"""CNR7577060""","""CID6313680""",0,0,0.1430794828282534
"""CNR3494786""","""CID7646708""",1,1,0.9313911103765026
"""CNR3609547""","""CID3965181""",0,0,0.12121179153886613
"""CNR8116251""","""CID7323674""",0,0,0.08195465661914585
"""CNR3983428""","""CID1806547""",0,0,0.10361033682401583
"""CNR1400499""","""CID7322347""",0,1,0.6980709599829296
"""CNR5501528""","""CID2107051""",1,1,0.9423928189290992
"""CNR1827907""","""CID4070946""",0,0,0.12293919620615593
"""CNR3967229""","""CID1009167""",0,0,0.08659376629671005
"""CNR3559342""","""CID1926602""",1,1,0.9488236751489433
"""CNR3764574""","""CID9692391""",0,1,0.567921559404676
"""CNR5981234""","""CID5461078""",1,1,0.982772012391121
"""CNR7021515""","""CID9400119""",1,1,0.9674128824155599
"""CNR2096975""","""CID6067842""",0,0,0.1331880758993424
"""CNR4444151""","""CID9346401""",0,0,0.07833341333318103
"""CNR3470315""","""CID2402265""",0,0,0.07398438438249354
"""CNR3589969""","""CID4482460""",0,0,0.07615527728072526
"""CNR6764336""","""CID5496970""",0,0,0.10263511624015759
"""CNR2561930""","""CID4467877""",0,0,0.0819395097064202
"""CNR1511051""","""CID8000144""",1,1,0.9421785553190712
"""CNR5538089""","""CID9470072""",1,1,0.9244106664103341
"""CNR3356127""","""CID4321567""",1,1,0.6778072433457477
"""CNR3164341""","""CID6091092""",0,0,0.05596378760685191
"""CNR7640203""","""CID7245279""",1,1,0.9663364746578755
"""CNR8884488""","""CID8026002""",0,0,0.13906647470486988
"""CNR3462362""","""CID1778119""",0,1,0.5660913272814423
"""CNR1625431""","""CID8998374""",0,0,0.12240983250418225
"""CNR4637487""","""CID6556249""",1,1,0.7757307453945269
"""CNR4368329""","""CID9253809""",1,1,0.934289883477587
"""CNR7425214""","""CID6238024""",1,1,0.6074087564034721
"""CNR2270526""","""CID1185776""",1,1,0.9396411704919702
"""CNR6768406""","""CID6647186""",1,1,0.7628766569925512
"""CNR6317059""","""CID8526368""",0,0,0.08467783703729509
"""CNR7757803""","""CID3381320""",1,1,0.9769775739401005
"""CNR7493656""","""CID3820079""",1,1,0.6916827023489315
"""CNR3101038""","""CID3614667""",1,1,0.9740537906002829
"""CNR4937835""","""CID4605441""",0,0,0.08604976545212617
"""CNR4483811""","""CID5283242""",1,1,0.7373914930247468
"""CNR8643911""","""CID9218368""",0,0,0.19608826441660196
"""CNR7632475""","""CID4790639""",0,0,0.0964175260708192
"""CNR8713510""","""CID7988901""",1,1,0.9617038185360366
"""CNR3190652""","""CID9491848""",1,1,0.5545907196730858
"""CNR6213851""","""CID6953282""",1,1,0.9627211313072404
"""CNR1445040""","""CID3570764""",0,0,0.0629142545118079
"""CNR9640151""","""CID7855695""",1,1,0.9292066269596573
"""CNR8856803""","""CID1440208""",1,1,0.9780234605809377
"""CNR3703342""","""CID1296194""",0,0,0.11124269518348923
"""CNR2009793""","""CID8481038""",1,1,0.9863288904526823
"""CNR9650301""","""CID8965932""",1,1,0.9552480755276856
"""CNR4611049""","""CID8516808""",1,1,0.9761435010132732
"""CNR7497520""","""CID7567906""",1,1,0.6408989270859257
"""CNR6806809""","""CID2677313""",1,1,0.971690815655911
"""CNR5600555""","""CID7077093""",1,1,0.6990688943176321
"""CNR3316724""","""CID3359421""",1,1,0.9291953905326192
"""CNR2614802""","""CID5321834""",1,1,0.9656939855005474
"""CNR5840581""","""CID1276827""",0,1,0.5624854162972618
"""CNR4297931""","""CID4571122""",0,0,0.10358993734709643
"""CNR2933302""","""CID9150767""",1,1,0.7296332965022115
"""CNR8649355""","""CID3711441""",0,0,0.07863583747672975
"""CNR6364937""","""CID4807783""",1,1,0.9779289719267543
"""CNR2926472""","""CID8832778""",1,1,0.5745561658831023
"""CNR2037662""","""CID3224386""",1,1,0.9873792695168772
"""CNR1842174""","""CID8839312""",0,0,0.09558713245182457
"""CNR7308321""","""CID9526834""",1,1,0.9732546037905595
"""CNR7310279""","""CID5668926""",1,1,0.807511994094935
"""CNR9448731""","""CID2038869""",0,1,0.5816927651065411
"""CNR8034834""","""CID9760116""",1,1,0.947953155012497
"""CNR8398906""","""CID1255902""",0,0,0.1249645247517505
"""CNR2054235""","""CID3335837""",0,0,0.09213539247471092
"""CNR5133996""","""CID3527397""",0,0,0.07965656831830864
"""CNR5740784""","""CID1795403""",1,1,0.9767881262840058
"""CNR5229813""","""CID2381515""",1,1,0.5656894622696528
"""CNR8388567""","""CID8271657""",1,1,0.6904445614905926
"""CNR4493646""","""CID6189810""",0,1,0.5655574612356384
"""CNR5804680""","""CID5921510""",1,1,0.5685748682451066
"""CNR8627872""","""CID5463361""",1,1,0.9408642009552843
"""CNR6025672""","""CID6101405""",1,1,0.7309192869207214
"""CNR3769781""","""CID1680978""",0,0,0.1614654262589055
"""CNR2707277""","""CID6276593""",0,0,0.0947750271060574
"""CNR5777259""","""CID9074427""",0,1,0.7286682955828122
"""CNR2615457""","""CID7662233""",0,0,0.09590591508840907
"""CNR6014048""","""CID5465774""",1,1,0.7215978813223652
"""CNR7783383""","""CID4126440""",1,1,0.7430478051667204
"""CNR4820005""","""CID5170212""",1,1,0.9716412050927264
"""CNR3552589""","""CID4669307""",1,1,0.9825732701360657
"""CNR3839931""","""CID6947373""",0,1,0.5703980417413262
"""CNR4687528""","""CID9933479""",1,1,0.5715051232694873
"""CNR9960141""","""CID3857163""",0,0,0.2383326667438695
"""CNR3307999""","""CID7264228""",1,1,0.8001020392117808
"""CNR9157232""","""CID9156870""",1,1,0.9753087674851041
"""CNR9219370""","""CID7607788""",0,0,0.11598898058702017
"""CNR7020867""","""CID9110134""",0,0,0.08107277117292934
"""CNR1437047""","""CID7962446""",1,1,0.9593358896702159
"""CNR9970463""","""CID7289922""",1,1,0.67328284272181
"""CNR9103891""","""CID6121465""",0,0,0.08349109463648058
"""CNR8156450""","""CID9682099""",1,1,0.815585525563603
"""CNR9918788""","""CID6851697""",0,1,0.7183819909675266
"""CNR4027526""","""CID2720074""",1,1,0.9832202795770502
"""CNR8512595""","""CID9741888""",1,1,0.988729393727284
"""CNR6591859""","""CID9985533""",1,1,0.9853449601918726
"""CNR9093576""","""CID9732840""",0,0,0.09575812526500488
"""CNR6162549""","""CID6967445""",1,1,0.9666139291142642
"""CNR5394240""","""CID8344816""",0,0,0.07856538364170573
"""CNR5634956""","""CID5842928""",1,1,0.9340432586922783
"""CNR3997955""","""CID9282529""",1,1,0.9629277921738767
"""CNR3732515""","""CID9843829""",0,0,0.08047776575923575
"""CNR1890600""","""CID4929518""",1,1,0.7575564537294867
"""CNR9464831""","""CID2644733""",0,1,0.7323144763370356
"""CNR8674052""","""CID9232244""",0,0,0.06942933920871194
"""CNR7988377""","""CID7666652""",0,0,0.08057110419218527
"""CNR4145591""","""CID6580566""",1,1,0.9482385651008259
"""CNR3779901""","""CID9726414""",1,1,0.9284047184789601
"""CNR9590036""","""CID3372593""",1,1,0.7152060904820602
"""CNR5601830""","""CID2688312""",1,1,0.9256400564092324
"""CNR5859605""","""CID8919517""",0,0,0.07191966207786171
"""CNR2040887""","""CID4174809""",1,1,0.9862838013755568
"""CNR1848623""","""CID5411706""",1,1,0.9258590170258382
"""CNR2663789""","""CID6533202""",1,1,0.9238813830745759
"""CNR4728373""","""CID5001277""",1,1,0.6906257584930963
"""CNR3501456""","""CID2543480""",0,0,0.11970873186387344
"""CNR2698264""","""CID3192466""",1,1,0.9842184592883831
"""CNR2596752""","""CID6316131""",1,1,0.9496398580831166
"""CNR5197690""","""CID6665996""",1,1,0.8353534832018558
"""CNR1272215""","""CID7220639""",1,1,0.7559858620501378
"""CNR1499579""","""CID4120773""",1,1,0.7489253332541016
"""CNR3788200""","""CID4997555""",1,1,0.7595342624276423
"""CNR4931588""","""CID9267182""",0,0,0.20990689510673186
"""CNR9379964""","""CID5361232""",0,0,0.08914018544068499
"""CNR8471769""","""CID5483747""",0,0,0.08631906309698577
"""CNR2937153""","""CID3612536""",0,0,0.06481888466150443
"""CNR4212720""","""CID5245076""",0,0,0.08573584122241835
"""CNR2700536""","""CID8072170""",0,0,0.10754377771741827
"""CNR4225431""","""CID3576137""",0,0,0.1145542203524217
"""CNR5736740""","""CID5365030""",1,1,0.9706171550257995
"""CNR4117607""","""CID1584130""",0,0,0.08538886578708528
"""CNR4132511""","""CID9054842""",0,0,0.15463663661696067
"""CNR3844634""","""CID8111138""",1,1,0.9804812591056468
"""CNR8052923""","""CID7212044""",1,1,0.7112573551296596
"""CNR4740901""","""CID2749662""",1,1,0.9774817733593395
"""CNR2832640""","""CID7226926""",1,1,0.7504664022701274
"""CNR4801813""","""CID7181474""",1,1,0.8279961276698494
"""CNR2767514""","""CID6295803""",0,0,0.10101798500257933
"""CNR5153780""","""CID4027598""",1,1,0.9903873048822273
"""CNR9211018""","""CID5498315""",1,1,0.975497089398865
"""CNR4784516""","""CID9638612""",1,1,0.9871500303076797
"""CNR6951441""","""CID6499179""",1,1,0.9832695020859122
"""CNR8823028""","""CID2632365""",0,0,0.08977123187668147
"""CNR4121774""","""CID5376279""",1,1,0.5790027231643926
"""CNR1414925""","""CID3220604""",0,0,0.17185262605640558
"""CNR9322157""","""CID4790479""",0,0,0.1474160219607115
"""CNR2599692""","""CID1103958""",1,1,0.9646345864499444
"""CNR6734555""","""CID9231693""",1,1,0.9228983296202821
"""CNR3629452""","""CID2599994""",1,1,0.7375592328822406
"""CNR4792815""","""CID8983278""",1,1,0.704272856647358
"""CNR5454981""","""CID2649105""",1,1,0.7691926242819747
"""CNR2779509""","""CID5046268""",0,0,0.09424050625715114
"""CNR2286959""","""CID3350832""",0,0,0.07505625993880376
"""CNR3980266""","""CID2229378""",1,1,0.6990952973454433
"""CNR1147512""","""CID2898867""",0,0,0.13123040942652123
"""CNR6654027""","""CID9071631""",1,1,0.6867716510282529
"""CNR2006776""","""CID7377202""",1,1,0.9800209732368973
"""CNR3810054""","""CID8539971""",1,1,0.7151833188406916
"""CNR9513183""","""CID3371478""",1,1,0.5529770715488842
"""CNR5707745""","""CID6100850""",1,1,0.6109745473945174
"""CNR7289967""","""CID3207752""",1,1,0.9674911242548238
"""CNR7439623""","""CID3127463""",0,0,0.06768253577072186
"""CNR2030893""","""CID5638504""",0,0,0.1418125052593344
"""CNR8185299""","""CID3544538""",0,0,0.07078870997649984
"""CNR3500965""","""CID7733696""",0,0,0.1774632765617815
"""CNR6449715""","""CID6620135""",0,0,0.07644146466876536
"""CNR3327359""","""CID5843210""",0,0,0.08943793806160298
"""CNR7509619""","""CID4089635""",0,0,0.1079759867761697
"""CNR6687781""","""CID6385476""",1,0,0.3754269943863604
"""CNR4534225""","""CID9935823""",0,0,0.12430551966021477
"""CNR8537725""","""CID6037670""",1,1,0.9830827742402041
"""CNR1791211""","""CID8244615""",0,0,0.07190279121940318
"""CNR6408128""","""CID7572572""",0,1,0.5744780078471299
"""CNR8501447""","""CID6146754""",0,1,0.5513559331746781
"""CNR1605163""","""CID7166176""",1,1,0.6214800150716938
"""CNR8427553""","""CID7329856""",0,0,0.09860393216533517
"""CNR8784533""","""CID1997659""",1,1,0.9875101778587602
"""CNR5322762""","""CID7970392""",0,0,0.07303589724530625
"""CNR1683288""","""CID6481783""",1,1,0.757143312786795
"""CNR5704258""","""CID9485621""",1,1,0.9823757439027205
"""CNR6868535""","""CID7045986""",0,0,0.07518434441128842
"""CNR6664775""","""CID3651001""",0,0,0.08821494300440766
"""CNR4572098""","""CID9075583""",0,0,0.15466260743740115
"""CNR9945943""","""CID5571197""",1,1,0.6341746314964012
"""CNR7523497""","""CID8376240""",1,1,0.6217852958262124
"""CNR7551758""","""CID8894940""",0,0,0.062473091237024644
"""CNR4059354""","""CID7388272""",1,1,0.9409135639699432
"""CNR2244176""","""CID6546741""",0,0,0.08193291448282228
"""CNR7196784""","""CID8722268""",1,1,0.9510490299388616
"""CNR4749551""","""CID4790267""",1,1,0.7227472208281639
"""CNR6848662""","""CID9155436""",1,1,0.9315870580627228
"""CNR2074406""","""CID8590502""",0,0,0.1372138817342499
"""CNR7749180""","""CID1210860""",0,0,0.07341217803735142
"""CNR4151153""","""CID5692028""",1,1,0.7025615607371399
"""CNR7992556""","""CID8597329""",1,1,0.9831860023108214
"""CNR3896633""","""CID5100566""",1,1,0.9364536426591318
"""CNR2986740""","""CID6515610""",1,1,0.9723326608125944
"""CNR9306152""","""CID9461842""",0,0,0.07644189870477541
"""CNR5662801""","""CID9906899""",0,0,0.08584020087311531
"""CNR3459702""","""CID7928510""",1,1,0.5714925906585817
"""CNR9747265""","""CID9112777""",1,1,0.9696498325999676
"""CNR2763829""","""CID8904597""",1,1,0.7042931557207246
"""CNR6860968""","""CID6873524""",1,1,0.8922327035657033
"""CNR9864832""","""CID8910734""",1,1,0.9385329673393953
"""CNR8250711""","""CID9766668""",1,1,0.9541244413831809
"""CNR4904669""","""CID9372663""",0,0,0.10306701799228152
"""CNR4573936""","""CID7114650""",1,1,0.7081934461161163
"""CNR9215099""","""CID6945593""",1,0,0.2654676116975883
"""CNR1011580""","""CID2346013""",1,1,0.9870766196922544
"""CNR3545246""","""CID7922774""",1,1,0.7487397339591331
"""CNR5139592""","""CID9095718""",0,0,0.16274087477678675
"""CNR5280034""","""CID2763959""",1,1,0.5694759964649837
"""CNR1349113""","""CID7724760""",0,0,0.07943432851082939
"""CNR6215586""","""CID3394761""",1,1,0.9896429708428219
"""CNR3217333""","""CID5547023""",0,1,0.5805190743108727
"""CNR1066622""","""CID9689089""",1,1,0.9569449481808573
"""CNR8677001""","""CID4335598""",1,1,0.7814726520281285
"""CNR9542896""","""CID7954050""",0,1,0.7305520000753566
"""CNR3726870""","""CID5379996""",1,1,0.9448667887547735
"""CNR2246034""","""CID2798243""",1,1,0.6842949640201224
"""CNR8998201""","""CID6977916""",1,1,0.9871555226979574
"""CNR1790432""","""CID2855360""",1,1,0.9900051745553063
"""CNR8231617""","""CID8753535""",1,1,0.7217768116515294
"""CNR2940532""","""CID6499003""",0,0,0.10574336107515583
"""CNR6337474""","""CID5936351""",0,0,0.15124269330855034
"""CNR8329575""","""CID8782759""",0,1,0.705683439646873
"""CNR7481080""","""CID6648439""",0,0,0.07681842934869382
"""CNR1900318""","""CID9310883""",0,0,0.23589582641132306
"""CNR6780421""","""CID2865224""",0,1,0.801161583056314
"""CNR5168722""","""CID5353338""",1,1,0.5830010200126585
"""CNR7263153""","""CID1754093""",1,1,0.9752365637137737
"""CNR1036038""","""CID9406000""",1,1,0.9211902537350098
"""CNR9963246""","""CID6576339""",0,0,0.10428844988135358
"""CNR8109105""","""CID9806424""",0,0,0.08740695485633479
"""CNR3113073""","""CID2217622""",0,0,0.08389297548090252
"""CNR8939989""","""CID9047155""",0,0,0.07679310532702653
"""CNR9081373""","""CID2302731""",1,1,0.9191190984867319
"""CNR9377130""","""CID4757650""",1,1,0.5795819813065325
"""CNR5512605""","""CID9651172""",0,0,0.19381071179808682
"""CNR6672418""","""CID4044254""",1,1,0.9257565420047793
"""CNR6042224""","""CID1814268""",1,1,0.5674831217999261
"""CNR7014316""","""CID5164604""",0,0,0.2459404497500094
"""CNR3436026""","""CID3437068""",1,1,0.9252497828330051
"""CNR5444499""","""CID9073037""",1,1,0.9271230810958863
"""CNR6138535""","""CID4261324""",1,1,0.7400644758202732
"""CNR8961661""","""CID9453072""",1,1,0.9870197362163767
"""CNR5419281""","""CID8022715""",1,1,0.59675973453261
"""CNR8744935""","""CID7152558""",0,0,0.08479984655949048
"""CNR1735519""","""CID5527936""",1,1,0.9734312017565994
"""CNR3814486""","""CID9246760""",0,0,0.07527069252529434
"""CNR1166839""","""CID5287584""",1,1,0.7034009596476524
"""CNR6121038""","""CID1046388""",1,1,0.6831874977490556
"""CNR4937668""","""CID3024078""",1,1,0.6700031041784694
"""CNR1123500""","""CID1177909""",0,0,0.14618689381823768
"""CNR7672374""","""CID6000131""",1,1,0.632793779317814
"""CNR2172757""","""CID2516408""",0,0,0.07805121275126062
"""CNR7263852""","""CID7807016""",1,1,0.7238727931989156
"""CNR8813670""","""CID9289605""",0,0,0.1059283732320756
"""CNR1505318""","""CID3331878""",1,1,0.6151861033189856
"""CNR9514047""","""CID8223589""",1,1,0.6128131278279874
"""CNR1058687""","""CID8345330""",1,1,0.9898681373390545
"""CNR6205244""","""CID5633973""",0,0,0.11164915435469126
"""CNR1385384""","""CID7581583""",1,1,0.9417735242734415
"""CNR9503323""","""CID5329633""",0,0,0.08678856909778189
"""CNR7691650""","""CID5098349""",1,1,0.9316875284902703
"""CNR9261569""","""CID9969895""",1,1,0.5821662106163914
"""CNR6647112""","""CID7671832""",0,0,0.06977398856204063
"""CNR9686162""","""CID7993266""",0,0,0.0641233906015167
"""CNR7857265""","""CID1452808""",1,1,0.5980925418342998
"""CNR1661426""","""CID4526206""",1,1,0.9893088354756369
"""CNR5306289""","""CID9099155""",0,0,0.0850535806257884
"""CNR8467697""","""CID2308124""",1,1,0.963585486888346
"""CNR6535715""","""CID9625242""",1,1,0.9323834848519882
"""CNR4469062""","""CID9217699""",1,1,0.7590417530039476
"""CNR6357169""","""CID4119188""",0,0,0.07047011114354894
"""CNR7774211""","""CID9886771""",0,0,0.1331960684904067
"""CNR4224253""","""CID6631122""",0,0,0.07519279134730592
"""CNR4937024""","""CID5688745""",1,1,0.6283469289611795
"""CNR5650885""","""CID7587944""",1,1,0.9869795937074548
"""CNR6179060""","""CID5074062""",1,1,0.5773773023785601
"""CNR5338029""","""CID5339242""",1,1,0.9815180870114193
"""CNR7378455""","""CID7670229""",0,1,0.7422092418601458
"""CNR5693373""","""CID8285930""",0,0,0.06337220683940335
"""CNR5172010""","""CID9395774""",1,1,0.8879167766602148
"""CNR6737788""","""CID9037131""",1,1,0.6311708465332145
"""CNR6696634""","""CID8914491""",0,0,0.19004616946143993
"""CNR2909572""","""CID5137765""",1,1,0.5858676456114228
"""CNR4173963""","""CID3002315""",0,1,0.7070648027422493
"""CNR2174018""","""CID9879683""",0,0,0.13783343344208357
"""CNR7630812""","""CID8513627""",0,0,0.09074787410968103
"""CNR3577075""","""CID2707305""",0,0,0.07604795203157967
"""CNR8042865""","""CID9500954""",1,1,0.8058137953995357
"""CNR7801215""","""CID7535913""",1,1,0.961179577803563
"""CNR2956458""","""CID5065992""",1,1,0.9777104037575005
"""CNR5505912""","""CID5893016""",1,1,0.9799067298481479
"""CNR4821237""","""CID7595972""",1,1,0.6196177328133115
"""CNR3074020""","""CID8569580""",0,0,0.18165714987398324
"""CNR7242492""","""CID5606589""",1,1,0.7333213812415753
"""CNR8797106""","""CID1062041""",1,1,0.9696050085181139
"""CNR7545259""","""CID3121950""",0,0,0.08409116742190854
"""CNR5958261""","""CID1858766""",0,0,0.08843945963695886
"""CNR8949149""","""CID8694169""",1,1,0.9240607074632249
"""CNR3316102""","""CID3895947""",1,1,0.9311090879797621
"""CNR5325061""","""CID2858817""",1,1,0.8571802026180406
"""CNR9331755""","""CID3833188""",1,1,0.9883040019523968
"""CNR1959549""","""CID3825789""",1,1,0.6301573752528474
"""CNR1681179""","""CID1591825""",0,0,0.08440464883404523
"""CNR1314048""","""CID7130125""",1,1,0.9652243634789426
"""CNR5173512""","""CID5890998""",0,0,0.06238465173716506
"""CNR6697726""","""CID7873173""",0,0,0.13044146726297115
"""CNR9551875""","""CID2901196""",0,0,0.07682615991493272
"""CNR2725895""","""CID7386375""",0,0,0.06752008373302801
"""CNR1056315""","""CID6547956""",0,1,0.58549149476359
"""CNR7457553""","""CID2757293""",1,1,0.9497492937162058
"""CNR7509142""","""CID1845132""",1,1,0.9334456369527595
"""CNR1363256""","""CID8528984""",1,1,0.9172861963291229
"""CNR5875183""","""CID7494534""",1,1,0.9306462144605768
"""CNR2529093""","""CID5042399""",0,0,0.09140194195261583
"""CNR7476346""","""CID8511071""",0,0,0.09639922884343473
"""CNR9451819""","""CID8537249""",0,0,0.11325516974381188
"""CNR9325249""","""CID4492771""",0,0,0.07345202019911463
"""CNR3704482""","""CID9827215""",1,1,0.6029282631952144
"""CNR8150708""","""CID5871365""",1,1,0.6904073518142261
"""CNR3047647""","""CID4766923""",0,0,0.23894256436684164
"""CNR5647529""","""CID8748448""",1,1,0.9292797608445998
"""CNR3390851""","""CID2189767""",1,1,0.937997730202862
"""CNR3796713""","""CID8538198""",1,1,0.9822426025993057
"""CNR6385119""","""CID2527538""",1,1,0.806815372729417
"""CNR6752982""","""CID3674303""",0,0,0.07773667488580341
"""CNR9425960""","""CID4933551""",0,0,0.10177875768801414
"""CNR7485252""","""CID9760689""",0,1,0.6866339323856274
"""CNR5675249""","""CID1466128""",0,0,0.0895859303925823
"""CNR3274319""","""CID6111972""",1,1,0.6875608327924325
"""CNR9524874""","""CID6793100""",0,0,0.08565995378613503
"""CNR2731201""","""CID9505569""",1,1,0.6443936074113139
"""CNR6717684""","""CID6285546""",0,0,0.08375205949308828
"""CNR4712455""","""CID8570953""",0,0,0.07125449532452494
"""CNR2995139""","""CID6668933""",1,1,0.9385549819338049
"""CNR6957996""","""CID6226722""",1,1,0.9216815681180672
"""CNR9305896""","""CID1388448""",1,1,0.5923057321423099
"""CNR5703005""","""CID8842465""",0,0,0.08840326835332184
"""CNR6144797""","""CID9945611""",1,1,0.6971438957050624
"""CNR6590959""","""CID2152323""",0,1,0.5636783312648335
"""CNR5312774""","""CID1203048""",1,1,0.562153884990258
"""CNR1232647""","""CID9529205""",1,1,0.9366938172098507
"""CNR9567468""","""CID9377309""",0,0,0.11959920010624724
"""CNR6432079""","""CID5680589""",1,1,0.9536581578892107
"""CNR3312936""","""CID9702657""",1,0,0.46451228797430144
"""CNR7648940""","""CID1802328""",1,1,0.6824783700633279
"""CNR3407762""","""CID3873253""",1,1,0.9609091779275836
"""CNR5753793""","""CID8516261""",1,1,0.9702152128134386
"""CNR5553466""","""CID5282437""",1,1,0.6764799506980281
"""CNR9351778""","""CID3052382""",1,1,0.578954286554545
"""CNR5148961""","""CID8603546""",0,0,0.11253024536279709
"""CNR6461888""","""CID1194589""",0,1,0.7567848910166729
"""CNR3633673""","""CID3128392""",0,0,0.08792261778038879
"""CNR6101959""","""CID3138364""",1,1,0.7250392408219146
"""CNR1528852""","""CID3653183""",1,1,0.9879050230081634
"""CNR5210573""","""CID3139748""",1,1,0.5724533526422215
"""CNR2372939""","""CID4404784""",1,1,0.5650627602583314
"""CNR5778369""","""CID3837849""",1,1,0.5750993059163719
"""CNR5185744""","""CID6276811""",1,1,0.9278601752152599
"""CNR1785223""","""CID5152681""",1,1,0.6113447518808333
"""CNR1124876""","""CID5461101""",1,1,0.9283774741258979
"""CNR8332189""","""CID2709632""",0,0,0.0852771344390338
"""CNR6705465""","""CID4326840""",1,1,0.6417930778313249
"""CNR7108695""","""CID8226728""",0,0,0.1483693683792622
"""CNR6672826""","""CID3704940""",1,1,0.6856506220997682
"""CNR7908944""","""CID6247890""",1,1,0.6497941365821686
"""CNR9785894""","""CID9675834""",1,1,0.9085148717642464
"""CNR7776648""","""CID4341650""",0,0,0.14355702370687148
"""CNR9353550""","""CID6212124""",0,0,0.0818112061535707
"""CNR8071629""","""CID8823992""",0,0,0.07405403541048396
"""CNR4146877""","""CID4837513""",0,0,0.2055597054421821
"""CNR3845827""","""CID4497819""",0,0,0.1027535172018844
"""CNR9267726""","""CID3043672""",0,0,0.10605396518796292
"""CNR8480974""","""CID4257602""",1,1,0.6797603947658439
"""CNR4953063""","""CID6960221""",1,1,0.6825834120827281
"""CNR6575612""","""CID3047805""",1,1,0.7073325074593219
"""CNR6741079""","""CID6496025""",1,1,0.7211521197335921
"""CNR3164131""","""CID1788494""",1,1,0.7833947438783075
"""CNR8470639""","""CID2907679""",0,0,0.09998770424599075
"""CNR8329963""","""CID5940411""",1,1,0.9813244927936243
"""CNR3839008""","""CID9073839""",0,0,0.11581430536356775
"""CNR4133987""","""CID1233743""",1,1,0.9495407223127872
"""CNR7742499""","""CID9647409""",0,1,0.6564732804692998
"""CNR4588810""","""CID4416472""",1,1,0.5808449000792663
"""CNR5972534""","""CID2031239""",1,1,0.978929467701933
"""CNR8604060""","""CID9832925""",1,1,0.7092488794214079
"""CNR9673690""","""CID1672104""",1,1,0.9490051728638644
"""CNR3897235""","""CID8678579""",0,0,0.08207477203745597
"""CNR5733806""","""CID8252475""",0,0,0.0705499600085969
"""CNR8492984""","""CID6059601""",0,1,0.6862970650449408
"""CNR6225080""","""CID1166482""",1,1,0.9460812104236976
"""CNR6487698""","""CID3900193""",1,1,0.9289429169704543
"""CNR9542200""","""CID1975377""",0,1,0.6314634036206205
"""CNR7371235""","""CID3354213""",0,0,0.16134948081529224
"""CNR7732132""","""CID9398231""",0,0,0.07223303868180325
"""CNR3187551""","""CID4071548""",0,0,0.07660612659476455
"""CNR9275616""","""CID4089875""",0,0,0.15410990305954383
"""CNR5010957""","""CID4086896""",0,0,0.08908885973406495
"""CNR3293388""","""CID3773737""",1,1,0.6147172530738971
"""CNR2833725""","""CID2087186""",1,1,0.592111990643382
"""CNR9056090""","""CID3617874""",0,0,0.08433759227778193
"""CNR9210005""","""CID5660284""",1,1,0.632453189718352
"""CNR7538482""","""CID1545020""",0,0,0.07128946061432256
"""CNR7956099""","""CID9251710""",0,0,0.07852726786167294
"""CNR8133310""","""CID2085088""",1,1,0.9340028969608388
"""CNR8438733""","""CID8766367""",0,0,0.09700297336494103
"""CNR3437981""","""CID7532756""",0,0,0.13744132504429477
"""CNR9651744""","""CID1783868""",0,0,0.1783873215590711
"""CNR5163572""","""CID3817872""",1,1,0.9882336143882501
"""CNR9261250""","""CID6001097""",1,1,0.6857494853229043
"""CNR9795404""","""CID3246519""",1,1,0.9484715555220502
"""CNR3420902""","""CID3128522""",1,1,0.9595055574572579
"""CNR7723578""","""CID8260486""",0,0,0.3243339071813106
"""CNR2172859""","""CID4790515""",0,1,0.6953923265063287
"""CNR7699708""","""CID9420216""",1,1,0.5655644427685368
"""CNR7938762""","""CID9533684""",1,1,0.5591090300091794
"""CNR8163981""","""CID2506233""",1,1,0.9532886440973628
"""CNR9379624""","""CID2889678""",1,1,0.5978144416984762
"""CNR7986428""","""CID7088254""",1,1,0.9413037223356817
"""CNR6648920""","""CID1949591""",0,0,0.08596802553202018
"""CNR7202446""","""CID2369014""",0,0,0.06539682883044676
"""CNR1630835""","""CID3204043""",1,1,0.6793775599228867
"""CNR2872916""","""CID7731687""",0,1,0.6995718277889512
"""CNR2857859""","""CID7990778""",1,1,0.8373654457231999
"""CNR3257449""","""CID1249039""",0,0,0.08857460936876982
"""CNR9441550""","""CID3958676""",1,1,0.6569432014185674
"""CNR9832336""","""CID8077824""",0,0,0.07838544347506092
"""CNR4168685""","""CID1879608""",1,1,0.7244668925325763
"""CNR1579983""","""CID8381400""",1,0,0.32579736124187486
"""CNR4043036""","""CID9536026""",0,0,0.06685288064874134
"""CNR2346732""","""CID9961685""",0,0,0.12965160679879859
"""CNR7072571""","""CID9962418""",0,1,0.6392467711978558
"""CNR3153507""","""CID2078300""",1,1,0.9849791710351545
"""CNR9929685""","""CID8121071""",1,1,0.9567941868159141
"""CNR6208843""","""CID6454063""",0,0,0.08309501529746535
"""CNR1729800""","""CID6125978""",0,0,0.06916354509550221
"""CNR7470372""","""CID6520215""",1,1,0.7190647632783822
"""CNR1361702""","""CID9365335""",1,1,0.6648799226972465
"""CNR8476788""","""CID5499674""",1,1,0.9358445956326349
"""CNR7301764""","""CID3988677""",1,1,0.6814768358546619
"""CNR7465518""","""CID4840803""",0,0,0.09571156534548059
"""CNR6030582""","""CID2657892""",1,1,0.9761385685308386
"""CNR5052883""","""CID3003082""",1,1,0.9245534667438821
"""CNR5655430""","""CID5991661""",1,1,0.9857231369782844
"""CNR3394565""","""CID8553194""",0,0,0.0766200477864471
"""CNR7038569""","""CID5607014""",1,1,0.6952824426937005
"""CNR1831763""","""CID1123267""",0,0,0.08551211447052381
"""CNR6070860""","""CID3895637""",1,1,0.851511161985601
"""CNR6582368""","""CID1655333""",1,1,0.7385432162296395
"""CNR6223674""","""CID1241406""",1,1,0.5559529353411395
"""CNR6522989""","""CID3760319""",1,1,0.844675922014786
"""CNR2808348""","""CID1816092""",0,0,0.13627510708029003
"""CNR1668395""","""CID4913174""",1,1,0.9413381288788385
"""CNR4792982""","""CID9106070""",1,1,0.9772864349740379
"""CNR5281224""","""CID3196513""",1,1,0.9272493923041634
"""CNR7547639""","""CID9280591""",1,1,0.9226294232153157
"""CNR4700345""","""CID9697617""",1,1,0.6305086173112582
"""CNR7377551""","""CID4309397""",1,1,0.7449298947715897
"""CNR9172684""","""CID4281813""",1,1,0.5653229718154563
"""CNR2718902""","""CID7616894""",1,1,0.735305378037321
"""CNR1414495""","""CID6555814""",1,1,0.9837812541512397
"""CNR6376518""","""CID1168589""",1,1,0.7807502597810697
"""CNR7639443""","""CID8280849""",0,0,0.1620323135432496
"""CNR9393338""","""CID8090968""",0,0,0.16568647746460533
"""CNR5650239""","""CID8313398""",0,0,0.08073735463096808
"""CNR1036717""","""CID8044941""",0,0,0.16344376278316147
"""CNR7018888""","""CID5314243""",1,1,0.7113782689709932
"""CNR9053802""","""CID4769047""",1,1,0.5773316991350248
"""CNR2683002""","""CID1823617""",1,1,0.9368071853659582
"""CNR5280502""","""CID1787512""",0,0,0.08134926057603971
"""CNR7591911""","""CID9470117""",1,1,0.9871466339887527
"""CNR6591094""","""CID7938799""",0,0,0.08162983447842319
"""CNR1373465""","""CID4676141""",1,1,0.9283512455663848
"""CNR1249800""","""CID4212363""",1,1,0.9485285642903949
"""CNR4612813""","""CID2629495""",1,1,0.627196632756753
"""CNR2299833""","""CID4169981""",1,1,0.9481740768145319
"""CNR8782681""","""CID1881876""",0,1,0.575086735329122
"""CNR4648174""","""CID8786154""",1,1,0.6827343013525317
"""CNR1155556""","""CID9685821""",1,1,0.7611692862883194
"""CNR1198689""","""CID6838087""",0,1,0.6937713939194866
"""CNR6522881""","""CID9122764""",1,1,0.9475413181817385
"""CNR1493596""","""CID5597323""",1,1,0.5710582201849087
"""CNR3738503""","""CID9883914""",0,0,0.13454589492412494
"""CNR6398351""","""CID6138106""",1,1,0.9814704638646832
"""CNR4220229""","""CID2831407""",0,0,0.13042544897425443
"""CNR6284171""","""CID1178660""",1,1,0.67255129194375
"""CNR6480886""","""CID9863163""",1,1,0.5822567204464276
"""CNR4235514""","""CID1597146""",1,1,0.6396813161301097
"""CNR8666976""","""CID4549919""",1,1,0.580827885777837
"""CNR1924753""","""CID1341689""",1,1,0.9374552643575028
"""CNR6484548""","""CID3127325""",1,1,0.9289490718015054
"""CNR9022065""","""CID6828608""",0,0,0.18002104764831037
"""CNR1876502""","""CID7199826""",1,1,0.7452280550810528
"""CNR2740517""","""CID3959385""",1,1,0.6913452702736921
"""CNR1245129""","""CID4441301""",0,0,0.09124694611892355
"""CNR4895177""","""CID5961874""",0,0,0.08624762917424245
"""CNR3752568""","""CID9357981""",0,0,0.077757690286605
"""CNR1104839""","""CID7018832""",1,1,0.6691461867598819
"""CNR7478906""","""CID6365409""",1,1,0.9212259041969719
"""CNR1368971""","""CID7528565""",0,0,0.08112846727479146
"""CNR9224208""","""CID2380134""",1,1,0.696949871082503
"""CNR1589009""","""CID4656038""",1,1,0.7113874210125335
"""CNR7752321""","""CID4843933""",0,0,0.07239277131518594
"""CNR9513520""","""CID8902580""",1,1,0.9277885188779642
"""CNR2596723""","""CID7774362""",1,1,0.9782665721502988
"""CNR5312815""","""CID8515008""",0,0,0.08641867935951618
"""CNR1675484""","""CID4211804""",1,1,0.5577877958762584
"""CNR5194596""","""CID1213162""",1,1,0.6976548640434828
"""CNR2554376""","""CID4261140""",0,0,0.09014592442360073
"""CNR5574637""","""CID4010248""",1,1,0.9261121292449915
"""CNR1257239""","""CID4521566""",1,1,0.5976759171993347
"""CNR9451522""","""CID4700898""",1,1,0.9608340759066607
"""CNR3093849""","""CID8665857""",1,1,0.9311289000465729
"""CNR7609634""","""CID5356434""",1,1,0.9331847854632953
"""CNR6409410""","""CID9361520""",1,1,0.9460821378947993
"""CNR6976036""","""CID4386271""",1,1,0.797281623516199
"""CNR9476176""","""CID5999206""",1,1,0.9636823586442068
"""CNR1062898""","""CID7552182""",1,1,0.5947115283514901
"""CNR9684649""","""CID3320486""",1,1,0.9692466675241659
"""CNR8128915""","""CID3650626""",0,0,0.08611963821041012
"""CNR3538326""","""CID1714980""",1,1,0.978990361172043
"""CNR4989363""","""CID9850526""",0,1,0.7486561893136613
"""CNR4480927""","""CID6074502""",1,1,0.9778170619221451
"""CNR1494466""","""CID1537342""",1,1,0.8231579200370582
"""CNR2284489""","""CID2483618""",1,1,0.5894769127376268
"""CNR6866217""","""CID7798304""",1,1,0.5629237433620402
"""CNR1330914""","""CID9540238""",1,1,0.9816086410327224
"""CNR8732504""","""CID7085572""",1,1,0.7065983938002869
"""CNR5314572""","""CID7217707""",1,1,0.9844297164083501
"""CNR4179464""","""CID1609045""",1,1,0.9776863873751258
"""CNR6738715""","""CID7653349""",1,1,0.9270603671150187
"""CNR2034874""","""CID1158049""",1,1,0.7284210135906657
"""CNR3877735""","""CID5888501""",1,1,0.9608385681200156
"""CNR9726407""","""CID4826498""",1,1,0.9803590334712114
"""CNR7894102""","""CID6622296""",1,1,0.9337151313285106
"""CNR2864066""","""CID9983528""",1,1,0.6875925184457748
"""CNR8110006""","""CID3376266""",1,1,0.9780526803347049
"""CNR8627824""","""CID6453580""",0,0,0.1681472354555923
"""CNR9478544""","""CID8411989""",1,1,0.965167855526067
"""CNR3207221""","""CID1097172""",0,0,0.07840131730685967
"""CNR7839751""","""CID4764962""",1,1,0.973166554401374
"""CNR5415838""","""CID8126854""",0,0,0.2215811584000347
"""CNR1138048""","""CID1549651""",1,1,0.9864144111604746
"""CNR6919092""","""CID5652229""",1,1,0.5817872400619709
"""CNR5442581""","""CID5004102""",1,1,0.9428518553030094
"""CNR6403980""","""CID2565099""",0,1,0.6838606987612917
"""CNR3023565""","""CID7474929""",1,1,0.9721085334754116
"""CNR1059910""","""CID3479527""",0,0,0.1182218567486898
"""CNR8507640""","""CID9178615""",1,1,0.726991153664781
"""CNR5250762""","""CID4276896""",0,0,0.14669205216250425
"""CNR3599204""","""CID8470787""",0,0,0.08617324431027827
"""CNR2569250""","""CID8873987""",1,1,0.6866656342212186
"""CNR6697015""","""CID5419528""",0,0,0.10679110675905873
"""CNR4235586""","""CID1190738""",1,1,0.9809373695676997
"""CNR2173478""","""CID9998353""",1,1,0.9927670484426087
"""CNR2383376""","""CID7845861""",1,1,0.6201638195710982
"""CNR3996336""","""CID3743624""",1,1,0.9785595136324965
"""CNR4577629""","""CID3310746""",1,1,0.9890054726818581
"""CNR4015676""","""CID6429574""",1,1,0.951507939564183
"""CNR5589656""","""CID3891875""",1,1,0.6790153922052152
"""CNR9258470""","""CID6365411""",0,1,0.6644973321641736
"""CNR5722215""","""CID4653694""",1,1,0.6832630726723357
"""CNR1072516""","""CID6587808""",1,1,0.9424430559175877
"""CNR8252578""","""CID5878845""",0,0,0.06983130035905748
"""CNR1668245""","""CID2288771""",0,0,0.08672907029768623
"""CNR2458828""","""CID4330745""",1,1,0.9389458921227558
"""CNR1082197""","""CID7360782""",1,1,0.9828157941634557
"""CNR1000037""","""CID8671965""",1,1,0.9267674850623534
"""CNR6424353""","""CID6159984""",1,1,0.9177290319078653
"""CNR4748479""","""CID4197974""",0,0,0.08510073422010948
"""CNR5276021""","""CID1158656""",0,0,0.15904259739619495
"""CNR3375691""","""CID7828062""",1,1,0.571765056786195
"""CNR5701673""","""CID5847175""",0,0,0.0759207097506401
"""CNR8806533""","""CID2348506""",1,1,0.9325809894694254
"""CNR3220927""","""CID1299741""",0,0,0.07618946306953767
"""CNR7467246""","""CID6245170""",1,1,0.9580796186034201
"""CNR6213357""","""CID5435197""",1,1,0.6153623761815585
"""CNR8726401""","""CID8822303""",1,1,0.6798396639774719
"""CNR2801663""","""CID8080558""",1,1,0.9768016154292101
"""CNR4728470""","""CID3884695""",0,0,0.09348179180151511
"""CNR4934318""","""CID8275114""",1,1,0.9230988751985372
"""CNR3869815""","""CID6227073""",1,1,0.7118047815148076
"""CNR2759573""","""CID3691855""",1,1,0.9221202562208423
"""CNR6913261""","""CID8646992""",0,0,0.06533787985130605
"""CNR6890566""","""CID7575746""",1,1,0.9626645921214108
"""CNR6077990""","""CID7013424""",1,1,0.774720846448378
"""CNR1808826""","""CID5182790""",0,0,0.07127660743480776
"""CNR1953257""","""CID9831511""",0,1,0.7314414116306741
"""CNR1460039""","""CID1547853""",1,1,0.9872913267735445
"""CNR4794868""","""CID7678558""",0,1,0.746685281570763
"""CNR3487423""","""CID3861469""",0,1,0.71877610491283
"""CNR9031260""","""CID3186399""",0,0,0.14310370024908256
"""CNR5848992""","""CID9836745""",0,0,0.08699615555034294
"""CNR7456065""","""CID4617730""",1,1,0.9303822048866178
"""CNR5847366""","""CID4390410""",0,0,0.08799676484602607
"""CNR8671461""","""CID7192973""",0,0,0.08644377056265833
"""CNR2694709""","""CID5054240""",1,1,0.9847746918374108
"""CNR8695678""","""CID3878454""",1,1,0.9698119919226467
"""CNR6452741""","""CID5096568""",1,1,0.9599072325745425
"""CNR6649009""","""CID2601820""",0,0,0.09798976571466622
"""CNR2158077""","""CID5626969""",1,1,0.7511709619775574
"""CNR7279945""","""CID4480734""",0,0,0.08897350290964279
"""CNR9936398""","""CID4390437""",0,1,0.7260077236687724
"""CNR2055276""","""CID3580809""",0,0,0.08806092351388675
"""CNR6620110""","""CID1940785""",1,1,0.95188974359948
"""CNR5519498""","""CID6862526""",0,0,0.06535876246732199
"""CNR3642484""","""CID9096671""",1,1,0.9832739200316541
"""CNR6163195""","""CID4082084""",0,0,0.08086651996319179
"""CNR5010449""","""CID8786905""",0,0,0.07462205159369369
"""CNR5871244""","""CID5707788""",0,0,0.08735059777584328
"""CNR2555380""","""CID4314238""",1,1,0.9524547248167567
"""CNR7374525""","""CID1287171""",1,1,0.5674103599282169
"""CNR5596031""","""CID3231567""",0,0,0.16708132688465208
"""CNR4638034""","""CID6946617""",0,0,0.0692479093271094
"""CNR4288948""","""CID7140199""",0,0,0.061408495824381897
"""CNR1464569""","""CID4693277""",1,1,0.7527090623530489
"""CNR1867369""","""CID2779283""",1,1,0.9271833257025295
"""CNR3169770""","""CID8217901""",1,1,0.6912636688968973
"""CNR8696240""","""CID6964268""",0,0,0.08856992535089436
"""CNR6919831""","""CID7803281""",0,0,0.07215176892677341
"""CNR4788303""","""CID8064869""",1,1,0.9336861554674476
"""CNR8040297""","""CID7051107""",0,0,0.1499246991081884
"""CNR6215182""","""CID7923478""",0,1,0.723629113546671
"""CNR2012410""","""CID7829185""",0,0,0.07460234702327946
"""CNR4288083""","""CID1928383""",0,0,0.08319145154297455
"""CNR4843087""","""CID7780501""",1,1,0.6908039495536966
"""CNR2742692""","""CID6825812""",1,1,0.9813729916409756
"""CNR9088179""","""CID7597539""",0,1,0.5979411687525319
"""CNR7782916""","""CID3735053""",1,1,0.8438302840738945
"""CNR7445990""","""CID5648885""",1,1,0.9847127721646706
"""CNR4997609""","""CID8932435""",0,0,0.18147906625407828
"""CNR2176597""","""CID4982808""",0,1,0.7227550406641011
"""CNR9033204""","""CID5320835""",1,1,0.96022693862152
"""CNR8094259""","""CID3884147""",1,1,0.5693748479866536
"""CNR9344660""","""CID6187452""",1,1,0.9472279269649811
"""CNR2633775""","""CID6726693""",1,1,0.688287930068332
"""CNR8913606""","""CID7695123""",0,1,0.5965047688993803
"""CNR1594248""","""CID3612521""",0,0,0.07925379168048968
"""CNR2128854""","""CID1812374""",1,1,0.6558873049136491
"""CNR4338480""","""CID5147846""",0,1,0.5972655780540911
"""CNR5475356""","""CID9140660""",0,0,0.0866669255725261
"""CNR3047337""","""CID9844040""",1,1,0.5921358164566914
"""CNR1323393""","""CID4974555""",0,1,0.7489125598072978
"""CNR8534084""","""CID6515435""",1,1,0.5690122824122423
"""CNR2324625""","""CID6509735""",1,1,0.9874680696072183
"""CNR8458448""","""CID7701571""",1,1,0.7024559378807896
"""CNR9368779""","""CID1171975""",1,1,0.9767426457653315
"""CNR4729802""","""CID1053540""",1,1,0.6173699455900289
"""CNR5601805""","""CID6091967""",1,1,0.7661105868062819
"""CNR2004179""","""CID7985406""",1,1,0.9762498797682874
"""CNR9960067""","""CID2961605""",1,1,0.9700969899282675
"""CNR4272120""","""CID3166135""",1,1,0.9370426054265882
"""CNR4851755""","""CID4612818""",1,1,0.7365908241390355
"""CNR2907105""","""CID8889015""",0,0,0.08988076762294005
"""CNR8883844""","""CID3611411""",0,1,0.7461541804962611
"""CNR9944412""","""CID5728952""",0,0,0.10790258065339264
"""CNR9246433""","""CID1586280""",1,1,0.6520455387400516
"""CNR9685005""","""CID3700532""",1,1,0.9741101374926581
"""CNR9015216""","""CID5972058""",1,1,0.6949794141183989
"""CNR2880239""","""CID9804959""",0,0,0.11020089780873818
"""CNR6362155""","""CID3765396""",0,0,0.2018472713036768
"""CNR1567393""","""CID3832481""",1,1,0.9406597126043162
"""CNR9901543""","""CID5548674""",0,0,0.08052040005248329
"""CNR8195507""","""CID3542661""",1,1,0.7065802749469857
"""CNR2200431""","""CID9342087""",1,1,0.709737543862115
"""CNR2603585""","""CID9759426""",1,1,0.6090469355153374
"""CNR9827154""","""CID6331677""",0,1,0.6195418229172266
"""CNR9687108""","""CID8173398""",1,1,0.9348989886928272
"""CNR1714472""","""CID3704032""",1,1,0.9821817700559058
"""CNR9549416""","""CID7458989""",1,1,0.9516646818985495
"""CNR8232390""","""CID2232986""",1,1,0.9826713244506389
"""CNR2261495""","""CID6235472""",0,0,0.07827113999911764
"""CNR9325921""","""CID8628220""",1,1,0.691289143521576
"""CNR7338211""","""CID6814025""",1,1,0.9806313880519278
"""CNR7478477""","""CID6719167""",1,1,0.555487927690626
"""CNR3584226""","""CID5535518""",1,1,0.8286958643952848
"""CNR7643595""","""CID1262420""",1,1,0.9894853423929595
"""CNR3300006""","""CID4587509""",1,1,0.9313179370174756
"""CNR1605534""","""CID6000093""",1,1,0.9886151352468353
"""CNR8202600""","""CID4458545""",1,1,0.9754135892827255
"""CNR6652889""","""CID8287190""",1,1,0.9883054908942133
"""CNR5662107""","""CID4732667""",1,1,0.5795410000568596
"""CNR1857201""","""CID1163478""",1,1,0.966812143468503
"""CNR2073042""","""CID8752642""",0,0,0.08462172997108275
"""CNR7212424""","""CID7908786""",1,1,0.5740727686765555
"""CNR2522259""","""CID3286054""",0,0,0.13542486383265764
"""CNR2697433""","""CID4305089""",0,1,0.5918487832269343
"""CNR9491262""","""CID4381381""",1,1,0.6320327696507797
"""CNR9762262""","""CID4507643""",0,1,0.7176300708724093
"""CNR6297790""","""CID8329126""",1,1,0.976386570605545
"""CNR2491385""","""CID6475814""",1,1,0.9789488050809596
"""CNR3342731""","""CID9821316""",1,1,0.7142947700733132
"""CNR7373870""","""CID7647436""",1,1,0.9837849709423286
"""CNR3538083""","""CID7855439""",1,1,0.9487446025835321
"""CNR7234981""","""CID8433785""",1,1,0.5748852668397846
"""CNR7462103""","""CID4170711""",1,1,0.9847682197506502
"""CNR6512230""","""CID8642311""",0,0,0.07693600805474869
"""CNR1867067""","""CID4082321""",1,1,0.6116044659965859
"""CNR7994143""","""CID3643516""",0,0,0.0686860962141146
"""CNR4987124""","""CID3264485""",1,1,0.9564909641087964
"""CNR8557902""","""CID6338651""",1,1,0.9321675510549723
"""CNR6349526""","""CID5554222""",1,1,0.6329577458791213
"""CNR7357502""","""CID3261771""",1,1,0.8045919629291656
"""CNR7585317""","""CID2939473""",1,1,0.9289199841016483
"""CNR4201191""","""CID2123545""",1,1,0.559783137384696
"""CNR8219524""","""CID7772917""",0,0,0.0811807055730256
"""CNR7210533""","""CID4742508""",0,0,0.07575399955590975
"""CNR5977346""","""CID5642003""",0,1,0.571963532455444
"""CNR1967769""","""CID5370755""",1,1,0.6787932421876454
"""CNR4704462""","""CID3968607""",1,1,0.9239873532566787
"""CNR9752157""","""CID8403253""",0,0,0.21472356367970752
"""CNR2674475""","""CID2680447""",1,1,0.986946063005149
"""CNR6349741""","""CID1941366""",1,1,0.7358122349535929
"""CNR6789949""","""CID2599132""",1,1,0.9884590900217073
"""CNR7958401""","""CID7903351""",0,0,0.10419224037902788
"""CNR6888215""","""CID6921172""",1,1,0.69592066132675
"""CNR4281307""","""CID5619365""",0,1,0.7593248341018928
"""CNR2242050""","""CID9119817""",1,1,0.7951386262465467
"""CNR4483533""","""CID1932780""",1,1,0.9125358982665557
"""CNR1877714""","""CID6575656""",0,0,0.09291593063425418
"""CNR2141369""","""CID2734318""",0,0,0.1067188378686578
"""CNR9130065""","""CID4707154""",0,0,0.08637768176624966
"""CNR6435374""","""CID9436655""",1,1,0.9388962787444969
"""CNR8007947""","""CID1677585""",1,1,0.7806498777193064
"""CNR6669912""","""CID5103888""",0,0,0.1105645212764784
"""CNR1803726""","""CID1495073""",0,0,0.14007904965894133
"""CNR3932238""","""CID5665451""",1,1,0.9230026785054433
"""CNR9270071""","""CID8602178""",1,1,0.9712536341291639
"""CNR8718229""","""CID4943334""",1,1,0.9337249859083404
"""CNR7688123""","""CID2070276""",0,0,0.07498108910521296
"""CNR4866253""","""CID7089643""",1,1,0.9454020617426754
"""CNR2847586""","""CID1695275""",0,0,0.09125881327741645
"""CNR5904883""","""CID7254072""",0,0,0.07749965746670981
"""CNR4612885""","""CID8603466""",0,0,0.08456917755829925
"""CNR3076377""","""CID7373440""",1,1,0.6732614853778182
"""CNR7577934""","""CID2063603""",1,1,0.7182942591611242
"""CNR2322494""","""CID5773097""",1,1,0.6903430873120447
"""CNR1695138""","""CID5704634""",0,0,0.0887933992704069
"""CNR4291914""","""CID1247023""",1,1,0.5836856021286465
"""CNR2162073""","""CID8713721""",0,0,0.17182776719064052
"""CNR4621261""","""CID1806727""",1,1,0.9880091109836284
"""CNR6862307""","""CID4315736""",1,1,0.987175509473148
"""CNR8355211""","""CID7680877""",0,0,0.09269650327802384
"""CNR8862627""","""CID5593336""",1,1,0.9800263818522512
"""CNR9022806""","""CID7249455""",0,1,0.6504177624805312
"""CNR3387658""","""CID4201407""",1,1,0.9257581747619755
"""CNR7818731""","""CID5165961""",1,1,0.9883939500788087
"""CNR1702032""","""CID9795545""",0,0,0.08480666743900496
"""CNR3491586""","""CID9221731""",1,1,0.7308144566117375
"""CNR4926308""","""CID7770914""",1,1,0.7330141889315223
"""CNR2124734""","""CID1487608""",0,0,0.08840536166235799
"""CNR4866929""","""CID8794765""",1,1,0.9779464387937584
"""CNR6806891""","""CID7352258""",0,0,0.08545759161930294
"""CNR1701980""","""CID3102519""",0,0,0.09374462219470499
"""CNR9643627""","""CID3884344""",1,1,0.9877360774410562
"""CNR7671539""","""CID4696147""",1,1,0.9409354626626191
"""CNR3785093""","""CID9682608""",0,0,0.12104674729583537
"""CNR1004851""","""CID1154504""",0,0,0.07313317396311292
"""CNR4755486""","""CID5554397""",0,0,0.08472516738090963
"""CNR9579829""","""CID6587153""",1,1,0.5585486492946072
"""CNR2897182""","""CID7177871""",0,1,0.7528724379232484
"""CNR1392983""","""CID1279314""",0,0,0.10196201273201815
"""CNR3210951""","""CID8150895""",1,1,0.9880975182308825
"""CNR5594465""","""CID1854534""",1,1,0.7164678005447934
"""CNR8231035""","""CID5990682""",0,0,0.06559036254616289
"""CNR3379378""","""CID5264935""",0,0,0.08557932916509525
"""CNR2248940""","""CID8250152""",1,1,0.9496243337213593
"""CNR7446874""","""CID4771264""",1,0,0.4389978992465361
"""CNR8555234""","""CID9619912""",1,1,0.965178530155844
"""CNR5619347""","""CID1435997""",0,0,0.1603159960071281
"""CNR6489901""","""CID1879029""",0,0,0.10734248016847497
"""CNR6000946""","""CID7787974""",0,0,0.09571685638982133
"""CNR3771790""","""CID9689436""",0,0,0.07930077266925512
"""CNR1023192""","""CID2835142""",0,0,0.1030479221396875
"""CNR1159804""","""CID5651330""",0,0,0.093972415973442
"""CNR3206752""","""CID5332977""",1,1,0.9423717581137371
"""CNR6642825""","""CID7843337""",0,0,0.064276919463539
"""CNR6783838""","""CID1129922""",0,0,0.08928962039364363
"""CNR6634424""","""CID5984071""",0,0,0.07859675916006192
"""CNR7980971""","""CID8118256""",1,1,0.9488603892954264
"""CNR2016042""","""CID2882022""",1,1,0.7084499034882548
"""CNR6831600""","""CID9318127""",1,1,0.960205701009055
"""CNR6676680""","""CID3757234""",1,1,0.9622558221249335
"""CNR4720720""","""CID5679293""",1,1,0.9323087963030696
"""CNR3040261""","""CID6466322""",0,0,0.09541071589106957
"""CNR7865690""","""CID7098875""",0,0,0.07867036243714545
"""CNR1929598""","""CID8910705""",1,1,0.783281357856165
"""CNR2651758""","""CID1610584""",0,0,0.09941667252565888
"""CNR5999549""","""CID5311932""",1,1,0.7692718756005199
"""CNR9329360""","""CID2257583""",1,1,0.9823979844359165
"""CNR3679190""","""CID9738444""",1,1,0.7809642369595475
"""CNR8398496""","""CID7411547""",1,1,0.9881436218195796
"""CNR9110981""","""CID2273937""",1,1,0.932596205017066
"""CNR1014667""","""CID7305802""",1,1,0.705082820741941
"""CNR8307233""","""CID7991077""",1,1,0.974946366332945
"""CNR6214024""","""CID2682611""",0,0,0.09101184597964143
"""CNR5044647""","""CID8717950""",1,1,0.9408831600421638
"""CNR3121432""","""CID2222119""",0,0,0.10933053375283469
"""CNR1932215""","""CID1613246""",1,1,0.9548270866123653
"""CNR8848810""","""CID8843072""",1,1,0.7037217581618201
"""CNR3947673""","""CID9021973""",1,1,0.7263141248190546
"""CNR4234448""","""CID3549469""",1,1,0.6320028511584517
"""CNR2485485""","""CID4562133""",1,1,0.6909889576029337
"""CNR9128945""","""CID9396066""",1,1,0.9828693512385016
"""CNR1857434""","""CID2866320""",1,1,0.7441133484191674
"""CNR3609507""","""CID3582694""",1,1,0.9818502199775119
"""CNR6138221""","""CID4424550""",0,0,0.10378096500664517
"""CNR7907196""","""CID5456520""",0,1,0.7414411298286764
"""CNR3388612""","""CID8097188""",1,1,0.5982658025105084
"""CNR2729027""","""CID4795728""",0,0,0.08637029701948766
"""CNR2337965""","""CID4696979""",0,0,0.13702039340028513
"""CNR4427158""","""CID7093225""",1,1,0.8135798344713414
"""CNR5857481""","""CID7350217""",0,1,0.565350405336605
"""CNR7942328""","""CID7383211""",1,1,0.6998897147067215
"""CNR6618106""","""CID9535023""",0,0,0.08740337568522527
"""CNR6559395""","""CID9648284""",0,0,0.0827641471702382
"""CNR9053708""","""CID1728859""",1,1,0.9459074774233254
"""CNR7885294""","""CID7504611""",0,1,0.6786632996471563
"""CNR5461263""","""CID8454806""",0,0,0.08387869673345343
"""CNR1231697""","""CID3830476""",1,1,0.7030406627513787
"""CNR5357584""","""CID9489775""",0,0,0.08331014730310034
"""CNR2977494""","""CID5755807""",1,1,0.9819464194852157
"""CNR3427940""","""CID1758157""",1,1,0.9517983814844129
"""CNR5899762""","""CID3159555""",1,1,0.9263224808378796
"""CNR1263634""","""CID9079051""",1,1,0.5694910860029168
"""CNR4334391""","""CID1527634""",1,1,0.9881048093603488
"""CNR2576824""","""CID9610969""",1,1,0.7311780217063504
"""CNR6061220""","""CID8095243""",1,1,0.9331565792871065
"""CNR6200911""","""CID3553716""",1,1,0.9708843326281362
"""CNR6250283""","""CID9565561""",1,1,0.9460192045213824
"""CNR3854355""","""CID5132525""",1,1,0.7398506323049177
"""CNR5370782""","""CID7508190""",0,0,0.0781761752707989
"""CNR1708380""","""CID2276169""",1,1,0.7847268953617688
"""CNR4031124""","""CID4286174""",1,1,0.6808178505212455
"""CNR7013875""","""CID8673077""",0,0,0.1692647533155585
"""CNR5682861""","""CID7864945""",0,0,0.11059637076813303
"""CNR3091694""","""CID8643468""",1,1,0.5903299865763937
"""CNR6031128""","""CID5889175""",1,1,0.5943048962739693
"""CNR6224641""","""CID7113238""",0,0,0.07453448080076645
"""CNR2418934""","""CID2762184""",1,1,0.6852884558536552
"""CNR3501351""","""CID4720452""",0,1,0.5973097556376137
"""CNR6360914""","""CID5354086""",1,1,0.7309001220120646
"""CNR1921163""","""CID4438015""",1,1,0.7167110959844738
"""CNR6189120""","""CID2618595""",0,0,0.13003726073185143
"""CNR6809047""","""CID8908058""",0,0,0.08257854509315794
"""CNR1252830""","""CID9041055""",1,1,0.7264395240970817
"""CNR4850325""","""CID9273635""",1,1,0.5928471488916116
"""CNR1047828""","""CID9874175""",0,0,0.08206905724075327
"""CNR4043980""","""CID3585938""",0,0,0.16900855097926537
"""CNR2378833""","""CID2757689""",1,1,0.7266285213416969
"""CNR3385091""","""CID2601108""",1,1,0.9723789486244964
"""CNR2768160""","""CID4128122""",1,1,0.7060819639301105
"""CNR9955524""","""CID8032090""",1,1,0.7243185461778606
"""CNR1067694""","""CID1740621""",1,1,0.9183612002966629
"""CNR2956603""","""CID8575164""",1,1,0.7832003932459485
"""CNR9113977""","""CID3093418""",1,1,0.9743467417799908
"""CNR2321518""","""CID4973899""",1,1,0.9705822399371249
"""CNR8808318""","""CID8811602""",0,0,0.095429834949124
"""CNR5999614""","""CID5273281""",0,0,0.17199819398318497
"""CNR8605221""","""CID1448583""",1,1,0.7227885862795693
"""CNR3119875""","""CID7569152""",0,1,0.5833214215497176
"""CNR3497342""","""CID1601766""",0,0,0.08164911617616528
"""CNR8334137""","""CID5768270""",1,1,0.5926883536891737
"""CNR2923789""","""CID6541646""",0,0,0.06487836758307106
"""CNR5309720""","""CID4408024""",1,1,0.928612696056195
"""CNR6714918""","""CID4369070""",0,0,0.07041825708362029
"""CNR5427148""","""CID4799353""",0,1,0.5858664324517626
"""CNR8186322""","""CID4067462""",1,1,0.9256721355119761
"""CNR7563277""","""CID9122914""",1,1,0.9796192184040785
"""CNR9338174""","""CID8376316""",1,1,0.8721497167201208
"""CNR4851364""","""CID6700170""",1,1,0.9409655032925479
"""CNR5959554""","""CID7677347""",0,0,0.0780179149428575
"""CNR9465099""","""CID9182553""",1,1,0.9498206156774114
"""CNR6666181""","""CID5241959""",1,1,0.934313007523887
"""CNR5616840""","""CID3362198""",1,1,0.688298981101303
"""CNR4796146""","""CID7591066""",0,0,0.07304715903663801
"""CNR7328797""","""CID1341753""",0,0,0.07910068366662841
"""CNR6922996""","""CID5101528""",0,1,0.5741375362576987
"""CNR9982336""","""CID6918376""",1,1,0.982522424190995
"""CNR5564311""","""CID8340188""",1,1,0.7176379729021721
"""CNR7407312""","""CID6998607""",1,1,0.9885580640724498
"""CNR3690065""","""CID1461980""",0,0,0.08886846834168184
"""CNR3512070""","""CID6711713""",1,1,0.5762156392293675
"""CNR7886440""","""CID9017268""",1,1,0.8124537611752891
"""CNR6726515""","""CID4713269""",1,1,0.9357431912964838
"""CNR7997312""","""CID1369556""",1,1,0.7295249282274665
"""CNR4292810""","""CID6920553""",0,0,0.08011653870748033
"""CNR6731371""","""CID8809901""",1,1,0.9705181605978394
"""CNR6407898""","""CID4997328""",0,0,0.0600374227014777
"""CNR3653996""","""CID2524577""",0,0,0.08391649225199141
"""CNR3620587""","""CID5461737""",1,1,0.7167548202728902
"""CNR1788005""","""CID1347212""",1,1,0.9198236375179336
"""CNR3414443""","""CID7463578""",0,0,0.07236730965047088
"""CNR1181454""","""CID8451743""",1,1,0.7290509081063826
"""CNR4701673""","""CID3176142""",0,0,0.12128914381372256
"""CNR3569039""","""CID3829670""",0,0,0.06599354056140579
"""CNR9783619""","""CID4045309""",0,0,0.11325754167847918
"""CNR8276228""","""CID2861945""",1,1,0.7004002347372641
"""CNR8320366""","""CID9360666""",1,1,0.5896793262887066
"""CNR2605214""","""CID8415535""",0,0,0.07401137588439166
"""CNR6285731""","""CID5413657""",1,1,0.9554777026083756
"""CNR9335814""","""CID6055377""",1,1,0.5593569287097779
"""CNR8985972""","""CID1679619""",0,0,0.10968421488359939
"""CNR2023737""","""CID5156032""",1,1,0.9775735564684885
"""CNR3753980""","""CID1551423""",1,1,0.9666550795471445
"""CNR7022060""","""CID4572967""",1,1,0.977904698219005
"""CNR5786819""","""CID7252213""",0,0,0.08323841072907916
"""CNR4066631""","""CID5047469""",1,1,0.6402196971260021
"""CNR4420459""","""CID1319166""",0,0,0.06762969991125466
"""CNR9845843""","""CID1993766""",1,1,0.9337145510324092
"""CNR2013508""","""CID9938609""",0,0,0.07355226309475112
"""CNR6454403""","""CID4021874""",1,1,0.6968125133629713
"""CNR3016134""","""CID2721223""",1,1,0.9858252947159764
"""CNR2131517""","""CID6077056""",1,1,0.9698538992257473
"""CNR3044495""","""CID5321091""",1,1,0.9150361031936336
"""CNR2880092""","""CID3111423""",1,1,0.615916077349213
"""CNR1851797""","""CID6418194""",0,0,0.0530171968588197
"""CNR9071971""","""CID1285576""",0,0,0.06631187376099933
"""CNR5170601""","""CID8818992""",0,1,0.5799911714802636
"""CNR5996791""","""CID4447477""",1,1,0.9848191287094772
"""CNR8734553""","""CID7070917""",1,1,0.9397119360438084
"""CNR4626747""","""CID4741241""",1,1,0.9753176944150884
"""CNR2974224""","""CID6918729""",0,0,0.10201575061428057
"""CNR6165573""","""CID8510302""",1,1,0.7475113523850219
"""CNR6698652""","""CID3170984""",1,1,0.9452310925978312
"""CNR1555683""","""CID7982984""",1,1,0.5804788005813983
"""CNR4068151""","""CID3895025""",1,1,0.7313492301694567
"""CNR4854373""","""CID1605025""",0,0,0.08561752623751677
"""CNR6654387""","""CID8953296""",1,1,0.9253061272321531
"""CNR9310155""","""CID6350530""",1,1,0.9878307640818623
"""CNR8479672""","""CID6474183""",0,0,0.13205969606290793
"""CNR3161512""","""CID3882455""",1,1,0.9526568975789377
"""CNR2774636""","""CID4033258""",1,1,0.7345902001579389
"""CNR3918846""","""CID7083552""",0,0,0.16279268707576633
"""CNR7527530""","""CID5610095""",1,1,0.9629493346052649
"""CNR6464747""","""CID4866398""",1,1,0.6245394814321219
"""CNR5264816""","""CID7512311""",1,1,0.7299081300492787
"""CNR5299239""","""CID3316895""",0,0,0.058092062034638424
"""CNR1171014""","""CID5675098""",1,1,0.6000644174773748
"""CNR5538852""","""CID2436743""",0,1,0.6264765792487788
"""CNR7666277""","""CID2267167""",1,1,0.7034237708584258
"""CNR5940686""","""CID7424024""",1,1,0.9562903624916561
"""CNR6197310""","""CID8195589""",0,0,0.08967171061476349
"""CNR1214635""","""CID2336342""",1,1,0.6670976927572115
"""CNR6980226""","""CID2564326""",1,1,0.9912822801548891
"""CNR9395010""","""CID7878071""",1,1,0.6983201729450087
"""CNR7104537""","""CID1673770""",1,1,0.5919097808956838
"""CNR1160817""","""CID4009600""",1,1,0.98058826429447
"""CNR6983368""","""CID9564860""",0,1,0.7075289387651399
"""CNR4532851""","""CID3967996""",0,0,0.24058033444958965
"""CNR7988908""","""CID8474328""",1,1,0.9228844000146558
"""CNR2524214""","""CID4012425""",1,1,0.5640393218599813
"""CNR6152561""","""CID2023929""",1,1,0.9557467952012845
"""CNR2086134""","""CID2459022""",1,1,0.8959328883527905
"""CNR5814448""","""CID8747072""",1,1,0.7788377146921318
"""CNR7139043""","""CID5231473""",0,0,0.22278839794976543
"""CNR2820254""","""CID1644849""",1,1,0.9033888949188696
"""CNR5341284""","""CID5672234""",1,1,0.969679221521274
"""CNR7387460""","""CID3414088""",0,0,0.07579292754306584
"""CNR8928917""","""CID6169837""",0,0,0.1234329552055457
"""CNR2557025""","""CID5668948""",0,0,0.08735642947822386
"""CNR3866439""","""CID1747024""",1,1,0.9823633841376093
"""CNR3534560""","""CID1491047""",1,1,0.8628204489167695
"""CNR7223865""","""CID9533414""",0,0,0.06652678458407238
"""CNR2577399""","""CID6973185""",1,1,0.6565610961090822
"""CNR7245842""","""CID1421195""",1,1,0.9905934830454192
"""CNR2934563""","""CID8809402""",1,1,0.6176442684993264
"""CNR2357019""","""CID5775139""",1,1,0.9844087455741656
"""CNR4973521""","""CID1870585""",1,1,0.7234679157212249
"""CNR8139834""","""CID9457695""",1,1,0.9864971646699805
"""CNR4431626""","""CID8403733""",0,0,0.09149462815347419
"""CNR9460325""","""CID5846895""",0,0,0.06826869756293916
"""CNR9053475""","""CID9670435""",1,1,0.641120192229505
"""CNR4130739""","""CID7539314""",1,1,0.9695362674293464
"""CNR6417926""","""CID1441556""",1,1,0.9812130746302823
"""CNR3720426""","""CID3109415""",1,1,0.8051748840263238
"""CNR3491500""","""CID5826665""",1,1,0.95954712563235
"""CNR4406936""","""CID1235401""",1,1,0.6936309821918233
"""CNR3670163""","""CID4608904""",1,1,0.5757407341833664
"""CNR7856866""","""CID3565780""",0,0,0.12417409689926769
"""CNR1050536""","""CID9115727""",1,1,0.9315127787894233
"""CNR4386712""","""CID3774167""",1,1,0.941783715346585
"""CNR2755691""","""CID1851874""",1,1,0.9722809316605387
"""CNR1889637""","""CID5127270""",1,1,0.9624909433545522
"""CNR4717240""","""CID7853404""",1,1,0.952862421923262
"""CNR8962790""","""CID9147325""",1,1,0.6117883215077966
"""CNR9455089""","""CID6046165""",1,1,0.7111127293239133
"""CNR4942752""","""CID5246239""",1,1,0.9641129605392157
"""CNR4760449""","""CID2823760""",1,1,0.986441769853158
"""CNR7360267""","""CID8764346""",1,1,0.9887323121577016
"""CNR6922212""","""CID1135087""",1,1,0.955056320898478
"""CNR3928775""","""CID7603337""",1,1,0.9876288310011657
"""CNR5498317""","""CID2319229""",1,1,0.9822019968218848
"""CNR4013118""","""CID9025995""",1,1,0.9738639073571232
"""CNR6007774""","""CID9394653""",0,1,0.6421551970032097
"""CNR1916344""","""CID8375402""",1,1,0.5749478632272518
"""CNR3207199""","""CID3588600""",0,0,0.08538743123162162
"""CNR2309733""","""CID5556508""",0,0,0.151501958127267
"""CNR1513272""","""CID3027058""",1,1,0.9186681881408282
"""CNR5224561""","""CID4564537""",1,1,0.7007539970677509
"""CNR7475215""","""CID8321495""",0,0,0.0633496698731474
"""CNR4818527""","""CID1144484""",1,1,0.9197965512049882
"""CNR2490527""","""CID4565467""",0,0,0.07960007218218455
"""CNR9630109""","""CID9734818""",1,1,0.9355411564260998
"""CNR8609092""","""CID9791631""",0,1,0.7613398137833749
"""CNR5606770""","""CID9453926""",1,1,0.984481830608495
"""CNR8587515""","""CID7233949""",1,1,0.677126738698085
"""CNR1317722""","""CID9933581""",1,1,0.5673709325238406
"""CNR6042047""","""CID4203410""",1,1,0.9678513129882119
"""CNR1793754""","""CID3050242""",1,1,0.9779721695828387
"""CNR3360384""","""CID9946466""",1,1,0.9881364455279312
"""CNR7826819""","""CID7688187""",0,0,0.08791344846565452
"""CNR1416920""","""CID7563500""",1,1,0.6826189940321788
"""CNR5958007""","""CID1764106""",1,1,0.722396762488247
"""CNR3003729""","""CID8604993""",1,1,0.7119520425994129
"""CNR1367642""","""CID3327142""",0,0,0.08030100709762583
"""CNR5172556""","""CID8995897""",1,1,0.7497349540918351
"""CNR3089137""","""CID1234973""",1,1,0.9341582246009184
"""CNR3345691""","""CID8138410""",1,1,0.6339151498917865
"""CNR7296986""","""CID2125305""",1,1,0.9239243275349721
"""CNR5184077""","""CID4205020""",1,1,0.9686467637427273
"""CNR4362856""","""CID8962380""",0,0,0.09673669937927794
"""CNR5612401""","""CID9440170""",0,0,0.07054240471428731
"""CNR1914933""","""CID1743988""",1,1,0.5619427902742299
"""CNR4877164""","""CID6467497""",0,0,0.08087937295333023
"""CNR1118670""","""CID6704321""",1,1,0.9679685719670453
"""CNR9421125""","""CID5868582""",1,1,0.6997940833189038
"""CNR3854879""","""CID2558803""",1,1,0.5589760943825749
"""CNR2906940""","""CID8912832""",0,0,0.0829349664169914
"""CNR7295578""","""CID6885478""",0,1,0.6336104035271772
"""CNR9731555""","""CID4669241""",0,0,0.10538395977111768
"""CNR5439834""","""CID4290763""",0,0,0.08881532118565628
"""CNR9756574""","""CID4786201""",1,1,0.7190423469777025
"""CNR9658363""","""CID3210782""",1,1,0.9708037390156392
"""CNR6096775""","""CID5148899""",1,1,0.9722112722097553
"""CNR4980590""","""CID1554119""",1,1,0.9722194839955652
"""CNR3907487""","""CID4481012""",1,1,0.9827397710684839
"""CNR7055544""","""CID6538283""",1,1,0.7559324253513644
"""CNR7656291""","""CID7413732""",0,0,0.11668066475060937
"""CNR1489079""","""CID5294880""",1,1,0.7696359756243732
"""CNR7802717""","""CID3301467""",1,1,0.5690399973524225
"""CNR1861361""","""CID8428100""",0,1,0.5796594344651514
"""CNR6372116""","""CID4733555""",1,1,0.6978058940951583
"""CNR5846254""","""CID3213990""",1,1,0.9247665849911687
"""CNR6823624""","""CID9206744""",1,1,0.9626273747902265
"""CNR1890740""","""CID1845686""",1,1,0.9654021688214378
"""CNR4867102""","""CID9478430""",1,1,0.9889788472887628
"""CNR8363501""","""CID6768109""",1,1,0.9356462337462808
"""CNR2709689""","""CID3836695""",1,1,0.6975784331394679
"""CNR6202750""","""CID6041408""",1,1,0.7934478134631076
"""CNR1078577""","""CID5429994""",0,0,0.05345547358076394
"""CNR7074575""","""CID5444351""",1,1,0.618240000442914
"""CNR6439087""","""CID2761257""",1,1,0.918369977698066
"""CNR3705541""","""CID8877844""",1,1,0.9320197367047005
"""CNR2277118""","""CID7242887""",0,0,0.07834352619290408
"""CNR6725135""","""CID9363524""",1,1,0.6636930182241954
"""CNR3886090""","""CID8916322""",0,0,0.06592164079044366
"""CNR3023976""","""CID8789398""",1,1,0.6400019811760137
"""CNR9588806""","""CID7958318""",1,1,0.9868302954238705
"""CNR2314707""","""CID8414684""",0,1,0.7412279271487996
"""CNR6656323""","""CID5661283""",1,1,0.9737154316451034
"""CNR6538539""","""CID2147720""",0,0,0.07170036557106257
"""CNR9106932""","""CID9175956""",0,0,0.08571420211310936
"""CNR8541980""","""CID1543934""",0,0,0.08377562593618221
"""CNR4189794""","""CID1620291""",0,0,0.19683810979191474
"""CNR1511822""","""CID4414372""",1,1,0.5862667941153792
"""CNR7834274""","""CID5369081""",1,1,0.9633609623502535
"""CNR5261473""","""CID4270246""",1,1,0.9372548568413163
"""CNR9037614""","""CID6999103""",1,1,0.7548972283026892
"""CNR8707363""","""CID4139640""",1,1,0.6705317982039858
"""CNR6094059""","""CID8606809""",1,1,0.6993743868946869
"""CNR9475909""","""CID7840698""",0,1,0.6201712944159852
"""CNR6973944""","""CID1659123""",0,1,0.7799091689504061
"""CNR4127243""","""CID6987631""",0,0,0.08163187006311068
"""CNR7799251""","""CID4249208""",1,1,0.9268655009993152
"""CNR1278552""","""CID9843153""",0,0,0.058051294006092234
"""CNR2874048""","""CID5593830""",1,1,0.8099072660556688
"""CNR8852698""","""CID3028162""",0,0,0.11133087832320253
"""CNR6853685""","""CID7699397""",0,0,0.08291785629268751
"""CNR1876628""","""CID7699591""",1,1,0.6873798798276237
"""CNR2993303""","""CID3140194""",1,1,0.6677379176620373
"""CNR9947963""","""CID1880651""",0,0,0.0831742639280218
"""CNR6887075""","""CID1751171""",0,1,0.7445707686487619
"""CNR5003166""","""CID2881169""",0,1,0.5852487053776291
"""CNR9771738""","""CID3456282""",0,0,0.15376969090855663
"""CNR4363863""","""CID3269133""",0,0,0.08788886341871564
"""CNR9455108""","""CID7607036""",1,1,0.7049106253813419
"""CNR4595576""","""CID5106548""",1,1,0.5728687431276126
"""CNR5236135""","""CID2448521""",0,0,0.07994194448146369
"""CNR5785480""","""CID1944178""",1,1,0.6640916605934185
"""CNR8221242""","""CID2097375""",1,0,0.2686736575507513
"""CNR9519016""","""CID1240207""",1,1,0.7647030126134002
"""CNR7398627""","""CID5755026""",1,1,0.9556601124446594
"""CNR1139917""","""CID3764410""",0,0,0.11412996766218138
"""CNR9687402""","""CID7095316""",1,1,0.805261658443705
"""CNR3198705""","""CID3935812""",1,1,0.5758388730718833
"""CNR5435883""","""CID6007559""",1,1,0.9404578464695352
"""CNR8853397""","""CID4790326""",1,1,0.924810711215078
"""CNR4925764""","""CID3881962""",1,1,0.92331041520209
"""CNR5058315""","""CID4805598""",1,1,0.5559466891154661
"""CNR1267254""","""CID3249615""",1,1,0.668078280545861
"""CNR5616657""","""CID4101077""",0,0,0.08241525550429374
"""CNR6513720""","""CID2878701""",1,1,0.9914564627222355
"""CNR6646067""","""CID4229561""",1,1,0.6197581699553998
"""CNR6739317""","""CID8682675""",0,0,0.08246476986337328
"""CNR1784296""","""CID2277704""",1,1,0.9316063774866209
"""CNR7500512""","""CID9660874""",0,1,0.7555249289941633
"""CNR4034785""","""CID8789078""",1,1,0.9293438823678073
"""CNR3879181""","""CID1391738""",1,1,0.9229892332566833
"""CNR4022658""","""CID4778536""",1,1,0.5697071760442037
"""CNR7323858""","""CID2880038""",0,0,0.08145866280655568
"""CNR9188686""","""CID1112455""",1,1,0.6161485078580486
"""CNR7363425""","""CID1346448""",0,0,0.10251920904428805
"""CNR4742042""","""CID4890984""",1,1,0.952731654548154
"""CNR4866492""","""CID9431379""",1,1,0.6492949681669657
"""CNR5372402""","""CID2056494""",0,0,0.17503588526354388
"""CNR2063516""","""CID7282493""",1,1,0.5973761980801714
"""CNR8174573""","""CID2608118""",1,1,0.9450290068366927
"""CNR3746476""","""CID2122540""",1,1,0.6960040845628509
"""CNR7702135""","""CID5532650""",1,1,0.926471225242938
"""CNR3302000""","""CID9334479""",1,1,0.6102144019052821
"""CNR9467123""","""CID4035399""",0,0,0.07306245218630052
"""CNR1289975""","""CID1032948""",0,0,0.08484075301860419
"""CNR6046893""","""CID1243154""",0,0,0.09255940393753398
"""CNR1339197""","""CID5207307""",1,1,0.9508649318437687
"""CNR5409755""","""CID3710355""",1,1,0.9582868272568317
"""CNR3295992""","""CID2585750""",0,0,0.11950083447641954
"""CNR7023617""","""CID3143905""",1,1,0.9471002256077075
"""CNR4860749""","""CID8948023""",1,1,0.9642510202245684
"""CNR4753901""","""CID5097394""",1,1,0.9803747395526671
"""CNR2520740""","""CID3470602""",1,1,0.9770801131757132
"""CNR3102360""","""CID6387665""",0,0,0.0791655551806927
"""CNR6694840""","""CID1994712""",1,1,0.9480216221973506
"""CNR5663077""","""CID7792601""",1,1,0.9669347334326945
"""CNR8950450""","""CID5478561""",1,1,0.6955380756393541
"""CNR3333165""","""CID2987239""",1,1,0.9848141811986166
"""CNR4303839""","""CID7592571""",0,0,0.2666896778621088
"""CNR5163538""","""CID6215700""",0,1,0.5806778695677917
"""CNR8875436""","""CID6756421""",1,1,0.9497419537406024
"""CNR5813473""","""CID6732660""",0,0,0.08692448608886007
"""CNR3438511""","""CID9674519""",1,1,0.9371279622209476
"""CNR3727698""","""CID4111772""",1,1,0.9253527991727261
"""CNR6232966""","""CID7547625""",1,1,0.9857629555964127
"""CNR8033543""","""CID8640264""",1,1,0.6118487968938437
"""CNR3237428""","""CID6502587""",1,1,0.9486911478730311
"""CNR2910946""","""CID6066578""",1,1,0.973021821735608
"""CNR1736407""","""CID5030386""",1,1,0.725220824475812
"""CNR1656952""","""CID3917012""",1,1,0.6224850774819474
"""CNR3341149""","""CID1361542""",1,1,0.8445748975376968
"""CNR3360783""","""CID5148294""",0,0,0.08833829379856299
"""CNR9786483""","""CID6717195""",1,1,0.7346293826112367
"""CNR7171190""","""CID1660155""",1,1,0.5695738096134282
"""CNR6159231""","""CID7363935""",1,1,0.7145861912946303
"""CNR7657919""","""CID4417540""",1,1,0.9774222664168205
"""CNR9448347""","""CID6157980""",0,1,0.6284765645593421
"""CNR2547906""","""CID7445442""",1,1,0.9232597633967854
"""CNR5672080""","""CID2630636""",1,1,0.6991132270245528
"""CNR4124219""","""CID7914893""",0,0,0.1752088486016473
"""CNR5938979""","""CID9909395""",0,0,0.11032582411325954
"""CNR8741214""","""CID3719014""",0,0,0.12916528628294185
"""CNR8869584""","""CID8578805""",1,1,0.5826309938990842
"""CNR5827535""","""CID2599677""",1,1,0.639431576241938
"""CNR3789679""","""CID9872115""",1,1,0.944470018093444
"""CNR3538621""","""CID6858588""",1,1,0.7584955037322911
"""CNR4477212""","""CID5436669""",0,0,0.08467482107327552
"""CNR7620954""","""CID5987436""",1,1,0.7010168158542769
"""CNR4585693""","""CID7857832""",1,1,0.5992147580012347
"""CNR8188665""","""CID9572176""",1,1,0.9310065102463622
"""CNR1064168""","""CID3294920""",0,0,0.16039810408236033
"""CNR7075809""","""CID8177851""",1,1,0.6961267065144997
"""CNR7867597""","""CID2716297""",1,1,0.6072205548733893
"""CNR9972202""","""CID9738767""",1,1,0.597474800528199
"""CNR6996954""","""CID3242930""",0,0,0.09047827511660986
"""CNR3735633""","""CID6605868""",1,1,0.9900158039581218
"""CNR5662648""","""CID6858466""",1,1,0.9761542465887237
"""CNR8581360""","""CID9237858""",0,1,0.5843327093826854
"""CNR7859343""","""CID2927161""",0,0,0.09376633857488391
"""CNR9091126""","""CID6844276""",1,1,0.9604509796350779
"""CNR5377085""","""CID7475362""",1,1,0.698845288801314
"""CNR8455563""","""CID5581725""",1,1,0.9916082920064195
"""CNR2476124""","""CID2838798""",1,1,0.7012126162394288
"""CNR8059808""","""CID3232883""",0,0,0.1605790490760353
"""CNR7153390""","""CID4594742""",0,0,0.07391718883579494
"""CNR5720627""","""CID7617368""",1,1,0.670867346586216
"""CNR4161988""","""CID3414620""",0,1,0.673397704030752
"""CNR1566901""","""CID3984051""",1,1,0.5447674018979367
"""CNR3233501""","""CID3712841""",1,1,0.9560441744966295
"""CNR7245027""","""CID7425271""",1,1,0.978794584915207
"""CNR2210521""","""CID4529763""",1,1,0.7326156522644581
"""CNR4479141""","""CID5582977""",1,1,0.9407754433713965
"""CNR8345228""","""CID3738857""",0,0,0.07805292292608426
"""CNR3651982""","""CID5828238""",1,1,0.9585299336233654
"""CNR4501790""","""CID1629379""",1,1,0.983858757681726
"""CNR6223986""","""CID9874709""",1,1,0.5646196321721999
"""CNR4102509""","""CID4847433""",1,1,0.9533287772135121
"""CNR2099377""","""CID5201308""",0,0,0.14944093914476342
"""CNR2648008""","""CID5909796""",0,1,0.7341668825904031
"""CNR6490040""","""CID4256980""",0,0,0.08632563682027584
"""CNR4565934""","""CID1996830""",1,1,0.9762040408566494
"""CNR4885639""","""CID8619502""",1,1,0.9292670497624222
"""CNR9141212""","""CID9465838""",1,1,0.7312242879025522
"""CNR7717123""","""CID8899070""",0,0,0.06425556377452465
"""CNR8623825""","""CID5072302""",0,0,0.13544210307087154
"""CNR1331211""","""CID4678033""",1,1,0.9692498204467455
"""CNR3020252""","""CID2311816""",1,0,0.17252485426248204
"""CNR1220013""","""CID9768111""",1,1,0.596051811864013
"""CNR9103786""","""CID5585810""",1,1,0.7792390312131687
"""CNR7086326""","""CID8761128""",1,1,0.772093177669906
"""CNR2306636""","""CID2261937""",0,0,0.08692965671484015
"""CNR8396337""","""CID8076686""",1,1,0.7442127987555595
"""CNR7292093""","""CID9647572""",1,1,0.804912040249958
"""CNR9967397""","""CID8792332""",1,1,0.6171636297789758
"""CNR5329035""","""CID1336173""",1,1,0.7097924083239925
"""CNR9936759""","""CID6809741""",0,0,0.08101548375457955
"""CNR3817524""","""CID9690937""",0,0,0.08641668937981174
"""CNR7104244""","""CID3109368""",0,0,0.061409484573933096
"""CNR3272385""","""CID6404329""",1,1,0.9792168321064068
"""CNR5899510""","""CID6400316""",0,0,0.07540330544203672
"""CNR1662582""","""CID9255472""",1,1,0.6613162776860437
"""CNR4411471""","""CID8137391""",1,1,0.9831761480866874
"""CNR2282162""","""CID7242372""",1,1,0.9199326901056573
"""CNR2499356""","""CID1606564""",0,0,0.0651173981303628
"""CNR5571728""","""CID6161285""",1,1,0.6711672569697036
"""CNR5867274""","""CID6236090""",1,1,0.9267209655294488
"""CNR1267810""","""CID6153147""",1,1,0.5796713231215146
"""CNR3152096""","""CID3562877""",1,1,0.9728460481586467
"""CNR2376933""","""CID7589366""",1,1,0.9653497678011244
"""CNR9286779""","""CID3079513""",0,0,0.10217157375717727
"""CNR3477944""","""CID5363241""",1,1,0.7271784246645814
"""CNR5118383""","""CID3553082""",0,0,0.13351628533919227
"""CNR5738895""","""CID8022143""",1,1,0.5548016884194577
"""CNR3975802""","""CID2802941""",1,1,0.9236662390364286
"""CNR1295696""","""CID4497100""",0,0,0.09127937792414034
"""CNR8050078""","""CID8215913""",1,1,0.5929223458310166
"""CNR2253096""","""CID1722429""",1,1,0.9836868767229504
"""CNR5908436""","""CID5846581""",0,0,0.19253334590927818
"""CNR4053851""","""CID8717295""",1,1,0.9761372095154055
"""CNR9841359""","""CID4780124""",1,1,0.5812270431222502
"""CNR2493277""","""CID5547349""",1,1,0.9790404889956374
"""CNR3732049""","""CID8461576""",1,1,0.9139235211857624
"""CNR2817831""","""CID8085806""",0,0,0.08348605826577127
"""CNR6569596""","""CID9783841""",1,1,0.9610696176973463
"""CNR9527262""","""CID7575749""",1,1,0.560844665509822
"""CNR7135101""","""CID7763879""",1,1,0.9385306753734233
"""CNR4832954""","""CID9248283""",0,1,0.6659852971679423
"""CNR1080115""","""CID9232833""",0,0,0.1112582262341256
"""CNR3260078""","""CID5149776""",0,0,0.08504498537600101
"""CNR1372401""","""CID6056296""",1,1,0.9729283947265954
"""CNR3445024""","""CID7707028""",1,1,0.7374372122435032
"""CNR9338073""","""CID7520299""",1,1,0.5652962065747926
"""CNR3476198""","""CID9569461""",1,1,0.5711001796302067
"""CNR9338770""","""CID5183024""",1,1,0.9521219075951698
"""CNR3927182""","""CID9280644""",1,1,0.9673711173006833
"""CNR1023781""","""CID2493494""",1,1,0.984807367246564
"""CNR5046408""","""CID8123551""",1,1,0.9835574118238392
"""CNR7091263""","""CID7661529""",1,1,0.6550590417547021
"""CNR6453968""","""CID8767963""",1,1,0.9596198726413209
"""CNR5771306""","""CID4093655""",0,1,0.7116573842688627
"""CNR4338511""","""CID5489012""",0,0,0.20430603241022224
"""CNR7485605""","""CID5357694""",1,1,0.9845559122188524
"""CNR4316002""","""CID1378252""",1,1,0.6332665757946597
"""CNR7628022""","""CID6543193""",0,0,0.07435379981053317
"""CNR2323939""","""CID1542116""",1,1,0.9244897020897902
"""CNR5351233""","""CID2575355""",0,1,0.6174738125175545
"""CNR9691453""","""CID8321495""",1,1,0.9730754115429481
"""CNR8637496""","""CID8784673""",1,1,0.7269863742851743
"""CNR4074470""","""CID8171759""",1,1,0.7135777398351276
"""CNR3891436""","""CID7922088""",0,0,0.47334052679073446
"""CNR4834206""","""CID8686907""",0,0,0.09994924541618165
"""CNR7704979""","""CID2095950""",1,1,0.9822045845709819
"""CNR7251835""","""CID6362966""",1,1,0.686682557694803
"""CNR8658089""","""CID9045508""",1,1,0.5817389769799299
"""CNR1632387""","""CID5566727""",0,0,0.07968652405655609
"""CNR5173830""","""CID9139494""",1,1,0.9263225001951929
"""CNR3896188""","""CID6771446""",0,0,0.08953207025004951
"""CNR8689824""","""CID8501874""",0,0,0.07639779618271796
"""CNR9559366""","""CID5414880""",0,0,0.07793202504058754
"""CNR7835453""","""CID4697963""",0,0,0.09700143047830306
"""CNR1496997""","""CID4736189""",0,0,0.06863823562663571
"""CNR9590668""","""CID9898190""",1,1,0.8854548385555037
"""CNR9025906""","""CID5047572""",0,0,0.11961728827974734
"""CNR5526360""","""CID1942524""",1,1,0.9919129240612228
"""CNR4768311""","""CID6552901""",1,1,0.7319918532773636
"""CNR6478048""","""CID1267416""",0,1,0.6360825603843409
"""CNR4888543""","""CID5044844""",1,1,0.8154601418700703
"""CNR1155182""","""CID4007172""",0,0,0.07905455027794236
"""CNR3869167""","""CID7789672""",0,0,0.08369055845954276
"""CNR6072859""","""CID2305705""",1,1,0.7812205557091015
"""CNR8168515""","""CID5452180""",1,1,0.9747650611280354
"""CNR1785790""","""CID1699326""",1,1,0.9760684322514283
"""CNR9340545""","""CID1170126""",0,0,0.07057300076084214
"""CNR2081761""","""CID4527455""",1,1,0.6715977274256667
"""CNR7096913""","""CID6217967""",0,0,0.15637399675865468
"""CNR3552967""","""CID1553251""",0,0,0.15275955452616768
"""CNR6402651""","""CID3822059""",1,1,0.5626237457122623
"""CNR6399625""","""CID3553918""",1,1,0.6877092473626433
"""CNR3531149""","""CID9259426""",0,1,0.6444276332239353
"""CNR3179399""","""CID7285805""",0,0,0.0846388396414768
"""CNR3867297""","""CID8660228""",0,0,0.24256894001061297
"""CNR8326932""","""CID4400514""",1,1,0.5801531250643205
"""CNR1329458""","""CID9589092""",1,1,0.9750810021829844
"""CNR2027548""","""CID3802042""",1,1,0.9818312204943932
"""CNR3317776""","""CID6113118""",1,1,0.9917785982419881
"""CNR1100296""","""CID2657362""",0,1,0.7099540382457008
"""CNR2448512""","""CID3737693""",1,1,0.9250564155686334
"""CNR7784440""","""CID5741726""",1,1,0.58654222946509
"""CNR6579842""","""CID9590381""",0,0,0.11784464647208456
"""CNR9120008""","""CID1111980""",1,1,0.9611179760697514
"""CNR9526108""","""CID8449684""",1,1,0.9379244268722551
"""CNR3157438""","""CID1381613""",1,1,0.5877222698936887
"""CNR3462568""","""CID2260394""",0,0,0.07822416758451749
"""CNR6232113""","""CID7449081""",0,0,0.07794589221187938
"""CNR6088481""","""CID9569783""",1,1,0.9327412708260725
"""CNR7364986""","""CID2491333""",0,0,0.25147217576311925
"""CNR6500237""","""CID6808995""",1,1,0.9746585759886635
"""CNR7701334""","""CID6400778""",1,1,0.9828346824524493
"""CNR9464494""","""CID1071387""",0,0,0.07573976183976369
"""CNR5691988""","""CID9821460""",1,1,0.9542638168356806
"""CNR9596750""","""CID9058226""",0,0,0.15803605127311712
"""CNR3090672""","""CID2759625""",1,1,0.9710659501777699
"""CNR9015839""","""CID3014724""",1,1,0.6851263414424267
"""CNR9580014""","""CID4885227""",0,1,0.7381534073409561
"""CNR3943988""","""CID7764662""",1,1,0.7129231055661721
"""CNR5638124""","""CID3669230""",0,0,0.14910698591805804
"""CNR3447679""","""CID7688080""",1,1,0.7212679806746833
"""CNR6544450""","""CID8359704""",1,1,0.585154370263806
"""CNR9307311""","""CID3584690""",1,1,0.7702828954074156
"""CNR9508490""","""CID3753835""",1,1,0.5633898026253764
"""CNR6396587""","""CID4413324""",1,1,0.9876824014115423
"""CNR1432321""","""CID3446033""",1,1,0.5806399976203831
"""CNR8107750""","""CID7586559""",1,0,0.29637074021043514
"""CNR9274809""","""CID5589423""",1,1,0.7278368079097733
"""CNR2041111""","""CID1832620""",1,1,0.9675751345214423
"""CNR6612048""","""CID8639300""",0,0,0.06690382998674252
"""CNR9958836""","""CID8742814""",0,0,0.09116577640116316
"""CNR8309418""","""CID2501192""",1,1,0.9231079696764196
"""CNR7141805""","""CID8874394""",1,1,0.9587704788235911
"""CNR7822955""","""CID6277906""",1,1,0.9702395553586989
"""CNR7521691""","""CID5498535""",0,0,0.48452209435702515
"""CNR4450236""","""CID7725794""",1,1,0.948035179088774
"""CNR7789927""","""CID1508712""",1,1,0.9655294670197492
"""CNR9431907""","""CID3797572""",0,0,0.08087125908104693
"""CNR7755047""","""CID4063782""",0,0,0.08472773104403107
"""CNR6696215""","""CID8443804""",0,0,0.08498901302050874
"""CNR1029196""","""CID8066743""",1,1,0.9830346712843924
"""CNR9262755""","""CID2442763""",1,1,0.942682264296508
"""CNR6211706""","""CID7273647""",1,1,0.5738332895556618
"""CNR6301532""","""CID1906498""",1,1,0.9801016311416731
"""CNR3764012""","""CID7479012""",1,1,0.7837283124204454
"""CNR8611695""","""CID1100331""",0,0,0.08400079273169053
"""CNR3236029""","""CID7387385""",0,0,0.07831699573148672
"""CNR5544028""","""CID4038109""",1,1,0.6394090729484682
"""CNR7642097""","""CID8488681""",0,0,0.07411959865155451
"""CNR7324911""","""CID4643243""",0,0,0.06834113642629072
"""CNR3870108""","""CID3845882""",1,1,0.9829434401009874
"""CNR4832818""","""CID7457820""",1,1,0.5641026662450737
"""CNR6104535""","""CID6818946""",0,0,0.09031996719308094
"""CNR2570407""","""CID9533709""",1,1,0.6900457713613942
"""CNR4500918""","""CID6565189""",0,0,0.07741060629737846
"""CNR6967770""","""CID6950126""",1,1,0.9764686264669785
"""CNR7249739""","""CID4423685""",1,1,0.9909653835339097
"""CNR4547708""","""CID7879795""",0,0,0.07738949923257872
"""CNR4121130""","""CID9919802""",0,0,0.06339367732077916
"""CNR9416623""","""CID7399369""",1,1,0.7172705890894449
"""CNR1206432""","""CID7769067""",1,1,0.6937603871529402
"""CNR7808011""","""CID9822433""",1,1,0.9438925873424565
"""CNR7680933""","""CID3868433""",1,1,0.9550813435397295
"""CNR9881035""","""CID6060865""",1,1,0.9322808950071093
"""CNR6598003""","""CID7582474""",1,1,0.6909518573594288
"""CNR5590953""","""CID7804715""",0,0,0.10398142570287369
"""CNR7691758""","""CID6939159""",1,1,0.5817672303376881
"""CNR1691268""","""CID9025019""",0,0,0.1425361423411222
"""CNR5291938""","""CID8233624""",1,1,0.9724669215561992
"""CNR9971474""","""CID3921240""",0,0,0.08284972072551723
"""CNR1811801""","""CID5800078""",1,1,0.5649557502470334
"""CNR7915685""","""CID6378258""",1,1,0.938519404175668
"""CNR5002966""","""CID3553247""",0,0,0.0733406700644318
"""CNR6834958""","""CID1634889""",0,1,0.583064522072167
"""CNR7455019""","""CID7928521""",1,1,0.95294913870481
"""CNR7570481""","""CID8975465""",0,0,0.07295721897939081
"""CNR2837016""","""CID7077011""",1,1,0.9684053262973502
"""CNR8041638""","""CID2147405""",0,0,0.0820002249480811
"""CNR6247900""","""CID4381212""",1,1,0.5636128008854918
"""CNR1883098""","""CID4989139""",1,1,0.5833054536365485
"""CNR3346659""","""CID4721856""",1,1,0.7051476961740671
"""CNR3035027""","""CID2469331""",1,1,0.956884662130009
"""CNR9443913""","""CID6591458""",0,1,0.5808010609852874
"""CNR2955584""","""CID5909659""",1,1,0.9737124106356426
"""CNR4695532""","""CID6129555""",0,0,0.07139300608145312
"""CNR2157067""","""CID4460377""",1,1,0.9281481242296092
"""CNR6453031""","""CID3496143""",0,0,0.1355201665506853
"""CNR1697803""","""CID4315813""",1,1,0.6255965473467447
"""CNR5510317""","""CID9794683""",0,1,0.6788065930258699
"""CNR8629804""","""CID5024780""",1,1,0.976338420348446
"""CNR6438549""","""CID5565683""",1,1,0.9782479148367116
"""CNR6488441""","""CID6464795""",0,0,0.0776609239671498
"""CNR3232310""","""CID8860843""",0,0,0.10819535670018646
"""CNR1451813""","""CID3824944""",0,0,0.18170804200450988
"""CNR9423166""","""CID1930218""",0,0,0.11766750787540436
"""CNR3066645""","""CID1964315""",1,1,0.5583352888251525
"""CNR4838146""","""CID9233484""",1,1,0.9506343354961128
"""CNR5072870""","""CID9451410""",1,1,0.6492267075956715
"""CNR8378913""","""CID6002830""",1,1,0.9748692666448462
"""CNR9670193""","""CID4530281""",1,1,0.754420643779446
"""CNR5445968""","""CID7330198""",1,1,0.9606391664660174
"""CNR5479132""","""CID4919892""",1,1,0.9532555901335962
"""CNR6041802""","""CID2243556""",0,1,0.5851532009562791
"""CNR9588423""","""CID4015448""",0,0,0.10195448499190188
"""CNR8184541""","""CID2273927""",1,1,0.5866599206710282
"""CNR2332830""","""CID4775411""",1,1,0.712044865669303
"""CNR2696013""","""CID2022919""",0,0,0.06822894072919462
"""CNR1613167""","""CID2031164""",0,1,0.6863526872294229
"""CNR4022523""","""CID8988107""",1,1,0.7500772323553359
"""CNR2924101""","""CID3597259""",1,1,0.7651264549423683
"""CNR4308224""","""CID9045103""",0,0,0.07997427274705984
"""CNR5416543""","""CID2649071""",1,1,0.9414234383030199
"""CNR4667401""","""CID1173756""",1,1,0.9672027125724408
"""CNR4995675""","""CID3432388""",1,1,0.7349578947684094
"""CNR1861961""","""CID7240615""",0,0,0.06727100067588147
"""CNR2496591""","""CID7191705""",1,1,0.5931328116887491
"""CNR2978562""","""CID2702079""",0,0,0.08630825071928944
"""CNR5046646""","""CID1619545""",1,1,0.5573818257487201
"""CNR6049536""","""CID3919719""",1,1,0.9676001126701114
"""CNR1911618""","""CID4372558""",0,0,0.09210652833178935
"""CNR9865893""","""CID2416419""",0,0,0.11064312464901233
"""CNR8921185""","""CID7801865""",1,1,0.9672991955621274
"""CNR3196016""","""CID9909601""",1,1,0.9945011669268058
"""CNR7634815""","""CID8901861""",0,0,0.1460672324628624
"""CNR8560261""","""CID3643447""",0,0,0.07711701498488464
"""CNR4650450""","""CID2112402""",1,1,0.5717353535020966
"""CNR2100952""","""CID8171711""",0,0,0.08528447857497398
"""CNR3943023""","""CID5154046""",0,0,0.10708905103543354
"""CNR6187455""","""CID4106710""",1,1,0.816316433888862
"""CNR7112568""","""CID7652806""",0,0,0.08631325102368032
"""CNR7606004""","""CID7808990""",1,1,0.7628787316554975
"""CNR8897518""","""CID3770676""",0,0,0.08029879144663987
"""CNR4937353""","""CID9919059""",1,1,0.9862244958856988
"""CNR3684524""","""CID7059259""",1,1,0.7226866054079761
"""CNR7005894""","""CID4886378""",1,1,0.9652264524427996
"""CNR8094552""","""CID1470596""",1,1,0.9229372151999452
"""CNR4103522""","""CID6871090""",1,1,0.5574348488708242
"""CNR1814672""","""CID3846699""",1,1,0.9479658375820463
"""CNR9839498""","""CID1804149""",0,0,0.07669928651130482
"""CNR9746547""","""CID7499649""",1,1,0.983044647487094
"""CNR6193667""","""CID1020164""",1,1,0.9347216810497662
"""CNR7521676""","""CID5195857""",0,1,0.6950795212865853
"""CNR4997006""","""CID6970636""",0,0,0.10057397971202053
"""CNR5777846""","""CID1083267""",1,1,0.705919811888174
"""CNR6872282""","""CID1445309""",1,1,0.6686194286860463
"""CNR5605604""","""CID9054692""",1,1,0.6977103857484606
"""CNR1995540""","""CID5584746""",1,1,0.6482335552295679
"""CNR6828702""","""CID5927595""",1,1,0.9809618624354076
"""CNR8593144""","""CID3615427""",0,0,0.08674585327048795
"""CNR2926705""","""CID7657178""",0,1,0.5641474309234368
"""CNR5125893""","""CID4513597""",0,1,0.721189258979831
"""CNR8112876""","""CID3539062""",1,1,0.9809016951838494
"""CNR8027497""","""CID3511998""",1,1,0.5666226755344582
"""CNR7166110""","""CID3038785""",1,1,0.9381675893590046
"""CNR6457990""","""CID1387512""",1,1,0.9667619538844597
"""CNR6187881""","""CID4757368""",1,1,0.5782756960789237
"""CNR5670608""","""CID1312254""",0,0,0.06447125106623491
"""CNR7469594""","""CID9101210""",0,1,0.7512217518019705
"""CNR3409708""","""CID5868307""",1,1,0.986166731039981
"""CNR6572219""","""CID6424317""",1,1,0.9529874828241389
"""CNR2602360""","""CID8573543""",1,1,0.7555518795219456
"""CNR2821426""","""CID9111787""",0,0,0.12488217506735723
"""CNR4294373""","""CID4087740""",0,0,0.14569020767390903
"""CNR8899824""","""CID8081467""",0,0,0.07513220629034685
"""CNR3215514""","""CID5013995""",1,1,0.6909735208246314
"""CNR6561270""","""CID2294489""",0,0,0.07074155168671455
"""CNR9809312""","""CID8080198""",1,1,0.9311358394947208
"""CNR4365871""","""CID5537855""",1,1,0.7092769165949141
"""CNR1583028""","""CID4745594""",0,0,0.19832792102672994
"""CNR2502915""","""CID4010080""",1,1,0.7214319458685603
"""CNR5358052""","""CID3620627""",0,0,0.09964463987739289
"""CNR3061153""","""CID8986396""",1,1,0.5806577904391218
"""CNR8287440""","""CID8584952""",1,1,0.7232160617893043
"""CNR3106383""","""CID5853691""",1,1,0.9206252641926627
"""CNR4681761""","""CID7898161""",0,1,0.737691838883
"""CNR7860817""","""CID7136451""",1,1,0.5723283920539056
"""CNR1925022""","""CID9944592""",1,1,0.9843489160665974
"""CNR4810453""","""CID8155967""",0,0,0.07913284508336141
"""CNR6624904""","""CID4339311""",1,1,0.6870592537260326
"""CNR4495211""","""CID4889345""",1,1,0.9899500003773297
"""CNR1194590""","""CID2586773""",1,1,0.9781732067523694
"""CNR9094694""","""CID7518956""",0,0,0.0680682884332194
"""CNR9545075""","""CID6937332""",1,1,0.6907971851396383
"""CNR7353349""","""CID6862727""",1,1,0.899505786007146
"""CNR5132370""","""CID6770300""",1,1,0.9872205046351905
"""CNR4236403""","""CID9092339""",1,1,0.9345252788966297
"""CNR3168859""","""CID9560147""",1,1,0.9895811396326807
"""CNR2806225""","""CID2793810""",1,1,0.9297954286769675
"""CNR4639664""","""CID6768828""",1,1,0.5573809573956571
"""CNR4149894""","""CID2556274""",0,0,0.08246311908253044
"""CNR5066087""","""CID1249709""",0,0,0.21155403243395268
"""CNR6668907""","""CID8768583""",0,0,0.1197123950040712
"""CNR3141386""","""CID1045384""",1,1,0.5723600482524653
"""CNR5619132""","""CID4670921""",1,1,0.707037898222615
"""CNR2466581""","""CID5809579""",1,1,0.7132311363132927
"""CNR3254608""","""CID6841224""",0,1,0.670509729640497
"""CNR1162296""","""CID2853422""",1,1,0.98568772438923
"""CNR1020144""","""CID6557464""",1,1,0.9298910779183678
"""CNR9864868""","""CID5661392""",0,0,0.07412999530641141
"""CNR9272262""","""CID9629712""",1,1,0.948064720733758
"""CNR8787301""","""CID4970164""",0,1,0.5894876240927142
"""CNR9942364""","""CID6200566""",1,1,0.9368625479408889
"""CNR4562920""","""CID9488106""",1,1,0.6125785194642699
"""CNR8926209""","""CID2692770""",1,1,0.9710408922865944
"""CNR3535429""","""CID9073597""",1,1,0.8573767730572829
"""CNR1297882""","""CID4882459""",0,0,0.07334937800955295
"""CNR7899369""","""CID9452127""",0,0,0.15783322714627743
"""CNR1411617""","""CID6392172""",1,1,0.929856196826048
"""CNR4498846""","""CID9162450""",0,0,0.07889055500165056
"""CNR4030808""","""CID2182595""",1,1,0.9183139122651621
"""CNR5099366""","""CID8695054""",1,1,0.9823602198282306
"""CNR7114438""","""CID9876469""",0,0,0.130754130403346
"""CNR7743564""","""CID3333748""",1,1,0.9692693063272204
"""CNR7136995""","""CID1362075""",1,1,0.766494174549216
"""CNR7469120""","""CID1966680""",1,1,0.9267994546604938
"""CNR8456495""","""CID1484391""",1,1,0.6937945317476076
"""CNR5235079""","""CID5784577""",0,0,0.08750222593734734
"""CNR1338532""","""CID7426098""",0,0,0.06874566805331324
"""CNR7335045""","""CID5756495""",1,1,0.7632488237666653
"""CNR1206431""","""CID9733224""",0,0,0.08924037669796238
"""CNR1498805""","""CID7773942""",1,1,0.7483123947269299
"""CNR6671745""","""CID7419301""",0,0,0.06959158020762266
"""CNR3083153""","""CID2743528""",1,1,0.6869051862671235
"""CNR2073598""","""CID7454593""",0,0,0.07691914163428747
"""CNR7944175""","""CID1124909""",0,0,0.09338116861877363
"""CNR4925366""","""CID4260133""",1,1,0.977076033903232
"""CNR9159032""","""CID6765928""",0,1,0.7579536221675557
"""CNR2134411""","""CID5222709""",1,1,0.7330845625769785
"""CNR1423700""","""CID7953255""",1,1,0.9548143815613461
"""CNR6434352""","""CID4364904""",1,1,0.9152415882879302
"""CNR1128226""","""CID6498469""",0,0,0.14883578256058777
"""CNR2791091""","""CID3779783""",1,1,0.5643326474289588
"""CNR9436318""","""CID6003012""",0,0,0.0863935746949216
"""CNR6048332""","""CID4182024""",1,1,0.9669199887947811
"""CNR5851358""","""CID6479030""",1,1,0.9272368613625258
"""CNR3479690""","""CID3939722""",1,1,0.9625658191168354
"""CNR7724064""","""CID7248672""",0,0,0.13982652558194636
"""CNR9778148""","""CID7692686""",0,0,0.06633378174854206
"""CNR2754966""","""CID3869382""",1,1,0.9262100056722482
"""CNR9727482""","""CID1954570""",0,0,0.06760434893368794
"""CNR7946711""","""CID6212236""",1,1,0.8171747906834074
"""CNR7965280""","""CID9234548""",0,0,0.09815043247214951
"""CNR6181888""","""CID3565024""",1,1,0.9282629130899219
"""CNR5959250""","""CID9187673""",1,1,0.5674326687930239
"""CNR1980787""","""CID5600538""",1,1,0.9291302546826796
"""CNR4417172""","""CID8381796""",1,1,0.9787483472594594
"""CNR7629826""","""CID4993590""",1,1,0.983671405864756
"""CNR9957333""","""CID7665288""",0,0,0.08233292625570662
"""CNR3199673""","""CID5435199""",0,0,0.09095532312151006
"""CNR7222803""","""CID7409402""",1,1,0.5590595159622542
"""CNR2616059""","""CID1314108""",0,0,0.0841614970827025
"""CNR4390834""","""CID6312054""",1,1,0.5545810569514469
"""CNR5757390""","""CID1790990""",1,1,0.9899826222492324
"""CNR3645014""","""CID4025647""",1,1,0.6694912165510615
"""CNR9480534""","""CID1196644""",0,0,0.08265658902500647
"""CNR6889409""","""CID2593206""",1,1,0.9789508262838613
"""CNR5140726""","""CID3778794""",0,0,0.1913092176761149
"""CNR5438625""","""CID1934336""",1,1,0.9288011344858544
"""CNR7854509""","""CID5289265""",1,1,0.7321267070218915
"""CNR1516703""","""CID9108136""",1,1,0.9804480459560352
"""CNR6472625""","""CID4004820""",1,1,0.769258753542927
"""CNR1383185""","""CID4543221""",0,0,0.11945190315263067
"""CNR2150638""","""CID4473977""",0,0,0.0688166348096494
"""CNR5916894""","""CID6714317""",0,0,0.06454671096868485
"""CNR8938310""","""CID9823809""",1,1,0.7432363670981196
"""CNR7936322""","""CID2394995""",1,1,0.9708267378516166
"""CNR4485175""","""CID4361986""",0,0,0.08977414892926017
"""CNR8192486""","""CID8420737""",1,1,0.9581176585731729
"""CNR8980818""","""CID9460589""",0,0,0.07715695654867517
"""CNR5166829""","""CID6722019""",1,1,0.9286659103956824
"""CNR1279777""","""CID4041148""",1,1,0.9289396571611693
"""CNR9006575""","""CID9499307""",0,0,0.10353977528678132
"""CNR8419112""","""CID5572716""",1,1,0.6237151319329509
"""CNR3819637""","""CID8240614""",0,0,0.08603632290108669
"""CNR2510109""","""CID7300048""",1,1,0.6752114607116536
"""CNR1770775""","""CID3355278""",1,1,0.9262535491221909
"""CNR1091682""","""CID1590844""",1,1,0.6511653835085311
"""CNR4499815""","""CID5945846""",1,1,0.9939376697905729
"""CNR2777282""","""CID6919317""",0,0,0.10026144377542011
"""CNR2655710""","""CID8041967""",1,1,0.9316213398206531
"""CNR8436169""","""CID7850251""",0,1,0.6960976641840576
"""CNR9504510""","""CID4683450""",0,0,0.08280828349519456
"""CNR6038323""","""CID6489781""",1,1,0.9253497906449217
"""CNR8977184""","""CID4181808""",1,1,0.7273695972852635
"""CNR6079042""","""CID4731386""",1,1,0.7010787443843498
"""CNR8472951""","""CID2479749""",1,1,0.9428705698442038
"""CNR6350544""","""CID6494543""",1,1,0.5637901787371407
"""CNR4572323""","""CID4654562""",1,1,0.9861960775615489
"""CNR6617192""","""CID6224471""",1,1,0.9290919713810976
"""CNR5083397""","""CID7340939""",0,0,0.0837900412587021
"""CNR2317788""","""CID4700243""",1,1,0.9313858154257401
"""CNR2521760""","""CID6714993""",1,1,0.9769577840589759
"""CNR6094768""","""CID8581029""",1,1,0.9767372429576692
"""CNR9253585""","""CID3775237""",0,0,0.07686407546994828
"""CNR9471654""","""CID1302262""",0,0,0.08889584980230454
"""CNR4144326""","""CID5570661""",0,0,0.12363144509790705
"""CNR9815990""","""CID9919379""",0,0,0.12119017795828929
"""CNR8754228""","""CID7156867""",0,0,0.10151406548644572
"""CNR2340312""","""CID4452384""",1,1,0.7520406873605568
"""CNR9472992""","""CID1060380""",1,1,0.6981280530912125
"""CNR1581429""","""CID5260875""",0,0,0.08759083808969254
"""CNR1020549""","""CID5248711""",1,1,0.6718149747841433
"""CNR1865951""","""CID8112697""",1,1,0.9368847720622597
"""CNR6370302""","""CID5214970""",1,1,0.9826234393599117
"""CNR7301744""","""CID9942742""",1,1,0.6525648720834574
"""CNR8110451""","""CID1196180""",0,0,0.1100128858985085
"""CNR9156342""","""CID7748046""",0,1,0.7235118278905238
"""CNR7714758""","""CID6178496""",1,1,0.6743692335962801
"""CNR5864988""","""CID1708702""",1,1,0.5952710793755791
"""CNR5772154""","""CID1217205""",1,1,0.7426056139091455
"""CNR7230802""","""CID2652992""",0,1,0.6509047097379888
"""CNR4493671""","""CID2215307""",0,0,0.0837922252771069
"""CNR8733771""","""CID4161417""",1,1,0.9908576165981733
"""CNR4821395""","""CID7773868""",1,1,0.9528647337461297
"""CNR9124816""","""CID2725511""",1,1,0.714057614278848
"""CNR4694692""","""CID2602652""",1,1,0.9562809737132388
"""CNR6552777""","""CID2749644""",1,1,0.9343264915559272
"""CNR4359030""","""CID9483010""",1,1,0.92610571240582
"""CNR3572578""","""CID3596627""",0,0,0.0906111182770365
"""CNR2168811""","""CID8840833""",0,0,0.0859215261200367
"""CNR8560712""","""CID4605075""",1,1,0.9873628299930848
"""CNR3040647""","""CID5814520""",0,0,0.09438599125803442
"""CNR4475650""","""CID4028966""",0,0,0.08441235207085845
"""CNR9529457""","""CID6150043""",1,1,0.6796024568631808
"""CNR1750637""","""CID2336018""",1,1,0.7082252049503073
"""CNR8039519""","""CID1870147""",0,0,0.09172604056224283
"""CNR4074181""","""CID4075797""",1,1,0.6524846942729233
"""CNR8335424""","""CID9229969""",0,0,0.0691903386461684
"""CNR7439454""","""CID7629081""",1,1,0.6125568912196442
"""CNR6350759""","""CID6337281""",1,1,0.8635710104646902
"""CNR1140125""","""CID2100448""",1,1,0.9337256196404811
"""CNR1286354""","""CID4261777""",1,1,0.950554038789631
"""CNR4270925""","""CID1915549""",0,0,0.08211781503934046
"""CNR6725197""","""CID8868852""",0,0,0.06794134203401844
"""CNR6170728""","""CID6766675""",1,1,0.9329311975464588
"""CNR6094101""","""CID9578474""",1,1,0.546034051073215
"""CNR4029745""","""CID8374609""",1,1,0.927822331266998
"""CNR7604123""","""CID1054713""",1,1,0.5585253917454999
"""CNR3931573""","""CID7595707""",1,1,0.5992186795719945
"""CNR2507111""","""CID9262244""",0,0,0.14683662435538597
"""CNR2230334""","""CID7217235""",1,1,0.9218239263641899
"""CNR4679490""","""CID5639040""",0,0,0.1851214240063881
"""CNR8442002""","""CID8706948""",1,1,0.9462037496449373
"""CNR5338869""","""CID5135879""",1,1,0.9150839343702328
"""CNR7147090""","""CID8511827""",1,1,0.9770136258846776
"""CNR5332581""","""CID4832651""",1,1,0.9828766854689538
"""CNR7635256""","""CID6701234""",1,1,0.6074092512895439
"""CNR5543085""","""CID5763173""",1,1,0.579068883898364
"""CNR8269301""","""CID8798639""",1,1,0.5968594214390858
"""CNR6501005""","""CID8504824""",0,0,0.07801152182814507
"""CNR8005946""","""CID3502724""",1,1,0.9297307696817085
"""CNR4788665""","""CID6954404""",1,1,0.6796731497420022
"""CNR4769598""","""CID6716152""",1,1,0.924427710562096
"""CNR8299198""","""CID6738732""",0,0,0.05967199390052187
"""CNR8760311""","""CID3140164""",0,0,0.07491771143060655
"""CNR2975516""","""CID1941249""",0,0,0.0923386755521154
"""CNR2904314""","""CID4610199""",1,1,0.7348096340925985
"""CNR3766529""","""CID7083860""",0,0,0.12304147810031327
"""CNR4637335""","""CID3469827""",1,1,0.5705000105209193
"""CNR5214908""","""CID9130830""",1,1,0.687741335469445
"""CNR8931674""","""CID2142030""",0,0,0.08450292861135598
"""CNR5668037""","""CID1995537""",1,1,0.7339006583862331
"""CNR1555502""","""CID2476460""",1,1,0.9263827274991183
"""CNR8748726""","""CID4655816""",0,0,0.08532409762722287
"""CNR2011737""","""CID5738897""",0,0,0.17345426303384875
"""CNR5488004""","""CID3535275""",0,0,0.1243741559561546
"""CNR2277110""","""CID5410924""",1,1,0.9778542887567109
"""CNR5929222""","""CID6933109""",1,1,0.9796219893482333
"""CNR1561207""","""CID3303265""",0,0,0.06969944779692389
"""CNR1362244""","""CID6541304""",1,1,0.930376324008241
"""CNR2503568""","""CID2140502""",0,0,0.12988862156595393
"""CNR3763748""","""CID8564164""",1,0,0.47262773437947714
"""CNR8453467""","""CID8104724""",1,1,0.6762568330633181
"""CNR4198032""","""CID4319572""",0,1,0.5583554456644692
"""CNR1125525""","""CID1702916""",0,0,0.09715532127327552
"""CNR3213500""","""CID3896021""",0,0,0.08889150983254367
"""CNR8822212""","""CID9244217""",1,1,0.6669763584679871
"""CNR8664554""","""CID7550732""",1,1,0.5768240811488784
"""CNR3601729""","""CID3942685""",1,1,0.9775145479023579
"""CNR6318571""","""CID4607960""",1,1,0.9776164721700636
"""CNR6183132""","""CID8560972""",1,1,0.9467029478226885
"""CNR4872808""","""CID4210833""",0,0,0.10328684187721379
"""CNR9488352""","""CID1154645""",0,0,0.332358195707013
"""CNR6398214""","""CID4425578""",0,0,0.09028660000235486
"""CNR4979254""","""CID3029536""",1,1,0.9523121954478724
"""CNR8529232""","""CID9292836""",0,0,0.08428913096634248
"""CNR7593520""","""CID2330936""",1,1,0.7014855410868919
"""CNR4485551""","""CID5546742""",1,1,0.7781178965779438
"""CNR8858586""","""CID5569698""",1,1,0.9831964629852615
"""CNR8964063""","""CID3688400""",1,1,0.5009614511369767
"""CNR9347417""","""CID2679417""",1,1,0.7127893858239394
"""CNR5502554""","""CID5722005""",0,0,0.07310353894479502
"""CNR7471749""","""CID8823248""",1,1,0.5926622857782299
"""CNR5634598""","""CID9356424""",1,1,0.9648280694648995
"""CNR2368807""","""CID8310328""",0,0,0.08617564873721462
"""CNR2417421""","""CID8355486""",1,1,0.6962764275922406
"""CNR3079354""","""CID1904596""",1,1,0.9267239570078379
"""CNR9518154""","""CID8388784""",0,1,0.5761782905610654
"""CNR6288566""","""CID4886939""",1,1,0.5778101203481676
"""CNR9387257""","""CID6172678""",0,0,0.07847012288272777
"""CNR4540102""","""CID4509127""",0,0,0.12067897103275094
"""CNR1703324""","""CID7746910""",0,0,0.08833986185250481
"""CNR9578634""","""CID2005560""",1,1,0.9247432967068615
"""CNR6051236""","""CID3323507""",0,0,0.1120653655690065
"""CNR1037802""","""CID2659637""",0,1,0.5766007593593578
"""CNR6374799""","""CID2756340""",0,0,0.08772123017034933
"""CNR8637309""","""CID3589824""",1,1,0.6690235630576555
"""CNR6033475""","""CID2654348""",1,1,0.9461176150342289
"""CNR3717170""","""CID8900208""",1,1,0.9231217308046179
"""CNR7038114""","""CID4719643""",1,1,0.9463322062261168
"""CNR6701091""","""CID2735305""",1,1,0.601218864155503
"""CNR2363664""","""CID5693580""",1,1,0.9543533268019837
"""CNR6633323""","""CID6204370""",0,0,0.10919023946527164
"""CNR3031849""","""CID5243060""",1,1,0.9275078644705951
"""CNR3889776""","""CID7980030""",0,0,0.08895507065536885
"""CNR7558090""","""CID1636381""",1,1,0.9791094067953926
"""CNR5886380""","""CID5479891""",0,0,0.21601724506392928
"""CNR4216583""","""CID3020011""",1,1,0.9566021657202756
"""CNR4155679""","""CID1441328""",0,0,0.07585321214101753
"""CNR9690461""","""CID5121724""",1,1,0.9699339782006833
"""CNR6725019""","""CID6241434""",1,1,0.581863376593503
"""CNR7718257""","""CID3530742""",0,0,0.15362134677211856
"""CNR7567361""","""CID3083409""",1,1,0.9502228274110436
"""CNR7020800""","""CID2074649""",1,1,0.9766689987972502
"""CNR5990909""","""CID3795567""",0,0,0.09284687713454821
"""CNR6283807""","""CID2490064""",0,0,0.09046048543601001
"""CNR6060024""","""CID5292296""",0,0,0.08546490286504534
"""CNR4765961""","""CID1912962""",1,1,0.9339711216873939
"""CNR5859488""","""CID2718732""",1,0,0.2836933791278213
"""CNR5482267""","""CID3397976""",0,0,0.10856758969703212
"""CNR7451488""","""CID9112882""",1,1,0.9345331508958141
"""CNR1434022""","""CID5110068""",1,1,0.9854016177745427
"""CNR7689195""","""CID5717854""",1,1,0.9758153295317912
"""CNR2593345""","""CID3946212""",1,1,0.9444901495866627
"""CNR5161675""","""CID2429764""",0,0,0.10300371258093956
"""CNR4246130""","""CID1649437""",1,1,0.980461899243196
"""CNR6492920""","""CID5022082""",1,1,0.5881168104114722
"""CNR7631996""","""CID4974103""",1,1,0.9313201951581258
"""CNR2030827""","""CID3370451""",0,0,0.08331353923756056
"""CNR8475117""","""CID2202744""",1,1,0.639861835904737
"""CNR8182214""","""CID5358943""",1,1,0.8912860234444516
"""CNR9620328""","""CID7006761""",0,1,0.6653552137755889
"""CNR1442605""","""CID4311391""",1,1,0.9697999024945432
"""CNR8282548""","""CID1148296""",1,1,0.9532788703951817
"""CNR6198389""","""CID3886041""",1,1,0.9776454298307863
"""CNR7643235""","""CID5053413""",0,0,0.07440426625300577
"""CNR8373347""","""CID1337407""",1,1,0.730583730856059
"""CNR3810778""","""CID2695615""",0,0,0.1728273166972902
"""CNR2768979""","""CID4596558""",1,1,0.6863377277716832
"""CNR9389056""","""CID3624462""",0,0,0.08681857680535636
"""CNR1115788""","""CID6778442""",0,0,0.05897300061829083
"""CNR3306435""","""CID9472397""",0,0,0.11589708761913328
"""CNR4694656""","""CID5592760""",0,0,0.07385870699507688
"""CNR3582460""","""CID8006750""",0,0,0.10924276661738488
"""CNR8867696""","""CID2279556""",0,0,0.10353006934592536
"""CNR5255576""","""CID4653081""",0,1,0.7083258603328689
"""CNR6722551""","""CID5225779""",0,0,0.1520711003759875
"""CNR8250643""","""CID1715984""",0,0,0.08615929128871774
"""CNR8233235""","""CID8877049""",1,1,0.9617539232478881
"""CNR6452172""","""CID4833047""",0,0,0.08629477592717653
"""CNR1964407""","""CID7297246""",1,1,0.9719223759256788
"""CNR4325893""","""CID8707600""",1,1,0.9837104981558866
"""CNR9228667""","""CID7220923""",0,0,0.15192839951638742
"""CNR3380461""","""CID3439418""",0,0,0.14397104979638192
"""CNR2041017""","""CID5831424""",1,1,0.9692093110842183
"""CNR7284122""","""CID7575243""",0,0,0.08556037716161277
"""CNR6927157""","""CID2275864""",1,1,0.6682444641309646
"""CNR6546572""","""CID1738995""",1,1,0.9935458965103003
"""CNR3280395""","""CID9652434""",1,1,0.9789348530466322
"""CNR5030572""","""CID2562891""",1,1,0.9336666579179806
"""CNR1912465""","""CID6906819""",0,0,0.08833164298623643
"""CNR1345638""","""CID2329225""",1,1,0.9326814678461779
"""CNR9437821""","""CID6308405""",0,0,0.08289198634935685
"""CNR7338716""","""CID9573176""",1,1,0.9825190027620272
"""CNR3288563""","""CID8440270""",1,1,0.9259139756874541
"""CNR6606468""","""CID4796373""",0,1,0.6549268543508272
"""CNR3862290""","""CID4419293""",1,1,0.765528092328945
"""CNR5298427""","""CID7942228""",1,1,0.9283947429723463
"""CNR8532104""","""CID3694774""",1,1,0.9884452236479382
"""CNR2461247""","""CID2591092""",1,1,0.9465122336602366
"""CNR3110708""","""CID7939963""",1,1,0.9326859044990893
"""CNR9690820""","""CID7805304""",0,0,0.06224233549567959
"""CNR1187873""","""CID8269510""",1,1,0.9720085641801067
"""CNR1821026""","""CID7447978""",1,1,0.9448774386291287
"""CNR5054691""","""CID8848095""",1,1,0.9379753761398729
"""CNR1767242""","""CID2840179""",1,1,0.9600640192450514
"""CNR4058484""","""CID3635287""",1,1,0.5930281248753757
"""CNR2106889""","""CID1104546""",0,0,0.1605266979458525
"""CNR7974765""","""CID8289530""",1,1,0.9274580425410587
"""CNR4701398""","""CID3537472""",1,1,0.9437310414355328
"""CNR5990131""","""CID1280155""",1,1,0.9699225099630336
"""CNR1719253""","""CID6520777""",1,1,0.9267868513603911
"""CNR5754713""","""CID8741197""",1,1,0.9272097751721327
"""CNR8856733""","""CID2923815""",1,1,0.6254623219856541
"""CNR6520311""","""CID7592921""",1,1,0.6934629796266225
"""CNR3973297""","""CID2954512""",0,0,0.0768542236190009
"""CNR7684845""","""CID5349273""",1,1,0.7353862267183932
"""CNR9276830""","""CID9936064""",1,1,0.921988824493221
"""CNR4815376""","""CID6780386""",0,0,0.0919045151948537
"""CNR8279656""","""CID1482521""",0,0,0.07461125669151293
"""CNR3498695""","""CID6378824""",1,1,0.628408333477084
"""CNR8418315""","""CID1736966""",1,1,0.7660463117804657
"""CNR4562995""","""CID4090239""",1,1,0.9755633499139079
"""CNR2152087""","""CID6639579""",0,0,0.0835263246065705
"""CNR6042946""","""CID1934759""",1,1,0.9151470680546295
"""CNR4481630""","""CID7147489""",1,1,0.9402213176787575
"""CNR6952220""","""CID4556018""",1,1,0.6948578166117407
"""CNR5728304""","""CID4679683""",1,1,0.5656666993820278
"""CNR2111563""","""CID2449130""",1,1,0.986756863694862
"""CNR7597502""","""CID6405698""",0,0,0.07618530754160191
"""CNR6574963""","""CID3822228""",0,0,0.12827476254115705
"""CNR4993704""","""CID8413401""",1,1,0.5582961542984454
"""CNR5914778""","""CID7045774""",1,1,0.8983305832919869
"""CNR1845140""","""CID6618512""",0,0,0.06933259468223328
"""CNR1488374""","""CID3347075""",0,0,0.09078222918453102
"""CNR2318755""","""CID7837406""",0,0,0.08879542964802342
"""CNR6489068""","""CID9056209""",0,0,0.11928186496224728
"""CNR3350852""","""CID5856917""",0,0,0.07731055995916955
"""CNR9283570""","""CID1687435""",1,1,0.9314473112065866
"""CNR9350678""","""CID6001393""",1,1,0.8134837736606819
"""CNR1653636""","""CID6780855""",1,1,0.7340736411464667
"""CNR2634713""","""CID7555078""",0,0,0.07775083429696583
"""CNR5355822""","""CID8934874""",1,1,0.9302991814588978
"""CNR7915778""","""CID7165278""",0,0,0.06130007630355988
"""CNR8220342""","""CID6144798""",0,0,0.07838860134223866
"""CNR2451671""","""CID6178265""",1,1,0.9656853123583892
"""CNR8902431""","""CID8661603""",1,1,0.7981415301321009
"""CNR1191700""","""CID2552872""",0,0,0.08525995959322592
"""CNR1512611""","""CID9619412""",1,1,0.9238298006267085
"""CNR5939963""","""CID6625054""",0,1,0.6998249068998604
"""CNR6735892""","""CID1823037""",0,0,0.08575825411438172
"""CNR5962220""","""CID3747067""",0,0,0.07805871692902719
"""CNR1662644""","""CID9380084""",0,0,0.1700587288492189
"""CNR9077478""","""CID4340749""",1,1,0.9817400624856654
"""CNR7880082""","""CID2052326""",0,1,0.7105710540092546
"""CNR2167555""","""CID9333141""",1,1,0.983085793803331
"""CNR7549327""","""CID5789426""",0,0,0.09510427109945024
"""CNR8652882""","""CID5876936""",0,0,0.07178911785287515
"""CNR6087504""","""CID5389917""",1,1,0.7259692692904436
"""CNR1836387""","""CID5349100""",0,0,0.08335816401314611
"""CNR3844720""","""CID6003134""",0,0,0.0683570977210368
"""CNR3136463""","""CID4902212""",1,1,0.9419623619011813
"""CNR2956091""","""CID3239752""",1,1,0.6850809118743192
"""CNR7380196""","""CID6227418""",1,1,0.9823004933421993
"""CNR1540872""","""CID1957055""",0,0,0.07795020569458212
"""CNR8960736""","""CID2644888""",0,0,0.08574155850106162
"""CNR4717846""","""CID7881372""",1,1,0.9770604897749623
"""CNR3826607""","""CID7573747""",0,0,0.11962514711513537
"""CNR1075832""","""CID8688201""",0,1,0.6343065334762896
"""CNR4280417""","""CID2675690""",1,1,0.9697433511485698
"""CNR4022363""","""CID3547011""",0,0,0.07406560989048318
"""CNR7726366""","""CID3521150""",1,1,0.7683015999152709
"""CNR6418800""","""CID5626644""",1,1,0.7104947781849212
"""CNR7411162""","""CID8462039""",1,1,0.9536337184221634
"""CNR2441652""","""CID7657291""",0,0,0.08466984465379758
"""CNR1626421""","""CID5125087""",1,1,0.9611896733218953
"""CNR1541011""","""CID7029137""",1,1,0.6895659070379235
"""CNR6259304""","""CID9909168""",1,1,0.9793837754219777
"""CNR1622295""","""CID2973607""",0,0,0.06824619774895285
"""CNR5311244""","""CID1716980""",1,1,0.9431671319075554
"""CNR4008818""","""CID7134155""",1,1,0.9885942244683756
"""CNR3947530""","""CID6676425""",1,1,0.5823794572556993
"""CNR1410979""","""CID9276906""",1,1,0.6238363438546929
"""CNR1863938""","""CID8583647""",1,1,0.5828852741865098
"""CNR5871700""","""CID1486675""",0,0,0.07846644385626772
"""CNR9979610""","""CID9139232""",1,1,0.9196864327749457
"""CNR5248165""","""CID1823887""",1,1,0.6717738164218412
"""CNR8118592""","""CID5447540""",1,1,0.7576747074427681
"""CNR8033569""","""CID5942797""",1,1,0.9274081145024942
"""CNR9866857""","""CID1671405""",1,1,0.9313660746336393
"""CNR5295162""","""CID4146724""",1,1,0.9561816978834721
"""CNR7917582""","""CID1395858""",1,1,0.9264353260100885
"""CNR2718678""","""CID7376437""",0,1,0.5660228961439101
"""CNR5309916""","""CID5147091""",0,1,0.7089249402495436
"""CNR7596726""","""CID2108068""",1,1,0.9373531379407594
"""CNR9530460""","""CID9727543""",1,1,0.8350239422183644
"""CNR4603374""","""CID6787020""",1,1,0.9853529550735622
"""CNR6543861""","""CID9459580""",1,1,0.6778565539588252
"""CNR5412170""","""CID1857678""",0,1,0.7105034828491745
"""CNR4496664""","""CID2390197""",1,1,0.7330273090285043
"""CNR6839532""","""CID1101192""",0,1,0.6600594830930404
"""CNR7380104""","""CID7581199""",0,1,0.7634947595703517
"""CNR8546100""","""CID7168830""",1,1,0.9875142348501468
"""CNR8954782""","""CID1595974""",1,1,0.9838142470939338
"""CNR6765155""","""CID9829245""",1,1,0.6927548548934745
"""CNR5451164""","""CID7446835""",0,0,0.07360233386755127
"""CNR1731313""","""CID2460081""",1,1,0.813812219130456
"""CNR1549163""","""CID7898426""",1,1,0.8915382587132139
"""CNR8274399""","""CID8595062""",1,1,0.9648832716153978
"""CNR5108333""","""CID6813173""",0,0,0.08317891110699033
"""CNR3336405""","""CID2791292""",0,0,0.11994022780987673
"""CNR8078801""","""CID6608173""",1,1,0.9312732726959837
"""CNR8464590""","""CID4514116""",0,0,0.09143837034608117
"""CNR3701979""","""CID6008546""",0,0,0.10972521618865713
"""CNR5138991""","""CID8930350""",1,1,0.928654974892115
"""CNR7057939""","""CID5003573""",1,1,0.9612547105858528
"""CNR2069144""","""CID4432157""",0,0,0.13776623827130713
"""CNR4559131""","""CID7270638""",1,1,0.9733518971227735
"""CNR2740347""","""CID5971700""",1,1,0.6775628351798817
"""CNR4190022""","""CID4176853""",1,1,0.9825872590269665
"""CNR8815467""","""CID2061367""",1,1,0.9675667864563695
"""CNR3184658""","""CID2789333""",0,0,0.1788490898569001
"""CNR9047817""","""CID3110020""",1,1,0.9517749329813696
"""CNR4869825""","""CID9446831""",1,1,0.9309898728966417
"""CNR9789707""","""CID1636552""",1,1,0.9300755893283493
"""CNR7186056""","""CID5203934""",1,1,0.9236955730596249
"""CNR9558200""","""CID1907622""",1,1,0.9291711422210404
"""CNR7168650""","""CID4253816""",1,1,0.9698987953557535
"""CNR1601388""","""CID1300994""",0,0,0.18822362201235754
"""CNR8861290""","""CID2976354""",1,1,0.969267841677363
"""CNR4415267""","""CID5994202""",0,0,0.0694601575138381
"""CNR1114282""","""CID8872383""",1,1,0.7489996339854024
"""CNR6384623""","""CID5483229""",0,1,0.6320794109552068
"""CNR7197238""","""CID1766487""",1,1,0.7090797344297186
"""CNR5441613""","""CID9316158""",1,1,0.9277913921702049
"""CNR8705975""","""CID6763414""",1,1,0.9890267648443328
"""CNR3321185""","""CID6027264""",1,1,0.5696175842980851
"""CNR7434369""","""CID7205394""",1,0,0.4981509639978797
"""CNR5231969""","""CID6675752""",1,1,0.5978707856414422
"""CNR4117779""","""CID3727455""",0,0,0.14275482332382364
"""CNR2123458""","""CID1763059""",1,1,0.9641499904184099
"""CNR2190779""","""CID8362318""",1,1,0.9196048127061787
"""CNR8841090""","""CID5732489""",1,1,0.9362133791241738
"""CNR1738346""","""CID8370505""",1,1,0.9430974245392978
"""CNR4555077""","""CID1481667""",1,1,0.7709093651910949
"""CNR7884450""","""CID9433988""",1,1,0.7381324079086592
"""CNR6103739""","""CID7415615""",0,0,0.08918169498481636
"""CNR2218233""","""CID2223594""",0,0,0.10029842358462215
"""CNR4955839""","""CID5305872""",1,1,0.9207390262731286
"""CNR3409271""","""CID8598402""",1,1,0.9655974198731139
"""CNR1878561""","""CID2508031""",1,1,0.9443379289001391
"""CNR2126291""","""CID1813219""",1,1,0.9295656457223525
"""CNR1146087""","""CID9682227""",1,1,0.5758545843138555
"""CNR9993540""","""CID2432191""",1,1,0.7802121936639146
"""CNR3174930""","""CID8978699""",1,1,0.6756535121394563
"""CNR2329725""","""CID3350566""",1,1,0.6838415794960234
"""CNR7388341""","""CID9963882""",1,1,0.9694410015242039
"""CNR5528326""","""CID1965728""",1,1,0.9271270686911353
"""CNR4085306""","""CID7815481""",0,0,0.0656219453314873
"""CNR7599705""","""CID8465809""",1,1,0.8190542310261496
"""CNR1251619""","""CID5961190""",0,0,0.08255669936144085
"""CNR6134337""","""CID6300098""",1,1,0.9785335806904779
"""CNR2862798""","""CID8711198""",1,1,0.9845059420989897
"""CNR7942625""","""CID4430001""",1,1,0.5626294351743986
"""CNR9876038""","""CID5681581""",0,1,0.6404269473385612
"""CNR5002223""","""CID3778246""",1,1,0.9626107433552262
"""CNR8991725""","""CID3855510""",0,0,0.08437534267422406
"""CNR2102403""","""CID7304021""",1,1,0.9492671271675528
"""CNR6040356""","""CID2389336""",1,1,0.5624076360624245
"""CNR2267178""","""CID1847265""",1,1,0.9583743889189147
"""CNR1736036""","""CID9965869""",0,1,0.7163702737597918
"""CNR4115179""","""CID1523284""",0,0,0.08340437245862947
"""CNR2854735""","""CID6624364""",0,0,0.08407356929923492
"""CNR4286000""","""CID9924571""",0,0,0.10519560898963053
"""CNR2124815""","""CID7654235""",1,1,0.909029022574209
"""CNR9835453""","""CID2973517""",0,0,0.07747759904915141
"""CNR8151780""","""CID4725317""",0,0,0.07154937817255735
"""CNR7400485""","""CID6011865""",1,1,0.9835489773851691
"""CNR3352580""","""CID4854015""",1,1,0.6879535348665842
"""CNR8198564""","""CID5701217""",0,0,0.08760238330330555
"""CNR1448769""","""CID8023464""",1,1,0.5891980389478042
"""CNR6737470""","""CID9943123""",1,1,0.5986789897973427
"""CNR8677453""","""CID3946577""",1,1,0.9859369870036204
"""CNR4701457""","""CID5793438""",1,1,0.9872849421866641
"""CNR8345618""","""CID2626833""",1,1,0.966702337359356
"""CNR3584960""","""CID5075569""",1,1,0.7288372888586364
"""CNR5565929""","""CID7185248""",1,1,0.6112182497702601
"""CNR6958497""","""CID8010314""",0,0,0.07572743790024247
"""CNR4035999""","""CID9908002""",0,0,0.1800163824461498
"""CNR1236888""","""CID1282836""",1,1,0.8393399894340404
"""CNR6549443""","""CID2616723""",0,0,0.1704177254722376
"""CNR2483111""","""CID1110100""",1,1,0.9807494415240399
"""CNR2042584""","""CID8538714""",0,1,0.7181251404467591
"""CNR8661248""","""CID5391833""",1,1,0.7482713846825729
"""CNR4084537""","""CID1947604""",1,1,0.6296096981184378
"""CNR3625023""","""CID7196683""",1,1,0.922483447274681
"""CNR4218668""","""CID9298774""",1,1,0.9844839478024735
"""CNR7942091""","""CID3300937""",1,1,0.9693226977534741
"""CNR9504244""","""CID5350465""",1,0,0.1605599330074477
"""CNR4198974""","""CID1285548""",1,1,0.9837345066154307
"""CNR1700567""","""CID2283999""",1,1,0.9639520715776041
"""CNR2456697""","""CID1007791""",1,1,0.9784881148247406
"""CNR3195236""","""CID4121406""",1,1,0.9592513447945193
"""CNR7592912""","""CID5280666""",0,0,0.08079017968401461
"""CNR2422993""","""CID3515488""",0,0,0.09704652315971232
"""CNR3819413""","""CID6810812""",1,1,0.5832008911984751
"""CNR6170096""","""CID8481545""",1,1,0.9761496301358276
"""CNR8031639""","""CID9019137""",1,1,0.9858676216449809
"""CNR5907158""","""CID6392185""",1,1,0.959326111344424
"""CNR9887732""","""CID2116371""",1,1,0.988968051259151
"""CNR8469605""","""CID6711030""",1,1,0.9820601439309076
"""CNR9903421""","""CID7078272""",1,1,0.6313358676293692
"""CNR6196576""","""CID1517351""",1,1,0.9716475942596007
"""CNR8525068""","""CID7339295""",0,0,0.10913300418967206
"""CNR8613767""","""CID5658098""",0,0,0.07691757818186831
"""CNR8578543""","""CID4425730""",1,1,0.6350450839369501
"""CNR6669747""","""CID9821827""",0,0,0.07683984016197723
"""CNR9436806""","""CID1042044""",1,1,0.6466402799625441
"""CNR9588721""","""CID6200321""",1,1,0.9860169904365764
"""CNR1748521""","""CID4862159""",1,1,0.6125462912292741
"""CNR9871604""","""CID2570584""",1,1,0.5675049395954914
"""CNR1868096""","""CID6832893""",0,0,0.0835155668168963
"""CNR1378652""","""CID9386668""",1,1,0.5653952125698037
"""CNR1963630""","""CID9610713""",1,1,0.5725373199594483
"""CNR9107624""","""CID3467069""",1,1,0.9836736572093311
"""CNR2487000""","""CID9861263""",1,1,0.930965064488567
"""CNR5904495""","""CID5071597""",1,1,0.9658453542099249
"""CNR3879423""","""CID4547724""",1,1,0.9530264231563405
"""CNR5542431""","""CID4985793""",0,0,0.22899202752790496
"""CNR1554953""","""CID9191288""",1,1,0.923667065888204
"""CNR4938954""","""CID1311711""",1,1,0.974916400728844
"""CNR2343268""","""CID1394796""",0,0,0.2962762501478272
"""CNR1399769""","""CID2011562""",1,1,0.7103540533945885
"""CNR1577555""","""CID8663354""",0,0,0.06793691980958978
"""CNR3843899""","""CID3859880""",1,1,0.9684353648264482
"""CNR5190838""","""CID2434269""",1,1,0.9800499648263282
"""CNR6537115""","""CID8489468""",0,0,0.11888783038932646
"""CNR7681155""","""CID6125546""",1,1,0.9600677579415081
"""CNR9357463""","""CID9846047""",1,1,0.5680423258530941
"""CNR8509503""","""CID8856029""",1,1,0.7141862324218932
"""CNR1257450""","""CID9164439""",0,0,0.08472352573486128
"""CNR6700340""","""CID2831744""",0,0,0.10399307463605692
"""CNR2818343""","""CID1844106""",0,0,0.10614990464683362
"""CNR3194939""","""CID8607718""",0,0,0.08089138917448199
"""CNR8835522""","""CID1728495""",1,1,0.9846792435994132
"""CNR5214665""","""CID8971658""",0,1,0.7272768113684709
"""CNR7793420""","""CID5451644""",0,1,0.5684101847791756
"""CNR3065119""","""CID9129708""",1,1,0.9488567099173468
"""CNR4006793""","""CID5442692""",0,0,0.12351891313174335
"""CNR6205077""","""CID3020813""",1,1,0.9800029834671441
"""CNR4577237""","""CID7505440""",1,1,0.9748912678772984
"""CNR2396109""","""CID9420587""",1,1,0.9726459067495684
"""CNR5264092""","""CID2059676""",0,0,0.12428301218070915
"""CNR9727915""","""CID1232409""",0,0,0.07315371845075568
"""CNR5918401""","""CID7996759""",0,0,0.08747442419968576
"""CNR9842630""","""CID7199461""",1,1,0.6556550760184573
"""CNR9948064""","""CID4735435""",1,1,0.7860019557043663
"""CNR6647522""","""CID9099339""",1,1,0.931342852500036
"""CNR6301685""","""CID4167162""",1,1,0.6642022741173836
"""CNR9806771""","""CID9495350""",1,1,0.9767570203263715
"""CNR7657831""","""CID6697088""",1,1,0.9742722208734591
"""CNR6390843""","""CID5938117""",0,0,0.08819141685233507
"""CNR5523487""","""CID8456002""",1,1,0.6818745788907218
"""CNR1745456""","""CID3072911""",1,1,0.9584826410069555
"""CNR7442581""","""CID4352104""",1,1,0.5804533824489573
"""CNR6496973""","""CID5875050""",1,1,0.671488287961184
"""CNR9788947""","""CID2927687""",1,1,0.9398229580821099
"""CNR8016670""","""CID7978717""",1,1,0.7121982283563286
"""CNR4545500""","""CID2726762""",0,0,0.06815106261850763
"""CNR8866716""","""CID8516499""",0,0,0.08717626809624202
"""CNR1347451""","""CID7585648""",1,1,0.9884893258225996
"""CNR7855749""","""CID2054415""",1,1,0.9839597975605524
"""CNR6245410""","""CID4628840""",1,1,0.9012934927557013
"""CNR1275860""","""CID8059355""",1,0,0.44632812722928616
"""CNR7957163""","""CID1560773""",1,1,0.9429649952577679
"""CNR4965472""","""CID7645504""",1,1,0.9844289010578988
"""CNR1133373""","""CID2469483""",0,0,0.09962818511729615
"""CNR3870532""","""CID7692218""",0,1,0.6959102222095956
"""CNR7331165""","""CID8287658""",0,0,0.07434940346434298
"""CNR1819299""","""CID9351445""",1,1,0.9333386480180856
"""CNR2769867""","""CID5693827""",1,1,0.9224331126860784
"""CNR9116677""","""CID1157792""",0,0,0.20350994584775808
"""CNR9918008""","""CID2044640""",1,1,0.9636149686752771
"""CNR5563152""","""CID2785960""",0,0,0.07489449268468178
"""CNR4675651""","""CID2406801""",0,0,0.0839242036124879
"""CNR3237666""","""CID5827775""",1,1,0.6905473143016634
"""CNR1383677""","""CID5656577""",1,1,0.986719132082227
"""CNR4981114""","""CID7633385""",0,0,0.10584398274376547
"""CNR7217572""","""CID2254932""",1,1,0.9712609437793115
"""CNR8225779""","""CID9905989""",0,0,0.14364855650063604
"""CNR1253950""","""CID3011952""",0,0,0.08230846052776412
"""CNR1847107""","""CID3420166""",0,1,0.720636230417302
"""CNR1153903""","""CID6489105""",0,1,0.6080748983134864
"""CNR1066653""","""CID5733560""",1,1,0.985287022587119
"""CNR6216688""","""CID1188576""",1,1,0.6896842518860716
"""CNR9853448""","""CID1111558""",0,0,0.10810602483448249
"""CNR3442833""","""CID3326826""",1,1,0.9249937381250326
"""CNR8507284""","""CID2394103""",0,0,0.1645658223304364
"""CNR7976572""","""CID3209403""",1,1,0.6560972017094788
"""CNR4717996""","""CID1765981""",1,1,0.6825928205007916
"""CNR5538393""","""CID8671092""",0,0,0.10553188295768785
"""CNR7929066""","""CID5574899""",1,1,0.9652331380651578
"""CNR3533831""","""CID8300159""",1,1,0.6976341916357088
"""CNR6052465""","""CID3590273""",1,1,0.7690366482973886
"""CNR2189961""","""CID4461737""",0,0,0.07857469225913218
"""CNR8072256""","""CID7471980""",0,0,0.14260453736757348
"""CNR8963466""","""CID4768208""",0,1,0.7137033520520168
"""CNR1661722""","""CID9950887""",1,1,0.5625654873308147
"""CNR9802102""","""CID4489665""",0,0,0.08655130429381996
"""CNR6386225""","""CID3770472""",1,1,0.9904189791753223
"""CNR6839152""","""CID7687431""",1,1,0.9639406839853387
"""CNR1831492""","""CID7018256""",0,0,0.10195326073000516
"""CNR2955873""","""CID8898109""",1,1,0.9414416101520662
"""CNR3339641""","""CID9300552""",1,1,0.5878030922557187
"""CNR8409713""","""CID8541193""",0,0,0.07844481122691772
"""CNR3378476""","""CID7188606""",0,0,0.09665062854767138
"""CNR5793570""","""CID5163744""",1,1,0.7229643855304989
"""CNR3369115""","""CID4120735""",1,1,0.7003078632445593
"""CNR3192127""","""CID6734184""",0,0,0.10635059577252189
"""CNR4685795""","""CID1602206""",1,1,0.9585455856593817
"""CNR1154625""","""CID4666728""",0,0,0.12095263913037511
"""CNR5851828""","""CID8013042""",1,1,0.6916456075107069
"""CNR9990035""","""CID5540219""",1,1,0.9235735835276394
"""CNR5851176""","""CID6568203""",1,1,0.6047898394799082
"""CNR5073553""","""CID8680777""",0,0,0.08696978510338252
"""CNR1645310""","""CID8647919""",1,1,0.69392655945676
"""CNR2146206""","""CID6630494""",0,0,0.09020896094676986
"""CNR1673588""","""CID9740588""",0,0,0.09152341370070563
"""CNR9409161""","""CID4081605""",0,0,0.16718692075850392
"""CNR1120068""","""CID9897897""",1,1,0.9827123272687652
"""CNR8593702""","""CID4226132""",1,1,0.9175159809813284
"""CNR2735285""","""CID3917723""",1,1,0.7302152154447022
"""CNR6797998""","""CID8805337""",0,0,0.07386871790954652
"""CNR5464124""","""CID9608029""",1,1,0.9269321652747904
"""CNR5913533""","""CID8906629""",0,0,0.07525599202703435
"""CNR9939209""","""CID6557390""",1,1,0.9704283250243612
"""CNR4580954""","""CID1056720""",0,0,0.07205544813544026
"""CNR7083305""","""CID3744080""",1,1,0.9284251771119176
"""CNR8464106""","""CID2098354""",0,0,0.08415315078243824
"""CNR3530089""","""CID6063299""",1,1,0.7563768637215523
"""CNR8895989""","""CID9694944""",0,0,0.0722249725154408
"""CNR8571680""","""CID9184062""",0,0,0.08557213956324694
"""CNR4243842""","""CID3357057""",1,1,0.7112948694101782
"""CNR1098519""","""CID1723601""",1,1,0.7401702477123921
"""CNR6736649""","""CID5401062""",1,1,0.6741575764984822
"""CNR7881854""","""CID1928267""",1,1,0.7142732757654745
"""CNR6234496""","""CID2254882""",0,1,0.7216220249992203
"""CNR9152940""","""CID4657810""",1,1,0.5744231361119355
"""CNR3951332""","""CID6588797""",1,1,0.9293363580861431
"""CNR1050573""","""CID9893552""",0,0,0.06244758974731429
"""CNR2885959""","""CID9977585""",1,1,0.9691756731534383
"""CNR6530479""","""CID7542408""",1,1,0.974373100233791
"""CNR6162846""","""CID8487404""",1,1,0.9346797503218809
"""CNR5960862""","""CID4294904""",1,1,0.9681635092541053
"""CNR9149761""","""CID5931530""",1,1,0.9455448964190973
"""CNR4267072""","""CID5730353""",1,1,0.9366445634842743
"""CNR8426988""","""CID1851579""",1,1,0.5741793538838332
"""CNR4614185""","""CID9744106""",1,1,0.5870381448586994
"""CNR2390363""","""CID9567213""",1,1,0.9837826943483994
"""CNR1787138""","""CID7965527""",1,1,0.6928466313396312
"""CNR7928935""","""CID2764195""",1,1,0.6833826524536939
"""CNR8536327""","""CID4227522""",1,1,0.7324304742743232
"""CNR9567099""","""CID3860963""",0,0,0.14941759534647123
"""CNR5595526""","""CID7989722""",0,1,0.7649423580944176
"""CNR6443475""","""CID2547637""",1,1,0.5728760139071305
"""CNR4828262""","""CID7069034""",0,0,0.05932957264302127
"""CNR7268382""","""CID1865580""",1,1,0.6423387636465844
"""CNR4110829""","""CID2330068""",0,0,0.08828733848945636
"""CNR4384520""","""CID2304928""",1,1,0.9391257176981067
"""CNR7241621""","""CID2072882""",1,1,0.679860717352207
"""CNR2705466""","""CID1680011""",0,1,0.560858484323649
"""CNR4682119""","""CID3809158""",1,1,0.5747853743282888
"""CNR3395356""","""CID9328513""",1,1,0.9762044697230713
"""CNR2118531""","""CID7222559""",1,1,0.5778355270926874
"""CNR8519597""","""CID9650591""",1,1,0.9788480589274466
"""CNR4794656""","""CID9603240""",1,1,0.5916622719123904
"""CNR3433359""","""CID6614088""",1,1,0.7188060515451131
"""CNR4570966""","""CID2002223""",0,0,0.07362324247103408
"""CNR8025185""","""CID9954763""",1,1,0.5707284748973996
"""CNR8959898""","""CID2426827""",0,0,0.08224841304467201
"""CNR4521311""","""CID9108959""",1,1,0.9718028935800758
"""CNR2125538""","""CID2088213""",0,0,0.10094060301147184
"""CNR8740750""","""CID4998992""",1,1,0.7949837497113487
"""CNR3572980""","""CID7002584""",1,1,0.9779424771569781
"""CNR4084005""","""CID3137042""",1,1,0.6102837710298288
"""CNR9133023""","""CID3094054""",1,1,0.9822715410626937
"""CNR5882059""","""CID2260594""",1,1,0.7665975413729205
"""CNR9858272""","""CID4650801""",1,1,0.9721204954730222
"""CNR6730095""","""CID2981459""",1,1,0.5683924364085995
"""CNR2791356""","""CID3825655""",0,0,0.07263786138400839
"""CNR3803696""","""CID6526806""",1,1,0.9623647511351373
"""CNR4669552""","""CID7330070""",0,0,0.19212177821926532
"""CNR9903678""","""CID9855291""",1,1,0.7408574033985615
"""CNR3029440""","""CID2372927""",1,1,0.7372975542006899
"""CNR8676884""","""CID5833053""",1,1,0.7333629015071736
"""CNR9405126""","""CID7098994""",1,1,0.7217017725518244
"""CNR6648256""","""CID7152037""",0,0,0.28798283614763504
"""CNR9189394""","""CID3820299""",1,1,0.6892342124347843
"""CNR3863830""","""CID1544938""",1,1,0.9487515696056525
"""CNR5487673""","""CID7224691""",0,0,0.08449232040099494
"""CNR2732838""","""CID3527785""",1,1,0.9320632180891516
"""CNR7269055""","""CID1093869""",0,0,0.141651647911356
"""CNR1411567""","""CID4159508""",1,1,0.9315605918293327
"""CNR9345887""","""CID2676353""",0,0,0.0644558508406143
"""CNR4544561""","""CID9149084""",1,1,0.5858013932109148
"""CNR5526619""","""CID4988674""",1,1,0.9831603658360824
"""CNR3996017""","""CID9405498""",0,1,0.5846944455060497
"""CNR4548029""","""CID8598394""",1,1,0.926771248840829
"""CNR1977702""","""CID5891903""",1,1,0.9392796568520383
"""CNR5369168""","""CID6835629""",1,1,0.9302300285894055
"""CNR7199036""","""CID9702277""",1,1,0.9385208130071343
"""CNR2121988""","""CID9829850""",1,1,0.8093996160647946
"""CNR6953869""","""CID3552956""",1,1,0.9803961269962298
"""CNR6039250""","""CID1545440""",1,1,0.9486227783783473
"""CNR7561762""","""CID9663554""",1,1,0.7388342036695258
"""CNR7428100""","""CID9206536""",1,1,0.7070854969525208
"""CNR8802578""","""CID5741966""",1,1,0.6772332650819269
"""CNR7082837""","""CID7607451""",0,0,0.09206147351972416
"""CNR1758604""","""CID5114148""",1,1,0.9580823355424616
"""CNR5760575""","""CID2195517""",0,1,0.7234322855587931
"""CNR2657303""","""CID5818396""",0,0,0.07730060092695143
"""CNR2667889""","""CID4726160""",1,1,0.9449831881330991
"""CNR3126093""","""CID9714468""",1,1,0.9807291690847645
"""CNR1151433""","""CID9512069""",1,1,0.9365976894656384
"""CNR7373276""","""CID5419832""",1,1,0.9919841524873781
"""CNR9922954""","""CID5648022""",1,1,0.9429943867033687
"""CNR9173657""","""CID5166937""",1,1,0.9837982481048099
"""CNR6399357""","""CID6795486""",1,1,0.9787707566922379
"""CNR6518367""","""CID6890808""",1,1,0.9771000551928015
"""CNR9204331""","""CID4056775""",0,0,0.14210057537114443
"""CNR5949866""","""CID2572561""",1,1,0.9853730843580907
"""CNR8937164""","""CID3489484""",0,1,0.7274897267396369
"""CNR4070933""","""CID5094579""",0,0,0.09508168400711603
"""CNR5267878""","""CID2721381""",0,0,0.08908498045939159
"""CNR2979579""","""CID3335589""",1,1,0.6851882459142793
"""CNR2316186""","""CID8366342""",1,1,0.6959087395990952
"""CNR2712486""","""CID7688194""",1,1,0.9859590141049207
"""CNR9856003""","""CID1713058""",0,1,0.5667840778785334
"""CNR3418077""","""CID4680636""",1,1,0.5610942161387559
"""CNR5417453""","""CID5521259""",1,1,0.9888342574424244
"""CNR3793755""","""CID8191846""",0,0,0.08431404468470954
"""CNR6235237""","""CID5936878""",1,1,0.6876196196724826
"""CNR8201954""","""CID9451840""",1,1,0.93565106047628
"""CNR8747575""","""CID5247897""",0,0,0.13034239353578242
"""CNR3626955""","""CID2308481""",0,0,0.06989484660862033
"""CNR1554802""","""CID3353762""",0,0,0.23003194615723302
"""CNR5976935""","""CID3612203""",1,1,0.6886925804905356
"""CNR3728587""","""CID5535287""",0,0,0.11078082593422785
"""CNR7237489""","""CID8741453""",0,1,0.5663312420080424
"""CNR7996920""","""CID2020461""",1,1,0.7710497966394059
"""CNR3886324""","""CID7478776""",0,0,0.07905637830382649
"""CNR4186304""","""CID5325958""",0,0,0.08657402446959615
"""CNR6577945""","""CID7016649""",1,1,0.6609907628968892
"""CNR4156286""","""CID1077403""",0,0,0.08410024453418412
"""CNR9367105""","""CID1061011""",0,0,0.10640115920435476
"""CNR4446941""","""CID9591320""",1,1,0.9836898228415845
"""CNR9476434""","""CID3542052""",1,1,0.5514670213674328
"""CNR8699158""","""CID4251472""",1,1,0.6969168398105855
"""CNR7073101""","""CID9224461""",0,0,0.08899738767481237
"""CNR3903989""","""CID3817858""",0,0,0.06467928187676399
"""CNR2370100""","""CID3610474""",0,0,0.08754312736023936
"""CNR4749584""","""CID6077073""",0,0,0.09027035987399148
"""CNR3519388""","""CID5464842""",1,1,0.7286452043644888
"""CNR5288692""","""CID5669247""",0,1,0.6657898692773494
"""CNR4763984""","""CID1750000""",0,0,0.08533721566602913
"""CNR2972272""","""CID5552561""",0,0,0.06348218052774414
"""CNR2542001""","""CID8683047""",0,0,0.07528406733253634
"""CNR3807772""","""CID8593300""",0,0,0.09541356963102321
"""CNR8196281""","""CID3447667""",0,0,0.07120386200494061
"""CNR3513978""","""CID9599704""",1,1,0.7071459489281957
"""CNR4015739""","""CID4811829""",1,1,0.7315638567360776
"""CNR6709760""","""CID1422990""",1,1,0.8804180463200708
"""CNR3944708""","""CID6829866""",0,0,0.09433160973388835
"""CNR5221560""","""CID4530550""",1,1,0.6790523543735691
"""CNR7046942""","""CID1556198""",1,1,0.7290874408963727
"""CNR8634940""","""CID4005206""",1,1,0.7857547118829618
"""CNR6495960""","""CID7507489""",1,1,0.7258343401332669
"""CNR4243463""","""CID9789966""",1,1,0.9759785190797076
"""CNR6337856""","""CID7717601""",1,1,0.9276862158323476
"""CNR5253842""","""CID8683346""",0,0,0.08056389545647134
"""CNR1297393""","""CID3612473""",1,1,0.9441698289925993
"""CNR8518546""","""CID8842162""",0,0,0.06986489394541746
"""CNR6888885""","""CID9478471""",1,1,0.8972915764152231
"""CNR4370128""","""CID8533840""",1,1,0.5767672835468983
"""CNR3558773""","""CID2392591""",1,1,0.9505532497547423
"""CNR6687533""","""CID1695461""",1,1,0.5782472189481372
"""CNR2037076""","""CID4229429""",0,0,0.08103871980799135
"""CNR3353379""","""CID2022999""",0,0,0.12445287414863258
"""CNR6097728""","""CID8003952""",1,1,0.7663084274463385
"""CNR3171014""","""CID2876097""",1,1,0.973231705052959
"""CNR8376561""","""CID1500800""",1,1,0.9842120712712886
"""CNR5142665""","""CID8045500""",1,1,0.5557480315043599
"""CNR7846641""","""CID4951255""",0,1,0.7247016416350204
"""CNR7285398""","""CID9622136""",1,1,0.7379669930291491
"""CNR2687946""","""CID8612737""",1,1,0.9676348206390148
"""CNR6034439""","""CID4598352""",1,1,0.9175035944249661
"""CNR1415361""","""CID2723798""",0,0,0.08282745635197547
"""CNR3164645""","""CID1661820""",1,1,0.5750158306893468
"""CNR4486856""","""CID5345124""",0,0,0.07370556587189521
"""CNR6875741""","""CID9652503""",0,0,0.08228484909180504
"""CNR6773962""","""CID7002049""",1,1,0.9853946046330613
"""CNR9331843""","""CID7157170""",0,0,0.07606949422934782
"""CNR4569230""","""CID4680988""",1,1,0.9647264948194656
"""CNR3724787""","""CID3373273""",0,1,0.7566953816099231
"""CNR2123783""","""CID4677582""",1,1,0.9119272198940606
"""CNR9410606""","""CID5387507""",0,0,0.0866015722506151
"""CNR1518325""","""CID7593009""",0,0,0.0854488649348753
"""CNR6910787""","""CID4746390""",0,0,0.08452834026010157
"""CNR4286417""","""CID6121487""",1,1,0.9349052758245641
"""CNR5007606""","""CID8771459""",0,0,0.08972071460887059
"""CNR3635229""","""CID3137493""",0,0,0.08573682424496547
"""CNR3843845""","""CID6680595""",1,1,0.5631878085874272
"""CNR7556152""","""CID1531759""",1,1,0.7124955758856767
"""CNR4308115""","""CID5578142""",1,1,0.9807377066188127
"""CNR1712546""","""CID2291776""",0,0,0.09864661209219246
"""CNR2167998""","""CID1160301""",0,0,0.16052704276175878
"""CNR3125517""","""CID1635090""",0,0,0.22016789089872182
"""CNR9974824""","""CID5730249""",1,1,0.9740753657886267
"""CNR3931830""","""CID7761064""",1,1,0.6437839296715615
"""CNR4122219""","""CID2517437""",0,1,0.6455529977633264
"""CNR5551303""","""CID2159752""",0,0,0.09069024986904231
"""CNR1322401""","""CID1174799""",1,1,0.9804123378223247
"""CNR7903759""","""CID9105273""",0,0,0.08319699674977445
"""CNR1191412""","""CID2768531""",1,1,0.8234506364175846
"""CNR3056633""","""CID6192201""",0,0,0.05376859887058085
"""CNR7699876""","""CID4510734""",1,1,0.5807794743190753
"""CNR5578647""","""CID9688004""",1,1,0.7264059610857384
"""CNR1802291""","""CID6155748""",0,0,0.19939250039509182
"""CNR2110797""","""CID2269085""",1,1,0.9693756959745226
"""CNR9994491""","""CID5626778""",1,1,0.9393078791119659
"""CNR3726142""","""CID2655159""",1,1,0.9225464990319298
"""CNR5527297""","""CID2925158""",0,0,0.09924759561019943
"""CNR2487250""","""CID8155671""",1,1,0.9298290177339733
"""CNR3611919""","""CID2714871""",0,1,0.6759404298422836
"""CNR2594337""","""CID4823546""",1,1,0.6022494301631484
"""CNR8411321""","""CID8090157""",0,0,0.07538169570121515
"""CNR7842492""","""CID9896784""",1,1,0.7453432617549888
"""CNR3807565""","""CID2450623""",0,1,0.6131201804733999
"""CNR8214502""","""CID7091327""",1,1,0.6897536497458061
"""CNR1394941""","""CID2588961""",0,0,0.0709459376709507
"""CNR9203208""","""CID4329278""",1,1,0.7252983383877779
"""CNR6817486""","""CID4274456""",0,1,0.7082634585471914
"""CNR8725542""","""CID8144991""",1,1,0.7571295463620966
"""CNR1984485""","""CID6591805""",1,1,0.9309857388878686
"""CNR6361243""","""CID9795465""",0,0,0.07916490731606218
"""CNR9358208""","""CID7461645""",1,1,0.9497290414771381
"""CNR3016648""","""CID2694009""",1,1,0.7269735812255155
"""CNR2833715""","""CID4541609""",1,1,0.5623917209091062
"""CNR3724219""","""CID5409246""",1,1,0.9350952980610358
"""CNR3879948""","""CID2739701""",1,1,0.6506545496499611
"""CNR7219239""","""CID7322071""",1,1,0.574396525397512
"""CNR5680525""","""CID2416863""",1,1,0.9585199859036632
"""CNR4010549""","""CID5899178""",0,0,0.08917422515622739
"""CNR4862788""","""CID5546673""",1,1,0.6947377375889896
"""CNR2209119""","""CID2294162""",1,1,0.9246815270662048
"""CNR1505901""","""CID6085684""",0,0,0.09209469179835289
"""CNR8126548""","""CID4449195""",0,0,0.0821366996512187
"""CNR8357607""","""CID8931359""",0,0,0.11603510547804563
"""CNR8563056""","""CID1248043""",1,1,0.6176649875160187
"""CNR1648991""","""CID3109760""",1,1,0.8667233056025124
"""CNR1362153""","""CID7151283""",0,0,0.13014825717394468
"""CNR1726103""","""CID1128473""",1,1,0.964734430630887
"""CNR4490190""","""CID5962351""",0,0,0.13797596496118558
"""CNR1765479""","""CID3494322""",1,1,0.9838522050620065
"""CNR4944693""","""CID1579152""",1,1,0.5749509425185788
"""CNR6681987""","""CID5373927""",1,1,0.7579092757194555
"""CNR7300361""","""CID2400430""",1,1,0.6123595411893566
"""CNR9342432""","""CID4583239""",1,1,0.7227165735094533
"""CNR5939223""","""CID1109267""",0,0,0.06811455005098206
"""CNR3488649""","""CID7247639""",1,1,0.9765055636155423
"""CNR1394743""","""CID1212329""",1,1,0.555072406915808
"""CNR7856272""","""CID6047531""",0,0,0.0743823659255471
"""CNR8684650""","""CID5199313""",0,0,0.08321191056901375
"""CNR7638529""","""CID4313575""",1,1,0.9573832770284034
"""CNR7862746""","""CID3025410""",1,1,0.6756745404660023
"""CNR3636611""","""CID1665586""",1,1,0.9718777355041713
"""CNR7037079""","""CID4936316""",1,1,0.750462171936331
"""CNR7968550""","""CID6512654""",0,0,0.09224877474393409
"""CNR8553027""","""CID3751835""",0,0,0.0883870877764392
"""CNR4313294""","""CID7531987""",0,0,0.06285092410844755
"""CNR3020621""","""CID7023381""",1,1,0.6015530097761803
"""CNR6610115""","""CID4523004""",1,1,0.5928081484433563
"""CNR6521326""","""CID7640019""",0,1,0.6125337514926443
"""CNR6646454""","""CID1903797""",0,0,0.07173261546021709
"""CNR4084687""","""CID9842694""",1,1,0.9846661195626393
"""CNR6518206""","""CID2278781""",1,1,0.6724521597766843
"""CNR5003984""","""CID3372408""",0,0,0.07329413270445816
"""CNR9199195""","""CID2307404""",1,1,0.9835928623119802
"""CNR7426718""","""CID7349886""",1,1,0.7174664683379478
"""CNR6758254""","""CID1469968""",0,0,0.07119460854275693
"""CNR3175086""","""CID9805350""",0,0,0.18535739870867013
"""CNR2171130""","""CID5135128""",1,1,0.8289179727765281
"""CNR7730380""","""CID3505168""",1,1,0.5861423532176836
"""CNR9183437""","""CID6614082""",1,1,0.5592723372224675
"""CNR4094614""","""CID3489812""",0,0,0.09013165540701235
"""CNR1864106""","""CID4301638""",1,1,0.9696671977910292
"""CNR5967264""","""CID9419839""",0,0,0.06967966016857931
"""CNR5425058""","""CID2303111""",0,0,0.07590987378675798
"""CNR1143804""","""CID6879053""",0,0,0.07534992140605214
"""CNR6846280""","""CID1231753""",1,1,0.9450415400931559
"""CNR1533793""","""CID4398801""",1,1,0.77396678408956
"""CNR4766078""","""CID4892082""",1,1,0.9546700399365259
"""CNR9403368""","""CID1802065""",1,1,0.7410830079366008
"""CNR7866839""","""CID1207443""",1,1,0.5648202788419816
"""CNR4401480""","""CID7834925""",0,1,0.6973607484924825
"""CNR7777772""","""CID3799202""",1,1,0.9294806702725168
"""CNR5781204""","""CID8564802""",1,1,0.5793716811064057
"""CNR6037312""","""CID5081982""",1,1,0.8895439347206263
"""CNR1739401""","""CID3871234""",0,0,0.07290474383081905
"""CNR3767182""","""CID1415842""",1,1,0.9297642780035502
"""CNR9907866""","""CID1959285""",0,0,0.14493659958824762
"""CNR7819448""","""CID8076949""",0,0,0.08869043044581217
"""CNR1892243""","""CID2677905""",1,1,0.5708390084658689
"""CNR8116957""","""CID8388620""",1,1,0.6997555339658059
"""CNR7913555""","""CID5554014""",0,0,0.08262194702189231
"""CNR6337057""","""CID4735801""",1,1,0.7209556349328639
"""CNR8854659""","""CID9880265""",1,1,0.7355879083096096
"""CNR4997664""","""CID3575185""",1,1,0.9506807027749293
"""CNR5673468""","""CID8247165""",0,0,0.07417811520554979
"""CNR8271085""","""CID1473169""",0,0,0.08598844719834746
"""CNR4274495""","""CID1646541""",1,1,0.9873996645253992
"""CNR4727243""","""CID6371712""",1,1,0.9225664458584343
"""CNR5861403""","""CID1583408""",1,1,0.9632266070007525
"""CNR5998378""","""CID4888245""",1,1,0.5686425874129339
"""CNR6660169""","""CID5170464""",1,1,0.9799884514020899
"""CNR8101135""","""CID2176583""",1,1,0.6000989633089812
"""CNR2332357""","""CID7246966""",0,0,0.08345521014649472
"""CNR5632783""","""CID9455579""",0,0,0.17831119994669617
"""CNR6064502""","""CID8164108""",1,1,0.6783025691389106
"""CNR2186741""","""CID4222244""",0,0,0.08783180879222202
"""CNR5780709""","""CID7815387""",0,0,0.11490281846500272
"""CNR3095168""","""CID3208215""",1,1,0.9872207223478601
"""CNR6366958""","""CID3438718""",0,0,0.08667472359325445
"""CNR3835120""","""CID7612727""",1,1,0.8873055904484977
"""CNR4210935""","""CID1372865""",0,0,0.08636103992661677
"""CNR9467036""","""CID7337455""",1,1,0.9503869452520005
"""CNR4099380""","""CID6924839""",0,0,0.13799574664843253
"""CNR7090372""","""CID5380285""",1,1,0.6858877101981221
"""CNR6983755""","""CID3533364""",1,1,0.9385803229219539
"""CNR5862099""","""CID3222490""",0,0,0.08111538760563337
"""CNR7862423""","""CID6946998""",1,1,0.9327214369552591
"""CNR4834995""","""CID3468755""",1,1,0.9439121849312676
"""CNR3956851""","""CID5144184""",0,0,0.08607776691676859
"""CNR5034703""","""CID7799258""",1,1,0.7704844406089217
"""CNR9380875""","""CID1617235""",0,0,0.0912458809866334
"""CNR9456098""","""CID7025202""",1,1,0.6788039255543751
"""CNR4906527""","""CID6052473""",0,0,0.09033987990678735
"""CNR7694197""","""CID7584369""",0,0,0.16703413697941868
"""CNR7047791""","""CID1732209""",0,0,0.15595079641029935
"""CNR8617026""","""CID3008710""",1,1,0.7054148323036715
"""CNR3931684""","""CID6438339""",1,1,0.7012692139940158
"""CNR3162490""","""CID3223059""",0,0,0.08388048866697977
"""CNR3627492""","""CID9209067""",1,1,0.5875587035489727
"""CNR1047471""","""CID5375413""",1,1,0.7043843399386316
"""CNR1782393""","""CID7712015""",1,1,0.9638363803160604
"""CNR6574553""","""CID8617532""",0,0,0.07754954669391129
"""CNR1105618""","""CID5780338""",1,1,0.9765251068962197
"""CNR2761544""","""CID4214621""",0,0,0.11579438650285054
"""CNR1048867""","""CID8841964""",1,1,0.8941921676045278
"""CNR3594052""","""CID2992929""",0,0,0.09750973563956704
"""CNR9539210""","""CID9210517""",0,0,0.06079363717644985
"""CNR4002641""","""CID3220766""",0,0,0.08245515777969277
"""CNR7720154""","""CID6280474""",1,1,0.7157496912357793
"""CNR7973956""","""CID9549281""",1,1,0.9548297672362548
"""CNR5380910""","""CID3426473""",1,1,0.7144219858863494
"""CNR4546697""","""CID6476169""",0,0,0.09242657799555408
"""CNR2005426""","""CID3761902""",0,1,0.5900375377074372
"""CNR1653284""","""CID7783455""",1,1,0.974678599511903
"""CNR6501338""","""CID9269985""",1,1,0.653526734365273
"""CNR6527870""","""CID9844565""",1,1,0.7220182995811887
"""CNR3415537""","""CID8215610""",0,0,0.07409729869671895
"""CNR4769445""","""CID5693846""",1,1,0.9751485142309991
"""CNR3364945""","""CID2361144""",0,0,0.18384293483611072
"""CNR6096878""","""CID2337988""",0,1,0.7290238120052518
"""CNR4415597""","""CID3405218""",1,1,0.9825600079016876
"""CNR5384566""","""CID2556810""",1,1,0.5606714675916413
"""CNR5633233""","""CID2921045""",1,1,0.9802304185816998
"""CNR8133866""","""CID1493065""",1,1,0.973255850049884
"""CNR2993665""","""CID1987695""",1,1,0.6874087547196913
"""CNR2049964""","""CID8997410""",1,1,0.6915837375991397
"""CNR5836727""","""CID2033896""",1,1,0.957943680130392
"""CNR8760527""","""CID2755768""",1,1,0.9259447466425444
"""CNR8229209""","""CID1362674""",0,0,0.05929698692144276
"""CNR8446347""","""CID7498465""",0,0,0.08720160660193184
"""CNR1746269""","""CID1687467""",0,0,0.09305858776270935
"""CNR2118670""","""CID4330935""",1,1,0.600193575422495
"""CNR5553235""","""CID9337348""",1,1,0.622095920792141
"""CNR5613440""","""CID2358429""",1,1,0.5922735851849124
"""CNR5993388""","""CID2255199""",0,0,0.15079559467838097
"""CNR9927786""","""CID8378909""",1,1,0.9295972067586873
"""CNR7945856""","""CID6715450""",1,1,0.557172107151531
"""CNR9244712""","""CID9928830""",1,1,0.5847356649965214
"""CNR1464717""","""CID8817765""",1,1,0.7941281143531564
"""CNR8478980""","""CID2984215""",1,1,0.6983270509333627
"""CNR4435517""","""CID5206816""",1,1,0.9666929875585456
"""CNR7563278""","""CID4482064""",1,1,0.5791918171291393
"""CNR2443870""","""CID9960320""",1,1,0.6986560144020945
"""CNR6693352""","""CID1802836""",0,1,0.5826461160688202
"""CNR3635179""","""CID7086784""",1,1,0.9862367535406495
"""CNR9410376""","""CID6019097""",1,1,0.97576808706988
"""CNR3757580""","""CID1984621""",1,1,0.7126225812766178
"""CNR6715983""","""CID1690176""",0,0,0.12555447096611455
"""CNR9587283""","""CID2839637""",1,1,0.720891356438523
"""CNR4101872""","""CID6780426""",0,0,0.07088157542222784
"""CNR9296756""","""CID5611419""",1,1,0.9491852358850915
"""CNR6690384""","""CID1984832""",1,1,0.9125596187570182
"""CNR8027796""","""CID9645456""",1,1,0.5652157894807209
"""CNR7821395""","""CID5646827""",0,0,0.08735776915632826
"""CNR3891676""","""CID4755278""",1,1,0.9413867925219953
"""CNR7156387""","""CID2439789""",1,1,0.691617404854095
"""CNR3008544""","""CID3958212""",1,1,0.5571119388981168
"""CNR9263193""","""CID9383073""",0,0,0.07584293282748052
"""CNR2230056""","""CID3864816""",1,1,0.9260826813339542
"""CNR9803462""","""CID2126549""",1,1,0.7096493724576096
"""CNR4103685""","""CID8527101""",1,1,0.5799495622850174
"""CNR3704263""","""CID9790803""",1,1,0.9695958826015311
"""CNR6561000""","""CID4577300""",1,1,0.7393299949270009
"""CNR7758899""","""CID3034651""",1,1,0.9703651747368554
"""CNR8171342""","""CID4970507""",1,1,0.9858220525337599
"""CNR3736179""","""CID7235174""",0,1,0.6157554666867404
"""CNR1593639""","""CID7965899""",1,1,0.81637090015353
"""CNR2900179""","""CID7005392""",1,1,0.9503090455311316
"""CNR6701003""","""CID4692334""",0,0,0.09156382441341612
"""CNR8651747""","""CID2784303""",1,1,0.632139003442577
"""CNR2907129""","""CID8727051""",0,0,0.08964383334017885
"""CNR5200733""","""CID1471371""",0,0,0.14195879372882902
"""CNR8603689""","""CID1335989""",1,1,0.5420815201518817
"""CNR2845401""","""CID3824267""",0,0,0.0781230426179469
"""CNR5485196""","""CID8575643""",1,1,0.5663866122127272
"""CNR2289507""","""CID5863394""",1,1,0.57944910866358
"""CNR1478569""","""CID6542717""",0,0,0.06877137540671086
"""CNR2411930""","""CID9962417""",1,1,0.9337209266393446
"""CNR5846059""","""CID2872507""",1,1,0.9283502014507387
"""CNR2781857""","""CID9323838""",1,1,0.9616647560062827
"""CNR6241042""","""CID3830920""",1,1,0.6893794385041708
"""CNR4334800""","""CID9353236""",1,1,0.7842354518970519
"""CNR1637086""","""CID4951592""",1,1,0.9255751722223015
"""CNR2925144""","""CID5406336""",0,0,0.13747981839143722
"""CNR7870563""","""CID5144655""",1,1,0.9496517885859072
"""CNR5929148""","""CID2978639""",0,0,0.14189464855805609
"""CNR9109975""","""CID4640153""",0,0,0.1142996786265651
"""CNR8272289""","""CID1096013""",0,0,0.08844847679454809
"""CNR1628971""","""CID4489646""",0,0,0.0806973401479385
"""CNR2530013""","""CID2917928""",1,0,0.280451033994685
"""CNR2000583""","""CID5772922""",1,1,0.7131239715818801
"""CNR1462452""","""CID2505164""",1,1,0.928795882716081
"""CNR5576010""","""CID8964018""",0,0,0.10978376330108042
"""CNR7114193""","""CID9999282""",1,1,0.9827479306726622
"""CNR5607725""","""CID1745162""",0,1,0.7212169927022702
"""CNR2613227""","""CID5349551""",1,1,0.5792581287168882
"""CNR4631230""","""CID9694900""",1,1,0.9311996593496947
"""CNR7256684""","""CID3601571""",1,1,0.7000194239125354
"""CNR7710675""","""CID8212151""",1,1,0.7093976411185388
"""CNR6541092""","""CID8151414""",1,1,0.9370593361485292
"""CNR8312394""","""CID7806128""",1,1,0.9554349526407239
"""CNR5663292""","""CID3963476""",1,1,0.936103160020415
"""CNR3566006""","""CID8806827""",0,0,0.09605079550552015
"""CNR4277316""","""CID8970036""",1,1,0.5698201287316749
"""CNR1607846""","""CID6344274""",0,0,0.1130022735603906
"""CNR7082011""","""CID9964513""",1,1,0.6890695609409937
"""CNR5030752""","""CID8171534""",1,1,0.7068981585799903
"""CNR7322981""","""CID6397765""",0,0,0.08627569954696783
"""CNR2711037""","""CID9666113""",0,0,0.11438439964073012
"""CNR3980007""","""CID3807239""",0,0,0.09222951247760891
"""CNR5784783""","""CID7523398""",0,1,0.5850314944315362
"""CNR9320121""","""CID8533330""",1,1,0.7315749360046192
"""CNR6251168""","""CID7199493""",0,1,0.5666997062804475
"""CNR1064434""","""CID5352764""",1,1,0.9860382583158965
"""CNR9240095""","""CID4039630""",1,1,0.5988179231139654
"""CNR4143093""","""CID8674603""",1,1,0.7300357857172852
"""CNR1119650""","""CID2767604""",0,1,0.5713367913204676
"""CNR7118360""","""CID5089048""",1,1,0.9505925225121431
"""CNR8341888""","""CID3860776""",1,1,0.9555502144286743
"""CNR1847070""","""CID5844671""",0,0,0.08888583442672218
"""CNR7778136""","""CID7018596""",0,0,0.07527605255714956
"""CNR7687972""","""CID4046034""",0,0,0.07481538804951321
"""CNR7631318""","""CID6233946""",1,1,0.9760949506896659
"""CNR4961014""","""CID6150823""",0,0,0.10026107432468627
"""CNR9946057""","""CID7754796""",0,0,0.14975546614013113
"""CNR6305868""","""CID7353800""",1,1,0.7266037902274125
"""CNR3701805""","""CID3547824""",1,1,0.9880086039513102
"""CNR7815253""","""CID5411643""",1,1,0.812729098410541
"""CNR4964777""","""CID8394146""",0,0,0.08590720191968128
"""CNR8514104""","""CID9716832""",0,0,0.24664289994998162
"""CNR3772665""","""CID5919986""",0,0,0.08572966848149079
"""CNR7003078""","""CID8246021""",1,1,0.9749435756550194
"""CNR5485896""","""CID5980318""",0,0,0.2281330573086124
"""CNR2246048""","""CID3836858""",0,1,0.6726633475394495
"""CNR6549658""","""CID3781312""",1,1,0.958915591101924
"""CNR8618504""","""CID7501562""",1,1,0.9791458026103254
"""CNR1101491""","""CID2728229""",1,1,0.9339613193706542
"""CNR8550164""","""CID4230313""",0,1,0.645393425754571
"""CNR8602446""","""CID2328492""",1,1,0.9441910285956555
"""CNR5670308""","""CID5874852""",1,1,0.9424752195708923
"""CNR8621541""","""CID4678440""",1,1,0.9288090882507053
"""CNR1778409""","""CID1838231""",1,1,0.9494883968467452
"""CNR6308491""","""CID9457775""",1,1,0.9514605939637225
"""CNR7899398""","""CID6055687""",1,1,0.5822633011751721
"""CNR5569513""","""CID9311581""",1,1,0.6718996976451312
"""CNR3277893""","""CID2560226""",1,1,0.9589235091193946
"""CNR6548069""","""CID2090454""",1,1,0.5666787149927422
"""CNR8349247""","""CID4382548""",0,0,0.24495740031485325
"""CNR8447694""","""CID5528378""",1,1,0.9446305746887316
"""CNR4330389""","""CID9112014""",1,1,0.5723942913864053
"""CNR9487400""","""CID6125138""",1,1,0.9758042922687051
"""CNR6923554""","""CID9839341""",0,1,0.7786528152179747
"""CNR5572273""","""CID6649702""",0,0,0.103837342484969
"""CNR8885291""","""CID3627315""",0,0,0.08833606163715131
"""CNR3177104""","""CID5957411""",1,1,0.568448140581115
"""CNR3953640""","""CID7456738""",0,0,0.1033302013960605
"""CNR4481364""","""CID1802945""",1,1,0.9753668721619028
"""CNR5614877""","""CID1113714""",1,1,0.6851422233561256
"""CNR1593742""","""CID9989148""",1,1,0.9337265643515713
"""CNR2375219""","""CID3376785""",0,0,0.08263005014464683
"""CNR4778987""","""CID7168126""",1,1,0.9750346141006146
"""CNR5511334""","""CID6770897""",1,1,0.9650185759721837
"""CNR3707947""","""CID7461305""",1,1,0.6841304411524162
"""CNR8616837""","""CID4675644""",0,0,0.07931272781203517
"""CNR1077653""","""CID7622140""",0,0,0.08665558413962551
"""CNR6558592""","""CID2120794""",1,1,0.9851902582766828
"""CNR2615810""","""CID8729179""",1,1,0.6488856791837707
"""CNR6066948""","""CID1834648""",1,1,0.5832402265691019
"""CNR6380958""","""CID7841607""",0,0,0.08447122002278257
"""CNR7827638""","""CID5817860""",1,1,0.9771948436835299
"""CNR3490222""","""CID7918926""",0,0,0.07995813426650526
"""CNR8308006""","""CID9125160""",1,1,0.6656904609861368
"""CNR3885065""","""CID2246288""",0,0,0.08281496599254573
"""CNR5496657""","""CID6950098""",1,1,0.9532046149767113
"""CNR8527831""","""CID5197355""",1,1,0.6947029072060616
"""CNR6789591""","""CID6807327""",1,1,0.7021861458547973
"""CNR9571744""","""CID5038990""",1,1,0.9454809696825645
"""CNR7343845""","""CID6114972""",0,0,0.0860559126514716
"""CNR3921704""","""CID8651280""",1,1,0.986265698971453
"""CNR2679067""","""CID5328999""",0,0,0.08920094310221845
"""CNR3513724""","""CID6407038""",0,0,0.1673685932420704
"""CNR6293260""","""CID3123498""",1,1,0.732312942886187
"""CNR5158285""","""CID7074728""",0,0,0.07774654473431532
"""CNR2099941""","""CID7235413""",0,0,0.1350259920148571
"""CNR9566107""","""CID8105374""",1,1,0.9763563977374303
"""CNR3009909""","""CID9400069""",1,1,0.9826546983150384
"""CNR3282202""","""CID8655679""",1,1,0.6941852415511005
"""CNR7913313""","""CID2438500""",1,1,0.7404602799731519
"""CNR5059432""","""CID3004911""",1,1,0.5702640960903748
"""CNR2863834""","""CID3396353""",1,1,0.9951179572400768
"""CNR6336179""","""CID2881826""",1,1,0.9259950375828407
"""CNR3606175""","""CID9444241""",1,1,0.7720404126935779
"""CNR5005445""","""CID2434841""",1,1,0.6615675210536327
"""CNR9402584""","""CID1109816""",0,0,0.06973698765567259
"""CNR4585639""","""CID5409683""",0,1,0.7493945676409214
"""CNR8226573""","""CID6351791""",1,1,0.9283188731250172
"""CNR7927869""","""CID7866816""",0,0,0.07371425312382464
"""CNR4502376""","""CID8786056""",0,0,0.16890464702126706
"""CNR3105554""","""CID2254041""",1,1,0.9893060171823411
"""CNR7043626""","""CID3147351""",0,0,0.16632322428700166
"""CNR5412547""","""CID5405720""",1,1,0.9285468576804987
"""CNR4391327""","""CID6187787""",1,1,0.8049918656931494
"""CNR3723539""","""CID5323412""",1,1,0.5835863594808256
"""CNR8803381""","""CID8876486""",1,1,0.6766410024362052
"""CNR6717433""","""CID4221960""",1,1,0.9878609844156746
"""CNR2127916""","""CID7120844""",0,1,0.5914130666141929
"""CNR7664146""","""CID1712321""",1,1,0.9488601813648865
"""CNR5110428""","""CID8150467""",1,1,0.586352743195444
"""CNR8486750""","""CID3896717""",0,0,0.14272584485109707
"""CNR4547695""","""CID5317909""",1,1,0.9762833782026962
"""CNR1750151""","""CID1479682""",0,0,0.07077726499290034
"""CNR1291845""","""CID7337276""",1,1,0.9870748600411718
"""CNR9477897""","""CID2025424""",1,1,0.9316393161401748
"""CNR4420494""","""CID6710725""",0,1,0.5886633208808822
"""CNR1646268""","""CID7028971""",0,0,0.17537513283054015
"""CNR2343731""","""CID4416334""",0,0,0.06827549344446486
"""CNR8912558""","""CID7061407""",0,0,0.11756753524685744
"""CNR1530198""","""CID4771008""",1,1,0.9750166112415536
"""CNR8314397""","""CID8747227""",1,1,0.5873708504986879
"""CNR9149167""","""CID8992373""",1,1,0.9863095744169719
"""CNR1362779""","""CID3411520""",1,1,0.9391603750405996
"""CNR7930232""","""CID9011073""",1,1,0.740924286263256
"""CNR4375879""","""CID9665798""",1,1,0.9824887681807074
"""CNR4247484""","""CID4143971""",1,1,0.5741850530733694
"""CNR4070911""","""CID3244760""",1,1,0.9335685030352029
"""CNR6609879""","""CID4757886""",0,0,0.07428973625938251
"""CNR1840135""","""CID7737741""",0,0,0.08605466235479814
"""CNR4267562""","""CID6123025""",0,0,0.07701335539240263
"""CNR1671224""","""CID3718856""",0,0,0.0829700538410243
"""CNR7277359""","""CID5278247""",0,0,0.11608281253029236
"""CNR4698973""","""CID7293835""",0,0,0.0755045837772213
"""CNR4947263""","""CID9891605""",1,1,0.9318728240764779
"""CNR5837714""","""CID6160235""",1,1,0.9851432908955811
"""CNR3778519""","""CID9587116""",0,0,0.060461852718337754
"""CNR8268577""","""CID3597353""",0,0,0.08023656595187782
"""CNR8301872""","""CID6069361""",0,0,0.4477986641776829
"""CNR7916586""","""CID2066885""",1,1,0.6908566289362257
"""CNR6491093""","""CID2311158""",0,0,0.07959138692363342
"""CNR1992067""","""CID3732944""",1,1,0.9319567292967282
"""CNR8527497""","""CID2552958""",0,0,0.08401862318007952
"""CNR7366633""","""CID9204790""",0,0,0.1214914695680812
"""CNR2478211""","""CID2555454""",1,1,0.985117542724491
"""CNR5398073""","""CID8797879""",1,1,0.9886253822727745
"""CNR6527961""","""CID9592727""",1,1,0.939711561022957
"""CNR2897371""","""CID4136851""",0,0,0.08326657355162892
"""CNR3122647""","""CID8907824""",1,1,0.6250683805739722
"""CNR9956030""","""CID8721669""",0,0,0.07359636991050547
"""CNR4915334""","""CID3575568""",1,1,0.6527759318363003
"""CNR8318669""","""CID3612400""",1,1,0.9309406235283958
"""CNR7137449""","""CID3996561""",0,1,0.6987005398320116
"""CNR1908209""","""CID8549208""",1,1,0.9877744774495083
"""CNR1207137""","""CID9347431""",1,1,0.977440414233518
"""CNR7137925""","""CID5028990""",1,1,0.5917849864572684
"""CNR5457486""","""CID4106242""",1,0,0.2190680997501465
"""CNR8805592""","""CID7287902""",0,0,0.09237357135100523
"""CNR8435258""","""CID3076841""",0,0,0.2816014665872694
"""CNR4770433""","""CID9880161""",0,0,0.07792373361049929
"""CNR9579901""","""CID7380432""",0,0,0.1084465583491498
"""CNR7516309""","""CID7402035""",0,0,0.07596541578875442
"""CNR6500671""","""CID7615985""",0,0,0.08784385601486809
"""CNR4218174""","""CID4468200""",1,1,0.9243964795760762
"""CNR2545367""","""CID6899378""",1,1,0.9868331272348896
"""CNR5999895""","""CID1558994""",1,1,0.9418847561929109
"""CNR9661333""","""CID8925086""",0,1,0.7058001661954711
"""CNR8572417""","""CID6512627""",0,0,0.24685388973789155
"""CNR1196016""","""CID8404105""",1,1,0.7274576720930992
"""CNR4600703""","""CID7042402""",1,1,0.7335196356288254
"""CNR3781271""","""CID9240602""",1,1,0.5708693785373263
"""CNR5613565""","""CID1721182""",1,1,0.5797880331101453
"""CNR1652168""","""CID1545686""",1,1,0.9755121526477492
"""CNR6502174""","""CID4685079""",1,1,0.6676079285467893
"""CNR2380675""","""CID7882295""",1,1,0.8245954361342499
"""CNR9371233""","""CID6998576""",0,0,0.09169665174776973
"""CNR5373806""","""CID5523794""",1,1,0.9646962403615633
"""CNR4729341""","""CID9596664""",1,1,0.9825727329687699
"""CNR2569386""","""CID4250421""",1,1,0.7175862449597729
"""CNR2857221""","""CID8253509""",1,1,0.9843774118442336
"""CNR2521548""","""CID7213986""",0,0,0.09342080757590783
"""CNR2577952""","""CID3257655""",1,1,0.6262974131000034
"""CNR6874559""","""CID6163831""",1,1,0.9743695470639718
"""CNR1191755""","""CID2418040""",0,0,0.09047233012418067
"""CNR8960493""","""CID2681581""",1,1,0.9864054468278272
"""CNR9082013""","""CID6607465""",1,1,0.98743626661602
"""CNR2312415""","""CID1042233""",1,1,0.9341646185309389
"""CNR7700271""","""CID1572063""",1,1,0.9546742468104573
"""CNR3575494""","""CID2354972""",1,1,0.7892102765314319
"""CNR2995397""","""CID7584444""",0,0,0.1288510967276746
"""CNR1402203""","""CID7804387""",1,1,0.966525020621571
"""CNR2856056""","""CID3347684""",1,1,0.750762604492808
"""CNR8383173""","""CID5875897""",1,1,0.7151133622022392
"""CNR9503699""","""CID5586756""",0,1,0.7761131368109304
"""CNR3988518""","""CID7878677""",0,0,0.0873810867867011
"""CNR2485892""","""CID1989487""",1,1,0.6940443617445502
"""CNR2526083""","""CID3566687""",1,1,0.9207617557744013
"""CNR4641809""","""CID1228680""",0,0,0.14963401383791095
"""CNR1560668""","""CID7985645""",0,0,0.13941933705804116
"""CNR2921530""","""CID7557710""",1,1,0.6054534025707206
"""CNR5747997""","""CID2902070""",0,0,0.07127182888886423
"""CNR7122213""","""CID8652118""",0,0,0.1556780998460692
"""CNR3021337""","""CID7945896""",0,0,0.06288258355844484
"""CNR8846769""","""CID3360617""",0,0,0.17506185773655508
"""CNR4340256""","""CID6611871""",1,1,0.5772098212050678
"""CNR1566873""","""CID6030266""",1,1,0.9830608329337146
"""CNR4326050""","""CID9234881""",1,1,0.8917987780143177
"""CNR6447473""","""CID8053803""",0,0,0.09442272667949748
"""CNR8367680""","""CID5896040""",1,1,0.92378764018933
"""CNR6344246""","""CID1213331""",0,0,0.12843635272544088
"""CNR2392134""","""CID8858904""",1,1,0.5566047569758998
"""CNR5031458""","""CID8435266""",1,1,0.5847269736014682
"""CNR6473488""","""CID4959238""",1,1,0.7363434117633467
"""CNR4088404""","""CID4509930""",1,1,0.9242213298431015
"""CNR1242952""","""CID3475700""",0,0,0.10572810736291374
"""CNR4976636""","""CID6816039""",1,1,0.813059938446345
"""CNR3992731""","""CID6726561""",1,1,0.9643502731884351
"""CNR8595703""","""CID8753365""",1,1,0.7357403292164111
"""CNR5022086""","""CID3300046""",1,1,0.5660055608944806
"""CNR3232856""","""CID8604669""",1,1,0.9886462082850181
"""CNR9950967""","""CID7269713""",0,0,0.0713943521119146
"""CNR4705788""","""CID9961049""",0,0,0.1015806094371412
"""CNR6265041""","""CID5596232""",1,1,0.9785193603778812
"""CNR3920349""","""CID9625783""",1,1,0.9251987413510797
"""CNR1420295""","""CID2389691""",0,0,0.0955239158100646
"""CNR3226364""","""CID2011494""",0,0,0.13305713966199234
"""CNR9730827""","""CID6756391""",1,1,0.9363901077552521
"""CNR5060091""","""CID7563633""",1,1,0.9503228475240326
"""CNR5805171""","""CID3031509""",1,1,0.9724108489355602
"""CNR4467307""","""CID9980095""",1,1,0.9344409640178543
"""CNR6291762""","""CID2504145""",0,0,0.08877473640091314
"""CNR2128624""","""CID9206081""",1,1,0.6473387904037728
"""CNR9744911""","""CID6133440""",0,0,0.09098018414289132
"""CNR6159988""","""CID5492727""",1,1,0.6862384657048559
"""CNR2684074""","""CID8367813""",1,1,0.5736751577289615
"""CNR1242372""","""CID5826740""",0,0,0.14190444115173978
"""CNR5988302""","""CID6026575""",1,1,0.9764916684846525
"""CNR1116928""","""CID3029276""",0,0,0.07599441881979702
"""CNR7289415""","""CID7185781""",0,0,0.08312577023022102
"""CNR2676858""","""CID9053380""",0,0,0.14494839027339126
"""CNR9457573""","""CID2356771""",1,1,0.9863909898226084
"""CNR9536868""","""CID2981959""",1,1,0.7034150041963066
"""CNR4084328""","""CID2792305""",0,0,0.10627455698838928
"""CNR7532311""","""CID2533405""",0,0,0.09240303872095543
"""CNR8998981""","""CID9992785""",1,1,0.9708139044495369
"""CNR9145091""","""CID1581766""",1,1,0.9788388456073058
"""CNR7815034""","""CID7200941""",0,0,0.10910576910350235
"""CNR8444400""","""CID3289469""",1,1,0.9884384249766474
"""CNR1432122""","""CID1672312""",0,0,0.2302754806471605
"""CNR7929285""","""CID3208822""",1,1,0.9826029639578421
"""CNR8643889""","""CID8221228""",0,0,0.16620237703442228
"""CNR3051504""","""CID3344438""",0,0,0.07714854552040472
"""CNR9110871""","""CID2032719""",0,0,0.17554984205121504
"""CNR9225187""","""CID6936486""",0,0,0.17428253650138426
"""CNR5006751""","""CID9320683""",0,0,0.08825551315687633
"""CNR6461790""","""CID4703880""",1,1,0.9434400809505822
"""CNR3798127""","""CID1730100""",1,1,0.9776262050745277
"""CNR9551576""","""CID8593070""",1,1,0.9769962836112713
"""CNR4218021""","""CID4527303""",1,1,0.5733667666626968
"""CNR2591530""","""CID5714044""",0,0,0.07718074948989637
"""CNR7635779""","""CID7226292""",1,1,0.9768179407657539
"""CNR8094506""","""CID2594446""",1,1,0.9613856797730923
"""CNR4296252""","""CID7190476""",1,1,0.7291519206207665
"""CNR5983426""","""CID2180969""",0,1,0.6580671331850649
"""CNR8276853""","""CID2503053""",1,1,0.979885514044351
"""CNR4315267""","""CID3218672""",0,1,0.5623998625166632
"""CNR3887112""","""CID8466861""",1,1,0.6954120455690876
"""CNR1981669""","""CID4864607""",1,1,0.941828795483591
"""CNR4033025""","""CID3748039""",0,0,0.08347681536086027
"""CNR4892204""","""CID4820587""",0,0,0.08931489449061823
"""CNR8879155""","""CID3747321""",0,0,0.07800303163879513
"""CNR7494209""","""CID2349531""",1,1,0.5821694268620959
"""CNR1763130""","""CID2661088""",0,0,0.07238361234838807
"""CNR9786357""","""CID4139943""",1,0,0.3286076828913906
"""CNR7361682""","""CID1515623""",1,1,0.9515433718063758
"""CNR9813348""","""CID2156147""",1,1,0.7073924065656402
"""CNR6074060""","""CID5373222""",1,1,0.7042153951741276
"""CNR1506140""","""CID6836505""",1,1,0.7339008629182885
"""CNR8510892""","""CID7154622""",1,1,0.9253803724495735
"""CNR4226562""","""CID4498013""",0,0,0.08199517326543473
"""CNR4245530""","""CID4147909""",1,1,0.929919421152596
"""CNR2113905""","""CID8477840""",1,1,0.9678357603915962
"""CNR2034634""","""CID3578831""",0,0,0.15202229444971
"""CNR7933341""","""CID1415988""",0,0,0.06713275013089347
"""CNR7088092""","""CID9058106""",1,1,0.6904448577350405
"""CNR2376201""","""CID6535082""",1,1,0.6344461161913856
"""CNR6107664""","""CID6405668""",1,1,0.9288464479155819
"""CNR7345926""","""CID9089429""",1,1,0.7510333771845926
"""CNR1883642""","""CID5755090""",1,1,0.72437641462743
"""CNR5953682""","""CID9003337""",0,0,0.07011430214261695
"""CNR9961043""","""CID3656970""",1,1,0.5599001968970878
"""CNR3212717""","""CID4516137""",1,1,0.6846127265731582
"""CNR1847666""","""CID3439832""",1,1,0.9389908593328747
"""CNR4529640""","""CID2013484""",0,0,0.07804947000159489
"""CNR6542248""","""CID6704563""",1,1,0.9624423387911947
"""CNR2205689""","""CID3855832""",1,1,0.9297676936740014
"""CNR9163445""","""CID9898024""",1,1,0.924739971286688
"""CNR2860653""","""CID8616324""",1,1,0.7329842291664697
"""CNR6964777""","""CID5138644""",1,1,0.9734819998191335
"""CNR1047034""","""CID1367246""",1,1,0.5794963119307324
"""CNR5410198""","""CID3355321""",1,1,0.9727147568679029
"""CNR1625241""","""CID5531900""",1,1,0.9356854514575749
"""CNR9653012""","""CID4968860""",1,1,0.7259278626484289
"""CNR4652448""","""CID7492152""",1,1,0.7614139033592227
"""CNR5491298""","""CID8337488""",1,1,0.5698945568395725
"""CNR6116802""","""CID6649464""",0,0,0.09594992043133577
"""CNR9358552""","""CID8396805""",0,0,0.0959163913662635
"""CNR8691864""","""CID9360858""",0,0,0.08584796281660664
"""CNR5161112""","""CID1845980""",1,1,0.6358124373571304
"""CNR6626473""","""CID3228119""",1,1,0.9802433031793815
"""CNR1794405""","""CID9688000""",0,0,0.23124843259322367
"""CNR2182044""","""CID8387448""",1,1,0.9352824892187024
"""CNR5863204""","""CID5745174""",1,1,0.9218091309807617
"""CNR1448148""","""CID7844091""",1,1,0.9707790509954429
"""CNR8808066""","""CID8917661""",1,1,0.8752194381459266
"""CNR9892124""","""CID8093396""",0,0,0.08634342063804275
"""CNR6133420""","""CID1333111""",1,1,0.6926556058682722
"""CNR8370409""","""CID4585812""",0,0,0.06390281759015551
"""CNR4082656""","""CID9685431""",1,1,0.980773117304808
"""CNR8056471""","""CID7695015""",1,1,0.6977528315467528
"""CNR3582581""","""CID1284439""",1,1,0.9687678231615043
"""CNR5403124""","""CID5975149""",1,1,0.8209727698415838
"""CNR8946125""","""CID4867969""",1,1,0.7189071175919388
"""CNR9518040""","""CID6519222""",0,1,0.6711156609317711
"""CNR5065436""","""CID2273714""",1,1,0.7519373169938306
"""CNR5420497""","""CID1099789""",0,0,0.07191104612843112
"""CNR7217216""","""CID1017738""",1,1,0.6222585241538037
"""CNR8789367""","""CID2706700""",1,1,0.6370065015297025
"""CNR2522435""","""CID6282756""",1,1,0.9229672051687923
"""CNR4043375""","""CID1457773""",1,1,0.8926880560302427
"""CNR2846278""","""CID2319881""",0,0,0.2301254120321137
"""CNR3759942""","""CID9149289""",0,0,0.08721824801951607
"""CNR1389111""","""CID4750179""",1,1,0.9481953993574675
"""CNR2798354""","""CID9482817""",0,0,0.08650418973175036
"""CNR8357587""","""CID6521763""",0,1,0.5517748665195976
"""CNR4912259""","""CID9531271""",1,1,0.9289685768001703
"""CNR7169240""","""CID6106368""",0,1,0.5574136427201485
"""CNR4684852""","""CID8086659""",1,1,0.9506744801537944
"""CNR5664341""","""CID5503008""",0,0,0.13972262130231816
"""CNR7462352""","""CID2583758""",1,1,0.6689328300344579
"""CNR9855574""","""CID7900947""",0,0,0.08397171764500345
"""CNR3895812""","""CID7791795""",1,1,0.9586911630474049
"""CNR2329470""","""CID6487716""",0,0,0.07956420862400586
"""CNR2204318""","""CID4024989""",1,1,0.9696641838790335
"""CNR3978415""","""CID8092409""",1,1,0.9865619335798947
"""CNR7995440""","""CID8040063""",1,1,0.929910550138128
"""CNR7602815""","""CID6436907""",1,1,0.6793527364422528
"""CNR3847945""","""CID6475858""",0,0,0.0843648614423987
"""CNR6346849""","""CID9734358""",0,0,0.06192738377904669
"""CNR2987513""","""CID1703949""",0,0,0.08487733178986721
"""CNR2668324""","""CID8324052""",0,0,0.13563938083792643
"""CNR7937574""","""CID5905758""",0,0,0.11957447679927599
"""CNR7877996""","""CID3721770""",1,1,0.9877645496082601
"""CNR9751071""","""CID5741441""",1,1,0.9869595528007776
"""CNR6097213""","""CID6655816""",1,1,0.6653444164046687
"""CNR6730307""","""CID9877378""",0,0,0.07831204929447963
"""CNR7440947""","""CID4700634""",1,1,0.9240812101272111
"""CNR5125116""","""CID3837134""",1,1,0.9475972194979668
"""CNR1935992""","""CID8717195""",0,0,0.1394197183114887
"""CNR6542544""","""CID2611270""",1,1,0.9864412297534327
"""CNR2820483""","""CID2955701""",0,0,0.07314108807624914
"""CNR8940007""","""CID1648428""",1,1,0.9286088523768758
"""CNR7776994""","""CID7436414""",1,1,0.9268628111979378
"""CNR1749600""","""CID1539635""",1,1,0.6969957689083331
"""CNR1117525""","""CID2244907""",1,1,0.5747200044357492
"""CNR6846483""","""CID1678469""",0,0,0.11555400256116113
"""CNR5687463""","""CID1051318""",1,1,0.9205187284162578
"""CNR3988492""","""CID5302816""",1,1,0.7183548676124942
"""CNR2238182""","""CID3256913""",1,1,0.9643488544387715
"""CNR5470332""","""CID2680818""",1,1,0.9217646821155968
"""CNR9369228""","""CID3629405""",1,1,0.9346415566682564
"""CNR1642565""","""CID5402674""",0,0,0.09346276414556043
"""CNR5426422""","""CID5570508""",1,1,0.669736703908479
"""CNR5138344""","""CID1527429""",1,1,0.9873352515584537
"""CNR2891314""","""CID5255280""",0,0,0.08574858625044886
"""CNR4126048""","""CID6085869""",1,1,0.9794098396425337
"""CNR4807314""","""CID8760307""",0,0,0.0940534465100137
"""CNR6995775""","""CID5643298""",1,1,0.7024136388787638
"""CNR5548584""","""CID9653054""",0,0,0.07564122754213926
"""CNR4059703""","""CID7896947""",1,1,0.9496388320166801
"""CNR3852358""","""CID7673337""",1,1,0.8348046145760663
"""CNR1716740""","""CID6743917""",0,0,0.073648995790542
"""CNR2604130""","""CID7256093""",1,1,0.5691167842279993
"""CNR7259651""","""CID2903473""",1,1,0.9769729283829722
"""CNR9265130""","""CID4107828""",1,1,0.7861620522087365
"""CNR8839592""","""CID6577042""",0,0,0.08441040223743215
"""CNR7497820""","""CID2281281""",0,0,0.08048837582111004
"""CNR2861076""","""CID5512474""",0,0,0.06205772953593275
"""CNR7794192""","""CID8630694""",0,0,0.07652940148274351
"""CNR9235095""","""CID6093709""",1,0,0.4050734017707858
"""CNR4110492""","""CID9285191""",0,0,0.0841691113186615
"""CNR7152887""","""CID3921422""",1,1,0.9791524616255862
"""CNR7235054""","""CID6104647""",1,1,0.6834783898169677
"""CNR2129187""","""CID2715012""",1,1,0.9786034548720877
"""CNR7783405""","""CID7581313""",0,0,0.08498709329396305
"""CNR1650748""","""CID4474131""",1,1,0.6920763535479189
"""CNR4073086""","""CID6419292""",1,1,0.5940173125671998
"""CNR3224800""","""CID2155606""",1,1,0.8894166060564562
"""CNR5573548""","""CID7563999""",0,0,0.10809329286784326
"""CNR2853666""","""CID5565534""",1,1,0.929223361648128
"""CNR1490576""","""CID2199251""",1,1,0.9326045429897878
"""CNR7635010""","""CID2687492""",1,1,0.9526377967905629
"""CNR6518646""","""CID2787668""",1,1,0.6696780643251664
"""CNR6135526""","""CID8583084""",0,0,0.08498695299034846
"""CNR1525373""","""CID9132186""",1,1,0.9241035593936731
"""CNR7001792""","""CID6773332""",1,1,0.9238705822432774
"""CNR1417207""","""CID6357132""",1,1,0.9343997728045698
"""CNR7038283""","""CID7341017""",1,1,0.7788687178271969
"""CNR4981656""","""CID2287043""",1,1,0.6073394219520808
"""CNR9632029""","""CID8079906""",0,0,0.08498019071768484
"""CNR1580462""","""CID1797961""",0,0,0.13377841699822482
"""CNR7501269""","""CID1628281""",1,1,0.9600099908417132
"""CNR8595822""","""CID4052248""",1,1,0.9858478690772265
"""CNR8159056""","""CID2926406""",1,1,0.9431303392000412
"""CNR8344803""","""CID2315665""",0,0,0.08794848052349981
"""CNR2554554""","""CID1961791""",1,1,0.9268360138448041
"""CNR5999300""","""CID5980132""",0,0,0.09988352363932756
"""CNR5956763""","""CID3295857""",1,1,0.742586938623773
"""CNR2157852""","""CID5975283""",0,0,0.06644239083212518
"""CNR7603546""","""CID5389141""",1,1,0.6710215473859434
"""CNR8031557""","""CID9145165""",1,1,0.9499843525376752
"""CNR5744974""","""CID6695305""",1,1,0.6217089143171486
"""CNR5468810""","""CID5927214""",1,1,0.681467156292159
"""CNR7184210""","""CID1654960""",1,1,0.9419622160079988
"""CNR4083167""","""CID7168786""",0,0,0.08856574788279459
"""CNR3267687""","""CID7742092""",1,1,0.9811587264788731
"""CNR2177937""","""CID5837284""",0,0,0.08318687086870961
"""CNR6636270""","""CID6778668""",1,1,0.9346850104328106
"""CNR5200734""","""CID9835073""",0,0,0.09477747615969132
"""CNR5249406""","""CID9159385""",0,0,0.08109127465764501
"""CNR2709825""","""CID4230589""",0,1,0.7466620225239347
"""CNR3929027""","""CID9146622""",0,0,0.09267338469298658
"""CNR4432911""","""CID4212994""",1,1,0.6997949693956022
"""CNR9090259""","""CID4382440""",1,1,0.7680329451977262
"""CNR7440762""","""CID5576030""",0,0,0.08407034910159249
"""CNR9415665""","""CID8381584""",1,1,0.6846110515410077
"""CNR1143813""","""CID5987594""",1,0,0.4524268058546895
"""CNR6854357""","""CID6521645""",0,0,0.07839618153992521
"""CNR3383940""","""CID7863454""",1,1,0.6557416387146431
"""CNR2771320""","""CID6443326""",1,1,0.9855221508461721
"""CNR9863334""","""CID2168323""",1,1,0.738962673940025
"""CNR9604630""","""CID6996939""",0,0,0.15559494852090666
"""CNR1414517""","""CID2606044""",0,0,0.07980691533900575
"""CNR3747711""","""CID8324328""",0,0,0.07359218763185746
"""CNR3634828""","""CID2541798""",0,0,0.07195627051967345
"""CNR3865511""","""CID4802747""",0,0,0.09921879749461446
"""CNR5612665""","""CID7267370""",1,1,0.984810475710907
"""CNR4534919""","""CID5068955""",0,0,0.07247129406932828
"""CNR9137734""","""CID9936532""",1,1,0.9483489618822974
"""CNR6395550""","""CID4247348""",1,1,0.9774174316100005
"""CNR3884807""","""CID5575164""",0,0,0.08502124483069995
"""CNR3364645""","""CID3058765""",1,1,0.9738577462837895
"""CNR2689072""","""CID1349481""",1,1,0.9286484844398937
"""CNR4292189""","""CID1639729""",0,0,0.08727814492867172
"""CNR3208544""","""CID4922757""",0,1,0.562443741450798
"""CNR7521377""","""CID2980409""",1,1,0.9283519421753719
"""CNR1807020""","""CID3722783""",1,1,0.9289234264264349
"""CNR8993510""","""CID3244611""",1,1,0.9310096682370621
"""CNR9667102""","""CID1181138""",1,1,0.8249944812743039
"""CNR7992741""","""CID9053479""",1,1,0.5693468930987723
"""CNR3523397""","""CID5001937""",1,1,0.9777683486364227
"""CNR7854302""","""CID7175926""",1,1,0.9640325825898711
"""CNR5313696""","""CID6187556""",1,1,0.9508173687850463
"""CNR5660585""","""CID2710087""",1,1,0.7560853661932917
"""CNR7889801""","""CID2468809""",0,0,0.08299009080977605
"""CNR1470897""","""CID5742334""",1,1,0.7465423607506025
"""CNR3427254""","""CID7001938""",0,1,0.6133061075344435
"""CNR6598999""","""CID7451220""",0,0,0.08322201205421613
"""CNR6869417""","""CID2223714""",1,1,0.9802136051821427
"""CNR7373203""","""CID4447149""",1,1,0.9864688035146693
"""CNR3646968""","""CID1240338""",1,1,0.5728573467015837
"""CNR2444696""","""CID5097804""",0,1,0.7237755373310174
"""CNR6921361""","""CID2219617""",1,1,0.9284070621928616
"""CNR4227396""","""CID5500382""",0,0,0.08394835872888472
"""CNR5297324""","""CID8687488""",0,0,0.10067611055274014
"""CNR3176795""","""CID9543538""",0,0,0.07912060245822698
"""CNR5328562""","""CID1368528""",1,1,0.9651578169527478
"""CNR3969385""","""CID9929751""",1,1,0.9247156373631809
"""CNR4038194""","""CID6158376""",1,1,0.6964109627610505
"""CNR2238639""","""CID8151810""",0,0,0.09537029598755092
"""CNR7774791""","""CID7168496""",0,0,0.15675816289033412
"""CNR4347263""","""CID8527478""",1,1,0.9396879384434952
"""CNR1264761""","""CID9084867""",0,1,0.6670185731135733
"""CNR8729304""","""CID8159621""",1,1,0.5793209535374121
"""CNR9354108""","""CID2758455""",0,1,0.5908312901027493
"""CNR9340271""","""CID5262349""",1,1,0.9333977858246774
"""CNR8837513""","""CID1961737""",1,1,0.9619415419137961
"""CNR3445336""","""CID8849134""",1,1,0.9019112164986397
"""CNR4338402""","""CID6947375""",1,1,0.9320448157012398
"""CNR2576978""","""CID3960384""",0,0,0.09270951150041504
"""CNR3505160""","""CID8568786""",0,1,0.5599784615251301
"""CNR1337608""","""CID2390250""",1,1,0.6583991315843453
"""CNR5015469""","""CID4899632""",1,1,0.9304309852071969
"""CNR1932069""","""CID3698369""",1,1,0.645594081059627
"""CNR2254451""","""CID2542748""",1,1,0.9250860038547117
"""CNR9690895""","""CID7764098""",1,1,0.5718464297600179
"""CNR4846959""","""CID6986778""",0,0,0.08236049238919238
"""CNR4088593""","""CID1253417""",1,1,0.9288803334540239
"""CNR4257905""","""CID3371462""",1,1,0.7298380809301243
"""CNR1748347""","""CID3880892""",1,1,0.9837282122083498
"""CNR4052226""","""CID9921836""",0,0,0.0849699562817061
"""CNR4961439""","""CID7971766""",1,1,0.817574608553781
"""CNR2537555""","""CID1861077""",1,1,0.974440617111581
"""CNR1388820""","""CID6622529""",1,1,0.9306195794708918
"""CNR3958171""","""CID6030596""",1,1,0.9200249322627853
"""CNR3587828""","""CID3971302""",1,1,0.9260942092163443
"""CNR5468058""","""CID4929220""",1,1,0.9672147167110651
"""CNR5353420""","""CID3485484""",1,1,0.7252247627606789
"""CNR4382651""","""CID7095901""",1,1,0.9774975011235555
"""CNR2618682""","""CID1034704""",1,1,0.9354250614908809
"""CNR8302414""","""CID8440274""",1,1,0.9822159436977252
"""CNR9066709""","""CID2135895""",1,1,0.9712198447265418
"""CNR7006887""","""CID3239358""",1,1,0.9640565424224448
"""CNR6740224""","""CID3159519""",0,0,0.11232921252523081
"""CNR8801270""","""CID6707162""",1,1,0.6459794171690624
"""CNR1681727""","""CID7686785""",0,0,0.07689777260171955
"""CNR9851051""","""CID1387211""",0,0,0.09175746302775323
"""CNR8062106""","""CID6777421""",1,1,0.6416638949802559
"""CNR8814418""","""CID3101181""",0,0,0.08637142582522687
"""CNR7204420""","""CID1170990""",0,0,0.082702162497491
"""CNR5163907""","""CID4262135""",1,1,0.5831134788397299
"""CNR6854028""","""CID5727076""",0,0,0.0822453194224262
"""CNR6565266""","""CID9393246""",1,1,0.9403477345508202
"""CNR2138648""","""CID6964397""",1,1,0.7896575057555537
"""CNR1896253""","""CID2712877""",1,1,0.9833802686556197
"""CNR7888960""","""CID5453639""",1,1,0.9245183851174825
"""CNR6800626""","""CID3852318""",1,1,0.7250764520655002
"""CNR9036295""","""CID5914985""",1,1,0.5131078468146699
"""CNR5856761""","""CID6295175""",0,0,0.07061143084326156
"""CNR7863178""","""CID8636046""",0,1,0.7487613290106557
"""CNR6265477""","""CID5303394""",1,1,0.7108041266686627
"""CNR2924592""","""CID5776534""",1,1,0.954683327552838
"""CNR7908352""","""CID7594317""",1,1,0.9873390496223389
"""CNR2872357""","""CID4168238""",0,1,0.5817556246865728
"""CNR3600063""","""CID3054397""",0,0,0.08404423465805215
"""CNR2204757""","""CID4281078""",0,0,0.09552686808546645
"""CNR7878970""","""CID6591834""",1,1,0.6973668395850149
"""CNR3844231""","""CID1123013""",0,0,0.06684032984204337
"""CNR3043229""","""CID2238913""",1,1,0.9316010819654381
"""CNR3049301""","""CID2357670""",0,0,0.2644365409149001
"""CNR4880194""","""CID5298317""",0,0,0.0843500518582434
"""CNR9745861""","""CID8719085""",0,1,0.5577860478882068
"""CNR9722709""","""CID7006204""",1,1,0.7153384477653901
"""CNR8112402""","""CID2973636""",1,1,0.9573319860443672
"""CNR9251662""","""CID1365729""",1,1,0.9308524269111617
"""CNR6475917""","""CID6449055""",0,0,0.10420512750240883
"""CNR5064909""","""CID2275597""",1,1,0.9818688122454156
"""CNR5365694""","""CID2151700""",0,0,0.43414558818490434
"""CNR9292977""","""CID1026325""",1,1,0.8087537594120894
"""CNR3853507""","""CID9492545""",0,0,0.0836485621537773
"""CNR9228188""","""CID8424412""",1,1,0.7204152565025902
"""CNR7436503""","""CID2404591""",0,0,0.2001577304518751
"""CNR1122228""","""CID9605883""",0,0,0.08149206108244296
"""CNR7579379""","""CID4990856""",0,0,0.08384812251763053
"""CNR4829836""","""CID1760927""",1,1,0.6965539026619744
"""CNR3652655""","""CID3558166""",1,1,0.9570017497634292
"""CNR6174104""","""CID9814717""",1,1,0.575845681323554
"""CNR4264889""","""CID9424684""",0,1,0.7761290649086457
"""CNR2564531""","""CID5169362""",1,1,0.852438800946408
"""CNR3962237""","""CID2005773""",0,1,0.6451508889025754
"""CNR2467418""","""CID4556102""",1,1,0.9294093960161145
"""CNR3468656""","""CID8835933""",0,0,0.07775917237957848
"""CNR3017441""","""CID3184758""",1,1,0.5923293270442713
"""CNR4188816""","""CID2948810""",0,1,0.5956925421471417
"""CNR3048862""","""CID2062930""",0,0,0.06551875907122806
"""CNR2175016""","""CID6855268""",1,1,0.9769997908224275
"""CNR1937687""","""CID9809947""",1,1,0.9267751279932174
"""CNR7296141""","""CID2207004""",0,0,0.07196709099227144
"""CNR8929315""","""CID7729953""",0,0,0.1446486527121065
"""CNR2488055""","""CID1498843""",0,0,0.07917667510651172
"""CNR7292157""","""CID6327049""",1,1,0.9338499083006423
"""CNR4806453""","""CID6026129""",0,0,0.0739742523990901
"""CNR7002342""","""CID4657575""",0,0,0.298354702320922
"""CNR8682429""","""CID9119435""",1,1,0.979625760560181
"""CNR6385799""","""CID7169412""",0,0,0.1675160462700111
"""CNR2953809""","""CID3102470""",1,1,0.6983878514988958
"""CNR6334735""","""CID7586346""",0,0,0.1026791042378839
"""CNR3102711""","""CID6307235""",1,1,0.6251272004763617
"""CNR3370889""","""CID9926521""",1,1,0.5789034537957566
"""CNR4228727""","""CID6949883""",0,0,0.06131206759459256
"""CNR9841360""","""CID6705487""",1,1,0.9691474165119051
"""CNR5495800""","""CID5789180""",0,0,0.08509665032256933
"""CNR2106157""","""CID5815352""",1,1,0.9395098535414163
"""CNR3226094""","""CID5110067""",1,1,0.9424606610935399
"""CNR3240865""","""CID6181887""",1,1,0.9866958786240364
"""CNR9772390""","""CID4833671""",1,1,0.9671413514401707
"""CNR5871160""","""CID8912833""",0,0,0.09218162662383639
"""CNR8458073""","""CID2923195""",0,0,0.0846784222513504
"""CNR7768276""","""CID3788254""",1,1,0.6563849310960026
"""CNR6123562""","""CID4528389""",1,1,0.5776880608801139
"""CNR3709355""","""CID2674050""",0,0,0.08529652966547063
"""CNR8752412""","""CID1288262""",1,1,0.723036913320869
"""CNR9101690""","""CID9690160""",1,1,0.9645842585566711
"""CNR1867746""","""CID4539783""",1,1,0.7763009521946099
"""CNR9389532""","""CID3459728""",0,0,0.09994469458931216
"""CNR9493154""","""CID3577710""",1,1,0.9199685616881481
"""CNR8630393""","""CID5851525""",1,1,0.7138293404986774
"""CNR7325016""","""CID2241485""",1,1,0.5391381799148643
"""CNR7473145""","""CID2164043""",1,1,0.5478467262739596
"""CNR8648591""","""CID4850763""",1,1,0.6114799142966479
"""CNR4220980""","""CID6171586""",0,0,0.07971465271927133
"""CNR7265649""","""CID2650647""",0,0,0.08910543057997238
"""CNR9646369""","""CID2665603""",1,1,0.7197660968445088
"""CNR3930823""","""CID2537505""",0,0,0.06908784996158539
"""CNR8814298""","""CID1613345""",1,1,0.7058975345767254
"""CNR2573349""","""CID9658087""",1,1,0.9336129494618531
"""CNR6829347""","""CID7673141""",0,0,0.07572089029635291
"""CNR9327766""","""CID6746467""",1,1,0.9860203271297059
"""CNR4512370""","""CID5038691""",1,1,0.6958291042205874
"""CNR1777367""","""CID8173607""",0,0,0.07718997771036941
"""CNR7923131""","""CID9699399""",1,1,0.9257320151097717
"""CNR9718474""","""CID6371720""",1,1,0.9831681004948043
"""CNR8775801""","""CID1965623""",1,1,0.6015502993546512
"""CNR9006097""","""CID8394389""",1,1,0.9577457003183635
"""CNR8891142""","""CID2282454""",1,1,0.5891805170294553
"""CNR4272203""","""CID4865933""",0,0,0.07897927568463929
"""CNR1774790""","""CID4214350""",1,1,0.5804292941018044
"""CNR5643595""","""CID6180867""",0,0,0.11319769016909492
"""CNR5224551""","""CID1793946""",1,1,0.9806504320229021
"""CNR2432375""","""CID4165905""",0,0,0.12857628536789079
"""CNR2464109""","""CID8505229""",1,1,0.9487950446727447
"""CNR7973218""","""CID6362430""",1,1,0.9808337948719295
"""CNR9100582""","""CID9474434""",1,1,0.9305992808857987
"""CNR8832137""","""CID5468192""",0,0,0.1511038233847049
"""CNR8326710""","""CID3160754""",0,0,0.14174313316912943
"""CNR3745100""","""CID3394562""",1,1,0.9826794897810135
"""CNR8341687""","""CID8711272""",1,1,0.9271148926613506
"""CNR5313548""","""CID8815915""",1,1,0.9840640933905725
"""CNR9857834""","""CID3319271""",1,1,0.9725991132942003
"""CNR1943938""","""CID3957944""",1,1,0.9879513646092392
"""CNR5160822""","""CID6740260""",1,1,0.989393265549682
"""CNR8688518""","""CID6763894""",1,1,0.9382688146868581
"""CNR8832014""","""CID6026662""",1,1,0.9849120153159729
"""CNR7751520""","""CID5161997""",1,1,0.7077675836460904
"""CNR6160003""","""CID5113033""",1,1,0.58057457532284
"""CNR4720719""","""CID6728768""",1,1,0.7156646992008255
"""CNR7295140""","""CID3572975""",1,1,0.931534165412765
"""CNR7125789""","""CID8119504""",1,1,0.6854014053933005
"""CNR2173012""","""CID8842755""",1,1,0.9707739437637387
"""CNR9312332""","""CID8780296""",1,1,0.9737630436030584
"""CNR8912606""","""CID5377388""",1,1,0.983429045654031
"""CNR8359690""","""CID9022962""",0,0,0.20751714423982023
"""CNR8330156""","""CID7501070""",1,1,0.6107488959512433
"""CNR1360962""","""CID2241726""",0,0,0.07955369941437693
"""CNR3184403""","""CID7804017""",1,1,0.9852224117454714
"""CNR3485204""","""CID9745437""",1,1,0.6612384264064974
"""CNR7081592""","""CID6674449""",0,0,0.07444862858837142
"""CNR1120136""","""CID3500250""",1,1,0.9795046175255439
"""CNR4189397""","""CID7615945""",1,1,0.5731865798103345
"""CNR9715727""","""CID5261344""",1,1,0.679343381571631
"""CNR5485159""","""CID7386603""",0,0,0.08172123550869621
"""CNR5270859""","""CID9960685""",1,1,0.9659268822035734
"""CNR9042363""","""CID3076583""",1,1,0.9645194539976429
"""CNR1844224""","""CID6178981""",0,0,0.08692390673961231
"""CNR2810198""","""CID2149169""",1,1,0.5632646106120951
"""CNR1366249""","""CID5110609""",1,1,0.9302808204342013
"""CNR5668203""","""CID7593452""",0,0,0.18604383901511165
"""CNR4604190""","""CID5115427""",0,0,0.08565112293751771
"""CNR7522732""","""CID7702720""",0,1,0.7038145289208423
"""CNR9054083""","""CID3143600""",1,1,0.9870162373556233
"""CNR4062206""","""CID7342955""",1,1,0.6893716660910285
"""CNR9654684""","""CID1106354""",0,1,0.7688910870348746
"""CNR9428989""","""CID7179596""",0,0,0.0835177271464011
"""CNR8825995""","""CID9529651""",0,0,0.10302280081769956
"""CNR3224250""","""CID6807524""",1,1,0.5670340056205629
"""CNR2704887""","""CID4693870""",1,1,0.9774499003503856
"""CNR6316011""","""CID5795556""",1,1,0.9820625944043094
"""CNR7207869""","""CID9783572""",0,0,0.09519223011900477
"""CNR1232312""","""CID7564272""",1,1,0.8085527201427621
"""CNR9028242""","""CID6728392""",0,0,0.09158823707588976
"""CNR2981825""","""CID8836765""",1,1,0.8333246993318456
"""CNR3106845""","""CID3856677""",0,0,0.08145647322626343
"""CNR3841920""","""CID2021102""",1,1,0.5628659293687086
"""CNR9058628""","""CID5404346""",0,0,0.13127367929255623
"""CNR4528882""","""CID2671551""",0,0,0.07648777278388068
"""CNR3251022""","""CID3704896""",0,0,0.0882745987732673
"""CNR6978991""","""CID2942356""",0,0,0.0880006542028013
"""CNR5553648""","""CID7093442""",1,1,0.9857666389847027
"""CNR3650418""","""CID4908885""",0,1,0.5737764133032424
"""CNR9658886""","""CID3455568""",0,0,0.14613421906605897
"""CNR8072257""","""CID8559347""",1,0,0.39052224005352104
"""CNR5245886""","""CID1121098""",1,1,0.9679211123924426
"""CNR3762518""","""CID3801699""",1,1,0.9613223065587332
"""CNR7416509""","""CID2983256""",0,0,0.09095005603815588
"""CNR7287773""","""CID5831002""",1,1,0.629938895145267
"""CNR3102728""","""CID4555407""",0,0,0.15921769503706204
"""CNR3409312""","""CID7389565""",0,0,0.07625368506300478
"""CNR4490044""","""CID9331345""",0,0,0.06226513441504025
"""CNR6089267""","""CID8962913""",1,0,0.1720073139502518
"""CNR1566644""","""CID6144915""",1,1,0.657485741569131
"""CNR3820964""","""CID2134512""",1,1,0.9533376298970216
"""CNR2483989""","""CID4633007""",1,1,0.9359376192286906
"""CNR8821776""","""CID6832787""",1,1,0.9178028276749545
"""CNR1354449""","""CID5561844""",1,1,0.9390002153749416
"""CNR9957709""","""CID8595994""",1,1,0.982362177529364
"""CNR4461594""","""CID4613565""",0,1,0.6365085321288771
"""CNR4320213""","""CID7448814""",1,1,0.9252713119338193
"""CNR3532696""","""CID6440408""",0,0,0.08617957715032507
"""CNR1064988""","""CID1583996""",0,0,0.08482567549857498
"""CNR6333879""","""CID7327415""",0,0,0.19388716580204318
"""CNR8736460""","""CID8799979""",0,0,0.10022456080513509
"""CNR6107161""","""CID7021853""",0,0,0.12186590452687798
"""CNR9553920""","""CID2051747""",0,0,0.09995630132636969
"""CNR9552935""","""CID8093510""",1,1,0.939134386271468
"""CNR8064616""","""CID4809929""",1,1,0.93629763749612
"""CNR2900331""","""CID6939164""",1,1,0.9426470512649534
"""CNR7491535""","""CID9056195""",0,0,0.09997945302060106
"""CNR1502676""","""CID5569009""",1,1,0.5696334219067993
"""CNR5661656""","""CID8174340""",1,1,0.9781305312930747
"""CNR1306267""","""CID8543543""",0,0,0.0917042890129676
"""CNR4802167""","""CID7280441""",1,1,0.6831111904530212
"""CNR5811037""","""CID7703650""",0,0,0.09331652323285662
"""CNR8184823""","""CID1606065""",0,1,0.6363983112266814
"""CNR3332290""","""CID9698709""",0,1,0.7112142455412841
"""CNR7500739""","""CID5650358""",1,1,0.9524111066892832
"""CNR7230964""","""CID3381840""",0,0,0.14668502531307687
"""CNR7502660""","""CID2368306""",1,1,0.9593843801453855
"""CNR8728630""","""CID6017208""",1,1,0.7423717881024107
"""CNR8038355""","""CID4158283""",1,1,0.9188489475183551
"""CNR4486232""","""CID1247047""",1,1,0.7154958145687369
"""CNR4083506""","""CID1339518""",1,1,0.9648276432919644
"""CNR9759200""","""CID8139704""",0,0,0.08463497372893954
"""CNR1197178""","""CID1982106""",1,1,0.9809544422649922
"""CNR8248038""","""CID9449951""",1,1,0.5716549697746578
"""CNR9090096""","""CID8581493""",1,1,0.565919634303356
"""CNR8900534""","""CID5480910""",0,1,0.7263876756368267
"""CNR3715042""","""CID6546557""",0,0,0.07020671440646135
"""CNR9273178""","""CID2143905""",0,0,0.10400800473405004
"""CNR3092366""","""CID6689797""",0,0,0.09254043859934011
"""CNR7611450""","""CID1511153""",1,1,0.9266592683347497
"""CNR6777954""","""CID4450454""",0,0,0.07182669101477886
"""CNR7626263""","""CID3359734""",1,1,0.9179426085171946
"""CNR1506085""","""CID5538447""",1,1,0.70991487045309
"""CNR8316148""","""CID9799392""",1,1,0.6823805251216974
"""CNR9880508""","""CID1619791""",1,1,0.988192287618444
"""CNR6489189""","""CID6852508""",0,0,0.2305771319480935
"""CNR2455939""","""CID2322483""",0,0,0.08629625762386128
"""CNR9380234""","""CID6290849""",1,1,0.6780048388282016
"""CNR9892380""","""CID1736282""",1,1,0.711056702136644
"""CNR2695769""","""CID9883279""",1,1,0.9783014039510215
"""CNR2286614""","""CID3749166""",0,0,0.1550624614703751
"""CNR9267678""","""CID6044876""",1,1,0.9719896655524533
"""CNR5343698""","""CID8032079""",1,1,0.6995625570242023
"""CNR5329938""","""CID8797823""",1,1,0.7151649146004098
"""CNR4964833""","""CID5322140""",1,1,0.926427058250384
"""CNR3058336""","""CID4630557""",0,0,0.07640408737932099
"""CNR5525272""","""CID1389119""",0,0,0.07964130801104692
"""CNR3687004""","""CID1843023""",0,0,0.10580625430039589
"""CNR9105986""","""CID5038348""",0,0,0.07026963944360155
"""CNR1159641""","""CID8545939""",0,0,0.07570080432978096
"""CNR9445932""","""CID7945937""",1,1,0.9561081917735282
"""CNR8093260""","""CID8376790""",0,0,0.09152102422388529
"""CNR4629264""","""CID8757178""",1,1,0.9528111858410263
"""CNR5711258""","""CID2185132""",1,1,0.9287972297724927
"""CNR8671800""","""CID6496609""",0,0,0.08708814392380257
"""CNR5329200""","""CID1978976""",0,0,0.18719083331685918
"""CNR3648160""","""CID4111396""",1,1,0.932285027627543
"""CNR3292091""","""CID3600257""",1,1,0.7042456282479225
"""CNR9310085""","""CID1669716""",0,0,0.07921054541646001
"""CNR3198938""","""CID4627165""",1,1,0.983217684514667
"""CNR4112145""","""CID1751533""",0,0,0.07467538938970103
"""CNR9277124""","""CID6152397""",1,1,0.689665045535066
"""CNR8242998""","""CID1778796""",1,1,0.8675292042359121
"""CNR8677537""","""CID3453283""",1,1,0.9523272543779154
"""CNR5278853""","""CID7238519""",0,0,0.07701012313488755
"""CNR1396224""","""CID9850229""",1,1,0.9607658232504243
"""CNR4928952""","""CID5740904""",0,0,0.0946548685799768
"""CNR2493153""","""CID7031224""",1,1,0.9709785813640368
"""CNR8415734""","""CID7786085""",1,1,0.9250186681771622
"""CNR7061609""","""CID3705202""",0,0,0.08547253422869723
"""CNR9349047""","""CID1594860""",0,0,0.08673140247041955
"""CNR1988542""","""CID2584476""",1,1,0.946383215525046
"""CNR2162054""","""CID7011193""",1,1,0.9733124044142708
"""CNR1693417""","""CID7924603""",1,1,0.5886891355119211
"""CNR7780777""","""CID1045239""",1,1,0.6589582945921947
"""CNR7287391""","""CID3354035""",0,0,0.11201839932774386
"""CNR3279720""","""CID5380256""",0,1,0.5732622675777926
"""CNR4866059""","""CID6614675""",0,0,0.07623781233309063
"""CNR3078918""","""CID3508824""",0,0,0.2095957350059623
"""CNR6628001""","""CID6902954""",1,1,0.9679890072593018
"""CNR5939927""","""CID5727036""",1,1,0.9504678986668288
"""CNR2434503""","""CID8481787""",0,1,0.5352466698973579
"""CNR8778567""","""CID2720202""",1,1,0.9816481387013877
"""CNR8349332""","""CID1895189""",1,1,0.6292790894581652
"""CNR8196478""","""CID1651516""",0,0,0.08082715669598912
"""CNR5619087""","""CID4232973""",0,0,0.07040749932847931
"""CNR4074609""","""CID8238887""",1,1,0.9537669312514424
"""CNR6625689""","""CID2188591""",0,0,0.09626377204313634
"""CNR3788723""","""CID4718186""",0,0,0.07261442544323544
"""CNR9120869""","""CID6807728""",1,1,0.5787554603689695
"""CNR5246011""","""CID1865753""",1,1,0.6025849961569822
"""CNR3948255""","""CID2394244""",1,1,0.9748543779850882
"""CNR8184961""","""CID5668506""",1,1,0.721832566112351
"""CNR7874247""","""CID3421541""",1,1,0.944422861402985
"""CNR2429206""","""CID2193764""",0,0,0.15428522175690285
"""CNR9373021""","""CID7883545""",1,1,0.9858077194088759
"""CNR1941389""","""CID7241256""",1,1,0.9629924098836028
"""CNR3630185""","""CID8821859""",1,1,0.6833878862187039
"""CNR1565751""","""CID7079204""",1,1,0.9669510482005379
"""CNR5181956""","""CID6177169""",1,1,0.7601326556201662
"""CNR4118863""","""CID7677456""",1,1,0.57920299080283
"""CNR9580669""","""CID1220579""",1,1,0.9896226797002877
"""CNR2901705""","""CID4198696""",0,0,0.07833884169969635
"""CNR1961537""","""CID3370882""",0,0,0.11386624728469576
"""CNR2456489""","""CID5253281""",1,1,0.9294858259153576
"""CNR4788251""","""CID9862569""",1,1,0.9824457879939401
"""CNR2049418""","""CID9070917""",1,1,0.6834792132965629
"""CNR1096338""","""CID4278374""",1,1,0.5794332685540686
"""CNR8115525""","""CID1949510""",1,1,0.7692366175226467
"""CNR1148690""","""CID9880022""",1,1,0.9877795024524703
"""CNR3789008""","""CID4579814""",0,0,0.12761038610034856
"""CNR6149950""","""CID5279559""",1,1,0.9531820485995409
"""CNR2225228""","""CID1545567""",0,1,0.5886983519458462
"""CNR7016188""","""CID6849815""",1,1,0.6967877804601431
"""CNR9853702""","""CID7847529""",1,1,0.7118148882435684
"""CNR1024642""","""CID1171685""",1,1,0.979270168062067
"""CNR3413875""","""CID4785220""",0,0,0.08478524481136236
"""CNR4960808""","""CID5438178""",0,0,0.07631343461587774
"""CNR4727919""","""CID6409723""",1,1,0.9844559559143992
"""CNR6375518""","""CID8266002""",0,1,0.7279566825943528
"""CNR5337190""","""CID6975897""",1,1,0.9749443078270695
"""CNR4912889""","""CID5986031""",1,1,0.9780523027428262
"""CNR1491072""","""CID8770460""",0,0,0.0869613052644332
"""CNR6214584""","""CID5264608""",1,1,0.7009916961022197
"""CNR7290568""","""CID1334811""",1,1,0.5849544560395595
"""CNR5953862""","""CID7320332""",1,1,0.897127875502858
"""CNR4530316""","""CID6789106""",1,1,0.7007873437063362
"""CNR3575398""","""CID5088788""",1,1,0.5663730600984621
"""CNR4708791""","""CID2551348""",1,1,0.5988831815590411
"""CNR3116123""","""CID7402037""",0,1,0.672795791826085
"""CNR9669232""","""CID1381063""",1,1,0.7285475749189184
"""CNR7601636""","""CID4675409""",1,1,0.9448227227539557
"""CNR3891737""","""CID3510681""",0,0,0.08067235471728765
"""CNR2315719""","""CID1122699""",1,1,0.629282559704496
"""CNR4270571""","""CID5325831""",1,1,0.5736526673222458
"""CNR2374172""","""CID8531743""",0,0,0.2254490056014318
"""CNR5725144""","""CID7038163""",0,0,0.08310116072398438
"""CNR8068892""","""CID4879761""",1,1,0.7285622600908968
"""CNR2882464""","""CID6134086""",0,1,0.6037371189588103
"""CNR6868353""","""CID3941459""",0,0,0.07098668971889045
"""CNR8363759""","""CID1477534""",0,1,0.6015395423837739
"""CNR5672928""","""CID1257500""",0,0,0.07465966872171498
"""CNR9962342""","""CID3143485""",1,1,0.6436740959668429
"""CNR4789313""","""CID6803699""",1,1,0.923842437590984
"""CNR5282382""","""CID8389149""",0,0,0.08418563243506054
"""CNR7986028""","""CID2136696""",0,0,0.1381338859638034
"""CNR6004258""","""CID5961622""",0,0,0.12471631798782755
"""CNR2486461""","""CID4613934""",1,1,0.9742216073042252
"""CNR1643477""","""CID6575485""",1,1,0.7597938779821369
"""CNR3620447""","""CID3715654""",1,1,0.964257540676232
"""CNR1801852""","""CID6846335""",1,1,0.6856644197171016
"""CNR3821483""","""CID4617671""",1,1,0.9204144432908261
"""CNR2562785""","""CID3893209""",1,1,0.9269322096592236
"""CNR1248986""","""CID6245143""",1,1,0.9301391223211484
"""CNR5815048""","""CID5562423""",1,1,0.5920835393827936
"""CNR4538455""","""CID6146141""",0,0,0.21852473975365616
"""CNR1704216""","""CID1495853""",0,0,0.0850451679176054
"""CNR7375761""","""CID8538824""",1,1,0.6897267739635584
"""CNR3385429""","""CID6457373""",1,1,0.7049885246078159
"""CNR2892299""","""CID4979310""",1,1,0.7213199753376887
"""CNR8062605""","""CID5829070""",1,1,0.9230320525954634
"""CNR9162768""","""CID5834038""",0,0,0.08583035333129696
"""CNR1301568""","""CID4579948""",1,1,0.9592889360831229
"""CNR8182516""","""CID8313266""",0,1,0.6422958784631961
"""CNR6397926""","""CID5398153""",1,1,0.9458863680628228
"""CNR7453015""","""CID5770857""",1,1,0.9272322663781273
"""CNR8566413""","""CID6535220""",1,1,0.9335667995503605
"""CNR1629040""","""CID5546100""",1,1,0.5871726277088453
"""CNR7073103""","""CID2691249""",1,1,0.9688256247888447
"""CNR1468285""","""CID8675216""",1,1,0.9676461475066123
"""CNR8168804""","""CID3072871""",0,0,0.07463572282181401
"""CNR5220622""","""CID1143258""",1,1,0.974458645097788
"""CNR2874373""","""CID8328100""",0,1,0.5534223634883579
"""CNR1959534""","""CID1296348""",1,1,0.6282469904322711
"""CNR9736466""","""CID6350807""",0,0,0.08395654622934504
"""CNR3900499""","""CID1444063""",1,1,0.575796996281504
"""CNR5738123""","""CID9059465""",1,1,0.8214024665316941
"""CNR5390677""","""CID6262703""",1,1,0.9426410181773637
"""CNR1141995""","""CID2091151""",1,1,0.9834827993161499
"""CNR9839781""","""CID3773579""",0,0,0.10378254234976966
"""CNR6737110""","""CID6752811""",0,0,0.2672609854887493
"""CNR4420056""","""CID3470045""",0,0,0.06307254029919679
"""CNR1740249""","""CID8193661""",1,1,0.9366809570092249
"""CNR3664931""","""CID1667908""",0,0,0.12766389636501116
"""CNR1894338""","""CID1250117""",0,0,0.0908219895937635
"""CNR7998184""","""CID3904779""",1,1,0.9726713739129248
"""CNR4152573""","""CID1904405""",1,1,0.9749609021773771
"""CNR6473096""","""CID8026873""",1,1,0.9742898111086095
"""CNR3970127""","""CID8887188""",0,0,0.1769393571143844
"""CNR8899719""","""CID8851816""",1,1,0.7238579332836437
"""CNR4591303""","""CID6404327""",0,0,0.09439390402076983
"""CNR7784228""","""CID4180390""",0,0,0.09867266024182422
"""CNR3787395""","""CID5816761""",0,0,0.1347346248540505
"""CNR2144758""","""CID4555413""",0,0,0.09297509025531159
"""CNR6592801""","""CID1270474""",1,1,0.6903020287600714
"""CNR6657145""","""CID3819651""",1,1,0.9286340149312385
"""CNR6618855""","""CID4594740""",1,1,0.6695672533934239
"""CNR2232324""","""CID1792611""",1,1,0.6455771057073604
"""CNR6959171""","""CID9533734""",0,1,0.5953446931077981
"""CNR2879455""","""CID7688037""",1,1,0.9807792413537237
"""CNR3071091""","""CID8675399""",1,1,0.6779724498632654
"""CNR4638778""","""CID1784672""",0,0,0.11393586852747717
"""CNR2620232""","""CID1044919""",0,0,0.08914988371961294
"""CNR4246831""","""CID1065936""",1,1,0.6280595391487483
"""CNR3870081""","""CID9630572""",1,1,0.6445523712492712
"""CNR6339205""","""CID6801650""",0,0,0.11024705988460122
"""CNR6352753""","""CID7447824""",1,1,0.9721932727976618
"""CNR4225746""","""CID8515217""",1,1,0.5787674257035533
"""CNR9317620""","""CID8725090""",1,1,0.7620728250361382
"""CNR9269849""","""CID3006380""",0,0,0.08107300244387748
"""CNR8593086""","""CID2068324""",1,1,0.5720117177920828
"""CNR9466218""","""CID4191806""",1,1,0.9429069127986888
"""CNR7916880""","""CID4561648""",1,1,0.8204289666687355
"""CNR1487067""","""CID6414885""",0,0,0.11824464732158041
"""CNR1089294""","""CID9432868""",1,1,0.9903731977585633
"""CNR1628450""","""CID7793241""",1,1,0.9240450238129193
"""CNR2142735""","""CID3667493""",0,0,0.07967371477130746
"""CNR7611391""","""CID6638998""",1,1,0.5970300922530164
"""CNR1002789""","""CID1005780""",1,1,0.9709638532869963
"""CNR6432097""","""CID7014728""",1,1,0.9888389799410405
"""CNR4162538""","""CID7133812""",1,1,0.9854590465489979
"""CNR9656653""","""CID9296666""",1,1,0.7582963229848968
"""CNR8912261""","""CID6091807""",1,1,0.9728515038558204
"""CNR8952525""","""CID6550725""",0,0,0.09467928268272838
"""CNR7894973""","""CID8842913""",1,1,0.9408945150425132
"""CNR9591327""","""CID1334847""",1,1,0.5685594096841974
"""CNR3925816""","""CID9677015""",1,1,0.5633723846687545
"""CNR3721143""","""CID4973110""",0,0,0.09561657454600235
"""CNR1185536""","""CID9650299""",1,1,0.930611387157813
"""CNR3543454""","""CID2968684""",1,1,0.9330574559367384
"""CNR2463589""","""CID3425284""",0,0,0.08437651088873381
"""CNR5384005""","""CID9765932""",0,1,0.7083575842078171
"""CNR6254176""","""CID8602648""",1,1,0.9260870676654328
"""CNR8229024""","""CID4100602""",1,1,0.9820147299025037
"""CNR1671534""","""CID1162396""",0,0,0.13128265416372284
"""CNR7784836""","""CID7420272""",1,1,0.5866971461026759
"""CNR2923047""","""CID1870089""",0,0,0.08119210433042583
"""CNR8331925""","""CID8427581""",1,1,0.9833854427400139
"""CNR3190830""","""CID9434488""",1,1,0.9782217095093144
"""CNR8672619""","""CID9421912""",0,0,0.07072852543106434
"""CNR1061152""","""CID3559591""",1,1,0.7073414599097867
"""CNR9608363""","""CID5977677""",1,1,0.8360346588324077
"""CNR7694274""","""CID5353093""",1,1,0.7667724660780637
"""CNR9461341""","""CID8282948""",0,1,0.6326079450296557
"""CNR6135028""","""CID7345996""",1,1,0.9867234866741148
"""CNR2417093""","""CID8021006""",0,0,0.16235532892484678
"""CNR8890376""","""CID5546322""",1,1,0.8010261965198061
"""CNR6500364""","""CID3384795""",0,1,0.6631997157481843
"""CNR2098616""","""CID6973646""",1,1,0.977259400088455
"""CNR5467305""","""CID3145746""",0,0,0.10591746541526552
"""CNR9279339""","""CID9277014""",1,1,0.7794906840069205
"""CNR8025703""","""CID2337780""",0,1,0.5551693620306204
"""CNR9488427""","""CID7423339""",1,1,0.7371640818025564
"""CNR8086809""","""CID2086762""",1,1,0.952459087998353
"""CNR4068902""","""CID1149643""",1,1,0.9715432069132199
"""CNR2520778""","""CID9439857""",0,0,0.10587896906212749
"""CNR9097224""","""CID6660133""",1,1,0.8723090901784133
"""CNR9657540""","""CID8932681""",1,1,0.6568799262262178
"""CNR2102805""","""CID3117443""",0,0,0.08826201189291227
"""CNR5726061""","""CID8308204""",1,1,0.9334391101009419
"""CNR5063880""","""CID8144178""",0,0,0.09260110094398849
"""CNR8025456""","""CID9448176""",1,1,0.9315615312136352
"""CNR1468469""","""CID8031426""",1,1,0.9813067879931352
"""CNR2925013""","""CID4561148""",1,1,0.9496038788230514
"""CNR6539904""","""CID3506152""",0,0,0.17201331696683758
"""CNR6436858""","""CID9085737""",1,1,0.9738102515860019
"""CNR3898578""","""CID8767958""",0,0,0.07492490384102352
"""CNR5763359""","""CID7852335""",0,0,0.08752547060186341
"""CNR1844786""","""CID2847173""",1,1,0.7502652526745689
"""CNR5824286""","""CID2712792""",0,0,0.07238089700420754
"""CNR7936059""","""CID1012767""",1,1,0.9708724916249545
"""CNR8885432""","""CID1479491""",1,1,0.5693210655158778
"""CNR5856519""","""CID8960701""",0,0,0.1770204562557045
"""CNR1230354""","""CID8457237""",0,0,0.0875474907330944
"""CNR6606197""","""CID1571248""",0,0,0.08710231090169186
"""CNR7757055""","""CID1083963""",1,1,0.9707094319875877
"""CNR7700300""","""CID6709756""",0,0,0.08851735948192949
"""CNR4991479""","""CID4298566""",0,0,0.12734907809128287
"""CNR4918722""","""CID9675214""",1,1,0.9823505730168341
"""CNR2266053""","""CID2268883""",1,1,0.5785841429901323
"""CNR3438155""","""CID6694306""",0,0,0.12948882172732984
"""CNR5067042""","""CID8878944""",0,0,0.08623469612821276
"""CNR9770326""","""CID4617004""",0,1,0.5993322911716336
"""CNR6795465""","""CID8797029""",1,1,0.9729578723571789
"""CNR2507488""","""CID1700429""",0,0,0.08482782313504672
"""CNR4065937""","""CID7441352""",1,1,0.6775513047831401
"""CNR1931928""","""CID4687089""",1,1,0.5496144707620452
"""CNR2619270""","""CID2385771""",0,0,0.09631692226685984
"""CNR2129684""","""CID1916802""",0,0,0.0655702679085132
"""CNR1103901""","""CID9342148""",1,1,0.9795775343818883
"""CNR1547845""","""CID7801849""",1,1,0.930545329244719
"""CNR8761618""","""CID7490688""",0,0,0.07811955800838657
"""CNR2197499""","""CID9319528""",1,0,0.22363136552005078
"""CNR7447808""","""CID5565994""",0,0,0.15409736725068313
"""CNR6760491""","""CID2822607""",1,1,0.9486756267303652
"""CNR8015429""","""CID8913578""",1,1,0.9828972449934955
"""CNR4310702""","""CID9245011""",1,1,0.6952384742994777
"""CNR5282040""","""CID5303313""",0,0,0.05285022155502441
"""CNR2121943""","""CID1672425""",1,1,0.6965841166302169
"""CNR5609008""","""CID4171227""",1,1,0.7340748218659812
"""CNR4735348""","""CID8157051""",0,0,0.08271095851056122
"""CNR5931252""","""CID8281946""",1,1,0.978518173776172
"""CNR1542214""","""CID3078708""",0,0,0.22334188510351874
"""CNR8684266""","""CID8789118""",0,0,0.13524436839896378
"""CNR2959409""","""CID5974130""",1,1,0.9373995732507114
"""CNR9794361""","""CID6042791""",0,0,0.07968426388946827
"""CNR3463961""","""CID2773714""",0,0,0.07804565211028959
"""CNR5587950""","""CID5833835""",1,1,0.9274298103885271
"""CNR7931538""","""CID2060886""",1,1,0.6523506239442725
"""CNR4128986""","""CID8387423""",0,0,0.08385452563733982
"""CNR2631797""","""CID4102712""",0,0,0.07164233312535988
"""CNR8750224""","""CID2139419""",1,1,0.9828944581034168
"""CNR2413111""","""CID7814528""",1,1,0.6919686097822491
"""CNR7513382""","""CID7582545""",1,1,0.9261552246287206
"""CNR1697998""","""CID4018154""",1,1,0.5666817114678998
"""CNR6547472""","""CID5508018""",1,1,0.9478555535867327
"""CNR3304438""","""CID4701231""",1,1,0.9445126798185489
"""CNR1033030""","""CID9920512""",1,1,0.7386130866253808
"""CNR8327405""","""CID9736969""",1,1,0.5689217252392825
"""CNR9775866""","""CID1320029""",1,1,0.9297327295343899
"""CNR3144751""","""CID2768862""",1,1,0.9495524973075579
"""CNR6735772""","""CID4632765""",1,1,0.7137926401944368
"""CNR1382366""","""CID8207603""",1,1,0.5840443342269951
"""CNR2883954""","""CID5696555""",1,1,0.9731051530397936
"""CNR3597172""","""CID1907285""",1,1,0.9448748533508977
"""CNR4514562""","""CID2282534""",1,1,0.9243954661977664
"""CNR6438499""","""CID6581708""",0,0,0.11982953748473617
"""CNR6304936""","""CID4998526""",0,0,0.08554104051921688
"""CNR1618432""","""CID1676602""",0,0,0.08608491265082979
"""CNR6427106""","""CID5914112""",1,1,0.8938494903196423
"""CNR4779854""","""CID5457731""",0,0,0.1255145561053175
"""CNR6509579""","""CID4409396""",0,1,0.5677946065821342
"""CNR5705185""","""CID5025897""",1,1,0.7580595313516677
"""CNR1144022""","""CID6113004""",0,0,0.10381478615782616
"""CNR3686673""","""CID2340950""",1,1,0.9802582786266278
"""CNR4549763""","""CID7659002""",1,1,0.9753510887107385
"""CNR9568320""","""CID6791495""",0,0,0.09609656032046121
"""CNR6588065""","""CID5360636""",0,0,0.07642569069554754
"""CNR9834230""","""CID1571948""",1,1,0.9707649148186662
"""CNR9965171""","""CID5418327""",1,1,0.9338599092626941
"""CNR7887550""","""CID3085068""",0,0,0.15413007121458744
"""CNR1888712""","""CID6836637""",0,0,0.07083620750153052
"""CNR7030743""","""CID8695381""",1,1,0.9269245777108589
"""CNR8232798""","""CID6038778""",0,0,0.07374311837795682
"""CNR9962032""","""CID5912753""",0,0,0.16451491554037653
"""CNR5841880""","""CID8020426""",0,1,0.727075608491573
"""CNR1606879""","""CID8157046""",0,0,0.08653240352022232
"""CNR6658648""","""CID8170203""",1,1,0.7331824153164226
"""CNR9808023""","""CID1075824""",1,1,0.7356650007236453
"""CNR5936865""","""CID7030612""",1,1,0.9237473213024414
"""CNR4177459""","""CID8143569""",0,0,0.12258300239078591
"""CNR1679284""","""CID9556486""",0,0,0.08842656109626922
"""CNR8983300""","""CID9229402""",0,0,0.07512171125410651
"""CNR4653944""","""CID6654971""",0,0,0.08998146264151687
"""CNR9768406""","""CID8968848""",0,0,0.07960548572201173
"""CNR9727780""","""CID3665667""",0,1,0.7156976237687998
"""CNR6501592""","""CID8750748""",1,1,0.9841242097590115
"""CNR7682482""","""CID4810494""",0,0,0.15823681350256721
"""CNR6602323""","""CID1995738""",0,0,0.13467320005052458
"""CNR6162052""","""CID1904707""",1,1,0.5562197277953312
"""CNR4488104""","""CID2673011""",1,1,0.9673892331989977
"""CNR5136562""","""CID5320290""",1,1,0.9293652638276843
"""CNR9069756""","""CID5833265""",1,1,0.733277521372273
"""CNR7360409""","""CID4180475""",0,0,0.1295810936299608
"""CNR4915441""","""CID8175698""",1,1,0.786203979200517
"""CNR8316082""","""CID1030432""",1,1,0.9687861771148039
"""CNR4049130""","""CID9631866""",1,1,0.6341865351000814
"""CNR2450199""","""CID7853733""",1,1,0.9121407499528501
"""CNR6994822""","""CID1358257""",0,0,0.0947389872318197
"""CNR6061090""","""CID1156713""",1,1,0.8172572242885273
"""CNR2941227""","""CID3233006""",1,1,0.5715526412813864
"""CNR7230344""","""CID1381246""",1,1,0.9061919129048316
"""CNR8979441""","""CID7257019""",1,1,0.967557127992967
"""CNR2349946""","""CID5965775""",1,1,0.921891401581647
"""CNR6610094""","""CID9319171""",1,1,0.9860083988391815
"""CNR6413322""","""CID2740636""",1,1,0.9896123237178214
"""CNR8896102""","""CID5247925""",1,1,0.7140296629626706
"""CNR7299402""","""CID6524121""",1,1,0.7190138496803967
"""CNR2026325""","""CID7783188""",0,1,0.5683870277746377
"""CNR8081188""","""CID2910641""",1,1,0.7141142458572411
"""CNR6372991""","""CID8649576""",1,1,0.9466195909069816
"""CNR6725539""","""CID3996088""",1,1,0.9251403915553781
"""CNR7120819""","""CID9576287""",0,1,0.5704764740085038
"""CNR7191612""","""CID1421198""",0,0,0.11026789452398475
"""CNR6543454""","""CID1079959""",1,1,0.9309782424443765
"""CNR7008329""","""CID4325544""",1,1,0.9431353448091832
"""CNR8384111""","""CID3136531""",1,1,0.9501404475352103
"""CNR6863443""","""CID9073202""",1,1,0.9862446656994525
"""CNR1268129""","""CID8102171""",1,1,0.9669906154871194
"""CNR9437539""","""CID3058906""",1,1,0.5789767633493793
"""CNR3019095""","""CID9577163""",1,1,0.698844088054209
"""CNR4556751""","""CID8526963""",1,1,0.6979264073689728
"""CNR8151244""","""CID7258085""",1,1,0.9621499483330973
"""CNR8544344""","""CID7868001""",0,0,0.14047496597581902
"""CNR7763761""","""CID3777478""",0,0,0.06815078252724703
"""CNR8766670""","""CID9636647""",0,0,0.09611468074528023
"""CNR6913146""","""CID6303637""",1,1,0.9857583314744551
"""CNR3058980""","""CID4322658""",0,0,0.06527365383244249
"""CNR9353214""","""CID9964957""",1,1,0.5686675730312762
"""CNR8565681""","""CID4582509""",1,1,0.6772270762227534
"""CNR1635582""","""CID5939866""",0,0,0.08343980201068411
"""CNR6073903""","""CID7132820""",1,1,0.966551293537307
"""CNR2360147""","""CID7781016""",1,1,0.7268740132396609
"""CNR6517798""","""CID1996131""",1,1,0.6174231619035367
"""CNR8324751""","""CID2811449""",1,0,0.42529241871163936
"""CNR7637152""","""CID4924028""",1,1,0.6866984467456991
"""CNR5407485""","""CID8018539""",1,1,0.6602498740562938
"""CNR2999729""","""CID2445330""",1,1,0.7905407277316409
"""CNR8030609""","""CID9028263""",1,1,0.9217110686745544
"""CNR6062974""","""CID5982838""",1,1,0.9564218724584908
"""CNR1685171""","""CID4351913""",0,0,0.08051613157429414
"""CNR4743144""","""CID5301766""",1,1,0.558438543621688
"""CNR6620954""","""CID7276683""",0,0,0.24643542443760239
"""CNR3646116""","""CID5155382""",1,1,0.5569842703804543
"""CNR6273368""","""CID7370701""",0,0,0.0722566035889925
"""CNR6639407""","""CID6938670""",0,0,0.07336264670276933
"""CNR7021360""","""CID5149241""",1,1,0.7318341348606165
"""CNR4153038""","""CID7333556""",0,0,0.06848781590646359
"""CNR7091591""","""CID6216747""",1,1,0.7208641090768577
"""CNR1765019""","""CID7089679""",0,1,0.7863578449000783
"""CNR8840122""","""CID3013022""",0,0,0.0788348954345273
"""CNR4369541""","""CID3080861""",0,0,0.06991805250924303
"""CNR6337849""","""CID7392766""",0,1,0.7095080122265938
"""CNR6294533""","""CID2198711""",1,1,0.5753141618956735
"""CNR5832276""","""CID3785443""",1,1,0.9362702266682789
"""CNR7940348""","""CID1482311""",0,0,0.0726475148147163
"""CNR2304154""","""CID5228821""",1,1,0.9804731303073617
"""CNR8316497""","""CID5440389""",1,1,0.7905693747345157
"""CNR5115538""","""CID4149465""",1,1,0.9601496614226721
"""CNR1687870""","""CID5164546""",1,1,0.990159132740376
"""CNR2171343""","""CID5502209""",1,1,0.58471233566146
"""CNR8796470""","""CID5795786""",0,0,0.07293964484788239
"""CNR1628022""","""CID2087804""",1,1,0.5858262064023478
"""CNR2476367""","""CID4244345""",1,1,0.9847790434133361
"""CNR5808198""","""CID4347580""",1,1,0.7999991212485369
"""CNR2071004""","""CID6160343""",1,1,0.5629180644980992
"""CNR1484488""","""CID7015889""",1,1,0.968125422086757
"""CNR9446654""","""CID4114807""",1,1,0.9365166171493414
"""CNR9692594""","""CID5892009""",1,1,0.9861407447461868
"""CNR9475095""","""CID7015244""",1,1,0.7033344740740252
"""CNR9593354""","""CID7569566""",1,1,0.686652561890546
"""CNR2109600""","""CID9508054""",0,0,0.06701228871494729
"""CNR1561525""","""CID6568860""",1,1,0.9736952329226591
"""CNR4232632""","""CID4895431""",0,0,0.13721401260244573
"""CNR3081139""","""CID2602914""",1,1,0.7389779620490209
"""CNR9075380""","""CID7349607""",1,1,0.5606051316085202
"""CNR9287729""","""CID9017175""",0,0,0.10170089184544061
"""CNR8264486""","""CID7359016""",1,1,0.8378861543150712
"""CNR2858470""","""CID5696040""",0,0,0.06152739105275833
"""CNR6530626""","""CID1117869""",0,0,0.19546024019663252
"""CNR3044600""","""CID2972716""",1,1,0.8098877506048877
"""CNR6610525""","""CID4780142""",0,1,0.6074481611335926
"""CNR2145585""","""CID2095657""",1,1,0.9644809889346129
"""CNR4396975""","""CID6003962""",1,1,0.5600769523111251
"""CNR2303295""","""CID5040955""",1,1,0.9848625748431667
"""CNR5444145""","""CID3261351""",0,0,0.08572812217683258
"""CNR9358773""","""CID1742176""",1,1,0.9555649937341464
"""CNR2317673""","""CID7586264""",0,1,0.7312583333150148
"""CNR9907822""","""CID9431294""",0,0,0.08252921928345985
"""CNR8060520""","""CID4328336""",1,1,0.9859163757071592
"""CNR6154270""","""CID9433411""",0,0,0.07533333139067053
"""CNR5800729""","""CID6978541""",1,1,0.5730210989218628
"""CNR1638682""","""CID6842241""",1,1,0.7501912894478822
"""CNR2815083""","""CID5690800""",0,0,0.059643742399617554
"""CNR8559838""","""CID8546507""",1,1,0.5698403725804541
"""CNR6510784""","""CID1379761""",0,0,0.09809278382232964
"""CNR5921543""","""CID2268480""",1,1,0.9913031654198463
"""CNR4076951""","""CID8315529""",1,1,0.9658036404147138
"""CNR1316623""","""CID4921901""",1,1,0.5601092237034246
"""CNR3626259""","""CID1114091""",0,0,0.08762291534099671
"""CNR5618688""","""CID4791904""",0,0,0.1616133587592232
"""CNR2138029""","""CID7680138""",0,0,0.10624100159855923
"""CNR1443796""","""CID5869703""",0,0,0.1368217680195708
"""CNR1208610""","""CID8102336""",1,1,0.7055333030190939
"""CNR9552440""","""CID8165105""",1,1,0.9285464465353137
"""CNR4049347""","""CID6618066""",1,1,0.8909573747167407
"""CNR9648351""","""CID8547038""",1,1,0.6788148885417643
"""CNR3245973""","""CID7992003""",1,1,0.7393056655431518
"""CNR3711668""","""CID3937569""",0,0,0.08650976777315
"""CNR4959618""","""CID2647133""",1,1,0.9756292765896999
"""CNR2454028""","""CID9291832""",0,0,0.09084435617975818
"""CNR1230362""","""CID6109123""",0,0,0.09040215290350172
"""CNR8744374""","""CID3605423""",0,0,0.08456349733675776
"""CNR5726765""","""CID3048447""",1,1,0.752120963818691
"""CNR5546490""","""CID4381354""",1,0,0.4780492546323481
"""CNR4277592""","""CID3020880""",1,1,0.9207836844996969
"""CNR4445534""","""CID5778295""",1,1,0.5816266307644942
"""CNR2492574""","""CID7765703""",1,1,0.9843127519303098
"""CNR5981476""","""CID7087512""",1,1,0.5865176371084793
"""CNR1616498""","""CID1125987""",1,1,0.9326273972678808
"""CNR6842788""","""CID6554726""",1,1,0.9290296213437023
"""CNR2251204""","""CID1291725""",0,0,0.05458941540311241
"""CNR7287648""","""CID1570400""",1,1,0.6063315693146475
"""CNR7742557""","""CID7645532""",1,1,0.9407541086013326
"""CNR5438007""","""CID8924055""",1,1,0.9840501085381194
"""CNR9587833""","""CID6498707""",0,0,0.18763829744895488
"""CNR8825885""","""CID6057545""",1,1,0.7959369792808901
"""CNR8793264""","""CID7274950""",0,1,0.5748758865186956
"""CNR6198783""","""CID4721998""",1,1,0.9286014541080828
"""CNR7848300""","""CID5827257""",0,0,0.07393817610830265
"""CNR4797542""","""CID4087071""",1,1,0.9206612758293714
"""CNR1579444""","""CID1219603""",1,1,0.9329661337598306
"""CNR4400036""","""CID1681052""",0,0,0.08034453120541855
"""CNR9261324""","""CID2775249""",1,1,0.9485433810950987
"""CNR9775429""","""CID2579890""",1,1,0.9619764045050154
"""CNR1240413""","""CID4577047""",1,1,0.9482027826086675
"""CNR7100120""","""CID9073205""",0,0,0.09079351073761255
"""CNR5818911""","""CID6958207""",0,0,0.08992609483232585
"""CNR9236520""","""CID6742637""",1,1,0.939024968961569
"""CNR1439188""","""CID8313657""",1,1,0.5553521349474715
"""CNR3658736""","""CID1598198""",1,1,0.952898273082717
"""CNR1134614""","""CID6901440""",1,1,0.9688065213387347
"""CNR3228345""","""CID3402177""",0,0,0.1338592654751786
"""CNR1247870""","""CID4802002""",1,1,0.8008571092230141
"""CNR5113095""","""CID6245110""",0,0,0.08293334489407557
"""CNR1223982""","""CID1829020""",1,1,0.9726175471947799
"""CNR3419445""","""CID1939471""",1,1,0.9139886308797632
"""CNR5887176""","""CID8658003""",0,0,0.1193897576319516
"""CNR8197774""","""CID8514983""",0,0,0.16801673862708624
"""CNR8070295""","""CID3467271""",1,1,0.6070399656692984
"""CNR3758742""","""CID2579814""",1,1,0.9597160738488681
"""CNR2417715""","""CID6389297""",1,1,0.9335533714320422
"""CNR1894993""","""CID1032892""",0,0,0.08286450470551102
"""CNR9928537""","""CID3014242""",1,1,0.9828405282119693
"""CNR3119232""","""CID7872842""",0,0,0.08948654956529453
"""CNR8466354""","""CID5856575""",0,1,0.5755062399469235
"""CNR7123195""","""CID8567610""",1,0,0.07271734882447131
"""CNR2723450""","""CID8222342""",1,1,0.6448181825719765
"""CNR9676405""","""CID2556379""",0,0,0.11660138855576366
"""CNR6856515""","""CID2449894""",0,0,0.08348984200567143
"""CNR2255072""","""CID3487767""",1,1,0.6901258990317328
"""CNR1055650""","""CID5303494""",1,1,0.9177354623483673
"""CNR5681857""","""CID4589176""",0,0,0.12192716490610027
"""CNR5169513""","""CID6092435""",1,1,0.9887192650886522
"""CNR1085674""","""CID1741561""",0,0,0.13998694540439363
"""CNR1990798""","""CID6121937""",1,1,0.9681404429546926
"""CNR6975520""","""CID7996501""",0,0,0.10545848468549947
"""CNR4184671""","""CID2886326""",1,1,0.6060490516585685
"""CNR3585436""","""CID3519751""",1,1,0.735557127662549
"""CNR7487670""","""CID7398769""",1,1,0.585908872000074
"""CNR1634943""","""CID6644767""",1,1,0.9632922891173198
"""CNR5197102""","""CID6724302""",1,1,0.9405004441346523
"""CNR9608827""","""CID2595915""",1,1,0.9292561520389128
"""CNR1126961""","""CID9878920""",1,1,0.982071821006435
"""CNR6515018""","""CID4128543""",0,0,0.11451138579682921
"""CNR4418998""","""CID9333840""",0,0,0.08705411351635438
"""CNR9289749""","""CID8558133""",1,1,0.932897449751264
"""CNR3746217""","""CID1605497""",1,1,0.7159043503291155
"""CNR7083602""","""CID9466644""",1,1,0.7589479757663419
"""CNR8142664""","""CID7187938""",1,1,0.7330514309697366
"""CNR3120824""","""CID6493415""",0,0,0.07383534899291473
"""CNR1940420""","""CID9480266""",1,1,0.9898456876156653
"""CNR1494215""","""CID6432137""",1,1,0.6828553398329323
"""CNR6777459""","""CID8940527""",1,1,0.7193767462742744
"""CNR1031069""","""CID6179782""",1,1,0.8560840139433001
"""CNR5710300""","""CID9258158""",1,1,0.9736546321202788
"""CNR8349953""","""CID3432684""",0,0,0.06399273503658438
"""CNR8183925""","""CID2757558""",1,1,0.9263006644002104
"""CNR7016910""","""CID4534322""",1,1,0.601799156835386
"""CNR9565473""","""CID2913174""",1,1,0.6374390550221464
"""CNR6864271""","""CID1867892""",1,1,0.5743888212891674
"""CNR8214349""","""CID1252098""",1,1,0.7190187807590454
"""CNR6811783""","""CID6616567""",0,0,0.14420010547013515
"""CNR6299906""","""CID6476024""",1,1,0.9695711442553553
"""CNR9650663""","""CID7548957""",1,1,0.9404868585851875
"""CNR7350896""","""CID3631595""",1,1,0.5701901222727871
"""CNR6900375""","""CID8470875""",1,1,0.6031219337587812
"""CNR8813856""","""CID4863088""",0,0,0.07592904621780083
"""CNR9931130""","""CID4268548""",1,1,0.9485553922433231
"""CNR7565965""","""CID8485690""",0,0,0.1487315238381975
"""CNR9703657""","""CID9038228""",0,0,0.40199790323110324
"""CNR4704251""","""CID9399515""",0,0,0.07340302327516648
"""CNR6300334""","""CID4022367""",1,1,0.9796052067946236
"""CNR3216821""","""CID8329046""",1,1,0.979992714734237
"""CNR7148947""","""CID7207070""",1,1,0.6809201245242545
"""CNR4479307""","""CID9043870""",1,1,0.592827237995838
"""CNR6496324""","""CID4131512""",0,0,0.11532433900455319
"""CNR5087113""","""CID4543230""",1,1,0.9313467518101906
"""CNR3854519""","""CID5289909""",1,1,0.9915487613665789
"""CNR2039208""","""CID1301274""",0,0,0.08549032014933618
"""CNR7173544""","""CID4862602""",0,0,0.17288596330054434
"""CNR8902446""","""CID5324800""",0,0,0.08184719606133378
"""CNR9782982""","""CID3365647""",0,0,0.12468819815884158
"""CNR9582196""","""CID6920893""",1,1,0.5682116642711851
"""CNR5498688""","""CID7020294""",1,1,0.9226363989043924
"""CNR2616768""","""CID6419331""",1,1,0.7489525865434871
"""CNR7890530""","""CID7142563""",1,1,0.7142956608313306
"""CNR5022536""","""CID7349689""",1,1,0.9680800400546726
"""CNR4201601""","""CID7179408""",1,1,0.9459293774480306
"""CNR8994740""","""CID3819662""",0,0,0.18104132413376953
"""CNR5021734""","""CID9894998""",0,0,0.07996556483158274
"""CNR4405901""","""CID7696694""",1,1,0.9314062706564747
"""CNR9962874""","""CID9468011""",0,0,0.24191956814630425
"""CNR3158736""","""CID1236607""",1,1,0.9256226583909157
"""CNR5587442""","""CID3567442""",1,1,0.9554746012957016
"""CNR9592777""","""CID6619686""",1,1,0.6185785346474612
"""CNR2978852""","""CID4264584""",0,0,0.16873855571816682
"""CNR6420750""","""CID7451206""",1,1,0.6857070512102291
"""CNR7936414""","""CID9013347""",1,1,0.9725420841110677
"""CNR1780292""","""CID6699556""",0,0,0.1251858592714028
"""CNR7268146""","""CID1048276""",0,1,0.7140666494502494
"""CNR7916224""","""CID6965270""",1,1,0.9204248269457088
"""CNR4272175""","""CID5558822""",1,1,0.6228641506532718
"""CNR8184664""","""CID4820212""",0,0,0.07872970618750436
"""CNR2958862""","""CID8959241""",1,1,0.7430540312726753
"""CNR7061158""","""CID5028146""",1,1,0.5673594201725713
"""CNR5510109""","""CID5541657""",0,0,0.16050448022871444
"""CNR9465846""","""CID1970596""",1,1,0.9439270965953749
"""CNR1268550""","""CID6231256""",1,1,0.9384758733057832
"""CNR3290048""","""CID9234874""",1,1,0.7227261606808861
"""CNR7954391""","""CID2008802""",1,1,0.7960772514059836
"""CNR6841221""","""CID2284084""",1,1,0.9471661838081413
"""CNR1817374""","""CID8455961""",1,1,0.9375526540326208
"""CNR4576059""","""CID8493257""",1,1,0.6567674658235022
"""CNR4920533""","""CID1178163""",1,1,0.7144479233443085
"""CNR6090303""","""CID1998838""",0,0,0.17181823813331595
"""CNR9786014""","""CID5553866""",1,1,0.9545007483806615
"""CNR8122828""","""CID5325592""",0,0,0.07140423158537747
"""CNR2245726""","""CID6047213""",1,1,0.5679862665098256
"""CNR6153360""","""CID5815962""",1,1,0.939338938542786
"""CNR2754889""","""CID9827869""",1,1,0.9394600058592153
"""CNR3665069""","""CID9274943""",0,0,0.07614968949192336
"""CNR8513844""","""CID2030719""",1,1,0.9613236686827547
"""CNR3544511""","""CID2381790""",1,1,0.9740958606155474
"""CNR7281967""","""CID6989788""",1,1,0.7565900130623993
"""CNR7761881""","""CID3128016""",0,0,0.10957682155294698
"""CNR1973122""","""CID8637104""",0,0,0.0923722935082741
"""CNR3228159""","""CID9806277""",1,1,0.5686059819850111
"""CNR6687713""","""CID1817307""",0,1,0.6951362249985311
"""CNR4309514""","""CID3948218""",0,0,0.16842352705145272
"""CNR3257837""","""CID4498236""",1,1,0.9885598984928867
"""CNR7782264""","""CID4072771""",1,1,0.9599243679104861
"""CNR1275868""","""CID1542626""",1,1,0.7113370746737577
"""CNR8296137""","""CID1214601""",1,1,0.5703450409663908
"""CNR1029902""","""CID5158757""",1,1,0.7728597649357326
"""CNR3173312""","""CID4584701""",0,1,0.5807954258691334
"""CNR6524013""","""CID7868614""",1,1,0.6434135590078691
"""CNR5514707""","""CID2027075""",1,1,0.7226974415789559
"""CNR5159577""","""CID1299969""",1,1,0.9730578010275538
"""CNR6943084""","""CID8509077""",1,1,0.6648511036820418
"""CNR4855288""","""CID7364654""",0,0,0.13992090597372656
"""CNR2398910""","""CID1328810""",0,0,0.09657646452343681
"""CNR3687331""","""CID2639412""",0,0,0.13155660512990322
"""CNR4663981""","""CID8757152""",1,1,0.6595599994868055
"""CNR9975718""","""CID4887603""",1,1,0.5985422733984891
"""CNR9336208""","""CID8833164""",0,0,0.06837374657536192
"""CNR8850700""","""CID9561876""",1,1,0.9337004082319337
"""CNR9467287""","""CID5746741""",0,1,0.5764655437752331
"""CNR6306738""","""CID1618533""",0,0,0.08490112206006105
"""CNR1189242""","""CID1622034""",1,1,0.9537975999018463
"""CNR6012211""","""CID2565007""",0,0,0.1303358124671169
"""CNR1666750""","""CID5627361""",1,1,0.9804994084048727
"""CNR7083110""","""CID4969673""",0,0,0.08665243333827871
"""CNR9729637""","""CID5920069""",1,1,0.9318936671408814
"""CNR4128220""","""CID4838797""",1,1,0.7123173266858593
"""CNR1820578""","""CID1872291""",1,1,0.932056012501554
"""CNR2415426""","""CID7118546""",1,1,0.9761116400214356
"""CNR5561258""","""CID9808492""",1,1,0.933870723945939
"""CNR8154436""","""CID6736425""",1,1,0.9716023665230143
"""CNR4619433""","""CID4380729""",1,1,0.9867960207927833
"""CNR2706209""","""CID1670883""",0,0,0.14048653892453025
"""CNR4434030""","""CID1205210""",0,0,0.21670632415707683
"""CNR5493961""","""CID1535132""",0,0,0.08288006781759907
"""CNR3581117""","""CID6469465""",0,0,0.1465504721714641
"""CNR6828984""","""CID6893509""",0,0,0.07622557217609699
"""CNR1261266""","""CID2447578""",1,1,0.9452777794010816
"""CNR7808819""","""CID1814826""",0,0,0.0935002264583667
"""CNR2852738""","""CID2697271""",0,0,0.08637760067456944
"""CNR6846153""","""CID5751566""",0,0,0.14451402583188644
"""CNR6130981""","""CID2341683""",0,1,0.7366404094073328
"""CNR5703645""","""CID6021615""",1,1,0.6745936750657275
"""CNR8060357""","""CID9133456""",1,1,0.8475982871494847
"""CNR5669868""","""CID8975545""",1,1,0.656534196874039
"""CNR3118625""","""CID7120072""",1,1,0.9884871391906309
"""CNR5231602""","""CID7538996""",0,0,0.06570617765849587
"""CNR4447389""","""CID7222711""",0,0,0.07374353474144818
"""CNR2536888""","""CID5948421""",0,0,0.1302827289577214
"""CNR5859700""","""CID3378180""",0,0,0.10380585457611938
"""CNR2725986""","""CID6516852""",0,1,0.5766294828654027
"""CNR2405686""","""CID3400980""",1,1,0.9298265517313644
"""CNR6991477""","""CID7390791""",1,1,0.9282451790826304
"""CNR2358960""","""CID7323058""",0,0,0.11378424950589353
"""CNR2020349""","""CID6194567""",0,0,0.07512080053482793
"""CNR5334300""","""CID5369819""",1,1,0.6918396334510338
"""CNR5878229""","""CID5262490""",0,0,0.0936607622369595
"""CNR5593903""","""CID3032275""",0,0,0.08523351570089162
"""CNR8061215""","""CID9088333""",0,0,0.13175774518836775
"""CNR1058202""","""CID9555931""",0,1,0.6253121864946748
"""CNR7095332""","""CID9131689""",1,1,0.6666755222790364
"""CNR9376021""","""CID6261224""",0,0,0.07459989088903668
"""CNR3793919""","""CID3548825""",0,0,0.15448377425200804
"""CNR1117034""","""CID2815162""",0,0,0.11651703778653048
"""CNR3710750""","""CID1654395""",0,1,0.7318844848375058
"""CNR6776798""","""CID2552945""",1,1,0.9777346695280213
"""CNR9100206""","""CID7548122""",0,0,0.0822541301344343
"""CNR8724686""","""CID1710534""",0,0,0.08555786527028762
"""CNR1510798""","""CID9393924""",0,0,0.18182547211832248
"""CNR3990617""","""CID9869551""",1,1,0.9486031067857504
"""CNR1892545""","""CID6945449""",1,1,0.6921830453114566
"""CNR8120666""","""CID8228329""",0,0,0.07359459622107961
"""CNR5681965""","""CID2797755""",0,0,0.08857654009953159
"""CNR2308043""","""CID1058464""",1,1,0.7318255733668455
"""CNR8134089""","""CID1658884""",1,1,0.9558523536612081
"""CNR6099949""","""CID7571011""",1,1,0.940953101318867
"""CNR3669183""","""CID8463747""",1,1,0.9424278786898512
"""CNR6208949""","""CID4621686""",1,1,0.931769886042883
"""CNR6641600""","""CID9019737""",1,1,0.6883753035838596
"""CNR8898415""","""CID2849695""",1,1,0.9526944325868557
"""CNR2970695""","""CID3707469""",1,1,0.7090609723473954
"""CNR4242017""","""CID1880420""",1,1,0.5635724917113458
"""CNR3873315""","""CID9949263""",1,1,0.7067187273944784
"""CNR2153216""","""CID4026183""",0,1,0.7721117893850904
"""CNR9849682""","""CID8288353""",0,0,0.06961249998907813
"""CNR6717900""","""CID7738908""",1,1,0.8448784074459699
"""CNR9036069""","""CID8009280""",0,1,0.7596393707449488
"""CNR1787339""","""CID3035345""",1,1,0.6965118598381129
"""CNR8063564""","""CID1713923""",1,1,0.5803387509927976
"""CNR2692377""","""CID7297765""",1,1,0.5878270060574686
"""CNR7278489""","""CID3939920""",1,1,0.9456298569012832
"""CNR1977632""","""CID3574479""",1,1,0.968005518005637
"""CNR3817050""","""CID9006856""",1,1,0.785542538210713
"""CNR7753727""","""CID7611925""",1,1,0.7509103266993812
"""CNR2249447""","""CID4040445""",0,0,0.0822569505627547
"""CNR8497124""","""CID3529503""",1,1,0.5768606770571303
"""CNR1896819""","""CID8207857""",1,1,0.6764846161063726
"""CNR6606673""","""CID2221994""",1,1,0.9397798869083194
"""CNR1293112""","""CID4990673""",1,1,0.9342977327896052
"""CNR7407034""","""CID9359546""",1,1,0.662669136919845
"""CNR2562650""","""CID4138125""",1,1,0.983088201041988
"""CNR9703055""","""CID2597430""",0,1,0.6904910547805774
"""CNR9213278""","""CID7582618""",1,1,0.9343070930076594
"""CNR4385508""","""CID9197161""",1,1,0.9400574455315962
"""CNR7822124""","""CID9839172""",1,1,0.5786884684753099
"""CNR2814185""","""CID1267021""",0,1,0.7434191775040871
"""CNR9151305""","""CID3268547""",1,1,0.929282133775373
"""CNR1349871""","""CID7338068""",0,0,0.08042267493998358
"""CNR1606894""","""CID6880593""",1,1,0.5077451139335257
"""CNR1733141""","""CID7559197""",0,0,0.3877479284557464
"""CNR7954556""","""CID2664304""",1,1,0.9531502203954861
"""CNR1799772""","""CID1823861""",1,1,0.9771471090116267
"""CNR9684510""","""CID9919571""",1,1,0.9359309002352565
"""CNR7531135""","""CID8916610""",1,1,0.9284825198415253
"""CNR1353029""","""CID6145306""",1,1,0.9322682085513437
"""CNR3012626""","""CID9334793""",0,0,0.08842484856379233
"""CNR3459524""","""CID3879809""",1,1,0.9794398958265269
"""CNR7061944""","""CID1306912""",1,1,0.7063968597129061
"""CNR8960616""","""CID7891851""",1,1,0.7071593510182604
"""CNR2202358""","""CID6611693""",1,1,0.9843708891887294
"""CNR6935665""","""CID8881826""",1,1,0.689711216150327
"""CNR1867590""","""CID6744610""",1,1,0.5832871839454326
"""CNR6016529""","""CID5762774""",1,1,0.9540616632087024
"""CNR5018917""","""CID7315424""",1,1,0.7013149757999445
"""CNR3120927""","""CID4123125""",0,0,0.1864213463235384
"""CNR9606934""","""CID5597001""",1,1,0.6607916370201186
"""CNR5529712""","""CID8133208""",1,1,0.9251860254130843
"""CNR4566649""","""CID6575497""",0,0,0.22666234093121942
"""CNR1346635""","""CID8315506""",0,0,0.07628645652498948
"""CNR6605143""","""CID3935109""",1,1,0.6849895743969141
"""CNR7368382""","""CID3838358""",0,0,0.064597032229586
"""CNR9695972""","""CID5290038""",1,1,0.7642929053860267
"""CNR7950449""","""CID1672354""",1,1,0.625271627915701
"""CNR2987984""","""CID8929700""",0,0,0.14703847986546792
"""CNR3596239""","""CID7362821""",0,0,0.09382874880755301
"""CNR9631012""","""CID4872463""",0,1,0.5629803020129278
"""CNR3140238""","""CID5431712""",0,0,0.08411733241884628
"""CNR2779107""","""CID9794638""",1,1,0.8049278250590806
"""CNR2559431""","""CID6281382""",0,1,0.7313808686020944
"""CNR2005965""","""CID7513923""",1,1,0.9190964725506771
"""CNR9745151""","""CID7772090""",1,1,0.9345500009789083
"""CNR3904984""","""CID5547998""",0,0,0.12003125948392328
"""CNR6220050""","""CID6812908""",0,1,0.7075500225048539
"""CNR7537858""","""CID8134870""",1,1,0.9735660811914979
"""CNR6108431""","""CID6528389""",0,0,0.06763569101135164
"""CNR6927453""","""CID3594358""",1,1,0.7320330425310191
"""CNR1895353""","""CID4880344""",0,1,0.7601003519398333
"""CNR5040857""","""CID3874012""",0,0,0.07884211260998064
"""CNR9405102""","""CID3225820""",0,1,0.7136212507607766
"""CNR7312425""","""CID1480860""",0,0,0.09200193466302849
"""CNR6705046""","""CID5513882""",1,1,0.9460949685527957
"""CNR5303021""","""CID5555498""",1,1,0.9850946812395197
"""CNR2177675""","""CID8871762""",1,1,0.7272590813103998
"""CNR2471015""","""CID3469368""",1,1,0.9797909305036554
"""CNR9800331""","""CID7191602""",1,1,0.9727918890158705
"""CNR5050714""","""CID2208171""",1,1,0.9293475648991631
"""CNR4594234""","""CID6856185""",0,0,0.2774326929788525
"""CNR3198787""","""CID7133947""",1,1,0.9742471224024801
"""CNR4810957""","""CID1017397""",0,0,0.07808811972818948
"""CNR3172245""","""CID9878093""",1,1,0.9769824240283498
"""CNR4339935""","""CID2623536""",1,1,0.6790468020358694
"""CNR9871598""","""CID6266571""",1,1,0.5714397356037761
"""CNR5650372""","""CID5691870""",1,1,0.9706772252514443
"""CNR8140538""","""CID4547572""",0,0,0.08936755511870781
"""CNR5712732""","""CID6728009""",1,1,0.9579932783165204
"""CNR6977026""","""CID3130913""",1,1,0.9814509728387641
"""CNR9140671""","""CID3961912""",0,0,0.08082402571990094
"""CNR4851276""","""CID6952375""",1,1,0.9361549373732934
"""CNR6223040""","""CID8705509""",1,1,0.9893449305201504
"""CNR3513534""","""CID6491190""",0,0,0.09863479761768096
"""CNR3648955""","""CID9905475""",1,1,0.6820979586658713
"""CNR7369910""","""CID9285023""",1,1,0.6071087735321247
"""CNR9638588""","""CID1815943""",1,1,0.9490215070694522
"""CNR4153972""","""CID6122991""",1,1,0.9800306733118436
"""CNR4379975""","""CID2134178""",0,0,0.08239057874867954
"""CNR3244782""","""CID7666263""",1,1,0.9762924658332207
"""CNR4001388""","""CID2858268""",1,1,0.5511137814299164
"""CNR5567350""","""CID3599420""",1,1,0.7155515362830911
"""CNR5844852""","""CID2764631""",1,1,0.9850954027472215
"""CNR8410193""","""CID2817789""",0,0,0.11325238001048736
"""CNR2019384""","""CID9504293""",1,1,0.9738307289048808
"""CNR7441524""","""CID1448380""",0,0,0.17082785066139616
"""CNR1294927""","""CID1521194""",1,1,0.9433797131898193
"""CNR6246683""","""CID2570845""",1,1,0.9609185220908568
"""CNR3554021""","""CID4359394""",1,1,0.7974249611018525
"""CNR7156902""","""CID7786542""",0,0,0.07680565582450245
"""CNR6581832""","""CID6574178""",0,0,0.08740704545680143
"""CNR4559790""","""CID7023705""",1,1,0.9437217311253607
"""CNR6414680""","""CID3233944""",1,1,0.9803082889982232
"""CNR4779725""","""CID9856558""",1,1,0.5702630091649727
"""CNR8549204""","""CID8111978""",1,1,0.7514504961814428
"""CNR2960796""","""CID6200571""",0,0,0.07055484510528731
"""CNR9281117""","""CID3082286""",0,0,0.09304930992511093
"""CNR3818016""","""CID2674676""",1,1,0.5760240601267136
"""CNR4352632""","""CID6746604""",0,0,0.1097025508211802
"""CNR8917495""","""CID9814227""",0,0,0.18710132698938542
"""CNR6249704""","""CID3205726""",1,1,0.9838250041024624
"""CNR8975773""","""CID6183782""",0,0,0.10309286006093711
"""CNR4614799""","""CID7335840""",1,1,0.6135844551260462
"""CNR7081892""","""CID3340304""",0,0,0.096439954051593
"""CNR4498127""","""CID6216156""",0,1,0.567779640001373
"""CNR5860801""","""CID3724179""",1,1,0.6821087940980991
"""CNR9703034""","""CID8836036""",1,1,0.9245584562267607
"""CNR1654534""","""CID4669995""",1,1,0.6897562688584081
"""CNR1141266""","""CID4918775""",1,1,0.9548500339272614
"""CNR1642437""","""CID5530321""",0,0,0.07628155417116896
"""CNR5610714""","""CID4184898""",1,1,0.9250456483504546
"""CNR3203332""","""CID9816516""",1,1,0.9297461865037003
"""CNR1322167""","""CID6440014""",1,1,0.9559111626292937
"""CNR1578112""","""CID7097023""",0,0,0.08788477333319794
"""CNR6568350""","""CID3081469""",1,1,0.9354218168249243
"""CNR1366331""","""CID6901078""",0,0,0.07850548668260279
"""CNR2765976""","""CID1842831""",1,1,0.628372928837958
"""CNR7916806""","""CID5429569""",0,0,0.08360505027357379
"""CNR9440304""","""CID1230435""",1,1,0.9709217357178727
"""CNR1414932""","""CID4450559""",1,1,0.7189633708164161
"""CNR6562999""","""CID4832304""",1,1,0.9090261118580293
"""CNR8010407""","""CID9945684""",1,1,0.6794936261480067
"""CNR5379831""","""CID1110503""",0,0,0.09213439463405945
"""CNR8079815""","""CID1509243""",1,1,0.7062555733776343
"""CNR3078694""","""CID6935232""",0,0,0.20726408505065375
"""CNR2417290""","""CID2888008""",1,1,0.9344134506919367
"""CNR6121737""","""CID1677484""",1,1,0.5562890378791999
"""CNR3822516""","""CID5144876""",0,0,0.08676898483685376
"""CNR3815702""","""CID4468274""",1,1,0.6451687587395136
"""CNR8609419""","""CID4524146""",1,1,0.577887475805809
"""CNR5882165""","""CID8327871""",0,0,0.07477224153227924
"""CNR6479019""","""CID6387593""",0,0,0.10481171969913708
"""CNR7951455""","""CID2640257""",0,0,0.07601422576485536
"""CNR9765719""","""CID1385459""",1,1,0.922387645668832
"""CNR4697811""","""CID4573278""",0,0,0.22749868435622395
"""CNR7446709""","""CID9643131""",1,1,0.5764590951839708
"""CNR4894932""","""CID7550284""",1,1,0.709605753489398
"""CNR2558006""","""CID5480047""",1,1,0.6794471916655093
"""CNR3979557""","""CID1698296""",1,1,0.9615679271656142
"""CNR4100284""","""CID3900326""",1,1,0.9555152996857406
"""CNR8997071""","""CID2742298""",1,1,0.7078043574057457
"""CNR4044730""","""CID5018702""",1,1,0.677277831620371
"""CNR6756851""","""CID1602261""",1,1,0.9655575232358232
"""CNR6804901""","""CID6456324""",1,1,0.9938704530226838
"""CNR8810979""","""CID9762211""",0,0,0.1276523890528612
"""CNR7999735""","""CID5178867""",1,1,0.9552515457807317
"""CNR4839885""","""CID7148639""",0,0,0.08797278063521619
"""CNR2309406""","""CID3288051""",1,1,0.9313871502856679
"""CNR3551090""","""CID4444824""",0,1,0.5875920397704888
"""CNR4082383""","""CID4615293""",0,0,0.22379579230749239
"""CNR8141082""","""CID7541591""",1,1,0.9552379614835068
"""CNR2267390""","""CID8471038""",0,0,0.07934069623838912
"""CNR7175279""","""CID5880660""",0,0,0.09571906608524171
"""CNR5850203""","""CID2040535""",1,1,0.9491269762643725
"""CNR3812284""","""CID9926738""",0,0,0.061305100816114476
"""CNR8740449""","""CID9968574""",1,1,0.9359510983809309
"""CNR6753954""","""CID8246029""",1,1,0.9467966701348391
"""CNR2075147""","""CID4481397""",0,1,0.7481705437342018
"""CNR1606963""","""CID8638917""",0,0,0.09371743951964423
"""CNR2282709""","""CID5075480""",1,1,0.9273136824422458
"""CNR6061095""","""CID1547643""",0,1,0.7466995661835262
"""CNR1016683""","""CID8735688""",0,0,0.07564081318199695
"""CNR6638764""","""CID9343539""",0,0,0.49103552098957226
"""CNR4305522""","""CID1369549""",0,0,0.10125838569665126
"""CNR9356298""","""CID5524254""",1,1,0.9275179281676021
"""CNR1640934""","""CID6709797""",0,0,0.08490103607366434
"""CNR9595339""","""CID6363407""",0,0,0.10217351373693977
"""CNR4242763""","""CID8552693""",0,0,0.22088719903572152
"""CNR7682118""","""CID8062268""",1,1,0.890949525980094
"""CNR7770337""","""CID6163398""",1,1,0.9346157838254802
"""CNR2746471""","""CID5156696""",1,1,0.5938061656542288
"""CNR7791416""","""CID7967264""",1,1,0.9286208806508451
"""CNR3529058""","""CID8429486""",0,0,0.13347759187449149
"""CNR8759352""","""CID3111579""",0,0,0.07882542851064954
"""CNR9448520""","""CID3626549""",1,1,0.8144172550537664
"""CNR8034942""","""CID7616780""",1,1,0.5655916511154365
"""CNR6147931""","""CID3219478""",1,1,0.9338077279505236
"""CNR4707253""","""CID5317264""",1,1,0.7216406405997677
"""CNR1159398""","""CID5703732""",0,0,0.09336767382274845
"""CNR7457748""","""CID7803935""",0,0,0.06890088435743486
"""CNR9943131""","""CID1477019""",1,1,0.989411741443236
"""CNR7673420""","""CID3337393""",1,1,0.9224529514401612
"""CNR1145768""","""CID7527295""",1,1,0.9616724468846322
"""CNR1926213""","""CID8623304""",1,1,0.6715079483317578
"""CNR4493121""","""CID9149745""",1,1,0.710515445530766
"""CNR3914738""","""CID2983405""",0,0,0.11438057106306188
"""CNR4516809""","""CID1314360""",0,0,0.08684257047651245
"""CNR4209524""","""CID4762832""",1,1,0.5711510783453895
"""CNR6765298""","""CID7180466""",1,1,0.9330108133079006
"""CNR5304573""","""CID5210948""",1,1,0.9864375698917683
"""CNR2640110""","""CID4259782""",1,1,0.7763211986361082
"""CNR7272644""","""CID4577963""",1,1,0.5718162527872609
"""CNR1194216""","""CID9560596""",0,0,0.0874105348901479
"""CNR5492283""","""CID4716394""",0,0,0.08417029459984467
"""CNR4220016""","""CID5685767""",1,1,0.723744476148292
"""CNR1626063""","""CID1113680""",1,1,0.9872912616432509
"""CNR4686591""","""CID1466134""",1,1,0.9867654349893275
"""CNR9008623""","""CID6836297""",0,0,0.07193990317885914
"""CNR3598036""","""CID2014842""",1,1,0.5888672001433299
"""CNR4031888""","""CID9592142""",1,1,0.944602889251338
"""CNR6598077""","""CID6258739""",1,1,0.9853946469916015
"""CNR6531672""","""CID9950120""",0,0,0.0728721833195479
"""CNR3480715""","""CID6752614""",1,1,0.7160905140731958
"""CNR4184161""","""CID5126250""",1,1,0.8284292202249617
"""CNR3975303""","""CID8815179""",1,1,0.9868622042089041
"""CNR7802455""","""CID1578300""",1,1,0.9520437866865152
"""CNR2741587""","""CID8656962""",1,1,0.6788281050123524
"""CNR1884447""","""CID3794502""",1,1,0.9738177209790263
"""CNR7903890""","""CID8005473""",1,1,0.9292233674694332
"""CNR2452038""","""CID7493400""",1,1,0.9862184285105879
"""CNR3114648""","""CID6130646""",0,0,0.06886512671351909
"""CNR2437022""","""CID3653480""",1,1,0.6676471114816882
"""CNR5292218""","""CID8653712""",1,1,0.7866523744734362
"""CNR1989788""","""CID5765058""",1,1,0.6837139062454406
"""CNR8754089""","""CID9945940""",1,1,0.8357725422925206
"""CNR2319824""","""CID7873059""",0,0,0.23814322176992164
"""CNR2646416""","""CID7748585""",1,1,0.921180291453049
"""CNR4521988""","""CID6412208""",0,0,0.06462513710215614
"""CNR5504285""","""CID2008003""",1,1,0.6257930777638334
"""CNR9713140""","""CID8884412""",0,0,0.08831846013352199
"""CNR7451951""","""CID9860229""",1,1,0.9381674800602767
"""CNR8397296""","""CID7151334""",1,1,0.9289216861629367
"""CNR1952857""","""CID2376971""",1,1,0.7583660585985545
"""CNR5735922""","""CID1582897""",0,0,0.09249083305333394
"""CNR6159737""","""CID4591619""",1,1,0.9841625633926431
"""CNR7228014""","""CID3515824""",0,0,0.07763294754574011
"""CNR5398573""","""CID9911689""",1,1,0.967929645643623
"""CNR6493096""","""CID5194384""",0,1,0.6091578796937092
"""CNR5980430""","""CID1287730""",0,0,0.06286797837293029
"""CNR5869033""","""CID8116419""",0,0,0.1597839053881828
"""CNR2535221""","""CID9502380""",0,0,0.19046431188672103
"""CNR4351672""","""CID2530371""",0,0,0.08024335036809307
"""CNR6183851""","""CID2634621""",1,1,0.717897940825852
"""CNR2115741""","""CID2220861""",1,1,0.9259642356788285
"""CNR5644910""","""CID1179826""",1,1,0.9313272329071223
"""CNR4393178""","""CID6481549""",0,0,0.12926972253006627
"""CNR5031133""","""CID3596896""",0,1,0.7244301290118793
"""CNR9960937""","""CID6722408""",0,0,0.06950548440447686
"""CNR8632104""","""CID5435991""",1,1,0.9736199528789964
"""CNR7463348""","""CID5427234""",0,0,0.1289737066543461
"""CNR8531545""","""CID2613275""",1,1,0.6581913786670808
"""CNR5158778""","""CID5696290""",1,1,0.7314248216010805
"""CNR9008481""","""CID5872345""",0,0,0.07937006412161716
"""CNR3696620""","""CID2888587""",0,0,0.09281555723147229
"""CNR7079702""","""CID6980849""",0,0,0.13140699121969052
"""CNR7221685""","""CID5608871""",0,0,0.07955103487818296
"""CNR9876592""","""CID6862444""",1,1,0.6308745926544641
"""CNR3115151""","""CID8107369""",1,1,0.9892045574254498
"""CNR3722591""","""CID4423428""",0,0,0.052912535519768975
"""CNR7514598""","""CID2045279""",0,0,0.14118955524422616
"""CNR8921454""","""CID4808165""",1,1,0.5599787787600875
"""CNR5192122""","""CID9784186""",1,0,0.14098496128111812
"""CNR4816035""","""CID3032849""",1,1,0.6437984022266877
"""CNR2589176""","""CID2055912""",0,0,0.08095117662343862
"""CNR1247304""","""CID5227485""",0,0,0.07307584193238614
"""CNR4509195""","""CID6656608""",0,0,0.0843471843463555
"""CNR7278237""","""CID3162587""",1,1,0.74134448655175
"""CNR7084021""","""CID3099152""",0,0,0.07191319033804716
"""CNR1237691""","""CID1434484""",1,1,0.681550868608173
"""CNR3667608""","""CID4104470""",1,1,0.6949919196646553
"""CNR2844470""","""CID5149067""",1,1,0.9871799706110302
"""CNR5154763""","""CID1716072""",1,1,0.9294290555847935
"""CNR3034525""","""CID8833053""",0,0,0.07760568950191483
"""CNR2610006""","""CID8870180""",0,0,0.08851091110122607
"""CNR5956884""","""CID8240111""",0,1,0.7493968833014347
"""CNR3401976""","""CID5579195""",0,0,0.06103101783662768
"""CNR4697237""","""CID2865487""",1,1,0.7157969004851898
"""CNR9631669""","""CID3023398""",0,0,0.08347688330518548
"""CNR6161011""","""CID6697905""",1,1,0.576119194447361
"""CNR1013094""","""CID5473228""",1,1,0.9430993358880003
"""CNR9647849""","""CID8933000""",0,0,0.06839331472127821
"""CNR1336979""","""CID8142471""",0,1,0.5752591557391062
"""CNR7246641""","""CID5104611""",0,0,0.13875272348015882
"""CNR6082733""","""CID1479525""",1,1,0.6244082441198536
"""CNR5036724""","""CID2166414""",1,1,0.9335257288777393
"""CNR2552635""","""CID6713034""",1,1,0.9315945380039562
"""CNR9897408""","""CID3590655""",0,0,0.07252514161818313
"""CNR5245660""","""CID8327624""",0,1,0.6895702109407744
"""CNR8641475""","""CID1187862""",0,0,0.08562928730833172
"""CNR4574100""","""CID7479224""",0,0,0.1218033339793661
"""CNR5400626""","""CID2247873""",0,0,0.08275294277307525
"""CNR8336823""","""CID3846116""",1,1,0.7422207969975784
"""CNR7996684""","""CID1206755""",1,1,0.9227292124083624
"""CNR6452514""","""CID9008535""",1,1,0.6621070024865561
"""CNR5770412""","""CID3531449""",1,1,0.9706097676642762
"""CNR2594091""","""CID9565332""",1,1,0.6306238211396935
"""CNR5994550""","""CID2541039""",0,0,0.19400418705257447
"""CNR2772320""","""CID7421857""",1,1,0.564805472989396
"""CNR7838679""","""CID9148247""",0,0,0.08489709079855562
"""CNR3663712""","""CID9744584""",1,1,0.7712946792569371
"""CNR7947898""","""CID8036965""",1,1,0.5791833950932764
"""CNR7091872""","""CID8452875""",0,1,0.5685633656867011
"""CNR3512575""","""CID6100354""",1,1,0.9805623075548895
"""CNR6206451""","""CID7805598""",0,0,0.08610057189401789
"""CNR5838512""","""CID3352557""",0,0,0.11554391833285742
"""CNR4373541""","""CID6471016""",0,0,0.0662586868288675
"""CNR8415233""","""CID8697417""",1,1,0.9486504662168251
"""CNR7625435""","""CID9271477""",0,0,0.10122493826161638
"""CNR6051450""","""CID2310226""",0,0,0.09653660057312743
"""CNR1875775""","""CID1976792""",1,1,0.9196282809486785
"""CNR2107209""","""CID1463863""",0,1,0.7466742841158974
"""CNR3368823""","""CID7169681""",1,1,0.9250328838438648
"""CNR8962797""","""CID2627738""",0,0,0.08673900176449198
"""CNR5825962""","""CID7558743""",0,0,0.1115046527466144
"""CNR7015554""","""CID7537439""",1,1,0.8844708407319456
"""CNR4588816""","""CID8619943""",0,0,0.09285775774848445
"""CNR6278331""","""CID3597832""",1,1,0.9874911883591214
"""CNR2582070""","""CID1304516""",1,1,0.9821498584287427
"""CNR5495139""","""CID5966755""",0,0,0.0815307403086977
"""CNR7598077""","""CID4001511""",0,1,0.6223122402944299
"""CNR4953389""","""CID2567314""",0,0,0.07398577751027141
"""CNR7160860""","""CID8703674""",0,0,0.21246478440962438
"""CNR9240245""","""CID1719935""",0,0,0.11389470326968405
"""CNR2103798""","""CID2117700""",1,1,0.7668715254006601
"""CNR5429666""","""CID3056363""",0,0,0.07842882932720635
"""CNR9662935""","""CID3130558""",0,0,0.08444454246660206
"""CNR8580367""","""CID8844265""",1,1,0.9281344248505577
"""CNR6486178""","""CID7655215""",1,1,0.9585703403830664
"""CNR2462270""","""CID4507189""",0,0,0.08872249943298742
"""CNR3453216""","""CID1544213""",1,1,0.9687583353638726
"""CNR3753593""","""CID1228243""",1,1,0.7314941992953586
"""CNR2618953""","""CID8891537""",1,1,0.5715945384713811
"""CNR7704399""","""CID7882916""",1,1,0.5897809014703653
"""CNR4216875""","""CID8941524""",1,1,0.7883881615146532
"""CNR4857393""","""CID2649637""",1,1,0.9597725992508214
"""CNR9006309""","""CID1530119""",0,0,0.0839362837776153
"""CNR5520326""","""CID4341725""",0,0,0.23392271555790486
"""CNR5827328""","""CID4887013""",1,1,0.9611537327321948
"""CNR1811088""","""CID2603514""",0,0,0.12977243366050475
"""CNR5234323""","""CID4749389""",0,0,0.08054578578780902
"""CNR8103858""","""CID4375848""",0,0,0.07986093713973673
"""CNR1678090""","""CID3194023""",1,1,0.9747245861020232
"""CNR1475460""","""CID7827694""",1,1,0.9333336002217042
"""CNR7665959""","""CID2437807""",1,1,0.6450894543428175
"""CNR5857467""","""CID3717060""",1,1,0.9354551136763147
"""CNR8417695""","""CID8402312""",1,1,0.9273623038180684
"""CNR1697762""","""CID3221291""",1,1,0.931520524176013
"""CNR8607494""","""CID4945679""",0,0,0.07327711691458359
"""CNR9491465""","""CID4031273""",1,1,0.9525307200212519
"""CNR9340535""","""CID1983618""",1,1,0.9861351497123727
"""CNR5098612""","""CID9580662""",0,0,0.13984520877433076
"""CNR6259323""","""CID7259824""",0,0,0.07921632045546624
"""CNR8396503""","""CID9684562""",0,0,0.09144185886955644
"""CNR9341963""","""CID7763010""",0,0,0.09814675104214537
"""CNR2228484""","""CID8816265""",0,1,0.7349033209550914
"""CNR8473472""","""CID6462804""",1,1,0.7830125184580805
"""CNR2147941""","""CID3057072""",1,1,0.6164189223198743
"""CNR4711358""","""CID8751264""",1,1,0.9558149007011106
"""CNR9880926""","""CID6504310""",1,1,0.9369652960191889
"""CNR9303834""","""CID1077104""",1,1,0.7274987512870624
"""CNR1844420""","""CID3434145""",1,1,0.6972291555785742
"""CNR5402323""","""CID3051329""",1,1,0.9188518911273355
"""CNR5559052""","""CID3948195""",1,1,0.6842908696563068
"""CNR8688672""","""CID6327303""",0,0,0.08120758991682052
"""CNR6267035""","""CID4170896""",1,1,0.6158558130315901
"""CNR2359229""","""CID3108036""",1,1,0.9840429931651383
"""CNR2812008""","""CID9330201""",0,0,0.11866070557689956
"""CNR7994626""","""CID1131978""",1,1,0.6077269701430354
"""CNR1198691""","""CID6331098""",0,0,0.11974406926335218
"""CNR3051132""","""CID5715050""",0,1,0.6834851096790522
"""CNR1118073""","""CID5515115""",0,0,0.07972621478900921
"""CNR9489226""","""CID5489222""",1,1,0.7054262942009926
"""CNR2351248""","""CID8675257""",1,1,0.6349318750364716
"""CNR8078038""","""CID1755528""",0,1,0.7613315029847824
"""CNR9135001""","""CID4848943""",0,0,0.15214304006329224
"""CNR3542752""","""CID9442871""",1,1,0.6261831483368708
"""CNR4244489""","""CID8647371""",1,1,0.8368643460380841
"""CNR1732801""","""CID3276446""",1,1,0.7192111553983118
"""CNR3615048""","""CID2731079""",1,1,0.5768306448375463
"""CNR2811704""","""CID9376179""",0,0,0.12698345105503353
"""CNR7355242""","""CID3170876""",0,0,0.20657683333353372
"""CNR5744814""","""CID1195191""",1,1,0.9886087398687228
"""CNR3629479""","""CID4134906""",0,0,0.08915869010429635
"""CNR5822251""","""CID9970616""",1,1,0.9761651750246614
"""CNR6622561""","""CID1254228""",0,0,0.09473662569163938
"""CNR3525908""","""CID8489482""",1,1,0.948711373914429
"""CNR9750586""","""CID9601088""",0,0,0.08707756045902289
"""CNR9746411""","""CID7973231""",1,1,0.98308871423231
"""CNR3177713""","""CID5819305""",0,0,0.08539944731207981
"""CNR9659573""","""CID5693609""",0,0,0.09675959101101095
"""CNR6267329""","""CID6918819""",1,1,0.5691186798130393
"""CNR8248702""","""CID3175855""",1,1,0.9659738430066822
"""CNR5058381""","""CID4204581""",0,0,0.13091982228948068
"""CNR3356386""","""CID5427029""",0,0,0.09054148612722232
"""CNR1847168""","""CID2779796""",1,1,0.8972224029924496
"""CNR2444441""","""CID5937650""",1,1,0.9210602091218281
"""CNR5139345""","""CID5016328""",1,1,0.7310142110232934
"""CNR2038785""","""CID6791321""",0,0,0.07847466095242879
"""CNR9766577""","""CID7835425""",0,0,0.0654266028939418
"""CNR9647965""","""CID1997048""",0,0,0.06491459474236246
"""CNR2496587""","""CID2800746""",0,0,0.07831275130980513
"""CNR9614063""","""CID1969535""",1,1,0.973242515921153
"""CNR8801860""","""CID9886277""",1,1,0.9553089697624961
"""CNR4220356""","""CID3834390""",0,1,0.6243314598653188
"""CNR3799773""","""CID9529367""",1,1,0.953144956269745
"""CNR1253406""","""CID6710421""",1,1,0.6160894040736028
"""CNR7377211""","""CID3550397""",1,1,0.7489459522865187
"""CNR3802977""","""CID4372203""",1,1,0.9367563545412572
"""CNR8881221""","""CID8005851""",0,0,0.08732021058670504
"""CNR8678551""","""CID5455898""",1,1,0.690044399277999
"""CNR7886841""","""CID1576449""",1,1,0.9352363757813843
"""CNR9789371""","""CID9576496""",0,0,0.14317402609522015
"""CNR7419709""","""CID9155907""",0,0,0.0898239023816763
"""CNR4604096""","""CID8058331""",1,1,0.9773029698310242
"""CNR6943614""","""CID4670374""",0,0,0.099489312664037
"""CNR1004254""","""CID9985953""",1,1,0.6822986796903221
"""CNR2271887""","""CID5971190""",0,0,0.13453003211220851
"""CNR8748062""","""CID4117763""",1,1,0.9242627461051435
"""CNR6473037""","""CID8471282""",1,1,0.9590431967393397
"""CNR4096560""","""CID2286180""",1,1,0.9340940653177605
"""CNR6179684""","""CID3254921""",1,1,0.7406713955552229
"""CNR5633987""","""CID1122605""",1,1,0.6032953738280462
"""CNR3102204""","""CID8735158""",1,1,0.987630444729251
"""CNR7534043""","""CID1010414""",1,1,0.9763635187393878
"""CNR2913477""","""CID8949021""",1,1,0.9765646321099835
"""CNR6107742""","""CID6124794""",0,1,0.6026486614777136
"""CNR7709326""","""CID2186864""",1,1,0.6777367844380151
"""CNR7163375""","""CID4633207""",1,1,0.9806160399134478
"""CNR6474005""","""CID1434158""",1,1,0.7231456023952233
"""CNR3368740""","""CID9316189""",0,1,0.7077715299530982
"""CNR2921942""","""CID3765120""",1,1,0.9081394205749458
"""CNR4012240""","""CID6343428""",1,1,0.9241918420334034
"""CNR7495737""","""CID3587353""",1,1,0.9445816450794017
"""CNR8181884""","""CID2600775""",1,1,0.93578479269164
"""CNR2881366""","""CID8639482""",1,1,0.6239730872374072
"""CNR9328325""","""CID3396324""",0,1,0.5494709500142744
"""CNR3188026""","""CID9149724""",0,1,0.5988754499996211
"""CNR1016919""","""CID6686853""",1,1,0.6962869246707043
"""CNR4693279""","""CID9370671""",1,1,0.7207112061909712
"""CNR5781401""","""CID2897486""",1,1,0.9856969727473707
"""CNR3207551""","""CID4411107""",0,0,0.23747023349212096
"""CNR5573090""","""CID6480585""",1,1,0.9730208362961938
"""CNR3122214""","""CID1910759""",1,1,0.9870224584822127
"""CNR1698398""","""CID1518380""",1,1,0.9718190896366489
"""CNR8766651""","""CID1614966""",0,0,0.12880652007381524
"""CNR8572703""","""CID5233342""",1,1,0.6112363259441475
"""CNR3645719""","""CID4131259""",0,0,0.16570328157635733
"""CNR8767816""","""CID5341991""",0,0,0.08520701269531672
"""CNR4415305""","""CID6930104""",1,1,0.9697519363987239
"""CNR5503938""","""CID7288622""",1,1,0.9896945529724477
"""CNR3079212""","""CID2104330""",1,0,0.33416857685734885
"""CNR1564831""","""CID3108648""",1,1,0.5678827916672197
"""CNR3072614""","""CID9656680""",0,0,0.0896075554209634
"""CNR9650345""","""CID8194144""",1,1,0.9814365920922169
"""CNR4575289""","""CID8203744""",0,0,0.0863463327280616
"""CNR1998704""","""CID2901988""",0,0,0.24572974903262496
"""CNR7764247""","""CID3090934""",1,1,0.7197482638733964
"""CNR5701075""","""CID5794102""",1,1,0.9633378685566
"""CNR8326661""","""CID3139856""",1,1,0.8981274467133246
"""CNR8785629""","""CID7842292""",1,1,0.9632788889204386
"""CNR2570249""","""CID9660245""",1,1,0.932414084824264
"""CNR3695603""","""CID5893021""",0,0,0.16332762650305224
"""CNR1544116""","""CID4247804""",1,1,0.9356147234475555
"""CNR8664159""","""CID2925897""",1,1,0.7858127851589961
"""CNR9491445""","""CID6797804""",1,1,0.9792327949628937
"""CNR8024555""","""CID2913138""",1,1,0.6914897776427507
"""CNR8389634""","""CID7981838""",0,0,0.07766257238714665
"""CNR1225241""","""CID4560652""",1,1,0.673308594618626
"""CNR9456340""","""CID9154925""",1,1,0.9861910904622398
"""CNR5689126""","""CID8047618""",0,0,0.08723553636553041
"""CNR4598046""","""CID8357763""",1,1,0.6334360273499593
"""CNR3486735""","""CID5788291""",0,1,0.5840830134288157
"""CNR8664231""","""CID8428727""",0,1,0.59174945258266
"""CNR5715694""","""CID7103096""",0,0,0.07458813172424353
"""CNR4941495""","""CID4900868""",1,1,0.8182090139308005
"""CNR8244291""","""CID6033737""",1,1,0.9705119003602677
"""CNR1059068""","""CID7096347""",1,1,0.6852060650377021
"""CNR8168736""","""CID9487878""",0,0,0.0678355150614057
"""CNR1665619""","""CID1064416""",1,1,0.7252391495959444
"""CNR4207799""","""CID4802894""",1,1,0.7037481730680332
"""CNR8267827""","""CID3990880""",1,1,0.9871779771543657
"""CNR2330579""","""CID4352473""",1,1,0.9275903943548329
"""CNR1318061""","""CID2275557""",1,1,0.5715950217343019
"""CNR2904750""","""CID3755310""",1,1,0.9296276958560495
"""CNR2225265""","""CID7888439""",0,0,0.13961252452402217
"""CNR5382117""","""CID1586392""",1,1,0.6835551948105153
"""CNR3276075""","""CID1698213""",1,1,0.7186095392526248
"""CNR6903664""","""CID8712036""",0,0,0.0768467844138859
"""CNR4400408""","""CID1093816""",1,1,0.9747958741951395
"""CNR9789609""","""CID2744661""",1,1,0.9807457756701559
"""CNR3330648""","""CID2483386""",0,0,0.058303392622422394
"""CNR3958282""","""CID6042062""",1,1,0.9352023920377348
"""CNR5005109""","""CID2189973""",1,1,0.7108571466340581
"""CNR5349754""","""CID6982243""",0,0,0.11174326697517792
"""CNR7625941""","""CID2895190""",1,1,0.6196479921068554
"""CNR7260730""","""CID1239457""",1,1,0.5852621026726648
"""CNR6793566""","""CID8874461""",1,1,0.5978762987152726
"""CNR7062346""","""CID6809707""",0,0,0.08071523505234318
"""CNR3749768""","""CID4386311""",0,0,0.08902653766084961
"""CNR4482087""","""CID4488965""",0,0,0.23435665326052846
"""CNR6865607""","""CID5429366""",0,0,0.07218771562155787
"""CNR5722086""","""CID9228074""",1,1,0.55076841984129
"""CNR6227978""","""CID1844298""",1,1,0.5595056066927937
"""CNR7431692""","""CID3965341""",1,1,0.734998501506843
"""CNR6553200""","""CID8096920""",1,1,0.9879963563292127
"""CNR5094375""","""CID8790265""",0,0,0.0830085964359917
"""CNR2807268""","""CID3022687""",0,0,0.11477353229182823
"""CNR8248670""","""CID3812961""",0,0,0.06914535488833413
"""CNR2576462""","""CID7377705""",1,1,0.9065792726434472
"""CNR7050474""","""CID8392046""",0,0,0.07615083830475923
"""CNR9201977""","""CID3174454""",1,1,0.6074780074870338
"""CNR9420985""","""CID2450382""",1,1,0.9422719951070191
"""CNR4712255""","""CID8273105""",0,0,0.07662391430719838
"""CNR1861502""","""CID8517295""",1,1,0.9381445451729135
"""CNR4266016""","""CID1832038""",0,0,0.07918327064872269
"""CNR6102255""","""CID8345760""",1,1,0.9364777256830519
"""CNR9549696""","""CID7053993""",1,0,0.44414567176010583
"""CNR9255774""","""CID9835217""",1,1,0.9563980130366186
"""CNR4888531""","""CID8405018""",1,1,0.7027585971031906
"""CNR9840526""","""CID3576558""",1,1,0.6977832126290835
"""CNR6475767""","""CID8417816""",1,1,0.7534608459417906
"""CNR4394425""","""CID4215750""",1,1,0.6692856327070449
"""CNR3720339""","""CID1237705""",1,1,0.727037874178284
"""CNR4040966""","""CID1458488""",0,0,0.06515945738692387
"""CNR3591179""","""CID4523642""",1,1,0.9311538245662392
"""CNR5192563""","""CID6842826""",0,0,0.0909826271852395
"""CNR4670189""","""CID5422834""",1,1,0.8330321237452003
"""CNR7804638""","""CID8507940""",1,1,0.7248434264475598
"""CNR9979074""","""CID5677216""",1,1,0.9274128065437706
"""CNR9716586""","""CID7588528""",1,1,0.9227458047395976
"""CNR1191183""","""CID3802438""",1,1,0.8233826745191906
"""CNR4210681""","""CID2980742""",1,1,0.6188816455196774
"""CNR5792351""","""CID2782540""",0,0,0.08879220727374935
"""CNR2195130""","""CID8900982""",0,0,0.0857547865621242
"""CNR6019625""","""CID2765464""",0,0,0.13490119112951332
"""CNR1148837""","""CID1145463""",0,1,0.5774941534362134
"""CNR8869924""","""CID1010931""",0,0,0.0842177523339871
"""CNR8846749""","""CID4164790""",1,1,0.725343529878452
"""CNR5050730""","""CID9680238""",1,1,0.9771357449959781
"""CNR9769208""","""CID1787760""",1,1,0.9782007122775254
"""CNR6085097""","""CID8073954""",1,1,0.9513375370133671
"""CNR9691279""","""CID3088675""",1,1,0.9760141749439831
"""CNR9865427""","""CID4287144""",1,1,0.7398997170345031
"""CNR6256103""","""CID2516642""",1,1,0.9192280585464961
"""CNR4668556""","""CID8235820""",1,1,0.677994621443796
"""CNR4747010""","""CID5165307""",1,1,0.60361663616683
"""CNR7025261""","""CID2066687""",0,0,0.14331929088157846
"""CNR2490397""","""CID6155387""",0,0,0.15941169989681017
"""CNR6644083""","""CID4619619""",1,1,0.5909608019524594
"""CNR6511904""","""CID3060234""",1,1,0.5648162519794016
"""CNR7458616""","""CID3446159""",0,0,0.09147841696198841
"""CNR3344340""","""CID8263226""",1,1,0.9292174644983587
"""CNR1754805""","""CID8083148""",0,0,0.08223084297776971
"""CNR9791087""","""CID2518422""",1,1,0.9329437183020425
"""CNR6021725""","""CID1583411""",0,0,0.07144252320709746
"""CNR5326364""","""CID6066725""",1,1,0.7299353831069529
"""CNR1650902""","""CID5157525""",0,0,0.12715875242793512
"""CNR1758100""","""CID7007318""",1,1,0.7244372214976561
"""CNR4026850""","""CID2571637""",0,0,0.08152993216081643
"""CNR9504177""","""CID2317543""",1,1,0.9723839216773675
"""CNR6472751""","""CID6840254""",1,1,0.7855192212096138
"""CNR8596454""","""CID8938723""",1,1,0.6299070579279454
"""CNR1781620""","""CID8755782""",1,1,0.6484248191934237
"""CNR4797068""","""CID2860881""",1,1,0.6054729766553696
"""CNR7284516""","""CID3182350""",0,0,0.07258858362682567
"""CNR2372759""","""CID1568418""",0,0,0.0998401770159681
"""CNR1626553""","""CID5202575""",0,0,0.17768374223879882
"""CNR7427211""","""CID2621209""",0,0,0.08697019413240051
"""CNR8598892""","""CID3370304""",1,1,0.6244098730415802
"""CNR2361635""","""CID5021017""",1,1,0.7025628705459583
"""CNR6514344""","""CID1239885""",0,0,0.07385648567489107
"""CNR9250474""","""CID6770267""",0,1,0.6615132368602165
"""CNR8374590""","""CID7032647""",0,0,0.07842968021435688
"""CNR1725487""","""CID8460785""",1,1,0.9927568117495408
"""CNR1606734""","""CID7077160""",1,1,0.9368331417120578
"""CNR4044112""","""CID7233127""",1,1,0.9337309480334919
"""CNR3765116""","""CID9850736""",0,0,0.06834731856469597
"""CNR7503633""","""CID9127777""",0,0,0.08669385343257753
"""CNR6770414""","""CID8064014""",1,1,0.9828901614681391
"""CNR6410256""","""CID7230035""",1,1,0.6056820866389343
"""CNR9964728""","""CID1000930""",0,0,0.07909282980727832
"""CNR6700464""","""CID5014189""",0,0,0.08659041289619662
"""CNR4321681""","""CID9885150""",1,1,0.5985441504301303
"""CNR7061423""","""CID1729654""",1,1,0.5817046701673434
"""CNR8827326""","""CID3952100""",1,1,0.9345620753818359
"""CNR7841890""","""CID7603545""",0,0,0.08761933182061403
"""CNR5962875""","""CID1544574""",0,0,0.11637200477514313
"""CNR1379888""","""CID8187336""",1,1,0.9765656842767538
"""CNR9530890""","""CID5873120""",1,1,0.9861018981913184
"""CNR5487909""","""CID3665156""",1,1,0.9723018007048592
"""CNR9621817""","""CID3061802""",1,1,0.5738382067392563
"""CNR2725825""","""CID2068792""",0,0,0.07385298770914464
"""CNR2026199""","""CID2306554""",0,0,0.10773655577775985
"""CNR2973154""","""CID5691050""",1,1,0.9292670255505503
"""CNR1803595""","""CID8411019""",1,1,0.9412332909124533
"""CNR7635212""","""CID7690095""",0,0,0.15209604325905982
"""CNR9577969""","""CID5246721""",1,1,0.7303774827258083
"""CNR9953084""","""CID1030702""",0,1,0.6769050797616698
"""CNR3443561""","""CID2481460""",0,0,0.1343063371416233
"""CNR5362007""","""CID6983778""",1,1,0.9270943966811899
"""CNR5289575""","""CID7463588""",0,0,0.1229898257098877
"""CNR9358941""","""CID2977449""",1,1,0.9386315455279157
"""CNR8123431""","""CID9070846""",1,1,0.7369149827852997
"""CNR4216187""","""CID8507053""",1,1,0.9763383548632673
"""CNR7897770""","""CID8132522""",1,1,0.9835164591058896
"""CNR4254290""","""CID2230002""",1,1,0.8778840218823355
"""CNR5607233""","""CID9117062""",1,1,0.644059631247964
"""CNR6962355""","""CID6432947""",0,0,0.07268397466371705
"""CNR5138972""","""CID1642870""",1,1,0.5684308539263121
"""CNR2254972""","""CID3715974""",1,1,0.632984907869301
"""CNR2246101""","""CID4261411""",1,1,0.5647536773885196
"""CNR3144577""","""CID8187351""",1,1,0.5980306189761861
"""CNR7602894""","""CID7671463""",1,1,0.5777891954929911
"""CNR7137773""","""CID9374088""",0,0,0.15793097455547836
"""CNR7392542""","""CID3105014""",1,1,0.9264560124026896
"""CNR9585359""","""CID5184192""",1,1,0.9444741045201749
"""CNR5746922""","""CID1719629""",1,1,0.9122976621232016
"""CNR4329632""","""CID6697401""",1,1,0.6428826058749725
"""CNR1732874""","""CID7964705""",1,1,0.976329426516705
"""CNR9750168""","""CID7691557""",0,0,0.08026329099852231
"""CNR2238176""","""CID2982420""",0,0,0.06397130132674325
"""CNR4191942""","""CID7307156""",0,0,0.18985168052380388
"""CNR9117572""","""CID9211729""",1,1,0.9375310601717646
"""CNR9928900""","""CID8362758""",1,1,0.9429409107058817
"""CNR3530706""","""CID6620421""",0,1,0.6058792136631218
"""CNR9210919""","""CID6431540""",0,0,0.07540060888055056
"""CNR5821622""","""CID9493592""",1,1,0.9622862746489615
"""CNR1405660""","""CID6631130""",1,1,0.5736685191309597
"""CNR4445589""","""CID5143350""",1,1,0.9759663435901048
"""CNR9320006""","""CID4994813""",1,1,0.7002946374853791
"""CNR2188772""","""CID3237928""",1,1,0.659767514644218
"""CNR1016031""","""CID4963695""",1,1,0.6792049455344923
"""CNR7175026""","""CID3014844""",0,0,0.08357226988276449
"""CNR8823213""","""CID3292771""",0,0,0.0768100586637667
"""CNR7593147""","""CID7861487""",1,1,0.6957068184092101
"""CNR9456333""","""CID7826593""",1,1,0.7937266847842082
"""CNR1310151""","""CID3002619""",1,1,0.6938221309510815
"""CNR4349412""","""CID7849603""",1,1,0.5537686565182905
"""CNR4279882""","""CID4984446""",1,1,0.7072911514196537
"""CNR1772251""","""CID9776963""",1,1,0.9460399701046573
"""CNR4258411""","""CID2657289""",1,1,0.9749862729494729
"""CNR8598635""","""CID2128717""",1,1,0.5709724358604042
"""CNR7993570""","""CID5247185""",1,1,0.9227787244631537
"""CNR5527817""","""CID9123841""",0,0,0.06570710858282798
"""CNR2663220""","""CID9194240""",1,1,0.5627148701780169
"""CNR7298375""","""CID4936974""",0,0,0.0595916311022175
"""CNR8504440""","""CID3893027""",1,1,0.9290727161892702
"""CNR5782238""","""CID1897247""",1,1,0.9805309009553271
"""CNR8442345""","""CID5334907""",1,1,0.5827495663166022
"""CNR4753992""","""CID8674123""",0,0,0.09031076011647012
"""CNR3094772""","""CID7116678""",1,1,0.6065229118277263
"""CNR2519558""","""CID1732934""",1,1,0.9342985879466157
"""CNR2859518""","""CID2160750""",0,0,0.07998136525097893
"""CNR2028928""","""CID9581901""",1,1,0.9226584790981838
"""CNR8509922""","""CID4536955""",0,0,0.09282566753349387
"""CNR1231899""","""CID3385171""",1,1,0.9811970498260568
"""CNR8781148""","""CID2527227""",0,0,0.08116659608809347
"""CNR5033317""","""CID5098085""",1,1,0.6306999250235259
"""CNR2806076""","""CID6177235""",1,1,0.6309271420781475
"""CNR8256229""","""CID3496420""",1,1,0.9506171279221906
"""CNR2551260""","""CID9143423""",1,1,0.986133482962545
"""CNR3853414""","""CID4912987""",0,0,0.08237903219111704
"""CNR9681912""","""CID6090619""",0,0,0.07597300023201975
"""CNR7256270""","""CID6283090""",1,1,0.7007313285979178
"""CNR7994939""","""CID4770657""",0,0,0.07979232819138803
"""CNR3858897""","""CID7714614""",1,1,0.9693302783975042
"""CNR8984392""","""CID8366868""",1,1,0.7433562853859619
"""CNR4854099""","""CID6628693""",1,1,0.9357661226504064
"""CNR2740024""","""CID2398796""",1,1,0.9435635091479301
"""CNR9267956""","""CID3865036""",1,1,0.9251257983597111
"""CNR6033159""","""CID5028233""",1,1,0.9508985736536489
"""CNR8104033""","""CID2974128""",1,1,0.6113967304696845
"""CNR2902423""","""CID5131729""",0,0,0.09407785759906721
"""CNR4936120""","""CID3342233""",0,1,0.7022628352848069
"""CNR7047117""","""CID2107669""",0,0,0.1057983667658516
"""CNR8507527""","""CID3966827""",0,0,0.1478704263586886
"""CNR9527997""","""CID1661975""",1,1,0.657700682549034
"""CNR8579822""","""CID2749590""",0,0,0.23482335636704066
"""CNR1991158""","""CID5700070""",1,1,0.678831298518793
"""CNR2796429""","""CID9176154""",0,0,0.06535724877738862
"""CNR7430858""","""CID8984531""",0,0,0.0891030987500548
"""CNR2779158""","""CID6131200""",0,0,0.08727408872653374
"""CNR4859018""","""CID3776675""",1,1,0.6832070860079807
"""CNR5154013""","""CID1055552""",0,0,0.08755467565431055
"""CNR8722106""","""CID6029225""",1,1,0.576047564938682
"""CNR8509834""","""CID1513874""",0,0,0.09100853020031277
"""CNR3881811""","""CID3351784""",0,0,0.1890505888142104
"""CNR2512342""","""CID4886640""",1,1,0.6779328378975934
"""CNR1272367""","""CID4908922""",1,1,0.6887207349197414
"""CNR5368732""","""CID3195458""",0,0,0.0712225871882603
"""CNR5204540""","""CID6888920""",0,1,0.703915627800691
"""CNR3136086""","""CID3338683""",1,1,0.9356656419004833
"""CNR2203370""","""CID2869608""",0,1,0.6090582681761809
"""CNR8172345""","""CID7344028""",1,1,0.7211160312451619
"""CNR5080992""","""CID5657050""",1,1,0.9465784634909645
"""CNR7759377""","""CID1504741""",1,1,0.978607974475439
"""CNR8638243""","""CID2755470""",0,0,0.07124861078517715
"""CNR4923071""","""CID6001573""",0,0,0.10958220494017579
"""CNR2424738""","""CID9904806""",0,0,0.07755188969278999
"""CNR8603060""","""CID1521087""",1,1,0.9918382282017111
"""CNR4194199""","""CID2244688""",1,1,0.5186368489479835
"""CNR4858724""","""CID5375874""",1,1,0.7363625466638022
"""CNR7397931""","""CID9209948""",0,0,0.07418671410214167
"""CNR7633725""","""CID5776140""",1,1,0.693702969370329
"""CNR1163001""","""CID3467165""",1,1,0.705407714256215
"""CNR2188825""","""CID7943466""",1,1,0.9253523376846983
"""CNR2955280""","""CID5426385""",0,0,0.10207580497747387
"""CNR2052287""","""CID3597917""",1,1,0.6022664143003441
"""CNR8806463""","""CID3653318""",1,1,0.6899570622930623
"""CNR8328387""","""CID5312041""",1,1,0.9695007007369196
"""CNR7152215""","""CID8256001""",1,1,0.9776583518045618
"""CNR4997323""","""CID3448614""",1,1,0.9766146522388178
"""CNR3686235""","""CID9008666""",1,1,0.9250260575228837
"""CNR7150749""","""CID5702871""",1,1,0.7604913085121261
"""CNR5522941""","""CID9402964""",1,1,0.9776958751492545
"""CNR9699612""","""CID1964408""",0,0,0.08248646311865618
"""CNR5566087""","""CID8211857""",1,1,0.9598630957941272
"""CNR5792387""","""CID7157256""",0,0,0.08307902116619946
"""CNR6296174""","""CID7610892""",0,0,0.07513351505487531
"""CNR4598140""","""CID8834518""",0,0,0.08886146553811866
"""CNR3412751""","""CID4881836""",1,1,0.9906139311189665
"""CNR6825293""","""CID3911395""",0,0,0.084780185451092
"""CNR1528962""","""CID8125153""",1,1,0.9682058170203229
"""CNR5921887""","""CID5824787""",1,1,0.9613906336614114
"""CNR6026178""","""CID4845013""",0,0,0.08793375923184661
"""CNR8640515""","""CID6836641""",1,1,0.9773234174554932
"""CNR4324249""","""CID6677670""",1,1,0.980187261780688
"""CNR2289258""","""CID4599503""",1,1,0.932130818908581
"""CNR2574189""","""CID5947179""",0,0,0.07441684816106511
"""CNR2750930""","""CID1637241""",0,0,0.10046018824337559
"""CNR6807051""","""CID2912068""",0,0,0.0790663742476809
"""CNR9072449""","""CID4866087""",1,1,0.9790957583689122
"""CNR1645454""","""CID1877343""",0,0,0.08601288899642144
"""CNR4762040""","""CID2242792""",1,1,0.9258178112069986
"""CNR4322045""","""CID9816171""",0,1,0.5994554749486567
"""CNR8814303""","""CID9871297""",1,1,0.9869346078994404
"""CNR9202812""","""CID1045478""",1,1,0.696758175986369
"""CNR7451518""","""CID1753203""",0,0,0.08514106497625772
"""CNR3658676""","""CID3480046""",0,0,0.19430509386616743
"""CNR4795014""","""CID3874773""",1,1,0.9699518258415128
"""CNR6640473""","""CID2669162""",0,0,0.07454215737112117
"""CNR6668861""","""CID8733572""",0,0,0.08730966687484386
"""CNR6254811""","""CID7086670""",0,0,0.08417801099892541
"""CNR9109219""","""CID8965217""",1,1,0.9804059866328655
"""CNR5251361""","""CID7555545""",1,1,0.956536005479342
"""CNR7397277""","""CID6626119""",1,1,0.6925491573048556
"""CNR2253933""","""CID6105195""",1,1,0.6082151919546945
"""CNR4534533""","""CID9145775""",1,1,0.5667232120170554
"""CNR9450583""","""CID2830340""",1,1,0.9351368609426142
"""CNR3139153""","""CID3172854""",1,1,0.9681563341718963
"""CNR9147747""","""CID6489010""",1,1,0.600034862006051
"""CNR4685364""","""CID3894710""",1,1,0.9321208194050101
"""CNR1947822""","""CID3995638""",0,0,0.1627053279722936
"""CNR7276824""","""CID6429509""",1,1,0.9877966050599339
"""CNR9201614""","""CID7303787""",1,1,0.7814159565301515
"""CNR3061986""","""CID5632233""",0,0,0.09889742335887472
"""CNR8086321""","""CID9573511""",1,1,0.7443441237712122
"""CNR3531337""","""CID9242762""",0,1,0.5662472173125225
"""CNR5793053""","""CID2249340""",0,0,0.07933953385684439
"""CNR9823721""","""CID9825895""",1,1,0.977494898489641
"""CNR6278003""","""CID5633818""",0,0,0.07995775593847819
"""CNR6953355""","""CID6732481""",1,1,0.9636550620899652
"""CNR4002250""","""CID4468344""",1,1,0.9691726796976453
"""CNR6431409""","""CID8212490""",0,1,0.7117709183232647
"""CNR8346732""","""CID1732114""",0,0,0.06337146984346963
"""CNR5965281""","""CID9651210""",0,0,0.08826994027443166
"""CNR9031950""","""CID8810910""",0,0,0.10992212655377837
"""CNR2661577""","""CID2505456""",1,1,0.9287211412900273
"""CNR6930581""","""CID3595019""",0,0,0.07519804440131207
"""CNR3411140""","""CID9010957""",0,0,0.0805674267651378
"""CNR7368824""","""CID4615636""",1,0,0.1673604761492977
"""CNR4433836""","""CID7383208""",1,1,0.5693858476606654
"""CNR6963661""","""CID5604834""",0,1,0.6185789986146464
"""CNR9169014""","""CID2621028""",1,1,0.7055295271176828
"""CNR1783171""","""CID7874145""",1,1,0.972999019531346
"""CNR9141727""","""CID3525961""",1,1,0.968315661792625
"""CNR8370584""","""CID9284742""",1,1,0.7154949338776744
"""CNR1962245""","""CID6936596""",0,0,0.1295719174991527
"""CNR7313007""","""CID3163202""",1,1,0.9287620819785332
"""CNR9721338""","""CID1119415""",1,1,0.9734130681211792
"""CNR5231619""","""CID3430067""",1,1,0.582506769230278
"""CNR9806950""","""CID5294020""",0,0,0.06868503932677045
"""CNR3394079""","""CID8602243""",1,1,0.9682583180538542
"""CNR3808655""","""CID4972371""",0,1,0.5663025712925998
"""CNR1731179""","""CID5031922""",1,1,0.9730170353069307
"""CNR3789909""","""CID1648546""",0,0,0.1427810271911316
"""CNR5147902""","""CID2885204""",1,1,0.9791691425469393
"""CNR3127275""","""CID4260824""",0,1,0.5294808207754701
"""CNR1778726""","""CID1622673""",1,1,0.9552279663007124
"""CNR5395320""","""CID2356731""",0,0,0.07921367686297205
"""CNR6512002""","""CID5238210""",1,1,0.7197428313778776
"""CNR3410000""","""CID3366037""",0,0,0.09726376087905031
"""CNR6422015""","""CID6438537""",1,1,0.7152158494057277
"""CNR5918961""","""CID3635287""",1,1,0.9838285756388546
"""CNR4572338""","""CID1515881""",1,1,0.9651006332979379
"""CNR4795376""","""CID4316314""",1,1,0.7974515598817843
"""CNR9854877""","""CID6874692""",1,1,0.9325231187514672
"""CNR2532862""","""CID2066714""",0,0,0.08408359865202805
"""CNR1928754""","""CID9333481""",1,1,0.5886832635597598
"""CNR7808275""","""CID8807675""",1,1,0.5567257278344513
"""CNR4401337""","""CID3017338""",1,1,0.9876349148456381
"""CNR4898785""","""CID9715669""",0,1,0.5644470637519049
"""CNR6677808""","""CID3201134""",1,1,0.9630276256657126
"""CNR1701587""","""CID5222753""",0,0,0.07379669034756171
"""CNR7505951""","""CID6971211""",1,1,0.7590687534461431
"""CNR8475216""","""CID1838371""",1,1,0.9844007128407652
"""CNR4521958""","""CID4093564""",1,1,0.686910300644244
"""CNR3453115""","""CID9974418""",1,1,0.7074636188213328
"""CNR8787440""","""CID1963497""",0,1,0.6940815120522693
"""CNR4575096""","""CID1893991""",1,1,0.9255971826770193
"""CNR5971258""","""CID5171565""",1,1,0.9735727052335905
"""CNR5268244""","""CID6403892""",1,1,0.9758044359527037
"""CNR4702516""","""CID4055347""",1,1,0.9260611078398998
"""CNR7736234""","""CID3210945""",1,1,0.6837164284219078
"""CNR1360305""","""CID1553492""",1,1,0.9532849313165237
"""CNR6075598""","""CID9001569""",0,0,0.07470733608018396
"""CNR4863915""","""CID8590221""",1,1,0.8200833352474228
"""CNR6349739""","""CID1459288""",0,0,0.4202439180179866
"""CNR3383580""","""CID5849839""",1,1,0.9619688502935541
"""CNR1274567""","""CID2927952""",1,1,0.5640225037966947
"""CNR7553303""","""CID9469233""",0,1,0.6990329326181055
"""CNR1408216""","""CID5160075""",0,0,0.14767796866058147
"""CNR6524458""","""CID9721830""",1,1,0.9329219272804049
"""CNR1239015""","""CID6342040""",1,1,0.6733095717027101
"""CNR5679556""","""CID8828895""",0,0,0.08638562430886
"""CNR1200703""","""CID7205215""",1,1,0.935807118274567
"""CNR8580831""","""CID6625047""",1,1,0.9408283195839707
"""CNR4153082""","""CID1185414""",0,0,0.08441299730566293
"""CNR2095065""","""CID1720486""",0,1,0.6635017930642746
"""CNR6644336""","""CID7845340""",0,0,0.07382188322457185
"""CNR7356482""","""CID5718866""",1,1,0.9692178813110911
"""CNR5754460""","""CID4441298""",1,1,0.7360261696594951
"""CNR5510341""","""CID8935752""",1,1,0.802798132613297
"""CNR2532423""","""CID4854052""",0,0,0.1517589692361214
"""CNR4835117""","""CID4554911""",0,0,0.08285844498123555
"""CNR3270524""","""CID3138873""",0,0,0.08515063296716503
"""CNR7885014""","""CID3669760""",0,0,0.0936330368471853
"""CNR5807273""","""CID3519661""",1,1,0.9335940615642653
"""CNR7970512""","""CID8060653""",1,1,0.7365943771201585
"""CNR5418239""","""CID8355080""",1,1,0.9419944403766237
"""CNR8196200""","""CID8467705""",0,0,0.06543781427730679
"""CNR4125010""","""CID2533073""",1,1,0.9201765537028219
"""CNR7699502""","""CID4143774""",0,0,0.16413657909556714
"""CNR8383913""","""CID7254596""",0,0,0.4229673480469245
"""CNR5076316""","""CID2592039""",1,1,0.7490372614203542
"""CNR2159155""","""CID9884280""",0,0,0.08909744807222031
"""CNR1899821""","""CID4781466""",0,0,0.23168671450779135
"""CNR3703384""","""CID8780774""",0,0,0.10168955684461567
"""CNR8953978""","""CID6889614""",1,1,0.9785003151040352
"""CNR7573388""","""CID4262910""",1,1,0.9537089157994325
"""CNR1793097""","""CID1780537""",1,1,0.9892577866057127
"""CNR2824695""","""CID3928987""",1,1,0.9208311420827299
"""CNR6013516""","""CID5693326""",0,0,0.07328538598216541
"""CNR8644988""","""CID4872062""",1,1,0.7359042332322697
"""CNR9061150""","""CID8705272""",0,0,0.07454100263658159
"""CNR7740304""","""CID5079307""",0,1,0.7104033246884522
"""CNR5863611""","""CID6051875""",1,1,0.7002586874527423
"""CNR7968011""","""CID9188192""",0,1,0.5590064272707035
"""CNR6145204""","""CID9116360""",1,1,0.7140360812112788
"""CNR8100047""","""CID1261793""",1,1,0.7013056254065847
"""CNR9034226""","""CID2603172""",0,0,0.0769879587635716
"""CNR3997158""","""CID7025779""",0,0,0.06450470788080809
"""CNR1688516""","""CID7296559""",1,1,0.6575324543119412
"""CNR6625151""","""CID2729446""",1,1,0.5963419474756513
"""CNR8721372""","""CID6683288""",1,1,0.9874004678544333
"""CNR6617454""","""CID8245350""",1,1,0.9246038802446697
"""CNR2013747""","""CID5082702""",1,1,0.7096081297218648
"""CNR4931122""","""CID9579612""",0,0,0.08706494388741545
"""CNR4078676""","""CID1298344""",1,1,0.6210793527933423
"""CNR4478535""","""CID9963420""",1,1,0.9728925636279615
"""CNR2553606""","""CID5645601""",1,1,0.7109505749156645
"""CNR6030519""","""CID4843415""",1,1,0.9933314622421733
"""CNR4401211""","""CID5786792""",0,0,0.08350341187582741
"""CNR5842373""","""CID5635183""",1,1,0.7093346717483903
"""CNR9128469""","""CID1757049""",1,1,0.9305155791500588
"""CNR7662566""","""CID5880703""",0,0,0.12636660107163353
"""CNR2252529""","""CID4633215""",1,1,0.9268788505405864
"""CNR7222595""","""CID8432956""",1,1,0.6481690534898082
"""CNR6195240""","""CID7875536""",0,0,0.08647089213345348
"""CNR3597417""","""CID8955640""",0,0,0.0928171551289657
"""CNR9927823""","""CID2548329""",0,0,0.07726239345493431
"""CNR2006830""","""CID7017198""",1,1,0.6391194447692713
"""CNR4710027""","""CID8217887""",1,1,0.9764386111672188
"""CNR5638289""","""CID6552020""",1,1,0.9847134022311722
"""CNR2221175""","""CID4053710""",0,1,0.5294416884985151
"""CNR4965818""","""CID2466190""",0,0,0.07043118734550076
"""CNR9164437""","""CID9214569""",0,1,0.5600738344766548
"""CNR2173879""","""CID6780724""",0,0,0.08580904827528922
"""CNR2695120""","""CID1138093""",1,1,0.981378046507833
"""CNR2948563""","""CID6343965""",1,1,0.8983919271687717
"""CNR2447997""","""CID9139476""",1,1,0.6504339276728728
"""CNR4329537""","""CID2108697""",0,0,0.07226004386650046
"""CNR2282768""","""CID3940879""",0,0,0.12689141860685632
"""CNR7758465""","""CID8844616""",1,1,0.8540819597942938
"""CNR5589247""","""CID3586110""",0,1,0.734171557307067
"""CNR3879895""","""CID4887367""",1,1,0.9298865724290605
"""CNR1154678""","""CID2129148""",0,0,0.0893710005866965
"""CNR5895447""","""CID6421358""",1,1,0.9262950264825724
"""CNR7768922""","""CID2888492""",1,1,0.9228418862783097
"""CNR2053457""","""CID2376341""",0,1,0.5820086524578141
"""CNR8813402""","""CID8225991""",0,0,0.08631934990040363
"""CNR2612184""","""CID4405670""",1,1,0.9271113884045201
"""CNR7549484""","""CID2117461""",1,1,0.9753852533182906
"""CNR8330954""","""CID8663884""",1,1,0.9251651576040374
"""CNR4007885""","""CID7193023""",0,0,0.09091925019141761
"""CNR6924501""","""CID3350820""",1,1,0.9256815604698367
"""CNR9535295""","""CID4862334""",1,1,0.9228715263429297
"""CNR2307183""","""CID9517446""",1,1,0.7554727846056948
"""CNR4247356""","""CID2188119""",1,1,0.970783758134431
"""CNR6140176""","""CID8703498""",0,0,0.08337078059334403
"""CNR7852563""","""CID4205482""",0,0,0.09004158409229472
"""CNR5775922""","""CID9061163""",0,0,0.08405046254042157
"""CNR7135301""","""CID2223839""",1,1,0.9845253396220962
"""CNR8354348""","""CID8503986""",0,1,0.6457528651861333
"""CNR8474156""","""CID8120845""",1,1,0.967605639963121
"""CNR8668609""","""CID2100678""",0,0,0.08340236199480759
"""CNR6397514""","""CID7298214""",1,1,0.9858560109134906
"""CNR4662235""","""CID4770009""",0,0,0.0830228994641003
"""CNR9839754""","""CID7384467""",0,0,0.0737784986775969
"""CNR9989177""","""CID6436776""",1,1,0.9366641004754978
"""CNR5253515""","""CID4209301""",1,1,0.9321743698292683
"""CNR5771430""","""CID4201951""",1,1,0.6008981467790463
"""CNR2930214""","""CID9355510""",1,1,0.9261310730525192
"""CNR3246359""","""CID8677614""",0,0,0.0944223876583643
"""CNR5058500""","""CID9868507""",1,1,0.9894781219596602
"""CNR6463699""","""CID9507567""",0,1,0.6150232103590823
"""CNR9281016""","""CID3128546""",1,1,0.695913269280715
"""CNR1823260""","""CID3216527""",1,1,0.7391914829703249
"""CNR8933433""","""CID3023324""",0,0,0.06591220202123498
"""CNR8189932""","""CID7074755""",0,0,0.07518178832139168
"""CNR4285200""","""CID7669045""",1,1,0.5736465473122023
"""CNR1910779""","""CID5679785""",0,0,0.19130419120373732
"""CNR2924279""","""CID9621748""",1,1,0.960906450290888
"""CNR7043244""","""CID9617832""",0,1,0.7175312776948669
"""CNR7100547""","""CID8619008""",1,1,0.5945234789595168
"""CNR1543979""","""CID2723499""",1,1,0.7257573792244807
"""CNR6926036""","""CID2035113""",0,0,0.08719641220997643
"""CNR4744237""","""CID9325416""",1,1,0.9774842226811005
"""CNR8020973""","""CID9642647""",1,1,0.6033130696775224
"""CNR5904313""","""CID4362483""",1,1,0.9909316612315215
"""CNR6183961""","""CID8601442""",1,1,0.9748461889212026
"""CNR1439822""","""CID8010384""",1,1,0.9745335020619035
"""CNR1258722""","""CID4331540""",1,1,0.9324456279000454
"""CNR6729527""","""CID8511560""",1,1,0.9264442521486791
"""CNR3681531""","""CID8090958""",0,0,0.07844843929818601
"""CNR9053099""","""CID4792999""",0,1,0.6453143949218088
"""CNR3990973""","""CID1436539""",1,1,0.9621143777418998
"""CNR6680650""","""CID5050389""",1,1,0.7182481463923586
"""CNR7896115""","""CID8832918""",1,1,0.6797290593136488
"""CNR5721144""","""CID8837620""",1,1,0.7640072103231513
"""CNR1050770""","""CID5475961""",1,1,0.930519859360862
"""CNR1957889""","""CID4263815""",0,0,0.06536584490506782
"""CNR5398892""","""CID1646813""",0,0,0.12356970206032021
"""CNR7097727""","""CID5708898""",0,0,0.09445417630802097
"""CNR8470841""","""CID9377392""",1,1,0.7047379877334786
"""CNR3462029""","""CID7381437""",1,1,0.95751692151286
"""CNR3650103""","""CID9374462""",1,1,0.7255947635107571
"""CNR2588299""","""CID5770650""",1,1,0.557822772179289
"""CNR7416272""","""CID7253351""",1,1,0.9846156641715483
"""CNR3574683""","""CID6291107""",1,1,0.9183966535755557
"""CNR4772383""","""CID3204776""",1,1,0.7095949518669462
"""CNR8746369""","""CID4273424""",1,1,0.6014606150526887
"""CNR3331964""","""CID5874954""",0,0,0.07865334879766034
"""CNR9760819""","""CID6336289""",1,1,0.6990185500781084
"""CNR3627219""","""CID1505551""",0,0,0.1139861122113981
"""CNR2229122""","""CID9128472""",1,1,0.6417534042205977
"""CNR1513229""","""CID1811823""",1,1,0.7599815998323602
"""CNR5437698""","""CID5184174""",1,1,0.6827349456076115
"""CNR1171185""","""CID4424839""",1,1,0.9839968544705391
"""CNR1455852""","""CID3669937""",0,0,0.09141098890994757
"""CNR4372942""","""CID4685441""",0,0,0.09184873097836385
"""CNR4446647""","""CID6995746""",0,0,0.08498870367727673
"""CNR8715304""","""CID5057090""",0,1,0.6007186676614147
"""CNR3861641""","""CID2091744""",1,1,0.6893730765623421
"""CNR1454157""","""CID6472917""",1,1,0.755017492117935
"""CNR6202224""","""CID4198647""",1,1,0.6025389109431161
"""CNR7683371""","""CID4682663""",1,1,0.9773776321230205
"""CNR3660014""","""CID2755097""",1,1,0.9775980336683799
"""CNR8537724""","""CID2386505""",0,0,0.07844124706811985
"""CNR2186455""","""CID9728061""",1,1,0.8898529836387985
"""CNR2837526""","""CID4667045""",0,0,0.10616699665982951
"""CNR5102545""","""CID1586892""",1,1,0.5563382310925247
"""CNR3748022""","""CID4676507""",1,1,0.584940672554199
"""CNR1216442""","""CID1104939""",1,1,0.558804081922363
"""CNR4880341""","""CID5387088""",1,1,0.9759974737190301
"""CNR5364065""","""CID3585403""",1,1,0.8444094900594519
"""CNR5484768""","""CID5374857""",1,1,0.701528372440253
"""CNR4434626""","""CID4546478""",0,0,0.0781043805941501
"""CNR3899180""","""CID3915373""",1,1,0.9853098797480876
"""CNR3632040""","""CID4196073""",0,0,0.15284801246034893
"""CNR3517424""","""CID7212768""",1,1,0.7117129418787974
"""CNR3339150""","""CID1815951""",1,1,0.9680212300364371
"""CNR3814076""","""CID1084911""",0,0,0.14289860939316507
"""CNR9247975""","""CID1245537""",1,1,0.7832409270910429
"""CNR1003118""","""CID6695069""",0,0,0.0859342003206054
"""CNR1155353""","""CID1566161""",0,0,0.23615138459939036
"""CNR2616514""","""CID5425433""",1,1,0.7136982201743025
"""CNR5958379""","""CID9499445""",0,0,0.08907212538263343
"""CNR1758230""","""CID8176337""",0,0,0.08074142248885702
"""CNR3862669""","""CID6414388""",1,1,0.5883458326499519
"""CNR8105468""","""CID6418658""",1,1,0.6945901380903501
"""CNR3623713""","""CID2108636""",1,1,0.6028531700225711
"""CNR2037008""","""CID4915290""",0,0,0.17762953618119753
"""CNR6981086""","""CID6629961""",1,1,0.9843734956088912
"""CNR4609385""","""CID5005671""",1,1,0.7310722045288568
"""CNR4445482""","""CID1443206""",1,1,0.6587803111652764
"""CNR3360004""","""CID9426097""",0,0,0.08020637812962664
"""CNR2208699""","""CID6746069""",1,1,0.9782168638322641
"""CNR2363155""","""CID1709292""",0,0,0.08962368235267683
"""CNR7853880""","""CID4529612""",1,1,0.9293625996576989
"""CNR1715471""","""CID3951788""",1,1,0.6171977948945913
"""CNR5966581""","""CID3771626""",1,1,0.8302289971452917
"""CNR9474183""","""CID7091096""",1,1,0.9335000022652662
"""CNR7792554""","""CID5852335""",0,0,0.1391945352034954
"""CNR4055326""","""CID3866837""",1,1,0.8156880436511128
"""CNR6720660""","""CID4576141""",1,1,0.7055742253576849
"""CNR2735177""","""CID1090065""",0,0,0.07514253632546763
"""CNR1506866""","""CID9732508""",1,1,0.6256501325855806
"""CNR9464680""","""CID4858621""",1,1,0.9325447977575279
"""CNR4384917""","""CID6123902""",0,0,0.05368170175181574
"""CNR1207693""","""CID7690337""",0,0,0.07239266889787702
"""CNR4959896""","""CID6572268""",1,1,0.7415169832652815
"""CNR7096508""","""CID7007682""",0,0,0.08277852065984934
"""CNR5777389""","""CID4868977""",1,1,0.976949320821919
"""CNR6772049""","""CID4913528""",1,1,0.9311430700496707
"""CNR3121108""","""CID9609838""",0,0,0.07673580870224057
"""CNR3320014""","""CID3368152""",1,1,0.6918258641671288
"""CNR8624765""","""CID1303797""",1,1,0.9745170091126553
"""CNR5454886""","""CID8996578""",0,0,0.22091042043969003
"""CNR2165473""","""CID8397972""",1,1,0.9079354091250067
"""CNR4088342""","""CID4079915""",1,1,0.9775632005714809
"""CNR2260608""","""CID2946505""",1,1,0.733959218124114
"""CNR6032217""","""CID5971317""",1,1,0.9564284680329211
"""CNR9458050""","""CID8529002""",1,1,0.9315869219812541
"""CNR2008578""","""CID4445075""",0,0,0.084012418195379
"""CNR8921022""","""CID9999850""",1,1,0.9292206345119971
"""CNR1225017""","""CID5478674""",1,1,0.9824423607690818
"""CNR2594535""","""CID9257912""",0,0,0.0960614678147195
"""CNR8791188""","""CID7260219""",1,1,0.9823300196687719
"""CNR2305729""","""CID5741745""",0,0,0.07077950296866659
"""CNR4925308""","""CID8989334""",1,1,0.6774266036327208
"""CNR9601559""","""CID4203902""",0,0,0.26799099400902815
"""CNR4595419""","""CID6120056""",1,1,0.976209429675202
"""CNR1326086""","""CID4365815""",1,1,0.9758408205472379
"""CNR9173739""","""CID5907322""",1,1,0.9724248351025744
"""CNR6475834""","""CID9233928""",0,0,0.08125019563720169
"""CNR1520525""","""CID7632010""",0,0,0.43541940085722614
"""CNR6511086""","""CID2548802""",1,1,0.9250812184686991
"""CNR4775672""","""CID5455601""",0,0,0.2537850866508056
"""CNR2231255""","""CID5836545""",0,0,0.1791823390929342
"""CNR8434188""","""CID3539692""",1,1,0.6433665965716894
"""CNR6358404""","""CID1926887""",0,0,0.0748567734161777
"""CNR8998984""","""CID9480647""",0,0,0.13875138817497906
"""CNR8585421""","""CID5259277""",1,1,0.9480867663130268
"""CNR9286982""","""CID9950642""",1,1,0.9285665249865322
"""CNR4320735""","""CID3375449""",0,0,0.0795161386329623
"""CNR2054003""","""CID4333801""",1,1,0.5838778807168553
"""CNR7595549""","""CID6168725""",1,1,0.6827470326091603
"""CNR6145044""","""CID9760956""",1,1,0.9929257840791779
"""CNR3449655""","""CID6146958""",1,1,0.7008317996039054
"""CNR2232855""","""CID1507004""",1,1,0.7144818986947308
"""CNR7533104""","""CID5809550""",0,0,0.09014876546411761
"""CNR4514243""","""CID6022121""",1,1,0.5908852990888144
"""CNR8180422""","""CID3765459""",1,1,0.5648686707236004
"""CNR3987612""","""CID7839860""",0,0,0.07568116716205851
"""CNR8190886""","""CID7274193""",1,1,0.5703172666964336
"""CNR2136413""","""CID5083451""",1,1,0.6587554134258384
"""CNR9571028""","""CID1562811""",1,1,0.9885117771543762
"""CNR6635655""","""CID5587331""",0,0,0.06251604773206436
"""CNR7059583""","""CID5329915""",0,0,0.06772803155074762
"""CNR2261682""","""CID8017173""",1,1,0.9538022725764114
"""CNR7791639""","""CID7610374""",0,0,0.06763269989893042
"""CNR6692643""","""CID5041190""",0,0,0.07909383109754818
"""CNR1241556""","""CID8841793""",1,1,0.6992049422874438
"""CNR7153825""","""CID8519244""",1,1,0.5622047869381274
"""CNR8253407""","""CID4475593""",0,1,0.7075215295945302
"""CNR4796835""","""CID7041044""",1,1,0.9721069869972858
"""CNR5384925""","""CID9704053""",0,0,0.08660152958558749
"""CNR5722669""","""CID8915498""",1,1,0.7131041381248816
"""CNR6647944""","""CID3683680""",1,1,0.7243737087177596
"""CNR1452658""","""CID7315995""",1,1,0.9197765837531097
"""CNR7176039""","""CID9893589""",1,1,0.693724959369458
"""CNR7679761""","""CID6821007""",1,1,0.9317433343216023
"""CNR6400435""","""CID9877422""",1,1,0.8957477483299423
"""CNR8160913""","""CID9615522""",0,0,0.06735617200567635
"""CNR7890189""","""CID6798969""",0,0,0.09056470329423286
"""CNR8755118""","""CID8030571""",1,1,0.5466008867118547
"""CNR9302256""","""CID3830402""",0,0,0.07160899158400204
"""CNR4433053""","""CID6907209""",1,1,0.9792510766481292
"""CNR1632659""","""CID9118331""",1,1,0.9836105700315234
"""CNR5998970""","""CID5510558""",0,0,0.08367098240315085
"""CNR2164241""","""CID7153886""",0,0,0.10062467009525351
"""CNR1106825""","""CID8345337""",1,1,0.7396160171608366
"""CNR8475337""","""CID1188278""",1,1,0.9893217222157247
"""CNR4468808""","""CID3527893""",0,1,0.7058200281742945
"""CNR9965775""","""CID8484921""",1,1,0.9653951270664758
"""CNR6034987""","""CID4601775""",0,0,0.07674666497871807
"""CNR5045751""","""CID1031101""",1,1,0.6855887942973484
"""CNR7444319""","""CID7076151""",1,1,0.7076465586619256
"""CNR7579847""","""CID7850482""",1,1,0.9517957158187949
"""CNR4825020""","""CID9022951""",1,1,0.7492141659090834
"""CNR4115901""","""CID7806037""",1,1,0.9887643202295758
"""CNR9847856""","""CID3605457""",1,1,0.9481967361191169
"""CNR2690562""","""CID3400632""",1,1,0.5630562810251944
"""CNR4535864""","""CID7673751""",0,0,0.06856501341750548
"""CNR1183754""","""CID8651003""",1,1,0.9863210192367361
"""CNR5114980""","""CID6152691""",0,1,0.7120842570891297
"""CNR9962989""","""CID1065892""",1,1,0.7660631367214346
"""CNR1613943""","""CID7367319""",0,0,0.07200161376268992
"""CNR4969337""","""CID9878112""",1,1,0.9653260412229948
"""CNR8896845""","""CID7711260""",1,1,0.7467932517984766
"""CNR4014712""","""CID6038362""",0,0,0.08774121284859171
"""CNR7700487""","""CID3524126""",1,1,0.6175687618104543
"""CNR9655439""","""CID9797728""",1,1,0.9308016591370082
"""CNR8651288""","""CID7634903""",1,1,0.7758001746786535
"""CNR7562409""","""CID4115061""",1,1,0.9622347934550278
"""CNR4681345""","""CID1111585""",1,1,0.9708931646549342
"""CNR4492563""","""CID5517499""",1,1,0.744674127701029
"""CNR3164955""","""CID8366309""",1,1,0.5601064174144628
"""CNR5978823""","""CID2013279""",0,0,0.08356762735759413
"""CNR7826111""","""CID2786018""",0,0,0.18970909743273268
"""CNR9993947""","""CID5620824""",1,1,0.976922062123207
"""CNR2978661""","""CID6069508""",1,1,0.7148367380668337
"""CNR5666460""","""CID3424765""",0,0,0.07564529425325782
"""CNR6062263""","""CID1782760""",1,1,0.9427107645132439
"""CNR8836912""","""CID2072955""",0,0,0.08103279597524432
"""CNR4726807""","""CID5014042""",1,1,0.5631533467943233
"""CNR6775299""","""CID1750855""",1,1,0.591711031076962
"""CNR5364237""","""CID4891990""",0,0,0.12101780976043794
"""CNR7390826""","""CID6804810""",1,1,0.5554039000636523
"""CNR3114238""","""CID3626712""",0,0,0.08147885630395384
"""CNR9139949""","""CID7471388""",0,0,0.1816875417755953
"""CNR2303443""","""CID1353498""",0,0,0.08401799783774468
"""CNR2866193""","""CID7886318""",1,1,0.9168988378003763
"""CNR4376565""","""CID5355856""",0,0,0.08619203372095956
"""CNR8333483""","""CID7116951""",1,1,0.96225336510892
"""CNR7016608""","""CID7310227""",0,0,0.0864601468106269
"""CNR7451282""","""CID5724947""",1,1,0.9740906228364198
"""CNR8779933""","""CID9133966""",1,1,0.5856398017456871
"""CNR6525919""","""CID9134435""",1,1,0.7094595325801255
"""CNR7747552""","""CID6422512""",0,0,0.07938952210689286
"""CNR3090602""","""CID4008396""",1,1,0.9683299475938566
"""CNR9517976""","""CID9822343""",0,0,0.09256865417575254
"""CNR7134245""","""CID9728711""",0,0,0.08182976182585511
"""CNR2066100""","""CID9691247""",1,1,0.9250947177751361
"""CNR5376907""","""CID3113414""",0,0,0.08185294619093565
"""CNR8787065""","""CID4051531""",1,1,0.7693487051766948
"""CNR4362075""","""CID9126827""",1,1,0.685453989265589
"""CNR4975840""","""CID1434926""",1,1,0.9786924859694434
"""CNR6752538""","""CID4423403""",0,1,0.6897017062692278
"""CNR1757881""","""CID7713019""",1,1,0.5693205024127915
"""CNR5861114""","""CID4258819""",0,0,0.0863758927634604
"""CNR1243726""","""CID3511814""",1,1,0.5913743649487891
"""CNR6031228""","""CID9010573""",1,1,0.8120266612548982
"""CNR2461590""","""CID6214163""",0,0,0.15922913706163683
"""CNR4036263""","""CID5231272""",0,0,0.09596954876113126
"""CNR4174488""","""CID2406790""",1,1,0.5823736902698243
"""CNR3675280""","""CID6597235""",1,1,0.9440597901129906
"""CNR5432016""","""CID2669647""",1,1,0.9032754125029788
"""CNR3166257""","""CID4870765""",0,0,0.22323864058781287
"""CNR5714891""","""CID8494831""",1,1,0.9559100226355022
"""CNR2500516""","""CID9087681""",0,0,0.0813688372153759
"""CNR2102586""","""CID7106671""",1,1,0.5724295466587569
"""CNR5279026""","""CID4822651""",1,1,0.933860646688877
"""CNR9313303""","""CID5052139""",1,1,0.9787510610042379
"""CNR9932231""","""CID3025221""",0,0,0.20806610729371516
"""CNR2279849""","""CID6578914""",0,0,0.08156383747093127
"""CNR5271433""","""CID4794738""",1,1,0.9785836739533471
"""CNR2214934""","""CID5517930""",1,1,0.5667303645075871
"""CNR4804311""","""CID3081173""",1,1,0.706775129504359
"""CNR8251515""","""CID8592738""",0,0,0.06737665358389897
"""CNR2425973""","""CID9361111""",1,1,0.9787108027091872
"""CNR9238180""","""CID3271652""",0,0,0.10949456843478861
"""CNR3459096""","""CID3098417""",1,1,0.610991919208338
"""CNR9300034""","""CID2167766""",1,1,0.9866306331293848
"""CNR9415845""","""CID7160199""",1,1,0.7419505238079083
"""CNR5690136""","""CID2506942""",1,1,0.9210880909504914
"""CNR1799613""","""CID6176497""",1,1,0.7149096255480254
"""CNR1632764""","""CID8422113""",1,1,0.9359700816018413
"""CNR7587199""","""CID5480707""",1,1,0.9298352980470848
"""CNR8675804""","""CID2585977""",0,0,0.08860002284739582
"""CNR8571679""","""CID8203251""",0,0,0.08713682131651886
"""CNR6744076""","""CID5750192""",1,1,0.9454797517567071
"""CNR9012202""","""CID2510078""",1,1,0.9782116228090191
"""CNR3248907""","""CID3684089""",1,1,0.9206333547038995
"""CNR1436039""","""CID1916881""",0,0,0.08235745977914878
"""CNR8703521""","""CID3032853""",0,0,0.07274684113934433
"""CNR4401910""","""CID7849353""",0,0,0.08142494891556776
"""CNR5504240""","""CID7433135""",1,1,0.5586815476374515
"""CNR2499304""","""CID6167654""",1,1,0.977195668972743
"""CNR5226644""","""CID9133918""",1,1,0.9336005187709001
"""CNR5798863""","""CID6222375""",0,0,0.08271057898192599
"""CNR4980699""","""CID9945683""",0,0,0.06943188916185983
"""CNR5744514""","""CID1841484""",1,1,0.9505149428683792
"""CNR8873214""","""CID5390948""",1,1,0.9660774493941421
"""CNR8433104""","""CID6031143""",1,1,0.6083331559860978
"""CNR6699713""","""CID6511870""",0,0,0.1617074873756153
"""CNR9942799""","""CID3242408""",1,1,0.9678234023308384
"""CNR8381432""","""CID5812518""",0,1,0.7102615666870237
"""CNR6732896""","""CID3610727""",0,0,0.08181028510604882
"""CNR5886366""","""CID7545241""",0,0,0.06842459920275996
"""CNR9018041""","""CID6602669""",1,1,0.9331780191670555
"""CNR5685099""","""CID4536719""",1,1,0.7202538916363127
"""CNR9037412""","""CID3295325""",1,1,0.8464554988398377
"""CNR7952877""","""CID3838211""",1,1,0.9738681861172883
"""CNR5232680""","""CID8136500""",1,1,0.9832680633961208
"""CNR3126508""","""CID8677371""",0,0,0.07563623633226056
"""CNR1096355""","""CID1795304""",0,0,0.07111632360517418
"""CNR6483995""","""CID6330031""",1,1,0.9388258769262761
"""CNR4464526""","""CID3585993""",0,0,0.21168188264046547
"""CNR6130348""","""CID3575491""",0,1,0.5318701901565206
"""CNR7296355""","""CID6462022""",1,1,0.8082452525932355
"""CNR8049491""","""CID5997689""",1,1,0.7423724337397366
"""CNR7648983""","""CID8208713""",1,1,0.9822312384513757
"""CNR8392779""","""CID8247929""",1,1,0.7187657040154924
"""CNR5323921""","""CID2576352""",1,1,0.5627972462921239
"""CNR4907158""","""CID1415799""",0,0,0.07898892034314918
"""CNR6472378""","""CID4821000""",1,1,0.92390894457581
"""CNR9990932""","""CID7684632""",0,0,0.091585698896908
"""CNR9952958""","""CID9772693""",0,1,0.608039746407563
"""CNR4888938""","""CID8112082""",1,1,0.9857660212497759
"""CNR7029560""","""CID7327796""",1,1,0.9626175802401036
"""CNR3671889""","""CID6287730""",0,0,0.08574773472049652
"""CNR7761870""","""CID4374464""",1,1,0.5696809409308583
"""CNR1883095""","""CID9238570""",1,1,0.9833908556796557
"""CNR9364234""","""CID3038056""",1,1,0.934161941794445
"""CNR9994339""","""CID4462371""",1,1,0.5873162769594564
"""CNR9405397""","""CID5178574""",1,1,0.9742885050629976
"""CNR1009222""","""CID2030746""",0,0,0.12794053585812712
"""CNR4990002""","""CID1622390""",0,0,0.10099676167352556
"""CNR1221068""","""CID2104290""",1,1,0.6805105907840966
"""CNR5968062""","""CID5085383""",1,1,0.6129433639871368
"""CNR7256985""","""CID7382359""",1,1,0.9787714317726672
"""CNR6889573""","""CID4176237""",1,1,0.7212564745401767
"""CNR7738305""","""CID1492660""",1,1,0.9282829504385423
"""CNR2727260""","""CID8665404""",1,1,0.9659194108175937
"""CNR9969271""","""CID9199047""",1,1,0.915698597702881
"""CNR6114891""","""CID7488906""",0,0,0.1801171565503977
"""CNR8149382""","""CID5860628""",1,1,0.9328731971196889
"""CNR7615376""","""CID9818157""",1,1,0.9885447191397193
"""CNR5659099""","""CID5179312""",1,1,0.9252369972821305
"""CNR5556356""","""CID6393747""",0,0,0.07671291727639606
"""CNR6451368""","""CID6539797""",1,1,0.9585424333675869
"""CNR3182421""","""CID5845050""",1,1,0.9716338411529957
"""CNR3774738""","""CID5645223""",1,1,0.9232460767123014
"""CNR2360735""","""CID9931590""",0,0,0.13715196947418587
"""CNR7078004""","""CID9440950""",1,1,0.6770252761829664
"""CNR4947791""","""CID1772427""",0,1,0.5651123138123559
"""CNR3562962""","""CID7126590""",0,0,0.10697707982814272
"""CNR8055960""","""CID9828262""",0,0,0.10071900266234449
"""CNR2241842""","""CID1243777""",1,1,0.814272001130602
"""CNR5038109""","""CID7714424""",1,1,0.9772635875813135
"""CNR5075207""","""CID6653730""",1,1,0.732376580512168
"""CNR1896038""","""CID8383005""",0,0,0.12455383694839327
"""CNR7901210""","""CID3697787""",1,1,0.570777875443458
"""CNR8392019""","""CID4787931""",0,0,0.09332654012107759
"""CNR7558562""","""CID3145243""",1,1,0.9888036199949486
"""CNR7103188""","""CID7866530""",0,0,0.067655984979837
"""CNR4243298""","""CID9616838""",1,1,0.9813444569387514
"""CNR1720848""","""CID4291818""",1,1,0.9840410278758888
"""CNR4186138""","""CID6679932""",1,1,0.9882236372730837
"""CNR9914180""","""CID4876681""",0,0,0.07014708959413517
"""CNR4279280""","""CID5149254""",1,1,0.7086130116708208
"""CNR4853428""","""CID3373715""",1,1,0.932185019848157
"""CNR6149983""","""CID9273392""",1,1,0.9829803576425826
"""CNR8738402""","""CID7762879""",1,1,0.969854764938187
"""CNR5893303""","""CID5101523""",1,1,0.9689579865733629
"""CNR7737620""","""CID9436383""",1,1,0.576037266674981
"""CNR2141081""","""CID9641000""",1,1,0.6093128218439037
"""CNR9110153""","""CID4163880""",1,1,0.777622635191028
"""CNR6273212""","""CID1662633""",0,0,0.09151569566987074
"""CNR9481131""","""CID8258316""",1,1,0.9429014657682171
"""CNR5590892""","""CID2153886""",0,0,0.077195133369349
"""CNR2987795""","""CID4162975""",0,0,0.08287834378937081
"""CNR9201950""","""CID2683406""",1,1,0.6938183858376099
"""CNR3374599""","""CID6391589""",0,0,0.09602081863654245
"""CNR6485756""","""CID4287086""",0,0,0.08026920306894034
"""CNR2281305""","""CID9872474""",1,1,0.9239332083297654
"""CNR4628560""","""CID7896663""",1,1,0.9782356740162751
"""CNR9746105""","""CID2948312""",1,1,0.9716689121664142
"""CNR2497000""","""CID7038524""",0,0,0.06220128059079548
"""CNR3916900""","""CID8836037""",0,0,0.0780063637950305
"""CNR6590547""","""CID4722209""",0,0,0.09887953421406316
"""CNR7184805""","""CID9513630""",1,1,0.9777758455689685
"""CNR7572409""","""CID6711200""",1,1,0.9715180436992377
"""CNR9978314""","""CID8623945""",1,1,0.6370076450079846
"""CNR4513700""","""CID9843092""",1,1,0.7271657194823272
"""CNR1971727""","""CID1770282""",0,0,0.07342532247402916
"""CNR3674046""","""CID1680069""",1,1,0.7062064330412341
"""CNR1427659""","""CID5902687""",0,0,0.12485540819073594
"""CNR9730683""","""CID8297720""",1,1,0.7858108525689869
"""CNR1990026""","""CID1665478""",0,0,0.058249870310253464
"""CNR4992107""","""CID6732348""",0,0,0.088273732624245
"""CNR5434288""","""CID4653243""",0,0,0.08684141371264464
"""CNR1955162""","""CID5219943""",1,1,0.9289146424780336
"""CNR9420011""","""CID4914652""",1,1,0.5694726487547627
"""CNR6042652""","""CID6981985""",1,1,0.5807988633349143
"""CNR4280839""","""CID5842201""",1,1,0.5739229132294903
"""CNR9604144""","""CID4109473""",0,0,0.15388532984704026
"""CNR8081595""","""CID6388792""",1,1,0.5831997462600012
"""CNR1077357""","""CID6553436""",0,0,0.08863315388007242
"""CNR4465088""","""CID9051365""",1,1,0.660230614395823
"""CNR5866963""","""CID7377828""",1,1,0.7698157265836812
"""CNR1353550""","""CID5609143""",0,0,0.10428567901205285
"""CNR1470330""","""CID5202728""",0,0,0.08440176899122485
"""CNR9735862""","""CID3129615""",1,1,0.9861501114330777
"""CNR9275677""","""CID6948409""",0,0,0.07351809603122726
"""CNR3531439""","""CID2993211""",1,1,0.6998030304146673
"""CNR1532866""","""CID6403259""",1,1,0.6814522988898256
"""CNR9073729""","""CID8710245""",1,1,0.6824763169906429
"""CNR8012857""","""CID8995480""",1,1,0.5594545873529874
"""CNR5385604""","""CID4885589""",1,0,0.17363292248448106
"""CNR9809359""","""CID4011191""",0,0,0.11575728530426763
"""CNR4027310""","""CID3341707""",1,1,0.7746221051798337
"""CNR9077273""","""CID7329657""",0,0,0.08588243093659853
"""CNR6144237""","""CID8879366""",1,1,0.9263826717576342
"""CNR9232578""","""CID6025973""",1,1,0.6023295015486607
"""CNR3376162""","""CID6321726""",1,1,0.9263474982471024
"""CNR6161709""","""CID7842944""",1,1,0.9544309509340134
"""CNR8144028""","""CID5769136""",1,1,0.9701332760706333
"""CNR2692167""","""CID7254633""",1,1,0.7123305920094657
"""CNR9721851""","""CID6378977""",1,1,0.6591170628309339
"""CNR3087020""","""CID1418184""",0,1,0.5634663671972906
"""CNR3436043""","""CID6050322""",1,1,0.9248464721752805
"""CNR6856709""","""CID8522100""",0,0,0.08376563326742799
"""CNR9743260""","""CID6711858""",1,1,0.6944522002226928
"""CNR1536307""","""CID9044530""",1,1,0.973679747545496
"""CNR9152928""","""CID5009904""",1,1,0.6056819277292732
"""CNR3533548""","""CID6277418""",1,1,0.9372184336791368
"""CNR8628197""","""CID8948371""",1,1,0.9511123939538944
"""CNR6508553""","""CID3129697""",0,1,0.6804027856846447
"""CNR8553602""","""CID1264704""",1,1,0.93533048833581
"""CNR7676222""","""CID2859145""",1,1,0.5619415358863461
"""CNR2824531""","""CID5558939""",1,1,0.9704391165100045
"""CNR4200265""","""CID2542478""",1,1,0.6863010367599159
"""CNR2112662""","""CID8585361""",1,1,0.5635521295906238
"""CNR5560657""","""CID8269553""",0,0,0.16360337476236111
"""CNR9189247""","""CID5123342""",0,0,0.13871618072464592
"""CNR5403706""","""CID9402121""",0,1,0.6409866479791603
"""CNR3695231""","""CID2019207""",0,0,0.07909086018975088
"""CNR7830584""","""CID3817426""",1,1,0.9220905919581086
"""CNR5029182""","""CID4304151""",1,1,0.9536586514546725
"""CNR8749055""","""CID2844151""",1,1,0.9626704770722326
"""CNR5007496""","""CID8622166""",1,1,0.6845973517214909
"""CNR5909663""","""CID3536279""",0,0,0.08643878928824546
"""CNR9599328""","""CID4769589""",1,1,0.9657052534203843
"""CNR4544468""","""CID5551495""",0,0,0.0987184476550302
"""CNR8404454""","""CID3486361""",1,1,0.6085778372202414
"""CNR2290846""","""CID2076662""",0,0,0.13050997983846452
"""CNR3510061""","""CID3340781""",1,1,0.7177791471287904
"""CNR8392735""","""CID4030537""",0,0,0.07746484626228402
"""CNR9631157""","""CID5432123""",0,0,0.14098705212171975
"""CNR5930889""","""CID7622076""",1,1,0.5665248667620848
"""CNR7542550""","""CID3037757""",0,1,0.6399432184312552
"""CNR2146244""","""CID6148414""",1,1,0.9315057386942575
"""CNR4156723""","""CID1599631""",1,1,0.7121246303396763
"""CNR7815197""","""CID9955788""",1,1,0.7250154122272009
"""CNR2686111""","""CID5684910""",1,1,0.9363263240484995
"""CNR4074466""","""CID5013368""",1,1,0.9275147818059634
"""CNR5429227""","""CID7934368""",1,1,0.8930311437664811
"""CNR6345884""","""CID5675313""",1,1,0.9854228555099693
"""CNR9290633""","""CID2860155""",0,0,0.08451306469826712
"""CNR7832815""","""CID2213980""",1,1,0.5729605282665922
"""CNR4703094""","""CID7402836""",1,1,0.9680214204224402
"""CNR4885389""","""CID1631221""",0,0,0.07101594760640176
"""CNR3718288""","""CID1516753""",1,1,0.766505447034098
"""CNR7871719""","""CID6761103""",0,1,0.6765229578123642
"""CNR1763125""","""CID3025100""",1,1,0.6847107348344681
"""CNR2114904""","""CID8290405""",1,1,0.9365988230846807
"""CNR1215217""","""CID9327002""",1,1,0.7103295108939995
"""CNR6087882""","""CID4920482""",1,1,0.9931978713081107
"""CNR3820791""","""CID5198673""",1,1,0.577767683211933
"""CNR5185574""","""CID2189922""",1,1,0.9711448018113967
"""CNR7779417""","""CID7118191""",1,1,0.9800238807752184
"""CNR4838669""","""CID6967592""",1,1,0.9805481151327048
"""CNR3310400""","""CID1682151""",1,1,0.9879761431838464
"""CNR9595252""","""CID2772418""",1,1,0.5690159409296414
"""CNR7837199""","""CID5297669""",0,0,0.1259616884800157
"""CNR4410639""","""CID7522265""",1,1,0.7256798541339277
"""CNR5450274""","""CID7105278""",1,1,0.9918872280633303
"""CNR3025854""","""CID2182112""",0,1,0.630129243075133
"""CNR6571431""","""CID6716710""",1,1,0.9421885177576198
"""CNR6584649""","""CID2230792""",1,1,0.7022874680847695
"""CNR7537979""","""CID7820248""",1,1,0.9725815722831798
"""CNR3962102""","""CID3593300""",1,1,0.7158506345240608
"""CNR7560025""","""CID5681430""",0,0,0.1312563514593057
"""CNR7689859""","""CID1379819""",1,1,0.5789880287370077
"""CNR8170378""","""CID2880692""",1,1,0.9676807806547434
"""CNR5762025""","""CID8751609""",1,1,0.5745113143181562
"""CNR4248156""","""CID2094874""",0,0,0.08067576199382623
"""CNR6079958""","""CID7898950""",1,1,0.9862090089398124
"""CNR8818674""","""CID9665399""",1,1,0.6969466005241257
"""CNR2023066""","""CID9542897""",1,1,0.5627366379964454
"""CNR7549291""","""CID9692264""",1,1,0.6024042517608621
"""CNR1568732""","""CID7618943""",1,1,0.9811183536997563
"""CNR9875873""","""CID6023978""",1,1,0.5664399492896086
"""CNR7173662""","""CID9043274""",0,1,0.7639586405162831
"""CNR3061575""","""CID1321473""",1,1,0.93112102454676
"""CNR5065033""","""CID6368377""",1,1,0.9507246870853739
"""CNR8679662""","""CID4214668""",1,1,0.6751231351560746
"""CNR8816195""","""CID2755192""",1,1,0.7332650893516519
"""CNR2948647""","""CID1223068""",1,1,0.7500752164439058
"""CNR7389693""","""CID1377427""",0,0,0.1449775672226985
"""CNR2716273""","""CID9092282""",0,0,0.10882255334284179
"""CNR7187209""","""CID5749857""",1,0,0.3298502328258538
"""CNR2981326""","""CID7089613""",1,1,0.921432124632383
"""CNR4255601""","""CID4720759""",0,0,0.1324780495565582
"""CNR1587265""","""CID6078670""",1,1,0.6074167504854923
"""CNR9101500""","""CID4033171""",1,1,0.9829433918756405
"""CNR6964515""","""CID4529419""",1,1,0.7574992503647655
"""CNR7809571""","""CID6064436""",0,0,0.08589797531835999
"""CNR5748445""","""CID6390447""",1,1,0.7671343553981987
"""CNR8658271""","""CID8043836""",1,1,0.9841294290982425
"""CNR2141976""","""CID8480178""",0,0,0.10264226268121696
"""CNR4053325""","""CID8419311""",0,0,0.07811408477241381
"""CNR3389154""","""CID1211491""",0,0,0.07926518492061309
"""CNR4030559""","""CID8313718""",1,1,0.7683408091547608
"""CNR2477187""","""CID4836033""",1,1,0.9731868091665262
"""CNR7074898""","""CID4414333""",0,0,0.11587281432124846
"""CNR5526305""","""CID6746494""",1,1,0.6604567160793686
"""CNR1782542""","""CID1945237""",1,1,0.9360457815087375
"""CNR1445288""","""CID1811107""",1,1,0.8165565807443582
"""CNR9989212""","""CID1460749""",1,1,0.98751684338028
"""CNR5263413""","""CID1546757""",0,0,0.10622174550297307
"""CNR2978606""","""CID4678704""",1,1,0.9549955410743678
"""CNR5837715""","""CID8385051""",0,0,0.08336885405717898
"""CNR2807583""","""CID2480313""",1,1,0.9308465397222331
"""CNR7306106""","""CID9321673""",1,1,0.6781837765217318
"""CNR7573552""","""CID1410194""",0,0,0.14465666938982008
"""CNR6858650""","""CID4639237""",1,1,0.9704910924501748
"""CNR5684837""","""CID7454789""",1,0,0.17163277625141793
"""CNR4776147""","""CID2436694""",0,0,0.06147856606639402
"""CNR2108032""","""CID9770070""",1,1,0.9382041432720807
"""CNR6388956""","""CID4672688""",0,0,0.07892938564761483
"""CNR5997385""","""CID1476479""",0,0,0.07843955648757313
"""CNR2868272""","""CID1530343""",1,1,0.7112818194985493
"""CNR8941782""","""CID4123155""",1,1,0.9818457616086571
"""CNR9512424""","""CID9118215""",0,1,0.7450060221983329
"""CNR9747128""","""CID1612040""",1,1,0.9434927755760395
"""CNR6182627""","""CID2142431""",1,1,0.5686500949179554
"""CNR9266783""","""CID7041804""",1,1,0.9326994870866067
"""CNR3398792""","""CID7286536""",1,1,0.9324324263145096
"""CNR3089331""","""CID5022457""",0,0,0.13041146711228938
"""CNR7921519""","""CID6525770""",0,0,0.16047888080817932
"""CNR8424394""","""CID4883225""",1,1,0.7203472060277079
"""CNR3351788""","""CID5010276""",1,1,0.9411446204181272
"""CNR3129906""","""CID5302517""",0,0,0.11513769687290927
"""CNR4461740""","""CID1677644""",1,1,0.7625312134365468
"""CNR9177489""","""CID8855388""",0,0,0.07897675511287561
"""CNR9988022""","""CID9565117""",1,1,0.7128081372962398
"""CNR4930148""","""CID9582039""",1,1,0.7511882054882073
"""CNR7748913""","""CID6900597""",0,0,0.08292849079511919
"""CNR8134885""","""CID9280596""",0,0,0.13831755885711905
"""CNR8368753""","""CID4925322""",0,0,0.09371090719561852
"""CNR9940789""","""CID5054281""",0,0,0.06230428200602481
"""CNR7041366""","""CID2568221""",0,0,0.08772655399493663
"""CNR3546228""","""CID2128921""",1,1,0.6640494295165364
"""CNR5249291""","""CID1918336""",0,1,0.7227267752324635
"""CNR4831363""","""CID4029958""",0,1,0.5845107559157695
"""CNR4516970""","""CID1949294""",1,0,0.4971524759185178
"""CNR8657882""","""CID4872089""",1,1,0.9358539613152553
"""CNR9838434""","""CID8825572""",0,0,0.0928945874379872
"""CNR3680045""","""CID8347763""",1,1,0.8294066574226601
"""CNR4030698""","""CID7757037""",1,1,0.7361245208558571
"""CNR7863503""","""CID1436121""",0,1,0.687911017775695
"""CNR1925777""","""CID5167519""",0,0,0.09317758259645707
"""CNR7809147""","""CID4894033""",1,1,0.967332101483769
"""CNR8133899""","""CID6051503""",1,1,0.9604820457051754
"""CNR8737368""","""CID3062171""",0,0,0.086245757058783
"""CNR8476269""","""CID3892938""",0,0,0.07268356819244375
"""CNR1390168""","""CID6384561""",1,1,0.9863843356237944
"""CNR4345581""","""CID8865986""",1,1,0.9899037860581963
"""CNR9194760""","""CID5739342""",1,1,0.9669886009234491
"""CNR8097548""","""CID3492692""",1,1,0.9545385093147405
"""CNR7855767""","""CID8683176""",1,1,0.7093827982040657
"""CNR5830786""","""CID9115939""",1,1,0.67431004407028
"""CNR7772924""","""CID6992213""",0,0,0.11410764074776424
"""CNR9473662""","""CID7615114""",1,1,0.9678551629518207
"""CNR6023737""","""CID2329335""",0,0,0.12023008176569107
"""CNR9812731""","""CID2431123""",1,1,0.9741850232792199
"""CNR7967044""","""CID2731324""",0,0,0.07699512749435307
"""CNR8182478""","""CID7709227""",1,1,0.928741494363705
"""CNR5375525""","""CID6637353""",0,0,0.09492022931592721
"""CNR5325203""","""CID2060977""",1,1,0.6748931980744584
"""CNR1909138""","""CID1224846""",1,1,0.9624416884439146
"""CNR4686858""","""CID3947658""",1,1,0.6899983341647676
"""CNR9906335""","""CID5364175""",0,0,0.12763371986792693
"""CNR5231272""","""CID7593060""",0,0,0.07672954110681694
"""CNR8868605""","""CID9064781""",0,0,0.08354144566396492
"""CNR5658075""","""CID7577917""",1,1,0.6747350596048552
"""CNR9816194""","""CID7213525""",1,1,0.9172255705886275
"""CNR2396011""","""CID1273060""",1,1,0.9280677632275742
"""CNR7978000""","""CID4416450""",0,0,0.08460310909441991
"""CNR7434249""","""CID5540386""",1,1,0.6063553748850574
"""CNR1707746""","""CID9470427""",0,0,0.178149660917297
"""CNR4182347""","""CID1544200""",1,1,0.9581371406395381
"""CNR5291405""","""CID9787565""",1,1,0.6959542318720466
"""CNR7390852""","""CID7250672""",1,1,0.5713341618367888
"""CNR2211931""","""CID2055091""",1,1,0.9787409272743287
"""CNR8059925""","""CID9032300""",1,1,0.9379470190127184
"""CNR6001910""","""CID4693319""",0,1,0.6636263841677302
"""CNR5392084""","""CID1890431""",1,1,0.7220432618299784
"""CNR8799765""","""CID9952176""",0,0,0.08478726600206768
"""CNR9021472""","""CID8281571""",1,1,0.6634326834190298
"""CNR1252779""","""CID2475132""",1,1,0.9316467461249245
"""CNR4080889""","""CID5224634""",1,1,0.9800530379088082
"""CNR4810696""","""CID6591255""",0,0,0.07815778062915808
"""CNR4647673""","""CID1849028""",0,0,0.07099288297745537
"""CNR7431367""","""CID1635251""",1,1,0.714470931048858
"""CNR6757652""","""CID2788094""",1,1,0.9714689148404925
"""CNR1559580""","""CID6782427""",0,1,0.6129617199160214
"""CNR6574589""","""CID6553016""",0,0,0.1723223950877918
"""CNR3593225""","""CID2738415""",0,0,0.0777860686412624
"""CNR1102355""","""CID4751010""",0,0,0.1334216787121692
"""CNR1516173""","""CID4508237""",0,0,0.05724149479724504
"""CNR2930587""","""CID7710099""",1,1,0.937337643326936
"""CNR5855205""","""CID8752778""",0,0,0.08707023743214033
"""CNR2957185""","""CID6279901""",0,0,0.08111504559391275
"""CNR4524770""","""CID4003476""",1,1,0.9212445087189948
"""CNR5536573""","""CID3580102""",1,1,0.5740992370581608
"""CNR4908578""","""CID6984955""",1,1,0.9252460731543904
"""CNR2306090""","""CID6320858""",1,1,0.9910219920550044
"""CNR9672393""","""CID3813251""",0,0,0.13490632247418477
"""CNR9083089""","""CID3150996""",0,0,0.0869260047277274
"""CNR2454137""","""CID9083316""",0,1,0.5859533192726197
"""CNR5574862""","""CID8013798""",1,1,0.7319440645859921
"""CNR3516364""","""CID3798061""",1,1,0.7480419158293872
"""CNR1186424""","""CID3837551""",1,1,0.7210806163367572
"""CNR7699117""","""CID7226753""",1,1,0.9849150027578967
"""CNR1798489""","""CID4843078""",1,1,0.6956623942285799
"""CNR1419461""","""CID2495387""",1,1,0.5706233789118326
"""CNR6868624""","""CID4786729""",0,0,0.09508189019465918
"""CNR6384318""","""CID6193958""",1,1,0.7005644547360642
"""CNR1311379""","""CID9269744""",0,0,0.125480603594427
"""CNR2898361""","""CID5734986""",0,0,0.09422668025108147
"""CNR3983501""","""CID5883862""",1,1,0.9716895221464201
"""CNR8684626""","""CID1431662""",0,0,0.16191438490648988
"""CNR4061941""","""CID1151395""",1,1,0.5740653673323635
"""CNR8469060""","""CID9387389""",1,1,0.9272419174245677
"""CNR6857783""","""CID7821639""",0,1,0.6993054166726437
"""CNR9077276""","""CID7454119""",1,1,0.6194333610312713
"""CNR5815568""","""CID8955422""",0,0,0.15129317316677607
"""CNR6790947""","""CID5643127""",1,1,0.9872601055315594
"""CNR9363346""","""CID8791561""",0,0,0.09233937645696065
"""CNR1670901""","""CID8016777""",0,0,0.14518489641073076
"""CNR7525379""","""CID2118835""",0,1,0.724951890018037
"""CNR3080061""","""CID7174790""",0,1,0.6331045372994869
"""CNR1417887""","""CID4038913""",1,1,0.5996452649296767
"""CNR5557246""","""CID4497594""",1,1,0.9526824736085625
"""CNR8281044""","""CID8885038""",1,1,0.7604787045119455
"""CNR8192950""","""CID2755065""",1,1,0.835586848254415
"""CNR7471813""","""CID7926037""",0,0,0.10089626710336179
"""CNR5490267""","""CID4482136""",1,1,0.9021733014885566
"""CNR4043611""","""CID9235937""",1,1,0.9836787696134945
"""CNR5041139""","""CID8262816""",1,1,0.5529511598134546
"""CNR9605900""","""CID3240701""",0,0,0.07880468320710904
"""CNR8738349""","""CID7207094""",1,1,0.5746987747434797
"""CNR8772737""","""CID3693380""",1,1,0.820134153291914
"""CNR5020774""","""CID8856543""",1,1,0.9733986555942894
"""CNR7878250""","""CID4419506""",1,1,0.6006040622731112
"""CNR4062566""","""CID9957759""",1,1,0.6438173264057417
"""CNR3470328""","""CID2128933""",0,1,0.6338929517644616
"""CNR4559679""","""CID9827731""",1,1,0.9805742845558185
"""CNR2174657""","""CID4496201""",0,1,0.7614384896293873
"""CNR2302594""","""CID8003302""",0,1,0.6508569111439331
"""CNR8113409""","""CID4434008""",1,1,0.5701712511773152
"""CNR6375253""","""CID3480829""",1,1,0.696485396013664
"""CNR3042563""","""CID6147875""",1,1,0.9366163055375868
"""CNR1583931""","""CID1060545""",0,0,0.1230692378048426
"""CNR7795143""","""CID4726471""",0,1,0.7821405524590495
"""CNR8963971""","""CID3842416""",0,0,0.08551551882544568
"""CNR7044436""","""CID8007789""",0,0,0.1153498461122467
"""CNR8888805""","""CID4304504""",1,1,0.9713899821143707
"""CNR6495157""","""CID3815315""",1,1,0.9182299750908919
"""CNR9053037""","""CID2216899""",1,0,0.1946453710637801
"""CNR5387875""","""CID4426029""",0,0,0.08432159052326155
"""CNR7823056""","""CID7199089""",1,1,0.9816630283599638
"""CNR5564797""","""CID3303139""",0,0,0.0646130447960659
"""CNR8670889""","""CID2591801""",1,1,0.9195504443297375
"""CNR1768527""","""CID7699926""",1,1,0.5727895822320802
"""CNR7634319""","""CID7303681""",1,1,0.9906687969601232
"""CNR3070905""","""CID1634377""",0,0,0.051967568192937144
"""CNR1710290""","""CID6783063""",1,1,0.9282671748406667
"""CNR1483749""","""CID9632042""",0,0,0.06765992561497913
"""CNR6588714""","""CID2229148""",0,0,0.08725742891618438
"""CNR2560240""","""CID4999785""",1,1,0.5801384728917173
"""CNR5386205""","""CID7526576""",0,0,0.09841760027735606
"""CNR5910097""","""CID7003718""",1,1,0.7839942691503865
"""CNR1403172""","""CID6967857""",0,0,0.08567896402640228
"""CNR9163678""","""CID6057830""",1,1,0.5871336069046446
"""CNR3696211""","""CID9867330""",1,1,0.9071922182852273
"""CNR6981881""","""CID9547704""",1,1,0.9568087539208265
"""CNR5008942""","""CID5074908""",1,1,0.9286892522140476
"""CNR9656193""","""CID1190275""",0,0,0.09648531813705521
"""CNR4550647""","""CID8368317""",0,0,0.10202898015173299
"""CNR8953619""","""CID6181484""",1,1,0.6721374641825391
"""CNR4077642""","""CID9605394""",1,1,0.9412186353083716
"""CNR4904581""","""CID8662754""",1,1,0.927277224461494
"""CNR1644960""","""CID8332976""",0,0,0.08038819146184371
"""CNR6675077""","""CID9028180""",0,0,0.07729632209648651
"""CNR5724877""","""CID4541215""",0,0,0.08897354106947296
"""CNR5675353""","""CID5722175""",0,0,0.0793247350897754
"""CNR6882944""","""CID6489121""",1,1,0.9404285310617142
"""CNR4332452""","""CID6869004""",1,1,0.5603269117850188
"""CNR6160398""","""CID9543838""",1,1,0.974775527213358
"""CNR6937966""","""CID3436391""",1,1,0.9260291460419531
"""CNR6144382""","""CID8986996""",1,1,0.9404323791722959
"""CNR9097806""","""CID8205696""",1,0,0.36744768645896125
"""CNR8027792""","""CID9976381""",1,1,0.9748109011063161
"""CNR8044402""","""CID9391090""",0,1,0.5426254559941276
"""CNR6273058""","""CID4586498""",1,1,0.6874829223269668
"""CNR8983157""","""CID9812281""",1,1,0.6742004346998394
"""CNR8304794""","""CID4086648""",0,0,0.06849902807055232
"""CNR7623737""","""CID6954811""",0,0,0.09409900191995661
"""CNR2883774""","""CID6659777""",0,0,0.08512109929127348
"""CNR1730427""","""CID2108124""",0,0,0.07967885031456048
"""CNR6268195""","""CID9854395""",0,0,0.10306869184418414
"""CNR9557189""","""CID2757600""",1,1,0.9889279931611696
"""CNR9120177""","""CID8886004""",1,1,0.5612723037062325
"""CNR9554033""","""CID2688132""",0,0,0.07440425856573722
"""CNR3038788""","""CID3597915""",0,0,0.16953837449302167
"""CNR8578503""","""CID1181983""",1,1,0.7206733863820329
"""CNR4664040""","""CID6100260""",1,1,0.9863636615164014
"""CNR5038258""","""CID7135558""",0,0,0.06711943269747063
"""CNR3402189""","""CID7415854""",1,1,0.7446311370300003
"""CNR6648690""","""CID6013012""",0,0,0.07813084592679156
"""CNR4989249""","""CID9952370""",1,1,0.6800320108981275
"""CNR9043207""","""CID5588585""",1,1,0.9697649217487115
"""CNR3369516""","""CID7467234""",0,0,0.08365013802063734
"""CNR6204326""","""CID9419495""",0,0,0.08436785302753064
"""CNR4983561""","""CID1436675""",0,0,0.16102616606843728
"""CNR1872920""","""CID4403533""",0,0,0.25218593211748
"""CNR5120844""","""CID4918805""",0,0,0.07750272240185922
"""CNR3246278""","""CID2242421""",1,1,0.9613779607917339
"""CNR8100161""","""CID4938227""",0,0,0.08442317904521188
"""CNR5870291""","""CID6342750""",1,1,0.7823867063737658
"""CNR9519870""","""CID4069777""",1,1,0.9838228343060184
"""CNR5113147""","""CID1783306""",1,1,0.7235205107339099
"""CNR7898737""","""CID2606579""",1,1,0.5747080717636415
"""CNR6262672""","""CID8611762""",1,1,0.6829169243111466
"""CNR3311259""","""CID6596802""",1,1,0.5570899036496616
"""CNR5535957""","""CID8090464""",1,1,0.7280256084521185
"""CNR8529809""","""CID3019924""",1,1,0.6449011081536344
"""CNR4509305""","""CID9429217""",1,1,0.9826190523840617
"""CNR3514473""","""CID9890158""",1,1,0.986638207088267
"""CNR3992160""","""CID9739632""",1,1,0.9201333262368473
"""CNR3067567""","""CID1299325""",1,1,0.6959302182970099
"""CNR3086147""","""CID3682370""",0,0,0.08578878101851396
"""CNR4238994""","""CID8119667""",0,0,0.1506643584889086
"""CNR9268938""","""CID2123238""",0,0,0.08444586785284863
"""CNR2403501""","""CID7898113""",1,1,0.5559012087892102
"""CNR7660309""","""CID6683828""",0,0,0.08809001032565945
"""CNR4555234""","""CID7122972""",0,0,0.10993232591102313
"""CNR1658558""","""CID2202777""",1,1,0.6541897829000062
"""CNR2251063""","""CID3012584""",1,1,0.6678684211363984
"""CNR4515303""","""CID7527659""",0,0,0.07848744762181616
"""CNR6847196""","""CID3554811""",1,1,0.9861368256454444
"""CNR7557639""","""CID1831987""",1,1,0.7611222918626375
"""CNR2317359""","""CID3822578""",1,1,0.956036408070342
"""CNR6225023""","""CID1267417""",1,1,0.9868982784330675
"""CNR3079772""","""CID3189939""",1,1,0.6649989747483902
"""CNR1018121""","""CID7214133""",0,0,0.08678552456752911
"""CNR9525885""","""CID1934143""",1,1,0.644617877429529
"""CNR9812987""","""CID6608417""",1,1,0.6845430245728176
"""CNR7193009""","""CID2401889""",1,1,0.5725831168372617
"""CNR4522530""","""CID2609704""",0,0,0.08468040205792399
"""CNR7703136""","""CID3239602""",1,1,0.7759427487575148
"""CNR2052828""","""CID4962895""",1,1,0.9836866059021616
"""CNR9946889""","""CID4979821""",0,0,0.06827368432375884
"""CNR7789509""","""CID2266732""",1,1,0.9208550789063069
"""CNR4163741""","""CID6802460""",0,0,0.09034215100189666
"""CNR8753090""","""CID9913506""",0,1,0.5713974708880573
"""CNR9798693""","""CID7945357""",0,1,0.7045871347106112
"""CNR9270750""","""CID7552477""",1,1,0.7003174622548669
"""CNR7456204""","""CID3004455""",1,1,0.5673047840658386
"""CNR8181106""","""CID2187890""",1,1,0.6796006103193668
"""CNR5151115""","""CID1603446""",1,1,0.7331283353952677
"""CNR4114874""","""CID4775062""",1,1,0.9487799186101084
"""CNR9008012""","""CID3168699""",0,0,0.11964008479947981
"""CNR1950078""","""CID6213898""",0,1,0.6376845633109115
"""CNR8561681""","""CID4373492""",0,0,0.09612012465553145
"""CNR8691033""","""CID5386374""",1,1,0.6139729028650229
"""CNR6256455""","""CID5774864""",0,0,0.08586535910697146
"""CNR1685251""","""CID2873166""",1,1,0.7546767912240393
"""CNR2995149""","""CID5714519""",0,0,0.07933590318234007
"""CNR9786135""","""CID7961812""",0,0,0.08623393690471426
"""CNR2304854""","""CID8775004""",0,0,0.08755825213351946
"""CNR2334673""","""CID8028665""",0,0,0.08382506359986912
"""CNR4406222""","""CID6504321""",0,0,0.08960188425583664
"""CNR3666152""","""CID2096471""",1,1,0.755540075952822
"""CNR7383318""","""CID3002367""",1,1,0.9801852721440046
"""CNR7091933""","""CID6004556""",0,0,0.06579475908775645
"""CNR7920614""","""CID4272401""",1,1,0.8255648870063085
"""CNR6608976""","""CID2710756""",0,0,0.07728216471080952
"""CNR4044302""","""CID4225634""",1,1,0.9564763798721937
"""CNR6284996""","""CID2177119""",1,1,0.5752073292518788
"""CNR4751561""","""CID4855552""",1,1,0.9364503435463418
"""CNR9388252""","""CID1172711""",0,1,0.6370473825906725
"""CNR9120957""","""CID9443560""",0,1,0.6343104718460759
"""CNR3984450""","""CID2797137""",1,1,0.949456989828863
"""CNR2219357""","""CID5944785""",1,1,0.5666220754240192
"""CNR5175141""","""CID3058611""",1,1,0.6953325555179564
"""CNR1937752""","""CID1036184""",0,0,0.09135999796701401
"""CNR2733875""","""CID7010454""",1,1,0.9504561198974608
"""CNR1088509""","""CID4523979""",1,1,0.9263484775694822
"""CNR2399359""","""CID3540409""",1,1,0.9389977785994512
"""CNR8861404""","""CID7458940""",1,1,0.780397155158982
"""CNR3330097""","""CID2024445""",0,1,0.5686447332724966
"""CNR4844626""","""CID9860621""",0,0,0.09648159398016724
"""CNR8296015""","""CID1849808""",0,0,0.07911409295354624
"""CNR8254805""","""CID6302092""",0,0,0.08144365161902851
"""CNR6324067""","""CID3075477""",0,0,0.07292258929012958
"""CNR4937981""","""CID8855428""",1,1,0.5715758477226202
"""CNR5060137""","""CID2961093""",1,1,0.623589291428205
"""CNR4819674""","""CID1587861""",1,1,0.9482818421250181
"""CNR6876879""","""CID5535160""",1,1,0.7841677977299139
"""CNR2086151""","""CID5109123""",0,0,0.07796645853475004
"""CNR6244018""","""CID1955256""",1,1,0.9144177702738229
"""CNR8524833""","""CID1846804""",1,1,0.5796220952701472
"""CNR2264846""","""CID7232645""",1,1,0.687260091650339
"""CNR7451367""","""CID9368494""",1,1,0.6419842703884838
"""CNR5504533""","""CID1784863""",1,1,0.7749519102687702
"""CNR5163645""","""CID1186366""",0,0,0.08089571578369519
"""CNR2909861""","""CID3367390""",1,1,0.5610020613422683
"""CNR1157637""","""CID3591656""",1,1,0.6780911433496372
"""CNR7680487""","""CID2864930""",1,1,0.9742214061330701
"""CNR9106410""","""CID5154553""",1,1,0.9833403040497016
"""CNR4641499""","""CID8080234""",1,1,0.5672900409876974
"""CNR8337972""","""CID7213346""",0,0,0.1437495926296073
"""CNR1498182""","""CID1194379""",1,1,0.9901615812098912
"""CNR9803518""","""CID5848790""",1,1,0.9279008033697914
"""CNR1816328""","""CID2857521""",1,1,0.9829211384830453
"""CNR1121520""","""CID6975493""",1,1,0.8498901195624268
"""CNR4391036""","""CID7921649""",0,0,0.08184024726363101
"""CNR2825330""","""CID2473895""",0,0,0.15940166799213554
"""CNR8568176""","""CID4173158""",1,1,0.5610141348384016
"""CNR6371489""","""CID7159218""",0,0,0.07145586842213893
"""CNR6776695""","""CID1073841""",0,0,0.08070449570777047
"""CNR4809293""","""CID1227558""",1,1,0.9751267824889293
"""CNR7005136""","""CID1799981""",1,1,0.6044434641867585
"""CNR8238716""","""CID4243342""",0,0,0.08702251240323762
"""CNR2718405""","""CID1748363""",0,0,0.08734920459133931
"""CNR6655841""","""CID4414247""",1,1,0.9895046905563386
"""CNR9191968""","""CID9131870""",1,1,0.953881650636427
"""CNR6473702""","""CID8295276""",1,1,0.5878521658852095
"""CNR7265703""","""CID5732323""",1,1,0.9338493173357758
"""CNR2028959""","""CID7728660""",0,0,0.06865137138591568
"""CNR5625585""","""CID4757284""",1,1,0.928525219946589
"""CNR9942383""","""CID8883225""",1,1,0.5811558129842433
"""CNR2740551""","""CID3663817""",1,1,0.9269911398408205
"""CNR1453792""","""CID3765245""",1,1,0.983164723346717
"""CNR9756554""","""CID9304784""",1,1,0.7472179757716746
"""CNR4695116""","""CID2416135""",0,0,0.07057054540623908
"""CNR7089993""","""CID1433251""",1,1,0.934475194729358
"""CNR4439933""","""CID8570190""",1,1,0.9220473347730099
"""CNR2944948""","""CID7460197""",1,1,0.6997459044638081
"""CNR8428789""","""CID8518752""",0,1,0.7148476864436932
"""CNR9139616""","""CID2947586""",1,1,0.9578002104194682
"""CNR7356111""","""CID3161319""",0,0,0.07617692772181553
"""CNR8915669""","""CID4976212""",0,1,0.5823473072882455
"""CNR2712836""","""CID6691531""",1,1,0.9622327587611473
"""CNR2947632""","""CID4167398""",0,0,0.09509984801825734
"""CNR4881643""","""CID1471259""",1,1,0.6133148713899808
"""CNR7183755""","""CID6835575""",1,1,0.7180056014709233
"""CNR6710053""","""CID7616287""",0,0,0.08043223748483859
"""CNR5827084""","""CID6719645""",1,1,0.7573997231407703
"""CNR5349456""","""CID2812614""",1,1,0.9799466930255352
"""CNR5630469""","""CID2264449""",1,1,0.9466827286942743
"""CNR6860064""","""CID6096937""",1,1,0.9711432378584406
"""CNR4230854""","""CID7532026""",1,1,0.6890687734412357
"""CNR9321968""","""CID8932813""",1,1,0.9755251450137643
"""CNR9855911""","""CID1150911""",1,1,0.7253537273500499
"""CNR9873520""","""CID9796380""",1,1,0.7651086121676309
"""CNR1449687""","""CID1739690""",0,1,0.7044878979112716
"""CNR1040769""","""CID6893994""",0,1,0.5694438555552181
"""CNR1256244""","""CID1296454""",0,0,0.23334711501176766
"""CNR2146679""","""CID6043606""",0,1,0.6100446465225522
"""CNR7436082""","""CID3166854""",0,1,0.5973402237604303
"""CNR2675215""","""CID8359305""",1,1,0.9552049140008643
"""CNR4783512""","""CID1573970""",0,0,0.0759994352857176
"""CNR9231784""","""CID3546319""",1,1,0.6841002174978408
"""CNR2127561""","""CID1903937""",1,1,0.6358083032023804
"""CNR6578456""","""CID3480431""",0,0,0.12833219306010865
"""CNR7528195""","""CID6037450""",1,1,0.9402173776583118
"""CNR1582892""","""CID6293474""",0,0,0.22506625667932398
"""CNR8419631""","""CID1858067""",1,1,0.6347621158176501
"""CNR1566912""","""CID3316570""",1,1,0.6937860148080403
"""CNR7621855""","""CID3389296""",0,0,0.08742587693280048
"""CNR4856846""","""CID4281186""",1,1,0.9744733602889158
"""CNR2315340""","""CID3522411""",0,0,0.06805450652178223
"""CNR3601279""","""CID5481089""",0,0,0.1485489400352404
"""CNR2281760""","""CID9923478""",1,1,0.6040992852392899
"""CNR3718564""","""CID3414038""",1,1,0.9495442180312483
"""CNR3306153""","""CID9654250""",1,1,0.6373712811976882
"""CNR8554054""","""CID9877650""",1,1,0.9518370224548601
"""CNR8548587""","""CID4686015""",0,0,0.12716613431001775
"""CNR4648667""","""CID6849564""",1,1,0.92861590449862
"""CNR1458105""","""CID1045948""",1,1,0.9768675568022047
"""CNR5305769""","""CID1991104""",1,1,0.9674947130775752
"""CNR5949055""","""CID1878486""",1,1,0.9270834052170909
"""CNR1411943""","""CID4113505""",1,1,0.582102827120993
"""CNR8671964""","""CID6039026""",0,1,0.5497414877787602
"""CNR4811007""","""CID9172948""",1,1,0.5787105700098157
"""CNR5923495""","""CID8284399""",0,1,0.5945202783476735
"""CNR3034257""","""CID9425220""",0,0,0.06693958681485238
"""CNR8959124""","""CID6377641""",1,1,0.9693291610354539
"""CNR6024887""","""CID6125857""",1,1,0.5921720304336779
"""CNR3011512""","""CID4177470""",0,0,0.08665253397048835
"""CNR6309257""","""CID5092915""",1,1,0.6954644882628969
"""CNR7808900""","""CID6619622""",0,0,0.08190749246944172
