Booking ID,Customer ID,y_true,y_pred,residual
"""CNR4294153""","""CID8520403""",-1.5374508,-0.010015726,-1.5274351
"""CNR4989645""","""CID7123452""",8.888291,-0.02393353,8.912225
"""CNR7122432""","""CID1882791""",-2.1463618,0.011664301,-2.1580262
"""CNR6398323""","""CID4513453""",0.013829263,0.057535946,-0.043706685
"""CNR8314481""","""CID6557479""",5.521955,-0.01477164,5.5367265
"""CNR7533723""","""CID9964339""",0.75462836,0.04498768,0.7096407
"""CNR3093322""","""CID5113168""",0.601163,0.044972748,0.55619025
"""CNR1289896""","""CID4457744""",0.0,0.026509821,-0.026509821
"""CNR3640503""","""CID9846064""",0.025039341,0.06892288,-0.043883536
"""CNR3266146""","""CID2410742""",0.013549859,-0.045802534,0.05935239
"""CNR9457892""","""CID9651724""",0.025039341,-0.00980705,0.03484639
"""CNR3505424""","""CID4345363""",-0.6711142,0.025093347,-0.6962075
"""CNR7889926""","""CID6316953""",-0.3740845,-0.024082065,-0.35000244
"""CNR2564507""","""CID5291830""",-0.14636172,0.019132316,-0.16549404
"""CNR1751318""","""CID8482239""",0.013829263,-0.0029904842,0.016819747
"""CNR9627366""","""CID6413363""",5.4674997,0.033173233,5.4343266
"""CNR9586238""","""CID4644695""",-1.7156687,-0.02362892,-1.6920397
"""CNR1884806""","""CID9505944""",-2.0473518,0.07467651,-2.1220284
"""CNR4667841""","""CID4330694""",-1.6067578,0.027241707,-1.6339995
"""CNR7919810""","""CID2920654""",-0.30972806,-0.065219104,-0.24450895
"""CNR9911911""","""CID1362855""",-0.013278072,0.022699803,-0.035977874
"""CNR6274611""","""CID2213484""",0.013829263,0.005012393,0.00881687
"""CNR1649020""","""CID5096137""",-0.74537164,0.038265854,-0.7836375
"""CNR8875554""","""CID4655926""",2.799183,-0.0969345,2.8961174
"""CNR2183312""","""CID2667499""",0.55660856,0.002115488,0.55449307
"""CNR8691886""","""CID7702277""",-2.1463618,-0.026456892,-2.119905
"""CNR3149188""","""CID3422015""",-0.013278072,0.020760775,-0.034038845
"""CNR5481555""","""CID1190083""",-0.25527263,-0.04967788,-0.20559475
"""CNR3312633""","""CID4588718""",-2.2453716,-0.0042809844,-2.2410905
"""CNR5674211""","""CID6534828""",-0.116658755,0.015681386,-0.13234013
"""CNR1992728""","""CID9561400""",-1.7404212,0.040642977,-1.7810642
"""CNR1129525""","""CID2016930""",0.013549859,0.0029441118,0.010605747
"""CNR4829650""","""CID9784868""",-0.01269836,0.014126301,-0.02682466
"""CNR5680648""","""CID5270176""",0.11106402,-0.024333328,0.13539734
"""CNR7589512""","""CID5175391""",5.462549,0.03884405,5.423705
"""CNR7778818""","""CID4987690""",-1.8938864,-0.0055764616,-1.88831
"""CNR6471849""","""CID5600805""",0.0,0.029683352,-0.029683352
"""CNR3335359""","""CID5771473""",0.620965,0.018968284,0.6019967
"""CNR6005957""","""CID9284061""",0.003027254,0.00647974,-0.0034524861
"""CNR3869799""","""CID5757293""",4.5467076,-0.037202775,4.5839105
"""CNR9059539""","""CID4317373""",0.0,0.0034820437,-0.0034820437
"""CNR9634541""","""CID5774499""",0.0,-0.00617823,0.00617823
"""CNR2774245""","""CID8139154""",0.003027254,0.007106811,-0.004079557
"""CNR9186210""","""CID8519560""",-0.9037875,0.061969995,-0.9657575
"""CNR7051684""","""CID2280043""",2.180371,0.0026848316,2.1776862
"""CNR3453364""","""CID6760746""",0.025039341,0.064841986,-0.039802644
"""CNR7761528""","""CID1133213""",0.0,-0.016010046,0.016010046
"""CNR5841901""","""CID4504655""",0.8536383,0.0037256181,0.84991264
"""CNR3944526""","""CID7729706""",-0.013278072,-0.025296122,0.01201805
"""CNR8214601""","""CID4176357""",-0.29487658,0.032257497,-0.32713407
"""CNR2673528""","""CID7566464""",-1.7107182,-0.023576051,-1.6871421
"""CNR5009630""","""CID1050542""",0.0,0.076254725,-0.076254725
"""CNR4709219""","""CID5751335""",-0.7602231,-0.04854107,-0.711682
"""CNR7050687""","""CID5432411""",2.1358166,-0.028047472,2.1638641
"""CNR5019844""","""CID4531900""",1.4080937,0.008643329,1.3994503
"""CNR6602760""","""CID5703604""",2.4179947,-0.003450185,2.421445
"""CNR4375711""","""CID7906441""",2.3338363,-0.0064789653,2.3403153
"""CNR7043018""","""CID8015057""",2.2051234,-0.03881508,2.2439384
"""CNR8181203""","""CID7768789""",0.86848974,0.0045852363,0.8639045
"""CNR5474325""","""CID4478598""",13.9675,-0.011090159,13.97859
"""CNR4337572""","""CID8969606""",-0.94339144,-0.001806289,-0.9415852
"""CNR9996733""","""CID9417976""",0.30908382,0.0064166784,0.30266714
"""CNR8393653""","""CID8803448""",0.19522244,-0.05772683,0.25294927
"""CNR4270676""","""CID8835110""",1.2694799,0.0076763034,1.2618036
"""CNR4439046""","""CID8497894""",0.003027254,-0.042101324,0.045128576
"""CNR8958589""","""CID5333980""",-1.2404212,-0.0022087097,-1.2382125
"""CNR2585517""","""CID1309526""",0.013549859,-0.019985378,0.033535235
"""CNR8046133""","""CID5411634""",-0.67606467,-0.03032118,-0.6457435
"""CNR4879653""","""CID9826469""",1.9080937,0.035173178,1.8729205
"""CNR7176696""","""CID1845670""",2.07146,0.033456087,2.038004
"""CNR8394729""","""CID2665969""",-0.28992608,0.027944744,-0.31787083
"""CNR4254145""","""CID9156504""",0.29918283,0.013930798,0.28525203
"""CNR9169359""","""CID7357177""",0.0,0.0095870495,-0.0095870495
"""CNR5856418""","""CID4857055""",2.1457174,-0.0007530749,2.1464705
"""CNR7513316""","""CID2226649""",-1.4978468,-0.013552666,-1.4842942
"""CNR2771423""","""CID1619266""",-0.6661637,0.018511653,-0.68467534
"""CNR4674761""","""CID2318222""",0.003027254,0.034562558,-0.031535305
"""CNR1268044""","""CID8422644""",1.5318561,0.016991258,1.5148648
"""CNR6414124""","""CID3390349""",-1.0869558,-0.017965853,-1.06899
"""CNR5955930""","""CID6160036""",-1.3196291,0.02936393,-1.3489931
"""CNR2295551""","""CID2306418""",0.0,-0.0126773715,0.0126773715
"""CNR7911191""","""CID3844723""",-1.0126984,0.023764253,-1.0364627
"""CNR7141164""","""CID1865705""",-0.013278072,0.01834333,-0.0316214
"""CNR8496734""","""CID4814236""",-1.2800251,-0.012626767,-1.2673984
"""CNR7159277""","""CID7781849""",1.3536383,0.016092598,1.3375456
"""CNR1306393""","""CID9640254""",-0.6216093,0.032224,-0.65383327
"""CNR9951623""","""CID4779178""",-1.1315103,0.0003360808,-1.1318463
"""CNR8051736""","""CID3939557""",0.025039341,-0.00929907,0.03433841
"""CNR2831903""","""CID9806943""",0.003027254,0.014377058,-0.011349804
"""CNR4933541""","""CID3126209""",-2.250322,0.01346913,-2.2637913
"""CNR2249676""","""CID8218663""",-1.448342,0.01837939,-1.4667213
"""CNR7808727""","""CID6812977""",-0.9582429,0.065639734,-1.0238826
"""CNR5582674""","""CID9196972""",-1.289926,-0.0687412,-1.2211848
"""CNR6516058""","""CID4241245""",-1.6117083,-0.063221306,-1.548487
"""CNR6688194""","""CID8157590""",-0.46319342,-0.0014098287,-0.4617836
"""CNR5055075""","""CID8421214""",0.003027254,0.040260434,-0.03723318
"""CNR8612558""","""CID2821546""",0.003027254,-0.0020973384,0.005124592
"""CNR8875156""","""CID2832913""",-1.2800251,-0.014546126,-1.265479
"""CNR5786144""","""CID2412930""",-1.6265597,0.0062963963,-1.6328561
"""CNR9800610""","""CID4476356""",0.025039341,0.017826438,0.0072129034
"""CNR5002223""","""CID3778246""",-0.042401332,0.09761441,-0.14001574
"""CNR1948861""","""CID6143438""",0.0,0.085035086,-0.085035086
"""CNR1751811""","""CID8906296""",4.0071034,-0.006093979,4.0131974
"""CNR3174008""","""CID5877559""",-1.309728,-0.021112084,-1.288616
"""CNR1432265""","""CID2415561""",0.013829263,0.029929578,-0.016100315
"""CNR6694756""","""CID9774254""",-0.2849756,0.022376627,-0.30735222
"""CNR5590381""","""CID3560180""",0.013829263,-0.03443134,0.0482606
"""CNR2713855""","""CID6694825""",2.3585887,0.038041443,2.3205473
"""CNR9316088""","""CID2308357""",-0.97804487,0.025714397,-1.0037593
"""CNR7165636""","""CID5165939""",2.8833413,0.057935566,2.8254058
"""CNR2305670""","""CID5875941""",-0.4681439,-0.026064038,-0.44207987
"""CNR2814535""","""CID5474322""",-0.013278072,-0.008588135,-0.0046899365
"""CNR5235138""","""CID8461740""",8.130866,0.038317025,8.092549
"""CNR4898971""","""CID2728540""",-1.1958667,0.013676316,-1.209543
"""CNR1919758""","""CID9806855""",-2.007748,0.030803978,-2.0385518
"""CNR4305953""","""CID6411277""",0.003027254,-0.017707735,0.02073499
"""CNR4765176""","""CID3405817""",-1.6067578,-0.033893377,-1.5728644
"""CNR5234855""","""CID7621307""",-0.14636172,0.016819984,-0.1631817
"""CNR1788934""","""CID2456057""",0.6803709,-0.0032239556,0.6835949
"""CNR8485107""","""CID6411045""",-0.42853993,0.021333009,-0.44987294
"""CNR2213876""","""CID2116213""",-0.45329243,-0.0019370615,-0.45135537
"""CNR4398360""","""CID8062146""",3.9377966,0.052179992,3.8856165
"""CNR1906218""","""CID5045992""",0.003027254,0.040505767,-0.037478514
"""CNR4818584""","""CID5185503""",-1.5869558,-0.00446856,-1.5824872
"""CNR2909572""","""CID5137765""",-0.29982707,0.007445574,-0.30727264
"""CNR7655537""","""CID1368033""",-0.62655973,0.0008892119,-0.6274489
"""CNR3827224""","""CID6982260""",0.031856094,0.028360814,0.0034952797
"""CNR6064342""","""CID4454595""",-1.3344805,0.0133059025,-1.3477864
"""CNR5117292""","""CID8842478""",0.0,-0.03443107,0.03443107
"""CNR4561169""","""CID5749024""",0.0,0.007597357,-0.007597357
"""CNR3287248""","""CID9417792""",0.0,0.038692772,-0.038692772
"""CNR8059697""","""CID5329648""",0.003027254,-0.07865614,0.08168339
"""CNR4014875""","""CID4687279""",-1.4631934,-0.0147691965,-1.4484242
"""CNR3580429""","""CID2968572""",-0.64141124,0.029980987,-0.6713922
"""CNR7394697""","""CID1061097""",0.013549859,-0.023436219,0.036986075
"""CNR7852793""","""CID1540857""",0.025039341,-0.0068812966,0.031920638
"""CNR5958696""","""CID7514435""",-1.4532924,-0.00046375394,-1.4528286
"""CNR3371092""","""CID4112739""",-1.2948766,-0.06247574,-1.2324009
"""CNR5133992""","""CID8863824""",5.4674997,-0.01071766,5.4782176
"""CNR3934534""","""CID2273303""",-0.43349043,-0.013800979,-0.41968945
"""CNR9602926""","""CID8418575""",1.9774007,-0.05661115,2.0340118
"""CNR9774359""","""CID5034735""",-1.809728,0.022809833,-1.8325379
"""CNR9185261""","""CID5358670""",-0.013278072,0.04319465,-0.056472722
"""CNR4729424""","""CID7422303""",1.4377967,-0.020817101,1.4586139
"""CNR2119587""","""CID6259677""",0.025039341,0.03595698,-0.0109176375
"""CNR2501746""","""CID5377699""",-0.13151024,0.058936298,-0.19044654
"""CNR6183961""","""CID8601442""",2.3041334,0.049558938,2.2545745
"""CNR3766899""","""CID8554863""",0.025039341,0.006323576,0.018715765
"""CNR7922195""","""CID9948615""",0.013549859,-0.03573519,0.049285047
"""CNR6894561""","""CID3460122""",2.0368066,-0.005183637,2.0419903
"""CNR3365829""","""CID2654904""",-1.0225993,-0.035233438,-0.9873659
"""CNR5951325""","""CID7609676""",0.025039341,0.02284336,0.0021959804
"""CNR9047372""","""CID4925006""",0.0,-0.0016672611,0.0016672611
"""CNR4227802""","""CID7797188""",2.4031432,0.023409843,2.3797333
"""CNR3801546""","""CID6950171""",-1.7156687,-0.0025900006,-1.7130787
"""CNR8169221""","""CID2600177""",-1.8542825,-0.002573967,-1.8517085
"""CNR9445100""","""CID8542331""",0.5170046,-0.01189661,0.5289012
"""CNR7772061""","""CID9445685""",2.0962126,0.015983403,2.0802293
"""CNR1913222""","""CID1850906""",2.299183,-0.03705132,2.336234
"""CNR7348126""","""CID1915179""",0.0,-0.011626184,0.011626184
"""CNR8957593""","""CID5822566""",-0.5869558,0.003636539,-0.5905923
"""CNR8244048""","""CID4150374""",-0.29982707,-0.030465782,-0.2693613
"""CNR5348712""","""CID5286579""",0.013829263,-0.045010507,0.05883977
"""CNR9205955""","""CID7535610""",0.0,-0.0073064566,0.0073064566
"""CNR3544529""","""CID4351097""",-0.49784687,0.050325394,-0.54817224
"""CNR2929605""","""CID1274436""",0.17542045,0.014374256,0.16104619
"""CNR7793279""","""CID2932788""",1.4922521,-0.030900747,1.5231528
"""CNR2845363""","""CID2102241""",3.3090837,0.0098080635,3.2992756
"""CNR9521872""","""CID4487161""",-1.2998271,-0.022756219,-1.2770709
"""CNR6904125""","""CID5594219""",0.013549859,0.015098453,-0.0015485939
"""CNR4315235""","""CID4866991""",-0.0721043,0.019191623,-0.09129592
"""CNR1724437""","""CID5725631""",-1.5968568,-0.04240179,-1.554455
"""CNR3282553""","""CID7992546""",-2.0225995,0.0059940815,-2.0285935
"""CNR8634176""","""CID2047954""",2.6952224,-0.0034262538,2.6986487
"""CNR7489151""","""CID1747429""",-1.6958667,-0.088620394,-1.6072463
"""CNR2844823""","""CID4297333""",-1.8740845,-0.03063345,-1.843451
"""CNR6644336""","""CID7845340""",0.013829263,-0.032616228,0.04644549
"""CNR3886324""","""CID7478776""",0.025039341,-0.012016237,0.037055578
"""CNR2845229""","""CID9618416""",-0.34933203,-0.033549935,-0.3157821
"""CNR1502800""","""CID4160237""",1.2546284,-0.034028947,1.2886574
"""CNR9117706""","""CID7736960""",0.013829263,-0.006853521,0.020682784
"""CNR9261533""","""CID9759013""",-0.8740845,-0.010562599,-0.8635219
"""CNR5260899""","""CID1171959""",1.8981928,0.028338552,1.8698542
"""CNR8270544""","""CID7935358""",0.0,0.024038613,-0.024038613
"""CNR1127766""","""CID3049526""",1.5467076,-0.03324288,1.5799506
"""CNR3669129""","""CID7685573""",0.013549859,-0.007079363,0.020629222
"""CNR6766004""","""CID5779386""",0.025039341,-0.061017245,0.08605659
"""CNR5419841""","""CID6634530""",2.111064,0.017913133,2.0931509
"""CNR7727455""","""CID8370555""",-0.6463617,-0.069521844,-0.57683986
"""CNR6460790""","""CID5229309""",-0.34933203,-0.03097853,-0.3183535
"""CNR6332549""","""CID8916135""",-1.9433914,-0.02124405,-1.9221474
"""CNR9620905""","""CID6984662""",-1.7453716,-0.022046447,-1.7233251
"""CNR8412910""","""CID5746339""",0.0,-0.01697582,0.01697582
"""CNR7706979""","""CID8299117""",0.025039341,-0.020488381,0.045527723
"""CNR7196701""","""CID6586177""",-0.33943105,0.0060739815,-0.34550503
"""CNR6161820""","""CID9761786""",0.013549859,-0.010336101,0.02388596
"""CNR2024549""","""CID8673139""",0.19522244,0.029940754,0.16528168
"""CNR1653161""","""CID4509457""",-0.042401332,0.047415137,-0.089816466
"""CNR1121087""","""CID9605956""",0.8090838,-0.05222094,0.86130476
"""CNR6509197""","""CID6711679""",0.89324224,-0.020198405,0.91344064
"""CNR7577442""","""CID1389120""",-1.1661637,-0.002393484,-1.1637702
"""CNR4531985""","""CID3957088""",-0.7057677,-0.010552645,-0.69521505
"""CNR4671913""","""CID6628403""",-2.007748,0.04656908,-2.054317
"""CNR5978335""","""CID5451216""",-0.1760647,-0.14236045,-0.03370425
"""CNR6082200""","""CID6599027""",0.025039341,-0.0035181046,0.028557446
"""CNR5167240""","""CID5937280""",-0.39388648,-0.007196307,-0.38669017
"""CNR3582581""","""CID1284439""",-1.8146785,0.026754767,-1.8414333
"""CNR8001173""","""CID9492252""",-0.7849756,-0.07463142,-0.7103442
"""CNR7625615""","""CID9472180""",0.68532145,-0.0053992867,0.69072074
"""CNR2894932""","""CID2678266""",-1.8245796,-0.017943501,-1.8066361
"""CNR3092649""","""CID1745710""",0.013549859,-0.032883912,0.04643377
"""CNR5863867""","""CID4789799""",-0.013278072,-0.0021687448,-0.011109327
"""CNR6456100""","""CID6435577""",-1.839431,0.026037931,-1.865469
"""CNR9978217""","""CID9740562""",-1.9631934,0.02488783,-1.9880812
"""CNR9995542""","""CID4078634""",-1.3344805,-0.018046826,-1.3164337
"""CNR4086586""","""CID8199368""",0.025039341,0.01941961,0.005619731
"""CNR5695726""","""CID1679896""",3.2793808,0.015373677,3.264007
"""CNR7210095""","""CID9011080""",1.7001729,0.07490629,1.6252666
"""CNR7021352""","""CID3914433""",-2.2206192,-0.0067092776,-2.2139099
"""CNR1354779""","""CID3006380""",-2.2206192,0.045502335,-2.2661216
"""CNR4794649""","""CID7426947""",-1.9879459,-0.008923352,-1.9790225
"""CNR2590842""","""CID1623000""",-1.4829954,0.0009584427,-1.4839538
"""CNR1405909""","""CID9565800""",3.0516582,0.0076214075,3.0440369
"""CNR9199801""","""CID9931869""",-0.4681439,-0.007326722,-0.4608172
"""CNR7134765""","""CID9744093""",0.025039341,0.03613603,-0.01109669
"""CNR2339474""","""CID8937838""",2.4724503,-0.028028965,2.5004792
"""CNR9461432""","""CID9604220""",-2.0968568,-0.025105178,-2.0717516
"""CNR5591739""","""CID2778119""",-2.2552726,-0.0034587383,-2.251814
"""CNR8430194""","""CID4781535""",-0.7651736,-0.041279435,-0.7238942
"""CNR4753156""","""CID6288073""",0.3239353,0.018127352,0.30580795
"""CNR3640373""","""CID2058569""",1.0368066,-0.00046271086,1.0372694
"""CNR7153625""","""CID9784509""",-0.82953006,0.0020533204,-0.8315834
"""CNR3913339""","""CID6658752""",-0.4829954,0.09669083,-0.5796862
"""CNR1315495""","""CID3714825""",-0.78002506,-0.0076060295,-0.77241904
"""CNR1330241""","""CID3146083""",-0.16616371,0.021663725,-0.18782744
"""CNR7990077""","""CID7695984""",-0.9037875,0.01796937,-0.92175686
"""CNR4516559""","""CID6155772""",-2.1067579,0.011435032,-2.118193
"""CNR6261179""","""CID3264470""",0.34373727,0.019270658,0.32446662
"""CNR1169046""","""CID2937435""",-0.31962904,-0.017489076,-0.30213997
"""CNR6436862""","""CID6755952""",4.477401,-0.026865184,4.504266
"""CNR6005478""","""CID3704293""",-1.5671538,-0.003329873,-1.5638239
"""CNR1852006""","""CID4402725""",0.06650956,-0.018434793,0.08494435
"""CNR1331211""","""CID4678033""",-1.4532924,0.027963936,-1.4812562
"""CNR8258006""","""CID7325026""",-1.1414112,0.044921577,-1.1863327
"""CNR6951429""","""CID7789481""",-2.1414113,0.02942884,-2.1708403
"""CNR2079845""","""CID3914629""",-1.7206192,-0.0013543367,-1.7192649
"""CNR8241429""","""CID9356172""",0.0,0.035370797,-0.035370797
"""CNR7142019""","""CID6612508""",-1.1859657,0.05303511,-1.2390008
"""CNR1662682""","""CID4451662""",-0.7552726,0.038164824,-0.7934375
"""CNR6364516""","""CID5344699""",-2.0424013,0.008637279,-2.0510385
"""CNR5580268""","""CID3390894""",0.025039341,0.01919204,0.0058473013
"""CNR9443068""","""CID3221580""",-2.0968568,0.048820406,-2.1456773
"""CNR9883431""","""CID6061032""",-1.9433914,0.012230426,-1.9556218
"""CNR3449245""","""CID2563729""",0.7298759,0.037676007,0.69219995
"""CNR4653323""","""CID9633241""",0.013829263,0.007965207,0.005864056
"""CNR7285055""","""CID6299685""",0.0,-0.015313923,0.015313923
"""CNR7730264""","""CID9048279""",0.0,0.016384631,-0.016384631
"""CNR3381314""","""CID2735609""",2.2348263,0.016155839,2.2186704
"""CNR8272152""","""CID1595231""",0.0,0.01637274,-0.01637274
"""CNR3171713""","""CID8804270""",-1.0919063,-0.04536122,-1.046545
"""CNR9072578""","""CID3411429""",0.025039341,0.0021941364,0.022845205
"""CNR5465748""","""CID7060264""",7.413044,0.031204343,7.3818398
"""CNR2563368""","""CID8992033""",-0.16121322,-0.026103199,-0.13511002
"""CNR3781625""","""CID1935050""",0.025039341,-0.02381882,0.048858162
"""CNR7983373""","""CID7518168""",-0.0721043,-0.0024202168,-0.06968408
"""CNR7694428""","""CID4811452""",-0.12655975,0.022182286,-0.14874204
"""CNR7962556""","""CID6775827""",-0.7602231,0.020100534,-0.7803236
"""CNR1916323""","""CID7312717""",-2.2255697,0.07551628,-2.301086
"""CNR7390644""","""CID7845608""",-1.9730943,-0.01705712,-1.9560373
"""CNR5275022""","""CID5343976""",0.003027254,0.021803379,-0.018776124
"""CNR6400285""","""CID4758177""",0.013829263,-0.022066772,0.035896033
"""CNR8732682""","""CID6919118""",0.0,-0.022265375,0.022265375
"""CNR7996684""","""CID1206755""",2.3041334,0.055800647,2.2483327
"""CNR7927369""","""CID3967872""",1.0368066,-0.0053194463,1.042126
"""CNR5962340""","""CID5167540""",0.97245014,0.061306775,0.91114336
"""CNR2472100""","""CID8253112""",-1.5671538,-0.021859705,-1.545294
"""CNR1094484""","""CID5508950""",0.076410554,-0.0096821785,0.08609273
"""CNR5159912""","""CID4897220""",-0.44834194,-0.021684766,-0.42665717
"""CNR8864529""","""CID4702470""",-0.067153804,-0.03228098,-0.034872822
"""CNR7769968""","""CID4369508""",0.6803709,-0.01582402,0.69619495
"""CNR9459588""","""CID9770128""",1.0665096,0.028283775,1.0382259
"""CNR4465799""","""CID9428116""",-0.91863894,0.0003822744,-0.91902125
"""CNR6019451""","""CID2989342""",0.03680659,-0.077622354,0.114428945
"""CNR6922118""","""CID1551710""",2.6902719,0.015099764,2.675172
"""CNR5718865""","""CID5298297""",-0.29487658,0.047513068,-0.34238964
"""CNR6105689""","""CID8181292""",-0.027549844,-0.017545938,-0.010003906
"""CNR8296415""","""CID3005404""",-2.1117082,0.023258388,-2.1349666
"""CNR1472665""","""CID2570302""",-1.879035,0.017987221,-1.8970222
"""CNR6487314""","""CID1008317""",-1.1414112,-0.037974536,-1.1034367
"""CNR6361535""","""CID9286934""",0.003027254,-0.027609348,0.030636603
"""CNR5768824""","""CID9023911""",-0.6711142,0.009646237,-0.68076044
"""CNR6877096""","""CID3119828""",0.025039341,-0.0073483884,0.03238773
"""CNR5659003""","""CID8453825""",-1.8938864,-0.024467885,-1.8694186
"""CNR1811088""","""CID2603514""",0.0,0.012290359,-0.012290359
"""CNR4306164""","""CID8083795""",0.0,0.032457232,-0.032457232
"""CNR4728677""","""CID1695422""",-0.50279737,-0.012380123,-0.49041724
"""CNR7888084""","""CID6532021""",0.003027254,0.042066813,-0.03903956
"""CNR4364187""","""CID7630661""",0.11106402,0.043661952,0.067402065
"""CNR8332079""","""CID8293808""",0.0,0.0065134168,-0.0065134168
"""CNR1440939""","""CID7010877""",1.1655195,-0.016960382,1.1824799
"""CNR1764202""","""CID2247922""",2.3833413,0.06570619,2.317635
"""CNR7686931""","""CID4521238""",1.3734403,-0.024828255,1.3982685
"""CNR6102169""","""CID4347952""",0.0,0.049392164,-0.049392164
"""CNR8306902""","""CID3339635""",0.013829263,0.03767559,-0.023846326
"""CNR7356810""","""CID1852309""",0.0,0.053859353,-0.053859353
"""CNR3342731""","""CID7702316""",0.025039341,-0.011364758,0.0364041
"""CNR6936731""","""CID8660363""",-1.8196291,-0.09795019,-1.7216789
"""CNR3279615""","""CID4015255""",-0.39883697,-0.00538069,-0.39345628
"""CNR8055782""","""CID4667490""",-1.6315103,0.010579884,-1.6420901
"""CNR6791522""","""CID9895744""",-0.042401332,-0.027878404,-0.014522929
"""CNR9455789""","""CID5360392""",-0.22061916,-0.012458324,-0.20816083
"""CNR8790227""","""CID8782236""",0.003027254,-0.015994936,0.019022191
"""CNR2247536""","""CID4913044""",-0.45824292,-0.086366236,-0.3718767
"""CNR9686843""","""CID5773765""",0.66056895,-0.0032138824,0.66378284
"""CNR4935025""","""CID3395147""",0.45759866,-0.01248005,0.4700787
"""CNR3464899""","""CID4094175""",0.88334125,-0.02077663,0.9041179
"""CNR2535265""","""CID6659794""",0.0,0.009905428,-0.009905428
"""CNR1077809""","""CID1135331""",2.160569,-0.011282682,2.1718516
"""CNR9962989""","""CID1065892""",-1.9532924,-0.07870901,-1.8745834
"""CNR2075774""","""CID8809953""",-0.9730944,-0.024445623,-0.9486488
"""CNR8215247""","""CID7178168""",-1.7305201,-0.05123031,-1.6792898
"""CNR3064021""","""CID3203199""",2.2051234,-0.057072163,2.2621956
"""CNR3247259""","""CID3216471""",2.120965,-0.013391882,2.134357
"""CNR3721903""","""CID4710395""",-0.8641835,-0.012795687,-0.8513878
"""CNR6924606""","""CID9654936""",1.581361,-0.0074971616,1.5888582
"""CNR7431884""","""CID1065515""",-0.83943105,0.019584477,-0.8590155
"""CNR4299870""","""CID3310424""",0.013829263,-0.02552709,0.03935635
"""CNR7480107""","""CID8754972""",0.025039341,0.072285295,-0.047245953
"""CNR3962102""","""CID3593300""",0.08136105,0.0041852295,0.07717582
"""CNR9836434""","""CID2684813""",-0.29982707,0.033228964,-0.33305603
"""CNR3516161""","""CID4233298""",-0.0770548,-0.03199631,-0.04505849
"""CNR8368215""","""CID1193703""",-0.4681439,-0.03755164,-0.43059227
"""CNR3552949""","""CID3192503""",1.7298759,0.024285406,1.7055905
"""CNR4902595""","""CID3456780""",0.013829263,-0.010560155,0.024389418
"""CNR4685616""","""CID6903175""",-0.19091618,0.00077211857,-0.1916883
"""CNR3430994""","""CID2038266""",0.025039341,-0.009253085,0.034292426
"""CNR8831490""","""CID1874189""",0.013829263,-0.020350397,0.034179658
"""CNR5440505""","""CID4506277""",-0.34438154,0.004536867,-0.3489184
"""CNR6946946""","""CID2749517""",0.0,-0.016423523,0.016423523
"""CNR9079764""","""CID8977308""",-1.5572528,0.020594776,-1.5778475
"""CNR2047955""","""CID6940947""",-0.013278072,0.015012622,-0.028290693
"""CNR4303839""","""CID7592571""",0.0,0.03861952,-0.03861952
"""CNR9087157""","""CID3398031""",-0.38893598,-0.046254605,-0.34268138
"""CNR2914188""","""CID8649767""",-2.0622034,-0.01134643,-2.050857
"""CNR6833198""","""CID2622455""",-1.0325004,0.024528801,-1.0570292
"""CNR3118943""","""CID5690937""",-0.057252817,0.0031361282,-0.060388945
"""CNR1872680""","""CID1362913""",1.3387868,-0.03321001,1.3719969
"""CNR7791863""","""CID1873624""",-1.2701241,0.032964587,-1.3030887
"""CNR2882883""","""CID3356216""",0.003027254,0.012884647,-0.009857393
"""CNR6912372""","""CID8209339""",0.025039341,0.00023633242,0.024803009
"""CNR8263604""","""CID6962537""",0.0,0.02686894,-0.02686894
"""CNR6594260""","""CID3482032""",-0.7404211,-0.019284248,-0.72113687
"""CNR1344649""","""CID4996798""",-1.0424013,0.023610353,-1.0660117
"""CNR4462317""","""CID8100263""",-0.9681439,-0.011686772,-0.95645714
"""CNR3788758""","""CID2488642""",3.8239353,0.09190488,3.7320304
"""CNR8303494""","""CID5689138""",0.0,0.038276494,-0.038276494
"""CNR2987043""","""CID6588880""",3.942747,-0.00077819824,3.9435253
"""CNR9931806""","""CID5663736""",0.98730165,-0.013609469,1.0009111
"""CNR4657197""","""CID2485457""",-0.31962904,-0.010030836,-0.3095982
"""CNR3958275""","""CID6061223""",-2.1612132,0.004171014,-2.1653843
"""CNR8179167""","""CID1856368""",-0.00279737,-0.12197149,0.119174115
"""CNR4856435""","""CID3996999""",-1.1711142,-0.003358841,-1.1677554
"""CNR2685156""","""CID7284063""",0.003027254,-0.018972248,0.021999503
"""CNR4910389""","""CID2300685""",-0.013278072,-0.033457637,0.020179566
"""CNR3321014""","""CID8661842""",1.4674996,-0.0125514865,1.480051
"""CNR1366662""","""CID6579705""",2.259579,-0.020924985,2.280504
"""CNR6882611""","""CID4772343""",0.66056895,0.024161696,0.63640726
"""CNR1959439""","""CID1721050""",0.013549859,-0.001234591,0.01478445
"""CNR1896542""","""CID5513955""",0.3140343,-0.00018310547,0.31421742
"""CNR4588882""","""CID3860264""",-1.4235895,-0.0069843233,-1.4166051
"""CNR8685539""","""CID8419009""",0.003027254,0.052013874,-0.04898662
"""CNR9201252""","""CID6195371""",0.7942323,-0.00036895275,0.79460126
"""CNR3844019""","""CID2696883""",0.013829263,-0.0011270046,0.014956268
"""CNR7319552""","""CID5528946""",0.21007392,-0.045565248,0.25563917
"""CNR1055444""","""CID6831763""",-1.0275499,0.09890205,-1.126452
"""CNR1366689""","""CID8329537""",-0.74537164,-0.022098422,-0.7232732
"""CNR5781409""","""CID7664012""",-0.8938865,0.064923525,-0.95881003
"""CNR4316546""","""CID2015026""",1.9873016,0.0020017922,1.9852998
"""CNR9087098""","""CID3013767""",-0.01214276,-0.07887304,0.066730276
"""CNR5424608""","""CID5608625""",0.0,-0.024692655,0.024692655
"""CNR5754713""","""CID8741197""",-2.0721042,0.024409711,-2.096514
"""CNR5060188""","""CID7192874""",0.0,0.026874483,-0.026874483
"""CNR2126335""","""CID3268404""",0.0,-0.013265371,0.013265371
"""CNR1009105""","""CID1021224""",-1.4235895,-0.016888231,-1.4067012
"""CNR1752261""","""CID3000150""",-0.82953006,0.06478202,-0.8943121
"""CNR1580164""","""CID1987301""",-0.5721043,-0.05257541,-0.51952887
"""CNR7979232""","""CID9217688""",2.0863116,0.0021423101,2.0841694
"""CNR7424349""","""CID2400723""",-2.151312,0.016025454,-2.1673377
"""CNR1084934""","""CID8615863""",-1.5176488,0.031248748,-1.5488975
"""CNR7047574""","""CID6298831""",0.003027254,-0.027625382,0.030652637
"""CNR3805376""","""CID9117781""",4.081361,0.0048843324,4.0764766
"""CNR1170755""","""CID6339460""",-1.5176488,0.0404661,-1.5581149
"""CNR5630389""","""CID5376643""",0.003027254,-0.013555765,0.01658302
"""CNR6600265""","""CID8252124""",1.1259155,-0.029263198,1.1551788
"""CNR4502199""","""CID6128139""",0.15066798,0.019314408,0.13135357
"""CNR9858630""","""CID2962175""",-1.1018072,-0.0005710721,-1.1012361
"""CNR6376518""","""CID1168589""",-1.4334904,-0.066669345,-1.366821
"""CNR9555208""","""CID5010651""",-1.1414112,-0.011626452,-1.1297847
"""CNR2372368""","""CID3661012""",-0.92358947,-0.075553596,-0.8480359
"""CNR5614594""","""CID8750493""",0.38334125,-0.045317233,0.4286585
"""CNR8163250""","""CID5098997""",-1.1067578,9.262562e-05,-1.1068504
"""CNR3132920""","""CID4024063""",0.003027254,0.024729192,-0.021701938
"""CNR5588168""","""CID7609726""",-0.6117083,-0.010258853,-0.60144943
"""CNR2289169""","""CID8700747""",-0.35428253,-0.008899659,-0.34538287
"""CNR1642549""","""CID9848133""",0.0,-0.0068832636,0.0068832636
"""CNR1844660""","""CID2687021""",-1.4631934,-0.023645163,-1.4395483
"""CNR6931129""","""CID1912093""",3.0863116,0.020183444,3.0661283
"""CNR2976407""","""CID7505609""",-0.42853993,-0.013822019,-0.4147179
"""CNR2623865""","""CID9589636""",0.35363826,-0.01527819,0.36891645
"""CNR5950131""","""CID2434396""",0.003027254,0.012197554,-0.0091703
"""CNR3163165""","""CID9328563""",0.025039341,0.004962623,0.020076718
"""CNR5782662""","""CID3312917""",0.025039341,-0.013831973,0.038871314
"""CNR5808705""","""CID1691422""",0.0269056,-0.040923595,0.06782919
"""CNR5772667""","""CID4750341""",0.5962125,-0.023970723,0.6201832
"""CNR1074889""","""CID5821104""",0.17046995,-0.023917079,0.19438703
"""CNR7701444""","""CID9763561""",1.2843313,-0.016928852,1.3012602
"""CNR5239813""","""CID4778262""",1.5170046,-0.0032423735,1.520247
"""CNR7048540""","""CID9280697""",-0.13151024,0.0052120686,-0.13672231
"""CNR3856210""","""CID6108032""",0.0,0.0039981604,-0.0039981604
"""CNR8304015""","""CID3954690""",1.5863116,0.004817486,1.5814941
"""CNR1360544""","""CID9314357""",-0.013278072,-0.023767471,0.0104894
"""CNR7968451""","""CID3876031""",0.013549859,-0.004775405,0.018325264
"""CNR3428844""","""CID6330088""",-1.3740845,0.0019686818,-1.3760531
"""CNR5483133""","""CID1210675""",-1.5523024,-0.003740728,-1.5485616
"""CNR4530266""","""CID4091753""",-0.369134,0.019822448,-0.38895646
"""CNR7908717""","""CID1558732""",0.013829263,0.04773578,-0.03390652
"""CNR1505179""","""CID8594074""",1.4575987,0.093601584,1.3639971
"""CNR1580614""","""CID7490109""",0.0269056,-0.026897013,0.053802613
"""CNR5491982""","""CID2580236""",1.6655195,-0.011164129,1.6766837
"""CNR2478215""","""CID9895316""",-0.7998271,0.0017597973,-0.80158687
"""CNR8058447""","""CID3792304""",-2.2602232,-0.027549446,-2.2326736
"""CNR7584878""","""CID4133783""",0.30413333,-0.03941077,0.3435441
"""CNR4967938""","""CID3633739""",0.0,0.011819482,-0.011819482
"""CNR3494893""","""CID1325058""",0.7298759,-0.026605159,0.75648105
"""CNR2143654""","""CID2926574""",1.2447274,-0.020705998,1.2654333
"""CNR8669137""","""CID7327229""",0.025039341,-0.004632622,0.029671963
"""CNR8229747""","""CID3009241""",0.0,-0.01574552,0.01574552
"""CNR4222968""","""CID8508061""",-0.086955786,0.051501542,-0.13845733
"""CNR5727035""","""CID2860346""",0.025039341,0.0101643205,0.014875021
"""CNR6486396""","""CID3690351""",-0.1711142,0.0361284,-0.20724261
"""CNR7975120""","""CID5105028""",0.0,0.013012171,-0.013012171
"""CNR5358578""","""CID4420367""",-2.1067579,-0.006844014,-2.0999138
"""CNR8226307""","""CID8407649""",0.013549859,-0.023182034,0.03673189
"""CNR1590331""","""CID8060868""",-0.01214276,0.0065375566,-0.018680315
"""CNR3404183""","""CID8867740""",0.0,0.003698051,-0.003698051
"""CNR8592122""","""CID5154349""",-1.0770547,-0.0010520518,-1.0760027
"""CNR8183925""","""CID2757558""",3.17047,0.03114146,3.1393285
"""CNR1376576""","""CID7855064""",-2.0027974,0.0040288568,-2.0068262
"""CNR5337247""","""CID7614459""",0.003027254,0.027464628,-0.024437374
"""CNR9665232""","""CID8214310""",1.3981928,0.028579742,1.369613
"""CNR7363094""","""CID2917759""",-0.51269835,-0.037618726,-0.47507963
"""CNR5693552""","""CID3990059""",2.160569,0.031279266,2.1292896
"""CNR6271542""","""CID6728838""",-1.4532924,-0.0046942234,-1.4485981
"""CNR1908199""","""CID3275978""",-0.8344805,0.021519184,-0.8559997
"""CNR4308780""","""CID4340248""",0.0,-0.0863705,0.0863705
"""CNR3941897""","""CID6241637""",0.0,0.06953305,-0.06953305
"""CNR9569153""","""CID3271479""",-1.4928964,0.05409494,-1.5469913
"""CNR4463124""","""CID3189975""",0.44769767,0.0664469,0.38125077
"""CNR2729152""","""CID5782736""",0.025039341,-0.010464102,0.035503443
"""CNR7175820""","""CID3846839""",0.003027254,0.016368508,-0.013341255
"""CNR5135209""","""CID5187377""",-0.6216093,-0.012432575,-0.6091767
"""CNR7852782""","""CID2689406""",0.013829263,-0.0014698803,0.015299143
"""CNR1193772""","""CID2797541""",0.5120541,0.04132265,0.47073144
"""CNR1199093""","""CID9187291""",2.17047,-0.054745793,2.225216
"""CNR2281778""","""CID6867844""",-1.0275499,-0.04475987,-0.98279
"""CNR5628228""","""CID7766925""",1.3041333,-0.031082928,1.3352163
"""CNR8496492""","""CID5707265""",-0.02259935,-0.012996674,-0.009602677
"""CNR6527961""","""CID9592727""",0.9377967,0.007859886,0.9299368
"""CNR4497014""","""CID6617094""",-0.88398546,-0.005401969,-0.8785835
"""CNR8843529""","""CID9615599""",-2.0027974,0.014622271,-2.0174196
"""CNR2924101""","""CID3597259""",2.299183,-0.073506415,2.3726892
"""CNR1931229""","""CID4731229""",-0.6612132,0.00666517,-0.6678784
"""CNR4733043""","""CID7550314""",0.025039341,-0.024327815,0.049367156
"""CNR8706142""","""CID1854170""",0.9674997,0.03453055,0.9329691
"""CNR9672379""","""CID6863563""",0.025039341,-0.055297375,0.08033672
"""CNR3775511""","""CID9715062""",0.013829263,-0.008177221,0.022006484
"""CNR6842190""","""CID5018763""",0.0,0.08361125,-0.08361125
"""CNR6399017""","""CID3297391""",0.013829263,-0.012460142,0.026289405
"""CNR3795551""","""CID5532860""",-1.9928964,-0.07797298,-1.9149234
"""CNR3905570""","""CID2449502""",-2.1859658,0.088519454,-2.274485
"""CNR6248632""","""CID5804673""",-1.7750746,0.058187485,-1.8332621
"""CNR6352694""","""CID7598336""",0.003027254,0.017724246,-0.014696992
"""CNR6405772""","""CID5458130""",0.40314323,-0.082921,0.48606423
"""CNR4641809""","""CID1228680""",-0.01214276,-0.005944073,-0.0061986865
"""CNR8699366""","""CID3626485""",1.9229453,0.028525472,1.8944198
"""CNR6802486""","""CID6909702""",-2.0027974,-0.0194574,-1.98334
"""CNR2113247""","""CID8048118""",1.4427472,0.03590578,1.4068415
"""CNR4226815""","""CID5229678""",-0.13151024,-0.0014691949,-0.13004105
"""CNR9711974""","""CID7858159""",2.982351,-0.0314686,3.0138197
"""CNR4173406""","""CID1937975""",-0.8938865,-0.012751758,-0.88113475
"""CNR3229928""","""CID8139838""",1.2397768,-0.013735145,1.253512
"""CNR3246996""","""CID7469536""",-2.200817,-0.034098685,-2.1667185
"""CNR1533808""","""CID6351933""",-1.9879459,-0.022175312,-1.9657706
"""CNR6441943""","""CID2445513""",-0.5424013,-0.0006531477,-0.54174817
"""CNR4337844""","""CID7222607""",0.013549859,-0.061733544,0.0752834
"""CNR6677285""","""CID4901492""",0.013829263,-0.01983422,0.03366348
"""CNR1413229""","""CID6850282""",2.5071037,0.018076181,2.4890275
"""CNR3017433""","""CID8486417""",0.025039341,0.042054534,-0.017015193
"""CNR5359595""","""CID5863937""",-0.8938865,0.006986916,-0.9008734
"""CNR5365121""","""CID3628128""",0.0,0.040172756,-0.040172756
"""CNR6843859""","""CID9228061""",-1.7057676,-0.04292777,-1.6628399
"""CNR2063478""","""CID4535162""",-2.1364608,-0.026347846,-2.110113
"""CNR2985285""","""CID3357791""",-0.61665875,0.04915911,-0.66581786
"""CNR4924810""","""CID9780996""",-0.869134,-0.027009547,-0.84212446
"""CNR3097562""","""CID5478373""",0.003027254,-0.04527062,0.048297875
"""CNR7018427""","""CID1981337""",-0.9136885,-0.03718549,-0.876503
"""CNR1394743""","""CID1212329""",2.9724503,0.004999906,2.9674504
"""CNR1627334""","""CID2002422""",0.0,0.028915077,-0.028915077
"""CNR4666152""","""CID3712688""",-0.01214276,0.0613178,-0.073460564
"""CNR9756104""","""CID2773816""",0.013549859,9.980798e-05,0.013450051
"""CNR2144632""","""CID6797938""",0.003027254,-0.026095092,0.029122347
"""CNR3011301""","""CID2324661""",-0.3839855,0.034231395,-0.41821688
"""CNR8616835""","""CID7378412""",-1.7701241,0.000113248825,-1.7702373
"""CNR9505354""","""CID9243473""",0.025039341,-0.035469353,0.060508694
"""CNR2494506""","""CID6748375""",0.003027254,-0.018297017,0.021324271
"""CNR8902715""","""CID9255752""",-1.7008172,0.023858696,-1.7246759
"""CNR4413354""","""CID9033252""",-1.0523024,-0.012381494,-1.0399208
"""CNR4171317""","""CID9106923""",-0.01214276,-0.026611418,0.014468658
"""CNR7113781""","""CID4483590""",0.003027254,0.035733283,-0.03270603
"""CNR2483987""","""CID9234641""",-1.2057676,-0.036649734,-1.1691179
"""CNR8533858""","""CID9920933""",0.98730165,-0.04822308,1.0355247
"""CNR4768821""","""CID5783557""",6.180371,-0.02164185,6.2020125
"""CNR1232656""","""CID2452273""",-0.8443815,-0.0036649406,-0.8407166
"""CNR5382688""","""CID2124441""",0.0,0.016978115,-0.016978115
"""CNR2589844""","""CID3505059""",-1.4334904,0.034164697,-1.4676551
"""CNR9421889""","""CID4544259""",-0.33943105,0.017669737,-0.35710078
"""CNR7918148""","""CID5440771""",-0.7552726,-0.007448435,-0.7478242
"""CNR1670787""","""CID7751363""",0.003027254,0.029607028,-0.026579773
"""CNR5624637""","""CID4145660""",-2.1166587,0.109886944,-2.2265456
"""CNR8466617""","""CID9106148""",-2.0820053,0.022778183,-2.1047835
"""CNR5375056""","""CID3383453""",-0.9681439,-0.05106342,-0.91708046
"""CNR2751316""","""CID6231886""",0.025039341,-0.0065999627,0.031639304
"""CNR3719180""","""CID5144827""",-0.63151026,-0.00655362,-0.6249566
"""CNR8447731""","""CID9378244""",3.9972026,-0.025159001,4.0223618
"""CNR5718537""","""CID6197530""",-0.7849756,-0.0015000701,-0.7834755
"""CNR6572251""","""CID2047989""",0.45759866,-0.0023889542,0.4599876
"""CNR4741980""","""CID3700512""",-0.879035,-0.06591302,-0.813122
"""CNR3596498""","""CID5995623""",-1.1612132,0.04417473,-1.2053878
"""CNR9634127""","""CID6287974""",0.0,-0.0089249015,0.0089249015
"""CNR2933622""","""CID5298121""",-0.013278072,-0.031831384,0.018553313
"""CNR2539181""","""CID7220123""",0.19027194,0.001409173,0.18886277
"""CNR8448185""","""CID6646874""",-1.3641835,-0.017998964,-1.3461846
"""CNR9367870""","""CID1609161""",-0.64141124,0.009833276,-0.6512445
"""CNR8434188""","""CID3539692""",0.7150244,0.050331086,0.66469336
"""CNR4057885""","""CID5890217""",-1.289926,-0.020985723,-1.2689403
"""CNR5552611""","""CID4244960""",0.0,-0.0026057363,0.0026057363
"""CNR9349133""","""CID6166975""",0.025039341,-0.025357723,0.050397065
"""CNR8945480""","""CID6319881""",8.447698,0.02323556,8.424462
"""CNR1137181""","""CID2425770""",0.35363826,0.016518474,0.3371198
"""CNR9889339""","""CID1549724""",0.003027254,0.01812464,-0.015097386
"""CNR1051019""","""CID3975029""",-0.11170826,0.0490945,-0.16080275
"""CNR5053124""","""CID2137402""",0.19027194,0.029506028,0.16076592
"""CNR7627622""","""CID9098961""",0.013829263,0.05098355,-0.037154287
"""CNR5449929""","""CID1160507""",0.025039341,-0.016604036,0.041643377
"""CNR8239051""","""CID7647527""",1.2793808,0.01668322,1.2626976
"""CNR8774111""","""CID6051567""",-1.5374508,-0.029554754,-1.5078961
"""CNR8731351""","""CID8547238""",0.025039341,0.0021984577,0.022840884
"""CNR5329938""","""CID8797823""",-0.48794588,0.036349654,-0.52429557
"""CNR6213851""","""CID6953282""",0.25462836,-0.03759268,0.29222104
"""CNR9648533""","""CID6325345""",-0.12655975,-0.06674227,-0.059817478
"""CNR1189184""","""CID3384207""",0.013549859,-0.08711159,0.10066145
"""CNR2501909""","""CID7225873""",-1.7701241,-0.0115840435,-1.75854
"""CNR4314514""","""CID7319259""",-1.9384409,-0.07369724,-1.8647437
"""CNR7262836""","""CID2552468""",-1.349332,-0.017030358,-1.3323016
"""CNR2855677""","""CID4502845""",0.0,-0.003463328,0.003463328
"""CNR9586166""","""CID6982777""",0.013549859,-0.007982731,0.02153259
"""CNR7308321""","""CID9526834""",-0.44339144,0.011675179,-0.45506662
"""CNR4502206""","""CID6292982""",3.4031432,0.017982066,3.3851612
"""CNR8766546""","""CID3027250""",0.8783907,-0.051281095,0.9296718
"""CNR9100492""","""CID6093891""",0.003027254,-0.016016155,0.01904341
"""CNR2735177""","""CID1090065""",0.013549859,-0.0007446408,0.0142944995
"""CNR5945486""","""CID3049846""",0.5417571,-0.012663782,0.5544209
"""CNR7554902""","""CID7309043""",1.9328462,-0.06048903,1.9933352
"""CNR2587867""","""CID7605403""",-2.2602232,0.08018267,-2.340406
"""CNR7911305""","""CID1158091""",-1.2750746,-0.013589561,-1.2614851
"""CNR1917545""","""CID4440494""",0.013829263,-0.038080126,0.051909387
"""CNR4617875""","""CID5031467""",0.025039341,-0.008320212,0.033359554
"""CNR1904480""","""CID1274082""",0.81403434,0.010678828,0.8033555
"""CNR5289468""","""CID3200216""",0.013549859,0.016660452,-0.0031105932
"""CNR9101195""","""CID5395335""",0.013549859,0.02985543,-0.016305571
"""CNR1453002""","""CID7372390""",1.8338363,0.023984909,1.8098514
"""CNR5788953""","""CID8337413""",0.013549859,0.06534749,-0.051797636
"""CNR6151630""","""CID6623624""",0.0,-0.0056744814,0.0056744814
"""CNR6012577""","""CID5481002""",0.013829263,-0.00083988905,0.014669152
"""CNR3468299""","""CID6199084""",0.013829263,-0.066955864,0.080785125
"""CNR8193079""","""CID6116176""",0.0,0.0143559575,-0.0143559575
"""CNR5839696""","""CID1136904""",0.21502441,-0.026991636,0.24201605
"""CNR5410290""","""CID7983319""",-0.3740845,-0.032759905,-0.3413246
"""CNR3732442""","""CID5300196""",0.0,-0.032474726,0.032474726
"""CNR6786604""","""CID8016847""",0.025039341,-0.02258265,0.04762199
"""CNR1174169""","""CID3588281""",-2.017649,0.017448962,-2.0350978
"""CNR5875423""","""CID6573118""",0.025039341,0.0015376806,0.02350166
"""CNR5348764""","""CID1097672""",2.0516582,-0.008050561,2.0597086
"""CNR3513724""","""CID6407038""",0.013829263,-0.004401803,0.018231066
"""CNR9579542""","""CID4535003""",-0.80477756,0.06664169,-0.87141925
"""CNR4873507""","""CID7109752""",0.003027254,-0.0046756864,0.00770294
"""CNR8846140""","""CID3932555""",-0.6810152,0.014862418,-0.6958776
"""CNR9377939""","""CID9039434""",0.5318561,-0.034829617,0.56668574
"""CNR2262812""","""CID3150078""",-0.23052014,0.066820204,-0.29734033
"""CNR2070743""","""CID8568774""",1.7843313,-0.0511474,1.8354788
"""CNR9918168""","""CID4216694""",2.4031432,-0.0013540685,2.4044971
"""CNR4698973""","""CID7293835""",0.0,-0.01557219,0.01557219
"""CNR4301245""","""CID2464674""",0.0,-0.01547569,0.01547569
"""CNR9428057""","""CID1383151""",0.025039341,0.007028818,0.018010523
"""CNR7329102""","""CID1042036""",0.96254915,0.0117382705,0.9508109
"""CNR9102251""","""CID5443826""",0.0,0.11127806,-0.11127806
"""CNR1174093""","""CID5859376""",0.0,-0.02277708,0.02277708
"""CNR7150972""","""CID5903310""",0.003027254,0.030342817,-0.027315563
"""CNR5600023""","""CID3608819""",2.4873016,-0.010679543,2.497981
"""CNR7239605""","""CID5128981""",-1.8938864,-0.07841331,-1.8154731
"""CNR6351917""","""CID6371121""",-1.8443816,0.018225342,-1.8626069
"""CNR5159322""","""CID8518833""",-0.91863894,0.0037869513,-0.92242587
"""CNR7354014""","""CID4749725""",0.013829263,0.03914568,-0.025316415
"""CNR3368565""","""CID3836211""",0.56650954,0.056547016,0.50996256
"""CNR6432085""","""CID6108984""",0.025039341,0.010899156,0.014140185
"""CNR8348847""","""CID9394904""",-1.5077479,-0.028363764,-1.4793842
"""CNR6683114""","""CID2175469""",-1.369134,0.052284777,-1.4214187
"""CNR9969822""","""CID5006233""",0.003027254,0.04030782,-0.037280567
"""CNR9899481""","""CID7736264""",0.38334125,-0.045324087,0.42866534
"""CNR6672418""","""CID4044254""",0.7150244,-0.04931733,0.7643417
"""CNR7379794""","""CID3694864""",0.4328462,-0.005524546,0.43837073
"""CNR8449528""","""CID3001397""",-0.4730944,-0.07309875,-0.39999565
"""CNR8743704""","""CID2595169""",0.0,-0.006247103,0.006247103
"""CNR7725030""","""CID3886770""",-2.0225995,-0.006749749,-2.0158496
"""CNR4788102""","""CID6577046""",0.025039341,-0.017786592,0.042825934
"""CNR4066638""","""CID8046283""",-0.4829954,-0.0027957857,-0.4801996
"""CNR3826409""","""CID1531594""",1.2991828,-0.029573232,1.328756
"""CNR8745339""","""CID9616642""",-0.64141124,0.00064089894,-0.6420522
"""CNR6857748""","""CID4360815""",0.0,0.0076912344,-0.0076912344
"""CNR3897870""","""CID7888402""",-0.1711142,0.004100561,-0.17521477
"""CNR7732407""","""CID6925537""",0.0,-0.02601999,0.02601999
"""CNR9656193""","""CID1190275""",-0.013278072,0.027956426,-0.041234497
"""CNR5743560""","""CID5892616""",-2.2305202,-0.046012104,-2.184508
"""CNR7296986""","""CID2125305""",1.2199749,-0.0100283325,1.2300032
"""CNR8517686""","""CID3190448""",2.7892818,-0.04981172,2.8390937
"""CNR8846494""","""CID8953118""",1.4476976,-0.039561212,1.4872589
"""CNR4960677""","""CID9356758""",0.35363826,-0.010528058,0.36416632
"""CNR8260171""","""CID2483774""",-2.0919063,0.027379572,-2.1192858
"""CNR4577338""","""CID1781674""",0.0,0.030493498,-0.030493498
"""CNR4153868""","""CID2021482""",0.013829263,-0.0383389,0.05216816
"""CNR1803327""","""CID8805896""",0.013549859,-0.017372668,0.030922526
"""CNR1532063""","""CID2940984""",0.0,-0.0013384223,0.0013384223
"""CNR2013929""","""CID7262651""",-2.1711142,-0.0113011,-2.1598132
"""CNR6928245""","""CID6408168""",-2.2602232,0.015883803,-2.2761068
"""CNR1929598""","""CID8910705""",-2.1117082,-0.03224635,-2.0794618
"""CNR7830437""","""CID3241249""",0.0,-0.022173136,0.022173136
"""CNR9883423""","""CID6783362""",-0.35923302,0.010036051,-0.36926907
"""CNR9752890""","""CID3925143""",0.003027254,-0.019839883,0.022867138
"""CNR1437680""","""CID5253390""",1.0566086,0.0537709,1.0028377
"""CNR2031284""","""CID8972641""",0.003027254,0.011947662,-0.008920408
"""CNR1560391""","""CID3382685""",0.013829263,-0.009430826,0.023260089
"""CNR6069121""","""CID9412347""",-0.013278072,-0.029554069,0.016275998
"""CNR3574335""","""CID4002264""",-0.01214276,0.03645706,-0.04859982
"""CNR6518103""","""CID4660034""",-1.6166588,-0.020807087,-1.5958517
"""CNR6638973""","""CID1254968""",-1.1265597,0.03338012,-1.1599399
"""CNR6431234""","""CID6351292""",-0.5622033,-0.04387206,-0.5183312
"""CNR7317454""","""CID7251755""",-0.1810152,-0.0127927065,-0.16822249
"""CNR6304113""","""CID8095882""",0.025039341,-0.024139255,0.049178597
"""CNR4925321""","""CID3823946""",-2.0126984,-0.04800099,-1.9646974
"""CNR3022967""","""CID4144063""",0.3288858,0.00070765615,0.32817814
"""CNR4222175""","""CID5174912""",0.003027254,-0.019597054,0.022624308
"""CNR2456295""","""CID7833493""",0.1259155,-0.044185847,0.17010134
"""CNR8532401""","""CID8730870""",-0.22556965,0.049678653,-0.2752483
"""CNR7777696""","""CID3544405""",0.013829263,3.8087368e-05,0.013791176
"""CNR3256927""","""CID6064891""",-0.58200526,-0.05483502,-0.52717024
"""CNR5654798""","""CID9514802""",0.013549859,0.0064628124,0.0070870463
"""CNR5290192""","""CID1662384""",0.013829263,0.033970654,-0.020141391
"""CNR3301761""","""CID8974014""",-1.4879459,-0.005580008,-1.4823658
"""CNR8865306""","""CID7660260""",7.7150245,0.029671997,7.6853523
"""CNR6401113""","""CID4961315""",-2.2156687,-0.003955543,-2.211713
"""CNR6658032""","""CID5075271""",-1.5869558,-0.012556195,-1.5743996
"""CNR4990733""","""CID9294635""",1.8932422,-0.012840271,1.9060825
"""CNR8495759""","""CID9609924""",3.5368066,0.014348924,3.5224576
"""CNR1879809""","""CID9474314""",1.4130442,-0.033525527,1.4465697
"""CNR3626066""","""CID5815191""",0.0,-0.06627396,0.06627396
"""CNR4361111""","""CID9217859""",1.7892818,-0.021541595,1.8108234
"""CNR5648476""","""CID4842990""",-0.40873796,0.0442214,-0.45295936
"""CNR3544511""","""CID2381790""",1.9674996,-0.040491283,2.0079908
"""CNR5353029""","""CID8342196""",0.0,-0.035292566,0.035292566
"""CNR4303516""","""CID1633420""",1.3338363,0.011528909,1.3223073
"""CNR1927427""","""CID8842975""",1.1160145,-0.007939249,1.1239537
"""CNR1708284""","""CID2152884""",-0.74537164,-0.0022096932,-0.7431619
"""CNR6631455""","""CID5791543""",-1.5077479,-0.018304646,-1.4894433
"""CNR1104748""","""CID9825218""",-2.0770547,-0.0030355453,-2.0740192
"""CNR5423863""","""CID2306317""",0.0,0.10502112,-0.10502112
"""CNR3975551""","""CID2944423""",-1.3443816,0.052509487,-1.3968911
"""CNR9603140""","""CID4073207""",9.036807,-0.048843324,9.08565
"""CNR4840926""","""CID9950110""",-1.9136884,-0.0010126829,-1.9126757
"""CNR1335961""","""CID8007782""",2.219975,0.012660414,2.2073145
"""CNR5031084""","""CID1956571""",-0.5622033,-0.001313746,-0.56088954
"""CNR6604209""","""CID2273854""",0.003027254,0.025811732,-0.022784477
"""CNR3952210""","""CID3696274""",-0.01214276,-0.0034394562,-0.0087033035
"""CNR6308814""","""CID2804016""",3.5071037,0.046385944,3.4607177
"""CNR7494029""","""CID7873394""",-1.8443816,0.06548107,-1.9098626
"""CNR3553230""","""CID9941667""",1.4972026,0.0026932657,1.4945093
"""CNR1629176""","""CID3647333""",0.013549859,-0.0016896129,0.015239472
"""CNR4771518""","""CID2095841""",0.09621253,-0.04050666,0.1367192
"""CNR1263677""","""CID9882787""",0.9427472,0.05781108,0.8849361
"""CNR7004191""","""CID7915637""",0.025039341,-0.023554593,0.048593935
"""CNR5378808""","""CID6179095""",-1.9928964,-0.017827809,-1.9750686
"""CNR8964558""","""CID9725091""",0.0,-0.046481967,0.046481967
"""CNR1823955""","""CID1282791""",1.8437372,0.06890994,1.7748272
"""CNR6627934""","""CID7250765""",-0.30477756,-0.017973065,-0.2868045
"""CNR3575242""","""CID3139833""",0.025039341,-0.01691249,0.04195183
"""CNR4014530""","""CID9039300""",1.6803709,0.020281434,1.6600895
"""CNR9644881""","""CID5548554""",3.700173,0.026634097,3.6735387
"""CNR1017531""","""CID4952771""",0.013549859,0.03367126,-0.020121401
"""CNR5126054""","""CID4745595""",0.013829263,-0.001160115,0.014989378
"""CNR7992215""","""CID1237490""",0.3288858,0.00576964,0.32311615
"""CNR2623581""","""CID3963921""",-2.1265597,-0.012321472,-2.1142383
"""CNR9138981""","""CID6513731""",-1.2998271,0.0018665195,-1.3016937
"""CNR4911701""","""CID1071282""",-1.5572528,-0.031747818,-1.525505
"""CNR1160060""","""CID5465364""",0.025039341,-0.00475055,0.029789891
"""CNR9490637""","""CID5026163""",-1.398837,-0.01563549,-1.3832015
"""CNR7410658""","""CID2150053""",0.0,-0.027266085,0.027266085
"""CNR2974679""","""CID3753677""",3.7051234,-0.018170238,3.7232938
"""CNR5014356""","""CID5074919""",2.2298758,0.020918816,2.208957
"""CNR8404214""","""CID7291400""",-0.32457954,0.030062765,-0.3546423
"""CNR4533437""","""CID7698471""",0.013829263,0.0038866103,0.009942653
"""CNR9865102""","""CID8488357""",0.025039341,0.0074537992,0.017585542
"""CNR2028689""","""CID1908144""",-0.81467855,-0.03718561,-0.77749294
"""CNR3245155""","""CID9255213""",-1.369134,0.04389614,-1.4130301
"""CNR2633904""","""CID5860454""",-0.013278072,-0.011081576,-0.0021964954
"""CNR1190443""","""CID1667957""",-1.6315103,-0.012987256,-1.618523
"""CNR6581232""","""CID7228398""",-2.1661637,-0.07124987,-2.0949137
"""CNR4386945""","""CID5543520""",-0.013278072,0.018556774,-0.031834844
"""CNR7974219""","""CID2829436""",0.8041333,-0.027804613,0.8319379
"""CNR2187111""","""CID7764808""",0.0,-0.037150294,0.037150294
"""CNR4056097""","""CID5844172""",0.013829263,-0.012192249,0.026021512
"""CNR3866175""","""CID3699143""",0.4278957,0.010109484,0.4177862
"""CNR4362465""","""CID4399334""",0.003027254,-0.035886973,0.038914226
"""CNR4839004""","""CID6126265""",0.013829263,0.008631885,0.005197378
"""CNR1886158""","""CID1627323""",0.003027254,0.0254727,-0.022445446
"""CNR5395520""","""CID7309719""",-0.6810152,-0.040059686,-0.6409555
"""CNR6787685""","""CID4362497""",-0.6117083,-0.0040269494,-0.60768133
"""CNR9832717""","""CID7373397""",-2.1612132,0.009031832,-2.170245
"""CNR6147341""","""CID5136935""",1.0071036,0.0077707767,0.9993328
"""CNR4768003""","""CID6321296""",-1.859233,-0.04098454,-1.8182485
"""CNR6718388""","""CID4580930""",-1.4681439,-0.004173547,-1.4639704
"""CNR4818317""","""CID5490849""",0.013829263,0.014637202,-0.0008079391
"""CNR5729534""","""CID5004635""",2.3932421,-0.024439394,2.4176815
"""CNR9163154""","""CID5583807""",0.6803709,0.02757734,0.6527936
"""CNR9737534""","""CID1695942""",0.0,0.03113395,-0.03113395
"""CNR6571001""","""CID1995495""",1.3932422,0.014329135,1.3789132
"""CNR8514878""","""CID8155586""",0.0,0.03808558,-0.03808558
"""CNR8452875""","""CID5647050""",0.9674997,-0.07438764,1.0418873
"""CNR3305760""","""CID5084730""",-0.6810152,-0.01130271,-0.6697125
"""CNR4924042""","""CID5417240""",-1.448342,0.04734251,-1.4956845
"""CNR8525723""","""CID2943288""",-1.0374508,0.045493186,-1.0829439
"""CNR5569869""","""CID2281887""",-0.68596566,-0.029933244,-0.65603244
"""CNR4698816""","""CID1027464""",-1.5325004,-0.01447618,-1.5180242
"""CNR8741997""","""CID2954149""",-1.7057676,-0.017215043,-1.6885526
"""CNR6473037""","""CID8471282""",1.6754204,-0.0149923265,1.6904128
"""CNR1031154""","""CID2198446""",0.013829263,0.040646434,-0.02681717
"""CNR9867273""","""CID8585249""",0.003027254,-0.021817446,0.0248447
"""CNR7313311""","""CID1602071""",-1.918639,0.06862056,-1.9872595
"""CNR2610009""","""CID6337888""",2.0120542,-0.035240293,2.0472946
"""CNR5454851""","""CID7231787""",1.8288858,-0.011782706,1.8406684
"""CNR8640396""","""CID8479903""",-2.2107182,-0.00060641766,-2.2101116
"""CNR4428579""","""CID9094430""",0.8536383,0.010478139,0.84316015
"""CNR8223254""","""CID6578337""",1.591262,0.00087568164,1.5903863
"""CNR7170766""","""CID1367344""",0.003027254,0.016785562,-0.013758308
"""CNR2867009""","""CID5269196""",-0.6810152,-0.004830241,-0.67618495
"""CNR2174601""","""CID5044924""",-1.2453716,-0.04336953,-1.202002
"""CNR6657145""","""CID3819651""",-2.007748,-0.017136127,-1.9906118
"""CNR9384045""","""CID9048464""",-1.2503221,0.016248167,-1.2665703
"""CNR6152561""","""CID2023929""",-0.15131222,-0.012283921,-0.1390283
"""CNR8430869""","""CID7451649""",1.4674996,0.03930497,1.4281946
"""CNR2701586""","""CID1663830""",-2.2354705,-0.024239004,-2.2112315
"""CNR6680736""","""CID4026433""",0.025039341,-0.012980461,0.038019802
"""CNR2483818""","""CID7285277""",-2.0968568,0.026429147,-2.123286
"""CNR4613789""","""CID5816828""",0.0,-0.016857862,0.016857862
"""CNR7455019""","""CID7928521""",12.9675,0.002961129,12.964539
"""CNR3981638""","""CID6860463""",-1.1562628,-0.04034704,-1.1159158
"""CNR5931498""","""CID5289415""",0.013549859,-0.0064346194,0.019984478
"""CNR2831730""","""CID9092168""",0.003027254,0.009253919,-0.0062266653
"""CNR8709892""","""CID8790859""",2.210074,-0.020528138,2.230602
"""CNR5457203""","""CID3776205""",0.025039341,-0.019279242,0.044318583
"""CNR7792002""","""CID1701019""",-1.2057676,-0.018823415,-1.1869442
"""CNR3511907""","""CID3648418""",0.003027254,-0.0058062077,0.008833461
"""CNR5990809""","""CID5944105""",-2.1909163,-0.07181847,-2.1190977
"""CNR6405176""","""CID8955518""",0.025039341,-0.01083079,0.03587013
"""CNR8294543""","""CID9442534""",-0.7404211,0.026729017,-0.76715016
"""CNR8126078""","""CID7024660""",0.0,0.008424729,-0.008424729
"""CNR6016687""","""CID6478239""",2.210074,0.054731518,2.1553423
"""CNR3114599""","""CID9275020""",0.013549859,-0.034024537,0.047574393
"""CNR5803849""","""CID7764017""",-1.9582429,-0.0029400885,-1.9553028
"""CNR7807127""","""CID2896440""",0.013829263,0.046889067,-0.033059806
"""CNR9782820""","""CID9936090""",2.1754205,-0.029518127,2.2049387
"""CNR8558664""","""CID2641808""",-1.2008172,0.027478099,-1.2282953
"""CNR3658572""","""CID3746359""",-0.3839855,0.03100723,-0.41499272
"""CNR4649018""","""CID8599339""",-0.5721043,0.033574283,-0.60567856
"""CNR6578799""","""CID4845584""",-0.0770548,-0.025889158,-0.05116564
"""CNR9322955""","""CID3245277""",1.1803709,-0.010217071,1.190588
"""CNR5198237""","""CID1782046""",-0.70081717,-0.030156672,-0.6706605
"""CNR9950679""","""CID4303230""",0.013829263,-0.013245642,0.027074905
"""CNR2865624""","""CID2412633""",-0.34438154,-0.06703755,-0.277344
"""CNR4416365""","""CID5332141""",0.003027254,0.00036412477,0.0026631292
"""CNR4900511""","""CID7049910""",0.025039341,0.026480108,-0.0014407672
"""CNR2417093""","""CID8021006""",0.0,-0.04060942,0.04060942
"""CNR9430350""","""CID7036417""",-0.013278072,-0.07001495,0.056736883
"""CNR7539528""","""CID5025981""",0.025039341,0.027364582,-0.0023252405
"""CNR3473780""","""CID4199066""",-1.6909162,0.0044320524,-1.6953483
"""CNR3228716""","""CID1690145""",0.003027254,-0.01274237,0.015769625
"""CNR5456419""","""CID1178156""",0.013829263,0.009514302,0.004314961
"""CNR6562169""","""CID9918313""",-1.9879459,-0.020145297,-1.9678006
"""CNR7387934""","""CID4656876""",0.003027254,-0.0381611,0.04118835
"""CNR2814652""","""CID4581539""",-1.1463617,-0.041381866,-1.1049799
"""CNR8072011""","""CID1185236""",-0.8542825,-0.010078669,-0.8442038
"""CNR5918179""","""CID1899779""",0.003027254,0.048020303,-0.04499305
"""CNR4841986""","""CID9632868""",-0.6810152,0.022004634,-0.70301986
"""CNR2983839""","""CID4724353""",0.99720263,0.038261533,0.9589411
"""CNR5851358""","""CID6479030""",0.91799474,-0.016880095,0.93487483
"""CNR4166695""","""CID1548490""",0.025039341,-0.008767813,0.033807155
"""CNR8420926""","""CID9263432""",0.0,-0.012726694,0.012726694
"""CNR2017503""","""CID7437456""",4.264529,0.028295934,4.236233
"""CNR4353250""","""CID1673514""",0.24967788,-0.05418673,0.3038646
"""CNR1836163""","""CID1024953""",0.025039341,-0.0175879,0.04262724
"""CNR7645166""","""CID8874226""",-1.5027974,0.025639147,-1.5284365
"""CNR6476831""","""CID6894905""",1.140767,-0.001919806,1.1426868
"""CNR4167993""","""CID1611672""",-0.879035,-0.005579889,-0.8734551
"""CNR1182755""","""CID2038401""",1.3189849,-0.011333227,1.3303181
"""CNR9050387""","""CID4574101""",0.025039341,0.03648609,-0.011446748
"""CNR1384466""","""CID8192773""",1.7793808,0.022190392,1.7571905
"""CNR5453632""","""CID8178170""",-0.45329243,0.004303813,-0.45759624
"""CNR9201655""","""CID6467264""",-0.39883697,-0.08423719,-0.31459978
"""CNR9241752""","""CID4567085""",0.013829263,0.017839968,-0.0040107053
"""CNR6757112""","""CID5179640""",-0.6364607,0.0016155243,-0.63807625
"""CNR1653596""","""CID3458933""",-1.2701241,0.0890345,-1.3591585
"""CNR1277744""","""CID4937014""",-1.309728,0.009409338,-1.3191373
"""CNR4731284""","""CID2293604""",0.013829263,-0.025234342,0.039063603
"""CNR9743531""","""CID7653095""",0.013829263,-0.027579427,0.041408688
"""CNR9034271""","""CID4518851""",-0.62655973,-0.034152,-0.5924077
"""CNR5317922""","""CID5339142""",-1.8443816,0.03383088,-1.8782125
"""CNR9721252""","""CID9372666""",0.025039341,0.023887575,0.0011517666
"""CNR2898780""","""CID3682104""",-1.9532924,-0.01792705,-1.9353653
"""CNR3671959""","""CID6940056""",0.013829263,0.038572013,-0.02474275
"""CNR2107701""","""CID1002195""",-1.5126984,-0.05344355,-1.4592549
"""CNR9608827""","""CID2595915""",-0.40378746,0.0065797567,-0.41036722
"""CNR5553785""","""CID3780228""",1.3239353,-0.037000835,1.3609362
"""CNR1497635""","""CID5037024""",0.013829263,-0.0481624,0.06199166
"""CNR8735450""","""CID7235110""",0.003027254,0.026462823,-0.023435568
"""CNR3434312""","""CID5939118""",2.299183,-0.020660669,2.3198435
"""CNR7316918""","""CID2637857""",-2.0126984,-0.035532534,-1.9771659
"""CNR4796406""","""CID4456348""",0.003027254,-0.020975262,0.024002517
"""CNR6338452""","""CID3301556""",-1.6661637,-0.033125103,-1.6330385
"""CNR2621914""","""CID3524526""",0.3189848,0.028546453,0.29043835
"""CNR7449034""","""CID6790964""",1.4229453,-0.052761316,1.4757066
"""CNR6098268""","""CID3589920""",-1.0275499,-0.02244246,-1.0051074
"""CNR1601851""","""CID1418848""",0.003027254,0.034630656,-0.031603403
"""CNR4554161""","""CID5030206""",0.013549859,-0.0026830435,0.016232902
"""CNR3986601""","""CID2708453""",-0.9384409,0.075912595,-1.0143535
"""CNR3632324""","""CID8682022""",0.0,0.055884123,-0.055884123
"""CNR4749859""","""CID2390733""",-1.3245796,-0.031756222,-1.2928233
"""CNR7510037""","""CID3647193""",-0.9978469,-0.009012282,-0.9888346
"""CNR4316678""","""CID7501057""",0.025039341,0.0020105839,0.023028757
"""CNR2794908""","""CID2703807""",0.013549859,0.057933033,-0.044383176
"""CNR5853366""","""CID1581593""",0.025039341,-0.026770353,0.051809695
"""CNR6853823""","""CID4176694""",3.7744303,-0.0062217116,3.780652
"""CNR7199117""","""CID5986020""",1.6160145,-0.048639625,1.6646541
"""CNR7760332""","""CID4900333""",-0.81467855,-0.0022234917,-0.81245506
"""CNR2488375""","""CID4078861""",-0.9582429,0.02773738,-0.9859803
"""CNR2469783""","""CID8783049""",-0.013278072,-0.038538903,0.025260832
"""CNR3994929""","""CID8099518""",-1.2057676,0.05146134,-1.257229
"""CNR7995509""","""CID2798995""",0.003027254,-0.0037741065,0.0068013603
"""CNR1568472""","""CID2884783""",-0.7305201,0.028625846,-0.759146
"""CNR5926587""","""CID9321646""",0.9229452,0.049639463,0.87330574
"""CNR8010225""","""CID3896881""",-0.7057677,-0.03191644,-0.67385125
"""CNR7876181""","""CID1893682""",0.0,-0.017111152,0.017111152
"""CNR4101525""","""CID9159253""",0.013549859,0.0007010102,0.0128488485
"""CNR3465506""","""CID4206114""",3.1358166,-0.024122715,3.1599393
"""CNR2270752""","""CID9488371""",0.025039341,-0.02091083,0.04595017
"""CNR6060166""","""CID4821084""",-0.6958667,-0.03811288,-0.6577538
"""CNR8188541""","""CID3680352""",1.8041333,-0.03459537,1.8387287
"""CNR5822026""","""CID5651989""",0.013549859,0.018102765,-0.0045529064
"""CNR3291855""","""CID1909123""",1.4427472,0.028699994,1.4140472
"""CNR4501662""","""CID2152677""",0.013829263,0.035338163,-0.0215089
"""CNR1933854""","""CID5333491""",-1.0968568,-0.019709587,-1.0771472
"""CNR5721144""","""CID8837620""",0.28928185,-0.06725782,0.35653967
"""CNR3920299""","""CID9337468""",-0.44339144,-0.0048980713,-0.43849337
"""CNR4005488""","""CID9866338""",0.025039341,-0.009215772,0.034255113
"""CNR6430902""","""CID5461828""",-0.013278072,-0.02434346,0.011065389
"""CNR3983991""","""CID4673644""",0.025039341,-0.023325562,0.048364904
"""CNR6994582""","""CID1101846""",2.0071037,-0.065338254,2.072442
"""CNR1965108""","""CID9991412""",0.06650956,0.038072944,0.028436616
"""CNR8494539""","""CID2055169""",1.3338363,-0.027377129,1.3612134
"""CNR1439609""","""CID6122071""",1.3635392,-0.014693975,1.3782332
"""CNR9888009""","""CID9708442""",0.17542045,-0.042864323,0.21828477
"""CNR4058720""","""CID8522496""",0.013549859,0.043883592,-0.030333733
"""CNR4126371""","""CID2956687""",0.19522244,0.017082274,0.17814016
"""CNR8418823""","""CID9143473""",0.003027254,0.034742028,-0.031714775
"""CNR2261788""","""CID4242364""",-0.15626271,-0.010454446,-0.14580826
"""CNR9039030""","""CID6949459""",0.013549859,0.06700337,-0.053453512
"""CNR8725409""","""CID4875332""",0.013829263,0.05547446,-0.0416452
"""CNR8451779""","""CID5962190""",-0.8097281,0.04578334,-0.8555114
"""CNR7339174""","""CID7362347""",-0.22556965,0.03900397,-0.26457363
"""CNR7204420""","""CID1170990""",0.003027254,0.009176791,-0.006149537
"""CNR6478436""","""CID7475394""",0.3288858,0.0052775145,0.32360828
"""CNR5735620""","""CID3444746""",-1.7453716,-0.014483035,-1.7308886
"""CNR4050203""","""CID9433169""",1.9278957,-0.01465109,1.9425467
"""CNR3052192""","""CID3294810""",-1.4631934,0.068310976,-1.5315044
"""CNR3108839""","""CID8681033""",-0.05230232,0.017330498,-0.06963281
"""CNR2418542""","""CID4131650""",0.013829263,0.0022260547,0.011603208
"""CNR4199433""","""CID6393271""",0.0,-0.012281656,0.012281656
"""CNR3366428""","""CID6993836""",0.003027254,-0.009197593,0.0122248465
"""CNR5283797""","""CID4018660""",0.013549859,-0.0067819357,0.020331794
"""CNR5396198""","""CID2740660""",-1.6909162,0.033425808,-1.724342
"""CNR9514029""","""CID5861081""",0.4328462,-0.04148966,0.47433585
"""CNR9211392""","""CID8704348""",0.0,0.0029102862,-0.0029102862
"""CNR6290795""","""CID9821838""",0.013549859,-0.022408217,0.035958074
"""CNR3112590""","""CID9511668""",0.013829263,-0.044959962,0.058789223
"""CNR8299407""","""CID6221852""",0.003027254,-0.0049750805,0.008002334
"""CNR7327302""","""CID8505346""",0.6556185,-0.024814993,0.6804335
"""CNR3019534""","""CID6426679""",0.013829263,0.010973364,0.0028558988
"""CNR6305722""","""CID7295784""",-0.15626271,-0.017744452,-0.13851826
"""CNR7253995""","""CID8752193""",-0.51269835,0.002163887,-0.51486224
"""CNR4190540""","""CID2052674""",0.003027254,0.040438235,-0.037410982
"""CNR7517742""","""CID8563535""",-0.39883697,-0.0347445,-0.36409247
"""CNR9326976""","""CID9433018""",-0.34933203,-0.017634273,-0.33169776
"""CNR5769585""","""CID5876491""",1.5318561,0.016647935,1.5152081
"""CNR5744699""","""CID7861119""",0.28928185,-0.10239017,0.39167202
"""CNR8137064""","""CID9230876""",-1.5275499,-0.0024241507,-1.5251257
"""CNR1008645""","""CID8989849""",-0.15626271,0.028222919,-0.18448563
"""CNR3543705""","""CID7160748""",-0.6463617,0.015347213,-0.66170895
"""CNR3539405""","""CID1333135""",-0.8097281,-0.025037289,-0.7846908
"""CNR5957984""","""CID3850167""",3.640767,-0.021913111,3.6626801
"""CNR9223107""","""CID4668861""",-0.45824292,0.08126211,-0.539505
"""CNR5149192""","""CID3134806""",-1.5424013,-0.0329991,-1.5094023
"""CNR8147660""","""CID1659451""",-2.0126984,0.021790057,-2.0344884
"""CNR9891976""","""CID1271938""",0.0,-0.024596632,0.024596632
"""CNR2570407""","""CID9533709""",-1.859233,0.06278336,-1.9220164
"""CNR1897526""","""CID2398620""",-0.5424013,0.0027953684,-0.54519665
"""CNR7901816""","""CID1162119""",-0.4829954,-0.007576585,-0.4754188
"""CNR7981430""","""CID5542205""",-1.7503221,-0.0135297775,-1.7367923
"""CNR5562922""","""CID4819696""",-0.25527263,-0.0010359287,-0.2542367
"""CNR9574629""","""CID3236948""",-1.0622033,0.028511077,-1.0907143
"""CNR7345997""","""CID2947781""",6.843737,-0.018764079,6.862501
"""CNR6797160""","""CID1401659""",0.19027194,0.057137758,0.13313419
"""CNR8499208""","""CID5538533""",0.003027254,-0.02023232,0.023259575
"""CNR3035252""","""CID3348584""",-1.339431,0.020876467,-1.3603075
"""CNR3055089""","""CID2565720""",0.0,-0.013511777,0.013511777
"""CNR3575772""","""CID8122065""",2.180371,-0.0015181303,2.181889
"""CNR2603934""","""CID8070085""",0.8189848,0.034213126,0.7847717
"""CNR1213351""","""CID4493131""",-0.21566866,0.032382965,-0.24805163
"""CNR4992264""","""CID1684858""",0.025039341,-0.01827526,0.043314602
"""CNR2406527""","""CID5276153""",-1.3938864,-0.010736465,-1.38315
"""CNR1980789""","""CID1050760""",-1.7057676,-0.039177567,-1.6665901
"""CNR7652769""","""CID1198160""",0.025039341,-0.02332887,0.04836821
"""CNR2570174""","""CID8898387""",0.0,-0.029736966,0.029736966
"""CNR3276977""","""CID9724300""",-1.2552726,-0.021994054,-1.2332785
"""CNR9950843""","""CID6244408""",0.0,0.0026912391,-0.0026912391
"""CNR6441567""","""CID6348710""",3.6457174,-0.030652642,3.6763701
"""CNR7214447""","""CID3123217""",0.0,-0.033937186,0.033937186
"""CNR9373830""","""CID3696486""",-1.3196291,-0.067308515,-1.2523205
"""CNR5226851""","""CID5247031""",0.0,0.030103475,-0.030103475
"""CNR9224223""","""CID8184798""",0.025039341,-0.0077284873,0.03276783
"""CNR5218350""","""CID9381058""",0.025039341,0.040068388,-0.015029047
"""CNR3077276""","""CID1260050""",3.07146,-0.030841678,3.1023016
"""CNR7670420""","""CID8023914""",-1.2701241,0.008819878,-1.278944
"""CNR4556292""","""CID8889556""",-1.8542825,-0.047471046,-1.8068115
"""CNR2141899""","""CID7371783""",0.23482639,-0.06524211,0.3000685
"""CNR1439474""","""CID8153808""",0.003027254,-0.024933696,0.02796095
"""CNR3015125""","""CID1854760""",0.025039341,0.018759012,0.006280329
"""CNR3687949""","""CID5203726""",-0.086955786,-0.027864337,-0.05909145
"""CNR5065150""","""CID6909658""",2.2348263,-0.013275862,2.2481022
"""CNR2093070""","""CID3944122""",-1.2008172,0.032853127,-1.2336704
"""CNR9464299""","""CID7573164""",0.013829263,-0.021446407,0.035275668
"""CNR6624225""","""CID4085886""",-1.5820053,0.0038716495,-1.585877
"""CNR4271609""","""CID3460265""",0.57146007,-0.045693398,0.61715347
"""CNR8645449""","""CID6814617""",0.013549859,-0.006240517,0.019790376
"""CNR4866588""","""CID1441937""",-1.8641835,0.04334137,-1.907525
"""CNR9057358""","""CID2825541""",-0.7750746,0.019465446,-0.79454005
"""CNR3476571""","""CID2135410""",1.9575987,-0.043574035,2.0011728
"""CNR5834822""","""CID4012523""",-1.0968568,-0.0053091645,-1.0915477
"""CNR9964852""","""CID3060287""",-0.013278072,-0.009632766,-0.0036453055
"""CNR4001083""","""CID9913736""",2.8734403,-0.00044453144,2.8738847
"""CNR7176010""","""CID5835898""",0.025039341,-0.033369273,0.058408614
"""CNR7124143""","""CID8080296""",0.003027254,0.029826224,-0.02679897
"""CNR9720482""","""CID6361529""",0.013549859,0.006053269,0.00749659
"""CNR8567912""","""CID9662490""",1.9080937,0.0045426786,1.903551
"""CNR4216943""","""CID6185751""",0.025039341,-0.011959076,0.036998417
"""CNR9433775""","""CID4309345""",0.0,0.024290442,-0.024290442
"""CNR2986695""","""CID5917191""",-1.339431,0.006165564,-1.3455966
"""CNR8766383""","""CID1751999""",-1.3047776,-0.022759855,-1.2820177
"""CNR2758526""","""CID6052519""",0.0,-0.011435419,0.011435419
"""CNR2511750""","""CID2006155""",0.025039341,-0.013522029,0.03856137
"""CNR8841638""","""CID6167553""",1.3140343,0.0058368444,1.3081975
"""CNR8417947""","""CID6139684""",1.0863116,-0.062214702,1.1485263
"""CNR6061702""","""CID7919263""",-0.50279737,0.008376062,-0.5111734
"""CNR6352912""","""CID3342727""",-1.9433914,-0.0483256,-1.8950658
"""CNR5017262""","""CID3741718""",1.051658,0.00089615583,1.0507619
"""CNR2812338""","""CID8208760""",-1.888936,0.04061711,-1.9295532
"""CNR9879981""","""CID4475219""",-0.91863894,0.0071954727,-0.9258344
"""CNR1985746""","""CID6988987""",-1.0820053,-0.012188673,-1.0698166
"""CNR5706203""","""CID6538564""",-0.5622033,0.031404555,-0.59360784
"""CNR1041830""","""CID5671054""",2.3387868,0.0147640705,2.3240228
"""CNR5024979""","""CID5417713""",0.34373727,0.021548152,0.32218912
"""CNR8238836""","""CID2148956""",0.0,-0.01236099,0.01236099
"""CNR3412303""","""CID7322563""",-0.34438154,0.005584955,-0.3499665
"""CNR9727482""","""CID1954570""",0.003027254,-0.021720767,0.024748022
"""CNR9572979""","""CID3474992""",-1.2651736,-0.012333095,-1.2528405
"""CNR5675049""","""CID1790876""",-1.1315103,0.0050887764,-1.1365991
"""CNR8191476""","""CID5071663""",-2.057253,0.028648198,-2.085901
"""CNR6538649""","""CID4529358""",1.17047,-0.0158633,1.1863333
"""CNR4958902""","""CID7338634""",-1.7453716,0.056325167,-1.8016968
"""CNR7264522""","""CID4786231""",1.3783908,0.063681096,1.3147097
"""CNR6109840""","""CID6327064""",0.025039341,-0.012780547,0.03781989
"""CNR4312765""","""CID9543168""",-0.24042113,-0.005079329,-0.2353418
"""CNR9670987""","""CID9503858""",1.111064,0.02342388,1.08764
"""CNR1457591""","""CID8168726""",0.013549859,-0.03434944,0.0478993
"""CNR1466730""","""CID7953515""",-1.0721043,-0.05524686,-1.0168575
"""CNR6205104""","""CID5021157""",0.025039341,-0.008904517,0.033943858
"""CNR8344276""","""CID5206508""",0.003027254,-0.000187397,0.003214651
"""CNR1022677""","""CID1349384""",-0.64141124,-0.05826187,-0.5831494
"""CNR8995272""","""CID1279963""",0.69522244,-0.020813704,0.71603614
"""CNR4754481""","""CID1266870""",-0.73547065,-0.030847847,-0.7046228
"""CNR9489987""","""CID5795727""",0.4328462,-0.012552261,0.44539845
"""CNR5019982""","""CID1432320""",0.025039341,-0.055999637,0.08103898
"""CNR2770598""","""CID5020281""",2.200173,0.023963094,2.17621
"""CNR3479135""","""CID8018792""",0.013829263,-0.008700877,0.02253014
"""CNR2691861""","""CID5376058""",0.98730165,-0.014478385,1.00178
"""CNR1776378""","""CID9964778""",-0.48794588,-0.008206427,-0.47973946
"""CNR8971920""","""CID1414766""",-1.1661637,-0.026360989,-1.1398027
"""CNR4242573""","""CID4006884""",-1.1414112,0.015283108,-1.1566943
"""CNR4040982""","""CID2638097""",-1.839431,0.009373665,-1.8488047
"""CNR3984322""","""CID4215871""",-0.4681439,-0.01907748,-0.44906643
"""CNR8290472""","""CID3834177""",0.003027254,0.004483968,-0.001456714
"""CNR9389297""","""CID1015889""",-0.42358944,-0.04303974,-0.3805497
"""CNR1203444""","""CID6637256""",1.2051234,0.05771169,1.1474117
"""CNR1089213""","""CID4179851""",2.4080937,-0.02704525,2.435139
"""CNR6785442""","""CID1787011""",0.013829263,0.015825927,-0.0019966643
"""CNR2972320""","""CID8057586""",-1.9037875,0.052068055,-1.9558556
"""CNR8591171""","""CID4397538""",-0.9730944,-0.05068004,-0.92241436
"""CNR6484887""","""CID8791915""",0.025039341,-0.020144045,0.045183387
"""CNR2044461""","""CID2934302""",-1.0473518,0.023109019,-1.0704608
"""CNR8084310""","""CID7138750""",0.49720263,-0.02879718,0.5259998
"""CNR9777125""","""CID5875903""",-0.72061914,0.031015694,-0.75163484
"""CNR3858081""","""CID1642138""",-1.4582429,-0.004545331,-1.4536976
"""CNR2669952""","""CID9868028""",-0.21566866,0.067479014,-0.2831477
"""CNR8263384""","""CID9977909""",0.013549859,-0.0066680014,0.02021786
"""CNR2658148""","""CID9559776""",1.1803709,-0.055776775,1.2361476
"""CNR2754966""","""CID3869382""",1.9130442,-0.012411624,1.9254558
"""CNR7758470""","""CID6455341""",-1.2354707,0.016506612,-1.2519772
"""CNR5084702""","""CID2750092""",3.9377966,-0.015895218,3.9536917
"""CNR8591685""","""CID2244577""",0.013549859,0.00019288063,0.013356978
"""CNR6702912""","""CID7137418""",0.0,-0.0032203496,0.0032203496
"""CNR1991640""","""CID4752643""",0.630866,-0.019706786,0.6505728
"""CNR7369691""","""CID9446430""",-0.00279737,0.03252989,-0.03532726
"""CNR2462662""","""CID1310632""",-1.3740845,0.07163304,-1.4457176
"""CNR8077723""","""CID8495525""",-0.30477756,-0.0054587126,-0.29931885
"""CNR4871777""","""CID6519902""",2.0863116,-0.1321992,2.2185109
"""CNR6309664""","""CID4763125""",-1.5721043,-0.006411582,-1.5656928
"""CNR4479179""","""CID2819790""",-1.6711142,-0.009544224,-1.66157
"""CNR7457553""","""CID2757293""",-1.408738,-0.03363979,-1.3750982
"""CNR5625889""","""CID1283410""",-0.9582429,-0.13020363,-0.8280393
"""CNR9460764""","""CID5586995""",0.88334125,-0.016137421,0.8994787
"""CNR3998146""","""CID6738079""",5.0962124,-0.010885298,5.1070976
"""CNR4015172""","""CID2857949""",0.003027254,0.006116569,-0.003089315
"""CNR6240772""","""CID4026228""",0.025039341,-0.00031110644,0.025350448
"""CNR9914084""","""CID8924506""",0.0,0.035068154,-0.035068154
"""CNR1697180""","""CID7762758""",-1.5919063,0.03258723,-1.6244936
"""CNR4789750""","""CID2162296""",-0.97804487,0.0024787188,-0.9805236
"""CNR2991014""","""CID4946282""",-0.013278072,0.019307435,-0.032585505
"""CNR2996962""","""CID6603564""",-0.32457954,0.005618304,-0.33019784
"""CNR2577973""","""CID1647869""",1.2694799,0.038415104,1.2310648
"""CNR7261009""","""CID8435335""",-2.1463618,0.069714546,-2.2160764
"""CNR9232178""","""CID7932262""",0.013549859,-0.0014822185,0.015032077
"""CNR8041927""","""CID2908244""",-0.93349046,-0.013192624,-0.92029786
"""CNR5424069""","""CID3670977""",0.3189848,-0.016491652,0.33547646
"""CNR8232061""","""CID8027884""",0.0,-0.022880256,0.022880256
"""CNR9262224""","""CID7617896""",0.003027254,-0.014092386,0.01711964
"""CNR2988375""","""CID1359196""",0.0,0.014290094,-0.014290094
"""CNR4387579""","""CID8970252""",2.0170047,-0.04385525,2.06086
"""CNR8937909""","""CID7561222""",-1.8146785,-0.0038222075,-1.8108563
"""CNR2820949""","""CID9536771""",-2.2354705,0.0011999011,-2.2366705
"""CNR4498534""","""CID8869714""",0.0,-0.031289935,0.031289935
"""CNR6724034""","""CID9920842""",-0.94339144,-0.025034308,-0.91835713
"""CNR9144498""","""CID4601412""",5.254628,0.002215445,5.252413
"""CNR5219967""","""CID6245712""",-0.888936,-0.015035212,-0.8739008
"""CNR8366384""","""CID5678882""",-0.013278072,0.016247392,-0.029525463
"""CNR8595196""","""CID4950542""",-1.359233,-0.0035834014,-1.3556496
"""CNR1202712""","""CID3339761""",0.003027254,-0.022703469,0.025730724
"""CNR5360863""","""CID5955923""",0.025039341,0.009742051,0.01529729
"""CNR3015245""","""CID1493676""",-0.28992608,-0.039752662,-0.25017342
"""CNR2876675""","""CID5688627""",-0.46319342,-0.0017972589,-0.46139616
"""CNR3440751""","""CID2475214""",0.5071036,-0.009780139,0.51688373
"""CNR9453497""","""CID8744392""",2.2249255,-0.04445368,2.2693791
"""CNR5191517""","""CID5256069""",0.0,0.029173166,-0.029173166
"""CNR6984782""","""CID6997983""",1.4476976,-0.04106599,1.4887636
"""CNR2782420""","""CID5526011""",0.013829263,0.005903244,0.007926019
"""CNR3447789""","""CID2177327""",-1.7998271,0.03209853,-1.8319256
"""CNR5847253""","""CID6931422""",0.003027254,-0.020354569,0.023381824
"""CNR2521187""","""CID9239914""",0.003027254,0.022775501,-0.019748246
"""CNR9116243""","""CID5631643""",-1.0374508,-0.027529627,-1.0099212
"""CNR1540567""","""CID8942847""",-2.2602232,0.03117156,-2.2913947
"""CNR1926262""","""CID7740378""",-1.6562628,0.038644254,-1.694907
"""CNR9787493""","""CID8077394""",1.4873016,-0.06164539,1.548947
"""CNR5829665""","""CID7649105""",-1.879035,-0.0012117624,-1.8778232
"""CNR9879874""","""CID9484756""",0.025039341,0.02336225,0.0016770922
"""CNR2829221""","""CID1386367""",0.0,0.004360795,-0.004360795
"""CNR3410847""","""CID5457547""",-0.013278072,-0.041473985,0.028195914
"""CNR9803518""","""CID5848790""",-1.5572528,-0.011657149,-1.5455956
"""CNR2614480""","""CID7241709""",0.36353928,0.013602257,0.34993702
"""CNR1251538""","""CID4053963""",0.07146005,0.03657046,0.034889594
"""CNR4678626""","""CID4797851""",-0.9136885,0.008898377,-0.92258686
"""CNR7320848""","""CID1205165""",-1.2948766,-0.07957113,-1.2153054
"""CNR4435597""","""CID3451597""",-1.0622033,0.037249,-1.0994523
"""CNR6623440""","""CID6060445""",-0.013278072,0.024036288,-0.03731436
"""CNR6410243""","""CID9675847""",0.0,0.08078408,-0.08078408
"""CNR5354245""","""CID7839444""",-2.1265597,-0.032376528,-2.0941832
"""CNR7176550""","""CID6074093""",0.99720263,0.10592967,0.89127296
"""CNR6944840""","""CID9703775""",-1.4928964,0.041879356,-1.5347757
"""CNR8322304""","""CID7764173""",-2.1760647,-0.02552396,-2.1505408
"""CNR5043424""","""CID9620149""",1.3338363,-0.009239763,1.3430761
"""CNR1450904""","""CID1515159""",0.77443033,-0.010389566,0.7848199
"""CNR5190775""","""CID6321589""",1.9427472,-0.0998615,2.0426087
"""CNR5431284""","""CID2103783""",0.025039341,0.00175488,0.023284461
"""CNR6056155""","""CID2675766""",0.003027254,-3.963709e-05,0.003066891
"""CNR7548833""","""CID4063345""",-1.9582429,0.021805882,-1.9800488
"""CNR7982766""","""CID6192942""",0.013549859,-0.017468035,0.031017894
"""CNR3802595""","""CID8022385""",-1.5325004,0.006095469,-1.5385959
"""CNR8733171""","""CID6143764""",0.86848974,0.030462742,0.838027
"""CNR2964716""","""CID1041804""",0.003027254,-0.0069589615,0.009986215
"""CNR3507126""","""CID9626947""",0.9674997,0.017196178,0.9503035
"""CNR5662990""","""CID3565134""",-0.42853993,-0.15221179,-0.27632815
"""CNR1268532""","""CID8078005""",0.0,-0.015138745,0.015138745
"""CNR8618813""","""CID8093376""",-0.23052014,0.045601606,-0.27612174
"""CNR2425474""","""CID8726893""",5.3585887,0.009766459,5.348822
"""CNR4039962""","""CID9976423""",5.640767,-0.013634205,5.6544013
"""CNR8498263""","""CID2972698""",0.025039341,0.02367419,0.0013651513
"""CNR7997177""","""CID4769036""",1.690272,-0.03173387,1.7220058
"""CNR9039833""","""CID8733015""",-1.1463617,-0.041181505,-1.1051803
"""CNR9030696""","""CID9468899""",0.37839076,0.033533573,0.3448572
"""CNR4504710""","""CID3202082""",2.2447274,-0.0303953,2.2751226
"""CNR5850518""","""CID3522188""",-0.52259934,0.017630398,-0.54022974
"""CNR6112678""","""CID4271482""",-0.35428253,-0.03229174,-0.3219908
"""CNR6011776""","""CID2685782""",0.013829263,0.030959845,-0.017130582
"""CNR6759449""","""CID7555592""",-2.2305202,-0.0045556724,-2.2259645
"""CNR5398928""","""CID6311962""",-0.5424013,-0.0342575,-0.5081438
"""CNR4229142""","""CID2720070""",0.025039341,0.014768004,0.010271337
"""CNR5126275""","""CID8849631""",-1.1265597,-0.0018917024,-1.124668
"""CNR6600103""","""CID9277769""",0.4179947,-0.0052826703,0.42327738
"""CNR4257044""","""CID5601701""",-0.30477756,0.015865684,-0.32064325
"""CNR4023892""","""CID3481765""",-0.3740845,-0.013748348,-0.36033615
"""CNR4550121""","""CID4271005""",0.025039341,-0.016610265,0.041649606
"""CNR7621258""","""CID2291497""",0.013549859,0.046651125,-0.033101268
"""CNR7774668""","""CID3453125""",0.0,-0.010939062,0.010939062
"""CNR5272252""","""CID3376638""",1.5863116,-0.022875011,1.6091866
"""CNR4343045""","""CID8890681""",0.8189848,-0.022369623,0.8413544
"""CNR4911679""","""CID1417598""",-2.1810153,0.035105467,-2.2161207
"""CNR1969497""","""CID6204005""",2.2892818,0.05738443,2.2318974
"""CNR6015922""","""CID9433735""",-1.9978468,-0.0018229783,-1.9960239
"""CNR5317443""","""CID4048601""",0.003027254,0.04003489,-0.037007637
"""CNR5427148""","""CID4799353""",1.1803709,0.018741399,1.1616296
"""CNR6353088""","""CID9989639""",1.8486878,0.001613617,1.8470742
"""CNR3847414""","""CID3033273""",0.003027254,-0.022269249,0.025296504
"""CNR9757050""","""CID8910844""",0.0,0.023950279,-0.023950279
"""CNR8071102""","""CID5748451""",0.013829263,0.04603651,-0.03220725
"""CNR8993738""","""CID8950456""",3.0764105,0.024246156,3.0521643
"""CNR3731721""","""CID6594456""",0.013829263,-0.01125145,0.025080713
"""CNR6581126""","""CID6285282""",-2.1364608,-0.038722336,-2.0977385
"""CNR2006277""","""CID3335101""",0.003027254,-0.0018720329,0.0048992867
"""CNR2205519""","""CID9577736""",-1.4829954,-0.017181933,-1.4658134
"""CNR3498826""","""CID9407308""",-0.9928964,-0.02139169,-0.9715047
"""CNR3954204""","""CID7121151""",0.025039341,-0.021445453,0.046484794
"""CNR8318783""","""CID5458345""",3.799183,-0.008259356,3.8074422
"""CNR3924113""","""CID1001414""",-0.017648855,0.060806096,-0.07845495
"""CNR4357480""","""CID2533846""",-0.7651736,0.065127134,-0.83030075
"""CNR2040991""","""CID8687251""",0.013829263,0.0002861023,0.013543161
"""CNR7084025""","""CID9643592""",0.37839076,-0.035914183,0.41430494
"""CNR7856693""","""CID1284270""",-1.448342,0.02249366,-1.4708357
"""CNR2940039""","""CID5570675""",-0.49289638,-0.020298123,-0.47259825
"""CNR5960594""","""CID8773936""",0.0,-0.0008780658,0.0008780658
"""CNR7937909""","""CID3192355""",0.0,0.023473144,-0.023473144
"""CNR6183131""","""CID4323298""",0.07146005,0.018719375,0.05274068
"""CNR1536080""","""CID6940014""",0.0,-0.04096979,0.04096979
"""CNR5510322""","""CID9851784""",-0.5325003,-0.010765016,-0.5217353
"""CNR6901741""","""CID2765799""",-1.1661637,-0.05783224,-1.1083314
"""CNR4982732""","""CID6290076""",-0.6661637,-0.058081508,-0.6080822
"""CNR9592431""","""CID3988804""",0.025039341,0.0024334192,0.022605922
"""CNR3583803""","""CID8292206""",-1.7107182,-0.03250581,-1.6782124
"""CNR8399415""","""CID9663536""",0.013829263,0.00028419495,0.013545068
"""CNR3148859""","""CID5639617""",2.4377966,0.085163414,2.3526332
"""CNR8221394""","""CID3059252""",6.1457176,0.06928617,6.0764313
"""CNR9488352""","""CID1154645""",0.025039341,-0.004941106,0.029980447
"""CNR7333155""","""CID1568185""",1.1952224,-0.032382667,1.2276051
"""CNR9034738""","""CID3980818""",0.003027254,0.008869052,-0.005841798
"""CNR1954824""","""CID7304196""",-1.92854,-0.03273374,-1.8958063
"""CNR8118721""","""CID8327591""",0.013549859,-0.0010108352,0.014560694
"""CNR3247091""","""CID1188612""",-0.369134,0.00040900707,-0.36954302
"""CNR9978330""","""CID7060505""",1.3486878,-0.0040943623,1.3527821
"""CNR7997527""","""CID1804937""",-1.2404212,-0.018179238,-1.2222419
"""CNR4517798""","""CID7205191""",-1.6364608,0.023917198,-1.660378
"""CNR2865736""","""CID3972597""",-0.086955786,0.04966885,-0.13662463
"""CNR1715549""","""CID6291470""",2.3189847,0.017890096,2.3010945
"""CNR6902897""","""CID1505528""",0.36848977,-0.016217351,0.38470712
"""CNR2033210""","""CID5921312""",-0.013278072,0.009117156,-0.022395227
"""CNR6622619""","""CID7437006""",1.2645293,-0.009515017,1.2740444
"""CNR4617700""","""CID2648683""",0.013549859,-0.010971308,0.024521166
"""CNR6284720""","""CID8709040""",3.8783908,0.049095184,3.8292956
"""CNR8704596""","""CID8874224""",-1.4928964,-0.0117383,-1.4811581
"""CNR6581643""","""CID7716407""",1.9179947,0.0045430064,1.9134517
"""CNR2779290""","""CID8382773""",0.003027254,-0.009719431,0.012746685
"""CNR5661158""","""CID7594419""",0.08136105,-0.009314239,0.09067529
"""CNR2112013""","""CID5311290""",0.013549859,-0.00924623,0.022796089
"""CNR5844564""","""CID1005768""",-0.16616371,-0.02002281,-0.1461409
"""CNR2914956""","""CID7366503""",0.9377967,-0.009548098,0.9473448
"""CNR1196479""","""CID6223383""",-0.49289638,-0.0017564297,-0.49113995
"""CNR4668910""","""CID1669086""",-2.250322,0.01756394,-2.2678862
"""CNR4071525""","""CID1271659""",4.581361,-0.017469317,4.59883
"""CNR7030722""","""CID9177224""",0.0,0.02823466,-0.02823466
"""CNR7335550""","""CID5635341""",-0.5523023,-0.04031518,-0.5119871
"""CNR1753215""","""CID5910210""",0.013829263,-0.07448524,0.0883145
"""CNR7153857""","""CID1720898""",1.2397768,-0.017928481,1.2577053
"""CNR9410819""","""CID2648164""",-1.0671538,0.022025049,-1.0891788
"""CNR7491740""","""CID9263693""",0.0,-0.0150030255,0.0150030255
"""CNR8296015""","""CID1849808""",0.013829263,-0.032390833,0.046220094
"""CNR7874394""","""CID9001891""",-1.4582429,-0.018280983,-1.4399619
"""CNR9237879""","""CID7027054""",-1.2503221,-0.05744499,-1.192877
"""CNR4233041""","""CID5499671""",-1.6463617,0.05535412,-1.7017158
"""CNR5478940""","""CID1749983""",-1.2602232,-0.0048602223,-1.255363
"""CNR5449362""","""CID5585623""",-0.8740845,0.013113201,-0.8871977
"""CNR2674343""","""CID3719579""",0.013549859,-0.04088801,0.05443787
"""CNR9941764""","""CID1402697""",0.025039341,-0.03444147,0.059480812
"""CNR7096619""","""CID2810956""",-2.151312,0.028640866,-2.179953
"""CNR6639373""","""CID4296963""",-0.14141123,0.044756204,-0.18616743
"""CNR4016892""","""CID5273794""",-1.2453716,0.01954317,-1.2649148
"""CNR2392134""","""CID8858904""",-1.6315103,0.0394665,-1.6709768
"""CNR5944039""","""CID2914549""",0.013549859,-0.004739225,0.018289084
"""CNR1307896""","""CID8732339""",-2.0820053,-0.015603036,-2.0664022
"""CNR8657696""","""CID2495301""",-1.7849755,-0.0117788315,-1.7731967
"""CNR6944041""","""CID1678739""",1.130866,-0.004694611,1.1355606
"""CNR2141583""","""CID9987507""",1.8635392,-0.040421575,1.9039608
"""CNR1585717""","""CID1505545""",0.21502441,0.042088807,0.1729356
"""CNR1026727""","""CID4678560""",1.2447274,-0.031635463,1.2763629
"""CNR9176169""","""CID9799054""",0.025039341,-0.0047676563,0.029806998
"""CNR7254705""","""CID3088930""",0.003027254,-0.012472689,0.015499943
"""CNR5320164""","""CID3747918""",-1.6909162,0.008753598,-1.6996698
"""CNR4838519""","""CID9673230""",0.88334125,0.036845744,0.8464955
"""CNR2827160""","""CID5227579""",-0.7948766,-0.06760085,-0.7272757
"""CNR9008329""","""CID5551168""",0.0,-0.019589305,0.019589305
"""CNR8434758""","""CID4773442""",0.025039341,-0.009690583,0.034729924
"""CNR3034053""","""CID7011064""",0.5021531,0.005365014,0.49678808
"""CNR3524804""","""CID6489465""",0.003027254,0.011670589,-0.008643336
"""CNR4993244""","""CID6974933""",-0.32457954,-0.07642633,-0.24815321
"""CNR2987424""","""CID8163234""",0.013829263,-0.0042728186,0.018102081
"""CNR9861981""","""CID8994443""",0.003027254,-0.016170055,0.01919731
"""CNR7144150""","""CID2893379""",3.4278958,0.044976115,3.3829198
"""CNR5640363""","""CID5359893""",-2.2453716,0.061778963,-2.3071506
"""CNR6575201""","""CID6536846""",0.076410554,-0.08681846,0.16322902
"""CNR6890903""","""CID2623656""",1.4377967,-0.0037889779,1.4415857
"""CNR5132981""","""CID3079894""",-1.7701241,-0.0480389,-1.7220852
"""CNR3807875""","""CID2487301""",7.700173,0.021934807,7.678238
"""CNR7696076""","""CID1075966""",-1.5077479,-0.0029815435,-1.5047663
"""CNR7129104""","""CID9165164""",-1.7849755,0.037923515,-1.8228991
"""CNR5206507""","""CID9160368""",-0.49289638,0.024071008,-0.5169674
"""CNR9623661""","""CID1568888""",0.0,-0.016730607,0.016730607
"""CNR5565474""","""CID1544880""",0.0,-0.043861866,0.043861866
"""CNR9886032""","""CID2641199""",-1.2008172,0.047346413,-1.2481637
"""CNR9379613""","""CID6645851""",-2.1315103,0.03300333,-2.1645136
"""CNR3866252""","""CID3167453""",1.8635392,-0.015506834,1.8790461
"""CNR5579509""","""CID6091106""",1.4130442,-0.018353313,1.4313976
"""CNR9826723""","""CID9250202""",-0.013278072,-0.011437833,-0.0018402385
"""CNR7944337""","""CID1879351""",-1.4037875,0.006007999,-1.4097955
"""CNR7622170""","""CID2619654""",0.0,0.01748079,-0.01748079
"""CNR9904399""","""CID1812956""",-0.5968568,0.020912647,-0.6177694
"""CNR3358338""","""CID3208565""",-0.013278072,-0.016102076,0.0028240038
"""CNR9735004""","""CID9131664""",-0.24042113,-0.010216236,-0.2302049
"""CNR2924625""","""CID3556702""",-0.19091618,-0.0073872507,-0.18352893
"""CNR9395976""","""CID8814144""",0.6061135,0.022379965,0.58373356
"""CNR8320301""","""CID2208115""",1.3585888,0.038607,1.3199818
"""CNR7739738""","""CID2027701""",-1.9235895,-0.035752654,-1.8878368
"""CNR7427605""","""CID5518114""",-0.5572528,-0.037712634,-0.5195402
"""CNR5032766""","""CID6880101""",1.8486878,-0.066479385,1.9151671
"""CNR7608611""","""CID7386775""",-0.013278072,0.0050038695,-0.01828194
"""CNR1060805""","""CID2320631""",-0.9037875,0.011505187,-0.9152927
"""CNR3277547""","""CID7323374""",-0.6909162,0.02093035,-0.71184653
"""CNR8494304""","""CID5690468""",0.55660856,-0.03357649,0.59018505
"""CNR5365438""","""CID3023279""",-0.50279737,-0.01793006,-0.4848673
"""CNR1915540""","""CID9067282""",2.0863116,-0.12319934,2.2095108
"""CNR8496535""","""CID5757106""",-1.3344805,0.059810817,-1.3942914
"""CNR7332280""","""CID3419493""",-0.013278072,0.029251039,-0.04252911
"""CNR2244188""","""CID3106747""",-1.2800251,-0.021526098,-1.258499
"""CNR6813013""","""CID1895761""",0.013829263,-0.0050684214,0.018897684
"""CNR8807083""","""CID4839330""",0.025039341,-0.018116683,0.043156024
"""CNR5291013""","""CID4319653""",0.8189848,-0.034967005,0.8539518
"""CNR2266726""","""CID5590615""",0.003027254,0.005923927,-0.0028966728
"""CNR4890252""","""CID2087683""",0.013829263,-0.015128791,0.028958054
"""CNR2269212""","""CID8487615""",0.025039341,0.020393431,0.00464591
"""CNR9649330""","""CID9389298""",-2.2552726,0.054231703,-2.3095043
"""CNR9990085""","""CID5027204""",1.650668,0.0025639534,1.6481041
"""CNR9123759""","""CID3403817""",-1.2453716,-0.04422468,-1.2011468
"""CNR2874542""","""CID7848287""",-0.78002506,0.05155146,-0.8315765
"""CNR1826714""","""CID9927249""",2.2942324,0.011456162,2.282776
"""CNR6407429""","""CID5621597""",1.6259155,-0.033743918,1.6596594
"""CNR1390776""","""CID3940239""",0.013549859,0.01442188,-0.00087202154
"""CNR7573412""","""CID6171756""",0.6061135,-0.011614233,0.61772776
"""CNR1840812""","""CID2497733""",0.19027194,-0.022224069,0.21249601
"""CNR5129916""","""CID4576835""",-1.9384409,-0.017927647,-1.9205133
"""CNR7309844""","""CID9005228""",0.013829263,0.0003823936,0.013446869
"""CNR5981964""","""CID8781934""",0.031856094,0.0594016,-0.027545508
"""CNR6740642""","""CID2782924""",-1.5820053,0.017574847,-1.59958
"""CNR2808421""","""CID9830379""",-0.65131223,-0.03111881,-0.6201934
"""CNR2508870""","""CID2944778""",-1.4681439,0.043215662,-1.5113596
"""CNR2712247""","""CID9784896""",0.003027254,0.044160992,-0.04113374
"""CNR2841825""","""CID1136744""",0.0,-0.023672938,0.023672938
"""CNR9769042""","""CID9520355""",-0.53745085,0.015463531,-0.5529144
"""CNR5795467""","""CID4481055""",-0.01214276,-0.0003298521,-0.011812908
"""CNR7626904""","""CID1962769""",4.8041334,-0.060332745,4.864466
"""CNR6632186""","""CID6947837""",1.4476976,-0.009620905,1.4573185
"""CNR5990930""","""CID1336119""",-0.9681439,0.021611929,-0.9897558
"""CNR6099181""","""CID8696796""",-0.28992608,0.060018867,-0.34994495
"""CNR3170874""","""CID7857889""",0.025039341,-0.012092829,0.03713217
"""CNR2513952""","""CID2036033""",0.025039341,0.009730279,0.015309062
"""CNR4855198""","""CID3836943""",1.5665096,0.015673459,1.5508361
"""CNR1369897""","""CID2894892""",-1.7354707,0.03137344,-1.766844
"""CNR6535721""","""CID6694913""",0.013549859,-0.018827617,0.032377474
"""CNR1250417""","""CID9114185""",0.0,-0.042986274,0.042986274
"""CNR2492509""","""CID7845420""",1.4575987,0.006726444,1.4508722
"""CNR8337131""","""CID1993123""",-0.64141124,0.019559115,-0.66097033
"""CNR1786612""","""CID9735641""",0.013549859,-0.014247596,0.027797455
"""CNR2162260""","""CID9183663""",-0.5671538,0.0036973953,-0.5708512
"""CNR1678864""","""CID1378865""",0.0,-0.026546687,0.026546687
"""CNR9027093""","""CID5151186""",-1.5275499,0.052324355,-1.5798743
"""CNR6172163""","""CID1767049""",-0.34438154,-0.011455089,-0.33292645
"""CNR1346506""","""CID4168913""",-1.0424013,-0.0017744303,-1.0406269
"""CNR7503709""","""CID8370377""",-1.1463617,-0.058469415,-1.0878923
"""CNR4986212""","""CID4529451""",-1.6265597,-0.028249383,-1.5983104
"""CNR5881907""","""CID7895163""",0.025039341,0.013807118,0.011232223
"""CNR5164662""","""CID3404063""",0.0,0.03739813,-0.03739813
"""CNR2027949""","""CID4724373""",-1.6562628,-0.023242801,-1.6330199
"""CNR1907477""","""CID4176530""",-1.0077479,-0.009966075,-0.9977818
"""CNR3573790""","""CID5202904""",0.0,-0.025583923,0.025583923
"""CNR4830923""","""CID8019669""",0.013829263,0.0019459128,0.01188335
"""CNR1182798""","""CID1937657""",-2.2602232,0.04581979,-2.306043
"""CNR9549531""","""CID8544558""",0.003027254,-0.028305113,0.031332366
"""CNR8232969""","""CID2201371""",0.025039341,-0.00386855,0.028907891
"""CNR6684505""","""CID7895189""",0.0,-0.007098675,0.007098675
"""CNR8561865""","""CID1903922""",-2.0622034,0.05504644,-2.11725
"""CNR8203250""","""CID7354446""",0.4229452,0.0692417,0.3537035
"""CNR3191916""","""CID2242329""",5.264529,0.0071466565,5.2573824
"""CNR7213710""","""CID2227189""",-0.013278072,0.006876409,-0.02015448
"""CNR3320919""","""CID7901027""",1.2991828,-0.026764631,1.3259474
"""CNR6674930""","""CID5395988""",-1.1513122,0.011724114,-1.1630363
"""CNR1044336""","""CID1402113""",1.8981928,-0.03656274,1.9347556
"""CNR5189211""","""CID7255986""",-1.3938864,0.05921647,-1.453103
"""CNR8373557""","""CID3896255""",0.003027254,-0.0045788884,0.007606142
"""CNR9416623""","""CID7399369""",-1.2800251,-0.03447923,-1.2455459
"""CNR6482987""","""CID6817798""",-0.5176489,0.01469785,-0.5323467
"""CNR3996485""","""CID9986624""",0.003027254,-0.044505894,0.047533147
"""CNR6839941""","""CID5089776""",-1.3740845,-0.011849225,-1.3622353
"""CNR5203645""","""CID6098489""",2.442747,-0.063554704,2.5063019
"""CNR8651871""","""CID8087727""",2.061559,-0.004678875,2.066238
"""CNR9706000""","""CID8843128""",0.025039341,0.016064405,0.008974936
"""CNR7309302""","""CID5129651""",0.013549859,-0.018869609,0.032419465
"""CNR8787135""","""CID4528944""",0.0,-0.021114051,0.021114051
"""CNR5941809""","""CID4612958""",-0.5325003,-0.0066833496,-0.525817
"""CNR2930925""","""CID3515931""",-1.4433914,-0.033598304,-1.4097931
"""CNR9373819""","""CID3125530""",-0.41863894,0.04049903,-0.45913798
"""CNR3465300""","""CID9959734""",0.013549859,-0.004622668,0.018172527
"""CNR9673690""","""CID1672104""",-0.14636172,0.023293406,-0.16965513
"""CNR6539952""","""CID4010457""",-1.82953,-0.051392734,-1.7781372
"""CNR8997912""","""CID4300875""",0.0,-0.03830117,0.03830117
"""CNR1839126""","""CID3731683""",0.37839076,-0.0071009994,0.38549176
"""CNR7091445""","""CID4811765""",0.5269056,-0.021721661,0.54862726
"""CNR5818044""","""CID9441982""",0.0,0.074976325,-0.074976325
"""CNR7115618""","""CID6833510""",0.003027254,-0.0197438,0.022771055
"""CNR9565598""","""CID8740687""",0.003027254,0.061467648,-0.058440395
"""CNR8874379""","""CID9572320""",0.06650956,-0.009854376,0.076363936
"""CNR4527540""","""CID8596988""",-1.6067578,0.016588897,-1.6233467
"""CNR6895309""","""CID6354220""",-1.3146785,-0.002871275,-1.3118073
"""CNR7838131""","""CID4711450""",-2.0374508,-0.010817796,-2.026633
"""CNR1103901""","""CID9342148""",-0.7602231,0.0457294,-0.8059525
"""CNR8502516""","""CID1532810""",0.013829263,0.0463894,-0.03256014
"""CNR3045548""","""CID4975064""",-0.9879459,0.057733476,-1.0456793
"""CNR3988959""","""CID8461358""",-2.1661637,-0.018213212,-2.1479504
"""CNR1355727""","""CID4714202""",-1.4730943,0.007907808,-1.4810021
"""CNR2617473""","""CID3455755""",2.041757,0.020634562,2.0211225
"""CNR2508961""","""CID8529304""",7.502153,-0.0033259392,7.505479
"""CNR1772979""","""CID5243495""",1.051658,0.034730375,1.0169277
"""CNR6789648""","""CID1936186""",1.2348264,0.011702001,1.2231245
"""CNR2103014""","""CID5211313""",-0.013278072,-0.008552313,-0.004725759
"""CNR1237923""","""CID6482845""",2.8437374,0.021629035,2.8221083
"""CNR4316002""","""CID1378252""",4.1754203,-0.046554267,4.2219744
"""CNR4296835""","""CID9486648""",-0.8443815,-0.022695601,-0.8216859
"""CNR3550976""","""CID8565169""",0.025039341,-0.024327159,0.0493665
"""CNR9357370""","""CID7920663""",-0.14141123,0.0027048588,-0.14411609
"""CNR2038555""","""CID7103902""",-0.90873796,0.0039058328,-0.9126438
"""CNR7144112""","""CID8876652""",-0.97804487,-0.032095075,-0.9459498
"""CNR5169887""","""CID1461220""",-1.1265597,-0.023528308,-1.1030314
"""CNR3052875""","""CID2572968""",-0.7849756,-0.009073496,-0.7759021
"""CNR1185545""","""CID1301291""",-0.869134,-0.04291439,-0.8262196
"""CNR1603251""","""CID9190542""",-0.43349043,-0.0145839155,-0.4189065
"""CNR2591004""","""CID4872878""",-2.0820053,-0.036314845,-2.0456905
"""CNR1252830""","""CID9041055""",1.690272,0.07165837,1.6186136
"""CNR1484330""","""CID5161383""",0.0,0.010558307,-0.010558307
"""CNR4601381""","""CID2499332""",-2.200817,0.06839877,-2.2692158
"""CNR6327859""","""CID2586892""",-1.839431,-0.023790598,-1.8156404
"""CNR5552410""","""CID7415886""",-0.1711142,0.033240855,-0.20435506
"""CNR6164800""","""CID7838897""",0.013549859,-0.0013995171,0.014949376
"""CNR5958286""","""CID9688649""",-1.5077479,-0.02788341,-1.4798645
"""CNR5401818""","""CID6766993""",4.328886,0.029248685,4.2996373
"""CNR5755277""","""CID5226939""",-0.49289638,-0.04045248,-0.4524439
"""CNR3662425""","""CID2741044""",0.0,0.038139254,-0.038139254
"""CNR7025261""","""CID2066687""",0.013829263,-0.01428771,0.028116973
"""CNR4285356""","""CID2623323""",0.076410554,0.018174648,0.058235906
"""CNR7411744""","""CID6246989""",1.3288858,0.10295552,1.2259302
"""CNR6855361""","""CID2487666""",-0.0770548,0.018052638,-0.095107436
"""CNR9998863""","""CID1398199""",0.0,-0.0066819787,0.0066819787
"""CNR9986868""","""CID5694099""",-1.0869558,0.01286599,-1.0998218
"""CNR9241228""","""CID6470691""",0.0,-0.00660187,0.00660187
"""CNR2220300""","""CID4697726""",2.0863116,0.03086263,2.055449
"""CNR7804140""","""CID7706991""",0.025039341,-0.025254518,0.05029386
"""CNR3306769""","""CID3693978""",-0.93349046,0.03130904,-0.9647995
"""CNR4801612""","""CID5378154""",-0.88398546,-0.020007491,-0.86397797
"""CNR3683303""","""CID2507403""",-0.90873796,-0.0011736751,-0.9075643
"""CNR8562913""","""CID9592183""",-1.448342,0.0069158673,-1.4552579
"""CNR9961426""","""CID8936581""",-0.24042113,-0.023223251,-0.21719788
"""CNR9596738""","""CID5966205""",-1.4334904,-0.03021133,-1.4032791
"""CNR9249249""","""CID7254476""",-1.3047776,-0.062452972,-1.2423246
"""CNR9485342""","""CID4015347""",-0.41863894,-0.017973453,-0.4006655
"""CNR9194807""","""CID1528528""",-0.29487658,-0.013846815,-0.28102976
"""CNR1511822""","""CID4414372""",-0.7404211,0.056951314,-0.79737246
"""CNR5994876""","""CID7393894""",0.3239353,0.051674157,0.27226114
"""CNR4405085""","""CID7711520""",0.0,0.02134347,-0.02134347
"""CNR2892239""","""CID9086715""",1.8041333,0.06188765,1.7422457
"""CNR7267900""","""CID3827091""",0.003027254,-0.02449295,0.027520204
"""CNR5774281""","""CID3977967""",0.003027254,0.018980682,-0.015953427
"""CNR5670817""","""CID3983075""",-1.82953,0.026714891,-1.8562449
"""CNR6842762""","""CID7394191""",0.003027254,-0.0498752,0.052902453
"""CNR2761306""","""CID2506719""",5.710074,0.02942741,5.6806464
"""CNR5917005""","""CID6290829""",0.5021531,-0.047757387,0.5499105
"""CNR2655569""","""CID5965653""",0.003027254,-0.003115058,0.0061423117
"""CNR2706677""","""CID3736067""",-1.9433914,-0.036435694,-1.9069557
"""CNR6194682""","""CID6766848""",-0.13151024,-0.0032863617,-0.12822388
"""CNR7962660""","""CID8481240""",-1.1414112,0.06559616,-1.2070074
"""CNR9238118""","""CID9401907""",0.0,-0.012290001,0.012290001
"""CNR5995646""","""CID1155169""",-1.8542825,-0.046653688,-1.8076289
"""CNR2426360""","""CID6257814""",-0.037450835,0.028400302,-0.06585114
"""CNR9016340""","""CID3338096""",-0.1810152,-0.024758875,-0.15625632
"""CNR9680311""","""CID6211158""",0.0,-0.0033255816,0.0033255816
"""CNR9694156""","""CID8084011""",-0.8740845,0.028516114,-0.9026006
"""CNR4444967""","""CID8944020""",-0.013278072,0.007345468,-0.020623539
"""CNR7084509""","""CID6906222""",0.025039341,0.020888448,0.0041508935
"""CNR1306271""","""CID7558511""",-0.9384409,0.00095394254,-0.93939483
"""CNR9242923""","""CID8040579""",2.9674997,0.01096791,2.9565318
"""CNR7241682""","""CID5283247""",4.4179945,0.034239054,4.3837557
"""CNR5553299""","""CID6414510""",2.2546284,-0.0339244,2.2885528
"""CNR8173798""","""CID4293010""",-0.013278072,0.019289732,-0.032567803
"""CNR3101306""","""CID5569400""",0.47740066,-0.0024285316,0.4798292
"""CNR2120605""","""CID1249878""",0.013549859,0.053177357,-0.0396275
"""CNR3317308""","""CID3122113""",0.013829263,-0.013629377,0.02745864
"""CNR6131739""","""CID3057816""",0.0,-0.004068136,0.004068136
"""CNR9790980""","""CID1538338""",0.002153125,-0.017078042,0.019231167
"""CNR8485322""","""CID8364424""",-0.22061916,0.048466206,-0.26908535
"""CNR4436201""","""CID9675578""",4.388292,-0.019329816,4.407622
"""CNR5034427""","""CID6163172""",-2.0820053,-0.059803814,-2.0222015
"""CNR4687658""","""CID1787153""",-0.68596566,-0.056106508,-0.62985915
"""CNR1149778""","""CID4494835""",-1.32953,-0.06549457,-1.2640355
"""CNR4996118""","""CID9041030""",-1.1760647,0.007917345,-1.1839821
"""CNR6027227""","""CID3094077""",0.003027254,0.003819108,-0.000791854
"""CNR5915213""","""CID3320160""",1.7199749,0.059660852,1.6603141
"""CNR2270716""","""CID6962032""",-0.88398546,-0.003032148,-0.8809533
"""CNR1405115""","""CID4705882""",1.0467076,-0.06679624,1.1135039
"""CNR3013889""","""CID8003040""",0.013549859,-0.0048268437,0.018376702
"""CNR3215509""","""CID5370257""",0.48730165,0.0057840943,0.48151755
"""CNR2499277""","""CID5372385""",-0.8641835,-0.04130712,-0.82287633
"""CNR3965452""","""CID1183340""",-1.1067578,-0.011333287,-1.0954244
"""CNR6776339""","""CID8254237""",-1.0968568,-0.03195834,-1.0648985
"""CNR6474737""","""CID3431409""",1.4674996,-0.09682444,1.564324
"""CNR7181942""","""CID5511146""",-0.5325003,-0.052726626,-0.4797737
"""CNR2713796""","""CID5854746""",0.003027254,-0.0085583925,0.011585646
"""CNR5098920""","""CID3287259""",-0.81467855,0.016311526,-0.8309901
"""CNR8440644""","""CID7969611""",0.0,-0.020824075,0.020824075
"""CNR2515284""","""CID9115229""",-0.7998271,-0.07435846,-0.72546864
"""CNR5358413""","""CID8113512""",1.7744304,-0.06856525,1.8429956
"""CNR3024685""","""CID9293953""",1.0120541,-0.03899008,1.0510442
"""CNR8798845""","""CID3620477""",-0.45329243,-0.050913274,-0.40237916
"""CNR1152282""","""CID2989229""",-2.2255697,-0.004255533,-2.2213142
"""CNR2157037""","""CID7394322""",0.061559066,-0.010805368,0.072364435
"""CNR5298493""","""CID7459554""",-0.50279737,0.04577753,-0.5485749
"""CNR6329826""","""CID6724728""",1.3486878,-0.012134016,1.3608217
"""CNR7506449""","""CID4201503""",3.7694798,-0.017642856,3.7871227
"""CNR8018897""","""CID1354147""",-1.408738,-0.04216093,-1.3665771
"""CNR2569003""","""CID4694394""",-1.7750746,0.014701545,-1.7897761
"""CNR6963460""","""CID1934869""",-0.013278072,-0.014908731,0.0016306592
"""CNR5616547""","""CID2508021""",13.809084,0.015438855,13.793645
"""CNR1950930""","""CID7059889""",0.013549859,-0.025004178,0.038554035
"""CNR1594248""","""CID3612521""",0.013829263,-0.043565452,0.057394713
"""CNR9264640""","""CID7766628""",0.003027254,-0.005043924,0.008071178
"""CNR9243317""","""CID5858818""",-0.9582429,-0.02422589,-0.934017
"""CNR7571132""","""CID9529083""",-0.013278072,0.0052375793,-0.01851565
"""CNR6500174""","""CID3452669""",-2.0919063,-0.053501815,-2.0384045
"""CNR3175404""","""CID7615991""",0.003027254,0.039668918,-0.036641665
"""CNR3472498""","""CID3609036""",0.003027254,-0.08657378,0.08960103
"""CNR5876467""","""CID1978064""",0.0,0.0053087473,-0.0053087473
"""CNR7045094""","""CID3340881""",-1.8542825,-0.036135256,-1.8181472
"""CNR5845833""","""CID7495090""",-0.30477756,0.030038327,-0.3348159
"""CNR1311789""","""CID1189409""",-1.0869558,0.038873315,-1.1258291
"""CNR1216348""","""CID1750738""",1.8585888,0.032069802,1.826519
"""CNR5942336""","""CID9728740""",4.200173,-0.008629799,4.2088027
"""CNR8862079""","""CID6388482""",3.1902719,0.050859064,3.1394129
"""CNR4310093""","""CID7266279""",0.025039341,0.0027244985,0.022314843
"""CNR2495745""","""CID4727931""",-1.9631934,0.040554047,-2.0037475
"""CNR9976956""","""CID6437624""",-1.5126984,-0.0069661736,-1.5057323
"""CNR1551284""","""CID5023570""",0.28433135,0.04212469,0.24220666
"""CNR7338352""","""CID7347803""",0.49225214,-0.03736043,0.52961254
"""CNR3265459""","""CID7064133""",0.013829263,-0.040605724,0.054434985
"""CNR7924781""","""CID9404411""",0.013829263,-0.016218781,0.030048044
"""CNR6087117""","""CID6218881""",1.630866,0.053679913,1.5771861
"""CNR9028529""","""CID8569527""",1.8140343,0.06752521,1.7465091
"""CNR4820952""","""CID9851828""",-0.50279737,-0.012086868,-0.4907105
"""CNR6977313""","""CID9795963""",-0.6612132,-0.001444459,-0.65976876
"""CNR9562137""","""CID8106750""",-0.23547064,-0.017579675,-0.21789096
"""CNR3422657""","""CID1027018""",-0.9681439,0.05497271,-1.0231166
"""CNR2477616""","""CID1315069""",0.0,-0.025236368,0.025236368
"""CNR8365384""","""CID2420772""",1.5665096,0.027252376,1.5392573
"""CNR4218697""","""CID5561551""",0.013829263,0.0031655133,0.01066375
"""CNR1387592""","""CID3338563""",-0.65131223,-0.03165257,-0.61965966
"""CNR4002745""","""CID8565526""",-0.93349046,0.019410431,-0.9529009
"""CNR9246883""","""CID3677798""",-1.3047776,0.03203082,-1.3368084
"""CNR1402597""","""CID8192346""",-0.013278072,-0.0032135248,-0.010064547
"""CNR7488982""","""CID3542566""",2.710074,0.020338714,2.6897352
"""CNR1692119""","""CID5747477""",-0.58200526,0.022156775,-0.60416204
"""CNR3552032""","""CID5318490""",0.24967788,-0.006890446,0.2565683
"""CNR2176384""","""CID4798223""",-1.888936,-0.04979688,-1.8391392
"""CNR4162667""","""CID5408359""",-0.44339144,0.06071636,-0.50410783
"""CNR4463057""","""CID6356040""",0.140767,0.0011951923,0.1395718
"""CNR5197373""","""CID5420561""",-0.01214276,0.018573135,-0.030715894
"""CNR9857476""","""CID5378619""",0.025039341,0.021870226,0.0031691156
"""CNR9447035""","""CID7848099""",-0.20081717,-0.027158588,-0.17365858
"""CNR6614933""","""CID1350170""",0.0,-0.029517233,0.029517233
"""CNR2847024""","""CID8745659""",-1.3245796,0.016743362,-1.3413229
"""CNR4112922""","""CID8248967""",-0.14636172,-0.005333483,-0.14102824
"""CNR1182354""","""CID8589627""",3.3635392,-0.037885517,3.4014246
"""CNR1916197""","""CID1193711""",-0.369134,-0.011110425,-0.35802358
"""CNR7435334""","""CID7936932""",0.013829263,0.0017114878,0.012117775
"""CNR3980510""","""CID1811022""",-1.0126984,0.06214881,-1.0748472
"""CNR8057013""","""CID4214783""",1.2150245,0.0025945902,1.2124299
"""CNR6224641""","""CID7113238""",0.025039341,-0.011793256,0.036832597
"""CNR5894634""","""CID7334399""",0.0,0.03555882,-0.03555882
"""CNR9856976""","""CID7011526""",2.031856,-0.044229418,2.0760856
"""CNR7277129""","""CID8723070""",2.299183,-0.015561014,2.314744
"""CNR7739461""","""CID9941374""",0.0,0.026145667,-0.026145667
"""CNR6675785""","""CID6070875""",0.013829263,0.0016384721,0.012190791
"""CNR5277633""","""CID4079411""",-0.7156687,0.030687451,-0.7463561
"""CNR3397819""","""CID5431884""",0.0,0.0068828166,-0.0068828166
"""CNR1159947""","""CID8863732""",-0.7651736,-0.047732413,-0.7174412
"""CNR7627724""","""CID6138258""",-1.7354707,-0.0041133165,-1.7313573
"""CNR9174665""","""CID9884876""",0.0,0.013691276,-0.013691276
"""CNR2080618""","""CID4896966""",-0.39388648,0.04335594,-0.43724242
"""CNR4511187""","""CID7621320""",-1.2651736,0.05808437,-1.3232579
"""CNR4910446""","""CID6055444""",0.025039341,0.012197733,0.012841608
"""CNR7816082""","""CID5774696""",0.013829263,-0.032770813,0.046600074
"""CNR2615903""","""CID7992836""",0.003027254,-0.004516661,0.007543915
"""CNR7897212""","""CID6770279""",0.77443033,-0.12412745,0.8985578
"""CNR7830750""","""CID3412991""",-0.01214276,0.029000133,-0.041142892
"""CNR7529428""","""CID9471965""",1.2249254,1.4424324e-05,1.224911
"""CNR1927791""","""CID5374183""",-0.6909162,-0.012415528,-0.67850065
"""CNR5520424""","""CID5709155""",0.49720263,-0.03795722,0.5351598
"""CNR9545944""","""CID4350252""",-0.1711142,0.028533936,-0.19964814
"""CNR7120126""","""CID5941929""",0.013829263,-0.04028368,0.05411294
"""CNR9801861""","""CID1678860""",4.660569,-0.048104405,4.7086735
"""CNR9619783""","""CID5392385""",-1.7057676,0.01501292,-1.7207806
"""CNR4296632""","""CID4788588""",0.003027254,0.04792267,-0.044895418
"""CNR6549958""","""CID7649994""",-0.6117083,0.023759305,-0.6354676
"""CNR3216119""","""CID1788767""",-0.49784687,0.048443794,-0.54629064
"""CNR3065771""","""CID8498051""",-0.7057677,-0.021051347,-0.68471634
"""CNR5819856""","""CID9489535""",-1.398837,0.01505813,-1.4138951
"""CNR6415912""","""CID9381236""",0.013829263,0.01150614,0.0023231227
"""CNR4539874""","""CID3450953""",-0.013278072,0.014887154,-0.028165225
"""CNR7345157""","""CID8301405""",-0.49784687,-0.0738543,-0.42399257
"""CNR3278502""","""CID6118075""",-0.30972806,-0.058604896,-0.25112316
"""CNR7996495""","""CID9173500""",-2.200817,0.04547614,-2.2462933
"""CNR5782985""","""CID3997770""",0.013549859,-0.018579185,0.03212904
"""CNR7661062""","""CID5499541""",-1.5968568,-0.054027557,-1.5428293
"""CNR3632595""","""CID4710109""",0.003027254,0.0225541,-0.019526845
"""CNR8230222""","""CID7828101""",-0.15131222,0.011382103,-0.16269432
"""CNR2671852""","""CID9996963""",-1.6513122,-0.013210177,-1.638102
"""CNR5610443""","""CID3121182""",0.025039341,0.024773538,0.0002658032
"""CNR6174663""","""CID5215985""",0.7447274,-0.02234748,0.7670748
"""CNR6477033""","""CID4652738""",0.025039341,0.023943841,0.0010954998
"""CNR6028205""","""CID1249849""",0.025039341,-0.0055571795,0.03059652
"""CNR4744411""","""CID3244528""",-0.46319342,0.0071582794,-0.4703517
"""CNR6888651""","""CID2948794""",-2.0919063,0.008982778,-2.1008892
"""CNR7118600""","""CID8233413""",9.398192,-0.016493618,9.414686
"""CNR3865552""","""CID8226393""",0.003027254,-0.015877485,0.01890474
"""CNR2104185""","""CID4780852""",0.025039341,-0.042003483,0.06704283
"""CNR3492753""","""CID8377514""",-0.49289638,-0.004627049,-0.48826933
"""CNR6779573""","""CID1327406""",2.2249255,0.044484198,2.1804414
"""CNR3849476""","""CID2893244""",-1.9780449,0.038737208,-2.016782
"""CNR5682315""","""CID1488740""",-0.5572528,0.004590094,-0.5618429
"""CNR3806953""","""CID1225168""",-0.5572528,-0.047343254,-0.5099096
"""CNR3762651""","""CID3244196""",0.003027254,-0.008720875,0.011748129
"""CNR3040100""","""CID8658482""",-0.54735184,-0.019969493,-0.5273824
"""CNR6960859""","""CID4279153""",0.013549859,0.013297677,0.00025218166
"""CNR4524233""","""CID1417353""",1.8585888,-0.0076359212,1.8662248
"""CNR2685791""","""CID2409314""",-0.23547064,-0.009714067,-0.22575657
"""CNR3329773""","""CID9247159""",0.013549859,-0.006486535,0.020036394
"""CNR1413202""","""CID7377638""",-1.898837,-0.021734655,-1.8771024
"""CNR4673096""","""CID3777723""",1.5566086,0.018530369,1.5380782
"""CNR7649809""","""CID1388578""",0.0,-0.023922682,0.023922682
"""CNR2945969""","""CID5511412""",-2.2206192,-0.014523625,-2.2060957
"""CNR9350380""","""CID8709460""",0.0,-0.0027923882,0.0027923882
"""CNR3222322""","""CID4957867""",0.013549859,-0.005392909,0.018942768
"""CNR2610141""","""CID2868166""",0.013829263,0.008691013,0.00513825
"""CNR9582066""","""CID9823828""",-1.9780449,-0.033939958,-1.9441049
"""CNR6833196""","""CID2597189""",0.025039341,-0.06286523,0.08790457
"""CNR7093495""","""CID2694048""",-0.36418352,0.034671783,-0.3988553
"""CNR4238090""","""CID7455086""",0.0,-0.06268597,0.06268597
"""CNR4936120""","""CID3342233""",1.1655195,-0.0055401325,1.1710596
"""CNR7139603""","""CID7486801""",-1.4829954,-0.0415484,-1.441447
"""CNR4099178""","""CID6291059""",0.9278957,0.0012017787,0.9266939
"""CNR4816025""","""CID6091186""",4.4724503,-0.044002235,4.5164523
"""CNR7649243""","""CID2485587""",0.0,-0.008268774,0.008268774
"""CNR9414821""","""CID3688902""",0.025039341,-0.024386764,0.049426105
"""CNR8476609""","""CID2846148""",0.025039341,-0.0016820133,0.026721355
"""CNR2298888""","""CID7166955""",-0.8641835,-0.0063566267,-0.8578268
"""CNR7047281""","""CID7007776""",0.003027254,-0.039967924,0.042995177
"""CNR6176904""","""CID1339275""",-1.2255696,-0.04623872,-1.1793308
"""CNR3967229""","""CID1009167""",0.013829263,0.00234437,0.011484893
"""CNR6329854""","""CID3198717""",-0.6711142,-0.058315516,-0.6127987
"""CNR6252908""","""CID7335195""",0.003027254,0.009187281,-0.0061600273
"""CNR9712783""","""CID9309016""",-1.1562628,-0.007977366,-1.1482854
"""CNR8054175""","""CID1361737""",-2.0770547,0.027478188,-2.104533
"""CNR4215294""","""CID4665477""",2.031856,-0.037530363,2.0693865
"""CNR4185846""","""CID8328762""",0.65066797,-0.033566117,0.6842341
"""CNR3396134""","""CID6519395""",0.013549859,-0.005007297,0.018557156
"""CNR2144367""","""CID4046339""",0.025039341,0.016739428,0.008299913
"""CNR3579050""","""CID4571819""",-2.0523024,-0.011594236,-2.040708
"""CNR1513824""","""CID1044703""",1.67047,0.02971065,1.6407593
"""CNR8076159""","""CID9687548""",-1.9780449,0.010388851,-1.9884337
"""CNR9856298""","""CID6718877""",-1.7305201,0.025230497,-1.7557507
"""CNR5234158""","""CID7688765""",-1.2651736,0.002104193,-1.2672777
"""CNR2152501""","""CID2766411""",0.15561847,-0.10882759,0.26444608
"""CNR5077448""","""CID1484322""",0.003027254,-0.008339435,0.011366689
"""CNR8393697""","""CID1134940""",0.013549859,-0.023670435,0.03722029
"""CNR5799419""","""CID1872736""",-0.39388648,-0.015609264,-0.3782772
"""CNR2216098""","""CID7651129""",0.025039341,-0.012737691,0.037777033
"""CNR4229417""","""CID5816096""",0.003027254,-0.0075246096,0.010551863
"""CNR5431057""","""CID7387146""",0.025039341,0.04739201,-0.02235267
"""CNR6848924""","""CID1538197""",1.5467076,0.004630029,1.5420775
"""CNR9212392""","""CID7277930""",0.013829263,0.029839307,-0.016010044
"""CNR4438688""","""CID1310468""",0.025039341,-0.022168636,0.047207978
"""CNR9553069""","""CID4318675""",-1.5225993,-0.05719447,-1.4654049
"""CNR8535751""","""CID8414476""",-0.6909162,-0.016792119,-0.67412406
"""CNR8300838""","""CID2610844""",0.49225214,0.015594214,0.47665793
"""CNR3413697""","""CID1299781""",0.025039341,-0.010560572,0.035599913
"""CNR3362069""","""CID1469575""",2.9674997,0.008121014,2.9593787
"""CNR9934513""","""CID8485124""",2.2447274,-0.023791969,2.2685194
"""CNR6337265""","""CID8023163""",-1.408738,0.0073378384,-1.4160758
"""CNR3871370""","""CID5099657""",0.025039341,0.034911603,-0.009872261
"""CNR1900807""","""CID4960734""",-1.5325004,0.023767143,-1.5562675
"""CNR3584861""","""CID7360868""",0.025039341,0.0057373643,0.019301977
"""CNR8026151""","""CID4397636""",-1.339431,-0.048640758,-1.2907903
"""CNR8445355""","""CID5265225""",0.0,0.050409377,-0.050409377
"""CNR8802578""","""CID5741966""",0.25957885,-0.013703883,0.27328274
"""CNR6030258""","""CID1141956""",0.003027254,-0.01560393,0.018631184
"""CNR6692643""","""CID5041190""",0.013829263,0.05671197,-0.04288271
"""CNR9504525""","""CID4070194""",-2.1364608,0.050008684,-2.1864696
"""CNR3088866""","""CID1636118""",0.0,-0.015139431,0.015139431
"""CNR8752515""","""CID1018836""",-0.5077479,0.0469898,-0.5547377
"""CNR4721074""","""CID7348792""",-0.61665875,0.08267677,-0.6993355
"""CNR3105733""","""CID2848408""",-0.51269835,-0.008827984,-0.50387037
"""CNR4750342""","""CID2412900""",-1.4384409,0.022914201,-1.4613551
"""CNR7947925""","""CID7146919""",-0.32953003,-0.01671958,-0.31281045
"""CNR8154968""","""CID8969258""",1.9080937,-0.008892834,1.9169865
"""CNR8304171""","""CID5173378""",-1.0968568,0.005368173,-1.1022251
"""CNR9429847""","""CID8718252""",-0.54735184,0.019296974,-0.56664884
"""CNR7901043""","""CID5885951""",1.4080937,0.04798475,1.360109
"""CNR8436989""","""CID1313672""",-0.6711142,0.006687492,-0.6778017
"""CNR8916731""","""CID9194805""",-0.7998271,0.010491669,-0.81031877
"""CNR2628894""","""CID7692801""",0.013549859,0.015765905,-0.0022160467
"""CNR3371781""","""CID9772636""",0.025039341,-0.0411458,0.06618515
"""CNR7384207""","""CID9599712""",0.47740066,0.006659597,0.47074106
"""CNR2799775""","""CID5132311""",0.0,0.046299934,-0.046299934
"""CNR7508723""","""CID1502497""",0.003027254,0.020817399,-0.017790144
"""CNR5528612""","""CID4841389""",1.4823512,-0.0045996904,1.4869509
"""CNR5041922""","""CID5056667""",0.0,-0.023741722,0.023741722
"""CNR4910831""","""CID9510207""",-1.1265597,0.044571638,-1.1711314
"""CNR4171891""","""CID7448898""",-0.888936,0.024556309,-0.9134923
"""CNR7176864""","""CID2866346""",0.013549859,-0.01240927,0.025959129
"""CNR2739113""","""CID6335810""",-0.24537162,-0.028502405,-0.21686922
"""CNR3343971""","""CID3730520""",0.0,-0.011644006,0.011644006
"""CNR2002402""","""CID5303405""",0.025039341,-0.0061549544,0.031194296
"""CNR5707968""","""CID4093860""",8.620965,-0.012313485,8.633279
"""CNR7292520""","""CID5060223""",0.0,0.05691585,-0.05691585
"""CNR1453789""","""CID8394250""",0.0,-0.0066739917,0.0066739917
"""CNR9482139""","""CID8938519""",-1.5869558,-0.08066708,-1.5062888
"""CNR2594913""","""CID6593948""",-1.3196291,0.04673055,-1.3663596
"""CNR2219054""","""CID6866713""",1.051658,-0.0030975342,1.0547556
"""CNR5506851""","""CID4820803""",-2.0424013,-0.030904531,-2.0114968
"""CNR9605701""","""CID4552406""",0.013549859,-0.014315784,0.027865643
"""CNR4471104""","""CID8357277""",0.003027254,0.011643767,-0.008616514
"""CNR9851797""","""CID9804672""",-1.3047776,-0.021363735,-1.2834139
"""CNR8360044""","""CID3087167""",-1.6117083,-0.057820767,-1.5538875
"""CNR2224201""","""CID2643063""",-1.6810151,-0.011568129,-1.669447
"""CNR8799319""","""CID3302316""",-1.0225993,0.002312243,-1.0249116
"""CNR1506085""","""CID5538447""",-0.7899261,0.07230276,-0.8622289
"""CNR4233163""","""CID9632567""",0.025039341,-0.0035006404,0.028539982
"""CNR2686125""","""CID2825586""",0.025039341,0.03823161,-0.01319227
"""CNR1830663""","""CID4691690""",-0.6909162,0.082411885,-0.77332807
"""CNR2937853""","""CID7123821""",0.0,-0.038080633,0.038080633
"""CNR2963092""","""CID4980114""",-0.34438154,-0.034879655,-0.3095019
"""CNR2434903""","""CID4354936""",-2.1364608,-0.047900558,-2.08856
"""CNR2719672""","""CID6312070""",-0.013278072,-0.032375216,0.019097146
"""CNR7414523""","""CID3754690""",-1.9235895,-0.0101876855,-1.9134018
"""CNR7902012""","""CID6267143""",0.0,0.04833001,-0.04833001
"""CNR9596750""","""CID9058226""",0.003027254,-0.0072206557,0.010247909
"""CNR1053398""","""CID8526454""",-1.9235895,0.01899153,-1.9425809
"""CNR7270275""","""CID6053807""",-1.3542825,-0.04282087,-1.3114617
"""CNR8073354""","""CID2754370""",0.003027254,-0.012252867,0.015280121
"""CNR5518600""","""CID6835738""",-0.379035,-0.018397123,-0.36063787
"""CNR4229717""","""CID9606904""",-0.11170826,-0.037738472,-0.07396979
"""CNR6321269""","""CID9505964""",0.25462836,1.2099743e-05,0.25461626
"""CNR2631820""","""CID9370075""",-1.3839855,-0.029013246,-1.3549722
"""CNR8378852""","""CID7448248""",-1.0869558,0.007945687,-1.0949014
"""CNR6789261""","""CID1984857""",0.003027254,0.0036211908,-0.00059393677
"""CNR9944412""","""CID5728952""",0.0,0.018996239,-0.018996239
"""CNR8214406""","""CID4199130""",-0.65131223,-0.049094617,-0.6022176
"""CNR8930966""","""CID7633623""",0.013829263,-0.011351436,0.0251807
"""CNR6375493""","""CID5906663""",0.39324224,-0.029579341,0.42282158
"""CNR2367578""","""CID3305275""",0.013829263,-0.020152748,0.03398201
"""CNR7740736""","""CID8530818""",0.025039341,-0.02684623,0.05188557
"""CNR8702931""","""CID3016569""",-0.10675777,0.034428895,-0.14118665
"""CNR4102546""","""CID2472631""",0.025039341,-0.010026455,0.035065796
"""CNR5817841""","""CID8426701""",0.025039341,0.061844528,-0.036805186
"""CNR6314978""","""CID1618757""",-1.349332,-0.007632017,-1.3417
"""CNR8137848""","""CID6151991""",-1.32953,0.0019087791,-1.3314388
"""CNR4633938""","""CID9274347""",2.0566087,-0.048635066,2.1052437
"""CNR5893721""","""CID9396955""",-1.4433914,0.095722854,-1.5391142
"""CNR9049002""","""CID3034052""",-0.379035,0.033870935,-0.41290593
"""CNR7977209""","""CID3587750""",0.16056897,-0.018440276,0.17900924
"""CNR9299800""","""CID3912790""",0.29918283,0.0985893,0.20059353
"""CNR8655510""","""CID4756492""",-0.01214276,0.015099734,-0.027242493
"""CNR9723682""","""CID2808945""",-1.6166588,-0.022262305,-1.5943965
"""CNR1884127""","""CID4070147""",0.0,0.0060313344,-0.0060313344
"""CNR5400112""","""CID2781046""",-0.7701241,-0.0023900568,-0.76773405
"""CNR9991341""","""CID4358440""",0.01700461,-0.030404538,0.047409147
"""CNR2621032""","""CID4131321""",1.6754204,0.04741639,1.6280041
"""CNR9117202""","""CID2008300""",0.0,0.0020551682,-0.0020551682
"""CNR4266472""","""CID1370730""",-0.01214276,-0.008663952,-0.0034788074
"""CNR6900200""","""CID3122731""",2.210074,-0.015755355,2.2258294
"""CNR5512690""","""CID5375568""",-0.45824292,0.008122683,-0.4663656
"""CNR9718283""","""CID1343217""",-1.408738,-0.018057704,-1.3906803
"""CNR4911251""","""CID7471372""",0.013829263,-0.034232497,0.04806176
"""CNR6115156""","""CID8547232""",-0.013278072,-0.01881069,0.0055326177
"""CNR1644733""","""CID6336820""",-1.1018072,-0.014539063,-1.0872681
"""CNR3776655""","""CID6727785""",-1.1315103,-0.015741289,-1.1157689
"""CNR6328717""","""CID3497092""",0.003027254,0.0043082535,-0.0012809995
"""CNR9115901""","""CID9793980""",0.5170046,-0.021852434,0.53885704
"""CNR4111978""","""CID8955080""",0.25957885,-0.042390883,0.30196974
"""CNR3456672""","""CID5316484""",0.025039341,-0.06620687,0.09124622
"""CNR4734021""","""CID7389643""",-0.5077479,0.0065062344,-0.5142541
"""CNR8801298""","""CID5468184""",-1.5374508,0.054511487,-1.5919623
"""CNR9123435""","""CID6099187""",0.25957885,0.0049300194,0.25464883
"""CNR1905150""","""CID8142072""",0.025039341,-0.019780427,0.04481977
"""CNR1647274""","""CID5948598""",-1.8641835,0.002196014,-1.8663795
"""CNR7613033""","""CID8224449""",1.9427472,0.0308536,1.9118936
"""CNR3838844""","""CID5598459""",0.003027254,-0.02289623,0.025923485
"""CNR7476346""","""CID8511071""",-0.013278072,0.03472483,-0.048002902
"""CNR9529988""","""CID6293153""",-0.28992608,-0.052057564,-0.23786852
"""CNR4984568""","""CID9299735""",-1.1265597,0.050887167,-1.1774468
"""CNR5557518""","""CID3456026""",0.7397769,-0.021092385,0.76086926
"""CNR4517057""","""CID4764017""",-1.9384409,0.007993937,-1.9464349
"""CNR4792815""","""CID8983278""",-1.9582429,-0.06347108,-1.8947718
"""CNR3842669""","""CID6959407""",0.34373727,-0.0028474927,0.34658477
"""CNR7021457""","""CID3528895""",1.1358165,-0.08235741,1.2181739
"""CNR9073032""","""CID3256248""",2.700173,0.039499134,2.6606739
"""CNR3319410""","""CID9857291""",0.013829263,-0.011823595,0.025652857
"""CNR3484877""","""CID4215239""",2.5863116,-0.022930622,2.6092422
"""CNR6122314""","""CID2879462""",0.003027254,-0.025600702,0.028627956
"""CNR5241231""","""CID3758962""",2.4278958,0.04034871,2.387547
"""CNR4131613""","""CID2926649""",0.0,0.0196746,-0.0196746
"""CNR3988518""","""CID7878677""",0.013829263,-0.0012686849,0.015097948
"""CNR6113567""","""CID2108351""",-1.4136884,-0.036543638,-1.3771448
"""CNR9204775""","""CID2586807""",0.16056897,-0.021901071,0.18247004
"""CNR7262268""","""CID2334129""",-0.8196291,-0.0149101615,-0.8047189
"""CNR6007334""","""CID8510107""",-0.73547065,0.018872201,-0.75434285
"""CNR4382651""","""CID7095901""",0.9080937,-0.019481897,0.9275756
"""CNR7682137""","""CID3943773""",1.1655195,0.014691591,1.1508279
"""CNR9449416""","""CID4807855""",-0.23052014,-0.030903876,-0.19961627
"""CNR3649105""","""CID3336118""",-0.30972806,0.025444508,-0.33517256
"""CNR1684283""","""CID8019579""",2.2744303,0.034368753,2.2400615
"""CNR1854859""","""CID7123006""",0.025039341,-0.012957811,0.037997153
"""CNR8293761""","""CID1449545""",0.0,-0.025088131,0.025088131
"""CNR6556881""","""CID9572546""",0.97245014,0.021212667,0.95123744
"""CNR9519641""","""CID1177393""",0.013829263,-0.03328997,0.04711923
"""CNR3956980""","""CID4491288""",0.003027254,-0.016608,0.019635255
"""CNR4955620""","""CID4166259""",0.025039341,-0.029321313,0.054360654
"""CNR8146629""","""CID3852941""",-0.80477756,-0.010039508,-0.79473805
"""CNR9953696""","""CID6929583""",-0.5770548,0.006253183,-0.583308
"""CNR4491057""","""CID6018361""",-0.369134,0.032439083,-0.4015731
"""CNR7734624""","""CID2873650""",1.2595788,0.053652167,1.2059267
"""CNR6154123""","""CID9765426""",-0.01214276,0.031452894,-0.043595653
"""CNR2847173""","""CID9295695""",-0.25527263,-0.016210854,-0.23906177
"""CNR2147201""","""CID1373570""",-0.25032213,-0.002506256,-0.24781588
"""CNR6187357""","""CID9571274""",-0.2701241,0.026192665,-0.29631677
"""CNR4412063""","""CID4506559""",0.025039341,-0.0036156476,0.028654989
"""CNR5454036""","""CID9235902""",-1.5820053,0.0032900274,-1.5852953
"""CNR2221013""","""CID1981403""",0.025039341,-0.010412395,0.035451736
"""CNR2420584""","""CID3114434""",0.003027254,-0.012914062,0.015941316
"""CNR3897620""","""CID9564289""",0.003027254,-0.0015070438,0.0045342976
"""CNR1129571""","""CID3175736""",-0.5622033,-0.009210557,-0.5529927
"""CNR8570183""","""CID7902688""",-0.20576766,-0.06756869,-0.13819897
"""CNR3279418""","""CID3958224""",0.003027254,-0.01948303,0.022510285
"""CNR6694973""","""CID6247087""",-0.39883697,0.016391963,-0.41522893
"""CNR3756506""","""CID7720980""",0.0,-0.018360376,0.018360376
"""CNR6010960""","""CID9114602""",-2.1909163,-0.040640473,-2.1502757
"""CNR4221302""","""CID4023587""",0.003027254,0.0141708255,-0.011143572
"""CNR4579046""","""CID4028079""",-1.0523024,0.018098384,-1.0704007
"""CNR1485802""","""CID2851020""",-0.10675777,-0.031547785,-0.07520998
"""CNR6624551""","""CID5640050""",8.77443,-0.028861761,8.803292
"""CNR7769553""","""CID5075191""",-1.5968568,0.04902765,-1.6458845
"""CNR7686511""","""CID5819490""",-0.40378746,-0.022317499,-0.38146996
"""CNR9154038""","""CID2137303""",-1.5473518,-0.058045626,-1.4893062
"""CNR4474601""","""CID2022556""",-0.43349043,0.030700743,-0.46419117
"""CNR7231761""","""CID8273894""",-1.869134,0.005247265,-1.8743812
"""CNR8523827""","""CID7452652""",0.003027254,0.0073961616,-0.004368908
"""CNR3026837""","""CID3167384""",0.89324224,-0.07562089,0.9688631
"""CNR9610393""","""CID9170038""",0.0,0.05045122,-0.05045122
"""CNR3999452""","""CID6940235""",0.45264816,0.022961348,0.4296868
"""CNR2817831""","""CID8085806""",0.013549859,-0.003583014,0.017132873
"""CNR3609288""","""CID8470444""",-2.1018074,0.064936996,-2.1667442
"""CNR4658946""","""CID8139283""",-0.5523023,-0.03974223,-0.51256007
"""CNR6135638""","""CID7364933""",0.0,0.012843758,-0.012843758
"""CNR7301319""","""CID8242193""",0.38334125,-0.0465779,0.42991915
"""CNR6438499""","""CID6581708""",0.003027254,0.012777686,-0.009750432
"""CNR7964924""","""CID6044859""",-0.05230232,0.009407043,-0.061709363
"""CNR8060113""","""CID6444163""",-0.23547064,-0.014841199,-0.22062944
"""CNR9378137""","""CID9163935""",0.0,-0.00104779,0.00104779
"""CNR3195376""","""CID9634688""",0.013549859,0.024367124,-0.010817265
"""CNR6263071""","""CID2307887""",2.200173,-0.025343537,2.2255163
"""CNR2415213""","""CID1098302""",1.5120541,0.0101315975,1.5019225
"""CNR7533631""","""CID1392448""",0.36848977,-0.007404506,0.37589428
"""CNR8651705""","""CID4053528""",-0.379035,0.033731163,-0.41276616
"""CNR8763226""","""CID5314429""",-1.5424013,-0.009136587,-1.5332648
"""CNR9149783""","""CID9119283""",-1.6315103,-0.06272215,-1.568788
"""CNR8327649""","""CID6335541""",0.025039341,-0.010975301,0.036014643
"""CNR2086731""","""CID7414715""",4.4724503,-0.033943772,4.506394
"""CNR5202495""","""CID9230642""",-0.01214276,-0.0033589602,-0.0087838
"""CNR6474020""","""CID4107914""",0.003027254,-0.031953633,0.034980886
"""CNR8458993""","""CID8514452""",1.3981928,-0.013150334,1.4113431
"""CNR2718660""","""CID1836917""",-1.2453716,-0.019167364,-1.2262042
"""CNR9504600""","""CID3463843""",-1.5968568,-0.015641749,-1.5812151
"""CNR4057620""","""CID4061360""",2.5021532,0.0037142336,2.4984388
"""CNR6792501""","""CID5255116""",3.2694798,-0.0072880387,3.2767677
"""CNR7100213""","""CID9601516""",-0.10675777,0.004969001,-0.11172677
"""CNR4068724""","""CID6149579""",-0.086955786,-0.013183236,-0.07377255
"""CNR2326690""","""CID2479760""",-0.9136885,-0.0038542151,-0.90983427
"""CNR1679238""","""CID4123746""",0.025039341,-0.0014145374,0.026453879
"""CNR1758604""","""CID5114148""",-0.8938865,0.012324512,-0.906211
"""CNR5936772""","""CID8097645""",-2.2206192,0.013957292,-2.2345765
"""CNR3866744""","""CID9206124""",-0.94339144,-0.009487033,-0.9339044
"""CNR3258408""","""CID9667679""",-0.82457954,0.014147639,-0.8387272
"""CNR8398283""","""CID2704984""",1.620965,-0.024707228,1.6456722
"""CNR7516055""","""CID2905030""",-0.52259934,0.0069581866,-0.5295575
"""CNR1034954""","""CID1315473""",1.690272,-0.03011626,1.7203882
"""CNR8782521""","""CID9054227""",-1.92854,0.060915202,-1.9894552
"""CNR5436242""","""CID4871636""",-0.3839855,0.05919513,-0.44318062
"""CNR8952081""","""CID3572917""",0.7942323,0.011341959,0.7828903
"""CNR7178745""","""CID2852143""",0.0,-0.0027257204,0.0027257204
"""CNR5788956""","""CID6211032""",0.69522244,-0.0395208,0.73474324
"""CNR2718935""","""CID3193097""",-1.7305201,-0.02931887,-1.7012012
"""CNR8142952""","""CID4176157""",-1.3146785,0.0071690083,-1.3218476
"""CNR9460698""","""CID5413414""",0.59126204,-0.012919784,0.6041818
"""CNR3669597""","""CID3276654""",0.0,-0.0011332035,0.0011332035
"""CNR1549319""","""CID6268719""",-1.7404212,0.04610616,-1.7865274
"""CNR2889344""","""CID4518913""",0.013829263,0.0361557,-0.022326438
"""CNR7110431""","""CID6991470""",0.025039341,-0.01383096,0.0388703
"""CNR5748303""","""CID9458510""",1.3387868,-0.018573135,1.35736
"""CNR7582395""","""CID6718290""",0.003027254,0.024396867,-0.021369612
"""CNR4415419""","""CID1309091""",-1.7404212,0.0076928735,-1.7481141
"""CNR9996750""","""CID6999972""",-0.35923302,0.0036812425,-0.36291426
"""CNR4122657""","""CID6100020""",-0.22556965,0.02454117,-0.2501108
"""CNR6260164""","""CID3781313""",-0.013278072,-0.012484193,-0.0007938789
"""CNR2123557""","""CID1386318""",0.013549859,0.028148144,-0.014598286
"""CNR5939346""","""CID7162008""",0.003027254,-0.019279718,0.022306973
"""CNR4313028""","""CID6235337""",-2.1216092,0.023688048,-2.1452973
"""CNR6965566""","""CID1558480""",-1.7008172,-0.05473751,-1.6460798
"""CNR8618774""","""CID2350414""",1.8486878,-0.042577535,1.8912653
"""CNR6218739""","""CID8355464""",-1.1265597,0.0333665,-1.1599262
"""CNR3845012""","""CID4985221""",-1.0325004,0.022552341,-1.0550528
"""CNR5029163""","""CID2280348""",-0.9582429,0.04334116,-1.001584
"""CNR6944590""","""CID2953274""",1.210074,0.05157569,1.1584983
"""CNR7856272""","""CID6047531""",0.013829263,0.03488174,-0.021052478
"""CNR6569189""","""CID5597255""",-1.5721043,0.005665958,-1.5777702
"""CNR1815672""","""CID6497655""",-1.2255696,0.003560841,-1.2291305
"""CNR5910455""","""CID7277268""",0.0,-0.039793313,0.039793313
"""CNR7424952""","""CID3037552""",0.025039341,-0.015125632,0.040164974
"""CNR8095054""","""CID3788240""",-1.8344805,0.034296006,-1.8687766
"""CNR6921814""","""CID7139808""",-1.82953,-0.027261615,-1.8022684
"""CNR5573288""","""CID7949005""",-0.30477756,0.005143583,-0.30992115
"""CNR5989915""","""CID3511989""",-0.49784687,-0.05651793,-0.44132894
"""CNR2172294""","""CID5538050""",0.025039341,0.033422083,-0.008382741
"""CNR8136919""","""CID2400285""",9.57146,-0.000996232,9.572456
"""CNR8053516""","""CID5699046""",-0.62655973,0.008867353,-0.6354271
"""CNR8709218""","""CID4433752""",-0.74537164,0.04121554,-0.7865872
"""CNR3956851""","""CID5144184""",0.013549859,0.015339494,-0.001789635
"""CNR8520046""","""CID2738082""",-1.6810151,0.034840584,-1.7158557
"""CNR9431854""","""CID4977174""",0.45759866,0.007435918,0.45016274
"""CNR4723515""","""CID7547611""",3.210074,-0.044190437,3.2542644
"""CNR3265705""","""CID4569731""",-2.2206192,0.0068059266,-2.227425
"""CNR8828743""","""CID5281077""",0.0,-0.056886792,0.056886792
"""CNR7583043""","""CID2625843""",-0.19586667,0.021572739,-0.21743941
"""CNR4624622""","""CID2736527""",-0.42853993,0.01124993,-0.43978986
"""CNR7656058""","""CID1780735""",-0.9037875,0.009008586,-0.9127961
"""CNR8623393""","""CID9596173""",-2.057253,0.055345237,-2.1125982
"""CNR2907645""","""CID8680170""",1.620965,0.008368969,1.612596
"""CNR2554343""","""CID7629696""",-0.43844095,-0.030483603,-0.40795735
"""CNR1502179""","""CID1531597""",0.0,-0.007739216,0.007739216
"""CNR4487857""","""CID9380811""",1.3041333,-0.0032623708,1.3073957
"""CNR2738401""","""CID1258616""",7.309084,-0.0216223,7.330706
"""CNR4806344""","""CID5285102""",0.013829263,-0.017286181,0.031115444
"""CNR5685673""","""CID7466508""",-0.013278072,-0.048450172,0.0351721
"""CNR6792262""","""CID5414753""",0.0,0.007518947,-0.007518947
"""CNR6316946""","""CID5380187""",-1.3938864,0.012490362,-1.4063768
"""CNR1889887""","""CID2905722""",-0.13151024,0.023259044,-0.15476929
"""CNR8731068""","""CID1022499""",1.190272,0.019701242,1.1705707
"""CNR9884412""","""CID3051959""",-1.1166588,0.026816428,-1.1434753
"""CNR4680305""","""CID5609072""",0.003027254,-0.023288399,0.026315654
"""CNR8238829""","""CID7022424""",-1.9730943,-0.036327064,-1.9367673
"""CNR1479208""","""CID6689946""",0.0,0.030607432,-0.030607432
"""CNR5727381""","""CID3877746""",-0.6117083,0.05014974,-0.661858
"""CNR5246349""","""CID5102866""",0.04670758,0.0132472515,0.03346033
"""CNR7267844""","""CID9697036""",0.0,-0.010948509,0.010948509
"""CNR9452547""","""CID1511723""",0.0,0.0069621503,-0.0069621503
"""CNR6538431""","""CID2281334""",0.003027254,-0.0063332617,0.0093605155
"""CNR8616903""","""CID1671102""",0.6655195,-0.0063084066,0.6718279
"""CNR8736501""","""CID8867448""",0.25462836,0.047858775,0.20676959
"""CNR7254775""","""CID3330778""",0.003027254,0.023653686,-0.020626431
"""CNR4082826""","""CID5860656""",2.1061134,0.000395298,2.1057181
"""CNR3669468""","""CID3532728""",2.9526482,-0.00010430813,2.9527526
"""CNR3886708""","""CID1188880""",1.2150245,0.07310742,1.141917
"""CNR7724973""","""CID6221669""",0.0,-0.018171906,0.018171906
"""CNR6016424""","""CID3779093""",0.013829263,-0.004549682,0.018378945
"""CNR7772608""","""CID2166753""",-0.9037875,0.012082458,-0.91586995
"""CNR7257811""","""CID9498700""",-2.1018074,-0.010182887,-2.0916245
"""CNR9848960""","""CID2671667""",-1.2354707,-0.049949974,-1.1855206
"""CNR3505973""","""CID5650209""",-0.027549844,0.033629417,-0.06117926
"""CNR8496401""","""CID7758422""",-0.869134,0.040187895,-0.9093219
"""CNR7909432""","""CID8563871""",0.0,0.00335598,-0.00335598
"""CNR4866253""","""CID7089643""",0.95264816,-0.032497823,0.985146
"""CNR6445495""","""CID2426935""",1.4823512,-0.0069561005,1.4893073
"""CNR9245601""","""CID5832798""",-1.359233,-0.029229224,-1.3300037
"""CNR4425562""","""CID3533249""",-1.7107182,-0.008095026,-1.7026231
"""CNR6248092""","""CID7048611""",2.0516582,0.027820528,2.0238376
"""CNR9157930""","""CID3285503""",1.3635392,-0.049105465,1.4126446
"""CNR1662082""","""CID1384442""",0.0,-0.027378261,0.027378261
"""CNR3461034""","""CID8753323""",0.025039341,-0.022723138,0.04776248
"""CNR5408741""","""CID9665753""",-1.0820053,-0.023029566,-1.0589757
"""CNR3344727""","""CID2600798""",-1.0126984,-0.015494466,-0.99720395
"""CNR3321765""","""CID3786248""",0.0,-0.015886128,0.015886128
"""CNR4584512""","""CID6722650""",0.52195513,0.07973403,0.4422211
"""CNR3924951""","""CID7451417""",-0.23052014,0.010735184,-0.24125533
"""CNR1782453""","""CID8925706""",2.0269055,-0.01779455,2.0447001
"""CNR3453115""","""CID9974418""",0.21007392,0.012647629,0.19742629
"""CNR3543446""","""CID7461084""",-1.9532924,0.00080919266,-1.9541016
"""CNR7348331""","""CID9025199""",0.003027254,0.045003742,-0.04197649
"""CNR7923838""","""CID7329632""",0.003027254,-0.026486933,0.029514188
"""CNR4777637""","""CID4824405""",0.0,-0.001470983,0.001470983
"""CNR2150379""","""CID6995134""",0.9278957,-0.028575271,0.95647097
"""CNR1033495""","""CID3111875""",-0.19586667,0.02676019,-0.22262686
"""CNR8332040""","""CID3860354""",0.0,-0.0306606,0.0306606
"""CNR3023898""","""CID3618403""",-0.29982707,0.043050736,-0.3428778
"""CNR1632735""","""CID5632394""",0.8635393,0.025975466,0.8375638
"""CNR1059910""","""CID3479527""",0.003027254,0.0032538772,-0.00022662315
"""CNR9688854""","""CID5862485""",-1.289926,-0.038887024,-1.251039
"""CNR3073845""","""CID6860395""",-0.116658755,-0.03939694,-0.07726181
"""CNR8047639""","""CID1413156""",2.3882918,-0.03375578,2.4220476
"""CNR9325921""","""CID8628220""",4.8041334,-0.0044689476,4.8086023
"""CNR4631315""","""CID9664401""",-0.20576766,-0.030028582,-0.17573908
"""CNR1539973""","""CID6737385""",0.013549859,0.0013400316,0.012209827
"""CNR4533254""","""CID6254297""",0.025039341,0.028459072,-0.0034197308
"""CNR4993543""","""CID4915188""",1.620965,-0.014712453,1.6356775
"""CNR4339889""","""CID1653657""",-0.44834194,0.0059742928,-0.45431623
"""CNR4106360""","""CID4015526""",0.013829263,-0.0050754547,0.018904718
"""CNR8680546""","""CID3587857""",0.003027254,-0.008531392,0.011558645
"""CNR2456659""","""CID1263347""",-1.6760647,0.094778895,-1.7708436
"""CNR5063006""","""CID4046772""",0.65066797,-0.0052633286,0.6559313
"""CNR9513799""","""CID9051284""",-1.2701241,0.043905854,-1.3140299
"""CNR2361430""","""CID3796264""",-0.82953006,-0.019296765,-0.8102333
"""CNR4979776""","""CID4006057""",0.003027254,-0.03391415,0.0369414
"""CNR5791937""","""CID1810515""",-0.01214276,0.042010963,-0.05415372
"""CNR9211257""","""CID6692447""",-0.7305201,-0.05845815,-0.672062
"""CNR3119954""","""CID7590483""",-1.2156687,-0.008953005,-1.2067157
"""CNR7322981""","""CID6397765""",0.003027254,0.024069726,-0.021042472
"""CNR2617389""","""CID3260761""",-1.3740845,0.0066772997,-1.3807617
"""CNR9989212""","""CID1460749""",2.4328463,-0.04487583,2.4777222
"""CNR3531650""","""CID5550722""",-1.3196291,-0.06397241,-1.2556567
"""CNR1489541""","""CID3850274""",0.025039341,-0.007980049,0.03301939
"""CNR5492590""","""CID7794107""",-0.40873796,0.020462662,-0.42920062
"""CNR7489207""","""CID6764080""",0.0,0.02089101,-0.02089101
"""CNR6631663""","""CID9067402""",2.3585887,0.013736308,2.3448524
"""CNR2399156""","""CID9133074""",0.003027254,-0.02198267,0.025009925
"""CNR3620320""","""CID3954593""",0.0,0.03761667,-0.03761667
"""CNR2489211""","""CID7171121""",-1.3196291,-0.019135237,-1.3004938
"""CNR3866256""","""CID4531726""",-0.49289638,0.032916486,-0.52581286
"""CNR2416280""","""CID6783565""",0.0,-0.04708004,0.04708004
"""CNR8308418""","""CID4108456""",0.0,-0.0063889623,0.0063889623
"""CNR1050082""","""CID3478412""",-0.32953003,0.024642974,-0.354173
"""CNR8765479""","""CID2149174""",0.003027254,0.014618397,-0.011591143
"""CNR7429742""","""CID2159361""",0.013829263,0.058641523,-0.044812262
"""CNR6607871""","""CID3650604""",0.0,-0.0019754171,0.0019754171
"""CNR6892245""","""CID8682860""",-0.93349046,0.07013756,-1.003628
"""CNR2647005""","""CID2138190""",-1.6711142,0.04581052,-1.7169247
"""CNR6410601""","""CID1109050""",-0.31467855,0.00047636032,-0.3151549
"""CNR2210462""","""CID8112879""",-1.849332,-0.043107748,-1.8062242
"""CNR6513653""","""CID3195380""",1.3486878,-0.010859817,1.3595476
"""CNR4636441""","""CID3106416""",-0.32953003,0.020647854,-0.35017788
"""CNR2882464""","""CID6134086""",-1.1612132,-0.058088064,-1.1031251
"""CNR9506187""","""CID5353110""",-0.30972806,-0.05490005,-0.254828
"""CNR7001764""","""CID3713208""",0.44274718,-0.008373141,0.45112032
"""CNR2813127""","""CID4785742""",-1.5225993,0.0533998,-1.5759991
"""CNR1411680""","""CID2823162""",-0.71071815,-0.02195713,-0.688761
"""CNR7382025""","""CID5146465""",-1.289926,-0.0031158328,-1.2868102
"""CNR5548791""","""CID2543892""",-1.7998271,-0.0080631375,-1.791764
"""CNR6452264""","""CID3519101""",-0.67606467,0.014994442,-0.6910591
"""CNR9557764""","""CID8671489""",-2.1315103,-0.017005444,-2.1145048
"""CNR8824667""","""CID9863038""",-0.4780449,0.007986993,-0.4860319
"""CNR7757647""","""CID2322190""",0.0,0.0232611,-0.0232611
"""CNR9842620""","""CID1073223""",-0.879035,-0.059766382,-0.8192686
"""CNR2295031""","""CID7595496""",2.492252,-0.0024017692,2.494654
"""CNR3872149""","""CID7336902""",0.003027254,-0.015018165,0.01804542
"""CNR2535704""","""CID2716314""",0.0,0.0071582496,-0.0071582496
"""CNR7609238""","""CID1942619""",2.140767,0.024290025,2.116477
"""CNR7725718""","""CID6039717""",1.9972026,-0.052573264,2.0497758
"""CNR3120901""","""CID6806098""",1.8288858,0.0017616451,1.8271241
"""CNR8609092""","""CID9791631""",-1.9384409,0.007151991,-1.9455929
"""CNR5496657""","""CID6950098""",5.343737,0.009415805,5.3343215
"""CNR5850449""","""CID3874745""",-1.8542825,-0.030495346,-1.8237872
"""CNR2921523""","""CID5725037""",-0.9978469,-0.0011427402,-0.99670416
"""CNR5982409""","""CID5459225""",0.8635393,-0.0060272813,0.86956656
"""CNR6062659""","""CID3994839""",-1.8245796,0.018757492,-1.843337
"""CNR8966549""","""CID2304696""",0.4229452,-0.018639058,0.44158426
"""CNR1878561""","""CID2508031""",0.57641053,0.08382535,0.49258518
"""CNR2235063""","""CID7436988""",-2.0325003,-0.01449734,-2.018003
"""CNR9209015""","""CID6606357""",0.0,0.0151693225,-0.0151693225
"""CNR6431840""","""CID2461205""",0.025039341,-0.011897624,0.036936965
"""CNR4593774""","""CID7378572""",-2.1859658,-0.003884375,-2.1820815
"""CNR8140538""","""CID4547572""",0.013549859,0.050789624,-0.037239768
"""CNR1927998""","""CID4460202""",0.15561847,-0.011787027,0.1674055
"""CNR3504327""","""CID6939663""",0.0,0.014864445,-0.014864445
"""CNR1675574""","""CID4014333""",-0.14636172,-0.029196143,-0.11716558
"""CNR9347790""","""CID6960903""",-0.013278072,-0.011293113,-0.0019849585
"""CNR5362023""","""CID4125652""",-0.7503221,0.0088121,-0.7591342
"""CNR7151146""","""CID2291476""",0.025039341,0.008830845,0.016208496
"""CNR6368550""","""CID3636779""",-1.2651736,-0.007696867,-1.2574767
"""CNR8466061""","""CID7327324""",-0.29982707,-0.0151773095,-0.28464976
"""CNR5372986""","""CID1749114""",0.013549859,-0.01432395,0.027873809
"""CNR7444865""","""CID8950688""",-1.9780449,-0.027862608,-1.9501822
"""CNR1709392""","""CID8085588""",0.0,-0.06921512,0.06921512
"""CNR3512402""","""CID3830513""",-1.5027974,0.029566288,-1.5323637
"""CNR4865316""","""CID6232811""",1.8041333,0.012402892,1.7917304
"""CNR7074841""","""CID2780055""",-0.94339144,-0.0038831234,-0.9395083
"""CNR6020374""","""CID4714888""",0.85858876,0.03772047,0.82086825
"""CNR8000313""","""CID9981189""",0.003027254,0.014551878,-0.011524624
"""CNR5732818""","""CID5639434""",0.013829263,0.08277643,-0.068947166
"""CNR4297477""","""CID8169995""",0.0,0.019669712,-0.019669712
"""CNR8014244""","""CID8065051""",3.5962126,-0.06497368,3.6611862
"""CNR5761034""","""CID6265457""",0.0,0.04475531,-0.04475531
"""CNR7701154""","""CID8389256""",-0.3839855,-0.056837857,-0.32714763
"""CNR4517970""","""CID7339296""",-0.25527263,0.051137418,-0.30641004
"""CNR9156276""","""CID5596699""",-0.09190628,-0.011448026,-0.08045825
"""CNR9997684""","""CID8977748""",-1.309728,-0.044728816,-1.2649992
"""CNR8026543""","""CID9574646""",2.5665095,0.024756342,2.541753
"""CNR5036287""","""CID5581093""",-2.0770547,-0.024086475,-2.0529683
"""CNR6528739""","""CID9959652""",-1.379035,-0.029831976,-1.349203
"""CNR3552006""","""CID6017334""",0.9328462,0.029543579,0.9033026
"""CNR3660618""","""CID1602162""",0.3140343,-0.019876212,0.33391052
"""CNR1097335""","""CID7399122""",-1.839431,-0.02181071,-1.8176203
"""CNR4904749""","""CID9931643""",-1.5424013,0.059380203,-1.6017815
"""CNR9705519""","""CID9813791""",0.17046995,0.046344995,0.12412496
"""CNR9762465""","""CID1572465""",3.6853213,0.01114136,3.67418
"""CNR2935897""","""CID2199338""",0.0,-0.0040848553,0.0040848553
"""CNR7313026""","""CID4089496""",-0.9730944,0.014267921,-0.9873623
"""CNR1142983""","""CID6472609""",1.9972026,0.019778073,1.9774246
"""CNR2947632""","""CID4167398""",0.013549859,0.0017233491,0.01182651
"""CNR4309965""","""CID6105766""",0.025039341,-0.029280066,0.054319408
"""CNR8470844""","""CID9404645""",0.0,0.035791904,-0.035791904
"""CNR3597597""","""CID2555443""",0.025039341,-0.00013118982,0.025170531
"""CNR7990952""","""CID9234487""",-0.9978469,-0.06837022,-0.9294767
"""CNR6391538""","""CID6359213""",0.0,-0.027361989,0.027361989
"""CNR2362866""","""CID1913824""",0.9229452,-0.027787149,0.95073235
"""CNR9697063""","""CID1074099""",-2.0027974,-0.057264864,-1.9455326
"""CNR9597655""","""CID7879925""",-1.369134,-0.008438945,-1.360695
"""CNR2132813""","""CID6783053""",-2.017649,-0.053626537,-1.9640224
"""CNR7358854""","""CID4015216""",-0.5176489,-0.0027619004,-0.514887
"""CNR1344697""","""CID8818073""",-0.013278072,0.014339298,-0.027617369
"""CNR3286318""","""CID9272809""",2.2397768,0.029756844,2.21002
"""CNR6352519""","""CID6285747""",0.6061135,-0.0048987865,0.6110123
"""CNR9690249""","""CID3836428""",0.0,-0.013493478,0.013493478
"""CNR3290603""","""CID5437240""",-0.33448052,-0.030336022,-0.3041445
"""CNR6378934""","""CID8131928""",-0.8641835,-0.017178476,-0.847005
"""CNR4084594""","""CID6047484""",-2.0126984,-0.058992326,-1.953706
"""CNR5247171""","""CID4484741""",0.013549859,-0.025123954,0.03867381
"""CNR2465195""","""CID5871891""",4.833836,0.010577321,4.823259
"""CNR4016454""","""CID8814227""",0.0,0.040183485,-0.040183485
"""CNR8782922""","""CID2401205""",-1.6513122,0.009812504,-1.6611247
"""CNR7245397""","""CID2409360""",0.013549859,-0.0015784502,0.015128309
"""CNR7162422""","""CID8464313""",0.025039341,0.03763169,-0.012592349
"""CNR7315638""","""CID2207664""",2.0120542,0.072336555,1.9397177
"""CNR4302841""","""CID4739760""",-1.7008172,-0.032354027,-1.6684632
"""CNR4801612""","""CID3958588""",0.8387868,-0.032480776,0.87126756
"""CNR3579086""","""CID1609734""",-2.151312,-0.0158844,-2.1354277
"""CNR4516970""","""CID1949294""",-0.869134,0.029888988,-0.899023
"""CNR8897117""","""CID9630037""",0.0,-0.09494579,0.09494579
"""CNR5954627""","""CID8055094""",0.013829263,0.013591111,0.00023815222
"""CNR6679747""","""CID2431419""",-1.7206192,-0.039282084,-1.6813371
"""CNR7388540""","""CID8362170""",-0.06220331,-0.037866116,-0.024337195
"""CNR8331767""","""CID6902585""",-2.1265597,-0.011299789,-2.11526
"""CNR1874446""","""CID3741197""",0.0,-0.04258704,0.04258704
"""CNR4533953""","""CID6515536""",0.0,-0.0236575,0.0236575
"""CNR4216688""","""CID2482784""",4.665519,-0.044398367,4.7099175
"""CNR4771721""","""CID9028862""",-2.1612132,0.010510147,-2.1717234
"""CNR1047929""","""CID6138873""",0.013829263,-0.042159915,0.055989176
"""CNR5938216""","""CID9170296""",-1.1711142,-0.00791806,-1.1631961
"""CNR9110104""","""CID2063030""",0.0,-0.007808864,0.007808864
"""CNR2307957""","""CID3709875""",0.025039341,-0.024970055,0.050009396
"""CNR1858978""","""CID6735208""",-0.53745085,-0.041809738,-0.4956411
"""CNR5615706""","""CID9707993""",0.47740066,0.011111021,0.46628964
"""CNR4292189""","""CID1639729""",0.013549859,-0.023273349,0.036823206
"""CNR2150480""","""CID2872698""",0.40314323,0.013874531,0.3892687
"""CNR3817263""","""CID2830381""",-1.1414112,0.008110702,-1.1495218
"""CNR4568741""","""CID1387624""",0.003027254,-0.0776754,0.080702655
"""CNR1921135""","""CID5290342""",0.7249254,0.005791247,0.71913415
"""CNR4638851""","""CID4860142""",-0.45329243,-0.029594481,-0.42369795
"""CNR5896245""","""CID6291049""",1.9774007,0.0715546,1.9058461
"""CNR7553601""","""CID8663921""",-0.369134,0.041319758,-0.41045377
"""CNR1977702""","""CID5891903""",-0.4780449,-0.0055299997,-0.4725149
"""CNR5773760""","""CID6685854""",0.003027254,-0.018703163,0.021730417
"""CNR3934814""","""CID4675431""",-0.7552726,-0.003965378,-0.75130725
"""CNR1130715""","""CID1461556""",-0.037450835,-0.035036385,-0.00241445
"""CNR7915411""","""CID3747408""",1.4625492,-0.05930358,1.5218527
"""CNR7352965""","""CID7172114""",-1.5869558,0.047722816,-1.6346786
"""CNR4266303""","""CID9878381""",1.101163,0.031295627,1.0698674
"""CNR1094054""","""CID9451726""",-0.9928964,0.045284957,-1.0381813
"""CNR4621785""","""CID7291030""",-1.7849755,-0.019620419,-1.7653551
"""CNR3380820""","""CID9150045""",-0.18596569,0.04449582,-0.23046151
"""CNR6581395""","""CID6776705""",-0.017648855,0.019735157,-0.03738401
"""CNR3080927""","""CID6074631""",0.013549859,-0.013978004,0.027527863
"""CNR5389220""","""CID6408469""",0.013829263,-0.005331546,0.019160809
"""CNR1067466""","""CID9598591""",-1.0968568,-0.058481276,-1.0383756
"""CNR5747305""","""CID6559601""",0.0,0.021123499,-0.021123499
"""CNR2052287""","""CID3597917""",-0.39388648,-0.062457085,-0.3314294
"""CNR8975043""","""CID3549495""",0.025039341,0.05846232,-0.03342298
"""CNR7037079""","""CID4936316""",-1.4681439,-0.027979076,-1.4401648
"""CNR1041733""","""CID7240689""",-1.879035,-0.06764048,-1.8113945
"""CNR8310550""","""CID6194623""",0.0,0.025223732,-0.025223732
"""CNR9317177""","""CID5577333""",1.6952224,0.004137814,1.6910846
"""CNR5973958""","""CID1619765""",0.37839076,0.010817766,0.367573
"""CNR2368724""","""CID7626743""",0.1259155,-0.02462858,0.15054408
"""CNR4197475""","""CID8298902""",0.4328462,-0.00868094,0.44152713
"""CNR8786502""","""CID2628604""",0.0,0.0595904,-0.0595904
"""CNR3687280""","""CID7024494""",0.013549859,-0.027556032,0.04110589
"""CNR7282721""","""CID8531380""",-0.01214276,0.043031156,-0.055173915
"""CNR9717068""","""CID2228897""",-0.00279737,0.029701233,-0.0324986
"""CNR1588735""","""CID7112052""",0.013549859,0.0030328631,0.010516996
"""CNR7145469""","""CID9978540""",-0.013278072,-0.007126987,-0.006151085
"""CNR5912952""","""CID7304789""",-0.14636172,0.023353636,-0.16971536
"""CNR5365730""","""CID9633715""",1.2249254,-0.019653559,1.244579
"""CNR4558767""","""CID8184752""",5.041757,0.0500136,4.9917436
"""CNR9051324""","""CID3111039""",-1.8740845,0.031697392,-1.9057819
"""CNR2652637""","""CID7650348""",-1.3047776,-0.08214232,-1.2226353
"""CNR3939659""","""CID6447654""",3.7793808,-0.0021961331,3.7815769
"""CNR8821490""","""CID1713292""",0.013829263,0.053859413,-0.04003015
"""CNR2156709""","""CID7325170""",0.013549859,0.022954077,-0.009404218
"""CNR6784234""","""CID7943781""",-1.4433914,0.00839442,-1.4517858
"""CNR8258876""","""CID9427123""",-0.29487658,-0.022319138,-0.27255744
"""CNR6362217""","""CID6822869""",-0.08200529,-0.028438479,-0.053566813
"""CNR4053042""","""CID8698595""",-2.240421,-0.002120167,-2.2383008
"""CNR5296880""","""CID2330879""",-0.53745085,-0.035738826,-0.501712
"""CNR1311614""","""CID8136598""",-1.1859657,0.03644508,-1.2224107
"""CNR2426699""","""CID3136889""",0.003027254,0.01577571,-0.012748457
"""CNR8983268""","""CID6142036""",0.013549859,0.010786891,0.0027629677
"""CNR5491823""","""CID5807181""",0.003027254,0.009757251,-0.0067299968
"""CNR5094256""","""CID3470774""",0.025039341,0.010505021,0.014534321
"""CNR3631162""","""CID8228377""",-1.4582429,-0.02867645,-1.4295664
"""CNR5856761""","""CID6295175""",0.025039341,-0.055152953,0.0801923
"""CNR5186293""","""CID7056927""",0.013829263,0.03948295,-0.025653688
"""CNR2461605""","""CID1324473""",0.0,-0.0015764832,0.0015764832
"""CNR4751248""","""CID8853028""",-1.2948766,0.030836761,-1.3257134
"""CNR1675014""","""CID4704930""",-1.289926,-0.0041329265,-1.2857931
"""CNR8730322""","""CID9597942""",-0.369134,0.061305106,-0.4304391
"""CNR7478371""","""CID7468948""",1.3635392,0.03407079,1.3294685
"""CNR7975089""","""CID2782590""",-0.80477756,-0.016480863,-0.7882967
"""CNR2351548""","""CID6366986""",0.28433135,-0.01337707,0.29770842
"""CNR1337133""","""CID8939614""",-2.2057676,-0.028439075,-2.1773286
"""CNR2495283""","""CID7465930""",-1.948342,0.046330154,-1.9946721
"""CNR9904451""","""CID5848903""",3.640767,0.018568158,3.622199
"""CNR6108580""","""CID7230644""",-1.4978468,-0.016600072,-1.4812467
"""CNR2560982""","""CID6313504""",-1.879035,-0.037430286,-1.8416047
"""CNR8823907""","""CID4433377""",0.013829263,-0.013655305,0.027484568
"""CNR7858759""","""CID1249768""",-1.7651736,-0.004616022,-1.7605575
"""CNR1237905""","""CID2449334""",1.2595788,-0.052055,1.3116338
"""CNR8674927""","""CID9450358""",0.48730165,-0.0775913,0.56489295
"""CNR7426056""","""CID4923026""",-1.5968568,0.04608172,-1.6429386
"""CNR7957248""","""CID6275285""",0.0,0.015186667,-0.015186667
"""CNR3952050""","""CID8785731""",-0.25032213,0.01429975,-0.26462188
"""CNR3991989""","""CID5547909""",0.0,-0.008246422,0.008246422
"""CNR7298967""","""CID9849499""",-0.6117083,-0.009401232,-0.6023071
"""CNR7249634""","""CID4033734""",0.75462836,0.00033473969,0.7542936
"""CNR5906473""","""CID9558827""",-1.0721043,0.008388996,-1.0804933
"""CNR4365195""","""CID4494674""",0.003027254,-0.042238533,0.045265786
"""CNR4052845""","""CID3749367""",1.7051234,-0.009692341,1.7148157
"""CNR8515279""","""CID3905544""",1.0863116,0.005242884,1.0810688
"""CNR7454454""","""CID7449119""",-0.62655973,-0.10641292,-0.52014685
"""CNR5542839""","""CID5223132""",-1.1067578,0.0064370036,-1.1131947
"""CNR7967586""","""CID9730285""",0.36353928,-0.022295773,0.38583505
"""CNR8689510""","""CID6498561""",-2.0325003,6.273389e-05,-2.032563
"""CNR3918846""","""CID7083552""",0.013549859,-0.12569052,0.13924038
"""CNR6387266""","""CID8296859""",-0.15626271,-0.007824361,-0.14843835
"""CNR7063559""","""CID6302331""",1.2694799,-0.0025559068,1.2720358
"""CNR6273713""","""CID2837692""",-1.5027974,-0.029835045,-1.4729624
"""CNR1408973""","""CID5718848""",1.5962125,0.000647068,1.5955654
"""CNR2799535""","""CID5082728""",0.003027254,-0.023940414,0.026967669
"""CNR5037526""","""CID5915926""",0.65066797,0.01523757,0.6354304
"""CNR3215276""","""CID6811877""",1.1556184,0.055559218,1.1000593
"""CNR3731826""","""CID6873947""",-2.1216092,0.047012895,-2.168622
"""CNR4601085""","""CID4542396""",-0.61665875,0.012524694,-0.6291834
"""CNR3317386""","""CID8978507""",0.35363826,-0.010518372,0.36415663
"""CNR6884332""","""CID3278094""",4.640767,-0.0092666745,4.650034
"""CNR4517404""","""CID1429651""",0.0,0.062419176,-0.062419176
"""CNR8297891""","""CID4206934""",0.0,-0.020358115,0.020358115
"""CNR2527387""","""CID3894144""",-1.2552726,-0.030588776,-1.2246839
"""CNR2883744""","""CID4582446""",-1.9235895,-0.00073999166,-1.9228494
"""CNR7088475""","""CID8913673""",-1.4681439,0.03336543,-1.5015094
"""CNR6575408""","""CID3709657""",0.0,0.022720397,-0.022720397
"""CNR9205184""","""CID6585669""",0.013829263,-0.0104748905,0.024304153
"""CNR6881612""","""CID9399617""",1.2496779,0.01668948,1.2329884
"""CNR6550392""","""CID1214974""",0.0,-0.10872567,0.10872567
"""CNR9925839""","""CID4190607""",0.003027254,0.0045655966,-0.0015383426
"""CNR1256960""","""CID8298511""",1.9476976,-0.0028809905,1.9505787
"""CNR3373844""","""CID9028392""",0.013549859,0.03963393,-0.026084071
"""CNR5486440""","""CID5243505""",0.0,-0.009574592,0.009574592
"""CNR2671213""","""CID3303232""",-1.9334904,-0.010259032,-1.9232314
"""CNR2747143""","""CID8049007""",-0.36418352,0.022157967,-0.38634148
"""CNR2053457""","""CID2376341""",-1.789926,0.041006863,-1.8309329
"""CNR5553466""","""CID5282437""",-2.2156687,0.028991431,-2.2446601
"""CNR8070126""","""CID9055612""",3.67047,0.02371192,3.646758
"""CNR9983543""","""CID8097752""",0.025039341,-0.0023703873,0.027409729
"""CNR7655698""","""CID1697032""",-0.25527263,0.013906479,-0.2691791
"""CNR1187378""","""CID6095946""",0.025039341,-0.033367813,0.058407154
"""CNR4129467""","""CID4367253""",-1.6711142,-0.00029614568,-1.6708181
"""CNR1794982""","""CID5378526""",0.025039341,0.0654577,-0.04041836
"""CNR7317822""","""CID6434689""",0.025039341,0.042315185,-0.017275844
"""CNR4312864""","""CID6581553""",-0.94339144,-0.0035207272,-0.9398707
"""CNR5678051""","""CID3034845""",0.025039341,-0.008803189,0.03384253
"""CNR7577396""","""CID1948231""",-1.4235895,-0.017956555,-1.405633
"""CNR9167042""","""CID3333519""",0.025039341,0.015563965,0.009475376
"""CNR1561663""","""CID7252061""",-0.64141124,-0.0018613935,-0.63954985
"""CNR5955240""","""CID8050325""",0.0,0.101172924,-0.101172924
"""CNR7066946""","""CID2034315""",1.0467076,-0.05989003,1.1065977
"""CNR5587950""","""CID5833835""",0.4328462,-0.018028498,0.4508747
"""CNR6054860""","""CID9720781""",0.0,0.01892227,-0.01892227
"""CNR4577231""","""CID5540247""",0.21502441,0.055344462,0.15967995
"""CNR5280090""","""CID7380960""",4.9179945,0.049043536,4.868951
"""CNR9153135""","""CID9950839""",0.025039341,0.018183947,0.0068553947
"""CNR6382347""","""CID5394076""",0.16551946,0.07447463,0.09104483
"""CNR9538166""","""CID1078074""",0.003027254,0.1077652,-0.104737945
"""CNR2089365""","""CID9631754""",-2.1364608,-0.020114481,-2.1163464
"""CNR3086062""","""CID4823736""",0.013549859,-0.021308541,0.0348584
"""CNR4482100""","""CID6190179""",-1.5869558,-0.042182863,-1.5447729
"""CNR6119414""","""CID3818274""",1.7942324,0.0017376244,1.7924948
"""CNR8378809""","""CID4514148""",1.7496779,0.031585276,1.7180927
"""CNR8226654""","""CID3194593""",-0.057252817,-0.0042087436,-0.053044073
"""CNR9831990""","""CID5324930""",-0.52259934,0.03682366,-0.55942297
"""CNR6162781""","""CID1110091""",-1.6364608,-0.002291888,-1.6341689
"""CNR6917481""","""CID7760565""",0.013829263,0.025067091,-0.011237828
"""CNR8634209""","""CID1855264""",1.591262,0.052746683,1.5385153
"""CNR8527775""","""CID6013552""",1.0219551,0.018838912,1.0031163
"""CNR1917750""","""CID4043399""",-0.8344805,-0.0055056214,-0.8289749
"""CNR1008097""","""CID4182454""",-1.0820053,0.016512394,-1.0985177
"""CNR4006286""","""CID9479390""",-1.3443816,0.041665375,-1.3860469
"""CNR4208243""","""CID8255844""",-1.1315103,0.005099654,-1.1366099
"""CNR2684349""","""CID1847962""",0.003027254,0.0006002784,0.0024269756
"""CNR1459274""","""CID3580305""",-0.61665875,-0.042864203,-0.57379454
"""CNR2113535""","""CID9869561""",0.5071036,-0.014846623,0.52195024
"""CNR8593193""","""CID9098749""",-1.9334904,-0.016973972,-1.9165164
"""CNR1255399""","""CID9753516""",-0.26022312,0.0055410266,-0.26576415
"""CNR8413512""","""CID4799640""",0.013549859,-0.021268666,0.034818523
"""CNR3530187""","""CID6398177""",-0.52259934,-0.032905996,-0.48969334
"""CNR6525820""","""CID7394868""",0.0,-0.009163439,0.009163439
"""CNR2422105""","""CID5770719""",0.013829263,-0.0010732412,0.014902504
"""CNR3917159""","""CID8304369""",0.013829263,0.011459261,0.0023700017
"""CNR5307427""","""CID5603219""",0.003027254,-0.0056895018,0.008716756
"""CNR2747833""","""CID3336232""",0.0,-0.02723968,0.02723968
"""CNR4916630""","""CID6420826""",0.0,-0.053872675,0.053872675
"""CNR7115406""","""CID5728709""",-2.1810153,-0.03694278,-2.1440725
"""CNR4805285""","""CID8098064""",0.025039341,0.05476719,-0.02972785
"""CNR8923541""","""CID5610318""",-1.6958667,-0.01625657,-1.6796101
"""CNR4607382""","""CID1924138""",-1.82953,0.01071465,-1.8402447
"""CNR3040429""","""CID8891480""",0.013829263,-0.035994112,0.049823374
"""CNR2306292""","""CID5168058""",0.013829263,-0.011209726,0.02503899
"""CNR6655533""","""CID8454123""",0.0,0.0063174963,-0.0063174963
"""CNR4513700""","""CID9843092""",-1.9829954,0.0236817,-2.0066772
"""CNR2287707""","""CID7477407""",1.2298759,0.032002896,1.197873
"""CNR4423241""","""CID1175732""",-1.908738,0.002835542,-1.9115735
"""CNR5681623""","""CID8069248""",0.013549859,-0.017790318,0.031340174
"""CNR3421599""","""CID4115706""",-0.8740845,-0.016081303,-0.85800314
"""CNR3187456""","""CID4383079""",2.101163,-0.012165338,2.1133282
"""CNR3069063""","""CID8440159""",-2.1414113,0.0079215765,-2.149333
"""CNR3784194""","""CID5010079""",-1.4235895,0.05656123,-1.4801507
"""CNR9739717""","""CID7609190""",2.992252,-0.010984749,3.0032368
"""CNR4085128""","""CID2392662""",0.5516581,0.028982908,0.52267516
"""CNR7852150""","""CID5566758""",12.234826,-0.070439816,12.305265
"""CNR2250444""","""CID3088953""",-0.013278072,-0.034742773,0.021464702
"""CNR9640119""","""CID5609332""",1.4526482,-0.05056244,1.5032105
"""CNR3200735""","""CID7097408""",-1.2107182,-0.0015308559,-1.2091873
"""CNR2469294""","""CID8948484""",-1.1612132,-0.037762523,-1.1234506
"""CNR6908520""","""CID8485191""",-1.849332,0.012523711,-1.8618557
"""CNR3722848""","""CID6216712""",-2.057253,0.011784494,-2.0690374
"""CNR1490576""","""CID2199251""",-1.1909162,0.03971988,-1.2306361
"""CNR6273707""","""CID1630203""",2.2892818,0.014749438,2.2745323
"""CNR5150248""","""CID3542749""",-1.289926,0.04429552,-1.3342216
"""CNR1742888""","""CID7048226""",5.3684897,0.0071727633,5.361317
"""CNR8973976""","""CID6337970""",2.541757,0.0013450384,2.540412
"""CNR3515522""","""CID4776526""",-1.8740845,0.04084125,-1.9149257
"""CNR4951587""","""CID8903042""",-1.6315103,-0.027757704,-1.6037526
"""CNR6883747""","""CID1422247""",-1.4829954,-0.027879655,-1.4551158
"""CNR1437087""","""CID6295051""",0.025039341,0.028165728,-0.0031263866
"""CNR6910081""","""CID6962606""",1.2744304,-0.01986447,1.2942948
"""CNR7165232""","""CID6063283""",-0.24042113,-0.0074077845,-0.23301335
"""CNR6120519""","""CID3376920""",-0.013278072,0.092660666,-0.10593874
"""CNR9362557""","""CID9463578""",0.0,-0.12964773,0.12964773
"""CNR5051294""","""CID4829409""",0.013549859,0.00029307604,0.013256783
"""CNR8139922""","""CID8795398""",0.9278957,-0.0068416,0.9347373
"""CNR1477542""","""CID6514313""",0.0,0.040829122,-0.040829122
"""CNR6741150""","""CID2927380""",0.003027254,0.01856792,-0.015540666
"""CNR5660544""","""CID8833691""",-1.1612132,0.012239844,-1.173453
"""CNR4348083""","""CID5630862""",0.4328462,0.022016227,0.41082996
"""CNR6456201""","""CID7781742""",0.003027254,-0.010225415,0.013252669
"""CNR5968456""","""CID7047528""",0.003027254,0.01861918,-0.015591926
"""CNR2659704""","""CID5565836""",0.025039341,-0.02669239,0.05173173
"""CNR8657875""","""CID7859345""",-0.08200529,-0.036795884,-0.045209408
"""CNR8214742""","""CID1085001""",0.025039341,0.0015882254,0.023451116
"""CNR2528504""","""CID1444722""",-0.10675777,0.035958648,-0.14271641
"""CNR2342922""","""CID8147224""",0.0,2.3692846e-05,-2.3692846e-05
"""CNR6365774""","""CID6858461""",-0.21566866,-0.034418285,-0.18125038
"""CNR6888175""","""CID4344653""",0.7150244,0.023469687,0.6915547
"""CNR7001789""","""CID5982734""",-0.14141123,-0.054638743,-0.08677249
"""CNR1882814""","""CID5021335""",-1.8938864,-0.0024379492,-1.8914485
"""CNR4457581""","""CID3221163""",0.025039341,-0.034700453,0.059739795
"""CNR2741620""","""CID7978677""",-0.30972806,0.030490458,-0.3402185
"""CNR5004301""","""CID6278919""",-0.20081717,-0.021933973,-0.1788832
"""CNR9247741""","""CID8043524""",-2.2552726,-0.0066404343,-2.2486322
"""CNR4857828""","""CID5277755""",-2.1711142,0.025713801,-2.196828
"""CNR8827490""","""CID2048025""",1.7991828,-0.028624654,1.8278074
"""CNR8267820""","""CID4993017""",-1.1414112,0.050664395,-1.1920756
"""CNR5696954""","""CID5942385""",2.3387868,-0.015575796,2.3543627
"""CNR8245274""","""CID7145182""",0.025039341,-0.006709039,0.03174838
"""CNR6231007""","""CID6156378""",-1.92854,0.02361089,-1.9521508
"""CNR1994755""","""CID9615912""",-0.15131222,0.0077890754,-0.15910129
"""CNR5897301""","""CID1710984""",0.013829263,0.07596457,-0.06213531
"""CNR6827182""","""CID5882355""",1.5219551,0.003749311,1.5182059
"""CNR7612406""","""CID2336007""",0.003027254,-0.0028150082,0.005842262
"""CNR8098430""","""CID9227342""",0.013549859,-0.0021635294,0.015713388
"""CNR7016837""","""CID2992773""",-2.0622034,0.020605743,-2.0828092
"""CNR5057888""","""CID6627019""",0.025039341,0.013086319,0.011953022
"""CNR8211050""","""CID1857341""",-1.32953,0.018275023,-1.347805
"""CNR5668235""","""CID4755905""",0.0,0.03980124,-0.03980124
"""CNR7668457""","""CID4946126""",0.0,-0.038725555,0.038725555
"""CNR9178507""","""CID7186354""",0.013829263,0.007324755,0.0065045077
"""CNR3153482""","""CID3704931""",0.025039341,-0.010307729,0.03534707
"""CNR5459942""","""CID1110959""",4.1952224,-0.031092733,4.226315
"""CNR1296254""","""CID6430186""",-1.1661637,-0.010948837,-1.1552148
"""CNR4120285""","""CID1380046""",0.025039341,0.024010062,0.0010292791
"""CNR3443310""","""CID3706772""",-0.92358947,-0.05451092,-0.8690785
"""CNR8606800""","""CID9381797""",-0.93349046,0.002907604,-0.936398
"""CNR9749039""","""CID1078927""",-1.9681439,-0.008026421,-1.9601176
"""CNR4211304""","""CID7726153""",-1.4235895,0.039574027,-1.4631635
"""CNR8872598""","""CID2556883""",-2.240421,-0.02537325,-2.2150478
"""CNR1364310""","""CID6882302""",0.0,-0.08004707,0.08004707
"""CNR7356482""","""CID5718866""",0.17542045,-0.012188315,0.18760876
"""CNR2096034""","""CID8744157""",0.0,0.030749172,-0.030749172
"""CNR8928282""","""CID6288189""",7.8734403,0.011090726,7.8623495
"""CNR5504285""","""CID2008003""",1.0764105,0.011167407,1.0652431
"""CNR5761681""","""CID7637526""",-1.8196291,0.007283628,-1.8269126
"""CNR8462159""","""CID4421502""",-1.4780449,0.0071136653,-1.4851586
"""CNR2839904""","""CID2123439""",-2.0027974,-0.04302624,-1.9597712
"""CNR1979278""","""CID6488752""",-2.1265597,0.022465289,-2.149025
"""CNR6831763""","""CID3158971""",-0.5770548,0.029492915,-0.6065477
"""CNR2185284""","""CID3580371""",-0.31467855,-0.03174144,-0.2829371
"""CNR4969899""","""CID1531513""",-0.11170826,0.024490803,-0.13619906
"""CNR1066824""","""CID8231876""",0.5170046,0.028786838,0.48821777
"""CNR6496012""","""CID3504861""",-1.8641835,-0.012959421,-1.8512242
"""CNR1586231""","""CID9858226""",-2.0671537,-0.015153468,-2.0520003
"""CNR3085620""","""CID7769427""",2.660569,-0.060310304,2.7208793
"""CNR6583580""","""CID7793791""",0.7249254,-0.021526694,0.7464521
"""CNR8304588""","""CID8548583""",0.025039341,0.004693866,0.020345476
"""CNR6940705""","""CID8760675""",0.013549859,-0.032528877,0.046078734
"""CNR9649208""","""CID6057368""",-0.81467855,-0.010111183,-0.80456734
"""CNR4054241""","""CID9073650""",-0.013278072,0.036563218,-0.04984129
"""CNR5745308""","""CID6688821""",0.025039341,0.015492678,0.009546664
"""CNR4016838""","""CID4353870""",0.025039341,-0.027393222,0.052432563
"""CNR2672367""","""CID3221786""",0.013549859,0.046138585,-0.032588728
"""CNR7985442""","""CID7886419""",-1.7651736,0.057694197,-1.8228678
"""CNR1620204""","""CID5947635""",0.025039341,0.0014052987,0.023634043
"""CNR5242890""","""CID1936558""",0.0,0.038556635,-0.038556635
"""CNR2739796""","""CID7407575""",0.0,0.008358955,-0.008358955
"""CNR4281975""","""CID6298094""",0.003027254,0.09324801,-0.09022076
"""CNR2156565""","""CID2667289""",0.013829263,0.04959786,-0.0357686
"""CNR3234947""","""CID9625872""",0.0,0.016961217,-0.016961217
"""CNR6248076""","""CID1399199""",-2.1760647,-0.00062417984,-2.1754405
"""CNR7029595""","""CID5389192""",-1.6463617,0.015550733,-1.6619124
"""CNR6557966""","""CID9646686""",0.003027254,0.030970544,-0.027943289
"""CNR5690939""","""CID3612089""",-1.0770547,-0.0003617704,-1.0766929
"""CNR3800423""","""CID9468589""",0.003027254,0.025282502,-0.022255247
"""CNR9903421""","""CID7078272""",0.5962125,-0.00039553642,0.59660804
"""CNR4792096""","""CID1073035""",-1.3443816,0.006012857,-1.3503945
"""CNR9206876""","""CID9606493""",-0.62655973,0.057664603,-0.68422437
"""CNR2164584""","""CID1375017""",-0.41863894,0.033926547,-0.4525655
"""CNR7320911""","""CID2302183""",0.0,-0.013265014,0.013265014
"""CNR4384016""","""CID3219092""",0.013829263,0.03225994,-0.018430678
"""CNR6194322""","""CID5911887""",-0.869134,-0.020031452,-0.84910256
"""CNR8471667""","""CID1412117""",3.7150245,-0.005414635,3.7204392
"""CNR8471819""","""CID1481661""",-0.90873796,0.022744894,-0.93148285
"""CNR8324086""","""CID7273313""",0.0,0.04135871,-0.04135871
"""CNR8898236""","""CID4917313""",-0.42853993,0.022979736,-0.45151967
"""CNR2286346""","""CID9249777""",-0.8641835,-0.001190126,-0.86299336
"""CNR8407726""","""CID5043615""",-0.53745085,-0.062221408,-0.47522944
"""CNR9742910""","""CID3939027""",0.003027254,0.022348166,-0.01932091
"""CNR2214254""","""CID8486607""",0.0,0.02250728,-0.02250728
"""CNR3606949""","""CID5325596""",1.1259155,0.051197797,1.0747178
"""CNR1339200""","""CID5816155""",0.013549859,0.026798815,-0.013248956
"""CNR1734794""","""CID1330681""",2.3783908,-0.05424449,2.4326353
"""CNR7679190""","""CID7172536""",-0.34933203,0.016471982,-0.36580402
"""CNR9642080""","""CID3876816""",-0.013278072,-0.02570054,0.012422468
"""CNR2110285""","""CID4377877""",0.012054115,-0.036897063,0.04895118
"""CNR7906433""","""CID7862444""",4.2447276,0.015634656,4.229093
"""CNR5904806""","""CID7846874""",-1.3641835,-0.020016223,-1.3441674
"""CNR6481728""","""CID7100526""",0.013549859,0.016715705,-0.0031658467
"""CNR7373736""","""CID3689345""",-2.2602232,-0.009031355,-2.2511919
"""CNR6378612""","""CID4408473""",-0.24537162,-0.036379933,-0.20899169
"""CNR4637375""","""CID7933473""",-2.057253,0.03827098,-2.0955238
"""CNR9104828""","""CID9040435""",0.95264816,0.049576133,0.903072
"""CNR9966645""","""CID7081735""",-1.2503221,-0.09128481,-1.1590374
"""CNR3081864""","""CID1711243""",2.0071037,-0.0099463165,2.01705
"""CNR2894811""","""CID4344714""",-0.42853993,-0.008294642,-0.4202453
"""CNR5186644""","""CID4283494""",-1.2206192,-0.012925714,-1.2076935
"""CNR9368111""","""CID6269666""",0.10611352,-0.010951608,0.11706513
"""CNR6025689""","""CID8921108""",-0.013278072,-0.03448519,0.02120712
"""CNR2170958""","""CID5620974""",4.640767,-0.009210765,4.6499777
"""CNR9635531""","""CID5362991""",-0.042401332,-0.030108899,-0.0122924335
"""CNR4733615""","""CID9013608""",1.0863116,-0.018523395,1.104835
"""CNR1460155""","""CID2017746""",1.3387868,0.0196324,1.3191545
"""CNR3390149""","""CID9833876""",0.013549859,-0.020276546,0.033826403
"""CNR3907930""","""CID9804761""",-0.7156687,0.056458056,-0.77212673
"""CNR5061581""","""CID6102025""",-1.1810151,0.019845843,-1.200861
"""CNR6202655""","""CID8156730""",0.67542046,-0.010860145,0.6862806
"""CNR9446280""","""CID1608144""",0.025039341,-0.010253757,0.0352931
"""CNR5475001""","""CID9284836""",0.3189848,-0.013170928,0.33215573
"""CNR5531242""","""CID8458599""",1.8486878,-0.00055998564,1.8492477
"""CNR5023781""","""CID2195829""",-0.06220331,0.04257539,-0.1047787
"""CNR4160717""","""CID9391473""",-1.5225993,-0.06288734,-1.459712
"""CNR4435714""","""CID4486908""",-1.5968568,-0.026527315,-1.5703295
"""CNR5387525""","""CID6505482""",0.0,-0.012390077,0.012390077
"""CNR8929142""","""CID8431713""",1.1803709,-0.023359567,1.2037305
"""CNR4575762""","""CID7592802""",0.013549859,0.06524712,-0.05169726
"""CNR9222476""","""CID7371819""",1.6853215,0.020279765,1.6650417
"""CNR1228761""","""CID5506878""",3.4229453,-0.0022241473,3.4251695
"""CNR5562388""","""CID4108692""",-0.72556967,0.0002760291,-0.7258457
"""CNR9951367""","""CID8728802""",0.002153125,0.0044736564,-0.0023205315
"""CNR9131578""","""CID9335332""",-1.9235895,0.027677715,-1.9512672
"""CNR2379361""","""CID3899497""",-1.5869558,0.0051482916,-1.5921041
"""CNR2794521""","""CID2271758""",1.210074,-0.09630823,1.3063822
"""CNR2368373""","""CID4523729""",-1.1909162,0.049048305,-1.2399645
"""CNR5450921""","""CID6224758""",-0.64141124,0.029500693,-0.6709119
"""CNR2429206""","""CID2193764""",0.003027254,-0.012091458,0.015118712
"""CNR7542178""","""CID7520681""",0.013829263,0.038716137,-0.024886874
"""CNR4335018""","""CID1470796""",-1.7503221,-0.026865512,-1.7234566
"""CNR9650327""","""CID8405508""",-1.6117083,-0.01613909,-1.5955691
"""CNR9517469""","""CID1784316""",0.003027254,-0.048470497,0.05149775
"""CNR2960022""","""CID6427624""",8.57641,0.030702412,8.545708
"""CNR7970075""","""CID1570796""",-1.3196291,0.009979218,-1.3296083
"""CNR4167592""","""CID3470867""",-1.0820053,-0.030361056,-1.0516442
"""CNR2285321""","""CID8283574""",0.630866,0.004226476,0.6266395
"""CNR2000383""","""CID8728644""",0.013549859,-0.004600346,0.018150205
"""CNR7791639""","""CID7610374""",0.013549859,-0.036396086,0.049945943
"""CNR8948592""","""CID5136032""",3.7793808,-0.010477662,3.7898583
"""CNR2575365""","""CID9618151""",1.2645293,0.0062110424,1.2583183
"""CNR2022356""","""CID6631212""",1.4427472,0.015642822,1.4271045
"""CNR1459954""","""CID9030630""",-0.7701241,-0.00013816357,-0.7699859
"""CNR2373536""","""CID6560014""",0.003027254,-0.018546283,0.021573538
"""CNR7143623""","""CID7269540""",2.1061134,-0.021683812,2.1277971
"""CNR1513192""","""CID8023223""",-1.1463617,0.00954622,-1.1559079
"""CNR8381836""","""CID9076097""",4.279381,-0.032253295,4.311634
"""CNR3890578""","""CID4378922""",-0.81467855,-0.0012723804,-0.81340617
"""CNR1051306""","""CID2965219""",-1.3146785,-0.056521475,-1.258157
"""CNR4527150""","""CID9242332""",-1.2998271,0.0040980577,-1.3039252
"""CNR4079096""","""CID3989291""",0.003027254,-0.009342194,0.012369447
"""CNR4859297""","""CID5373857""",-0.8542825,0.006439507,-0.860722
"""CNR2777375""","""CID6311866""",1.3140343,-0.031138837,1.3451731
"""CNR7322022""","""CID3952092""",1.7001729,0.0069190264,1.6932539
"""CNR5327043""","""CID1707141""",0.0,-0.0025920272,0.0025920272
"""CNR8930172""","""CID8352786""",-0.6117083,0.06650144,-0.6782097
"""CNR2377668""","""CID5563974""",0.013549859,0.01692915,-0.003379291
"""CNR3062740""","""CID7142565""",-0.44834194,-0.082439005,-0.36590293
"""CNR1084688""","""CID2297169""",-1.1216092,0.030211419,-1.1518207
"""CNR1819803""","""CID2677595""",0.013829263,0.039479017,-0.025649754
"""CNR2342218""","""CID1929575""",2.249678,-0.030122757,2.2798007
"""CNR8797718""","""CID8872695""",0.27443036,-0.021874547,0.2963049
"""CNR7252654""","""CID2970367""",-1.2404212,-0.011419266,-1.2290019
"""CNR7659537""","""CID8729017""",1.5071036,0.003339231,1.5037644
"""CNR3578435""","""CID3325912""",0.9031432,0.053854585,0.84928864
"""CNR4569156""","""CID3863366""",-0.30972806,-0.016878217,-0.29284984
"""CNR1688052""","""CID2035744""",0.0,-0.013710916,0.013710916
"""CNR5076746""","""CID3425911""",-2.017649,-0.026035964,-1.9916129
"""CNR7216502""","""CID9218488""",5.7942324,0.0033509135,5.7908816
"""CNR8840106""","""CID7034450""",-0.19586667,-0.026906371,-0.1689603
"""CNR8435258""","""CID3076841""",0.013829263,-0.06323159,0.07706085
"""CNR6675334""","""CID5132722""",-0.26022312,-0.02435723,-0.23586589
"""CNR5775922""","""CID9061163""",0.025039341,-0.025932968,0.05097231
"""CNR4424909""","""CID7049443""",-0.01214276,-0.034323186,0.022180427
"""CNR9902573""","""CID1067739""",-2.2354705,0.00352481,-2.2389953
"""CNR4312342""","""CID1993708""",0.9823511,-0.0051062703,0.9874574
"""CNR8356392""","""CID2764327""",-1.0275499,-0.05511707,-0.9724328
"""CNR7143573""","""CID1356559""",0.0,-0.030189097,0.030189097
"""CNR1016723""","""CID3166161""",0.0,0.030304193,-0.030304193
"""CNR4362154""","""CID6256909""",0.003027254,-0.028769195,0.031796448
"""CNR6603922""","""CID5033409""",-0.013278072,-0.0042476654,-0.009030406
"""CNR5618178""","""CID9539151""",0.003027254,0.01812017,-0.015092916
"""CNR9951022""","""CID3730227""",-0.037450835,0.04177487,-0.079225704
"""CNR7916850""","""CID3957127""",-2.0424013,-0.03894186,-2.0034595
"""CNR3240865""","""CID6181887""",0.021955105,-0.0674724,0.0894275
"""CNR7944599""","""CID8974990""",3.2942324,-0.00068584085,3.2949183
"""CNR9260971""","""CID9867537""",2.259579,0.018566757,2.241012
"""CNR6924484""","""CID1494140""",-0.7998271,-0.01564911,-0.784178
"""CNR7234323""","""CID3688874""",-0.24042113,-0.02415806,-0.21626307
"""CNR9069382""","""CID5360860""",-1.3542825,0.036085486,-1.390368
"""CNR8740081""","""CID1090681""",0.9674997,-0.047162294,1.014662
"""CNR5170712""","""CID3602117""",2.3981926,0.06424922,2.3339434
"""CNR9541020""","""CID1479722""",0.003027254,0.027387261,-0.024360007
"""CNR9359209""","""CID3236059""",2.6853213,0.04066214,2.6446593
"""CNR1482961""","""CID9235227""",1.4575987,0.007181406,1.4504173
"""CNR6160231""","""CID7485865""",0.003027254,-0.024972081,0.027999336
"""CNR6422108""","""CID2887009""",-0.88398546,-0.016538084,-0.8674474
"""CNR7062989""","""CID1140600""",-0.5869558,0.013732761,-0.6006886
"""CNR2479171""","""CID9755877""",1.9526482,0.010149837,1.9424983
"""CNR2786913""","""CID2441330""",1.7942324,-0.042175233,1.8364077
"""CNR2814873""","""CID4816624""",0.0,0.0075674057,-0.0075674057
"""CNR4229890""","""CID8243992""",1.8882917,0.06718159,1.8211101
"""CNR3562829""","""CID7470101""",0.14571749,-0.023287296,0.16900478
"""CNR5069046""","""CID3005329""",0.0,0.009461701,-0.009461701
"""CNR9196164""","""CID9024601""",-0.1711142,-0.06467581,-0.1064384
"""CNR7560986""","""CID2043285""",0.003027254,0.012527585,-0.009500331
"""CNR5973613""","""CID5207708""",-0.32953003,-0.027755529,-0.3017745
"""CNR6183166""","""CID1216641""",-0.39883697,-0.092475295,-0.30636168
"""CNR7215922""","""CID7610295""",2.07146,0.015650809,2.0558093
"""CNR9297270""","""CID2438002""",0.003027254,-0.0061342716,0.009161525
"""CNR7442708""","""CID7020163""",1.07146,0.01509577,1.0563643
"""CNR7618405""","""CID9974175""",-1.4136884,-0.0135746,-1.4001138
"""CNR2422237""","""CID7833520""",-0.23052014,-0.011722028,-0.21879812
"""CNR5435967""","""CID4679056""",-1.9780449,-0.051680237,-1.9263647
"""CNR1728893""","""CID2930359""",-0.71071815,0.0064481497,-0.7171663
"""CNR4897115""","""CID5488052""",-0.9879459,-0.014007121,-0.9739388
"""CNR8491168""","""CID9598743""",0.0,0.050539672,-0.050539672
"""CNR8764242""","""CID6691716""",0.66056895,-0.017791092,0.67836004
"""CNR6368602""","""CID8972052""",-1.2206192,-0.0007288456,-1.2198904
"""CNR4516076""","""CID4955529""",-0.6562627,-0.009068072,-0.6471946
"""CNR7277250""","""CID8956607""",1.630866,-0.0019825995,1.6328486
"""CNR9381708""","""CID7715119""",-0.8344805,-0.010621518,-0.823859
"""CNR4196987""","""CID4106675""",-0.78002506,-0.007760644,-0.7722644
"""CNR2972763""","""CID4100766""",0.025039341,-0.012351364,0.037390705
"""CNR6435593""","""CID9194572""",0.0269056,0.03473127,-0.007825669
"""CNR8847684""","""CID6178469""",-0.18596569,-0.034303427,-0.15166226
"""CNR9814439""","""CID8358674""",-0.7701241,0.04527521,-0.8153993
"""CNR9159165""","""CID6339092""",-0.013278072,-0.020902514,0.0076244427
"""CNR5085917""","""CID1123978""",1.2546284,0.053130627,1.2014978
"""CNR3735426""","""CID9340990""",-1.5027974,0.012945414,-1.5157428
"""CNR2667785""","""CID3953450""",2.2645295,-0.041389883,2.3059194
"""CNR3060367""","""CID9672167""",-1.859233,-0.022519767,-1.8367133
"""CNR5658075""","""CID7577917""",-0.5770548,0.041160524,-0.6182153
"""CNR2993413""","""CID7527403""",-1.3839855,-0.05104977,-1.3329358
"""CNR4046324""","""CID3573383""",0.0,0.07770431,-0.07770431
"""CNR9943791""","""CID7596897""",-0.007747865,0.013229251,-0.020977115
"""CNR1675599""","""CID9232923""",0.0,-0.0073310137,0.0073310137
"""CNR8161740""","""CID1090339""",0.65066797,0.05724919,0.5934188
"""CNR2512976""","""CID1376896""",0.025039341,0.06528318,-0.040243838
"""CNR6110095""","""CID9540348""",0.45759866,0.025256157,0.4323425
"""CNR1957227""","""CID6548884""",0.0,0.016704768,-0.016704768
"""CNR9027820""","""CID9548376""",0.0,0.04803273,-0.04803273
"""CNR2571346""","""CID6558264""",0.025039341,-0.011676282,0.036715623
"""CNR9907866""","""CID6426771""",-2.1562626,-0.01759994,-2.1386628
"""CNR2843858""","""CID8428571""",0.39324224,0.019423187,0.37381905
"""CNR6263304""","""CID2893690""",0.0,-0.044294864,0.044294864
"""CNR2147134""","""CID6033531""",0.025039341,-0.0015262961,0.026565637
"""CNR8771045""","""CID3061856""",0.0,0.04663232,-0.04663232
"""CNR7646492""","""CID2376898""",-0.013278072,0.026210666,-0.039488737
"""CNR6813421""","""CID3763730""",-0.01214276,-0.024107695,0.011964935
"""CNR6478271""","""CID2181983""",-2.151312,0.008710027,-2.1600223
"""CNR6645596""","""CID2306632""",-0.01214276,0.051787257,-0.06393002
"""CNR2161076""","""CID1032338""",-1.3839855,0.044566453,-1.4285519
"""CNR1266070""","""CID7643677""",0.0,0.01359573,-0.01359573
"""CNR9248866""","""CID6115058""",-0.43349043,0.021367937,-0.45485836
"""CNR7935656""","""CID9594203""",-1.3938864,0.010430515,-1.4043169
"""CNR3457495""","""CID7179172""",-0.09190628,-0.013253927,-0.07865235
"""CNR7212312""","""CID5041690""",0.003027254,-0.027035773,0.030063028
"""CNR9401334""","""CID9604911""",-0.7602231,0.029258907,-0.789482
"""CNR9164010""","""CID9530430""",0.025039341,-0.02153778,0.046577122
"""CNR6460618""","""CID7425404""",0.013829263,-0.0030154586,0.016844722
"""CNR2534654""","""CID9470718""",-0.54735184,-0.033353537,-0.51399827
"""CNR4239952""","""CID3309768""",1.710074,-0.028243303,1.7383173
"""CNR3661826""","""CID3463763""",1.551658,0.03569603,1.515962
"""CNR7149749""","""CID7641001""",-0.8740845,-0.051628053,-0.8224564
"""CNR5963583""","""CID1019783""",-1.8344805,0.031841516,-1.866322
"""CNR6231834""","""CID9077325""",2.3932421,-0.035105437,2.4283476
"""CNR5090143""","""CID5060726""",3.7744303,0.03995937,3.7344708
"""CNR5876494""","""CID8715174""",-1.1117083,-0.004267961,-1.1074404
"""CNR5267721""","""CID2935779""",-0.20081717,-0.018305004,-0.18251216
"""CNR2301524""","""CID7768083""",-0.9978469,-0.024929762,-0.97291714
"""CNR4872171""","""CID8849241""",0.013829263,-0.022005618,0.03583488
"""CNR7742513""","""CID7690276""",-0.4681439,-0.017425805,-0.4507181
"""CNR9292700""","""CID4334252""",0.003027254,-0.008478582,0.011505836
"""CNR4368329""","""CID9253809""",-1.3938864,-0.014175594,-1.3797109
"""CNR6517262""","""CID9267926""",0.0,0.010901868,-0.010901868
"""CNR7267785""","""CID5989084""",0.0,-0.012232989,0.012232989
"""CNR2866111""","""CID4068195""",0.003027254,0.03946188,-0.036434628
"""CNR5525589""","""CID4794930""",-1.2305201,-0.04750997,-1.1830101
"""CNR5056246""","""CID8759284""",1.2942324,0.050625175,1.2436072
"""CNR7184957""","""CID2150073""",0.013549859,-0.015002191,0.02855205
"""CNR8819886""","""CID8163578""",-2.1216092,-0.005388856,-2.1162205
"""CNR5105776""","""CID5047711""",0.003027254,0.005942583,-0.002915329
"""CNR9546446""","""CID2822118""",-0.9582429,-0.047885,-0.9103579
"""CNR2058430""","""CID2988139""",-1.9433914,0.04089582,-1.9842873
"""CNR2856797""","""CID5247325""",0.013549859,0.01867193,-0.005122071
"""CNR2649889""","""CID6028178""",-0.18596569,-0.016152918,-0.16981277
"""CNR7053642""","""CID9135792""",1.9972026,0.09191382,1.9052888
"""CNR5249406""","""CID9159385""",0.013829263,-0.03134048,0.04516974
"""CNR2903982""","""CID8639437""",0.025039341,-0.01782018,0.04285952
"""CNR1697646""","""CID8794280""",-2.0027974,-0.005967617,-1.9968297
"""CNR6253099""","""CID6193753""",0.013549859,-0.015134424,0.028684283
"""CNR5853487""","""CID1071256""",-0.5572528,0.06679624,-0.62404907
"""CNR5722444""","""CID6486840""",-1.6760647,0.0070982277,-1.6831629
"""CNR3745030""","""CID5540485""",0.0,0.07256067,-0.07256067
"""CNR7732578""","""CID9845372""",1.2694799,0.00085914135,1.2686207
"""CNR6801957""","""CID8317253""",0.003027254,-0.04177162,0.044798873
"""CNR3504503""","""CID7320124""",0.013829263,-0.0145820975,0.02841136
"""CNR7384260""","""CID3683297""",0.025039341,0.046956062,-0.021916721
"""CNR5217075""","""CID4257837""",0.0,-0.030615896,0.030615896
"""CNR5785463""","""CID8295105""",-0.2800251,-0.028225064,-0.25180003
"""CNR1154625""","""CID4666728""",0.003027254,-0.026210845,0.0292381
"""CNR4026799""","""CID9178093""",-0.067153804,0.02393198,-0.091085784
"""CNR2045773""","""CID8002150""",0.47740066,0.05753985,0.4198608
"""CNR3679970""","""CID2927799""",-2.2354705,0.038430005,-2.2739005
"""CNR5113005""","""CID6462228""",1.3437372,0.004074961,1.3396623
"""CNR2137304""","""CID6853358""",0.0,0.0251863,-0.0251863
"""CNR2494213""","""CID8464577""",-1.2602232,-0.008278251,-1.2519449
"""CNR1845053""","""CID5028099""",0.15066798,-0.032447338,0.18311532
"""CNR1890426""","""CID9645783""",0.0,0.022346675,-0.022346675
"""CNR6737367""","""CID2358938""",-2.250322,0.0014682114,-2.2517903
"""CNR5875179""","""CID1949856""",-0.5869558,0.010798633,-0.5977544
"""CNR2020349""","""CID6194567""",0.025039341,-0.01504612,0.04008546
"""CNR6811806""","""CID6473291""",-0.013278072,0.061275065,-0.07455314
"""CNR5755672""","""CID4188538""",0.013829263,0.08854222,-0.07471296
"""CNR3526591""","""CID9722328""",-0.5770548,0.041563034,-0.61861783
"""CNR8987739""","""CID7872788""",-0.01214276,0.07560599,-0.08774875
"""CNR3515138""","""CID7720106""",-0.9582429,0.023160338,-0.98140323
"""CNR8051762""","""CID9038512""",0.013829263,0.017836094,-0.004006831
"""CNR7099173""","""CID1267343""",-0.6364607,0.07687104,-0.71333176
"""CNR7767439""","""CID7653429""",-1.2107182,-0.009412825,-1.2013054
"""CNR8432380""","""CID4308139""",0.003027254,0.011156112,-0.008128858
"""CNR7862052""","""CID2604706""",-1.4334904,-0.035021067,-1.3984693
"""CNR7918322""","""CID3418604""",-1.1018072,-0.013112426,-1.0886948
"""CNR1419143""","""CID6074631""",-2.1909163,0.0594562,-2.2503724
"""CNR4817467""","""CID5220941""",-0.20081717,0.0045514703,-0.20536864
"""CNR1336008""","""CID1567653""",0.061559066,-0.030436784,0.09199585
"""CNR3716428""","""CID3745395""",-0.32457954,-0.0055823624,-0.31899717
"""CNR2995581""","""CID8356448""",4.081361,-0.021229148,4.10259
"""CNR3587930""","""CID7018855""",2.6061134,0.01481545,2.591298
"""CNR6596052""","""CID3016006""",-0.5325003,0.02099371,-0.55349404
"""CNR4146533""","""CID3151477""",-0.007747865,0.0043563545,-0.012104219
"""CNR6769819""","""CID7924697""",1.630866,-0.03534025,1.6662064
"""CNR2938148""","""CID5313905""",-1.4829954,-0.09120232,-1.391793
"""CNR3991259""","""CID7276057""",0.29918283,-0.06947592,0.36865875
"""CNR1818059""","""CID5415380""",-0.2849756,0.05932367,-0.34429926
"""CNR3468459""","""CID2057462""",0.025039341,0.015804201,0.00923514
"""CNR6289715""","""CID7209264""",1.1952224,-0.0020756423,1.197298
"""CNR8835468""","""CID8504415""",-1.8344805,0.034084857,-1.8685653
"""CNR6538041""","""CID3967986""",-1.2800251,-0.04565835,-1.2343668
"""CNR1726103""","""CID1128473""",-2.1760647,0.07597816,-2.2520428
"""CNR6929110""","""CID9371824""",0.013829263,0.023774445,-0.009945182
"""CNR5953407""","""CID4265499""",0.061559066,-0.034613192,0.09617226
"""CNR2743506""","""CID7167014""",0.003027254,-0.008487284,0.011514538
"""CNR1827245""","""CID2678623""",0.003027254,-0.018100262,0.021127516
"""CNR1760398""","""CID6687126""",0.0,0.0624319,-0.0624319
"""CNR8010184""","""CID6651022""",-0.9879459,-0.025373548,-0.96257234
"""CNR7176183""","""CID6283315""",-1.418639,0.014190257,-1.4328291
"""CNR6959205""","""CID5896294""",-0.31962904,-0.014799565,-0.30482948
"""CNR1164928""","""CID6663991""",0.0,-0.013393015,0.013393015
"""CNR4730623""","""CID8237101""",0.013829263,0.09563762,-0.08180836
"""CNR8000413""","""CID2279825""",0.003027254,0.0056627393,-0.0026354853
"""CNR5758426""","""CID3412104""",2.219975,0.005613297,2.2143617
"""CNR2928069""","""CID5247528""",-0.24042113,-0.026190579,-0.21423055
"""CNR1909109""","""CID7595286""",0.013829263,-0.0123150945,0.026144357
"""CNR1632691""","""CID9407316""",-0.5721043,-0.05768931,-0.51441497
"""CNR2571026""","""CID8020037""",2.1259155,-0.017822444,2.143738
"""CNR2331508""","""CID8824011""",0.22987589,0.026869655,0.20300624
"""CNR9962657""","""CID8605773""",-0.1760647,-0.051645637,-0.12441906
"""CNR9920264""","""CID5294749""",-1.5770547,-0.08485931,-1.4921954
"""CNR1688606""","""CID8564037""",0.013829263,-0.003921181,0.017750444
"""CNR7314109""","""CID9123389""",-0.5919063,-0.038009584,-0.5538967
"""CNR7083158""","""CID1386793""",0.0,0.04601085,-0.04601085
"""CNR7695704""","""CID7999234""",-1.7948766,0.06809747,-1.862974
"""CNR1647293""","""CID7513234""",0.6061135,-0.0010114014,0.6071249
"""CNR7245027""","""CID7425271""",1.1803709,-0.027631879,1.2080028
"""CNR8870227""","""CID8587797""",-0.34438154,-0.036260366,-0.30812117
"""CNR6965888""","""CID7966117""",-0.869134,-0.012566984,-0.856567
"""CNR5489309""","""CID3532285""",-0.00279737,-0.057028055,0.054230686
"""CNR4411650""","""CID3289837""",-1.7354707,-0.026889384,-1.7085812
"""CNR7144238""","""CID8594091""",1.8140343,0.011726141,1.8023082
"""CNR5425777""","""CID8016474""",4.799183,0.049900234,4.749283
"""CNR9454423""","""CID2727180""",2.0962126,-0.042854518,2.1390672
"""CNR4052727""","""CID8115804""",-1.7305201,-0.013344765,-1.7171754
"""CNR9638590""","""CID6993568""",1.4427472,0.011306107,1.4314411
"""CNR3070695""","""CID6591478""",-1.1859657,0.09054744,-1.2765131
"""CNR2090972""","""CID2464929""",0.87344027,-0.066970795,0.9404111
"""CNR2332921""","""CID2309327""",0.025039341,0.054309607,-0.029270265
"""CNR3826692""","""CID7807553""",-0.72556967,0.0022351742,-0.72780484
"""CNR3244872""","""CID3121212""",-0.41368845,0.0104292035,-0.42411765
"""CNR3075873""","""CID3316038""",-1.5671538,-0.021782905,-1.5453709
"""CNR6289297""","""CID4325841""",-1.0325004,0.0060132146,-1.0385137
"""CNR4868639""","""CID3864674""",-0.9730944,0.05953294,-1.0326273
"""CNR7489919""","""CID3382641""",1.1457175,-0.017415524,1.163133
"""CNR5233692""","""CID6230923""",-1.1612132,0.04752007,-1.2087332
"""CNR1403756""","""CID3199247""",-1.0622033,0.06554413,-1.1277474
"""CNR9101668""","""CID2421714""",3.8536382,-0.002042979,3.8556812
"""CNR5998244""","""CID2753365""",-1.1265597,0.035493046,-1.1620528
"""CNR9110871""","""CID2032719""",0.0,-0.016025364,0.016025364
"""CNR9703560""","""CID3062180""",0.5863115,0.028676987,0.55763453
"""CNR3180114""","""CID7608318""",-1.8146785,0.0002773404,-1.814956
"""CNR5232940""","""CID5470649""",-0.9384409,0.004346192,-0.9427871
"""CNR8448276""","""CID1056309""",0.16551946,-0.0047077835,0.17022724
"""CNR9479890""","""CID7020618""",0.013549859,0.014573872,-0.0010240134
"""CNR6960403""","""CID6202770""",1.9873016,-0.020517498,2.0078192
"""CNR7270826""","""CID1357173""",-1.9829954,-0.04583645,-1.937159
"""CNR3837992""","""CID4623227""",1.650668,-0.047781497,1.6984495
"""CNR8209327""","""CID5204256""",0.013549859,0.105157316,-0.09160746
"""CNR2706253""","""CID6505870""",-1.4136884,0.09881377,-1.5125022
"""CNR4843888""","""CID2186304""",-1.5077479,0.028641015,-1.5363889
"""CNR3202570""","""CID3638154""",0.0,-0.03579235,0.03579235
"""CNR9309706""","""CID6701532""",-1.6364608,0.056373864,-1.6928346
"""CNR5952764""","""CID1583084""",-1.1364608,-0.056822896,-1.0796379
"""CNR1870110""","""CID4568441""",-1.6562628,0.06438044,-1.7206432
"""CNR4674092""","""CID5913731""",0.19522244,0.003053248,0.19216919
"""CNR1849907""","""CID8470203""",-1.2503221,-0.048107326,-1.2022147
"""CNR7976526""","""CID3635661""",-0.8641835,0.025667757,-0.8898512
"""CNR2305876""","""CID8982634""",-0.9483419,-0.018382192,-0.9299597
"""CNR1311676""","""CID5470616""",-0.92853993,0.06028059,-0.98882055
"""CNR4993833""","""CID9438783""",1.7694799,0.05855006,1.7109299
"""CNR3894177""","""CID1498077""",0.0,-0.045691133,0.045691133
"""CNR1233146""","""CID7504984""",0.013829263,-0.02190429,0.03573355
"""CNR5889937""","""CID2737497""",-1.349332,-0.004134983,-1.345197
"""CNR4570471""","""CID7765910""",0.601163,-0.009924412,0.61108744
"""CNR7846620""","""CID5606956""",0.0,0.04927498,-0.04927498
"""CNR4935299""","""CID4227027""",-0.34438154,-0.011128366,-0.33325318
"""CNR9431845""","""CID4509104""",-0.28992608,-0.021374136,-0.26855195
"""CNR3323732""","""CID2095935""",-1.8938864,0.013936311,-1.9078227
"""CNR7777647""","""CID6435036""",0.0,-0.021629304,0.021629304
"""CNR7481586""","""CID2028053""",2.07146,0.008008242,2.0634518
"""CNR6071214""","""CID3967521""",-1.448342,-0.040531933,-1.40781
"""CNR4985849""","""CID7834682""",0.003027254,-0.03469664,0.03772389
"""CNR8342455""","""CID7628629""",-1.2602232,0.035514742,-1.2957379
"""CNR9110934""","""CID9512985""",1.3882917,-0.043196082,1.4314878
"""CNR9259975""","""CID2451377""",0.013829263,0.033191085,-0.019361822
"""CNR8199176""","""CID5543825""",-0.013278072,0.026836187,-0.040114257
"""CNR7324614""","""CID5901327""",1.2645293,-0.009717226,1.2742466
"""CNR3241420""","""CID5060938""",0.6902719,-0.02208805,0.71235996
"""CNR6307149""","""CID4696376""",0.05660857,-0.002293229,0.058901798
"""CNR5550625""","""CID3177099""",0.013549859,-0.030234218,0.043784074
"""CNR6572672""","""CID4265311""",0.120965004,-0.12552664,0.24649164
"""CNR5887947""","""CID1490940""",-0.898837,-0.036105663,-0.86273134
"""CNR4672108""","""CID2440418""",-2.0770547,-0.0013616681,-2.0756931
"""CNR1820463""","""CID9252810""",0.003027254,-0.024959385,0.02798664
"""CNR1009735""","""CID8733446""",0.025039341,-0.0058969557,0.030936297
"""CNR8461162""","""CID8241990""",-0.047351826,-0.010941535,-0.03641029
"""CNR8008789""","""CID8770225""",1.0962125,0.017903328,1.0783092
"""CNR1816175""","""CID9039296""",0.013829263,-0.047683716,0.061512977
"""CNR4788172""","""CID4622440""",-0.40378746,0.019161463,-0.42294893
"""CNR7047496""","""CID4785602""",-0.30477756,0.0029689074,-0.30774647
"""CNR5224889""","""CID3765999""",-0.72061914,-0.0026530325,-0.7179661
"""CNR8296150""","""CID3836650""",0.0,0.056011528,-0.056011528
"""CNR7526456""","""CID3494323""",0.013549859,-0.028514504,0.04206436
"""CNR8499485""","""CID4347306""",-1.4780449,0.024273098,-1.5023179
"""CNR8187085""","""CID6966172""",-1.5671538,0.041674584,-1.6088284
"""CNR7691743""","""CID6077821""",0.6655195,-0.048087537,0.713607
"""CNR3852671""","""CID4695190""",0.013549859,6.6936016e-05,0.013482923
"""CNR3284971""","""CID9275180""",1.0170046,0.028539151,0.9884654
"""CNR2489386""","""CID7138511""",-0.23547064,0.013661563,-0.2491322
"""CNR7083838""","""CID2695550""",1.7694799,-0.019539535,1.7890193
"""CNR9062171""","""CID9019023""",0.0,0.0027400553,-0.0027400553
"""CNR4329819""","""CID4347871""",-1.3196291,-0.015916348,-1.3037127
"""CNR1716825""","""CID8496133""",-0.116658755,0.0100645125,-0.12672326
"""CNR1443473""","""CID6821466""",-0.6711142,0.05195427,-0.7230685
"""CNR5994134""","""CID5733377""",0.013829263,0.067210674,-0.053381413
"""CNR4131047""","""CID7106866""",0.013829263,0.0071596503,0.0066696126
"""CNR3772375""","""CID1656468""",-1.918639,-0.017556995,-1.9010819
"""CNR5342758""","""CID8091067""",-2.1612132,0.07346916,-2.2346823
"""CNR7351945""","""CID2207067""",-0.5176489,-0.09759307,-0.4200558
"""CNR1143012""","""CID1900249""",0.0,-0.018632084,0.018632084
"""CNR5505025""","""CID7815017""",-0.35923302,-0.05719334,-0.30203968
"""CNR7564532""","""CID2041045""",-2.1265597,0.008687377,-2.1352472
"""CNR5191091""","""CID2831445""",0.025039341,0.050154448,-0.025115106
"""CNR6008824""","""CID3741942""",-1.4730943,0.043328166,-1.5164225
"""CNR7300525""","""CID1836399""",-1.6711142,0.023679882,-1.694794
"""CNR9798011""","""CID8317478""",0.025039341,0.025119007,-7.966533e-05
"""CNR1532247""","""CID8487655""",0.003027254,0.030465007,-0.027437752
"""CNR2343957""","""CID6741093""",0.025039341,-0.03227675,0.05731609
"""CNR8868723""","""CID5327732""",1.8684897,-0.005307317,1.873797
"""CNR8313485""","""CID2083125""",0.025039341,0.11923367,-0.09419432
"""CNR8280223""","""CID6299310""",0.8288858,-0.018481493,0.8473673
"""CNR3554176""","""CID7471952""",1.5269057,-0.00035113096,1.5272567
"""CNR5717223""","""CID5351833""",-1.3245796,-0.07893562,-1.245644
"""CNR1646301""","""CID4036135""",0.013829263,-0.072898984,0.086728245
"""CNR1799290""","""CID3704866""",0.025039341,-0.025791138,0.05083048
"""CNR8358476""","""CID6211511""",-2.0473518,-0.010694683,-2.036657
"""CNR6859414""","""CID7294107""",1.4526482,0.018009901,1.4346383
"""CNR7466068""","""CID4275292""",0.08136105,-0.032688975,0.11405002
"""CNR5331068""","""CID5495877""",0.025039341,-0.05318275,0.078222096
"""CNR9712461""","""CID5290905""",-2.0869558,-0.026927918,-2.0600278
"""CNR9451917""","""CID5820208""",0.0,-0.03133306,0.03133306
"""CNR7107756""","""CID8361603""",0.061559066,-0.008933246,0.07049231
"""CNR3378856""","""CID3088997""",-0.6661637,0.071027875,-0.73719156
"""CNR9258059""","""CID6283478""",0.025039341,0.005759597,0.019279744
"""CNR4554808""","""CID8337989""",0.013829263,-0.025516748,0.03934601
"""CNR6525760""","""CID2756250""",-1.3443816,-0.076960504,-1.267421
"""CNR3848151""","""CID8457301""",0.0,0.012754083,-0.012754083
"""CNR3638389""","""CID2288469""",-1.4235895,0.011421144,-1.4350107
"""CNR2763865""","""CID3450444""",3.160569,-0.021827102,3.182396
"""CNR7648344""","""CID9652946""",0.0,0.015295625,-0.015295625
"""CNR2877945""","""CID4222746""",0.3239353,0.042014956,0.28192034
"""CNR7716968""","""CID6510968""",0.0,-0.029802233,0.029802233
"""CNR2289503""","""CID8981415""",0.013829263,-0.06721741,0.08104667
"""CNR8628770""","""CID2607479""",-0.013278072,0.01063329,-0.02391136
"""CNR3409491""","""CID8133629""",-0.013278072,-0.02962038,0.016342308
"""CNR7288421""","""CID7735333""",0.025039341,0.048837632,-0.02379829
"""CNR6236920""","""CID3658256""",-0.116658755,0.0062850416,-0.122943796
"""CNR4701248""","""CID4615604""",0.67542046,0.06464672,0.61077374
"""CNR9132068""","""CID7949172""",-1.2998271,0.04520601,-1.3450332
"""CNR2116227""","""CID1634980""",-0.6562627,0.018106282,-0.674369
"""CNR7876259""","""CID7120538""",-1.7453716,-0.010577679,-1.7347939
"""CNR3521325""","""CID4136749""",-1.1661637,-0.07764301,-1.0885206
"""CNR3128469""","""CID6481002""",-2.2305202,-0.007436633,-2.2230835
"""CNR9703477""","""CID2168378""",-1.8047776,0.04209158,-1.8468692
"""CNR2701561""","""CID8217980""",0.5863115,-0.100422114,0.6867336
"""CNR3063572""","""CID2364593""",0.076410554,0.0046318173,0.07177874
"""CNR9119845""","""CID3281080""",-1.5523024,-0.030740619,-1.5215617
"""CNR2302435""","""CID6184227""",0.003027254,-0.015430927,0.018458182
"""CNR2680421""","""CID6008123""",-2.0325003,-0.07382512,-1.9586751
"""CNR6565330""","""CID1156379""",0.003027254,-0.0069829226,0.010010176
"""CNR1813408""","""CID4188034""",-0.2849756,-0.008859038,-0.27611655
"""CNR7253704""","""CID5210258""",-1.4879459,-0.008795381,-1.4791505
"""CNR9895064""","""CID3348151""",4.4922523,0.04438606,4.4478664
"""CNR5108978""","""CID2862529""",-1.6463617,0.001619339,-1.647981
"""CNR9054631""","""CID3235087""",-1.6463617,-0.032269835,-1.6140919
"""CNR7517580""","""CID4348881""",0.0,-0.036009043,0.036009043
"""CNR3896089""","""CID1726082""",-0.68596566,-0.00750196,-0.6784637
"""CNR5744578""","""CID4679290""",-0.43349043,0.021508574,-0.454999
"""CNR6304645""","""CID8878002""",0.025039341,-0.013477743,0.038517084
"""CNR8337431""","""CID5686037""",-0.21071815,0.014755368,-0.22547352
"""CNR3434720""","""CID5097839""",-1.6859657,0.021942437,-1.7079082
"""CNR4818340""","""CID6456963""",-2.1463618,0.01712659,-2.1634884
"""CNR5593922""","""CID3157508""",-1.5523024,0.02138865,-1.573691
"""CNR1302061""","""CID3690930""",-0.013278072,0.0077648163,-0.021042887
"""CNR9697935""","""CID8360534""",-0.7899261,-0.009222686,-0.7807034
"""CNR3320013""","""CID6186222""",-1.4928964,-0.04806891,-1.4448276
"""CNR8331403""","""CID4883609""",1.5467076,-0.06502414,1.6117318
"""CNR8198530""","""CID1945017""",-1.448342,-0.010117412,-1.4382246
"""CNR9568124""","""CID9012200""",-1.6414112,0.02992478,-1.6713359
"""CNR1157135""","""CID9732879""",-1.1414112,0.02438593,-1.1657971
"""CNR2969432""","""CID3422563""",-1.8196291,0.05525267,-1.8748817
"""CNR9332013""","""CID3621288""",-0.82953006,0.013026178,-0.84255624
"""CNR6061839""","""CID5313104""",0.013549859,0.015944779,-0.0023949202
"""CNR9783410""","""CID8593239""",-2.151312,-0.040673226,-2.1106389
"""CNR4822305""","""CID4065775""",0.0,-0.023296177,0.023296177
"""CNR7046047""","""CID2788242""",0.013829263,-0.01534915,0.029178413
"""CNR6611532""","""CID6920921""",-0.23052014,0.019255966,-0.24977611
"""CNR8527265""","""CID4421589""",-1.8344805,-0.0043800473,-1.8301005
"""CNR8096878""","""CID2345920""",2.57146,0.0016860962,2.569774
"""CNR2565020""","""CID5647631""",0.0,-0.042224646,0.042224646
"""CNR5046142""","""CID7846605""",-0.63151026,-0.012003809,-0.6195065
"""CNR3349418""","""CID1938710""",3.630866,-0.037994623,3.6688607
"""CNR6761357""","""CID5365960""",-0.43349043,0.049411178,-0.4829016
"""CNR9814666""","""CID2749443""",-1.8641835,0.032971323,-1.8971548
"""CNR8397989""","""CID8561498""",-1.1463617,0.06237775,-1.2087395
"""CNR6368635""","""CID7358629""",2.2942324,-0.022677392,2.3169098
"""CNR2863850""","""CID8675433""",-0.24042113,0.046070397,-0.2864915
"""CNR1030425""","""CID9829887""",0.013829263,-0.011534691,0.025363954
"""CNR9380234""","""CID6290849""",-1.1958667,0.009362459,-1.2052292
"""CNR4338262""","""CID2726397""",-0.03250034,0.038342416,-0.07084276
"""CNR7870559""","""CID4407265""",-1.6315103,0.07046121,-1.7019715
"""CNR4542380""","""CID9235061""",-0.6562627,0.08075428,-0.737017
"""CNR3895552""","""CID6440377""",1.4922521,-0.017549098,1.5098011
"""CNR1147368""","""CID9858993""",0.025039341,-0.048299134,0.07333848
"""CNR1350186""","""CID5136297""",0.5269056,0.022103399,0.5048022
"""CNR5542663""","""CID3337939""",-1.0126984,0.02118072,-1.0338792
"""CNR1371193""","""CID5222626""",0.013549859,0.024747312,-0.011197453
"""CNR2432655""","""CID3758494""",-0.8740845,-0.037059307,-0.83702517
"""CNR9456089""","""CID6406974""",0.6358165,-0.063260406,0.6990769
"""CNR6369784""","""CID5659417""",1.6457175,0.029848814,1.6158687
"""CNR6585013""","""CID7580496""",0.025039341,0.018971145,0.006068196
"""CNR6025905""","""CID2124790""",0.003027254,0.047415346,-0.044388093
"""CNR9547009""","""CID3554322""",0.013829263,-0.0139734745,0.027802737
"""CNR6601742""","""CID2335211""",-1.1760647,0.02053368,-1.1965984
"""CNR6702988""","""CID9905731""",-0.8641835,-0.086086154,-0.77809733
"""CNR3576982""","""CID1751782""",1.9625492,0.02320826,1.939341
"""CNR8310666""","""CID9355007""",-1.6612132,0.013142228,-1.6743554
"""CNR6605761""","""CID7298031""",0.013829263,0.03388685,-0.020057587
"""CNR2912216""","""CID6909082""",2.3536382,0.029627264,2.3240108
"""CNR6122186""","""CID3949844""",0.4328462,0.0028161407,0.43003005
"""CNR7617151""","""CID4897465""",0.013829263,0.038316727,-0.024487464
"""CNR6859505""","""CID4372205""",-2.1958666,0.024703473,-2.22057
"""CNR6348169""","""CID3917547""",-1.359233,-0.030610621,-1.3286223
"""CNR1964371""","""CID5498468""",0.013549859,0.007160008,0.0063898508
"""CNR5257053""","""CID6527305""",-1.918639,0.031609297,-1.9502482
"""CNR8830371""","""CID6499612""",-0.013278072,0.06832194,-0.08160002
"""CNR6979492""","""CID1704788""",-1.5919063,-0.021181732,-1.5707246
"""CNR5177626""","""CID1285443""",2.2892818,-0.044076025,2.3333578
"""CNR8163658""","""CID9542689""",5.219975,-0.045882225,5.265857
"""CNR4065937""","""CID7441352""",-0.888936,0.06022501,-0.949161
"""CNR8330512""","""CID2773786""",-1.3196291,0.01665628,-1.3362854
"""CNR8116542""","""CID1711159""",-1.9136884,-0.0023578703,-1.9113306
"""CNR6893549""","""CID8476101""",-1.4433914,-0.031885862,-1.4115056
"""CNR7329923""","""CID6785564""",1.2546284,0.050233006,1.2043954
"""CNR3166575""","""CID3702837""",0.18037094,-0.068903536,0.24927448
"""CNR5251048""","""CID8818243""",-0.61665875,-0.02731949,-0.58933926
"""CNR1488380""","""CID2035334""",-0.037450835,-0.008861542,-0.028589293
"""CNR4204551""","""CID1691261""",1.9575987,0.016506255,1.9410925
"""CNR5885255""","""CID1923265""",0.0,-0.003479153,0.003479153
"""CNR4198237""","""CID5249226""",-1.2057676,0.057210207,-1.2629778
"""CNR5401441""","""CID6325658""",1.9724501,0.014101982,1.9583482
"""CNR6553673""","""CID9654665""",-0.72556967,-0.050409675,-0.67516
"""CNR8539581""","""CID5529963""",0.013549859,-0.02290219,0.036452048
"""CNR9801175""","""CID5405749""",-1.4433914,0.06747782,-1.5108693
"""CNR1295076""","""CID6314666""",0.0,0.07989138,-0.07989138
"""CNR6170532""","""CID8781910""",-1.7503221,-0.028913915,-1.7214081
"""CNR9541429""","""CID2350529""",0.003027254,0.01567629,-0.012649036
"""CNR5863334""","""CID8397017""",1.8437372,-0.045927823,1.8896651
"""CNR5826012""","""CID2367476""",0.025039341,0.039408624,-0.014369283
"""CNR7282361""","""CID3781034""",1.8833412,-0.009650826,1.892992
"""CNR7487948""","""CID9755383""",-1.7107182,0.0011228919,-1.7118411
"""CNR4503237""","""CID9976382""",-0.62655973,-0.010485768,-0.61607397
"""CNR9445853""","""CID9927858""",0.0,-0.007765621,0.007765621
"""CNR8120915""","""CID4318341""",0.003027254,-0.014793515,0.01782077
"""CNR1740722""","""CID8626763""",-1.2849755,-0.07895666,-1.2060189
"""CNR9801863""","""CID3739314""",-1.3443816,0.022624314,-1.3670058
"""CNR8545887""","""CID1826264""",1.630866,0.02420342,1.6066626
"""CNR3961970""","""CID8107183""",-0.02259935,0.02618879,-0.04878814
"""CNR3987612""","""CID7839860""",0.013829263,-0.01918146,0.03301072
"""CNR5676055""","""CID1434622""",-1.1315103,0.08295739,-1.2144676
"""CNR6841802""","""CID1125833""",-0.4780449,0.02376771,-0.5018126
"""CNR4936510""","""CID8407138""",0.6803709,-0.03238827,0.7127592
"""CNR9148180""","""CID2911050""",-0.042401332,-0.05896321,0.016561877
"""CNR3920210""","""CID6193635""",0.003027254,-0.039105237,0.04213249
"""CNR8423860""","""CID4425975""",-0.013278072,-0.02324909,0.009971018
"""CNR4282459""","""CID7983302""",-1.4978468,0.007182479,-1.5050293
"""CNR6137467""","""CID8636326""",1.0962125,-0.010536611,1.106749
"""CNR7066877""","""CID5398467""",0.003027254,0.019611359,-0.016584104
"""CNR7664029""","""CID7026270""",0.0,0.012725115,-0.012725115
"""CNR4623426""","""CID1391313""",1.9526482,-0.041169465,1.9938176
"""CNR3548921""","""CID3214561""",0.0,-0.0018596053,0.0018596053
"""CNR9748159""","""CID6456155""",-1.0473518,-0.016830206,-1.0305216
"""CNR3541291""","""CID2808747""",16.27938,0.016930372,16.262451
"""CNR1532350""","""CID2547026""",0.13086599,0.05067998,0.08018601
"""CNR9347753""","""CID2122832""",-1.1562628,0.050499737,-1.2067626
"""CNR7714095""","""CID7532444""",0.0,-0.050519466,0.050519466
"""CNR5072676""","""CID6642270""",-0.7305201,-0.039776027,-0.6907441
"""CNR7274749""","""CID8973868""",-1.2701241,0.022015452,-1.2921395
"""CNR7494228""","""CID8350685""",0.013549859,-0.007937551,0.02148741
"""CNR6014687""","""CID6324135""",-1.8740845,-0.071878195,-1.8022063
"""CNR9544488""","""CID1690810""",2.249678,-0.02358222,2.27326
"""CNR1758096""","""CID4950543""",-2.1463618,-0.002968669,-2.143393
"""CNR4351243""","""CID5560636""",2.1655195,0.049126744,2.1163926
"""CNR9799430""","""CID4305483""",-0.879035,0.038000107,-0.9170351
"""CNR7346835""","""CID7057520""",-0.01214276,-0.0084943175,-0.0036484422
"""CNR4489756""","""CID6968787""",1.2199749,0.0006572604,1.2193177
"""CNR3165598""","""CID5047095""",1.1259155,0.04564476,1.0802708
"""CNR4829706""","""CID1333027""",0.013549859,-0.0013883114,0.01493817
"""CNR2371147""","""CID2974802""",-0.09190628,-0.010014862,-0.08189142
"""CNR7563784""","""CID8639570""",0.003027254,-0.034515977,0.03754323
"""CNR1521489""","""CID4333980""",-0.013278072,0.010672092,-0.023950163
"""CNR6487146""","""CID4796396""",0.013549859,-0.02248478,0.036034636
"""CNR6900866""","""CID7784585""",0.025039341,0.014737964,0.010301378
"""CNR4726358""","""CID8366893""",0.013829263,0.0010140538,0.012815209
"""CNR8379605""","""CID8732612""",0.025039341,0.013720512,0.011318829
"""CNR6845555""","""CID3662909""",-2.240421,-0.018792927,-2.2216282
"""CNR9027659""","""CID4370143""",0.6061135,-0.03515494,0.64126843
"""CNR1927314""","""CID9752944""",0.013829263,-0.013515711,0.027344974
"""CNR5751945""","""CID2175460""",2.1358166,0.0490942,2.0867224
"""CNR6253864""","""CID2136018""",0.025039341,-0.00751698,0.03255632
"""CNR9078625""","""CID9680615""",0.025039341,0.031867325,-0.006827984
"""CNR2453476""","""CID2694437""",-0.73547065,0.0845027,-0.81997335
"""CNR8006909""","""CID3941153""",-0.9928964,-0.016197205,-0.9766992
"""CNR2304124""","""CID5558093""",-1.5721043,0.03561449,-1.6077188
"""CNR2760480""","""CID5578937""",8.309084,0.071142316,8.237942
"""CNR7847227""","""CID2427820""",-1.3047776,0.003227234,-1.3080049
"""CNR5932044""","""CID3531170""",-1.0968568,-0.00791049,-1.0889463
"""CNR6462984""","""CID6682440""",0.0,-0.0043867826,0.0043867826
"""CNR1630005""","""CID8668986""",0.140767,-0.005846828,0.14661382
"""CNR7646746""","""CID5416473""",-1.888936,0.041418374,-1.9303544
"""CNR7824326""","""CID8328979""",2.1160145,0.038101107,2.0779133
"""CNR7295420""","""CID8751546""",-1.6364608,0.04041463,-1.6768754
"""CNR6943874""","""CID9001720""",-1.7948766,-0.009468257,-1.7854083
"""CNR3879041""","""CID9800139""",-0.18596569,-0.0059265196,-0.18003917
"""CNR2497989""","""CID5007066""",0.0,-0.007679254,0.007679254
"""CNR9147114""","""CID1620825""",-0.9631934,-0.024999619,-0.9381938
"""CNR3456832""","""CID6198263""",-1.4235895,-0.004021704,-1.4195678
"""CNR2106625""","""CID8232916""",-0.14141123,-0.008957565,-0.13245367
"""CNR3878949""","""CID2573216""",0.7595789,-0.07398409,0.83356297
"""CNR1715323""","""CID3143129""",-1.0523024,-0.029133856,-1.0231686
"""CNR6910541""","""CID3659686""",0.01700461,0.01456207,0.0024425387
"""CNR9112493""","""CID1112375""",0.0,-0.021976918,0.021976918
"""CNR3316687""","""CID2986818""",0.7447274,-0.019760251,0.7644876
"""CNR6422650""","""CID5110272""",0.025039341,-0.019240737,0.04428008
"""CNR1401147""","""CID8073095""",-0.4780449,0.016634911,-0.4946798
"""CNR9576980""","""CID9114678""",-1.1414112,0.055129588,-1.1965408
"""CNR2731310""","""CID9076947""",11.86354,0.0074790716,11.856061
"""CNR3009308""","""CID4665601""",0.025039341,-0.019190311,0.044229653
"""CNR8741273""","""CID1691208""",3.442747,-0.0527218,3.4954689
"""CNR2224117""","""CID3085493""",0.025039341,0.01491949,0.010119852
"""CNR7036975""","""CID7313882""",0.003027254,-0.020365685,0.02339294
"""CNR1794405""","""CID9688000""",0.0,0.06020859,-0.06020859
"""CNR4971588""","""CID3586424""",-1.6810151,-0.014754057,-1.6662611
"""CNR5258697""","""CID3381582""",-0.013278072,0.0048475266,-0.018125597
"""CNR6277062""","""CID2031895""",0.013829263,0.06764501,-0.053815752
"""CNR6702224""","""CID6631018""",0.013549859,-0.010467768,0.024017626
"""CNR6480886""","""CID9863163""",-0.72556967,-0.0005277395,-0.7250419
"""CNR3709326""","""CID6878754""",1.650668,-0.11508754,1.7657555
"""CNR4006086""","""CID8768104""",-0.30477756,-0.031871974,-0.2729056
"""CNR1180228""","""CID6190756""",0.025039341,-0.004373044,0.029412385
"""CNR8538606""","""CID1047473""",-2.2305202,-0.046780467,-2.1837397
"""CNR3968959""","""CID6811891""",-0.93349046,-0.008981049,-0.9245094
"""CNR2311625""","""CID1610194""",0.640767,-0.067882985,0.70865
"""CNR7675438""","""CID1466488""",0.013829263,0.052155674,-0.038326412
"""CNR7512999""","""CID4942266""",0.0,0.07477957,-0.07477957
"""CNR3201944""","""CID2907249""",0.041757084,0.01461035,0.027146734
"""CNR3759493""","""CID2725067""",-0.45329243,0.080308676,-0.5336011
"""CNR1817374""","""CID8455961""",2.620965,-0.027554005,2.648519
"""CNR5737155""","""CID8713652""",0.4278957,-0.031250328,0.45914602
"""CNR9833468""","""CID2493170""",-1.5820053,-0.046784937,-1.5352204
"""CNR4809121""","""CID1564175""",-0.65131223,0.00984478,-0.661157
"""CNR5877874""","""CID7539696""",1.8239353,-0.0013977289,1.825333
"""CNR1464111""","""CID1168333""",-0.30972806,0.034555018,-0.34428307
"""CNR5401029""","""CID2770147""",2.1457174,0.016244948,2.1294725
"""CNR5742890""","""CID2433308""",3.8536382,0.0020920634,3.851546
"""CNR1491606""","""CID1847479""",0.025039341,0.01569131,0.009348031
"""CNR3964252""","""CID4244570""",2.4328463,-0.037459433,2.4703057
"""CNR4294592""","""CID6645571""",2.1952224,-0.024524927,2.2197473
"""CNR6085124""","""CID9941284""",0.025039341,0.0084554255,0.016583916
"""CNR1439188""","""CID8313657""",-1.3344805,-0.04344508,-1.2910354
"""CNR8791723""","""CID2693203""",0.013829263,-0.0296368,0.04346606
"""CNR3965520""","""CID8703941""",-1.0027974,-0.008322686,-0.99447465
"""CNR6865607""","""CID5429366""",0.003027254,0.006604135,-0.003576881
"""CNR3385832""","""CID1289335""",1.8882917,0.0031358004,1.8851559
"""CNR2909003""","""CID3386270""",0.0,0.026525587,-0.026525587
"""CNR3960849""","""CID9765387""",3.8140342,-0.0008196831,3.814854
"""CNR1871885""","""CID8458308""",1.0467076,-0.0010102391,1.0477178
"""CNR8889729""","""CID5636227""",0.0,0.004239738,-0.004239738
"""CNR2655355""","""CID8201230""",-0.20081717,0.028237224,-0.22905439
"""CNR6117456""","""CID6895882""",0.84868777,0.002933085,0.8457547
"""CNR7896115""","""CID1453218""",0.0,0.023941904,-0.023941904
"""CNR7481414""","""CID3961504""",-0.6612132,-0.06265992,-0.5985533
"""CNR4843757""","""CID1389951""",2.0566087,-0.020218313,2.076827
"""CNR7761881""","""CID3128016""",0.025039341,0.04996133,-0.024921987
"""CNR9624565""","""CID9791214""",-0.25032213,0.034502625,-0.28482476
"""CNR2158228""","""CID6875445""",0.5467076,-0.067147315,0.6138549
"""CNR7449593""","""CID3218810""",0.30908382,0.14009035,0.16899347
"""CNR1846048""","""CID9901327""",0.013829263,-0.051877856,0.06570712
"""CNR9189692""","""CID4079236""",-2.1711142,0.016150326,-2.1872644
"""CNR9155161""","""CID7844817""",-1.1216092,-0.040804386,-1.0808048
"""CNR5383157""","""CID3399756""",0.003027254,-0.0031988323,0.006226086
"""CNR2913825""","""CID2422323""",3.2397768,0.026476562,3.2133002
"""CNR6678348""","""CID8638457""",0.013829263,-0.009880692,0.023709955
"""CNR2643191""","""CID3757192""",5.0863113,0.00014284253,5.0861683
"""CNR4886402""","""CID2939298""",-1.6117083,0.04217267,-1.653881
"""CNR8982272""","""CID5452006""",-0.013278072,-0.008382678,-0.0048953937
"""CNR6286888""","""CID6803473""",0.013549859,0.011274397,0.0022754613
"""CNR8587421""","""CID9195759""",0.0,-0.012086868,0.012086868
"""CNR2506679""","""CID3433502""",-0.7057677,0.007035166,-0.7128029
"""CNR8649958""","""CID2767892""",0.003027254,-0.029021472,0.032048725
"""CNR2722633""","""CID1804880""",0.5615591,0.01797244,0.5435866
"""CNR4504689""","""CID8860496""",3.6655195,-0.0075811744,3.6731007
"""CNR8988560""","""CID2516544""",-1.9334904,0.017803729,-1.9512942
"""CNR6572665""","""CID3679692""",0.013829263,0.0050843656,0.008744897
"""CNR5970556""","""CID3562427""",2.5566087,0.014511287,2.5420973
"""CNR6389788""","""CID4345907""",-0.01269836,0.016323328,-0.029021688
"""CNR3515996""","""CID4032785""",1.2348264,0.006888807,1.2279377
"""CNR2616768""","""CID6419331""",2.2892818,-0.05532968,2.3446116
"""CNR6949901""","""CID2831833""",0.003027254,0.0045346916,-0.0015074376
"""CNR8869250""","""CID3147681""",0.013549859,-0.049270153,0.06282001
"""CNR4758846""","""CID9610324""",0.025039341,-0.022275537,0.04731488
"""CNR9665752""","""CID6358344""",-0.49289638,-0.02525422,-0.46764216
"""CNR5972613""","""CID9894898""",0.003027254,0.030923486,-0.027896231
"""CNR6640490""","""CID5086008""",0.0,0.006955564,-0.006955564
"""CNR2433142""","""CID6773384""",-1.5374508,-0.02904874,-1.5084021
"""CNR5791659""","""CID5107654""",0.9278957,-0.008108556,0.9360043
"""CNR9008401""","""CID8727685""",1.7001729,-0.020550132,1.720723
"""CNR8870794""","""CID4944956""",-0.8641835,-0.048124135,-0.81605935
"""CNR9889305""","""CID5507628""",1.0318561,-0.0040486455,1.0359046
"""CNR5765131""","""CID1496129""",0.013829263,0.031015605,-0.017186342
"""CNR7242492""","""CID5606589""",-0.80477756,0.018952996,-0.8237306
"""CNR6468885""","""CID3434435""",-1.289926,-0.0048375726,-1.2850885
"""CNR4140499""","""CID9570103""",0.52195513,-0.06798792,0.58994305
"""CNR6985148""","""CID3509070""",2.0021532,-0.0018467903,2.004
"""CNR7681857""","""CID6470881""",-1.8047776,-0.0359146,-1.768863
"""CNR6806944""","""CID6543990""",1.0417571,-0.022559077,1.0643162
"""CNR1243946""","""CID2473582""",-0.013278072,0.0091403425,-0.022418413
"""CNR2357410""","""CID3633494""",2.0120542,0.036628902,1.9754252
"""CNR4958620""","""CID6716026""",-0.9037875,0.008910507,-0.91269803
"""CNR1643502""","""CID5477512""",-0.7750746,-0.0052643716,-0.7698102
"""CNR4611314""","""CID6968311""",0.0269056,-0.014932126,0.041837726
"""CNR3536532""","""CID3605872""",-1.7552726,-0.00477767,-1.750495
"""CNR2598964""","""CID6789276""",0.0,-0.019591779,0.019591779
"""CNR5856618""","""CID7551480""",0.0,0.0064151287,-0.0064151287
"""CNR6334323""","""CID9291012""",1.7496779,0.047833085,1.7018448
"""CNR1318230""","""CID4216439""",-0.12655975,-0.038753808,-0.08780594
"""CNR8555234""","""CID9619912""",-2.2206192,0.028460711,-2.24908
"""CNR7809649""","""CID9028135""",1.5615591,0.053818077,1.507741
"""CNR8990983""","""CID7484893""",0.003027254,-0.0067115426,0.009738796
"""CNR9730429""","""CID5526043""",0.003027254,0.0699833,-0.06695605
"""CNR4648845""","""CID8377444""",-0.067153804,-0.048489213,-0.018664591
"""CNR8650445""","""CID4902216""",0.0,0.046109974,-0.046109974
"""CNR8976160""","""CID6259819""",-0.09190628,0.02056855,-0.11247483
"""CNR3725963""","""CID9476486""",0.003027254,0.105204165,-0.10217691
"""CNR3524301""","""CID5060982""",0.37839076,0.011399686,0.36699107
"""CNR8342731""","""CID3614530""",4.6358166,0.0068139434,4.6290026
"""CNR6510256""","""CID4170064""",-1.6612132,-0.019348264,-1.6418649
"""CNR3483121""","""CID9633122""",0.013549859,0.003777504,0.009772355
"""CNR3458199""","""CID6669690""",-0.5622033,0.037311733,-0.599515
"""CNR1682640""","""CID2542070""",-1.0869558,-0.013111144,-1.0738447
"""CNR9846859""","""CID7318091""",1.0269057,-0.057011425,1.0839171
"""CNR8699282""","""CID7998282""",-0.82953006,-0.0202654,-0.80926466
"""CNR8612894""","""CID3494789""",0.0,-0.044462115,0.044462115
"""CNR1240533""","""CID9322868""",0.013829263,0.011642873,0.0021863896
"""CNR4173479""","""CID9466332""",-0.68596566,0.011642933,-0.6976086
"""CNR1248034""","""CID5484173""",3.259579,-0.008663416,3.2682424
"""CNR9024982""","""CID7679952""",-0.8641835,-0.03503099,-0.82915246
"""CNR7208847""","""CID4391964""",0.013829263,0.030468881,-0.016639618
"""CNR6103930""","""CID2615027""",-0.013278072,-0.011925459,-0.0013526129
"""CNR1500774""","""CID2842200""",-0.6810152,-0.0010621548,-0.67995304
"""CNR1392743""","""CID5284270""",0.8041333,0.038246334,0.76588696
"""CNR5794069""","""CID8430044""",-0.45329243,0.00060147047,-0.4538939
"""CNR8620081""","""CID3315353""",-1.6711142,-0.020016491,-1.6510978
"""CNR6466102""","""CID1044476""",0.0,0.026960313,-0.026960313
"""CNR4770873""","""CID7986737""",0.0,0.040205926,-0.040205926
"""CNR6776306""","""CID2985854""",0.013549859,-0.03709823,0.050648086
"""CNR8999633""","""CID5782031""",0.025039341,-0.012437046,0.037476387
"""CNR3445168""","""CID5569742""",0.0,0.03923127,-0.03923127
"""CNR2241668""","""CID3624971""",1.2942324,-0.06657189,1.3608043
"""CNR2630799""","""CID1692846""",-1.5374508,-0.011335194,-1.5261157
"""CNR9097030""","""CID6135951""",0.013829263,0.009442329,0.0043869335
"""CNR1625644""","""CID1020507""",0.38829175,-0.032744855,0.4210366
"""CNR2197013""","""CID2635707""",-0.5572528,0.04771328,-0.6049661
"""CNR4241642""","""CID8620980""",0.17046995,-0.06301081,0.23348077
"""CNR2012185""","""CID7693754""",0.47740066,-0.0032231808,0.48062384
"""CNR5527793""","""CID5148186""",-0.58200526,-0.077079535,-0.5049257
"""CNR3074828""","""CID8742364""",-1.5374508,0.06063491,-1.5980856
"""CNR4825788""","""CID5965981""",0.025039341,-0.008180976,0.033220317
"""CNR6115708""","""CID8594748""",0.0,0.0023759305,-0.0023759305
"""CNR2960651""","""CID5819267""",0.003027254,-0.0113300085,0.014357262
"""CNR6705417""","""CID7960965""",0.025039341,0.03215176,-0.0071124174
"""CNR2951176""","""CID3273643""",-1.1315103,0.007885516,-1.1393957
"""CNR5152480""","""CID8870535""",-2.1018074,-0.08300686,-2.0188005
"""CNR3841725""","""CID1357783""",3.2051234,0.0031815767,3.201942
"""CNR8965007""","""CID5495154""",-1.2602232,-0.038467973,-1.2217551
"""CNR9710187""","""CID8770200""",2.3882918,-0.013801098,2.402093
"""CNR2290225""","""CID1089869""",1.140767,-0.014500201,1.1552672
"""CNR9279552""","""CID4994681""",1.2051234,-0.0063948035,1.2115183
"""CNR3836568""","""CID9760337""",0.003027254,-0.023452252,0.026479507
"""CNR3751612""","""CID2853396""",-0.5424013,-0.046207905,-0.4961934
"""CNR4595507""","""CID2352520""",2.3041334,-0.0041893125,2.3083227
"""CNR6387653""","""CID6753902""",-2.1166587,-0.00028061867,-2.116378
"""CNR1972406""","""CID4705096""",-0.15131222,-0.028755188,-0.12255703
"""CNR6296418""","""CID4714097""",0.013829263,0.022546947,-0.008717684
"""CNR1976021""","""CID8507136""",0.0,0.026499748,-0.026499748
"""CNR1017736""","""CID3675071""",-0.013278072,-0.017412066,0.0041339947
"""CNR9168739""","""CID5414787""",0.025039341,0.038460374,-0.013421033
"""CNR7725071""","""CID1939967""",3.1556184,-0.015350103,3.1709685
"""CNR8127253""","""CID3020417""",0.8783907,-0.09471917,0.9731099
"""CNR8368220""","""CID8036938""",0.15066798,0.0033934116,0.14727457
"""CNR2183420""","""CID8214069""",-1.5721043,-0.07976538,-1.4923389
"""CNR9836366""","""CID4215314""",-1.4384409,0.052496433,-1.4909374
"""CNR7361156""","""CID2301375""",0.025039341,0.008251965,0.016787376
"""CNR7438394""","""CID7854907""",-1.5225993,0.0050159693,-1.5276153
"""CNR9100474""","""CID5155350""",2.299183,-0.010106891,2.3092897
"""CNR2693163""","""CID1971652""",-0.29982707,0.01105687,-0.31088394
"""CNR3031491""","""CID5796403""",-1.2602232,-0.042435586,-1.2177875
"""CNR4969831""","""CID5582674""",7.289282,0.00453043,7.2847514
"""CNR8823979""","""CID8367114""",0.8437373,0.003105998,0.8406313
"""CNR6085617""","""CID8399971""",-0.4730944,0.021921575,-0.49501598
"""CNR7889944""","""CID1796677""",-0.898837,-0.012723684,-0.8861133
"""CNR7498837""","""CID5190317""",-1.888936,-0.004211545,-1.8847245
"""CNR4934767""","""CID1299922""",0.025039341,0.031494588,-0.0064552464
"""CNR4448599""","""CID7758146""",0.013549859,0.04684913,-0.033299275
"""CNR9945896""","""CID7578801""",1.2001729,0.024829566,1.1753433
"""CNR8686035""","""CID5167776""",6.809084,0.029601008,6.779483
"""CNR9620749""","""CID1453769""",0.013549859,-0.005187154,0.018737013
"""CNR3069896""","""CID4140225""",-1.3344805,-0.06291407,-1.2715664
"""CNR7837205""","""CID1803366""",0.025039341,-0.03723511,0.062274452
"""CNR5024132""","""CID5108084""",-1.2948766,-0.03221184,-1.2626648
"""CNR8289219""","""CID4734298""",0.025039341,0.0008267164,0.024212625
"""CNR4015747""","""CID3226391""",0.025039341,-0.016109943,0.041149285
"""CNR4679490""","""CID5639040""",0.025039341,-0.019501865,0.044541206
"""CNR7536037""","""CID7139601""",-1.0671538,-0.022495866,-1.044658
"""CNR1987303""","""CID4740466""",0.0,0.07014489,-0.07014489
"""CNR9260191""","""CID7596764""",-1.2255696,-0.07771048,-1.1478591
"""CNR8918435""","""CID4338245""",-0.01214276,-0.020847082,0.008704322
"""CNR5658178""","""CID6133263""",-2.1562626,0.010509342,-2.166772
"""CNR1919359""","""CID3176189""",-1.1265597,0.07286185,-1.1994216
"""CNR2014686""","""CID1084778""",2.5665095,0.0107072,2.5558023
"""CNR5232695""","""CID8312699""",-2.1067579,-0.060560882,-2.046197
"""CNR9637117""","""CID3309409""",-0.013278072,-0.028626204,0.015348132
"""CNR3118717""","""CID9749672""",0.013829263,-0.019644499,0.03347376
"""CNR6994371""","""CID6066209""",-1.849332,-0.022228837,-1.8271031
"""CNR2542405""","""CID7674531""",2.0962126,-0.0024097562,2.0986223
"""CNR1904306""","""CID2257328""",-0.36418352,-0.009137034,-0.35504648
"""CNR6499349""","""CID4660828""",-0.013278072,0.011220276,-0.024498347
"""CNR1226817""","""CID9025261""",0.025039341,-0.025697649,0.05073699
"""CNR1967806""","""CID8660328""",9.279381,-0.01707536,9.296456
"""CNR2006688""","""CID1958793""",0.29918283,0.0021935105,0.29698932
"""CNR7695769""","""CID9627719""",-2.0820053,-0.011242628,-2.0707626
"""CNR3749566""","""CID8569467""",-0.7503221,0.028923333,-0.77924544
"""CNR2436502""","""CID4157375""",-0.13151024,-0.023931473,-0.10757877
"""CNR7018807""","""CID7065543""",-1.7404212,0.0066329837,-1.7470541
"""CNR2713838""","""CID9640691""",-1.7107182,-0.038720965,-1.6719972
"""CNR6888058""","""CID5338413""",-0.1760647,-0.031098902,-0.1449658
"""CNR2101996""","""CID1896753""",0.013549859,0.011679977,0.0018698815
"""CNR8426096""","""CID1796152""",-0.013278072,-0.044415474,0.031137403
"""CNR3282281""","""CID5110032""",-0.49289638,-0.03498119,-0.4579152
"""CNR6841276""","""CID8499088""",1.7298759,0.032963216,1.6969128
"""CNR9021591""","""CID7944973""",0.11106402,-0.033656478,0.1447205
"""CNR8122350""","""CID4064078""",0.013829263,0.006612897,0.007216366
"""CNR9407617""","""CID7751348""",-2.2305202,-0.008723676,-2.2217965
"""CNR1818662""","""CID1769712""",1.8437372,-0.03906408,1.8828013
"""CNR3313235""","""CID3030666""",2.7892818,-0.013147473,2.8024292
"""CNR2425048""","""CID9378291""",-1.1909162,-0.0040634274,-1.1868527
"""CNR4494899""","""CID8604050""",-1.8196291,0.0036692917,-1.8232983
"""CNR7874199""","""CID1586941""",0.025039341,-0.026468426,0.051507767
"""CNR7904083""","""CID9574799""",-2.200817,0.012268543,-2.2130857
"""CNR8175659""","""CID2939708""",0.025039341,-0.044290304,0.06932965
"""CNR7686923""","""CID1651124""",0.013829263,0.0018332601,0.011996003
"""CNR4310294""","""CID7635060""",-0.013278072,0.015502721,-0.028780792
"""CNR5862098""","""CID3783772""",-0.61665875,-0.01024735,-0.6064114
"""CNR1583108""","""CID2588071""",0.013549859,-0.03544438,0.048994236
"""CNR9945559""","""CID8457896""",-0.43349043,0.0006558001,-0.43414623
"""CNR3537621""","""CID7858752""",0.0,0.033961594,-0.033961594
"""CNR9907664""","""CID4069930""",-1.0869558,0.017111123,-1.1040668
"""CNR4048435""","""CID6232817""",0.0,0.017363459,-0.017363459
"""CNR9664609""","""CID6023249""",0.44274718,0.03075397,0.4119932
"""CNR4345068""","""CID8931282""",-0.14636172,0.04174581,-0.18810754
"""CNR1892243""","""CID2677905""",-0.19091618,-0.016761363,-0.17415482
"""CNR4826951""","""CID2639913""",-0.013278072,-0.00033277273,-0.012945299
"""CNR1939105""","""CID7839885""",0.003027254,-0.019676268,0.022703523
"""CNR5233584""","""CID4157016""",-0.41863894,0.036094666,-0.4547336
"""CNR9794179""","""CID2701380""",0.0,-0.010053039,0.010053039
"""CNR5072655""","""CID6449773""",0.0,-0.04200834,0.04200834
"""CNR2517271""","""CID5944629""",-0.33448052,0.040069997,-0.37455052
"""CNR9212617""","""CID7126367""",4.9476976,0.019042075,4.9286556
"""CNR2361612""","""CID8728809""",0.5021531,-0.0051903427,0.5073434
"""CNR9904470""","""CID6725966""",0.49720263,0.008396387,0.48880625
"""CNR1572700""","""CID3829925""",1.3585888,-0.023334324,1.3819232
"""CNR7127151""","""CID1877082""",-0.74537164,0.08367348,-0.8290451
"""CNR4036749""","""CID5430270""",2.8041334,0.0013096929,2.8028238
"""CNR6902130""","""CID1488666""",-1.379035,-0.0096209645,-1.3694141
"""CNR3267996""","""CID3410331""",-0.44339144,-0.012428045,-0.4309634
"""CNR1537422""","""CID6796260""",0.0,0.018352091,-0.018352091
"""CNR5101637""","""CID7291598""",0.025039341,-0.02613318,0.05117252
"""CNR5515250""","""CID2500177""",0.7447274,-0.04336548,0.78809285
"""CNR6524914""","""CID3439275""",-1.5622033,0.041229755,-1.603433
"""CNR7253580""","""CID7094934""",0.013829263,-0.018386662,0.032215923
"""CNR6576024""","""CID6866299""",0.013549859,-0.013241321,0.02679118
"""CNR6453033""","""CID8307665""",-0.7899261,0.015188992,-0.8051151
"""CNR2753305""","""CID7314335""",1.5665096,0.009252459,1.5572572
"""CNR7603484""","""CID8733152""",0.29423234,-0.054912478,0.34914482
"""CNR1142642""","""CID8280178""",-0.88398546,-0.032799393,-0.85118604
"""CNR7470372""","""CID6520215""",0.97740066,0.006938517,0.97046214
"""CNR1929537""","""CID7067881""",0.8090838,0.00059199333,0.8084918
"""CNR1730769""","""CID6027987""",0.0,0.049277067,-0.049277067
"""CNR4492749""","""CID5313170""",-0.8542825,0.016010433,-0.8702929
"""CNR6468829""","""CID4314609""",-0.2701241,0.025503576,-0.29562768
"""CNR6889666""","""CID8386322""",1.1853215,-0.01548478,1.2008063
"""CNR7350633""","""CID2636218""",-0.23547064,0.01049602,-0.24596666
"""CNR6207982""","""CID6431238""",-0.92358947,0.06663203,-0.9902215
"""CNR7446301""","""CID6342614""",-1.3146785,0.003974676,-1.3186532
"""CNR6408912""","""CID8173734""",0.013829263,-0.015238911,0.029068174
"""CNR1099234""","""CID5166014""",0.021955105,0.026244521,-0.0042894166
"""CNR1989563""","""CID9061980""",0.11601451,0.0034637451,0.112550765
"""CNR1064434""","""CID5352764""",-1.1018072,-0.008991182,-1.0928161
"""CNR7897218""","""CID4665439""",-2.2305202,0.0009265542,-2.2314467
"""CNR7078684""","""CID1796513""",1.0170046,-0.062142074,1.0791466
"""CNR4438581""","""CID1556189""",0.65066797,0.0029032826,0.6477647
"""CNR4952051""","""CID1616309""",-0.60675776,-0.028318495,-0.57843924
"""CNR7428100""","""CID9206536""",2.8041334,-0.01081121,2.8149447
"""CNR2427830""","""CID4992393""",0.025039341,0.025961041,-0.00092170015
"""CNR2175880""","""CID5683416""",0.0,0.040005654,-0.040005654
"""CNR5149193""","""CID5915843""",-0.71071815,-0.00899598,-0.70172215
"""CNR8222455""","""CID2275744""",0.003027254,-0.008607864,0.011635118
"""CNR7620080""","""CID9202371""",-2.1315103,-0.05007589,-2.0814342
"""CNR1352860""","""CID6019275""",-0.7651736,0.006349474,-0.7715231
"""CNR7399076""","""CID1200316""",0.40809372,-0.03158307,0.4396768
"""CNR8768569""","""CID1785791""",0.025039341,-0.015085071,0.040124413
"""CNR2428699""","""CID1551058""",-1.908738,-0.0077001452,-1.9010379
"""CNR7598382""","""CID7527751""",0.025039341,0.0033204257,0.021718916
"""CNR7108382""","""CID6938502""",4.977401,0.02342388,4.953977
"""CNR4411351""","""CID8843906""",0.0,-0.015949607,0.015949607
"""CNR4435449""","""CID9816821""",3.0962126,0.0058428347,3.0903697
"""CNR8496411""","""CID4355875""",0.0,0.040861428,-0.040861428
"""CNR7984159""","""CID2866235""",0.013829263,-0.007281661,0.021110924
"""CNR9887429""","""CID4163923""",-0.7156687,-0.042122543,-0.67354614
"""CNR4359030""","""CID9483010""",1.5863116,-0.053639054,1.6399506
"""CNR2204314""","""CID1458494""",-0.15131222,-0.051361263,-0.099950954
"""CNR8261171""","""CID3472991""",-0.1810152,-0.018146574,-0.16286862
"""CNR1110515""","""CID5738184""",-0.7998271,-0.006858945,-0.79296815
"""CNR2558668""","""CID6483062""",-0.879035,0.036446303,-0.9154813
"""CNR9830532""","""CID3221589""",0.025039341,0.013547927,0.011491414
"""CNR1016265""","""CID8228275""",-1.2156687,-0.039367944,-1.1763008
"""CNR1620527""","""CID1032181""",-0.58200526,-0.011025608,-0.57097965
"""CNR6536434""","""CID2075740""",0.0,0.0106500685,-0.0106500685
"""CNR3531134""","""CID1224717""",-0.379035,-0.025635123,-0.35339987
"""CNR2458199""","""CID9212970""",1.8140343,0.028650105,1.7853842
"""CNR4942714""","""CID4899056""",4.0566087,-0.026322782,4.0829315
"""CNR5143677""","""CID9207985""",-0.9829954,-0.032436848,-0.95055854
"""CNR9307319""","""CID2453616""",0.76452935,0.0016694665,0.7628599
"""CNR5184482""","""CID8365328""",1.6655195,-0.0044555664,1.669975
"""CNR3757463""","""CID7660699""",-2.1760647,-0.0035603046,-2.1725044
"""CNR9859104""","""CID4661918""",-0.859233,0.036920995,-0.89615405
"""CNR4486856""","""CID5345124""",0.025039341,-0.058238685,0.08327803
"""CNR3175701""","""CID3387560""",2.1457174,-0.012354732,2.158072
"""CNR6152715""","""CID4064057""",0.013829263,0.030886859,-0.017057596
"""CNR8007452""","""CID5913006""",0.003027254,-0.007973731,0.011000984
"""CNR7525389""","""CID1213671""",0.013829263,-0.00512892,0.018958183
"""CNR2973636""","""CID7356161""",2.07146,-0.006887108,2.0783472
"""CNR2685764""","""CID7248359""",1.3090838,-0.0016798973,1.3107637
"""CNR4836152""","""CID2581583""",-0.5919063,-0.014703929,-0.5772024
"""CNR5992800""","""CID2031299""",-0.9582429,-0.0016185641,-0.9566243
"""CNR8463040""","""CID5279665""",1.1259155,-0.0059041977,1.1318197
"""CNR1832650""","""CID2365125""",-2.2255697,-0.102850735,-2.122719
"""CNR5802790""","""CID8739406""",-2.2156687,0.0009570122,-2.2166257
"""CNR6726980""","""CID2650562""",-0.047351826,0.0026153922,-0.04996722
"""CNR6710822""","""CID8175852""",1.3882917,-0.03179288,1.4200846
"""CNR8575462""","""CID4649058""",0.013829263,0.009400547,0.0044287164
"""CNR4805685""","""CID6265911""",0.65066797,-0.05760005,0.70826805
"""CNR8769747""","""CID2735119""",0.013549859,0.069031775,-0.05548192
"""CNR7353520""","""CID6795230""",-1.7800251,-0.0480541,-1.731971
"""CNR1456940""","""CID9165207""",-0.2651736,-0.0025408864,-0.26263273
"""CNR6522996""","""CID9645649""",-1.379035,-0.0057687163,-1.3732662
"""CNR1565977""","""CID5254494""",0.013549859,0.013702154,-0.00015229546
"""CNR8695255""","""CID2145414""",0.013829263,-0.0035933852,0.017422648
"""CNR3023009""","""CID3712163""",0.3338363,-0.016644955,0.35048124
"""CNR7554063""","""CID6529507""",0.0,-0.0047570467,0.0047570467
"""CNR3396777""","""CID6894129""",0.0,-0.0030021667,0.0030021667
"""CNR7473988""","""CID9289938""",0.5417571,0.07261884,0.46913826
"""CNR7873204""","""CID2810505""",2.2397768,-0.036102414,2.2758794
"""CNR7694025""","""CID7770165""",-0.28992608,0.015622258,-0.30554834
"""CNR3629543""","""CID8284236""",-0.4730944,-0.0019571185,-0.4711373
"""CNR9677561""","""CID1897749""",0.86848974,-0.075276196,0.94376594
"""CNR9917056""","""CID1781108""",0.76452935,-0.015224993,0.77975434
"""CNR5581651""","""CID6153302""",-0.101807274,0.124619246,-0.22642651
"""CNR3316882""","""CID9915276""",0.013829263,-0.02498573,0.03881499
"""CNR3795581""","""CID4669297""",0.003027254,0.045516968,-0.042489715
"""CNR6109951""","""CID6959445""",-0.7156687,-0.012331903,-0.7033368
"""CNR1916938""","""CID8995567""",-0.013278072,0.03234768,-0.04562575
"""CNR3152787""","""CID9322718""",-0.88398546,0.017546117,-0.9015316
"""CNR7452053""","""CID2455609""",0.013549859,0.014644623,-0.0010947641
"""CNR7517154""","""CID4415553""",0.2199749,-0.001845777,0.22182068
"""CNR2955148""","""CID1576106""",-0.32953003,0.0038523078,-0.33338234
"""CNR2359680""","""CID9732045""",0.025039341,0.056320965,-0.031281624
"""CNR5241748""","""CID3477199""",0.003027254,0.031371415,-0.02834416
"""CNR9374638""","""CID9753638""",-0.72061914,-0.048591256,-0.6720279
"""CNR9825839""","""CID9358440""",0.025039341,0.030891836,-0.0058524944
"""CNR5442062""","""CID8023309""",-1.859233,-0.014080852,-1.8451521
"""CNR1092816""","""CID2112777""",0.013829263,0.08880842,-0.074979156
"""CNR2744198""","""CID1968621""",1.5269057,0.04895842,1.4779472
"""CNR4584148""","""CID9137516""",0.013829263,0.015797257,-0.0019679945
"""CNR2168770""","""CID4968401""",-0.36418352,-0.018322766,-0.34586075
"""CNR4825679""","""CID4709121""",5.1358166,-0.0016309023,5.1374474
"""CNR7399409""","""CID6845492""",-2.1018074,0.031992257,-2.1337996
"""CNR6627868""","""CID5580758""",-0.6711142,0.043753684,-0.7148679
"""CNR8276251""","""CID9795312""",1.7447274,-0.013992965,1.7587204
"""CNR8954931""","""CID7451081""",0.26452938,0.0048977137,0.25963166
"""CNR4044559""","""CID9579375""",-1.7750746,0.03857833,-1.813653
"""CNR4150390""","""CID4582072""",-0.13646074,-0.02399838,-0.11246236
"""CNR5334317""","""CID9547328""",0.0,0.002062738,-0.002062738
"""CNR7120949""","""CID1372864""",3.942747,-0.020608068,3.963355
"""CNR5770936""","""CID8643477""",0.003027254,-0.015410364,0.018437618
"""CNR4411041""","""CID4826917""",-2.1414113,-0.0006239414,-2.1407874
"""CNR5713010""","""CID8842192""",0.003027254,0.023405612,-0.020378357
"""CNR8518152""","""CID9724615""",0.025039341,0.030462265,-0.0054229237
"""CNR3413057""","""CID3131002""",-2.0275497,-0.0013219118,-2.026228
"""CNR6041939""","""CID7499592""",-1.7800251,0.0429101,-1.8229352
"""CNR6140769""","""CID4194838""",-0.4780449,0.022879124,-0.500924
"""CNR5204972""","""CID1235087""",0.0,0.02148521,-0.02148521
"""CNR9900421""","""CID9069122""",0.0,-0.014319152,0.014319152
"""CNR4623696""","""CID4175283""",-0.15626271,-0.0075405836,-0.14872213
"""CNR1686426""","""CID7792472""",0.5170046,4.8339367e-05,0.51695627
"""CNR4230179""","""CID3984162""",1.7051234,0.04812789,1.6569955
"""CNR3088941""","""CID8598082""",-1.4384409,-0.100593925,-1.337847
"""CNR2086988""","""CID6664380""",0.025039341,-0.023693115,0.048732456
"""CNR2770946""","""CID2121484""",3.3387868,-0.0650011,3.4037879
"""CNR8528131""","""CID7642272""",-1.2948766,-0.036972344,-1.2579043
"""CNR7178308""","""CID4990157""",0.025039341,0.030168116,-0.005128775
"""CNR6436666""","""CID5828580""",-1.6463617,-0.020943463,-1.6254182
"""CNR2272110""","""CID1146618""",0.003027254,0.0771265,-0.07409925
"""CNR3106861""","""CID6076590""",0.0,0.03671646,-0.03671646
"""CNR7504925""","""CID2723769""",-0.81467855,-0.009358168,-0.8053204
"""CNR4595822""","""CID5304682""",-0.91863894,0.050991595,-0.96963054
"""CNR5887904""","""CID5353118""",0.013829263,0.008261859,0.0055674035
"""CNR4822917""","""CID1749861""",0.0,-0.012977153,0.012977153
"""CNR6859325""","""CID5831235""",0.013829263,-0.023149252,0.036978513
"""CNR7429670""","""CID1009995""",0.013549859,-0.02538997,0.038939826
"""CNR1895596""","""CID7680433""",-0.05230232,0.049999654,-0.10230197
"""CNR4619113""","""CID4767832""",0.013549859,-0.013636768,0.027186627
"""CNR2328231""","""CID3537053""",-1.4384409,-0.050643325,-1.3877976
"""CNR9877243""","""CID9528346""",-0.9631934,0.044029534,-1.0072229
"""CNR7149700""","""CID8672051""",-1.4433914,0.06024766,-1.5036391
"""CNR9762185""","""CID1943565""",-0.44339144,-0.058191538,-0.3851999
"""CNR8751434""","""CID7434042""",1.5467076,-0.021053612,1.5677612
"""CNR2289759""","""CID7875579""",-1.4879459,-0.023346096,-1.4645998
"""CNR5686852""","""CID5431042""",1.6061136,-0.01421687,1.6203305
"""CNR9238283""","""CID6462546""",4.6061134,0.038593322,4.56752
"""CNR2506717""","""CID2014216""",0.013549859,0.034492135,-0.020942276
"""CNR1372824""","""CID8004483""",-0.013278072,-0.01428622,0.0010081483
"""CNR7233581""","""CID1185790""",-1.418639,-0.000803113,-1.4178358
"""CNR7755366""","""CID3708127""",0.003027254,0.0062505007,-0.0032232467
"""CNR7029618""","""CID7045905""",0.9476977,-0.028305352,0.97600305
"""CNR4569799""","""CID9309378""",0.0,0.0016595125,-0.0016595125
"""CNR9323853""","""CID7135474""",-0.2701241,0.02028799,-0.2904121
"""CNR5220727""","""CID6292033""",0.003027254,-0.0071220994,0.010149353
"""CNR6659911""","""CID5976189""",-1.0176488,-0.043121606,-0.97452724
"""CNR7718771""","""CID8089274""",4.076411,0.018389046,4.0580215
"""CNR3768752""","""CID4723466""",2.081361,0.0017075539,2.0796535
"""CNR4172527""","""CID8154361""",-0.23547064,-0.0079802275,-0.22749041
"""CNR7562409""","""CID4115061""",-1.82953,-0.025557637,-1.8039724
"""CNR2138379""","""CID8251831""",-2.0820053,0.087737024,-2.1697423
"""CNR2036274""","""CID8412901""",1.8585888,-0.00992614,1.868515
"""CNR5674784""","""CID3481550""",0.025039341,-0.02226165,0.04730099
"""CNR7375679""","""CID3745448""",-0.65131223,0.010856658,-0.66216886
"""CNR2842235""","""CID6595078""",0.025039341,0.0109757185,0.014063623
"""CNR4960577""","""CID1094535""",-1.1909162,-0.06014806,-1.1307681
"""CNR9415758""","""CID9344556""",0.24967788,5.3942204e-05,0.24962394
"""CNR5638740""","""CID5524330""",0.003027254,0.015819669,-0.012792415
"""CNR1578112""","""CID7097023""",0.0,-0.031604707,0.031604707
"""CNR8317490""","""CID4718930""",-0.2750746,-0.0053933263,-0.26968127
"""CNR8110462""","""CID8195269""",-0.1810152,-0.029158622,-0.15185657
"""CNR8373088""","""CID1693531""",0.17542045,-0.025955737,0.20137618
"""CNR8145150""","""CID9581536""",-1.369134,-0.05647847,-1.3126554
"""CNR8283663""","""CID7676065""",-1.7503221,-0.011550635,-1.7387714
"""CNR9195658""","""CID2948076""",0.0,0.028806448,-0.028806448
"""CNR7549909""","""CID6983914""",0.003027254,0.008127928,-0.005100674
"""CNR2148446""","""CID7727171""",-1.2602232,-0.07523367,-1.1849895
"""CNR8406641""","""CID2750599""",-0.20576766,-0.04899013,-0.15677753
"""CNR9770258""","""CID4163143""",-1.4730943,0.00850302,-1.4815974
"""CNR1525256""","""CID1667219""",-0.13646074,0.05272764,-0.18918838
"""CNR6861911""","""CID3124691""",-1.339431,0.0023797154,-1.3418107
"""CNR9448453""","""CID9433383""",-2.151312,-0.03474164,-2.1165705
"""CNR5501296""","""CID7440717""",0.30413333,-0.07242876,0.3765621
"""CNR2735151""","""CID9164295""",0.24472739,-0.012639195,0.2573666
"""CNR9563169""","""CID8492210""",0.013549859,0.0004069805,0.013142878
"""CNR7335045""","""CID5756495""",-1.7800251,-0.085906684,-1.6941185
"""CNR1997739""","""CID3565599""",0.0,-0.010752082,0.010752082
"""CNR8318427""","""CID7382505""",0.013829263,-0.025176048,0.03900531
"""CNR6305161""","""CID2487172""",-1.9037875,-0.016499072,-1.8872885
"""CNR7179379""","""CID7290352""",0.0,0.062681615,-0.062681615
"""CNR8323757""","""CID8883418""",0.025039341,-0.0023924708,0.027431812
"""CNR9351778""","""CID3052382""",-0.9829954,0.018760681,-1.0017561
"""CNR7016464""","""CID3549554""",0.025039341,0.043986112,-0.01894677
"""CNR5658222""","""CID4668912""",1.2546284,0.044147342,1.210481
"""CNR9548182""","""CID4162520""",-0.33448052,-0.022978812,-0.3115017
"""CNR5706765""","""CID6050225""",-0.9582429,0.03785044,-0.99609333
"""CNR4302556""","""CID1891694""",-0.4780449,0.04736814,-0.52541304
"""CNR4770578""","""CID8462835""",0.013549859,-0.0021734238,0.015723282
"""CNR2228383""","""CID4468449""",-1.4235895,0.060055852,-1.4836453
"""CNR4326280""","""CID4618700""",-0.9879459,0.08190459,-1.0698504
"""CNR7046440""","""CID9050386""",0.88334125,0.018631995,0.86470926
"""CNR9861554""","""CID4976446""",0.025039341,-0.01617372,0.04121306
"""CNR1948905""","""CID1657010""",-1.1859657,0.0451836,-1.2311492
"""CNR8819259""","""CID6026145""",0.003027254,-0.03246954,0.035496794
"""CNR8742311""","""CID7826201""",-0.54735184,-0.022117138,-0.5252347
"""CNR2683900""","""CID4657534""",-0.9879459,-0.021033943,-0.966912
"""CNR5024616""","""CID5816125""",0.4229452,-0.028592408,0.4515376
"""CNR6797077""","""CID3344950""",4.328886,0.009522527,4.3193636
"""CNR9172232""","""CID1916458""",3.3090837,0.04300192,3.2660818
"""CNR6154918""","""CID9550740""",-1.6265597,-0.029917598,-1.5966421
"""CNR8169400""","""CID1745198""",-1.7602232,-0.013503522,-1.7467196
"""CNR8322969""","""CID5857929""",-2.0622034,0.029584318,-2.0917878
"""CNR8166618""","""CID7856169""",-1.5275499,-0.03583646,-1.4917134
"""CNR7456273""","""CID4596593""",-1.5176488,-0.0017140508,-1.5159347
"""CNR7910677""","""CID6153862""",0.013829263,-0.03499019,0.048819453
"""CNR9862996""","""CID4045626""",0.0,0.035879344,-0.035879344
"""CNR3146963""","""CID2407445""",-0.9384409,0.04454267,-0.9829836
"""CNR3162341""","""CID3588205""",1.611064,-0.016581804,1.6276457
"""CNR6080791""","""CID2357690""",0.025039341,0.022051364,0.0029879771
"""CNR1853149""","""CID9156446""",0.0,0.08650863,-0.08650863
"""CNR9412966""","""CID5276713""",0.49225214,0.009139955,0.4831122
"""CNR3263919""","""CID9982671""",-0.6364607,-0.03151238,-0.60494834
"""CNR5916766""","""CID9947190""",0.013829263,0.034614205,-0.020784942
"""CNR6124021""","""CID7805552""",-1.5820053,0.02280289,-1.6048081
"""CNR5567196""","""CID1146978""",0.013829263,0.0060863495,0.0077429134
"""CNR9275616""","""CID4089875""",0.003027254,0.016412884,-0.01338563
"""CNR8409987""","""CID7864929""",-1.8641835,0.003136158,-1.8673197
"""CNR4765498""","""CID5833881""",0.67046994,0.01643008,0.65403986
"""CNR3208715""","""CID8826533""",9.130866,-0.017093897,9.14796
"""CNR4579780""","""CID1287915""",1.0170046,0.03196332,0.98504126
"""CNR1898919""","""CID7630284""",-1.879035,0.0016348958,-1.8806698
"""CNR3552684""","""CID1718817""",-0.36418352,-0.089150906,-0.2750326
"""CNR1089391""","""CID6643660""",-0.78002506,-0.0094603,-0.7705648
"""CNR3316816""","""CID4209532""",0.0,-0.02043745,0.02043745
"""CNR7053635""","""CID7190928""",0.025039341,0.029479444,-0.0044401027
"""CNR2707568""","""CID2149030""",-1.1760647,-0.012204647,-1.1638601
"""CNR1937438""","""CID8551818""",-1.9730943,-0.005221814,-1.9678725
"""CNR4444919""","""CID2232382""",0.23482639,0.067381024,0.16744536
"""CNR5782238""","""CID1897247""",-2.017649,0.028432459,-2.0460813
"""CNR9417829""","""CID9404834""",1.140767,0.010837942,1.1299291
"""CNR3739973""","""CID3642355""",-0.24537162,-0.018794805,-0.22657682
"""CNR9732353""","""CID7388272""",0.57641053,0.004449874,0.5719607
"""CNR5647701""","""CID4680848""",0.8783907,-0.00745818,0.8858489
"""CNR3124092""","""CID2968511""",0.0,0.06253612,-0.06253612
"""CNR7666450""","""CID7718562""",-1.0374508,-0.08261922,-0.9548316
"""CNR5900967""","""CID9867182""",-1.2107182,0.030429661,-1.2411478
"""CNR8919248""","""CID3022653""",-1.0523024,0.036724746,-1.0890272
"""CNR6017557""","""CID8291819""",-1.849332,0.012460709,-1.8617927
"""CNR8498472""","""CID8544406""",0.0,-0.008146107,0.008146107
"""CNR4687789""","""CID7392854""",-0.2750746,-0.020766914,-0.2543077
"""CNR9926039""","""CID4336816""",0.025039341,-0.009168148,0.03420749
"""CNR2226164""","""CID2233860""",0.013829263,0.021685809,-0.007856546
"""CNR6878397""","""CID1043323""",-1.7453716,0.035072237,-1.7804438
"""CNR5947398""","""CID8326540""",0.003027254,0.018123984,-0.015096731
"""CNR3718225""","""CID9735147""",-1.7057676,0.02298963,-1.7287573
"""CNR3655417""","""CID3743372""",-0.16121322,0.030668855,-0.19188207
"""CNR2634196""","""CID2396654""",5.779381,0.023909956,5.7554708
"""CNR8266312""","""CID4088127""",-0.5077479,-0.023667693,-0.4840802
"""CNR4609700""","""CID4293058""",0.025039341,-0.011700273,0.036739614
"""CNR8311114""","""CID8957732""",0.0,-0.01230824,0.01230824
"""CNR5256441""","""CID3457383""",-1.6661637,-0.013245136,-1.6529186
"""CNR4765550""","""CID5329047""",-1.8344805,0.0339486,-1.8684292
"""CNR4796377""","""CID5392835""",0.0,-0.020834804,0.020834804
"""CNR9649455""","""CID4123109""",0.013549859,-0.030913115,0.04446297
"""CNR2602074""","""CID7511890""",1.0071036,0.02390641,0.98319715
"""CNR8419215""","""CID7342922""",-1.2552726,0.020828187,-1.2761009
"""CNR4536808""","""CID6980441""",-1.9730943,0.0008816719,-1.973976
"""CNR4652507""","""CID7111357""",0.013549859,-0.0036783218,0.01722818
"""CNR4670032""","""CID2628418""",0.003027254,-0.004415095,0.0074423486
"""CNR1760526""","""CID9228798""",-2.1117082,-0.032018423,-2.0796897
"""CNR1189427""","""CID5027241""",0.025039341,0.037424862,-0.012385521
"""CNR1798573""","""CID7069105""",-1.1067578,0.003876239,-1.110634
"""CNR1305239""","""CID3769601""",-1.9829954,-0.027646065,-1.9553493
"""CNR2795259""","""CID3094509""",0.013549859,0.043034673,-0.029484814
"""CNR9308880""","""CID9048500""",-1.9384409,-0.029297233,-1.9091437
"""CNR8116995""","""CID1754026""",0.003027254,-0.007812709,0.010839962
"""CNR8739603""","""CID6439163""",0.013829263,0.032176256,-0.018346993
"""CNR4860290""","""CID1567241""",-1.9879459,-0.008699417,-1.9792465
"""CNR1918703""","""CID8503010""",-1.448342,-0.051099002,-1.397243
"""CNR9676481""","""CID6849338""",2.2744303,0.012868017,2.2615623
"""CNR4436422""","""CID4145387""",0.013829263,0.041579545,-0.027750282
"""CNR1237978""","""CID2404742""",-1.1958667,-0.021163166,-1.1747036
"""CNR6193667""","""CID1020164""",0.6556185,-0.0059517026,0.6615702
"""CNR1885221""","""CID3114967""",0.44769767,-0.012055635,0.4597533
"""CNR8000493""","""CID1141904""",-1.839431,-0.068892956,-1.7705381
"""CNR2902300""","""CID6346753""",2.7397768,0.0056758225,2.734101
"""CNR4462783""","""CID6566159""",-1.4433914,0.021288663,-1.4646801
"""CNR4943909""","""CID4113933""",0.013829263,-0.009418368,0.023247631
"""CNR7117636""","""CID8931492""",-1.2453716,-0.02603963,-1.219332
"""CNR4567766""","""CID9547853""",-0.58200526,-0.03199625,-0.550009
"""CNR1383501""","""CID6510711""",1.2546284,-0.060347855,1.3149762
"""CNR2290127""","""CID7941257""",1.5764105,-0.010997742,1.5874083
"""CNR5634814""","""CID2047211""",0.16056897,0.031007826,0.12956114
"""CNR6277019""","""CID6652961""",0.0,0.024673402,-0.024673402
"""CNR4371115""","""CID7343077""",-1.5523024,-0.031070173,-1.5212321
"""CNR7502621""","""CID9983328""",0.07146005,-0.0065143704,0.077974424
"""CNR3054870""","""CID7914061""",0.09621253,-0.01658398,0.11279651
"""CNR4822225""","""CID7217331""",2.700173,-0.013339162,2.713512
"""CNR5622175""","""CID3572593""",2.249678,-0.038275838,2.2879539
"""CNR4103162""","""CID7056942""",-1.9235895,-0.0022153556,-1.9213741
"""CNR7331098""","""CID4931417""",2.111064,0.024882853,2.0861812
"""CNR1794869""","""CID6987931""",-0.013278072,0.05910194,-0.072380014
"""CNR5641108""","""CID8968173""",-0.28992608,-0.09024578,-0.1996803
"""CNR8694362""","""CID6952222""",-0.31467855,-0.00077840686,-0.31390014
"""CNR8039383""","""CID1269009""",0.013549859,-0.0071706176,0.020720476
"""CNR4316095""","""CID2427452""",-0.18596569,0.043250203,-0.22921589
"""CNR1239482""","""CID6166376""",-0.379035,-0.019489706,-0.3595453
"""CNR7794392""","""CID7338474""",0.0,0.0014144778,-0.0014144778
"""CNR1216875""","""CID3020246""",0.025039341,-0.0464921,0.071531445
"""CNR7961841""","""CID1667253""",-1.5275499,0.02230537,-1.5498552
"""CNR8914293""","""CID9570983""",2.3882918,-0.0011142194,2.389406
"""CNR9016415""","""CID1139022""",2.2298758,0.04357195,2.1863039
"""CNR6942190""","""CID7221654""",0.013549859,0.0020519495,0.011497909
"""CNR7464990""","""CID7119402""",0.49720263,-0.026186049,0.5233887
"""CNR4989930""","""CID7218628""",0.013549859,-0.024257302,0.03780716
"""CNR9054054""","""CID8339369""",-0.9483419,-0.021567464,-0.92677444
"""CNR4382251""","""CID3047276""",0.061559066,-0.05900687,0.120565936
"""CNR8265360""","""CID4824076""",-2.2552726,0.0014390647,-2.2567117
"""CNR6494609""","""CID8034462""",-2.0919063,0.054126382,-2.1460328
"""CNR8491013""","""CID2347056""",-1.2404212,0.07076931,-1.3111905
"""CNR3707414""","""CID7541750""",0.0,-0.0049609244,0.0049609244
"""CNR1391473""","""CID9908306""",-0.013278072,-0.005647391,-0.0076306807
"""CNR1420485""","""CID6059336""",-0.58200526,0.0023952127,-0.5844005
"""CNR6167465""","""CID2625122""",0.003027254,0.0466893,-0.04366205
"""CNR3350348""","""CID9096774""",-1.9532924,0.012804925,-1.9660974
"""CNR5065048""","""CID9014503""",1.5962125,-0.016068816,1.6122813
"""CNR5511532""","""CID4221578""",-0.61665875,-0.079111636,-0.5375471
"""CNR2071824""","""CID7318647""",-1.4780449,-0.0064271092,-1.4716177
"""CNR1815322""","""CID1045509""",-0.7156687,-0.05513537,-0.6605333
"""CNR9870418""","""CID4973554""",-1.8245796,0.008674562,-1.8332541
"""CNR8816774""","""CID1391792""",-1.7305201,-0.0054121614,-1.7251079
"""CNR6093573""","""CID1653294""",-1.2107182,-0.0374631,-1.1732551
"""CNR5466245""","""CID6554694""",-0.00279737,0.029279858,-0.032077227
"""CNR8350713""","""CID4200870""",0.025039341,0.038484335,-0.013444994
"""CNR4697652""","""CID7084280""",-1.7849755,-0.002766639,-1.7822089
"""CNR1387730""","""CID6390635""",-1.869134,-0.02392596,-1.8452079
"""CNR8916410""","""CID7342282""",-2.1067579,0.005859822,-2.1126177
"""CNR6900990""","""CID9207059""",-0.5622033,0.0036247373,-0.565828
"""CNR6595419""","""CID1580325""",0.0,0.071508765,-0.071508765
"""CNR6618950""","""CID1332265""",-1.4879459,-0.018856764,-1.4690892
"""CNR1089726""","""CID8701244""",0.021955105,-0.05531943,0.07727453
"""CNR7510508""","""CID6396234""",-1.0820053,-0.05128053,-1.0307248
"""CNR5998093""","""CID1714179""",-0.379035,-0.018978596,-0.3600564
"""CNR1763994""","""CID2145922""",2.031856,0.047402263,1.9844538
"""CNR5771590""","""CID9854186""",-0.60675776,0.0050017834,-0.61175954
"""CNR8986526""","""CID6876085""",-1.2305201,-0.005704105,-1.2248161
"""CNR9631838""","""CID7817343""",-0.037450835,0.031182885,-0.06863372
"""CNR9233741""","""CID8388462""",0.2397769,0.016841382,0.22293551
"""CNR5635998""","""CID5708310""",-1.6216092,-0.062089324,-1.5595199
"""CNR3241256""","""CID1170176""",0.013829263,-0.029729366,0.043558627
"""CNR7495444""","""CID9487073""",0.1259155,0.06907976,0.05683574
"""CNR1428793""","""CID8138613""",0.013549859,0.045630246,-0.03208039
"""CNR3602715""","""CID3645538""",0.00710362,-0.04393691,0.05104053
"""CNR4173195""","""CID7232344""",-0.51269835,-0.0013322234,-0.5113661
"""CNR6697726""","""CID7873173""",0.013829263,-0.06663865,0.08046791
"""CNR6609725""","""CID6985093""",4.462549,0.009227484,4.453322
"""CNR4798607""","""CID4976312""",0.18037094,0.03423348,0.14613746
"""CNR6898616""","""CID9505797""",-1.9433914,0.0055687726,-1.9489602
"""CNR1089369""","""CID4518658""",0.34868777,0.042979807,0.30570796
"""CNR8399386""","""CID2877369""",-1.5671538,0.004863709,-1.5720176
"""CNR1686654""","""CID4991946""",-0.013278072,0.0038135052,-0.017091576
"""CNR1372899""","""CID5835257""",0.003027254,0.03769222,-0.034664966
"""CNR3411849""","""CID6838694""",0.003027254,0.004258275,-0.001231021
"""CNR1332405""","""CID1431215""",0.06650956,0.00963074,0.05687882
"""CNR1218488""","""CID3257460""",4.8833413,-0.028388858,4.9117303
"""CNR7892697""","""CID5417099""",0.013549859,0.036449075,-0.022899216
"""CNR4950234""","""CID6282209""",1.150668,-0.04534042,1.1960084
"""CNR7660683""","""CID6043500""",-0.84933203,-0.026161373,-0.82317066
"""CNR1219476""","""CID2256924""",-0.6216093,-0.0023815632,-0.6192277
"""CNR6731726""","""CID3156243""",-0.7156687,0.035895884,-0.75156456
"""CNR5909422""","""CID7038757""",-2.0919063,-0.011489272,-2.0804172
"""CNR7133958""","""CID9858028""",-0.13646074,0.010930836,-0.14739157
"""CNR3731180""","""CID3771080""",-0.013278072,-0.051246583,0.037968513
"""CNR6332619""","""CID5238276""",4.977401,-0.024790138,5.002191
"""CNR9018259""","""CID4987277""",0.013829263,-0.0064963102,0.020325573
"""CNR3208102""","""CID5798390""",-0.1810152,-0.019616485,-0.16139871
"""CNR2248940""","""CID8250152""",2.0021532,0.034701705,1.9674515
"""CNR2916602""","""CID3532441""",-1.9681439,-0.009247601,-1.9588964
"""CNR5478695""","""CID9234195""",0.013829263,-0.008000463,0.021829726
"""CNR5796768""","""CID1466703""",0.08631154,0.0038738549,0.08243769
"""CNR3297075""","""CID4142704""",1.9674996,-0.07891652,2.046416
"""CNR8962196""","""CID6941922""",0.0,0.0074127913,-0.0074127913
"""CNR8428863""","""CID3852306""",-0.9730944,-0.012502134,-0.96059227
"""CNR5827328""","""CID4887013""",-0.08200529,-0.0032852888,-0.07872
"""CNR5479020""","""CID5186282""",0.013549859,0.008561611,0.0049882475
"""CNR6209617""","""CID7412379""",0.0,0.0110420585,-0.0110420585
"""CNR6048866""","""CID6044486""",0.6061135,0.061140805,0.54497266
"""CNR1396929""","""CID3381228""",0.0,0.01858902,-0.01858902
"""CNR7531304""","""CID1638103""",1.2793808,-0.037380338,1.3167611
"""CNR7366739""","""CID1939146""",0.013549859,-0.015362591,0.02891245
"""CNR3502878""","""CID5984338""",0.003027254,-0.024977684,0.028004939
"""CNR2692380""","""CID3114991""",-2.2552726,0.05051914,-2.3057919
"""CNR5737145""","""CID5332903""",3.2942324,-0.040233314,3.3344657
"""CNR5503938""","""CID7288622""",-0.74537164,-0.042505383,-0.70286626
"""CNR4310836""","""CID1229173""",2.650668,0.013820231,2.6368477
"""CNR9359915""","""CID4229322""",-1.7651736,-0.029027045,-1.7361465
"""CNR9935706""","""CID2399433""",-0.013278072,-0.010553002,-0.0027250694
"""CNR6163713""","""CID9149475""",5.3932424,0.034561813,5.3586807
"""CNR2591844""","""CID3214185""",-1.1760647,0.012473106,-1.1885378
"""CNR8810662""","""CID8779772""",3.3140342,0.0007840991,3.31325
"""CNR2456674""","""CID5288919""",-2.007748,0.017216742,-2.0249646
"""CNR3955373""","""CID3523679""",0.013549859,0.0003054142,0.0132444445
"""CNR4995802""","""CID1782425""",-1.82953,-0.020044148,-1.8094859
"""CNR3076305""","""CID3843819""",-1.1117083,-0.027722716,-1.0839856
"""CNR1855541""","""CID4985271""",0.025039341,-0.013586581,0.038625922
"""CNR2975980""","""CID1672613""",1.111064,0.002024293,1.1090397
"""CNR8065443""","""CID2967746""",0.0,0.03417167,-0.03417167
"""CNR4048084""","""CID9852079""",0.025039341,0.15777832,-0.13273898
"""CNR8368894""","""CID4032717""",0.97245014,-0.030462563,1.0029128
"""CNR8393170""","""CID5900494""",1.1754204,-0.08082092,1.2562413
"""CNR8729566""","""CID4821078""",-0.34438154,0.018765748,-0.3631473
"""CNR3728835""","""CID1810569""",4.2843313,-0.03788531,4.3222165
"""CNR5833632""","""CID7559630""",0.0,-0.023728251,0.023728251
"""CNR7077018""","""CID1729279""",-1.6067578,-0.048708618,-1.5580492
"""CNR5250741""","""CID2043366""",0.9278957,-0.01284498,0.9407407
"""CNR3636325""","""CID8535322""",0.003027254,0.0548566,-0.051829346
"""CNR7578214""","""CID8638668""",0.0,-0.034245074,0.034245074
"""CNR9889244""","""CID5420696""",0.013549859,0.027176201,-0.013626343
"""CNR5492793""","""CID8894462""",0.013829263,-0.0019145012,0.015743764
"""CNR3656500""","""CID1267826""",0.5962125,0.0019134581,0.5942991
"""CNR7942522""","""CID4149884""",-1.8740845,-0.03723049,-1.836854
"""CNR4602740""","""CID8492030""",0.025039341,0.029620647,-0.004581306
"""CNR2833839""","""CID1544874""",-1.5424013,0.055484056,-1.5978854
"""CNR3851741""","""CID9841086""",1.9080937,0.0096665025,1.8984272
"""CNR4077642""","""CID9605394""",-2.1315103,0.044313848,-2.1758242
"""CNR6084444""","""CID3800307""",1.0021532,0.015798569,0.9863546
"""CNR1929978""","""CID5318133""",0.003027254,0.006665945,-0.003638691
"""CNR4339533""","""CID3221673""",2.1457174,0.034469545,2.1112478
"""CNR7423220""","""CID7716263""",0.9229452,0.08267981,0.8402654
"""CNR3386278""","""CID1515475""",0.89324224,-0.043848574,0.9370908
"""CNR6119867""","""CID9054121""",1.1853215,0.08180541,1.1035161
"""CNR6422496""","""CID9554492""",-1.6018072,-0.015136838,-1.5866704
"""CNR5902757""","""CID2863148""",-0.84933203,-0.047363102,-0.80196893
"""CNR6782646""","""CID5160198""",0.4229452,-0.002175063,0.42512026
"""CNR1720813""","""CID1820040""",-0.42853993,-0.05854085,-0.36999908
"""CNR4465530""","""CID1012116""",0.26452938,0.030555338,0.23397404
"""CNR7822213""","""CID7861630""",-1.3196291,-0.0019285083,-1.3177006
"""CNR5185568""","""CID5926282""",-1.7701241,0.03976211,-1.8098862
"""CNR7093552""","""CID6521011""",-0.9582429,0.015490711,-0.9737336
"""CNR6480709""","""CID7690852""",-0.9384409,-0.065276116,-0.8731648
"""CNR8386841""","""CID3367334""",0.013829263,-0.00950402,0.023333283
"""CNR9129572""","""CID6308991""",-0.369134,0.05718699,-0.426321
"""CNR7721918""","""CID9589307""",-0.013278072,-0.014274389,0.0009963168
"""CNR2599603""","""CID4962035""",-0.013278072,0.02219814,-0.03547621
"""CNR2090608""","""CID6403434""",2.3684897,0.013957679,2.354532
"""CNR5501354""","""CID6689476""",0.013549859,-0.020523787,0.034073643
"""CNR7176587""","""CID5377650""",-1.6513122,0.015063435,-1.6663756
"""CNR4122694""","""CID1834670""",-0.68596566,0.044546783,-0.73051244
"""CNR1338914""","""CID4958757""",0.9229452,-0.05382651,0.9767717
"""CNR5397385""","""CID8716701""",-0.7404211,-0.052772313,-0.6876488
"""CNR7830846""","""CID9763539""",0.5368066,0.025077224,0.51172936
"""CNR1850683""","""CID1822075""",0.40809372,-0.05124989,0.4593436
"""CNR2773935""","""CID4293447""",1.5170046,-0.011785328,1.52879
"""CNR7480093""","""CID8427518""",0.013549859,0.03965789,-0.026108032
"""CNR3953665""","""CID6501657""",1.5566086,0.020375282,1.5362333
"""CNR8556142""","""CID6582784""",0.002153125,0.0014237165,0.00072940835
"""CNR2907527""","""CID7063653""",-1.5770547,0.0511142,-1.628169
"""CNR4407837""","""CID2240525""",-0.93349046,-0.03051868,-0.90297174
"""CNR6818701""","""CID5746855""",4.413044,-0.005688548,4.4187326
"""CNR3409148""","""CID7153759""",-0.7948766,-0.007028967,-0.78784764
"""CNR3243401""","""CID4963177""",0.9031432,-0.058477998,0.9616212
"""CNR4722232""","""CID8935785""",-0.16121322,0.0036407113,-0.16485393
"""CNR9877337""","""CID4755498""",1.150668,-0.03286147,1.1835295
"""CNR3974198""","""CID1602305""",-0.01214276,-0.016913146,0.004770386
"""CNR5421864""","""CID7562193""",-1.6711142,-0.0051567554,-1.6659575
"""CNR4837725""","""CID1785007""",-0.19586667,-0.0041869283,-0.19167975
"""CNR6638435""","""CID6627243""",0.37839076,0.046496302,0.33189446
"""CNR2086835""","""CID2274453""",4.3239355,-0.046072066,4.3700075
"""CNR4121023""","""CID5512201""",-0.013278072,-0.039251506,0.025973435
"""CNR8423459""","""CID6587219""",4.041757,-0.001858294,4.0436153
"""CNR1948989""","""CID4821721""",1.4526482,-0.027798146,1.4804463
"""CNR9188686""","""CID1112455""",-1.5770547,0.013828099,-1.5908828
"""CNR3721708""","""CID6755815""",-0.013278072,0.03279254,-0.04607061
"""CNR2249494""","""CID1006720""",0.5863115,-0.003221631,0.58953315
"""CNR9878830""","""CID4388935""",0.013549859,-0.031706393,0.04525625
"""CNR8023717""","""CID2189814""",-0.54735184,0.015910685,-0.5632625
"""CNR6258054""","""CID1033608""",0.025039341,0.028064072,-0.0030247308
"""CNR8587826""","""CID9910090""",-2.2156687,-0.039912343,-2.1757565
"""CNR8018422""","""CID7611354""",0.44274718,-0.028913587,0.47166076
"""CNR3975051""","""CID5797043""",0.003027254,-0.028077424,0.031104678
"""CNR1909904""","""CID2955135""",-0.5523023,-0.08106947,-0.47123283
"""CNR9963713""","""CID4021362""",0.10611352,-0.006801307,0.11291483
"""CNR9494383""","""CID8011642""",0.025039341,-0.05741754,0.08245689
"""CNR3015622""","""CID7428532""",0.06650956,0.014904171,0.05160539
"""CNR9733578""","""CID1574356""",1.9674996,-0.009329498,1.976829
"""CNR2818077""","""CID6851061""",0.013829263,0.048549682,-0.03472042
"""CNR5134689""","""CID4347209""",-1.5919063,-0.021744698,-1.5701616
"""CNR3394935""","""CID3876151""",-1.4037875,0.0066133738,-1.4104009
"""CNR8908363""","""CID1369055""",0.82393533,-0.031261325,0.85519665
"""CNR3224338""","""CID8687974""",-1.398837,-0.01843363,-1.3804033
"""CNR1375350""","""CID9834571""",-1.948342,0.02598691,-1.9743289
"""CNR8228704""","""CID9882501""",0.9130442,-0.03416729,0.9472115
"""CNR6587377""","""CID5889457""",-0.1760647,-0.027639449,-0.14842525
"""CNR5566209""","""CID9621178""",-2.2552726,0.06419468,-2.3194673
"""CNR3056994""","""CID8188054""",-1.9136884,0.006894678,-1.9205831
"""CNR2187627""","""CID6503087""",0.003027254,-0.0038034916,0.0068307454
"""CNR7349217""","""CID9938755""",0.013549859,0.0023146272,0.0112352315
"""CNR7046122""","""CID9284400""",0.013829263,0.043777347,-0.029948084
"""CNR8619913""","""CID1765267""",4.388292,0.013510227,4.3747816
"""CNR4501731""","""CID6672109""",-2.1661637,0.011109889,-2.1772735
"""CNR4768186""","""CID4103622""",-0.5968568,0.022981822,-0.6198386
"""CNR4213225""","""CID4895097""",0.77938086,-0.026540458,0.8059213
"""CNR9835984""","""CID9964638""",1.1803709,0.00096070766,1.1794102
"""CNR1680794""","""CID3562155""",-1.2503221,-0.0002542138,-1.250068
"""CNR4481242""","""CID1996050""",9.541757,0.005745679,9.536011
"""CNR4470889""","""CID2142419""",0.0,-0.06888175,0.06888175
"""CNR5013975""","""CID2973537""",-1.1513122,0.048312157,-1.1996244
"""CNR3335439""","""CID1951015""",0.025039341,0.034464806,-0.009425465
"""CNR3178976""","""CID7749739""",-0.5968568,0.051858008,-0.6487148
"""CNR1760649""","""CID1904097""",0.07146005,0.006161332,0.06529872
"""CNR8461663""","""CID1453838""",1.3635392,-0.054688156,1.4182274
"""CNR6697393""","""CID5425873""",-0.02259935,-0.055518806,0.032919455
"""CNR6990671""","""CID2352302""",-0.22556965,-0.022316843,-0.2032528
"""CNR3599522""","""CID6074980""",-1.7305201,0.048508227,-1.7790284
"""CNR3730838""","""CID8918746""",-0.82457954,0.04633102,-0.8709105
"""CNR6262174""","""CID4943288""",-0.11170826,-0.012583554,-0.09912471
"""CNR4126978""","""CID4355915""",0.0,-0.036221087,0.036221087
"""CNR6657243""","""CID8800844""",-1.8542825,0.014613897,-1.8688964
"""CNR2253111""","""CID4468597""",-1.3740845,0.008501172,-1.3825856
"""CNR7566520""","""CID5417446""",0.0,0.016549826,-0.016549826
"""CNR7565966""","""CID3274982""",-0.9136885,0.0015977323,-0.9152862
"""CNR5113495""","""CID9004312""",0.0,-0.015048683,0.015048683
"""CNR5663619""","""CID2314082""",0.013549859,0.000872463,0.012677396
"""CNR3080061""","""CID7174790""",-1.5820053,-0.0068541765,-1.5751511
"""CNR1430611""","""CID4327136""",-0.3839855,-0.018761098,-0.3652244
"""CNR5442434""","""CID1410108""",-0.14636172,-0.024332762,-0.12202896
"""CNR2926412""","""CID2626852""",0.79918283,0.07815194,0.7210309
"""CNR5460373""","""CID6236805""",0.003027254,0.008093983,-0.005066729
"""CNR2444740""","""CID8154061""",1.9575987,-0.0068677664,1.9644665
"""CNR1354327""","""CID9734770""",-0.40378746,0.00848937,-0.41227683
"""CNR9497240""","""CID5506646""",1.7595788,0.0063725114,1.7532063
"""CNR7912055""","""CID3793893""",2.6902719,-0.027022421,2.7172942
"""CNR1714597""","""CID6430187""",-1.0325004,0.034424484,-1.0669248
"""CNR6819202""","""CID8222906""",0.003027254,0.0740459,-0.07101864
"""CNR1817979""","""CID6019889""",0.003027254,-0.032195657,0.03522291
"""CNR5588269""","""CID9709522""",-0.013278072,0.013417542,-0.026695613
"""CNR8006895""","""CID4815305""",-1.9384409,-0.057494402,-1.8809465
"""CNR2286057""","""CID3197456""",1.9328462,-0.021965146,1.9548113
"""CNR1943833""","""CID9147821""",0.003027254,-0.025439054,0.028466308
"""CNR5712732""","""CID6728009""",-1.3047776,0.034454048,-1.3392317
"""CNR6345736""","""CID3907897""",0.003027254,0.04892963,-0.04590238
"""CNR3239370""","""CID8555928""",-0.013278072,-0.0096824765,-0.0035955952
"""CNR6140566""","""CID9065430""",0.0,0.013830155,-0.013830155
"""CNR6969618""","""CID1550051""",1.0417571,-0.006324202,1.0480813
"""CNR1064168""","""CID3294920""",0.013829263,-0.014957249,0.028786512
"""CNR1482735""","""CID1078628""",0.57146007,-0.001608491,0.57306856
"""CNR9559964""","""CID6248574""",3.7348263,0.01843208,3.7163942
"""CNR5682531""","""CID7080169""",0.013829263,0.0016768575,0.012152405
"""CNR6806080""","""CID8904574""",-0.6612132,0.03530118,-0.69651437
"""CNR2081245""","""CID3557437""",-1.888936,-0.040261835,-1.8486742
"""CNR9140811""","""CID8664987""",-1.859233,-0.008648843,-1.8505841
"""CNR7439127""","""CID2424398""",-0.58200526,-0.020575404,-0.56142986
"""CNR6422757""","""CID1329350""",-0.30972806,-0.014918506,-0.29480955
"""CNR1880677""","""CID9580426""",-0.3839855,0.000636816,-0.3846223
"""CNR6261414""","""CID9606306""",0.013549859,-0.007990003,0.021539861
"""CNR8211452""","""CID3834834""",0.003027254,-0.013528526,0.01655578
"""CNR1377221""","""CID9776034""",0.013549859,-0.02373135,0.037281208
"""CNR9474644""","""CID9889481""",-1.4532924,0.0006172061,-1.4539096
"""CNR5640954""","""CID5615645""",-2.0424013,0.03120619,-2.0736074
"""CNR5051484""","""CID9281888""",-1.0424013,-0.021956235,-1.0204451
"""CNR3410000""","""CID3366037""",0.003027254,-0.034632206,0.03765946
"""CNR4625663""","""CID4907887""",-1.2701241,0.0033681989,-1.2734923
"""CNR6659671""","""CID4496184""",0.013829263,-0.024545074,0.038374335
"""CNR7933327""","""CID5195956""",0.0,-0.02691263,0.02691263
"""CNR3562857""","""CID9999204""",0.0,-0.009488255,0.009488255
"""CNR6834833""","""CID7370092""",0.003027254,0.028556198,-0.025528943
"""CNR4321031""","""CID1272728""",2.9328463,-0.012385428,2.9452317
"""CNR2285116""","""CID7007113""",0.013829263,-0.006074041,0.019903304
"""CNR6764691""","""CID5721096""",0.003027254,0.01204136,-0.009014106
"""CNR7164509""","""CID9717214""",-0.81467855,-0.007627845,-0.8070507
"""CNR6505750""","""CID5648413""",0.25462836,-0.0023412108,0.25696957
"""CNR7501154""","""CID8405398""",1.5863116,0.019946128,1.5663655
"""CNR6793030""","""CID3896011""",0.28928185,-0.034384966,0.3236668
"""CNR5578145""","""CID3939950""",0.27443036,0.0017276704,0.2727027
"""CNR1937048""","""CID8703018""",0.013549859,0.034066856,-0.020516997
"""CNR8941618""","""CID8045152""",0.003027254,-0.005096853,0.008124107
"""CNR8083171""","""CID5011769""",1.130866,0.010628223,1.1202378
"""CNR4381269""","""CID3127328""",-1.4730943,0.0050023794,-1.4780967
"""CNR2346704""","""CID4465166""",0.27443036,0.02966097,0.2447694
"""CNR2392301""","""CID9081034""",1.5269057,-0.031852424,1.558758
"""CNR4718345""","""CID5936859""",0.003027254,0.076260865,-0.07323361
"""CNR9482910""","""CID5029459""",-1.2057676,-0.024531603,-1.181236
"""CNR7549043""","""CID3836434""",0.0269056,-0.022637099,0.0495427
"""CNR9604311""","""CID7706269""",0.025039341,0.050736547,-0.025697205
"""CNR3790121""","""CID3787863""",-0.8344805,0.07348251,-0.90796304
"""CNR1360962""","""CID2241726""",0.0,0.058291614,-0.058291614
"""CNR5940198""","""CID9725154""",0.0,-0.01404956,0.01404956
"""CNR9982016""","""CID9718214""",0.0269056,0.0057432055,0.021162394
"""CNR7276361""","""CID8674483""",-1.2305201,0.008411109,-1.2389312
"""CNR2971122""","""CID7544355""",0.025039341,-0.013966531,0.03900587
"""CNR8400458""","""CID2161447""",0.27443036,0.06379634,0.21063402
"""CNR9394473""","""CID3907704""",0.013829263,-0.010493159,0.024322422
"""CNR2412113""","""CID4684023""",2.041757,-0.0071698427,2.0489268
"""CNR8533122""","""CID9240869""",4.9377966,-0.016792119,4.954589
"""CNR4526581""","""CID5877850""",0.003027254,-0.0038431287,0.0068703825
"""CNR8835758""","""CID4273407""",1.6556184,-0.0048192143,1.6604376
"""CNR6435461""","""CID6125904""",-0.9532924,-0.12502828,-0.8282641
"""CNR5229190""","""CID1110783""",0.0,0.06603092,-0.06603092
"""CNR5262866""","""CID8924844""",-0.24537162,0.039466143,-0.28483778
"""CNR7768814""","""CID7781598""",0.003027254,0.0041995645,-0.0011723104
"""CNR7070384""","""CID4409375""",-0.92358947,0.033120096,-0.95670956
"""CNR7526138""","""CID7818428""",-0.5077479,0.00075399876,-0.5085019
"""CNR8954746""","""CID8002315""",-0.02259935,0.011983991,-0.03458334
"""CNR4252133""","""CID8449656""",1.7595788,0.0118998885,1.747679
"""CNR1784566""","""CID9710862""",-1.5523024,-0.0719347,-1.4803677
"""CNR8010247""","""CID2193361""",-1.5325004,-0.03264159,-1.4998589
"""CNR5499899""","""CID4659704""",-1.7305201,0.03357762,-1.7640977
"""CNR2553580""","""CID9213190""",0.0,-0.0247944,0.0247944
"""CNR4802303""","""CID9398026""",-1.398837,0.041222185,-1.4400592
"""CNR2733601""","""CID4819650""",3.2744303,-0.02566725,3.3000975
"""CNR7494209""","""CID2349531""",-1.0424013,-0.015608668,-1.0267926
"""CNR5579896""","""CID1675266""",-2.1463618,-0.035163105,-2.1111987
"""CNR8635065""","""CID5670246""",0.013829263,0.01392138,-9.2117116e-05
"""CNR1100033""","""CID6442313""",0.025039341,0.017244488,0.0077948533
"""CNR3363203""","""CID2435881""",-0.007747865,0.0027552843,-0.010503149
"""CNR3411771""","""CID8717135""",-0.7404211,0.015478134,-0.75589925
"""CNR7570442""","""CID8181525""",0.11601451,0.03804046,0.07797405
"""CNR8842662""","""CID9575424""",-0.0770548,-0.027266353,-0.049788445
"""CNR9095209""","""CID5490973""",-1.8839855,0.014445931,-1.8984314
"""CNR2755991""","""CID1232767""",-0.45824292,-0.0045871437,-0.45365578
"""CNR8989570""","""CID5339588""",-1.2503221,0.07490164,-1.3252237
"""CNR8319055""","""CID1233499""",0.025039341,0.010869503,0.014169838
"""CNR5386588""","""CID2995712""",-1.2800251,0.024002284,-1.3040274
"""CNR9339960""","""CID9287655""",0.013829263,-0.036423832,0.050253093
"""CNR9652675""","""CID7310278""",-0.7651736,0.014225602,-0.7793992
"""CNR8520942""","""CID5362946""",0.0,0.005130887,-0.005130887
"""CNR9491287""","""CID6700576""",0.0,-0.016168833,0.016168833
"""CNR7247064""","""CID4114901""",-0.48794588,0.0018226504,-0.48976853
"""CNR1049806""","""CID9147101""",0.0,-0.0029868782,0.0029868782
"""CNR8689183""","""CID2363471""",0.003027254,0.03090614,-0.027878886
"""CNR3866627""","""CID4100007""",0.003027254,-0.057947665,0.06097492
"""CNR9455885""","""CID8349059""",0.025039341,-0.022832632,0.047871973
"""CNR9073729""","""CID7886623""",0.0,0.12503612,-0.12503612
"""CNR2007630""","""CID2648938""",-1.6958667,-0.0197711,-1.6760956
"""CNR8818109""","""CID6288408""",0.4278957,-0.01591307,0.44380876
"""CNR8779635""","""CID6802499""",-2.0968568,-0.036430687,-2.0604262
"""CNR5267856""","""CID7352148""",0.003027254,0.019943148,-0.016915893
"""CNR8250643""","""CID1715984""",0.003027254,-0.0074423254,0.010469579
"""CNR9312662""","""CID8446535""",-0.013278072,-0.006857455,-0.006420617
"""CNR4141987""","""CID7879641""",-1.869134,0.0023972094,-1.8715311
"""CNR3453323""","""CID2793175""",0.025039341,0.015269846,0.009769496
"""CNR2942396""","""CID7883404""",0.013549859,-0.029672146,0.043222003
"""CNR3517328""","""CID1336319""",-0.013278072,0.065916955,-0.07919503
"""CNR6190355""","""CID2937207""",-2.1265597,0.0028747022,-2.1294343
"""CNR5906455""","""CID4747480""",0.0,-0.016463816,0.016463816
"""CNR3715768""","""CID7598205""",-1.0968568,-0.020452946,-1.0764039
"""CNR9212054""","""CID3090026""",-2.0275497,0.011901259,-2.0394511
"""CNR8630427""","""CID6848561""",0.13581648,-0.0035532117,0.1393697
"""CNR1332005""","""CID4319334""",-0.09685677,0.0034154058,-0.10027218
"""CNR5339292""","""CID9685186""",-0.13151024,0.056405723,-0.18791597
"""CNR3424567""","""CID2365775""",-0.013278072,0.13084912,-0.14412719
"""CNR2773709""","""CID2243687""",-0.14636172,-0.013367534,-0.13299419
"""CNR3888486""","""CID7787385""",0.29918283,-0.049354732,0.34853756
"""CNR2727694""","""CID2666720""",1.4229453,0.042505205,1.38044
"""CNR6162052""","""CID1904707""",2.021955,-0.008361638,2.0303166
"""CNR3405365""","""CID3906891""",-0.086955786,-0.026088476,-0.06086731
"""CNR6394293""","""CID9814880""",1.3041333,-0.027389526,1.3315228
"""CNR9432277""","""CID5003737""",0.003027254,0.06510842,-0.062081166
"""CNR3688485""","""CID9568226""",-0.7156687,-0.023699224,-0.69196945
"""CNR1321146""","""CID8262575""",-0.9631934,0.01677376,-0.9799672
"""CNR1572911""","""CID6230710""",-0.12655975,-0.024427235,-0.102132514
"""CNR3632412""","""CID3470020""",0.025039341,0.0043355227,0.020703819
"""CNR7105290""","""CID4680941""",1.130866,-0.0050364137,1.1359024
"""CNR5683636""","""CID1433159""",-0.06220331,0.016870946,-0.079074256
"""CNR6800284""","""CID5756598""",0.44769767,-0.061968803,0.50966644
"""CNR7454823""","""CID6596639""",0.0,-0.009374142,0.009374142
"""CNR2143552""","""CID8088898""",1.3041333,0.033639014,1.2704942
"""CNR7779790""","""CID7656347""",-1.9730943,-0.008139133,-1.9649552
"""CNR9271952""","""CID3200260""",-1.2602232,-0.044209033,-1.2160141
"""CNR9870578""","""CID4110548""",-0.369134,0.025189996,-0.394324
"""CNR5208546""","""CID1122589""",0.003027254,-0.031097293,0.034124546
"""CNR9053366""","""CID7909663""",0.65066797,0.040813744,0.6098542
"""CNR2045587""","""CID9187775""",-1.6265597,0.04273802,-1.6692977
"""CNR1535864""","""CID3343668""",0.013549859,0.046310246,-0.03276039
"""CNR4168940""","""CID9503993""",0.30908382,0.047132313,0.2619515
"""CNR1529614""","""CID1606472""",2.3288858,0.012524724,2.316361
"""CNR9032591""","""CID2709652""",-1.82953,0.03371352,-1.8632436
"""CNR4749777""","""CID6486361""",-0.013278072,0.027425885,-0.040703956
"""CNR2943122""","""CID1929608""",0.91799474,0.052006245,0.8659885
"""CNR7882647""","""CID7303584""",-1.3641835,0.06463638,-1.4288199
"""CNR8905802""","""CID6191745""",-0.859233,-0.0323655,-0.8268675
"""CNR1770727""","""CID8155468""",-0.15626271,-0.008300304,-0.1479624
"""CNR2286379""","""CID7226973""",0.013829263,0.040087342,-0.02625808
"""CNR5554512""","""CID6709523""",0.025039341,0.050388575,-0.025349233
"""CNR9593761""","""CID2602221""",-0.2701241,-0.07874346,-0.19138065
"""CNR7942328""","""CID7383211""",3.259579,-0.01808256,3.2776616
"""CNR8446971""","""CID2162506""",5.551658,0.049368292,5.50229
"""CNR4876025""","""CID4693723""",0.003027254,0.006244123,-0.003216869
"""CNR9738155""","""CID5203030""",-0.21071815,-0.018063098,-0.19265506
"""CNR7658614""","""CID5737674""",0.025039341,0.035187423,-0.010148082
"""CNR6327898""","""CID8639612""",5.3734403,-0.012323499,5.3857636
"""CNR4518559""","""CID5100197""",-1.0176488,0.000111967325,-1.0177608
"""CNR5481968""","""CID4668847""",1.581361,-0.04266578,1.6240268
"""CNR8408896""","""CID2404397""",-0.23052014,-0.1341793,-0.09634085
"""CNR6295762""","""CID3988333""",1.7595788,-0.04478076,1.8043596
"""CNR3948879""","""CID7028432""",0.0,-0.03137505,0.03137505
"""CNR2927660""","""CID1444610""",0.025039341,-0.0161435,0.041182842
"""CNR5501043""","""CID4221982""",4.363539,-0.05039209,4.4139314
"""CNR5005033""","""CID7181851""",1.4427472,-0.014180958,1.4569283
"""CNR5569790""","""CID2707387""",0.013549859,0.012027919,0.0015219394
"""CNR3645742""","""CID7993421""",-2.0374508,0.06555736,-2.1030083
"""CNR6333881""","""CID5279187""",0.0,0.054790467,-0.054790467
"""CNR3161761""","""CID5620273""",0.013549859,-0.028417349,0.041967206
"""CNR9154920""","""CID4732070""",0.013829263,-0.02020064,0.0340299
"""CNR3862093""","""CID1922786""",3.6061134,-0.041465998,3.6475794
"""CNR1249750""","""CID9684354""",-0.9879459,0.027547657,-1.0154936
"""CNR7592847""","""CID8321567""",2.3189847,-0.03948021,2.358465
"""CNR8343711""","""CID9546903""",1.8833412,0.038802683,1.8445385
"""CNR2594119""","""CID5312288""",1.9823512,0.009904593,1.9724466
"""CNR7385034""","""CID8319360""",-0.60675776,-0.04992801,-0.55682975
"""CNR2906266""","""CID8514389""",-1.0374508,0.00034540892,-1.0377963
"""CNR1597088""","""CID9285579""",0.003027254,-0.03310448,0.036131732
"""CNR7101323""","""CID8328289""",-1.0176488,-0.03673345,-0.98091537
"""CNR8880547""","""CID2121221""",0.013829263,0.07140541,-0.05757615
"""CNR7209480""","""CID1842390""",0.06650956,0.05222565,0.01428391
"""CNR2766111""","""CID9600139""",3.7942324,-0.035833955,3.8300662
"""CNR1494849""","""CID8441953""",-0.31962904,-0.014636695,-0.30499235
"""CNR7758329""","""CID6502974""",-1.6958667,-0.013147235,-1.6827195
"""CNR6960934""","""CID1168723""",0.025039341,0.013483554,0.011555787
"""CNR2653577""","""CID9822958""",0.19027194,0.011279345,0.1789926
"""CNR3580773""","""CID3461452""",-0.037450835,-0.03840199,0.000951156
"""CNR3337129""","""CID3788759""",0.9922521,0.061213225,0.93103886
"""CNR6648256""","""CID7152037""",0.025039341,-0.02265346,0.0476928
"""CNR2388566""","""CID1093901""",0.003027254,0.048731714,-0.04570446
"""CNR3977146""","""CID7499047""",0.025039341,0.05176696,-0.02672762
"""CNR9219664""","""CID7328904""",0.013829263,-0.02906549,0.04289475
"""CNR1074698""","""CID8555689""",-1.6612132,0.014954776,-1.676168
"""CNR9321745""","""CID1967128""",0.601163,-0.0048461556,0.6060092
"""CNR7086906""","""CID4516495""",2.3833413,-0.019834667,2.403176
"""CNR8520184""","""CID7267162""",-2.1414113,-0.03003499,-2.1113763
"""CNR4629723""","""CID5504930""",0.025039341,-0.046742618,0.07178196
"""CNR7905355""","""CID8374335""",0.5021531,-0.014332265,0.51648533
"""CNR6116763""","""CID2942680""",-1.9582429,0.05965662,-2.0178995
"""CNR5760530""","""CID8699862""",0.025039341,0.033122838,-0.008083496
"""CNR4172650""","""CID4225562""",0.0,-0.026453078,0.026453078
"""CNR2617238""","""CID3350368""",0.003027254,0.10852331,-0.10549606
"""CNR6186098""","""CID6787748""",0.091262035,0.009908766,0.08135327
"""CNR9183394""","""CID6451393""",0.95264816,-0.027982116,0.9806303
"""CNR2305476""","""CID6223974""",-0.24537162,0.0020102262,-0.24738185
"""CNR2431426""","""CID6609049""",0.61601454,-0.022257626,0.63827217
"""CNR3970526""","""CID3027032""",0.8041333,0.044893324,0.75924
"""CNR8921025""","""CID3195934""",1.2694799,0.028709948,1.2407699
"""CNR6352637""","""CID3485910""",1.8140343,-0.040902704,1.8549371
"""CNR8905251""","""CID3018693""",0.003027254,-0.0020677745,0.0050950283
"""CNR7563831""","""CID9245081""",0.67046994,-0.01916498,0.6896349
"""CNR4328701""","""CID8248587""",-1.9433914,0.0639568,-2.0073483
"""CNR9329214""","""CID2645092""",-1.0275499,-0.04486406,-0.9826858
"""CNR6738034""","""CID5602904""",-0.013278072,-0.02504906,0.011770989
"""CNR5061363""","""CID5750536""",-1.7701241,0.041799158,-1.8119233
"""CNR7318271""","""CID7693508""",0.013829263,-0.003704816,0.017534079
"""CNR9356428""","""CID9997540""",1.3536383,0.051412255,1.3022261
"""CNR2580415""","""CID7563032""",-0.74537164,-0.02717328,-0.71819836
"""CNR4780546""","""CID5614489""",0.013829263,0.039159536,-0.025330273
"""CNR8336295""","""CID8501479""",0.7348264,-0.0048850775,0.73971146
"""CNR3872323""","""CID6344238""",2.3734403,-0.04675594,2.4201963
"""CNR2557236""","""CID5087578""",-1.42854,0.0071688294,-1.4357088
"""CNR4315220""","""CID8483082""",-2.0721042,0.027695715,-2.0997999
"""CNR7640230""","""CID3439349""",1.2001729,-0.03444612,1.234619
"""CNR1618432""","""CID1676602""",0.003027254,-0.023453176,0.02648043
"""CNR4642109""","""CID6055646""",-0.4829954,-0.06171286,-0.42128253
"""CNR5128933""","""CID5920300""",3.4972026,-0.005443245,3.502646
"""CNR7761749""","""CID6894844""",-1.1018072,0.07302606,-1.1748333
"""CNR1648991""","""CID3109760""",-1.9879459,-0.077938914,-1.910007
"""CNR1234537""","""CID2447190""",2.081361,0.02404648,2.0573146
"""CNR4893976""","""CID7474863""",-1.349332,0.020146936,-1.369479
"""CNR9427663""","""CID1532355""",-1.379035,0.00395602,-1.3829911
"""CNR1173571""","""CID9620917""",0.013829263,0.00014320016,0.013686063
"""CNR3817951""","""CID5388187""",0.003027254,0.07340598,-0.07037873
"""CNR7286285""","""CID6567281""",0.37344027,-0.015344918,0.38878518
"""CNR7094450""","""CID7176344""",0.025039341,0.003519982,0.02151936
"""CNR9804560""","""CID1305960""",-0.31467855,-0.019219637,-0.2954589
"""CNR4532326""","""CID8948757""",-0.047351826,-0.024130702,-0.023221124
"""CNR7107245""","""CID7948630""",-0.8443815,0.0025144815,-0.846896
"""CNR5879775""","""CID4924523""",0.4328462,-0.030389845,0.46323603
"""CNR1435065""","""CID5246163""",-2.0622034,-0.06600219,-1.9962013
"""CNR7351146""","""CID2814344""",1.7744304,-0.019771159,1.7942016
"""CNR8151765""","""CID4174647""",-0.33943105,-0.009369075,-0.33006197
"""CNR5723887""","""CID9077820""",-1.2552726,-0.026039481,-1.2292331
"""CNR6797563""","""CID5257436""",0.003027254,0.012970328,-0.009943075
"""CNR7100776""","""CID8776628""",-0.64141124,-0.023401588,-0.6180097
"""CNR1585344""","""CID2622290""",0.0,-0.02713424,0.02713424
"""CNR4973476""","""CID5836904""",0.003027254,-0.017043233,0.020070488
"""CNR6047848""","""CID3019366""",4.8585887,-0.024840832,4.8834295
"""CNR6128604""","""CID5414031""",1.1655195,-0.060022622,1.2255421
"""CNR4626881""","""CID2295522""",0.013829263,0.008188993,0.00564027
"""CNR9809490""","""CID3296740""",0.0,0.034077227,-0.034077227
"""CNR4898711""","""CID5151128""",-2.1166587,-0.041063786,-2.075595
"""CNR3757772""","""CID2063359""",0.0,-0.007568985,0.007568985
"""CNR1227156""","""CID5871148""",0.003027254,-0.021413594,0.02444085
"""CNR2736422""","""CID4206548""",0.8090838,-0.02773866,0.8368225
"""CNR9301433""","""CID6052547""",-0.013278072,0.029841065,-0.043119136
"""CNR7644654""","""CID3910564""",0.40314323,-0.032652557,0.43579578
"""CNR5555108""","""CID4626174""",-0.9582429,-0.006398797,-0.9518441
"""CNR7124375""","""CID3867692""",0.0,-0.008426219,0.008426219
"""CNR8946539""","""CID7999250""",-0.82953006,-0.02890861,-0.80062145
"""CNR6288480""","""CID4177088""",-0.8196291,0.043918967,-0.86354804
"""CNR5777777""","""CID7316400""",-0.29982707,0.0019631386,-0.3017902
"""CNR3152199""","""CID6107557""",-0.9631934,-0.010586768,-0.9526067
"""CNR3942124""","""CID2976646""",0.0,-0.0023419857,0.0023419857
"""CNR9011286""","""CID7780481""",0.003027254,0.022850305,-0.01982305
"""CNR4244525""","""CID7252653""",-0.0770548,0.038353503,-0.1154083
"""CNR3542458""","""CID5671394""",0.013549859,-0.00016331673,0.013713175
"""CNR4598046""","""CID8357763""",-1.0671538,-0.0022243261,-1.0649295
"""CNR6592078""","""CID9849118""",0.013829263,0.01569742,-0.0018681567
"""CNR7320431""","""CID1306202""",-2.2156687,-0.027165055,-2.1885037
"""CNR8800722""","""CID5085518""",0.003027254,0.012197077,-0.0091698235
"""CNR5463077""","""CID3114794""",0.0,-0.03153211,0.03153211
"""CNR2335982""","""CID9869713""",-1.5721043,-0.03457147,-1.5375328
"""CNR3094906""","""CID4013730""",0.025039341,0.0170483,0.007991042
"""CNR1900039""","""CID4291637""",-0.34438154,0.018967211,-0.36334875
"""CNR3649322""","""CID7334576""",-0.01214276,-0.011292189,-0.0008505704
"""CNR3748955""","""CID9377037""",1.1457175,-0.012808561,1.1585261
"""CNR9755007""","""CID9595686""",0.0,-0.049381316,0.049381316
"""CNR2521760""","""CID6714993""",0.4179947,-0.012009144,0.43000385
"""CNR6314219""","""CID3298114""",-1.1711142,-0.04036632,-1.1307479
"""CNR6613473""","""CID9050771""",-1.6859657,-0.016760945,-1.6692047
"""CNR8156963""","""CID6416759""",1.9179947,-0.017071962,1.9350667
"""CNR7899586""","""CID2639596""",-1.1265597,-0.007714182,-1.1188456
"""CNR2542007""","""CID9191647""",0.061559066,0.05467546,0.0068836063
"""CNR7886413""","""CID5602366""",-2.1859658,-0.05102825,-2.1349375
"""CNR5884568""","""CID1928862""",-0.9582429,-0.008655608,-0.9495873
"""CNR2403501""","""CID7898113""",0.37344027,-0.01666665,0.39010692
"""CNR8865788""","""CID4887522""",2.041757,-0.054147124,2.0959044
"""CNR9587735""","""CID3310310""",-0.6810152,0.012828529,-0.6938437
"""CNR6049918""","""CID1623748""",0.003027254,-0.06092316,0.06395041
"""CNR6293641""","""CID4225650""",2.9377966,-0.117262185,3.0550587
"""CNR4948304""","""CID6501264""",-1.349332,0.013094574,-1.3624265
"""CNR4875084""","""CID9358394""",-0.73547065,-0.073253036,-0.6622176
"""CNR8424427""","""CID4340944""",3.3882918,-0.023515373,3.4118073
"""CNR1478779""","""CID2451350""",-1.3196291,0.032906443,-1.3525355
"""CNR7228578""","""CID3160869""",-0.013278072,-0.0045989156,-0.008679156
"""CNR8604594""","""CID3585122""",1.3981928,-0.0173828,1.4155755
"""CNR8598873""","""CID3826000""",-1.0820053,0.009060562,-1.0910659
"""CNR9585330""","""CID2897514""",-1.948342,-0.02971083,-1.9186311
"""CNR2716834""","""CID7796662""",-1.2156687,0.042504996,-1.2581737
"""CNR2271313""","""CID1495224""",2.259579,-0.018091142,2.2776701
"""CNR2379240""","""CID8357047""",-0.36418352,-0.04686743,-0.3173161
"""CNR4161251""","""CID5991164""",-0.81467855,-0.003187567,-0.811491
"""CNR3497972""","""CID4057354""",5.8140345,0.024344832,5.7896895
"""CNR9113723""","""CID3912610""",1.2991828,0.026945531,1.2722373
"""CNR9820976""","""CID3009284""",-2.1414113,-0.001713872,-2.1396976
"""CNR5764415""","""CID7229306""",-2.2057676,-0.0128796995,-2.192888
"""CNR6953942""","""CID7995985""",-1.7404212,-0.044181705,-1.6962395
"""CNR6029897""","""CID1220212""",1.2348264,0.00839299,1.2264335
"""CNR5041530""","""CID6700193""",-1.3839855,-0.0036808848,-1.3803046
"""CNR4463456""","""CID1319392""",0.0,-0.014112711,0.014112711
"""CNR7878163""","""CID5853875""",-1.5275499,-0.0042960644,-1.5232538
"""CNR5565471""","""CID8899758""",1.3783908,0.036680013,1.3417108
"""CNR9694297""","""CID8618436""",-1.5523024,0.08512545,-1.6374278
"""CNR1394268""","""CID1844830""",0.061559066,-0.006993532,0.0685526
"""CNR5872033""","""CID5741828""",8.289282,-0.019964516,8.309246
"""CNR5533490""","""CID3294812""",0.025039341,0.042353183,-0.017313842
"""CNR7715554""","""CID4225622""",0.013829263,-0.04796642,0.06179568
"""CNR6825837""","""CID7872787""",3.4873016,-0.02405727,3.5113587
"""CNR9130578""","""CID5199828""",2.5764105,0.06913984,2.5072708
"""CNR9140366""","""CID3277236""",-0.21071815,-0.100737065,-0.10998109
"""CNR7342436""","""CID1377418""",0.025039341,0.022734165,0.002305176
"""CNR5934274""","""CID9941821""",0.0,0.006827891,-0.006827891
"""CNR7264876""","""CID4749798""",-0.6909162,0.0030341744,-0.69395036
"""CNR2347766""","""CID1838649""",0.003027254,-0.013320237,0.016347492
"""CNR9641108""","""CID3120648""",-1.2552726,-0.041204035,-1.2140687
"""CNR9653063""","""CID5003461""",-1.9334904,-0.015142202,-1.9183482
"""CNR1850080""","""CID4009013""",-2.2453716,-0.009038508,-2.2363331
"""CNR2120145""","""CID1546521""",0.003027254,0.011184305,-0.008157051
"""CNR4962003""","""CID2263752""",0.003027254,-0.019844323,0.022871578
"""CNR2720161""","""CID4674574""",-0.67606467,-0.036434144,-0.63963056
"""CNR8160913""","""CID9615522""",0.0,0.02621141,-0.02621141
"""CNR5826515""","""CID7718921""",1.2199749,-0.005594313,1.2255692
"""CNR5939700""","""CID1255647""",-1.7057676,-0.026257366,-1.6795102
"""CNR9869913""","""CID3615695""",2.031856,-0.012956798,2.044813
"""CNR6024872""","""CID9844431""",0.0,0.022808611,-0.022808611
"""CNR2175458""","""CID4156994""",-1.1859657,0.002978444,-1.1889441
"""CNR2545426""","""CID1912363""",0.003027254,0.013229996,-0.010202742
"""CNR5075799""","""CID6191873""",4.5566087,-0.0061041117,4.5627127
"""CNR4876150""","""CID7675439""",0.39324224,-0.022033274,0.4152755
"""CNR6643820""","""CID7320472""",-1.2156687,0.030529678,-1.2461984
"""CNR3962383""","""CID1179624""",-1.2354707,-0.010070622,-1.2254
"""CNR2574097""","""CID2514210""",0.5615591,0.058998317,0.50256073
"""CNR9401145""","""CID3110665""",-0.1810152,0.0052199364,-0.18623513
"""CNR4998509""","""CID4451822""",-0.9829954,0.005741149,-0.9887365
"""CNR1429776""","""CID4099038""",-0.01214276,-0.011046857,-0.0010959031
"""CNR1200467""","""CID2638321""",0.0,-0.040114015,0.040114015
"""CNR1694570""","""CID5529862""",-1.2453716,0.026830733,-1.2722023
"""CNR8851265""","""CID4318019""",-1.9978468,-0.035254836,-1.962592
"""CNR5450449""","""CID5332439""",-0.2750746,-0.011562049,-0.26351255
"""CNR2739499""","""CID5662980""",2.0021532,-0.018640786,2.020794
"""CNR3682109""","""CID4078716""",-1.3641835,-0.015886188,-1.3482974
"""CNR3814925""","""CID6812546""",1.4774007,0.0044600964,1.4729406
"""CNR3265980""","""CID4101925""",-0.06220331,0.035847545,-0.098050855
"""CNR3979174""","""CID7658000""",-0.49784687,-0.053826302,-0.44402057
"""CNR1106502""","""CID5456695""",0.25462836,-0.05915636,0.31378472
"""CNR3112880""","""CID7554777""",0.025039341,-0.040855646,0.06589499
"""CNR8769724""","""CID1100598""",-0.4780449,0.02685365,-0.50489855
"""CNR2614770""","""CID6091873""",-1.6612132,0.04143548,-1.7026486
"""CNR2374246""","""CID8427252""",3.8585887,0.013760567,3.8448281
"""CNR5425629""","""CID9470454""",0.8981927,1.2516975e-05,0.8981802
"""CNR7252620""","""CID3422289""",-2.151312,-0.046383798,-2.1049283
"""CNR1476926""","""CID5610345""",0.6259155,-0.00872153,0.63463706
"""CNR4665243""","""CID7489947""",-1.0523024,0.0013731122,-1.0536754
"""CNR6421575""","""CID7483208""",-0.43349043,-0.024096608,-0.40939382
"""CNR3660233""","""CID5867733""",0.0,-0.03198719,0.03198719
"""CNR4081817""","""CID2078878""",-0.5919063,-0.068804145,-0.52310216
"""CNR6113671""","""CID2023737""",-0.017648855,-0.10632491,0.08867606
"""CNR4514190""","""CID1260211""",-0.5919063,-0.0023223162,-0.589584
"""CNR6018453""","""CID4547790""",-0.9928964,0.04316774,-1.0360641
"""CNR6499487""","""CID2232858""",1.6358165,0.011246681,1.6245698
"""CNR8254818""","""CID4857623""",0.003027254,-0.01827535,0.021302605
"""CNR5589156""","""CID9664079""",-0.63151026,0.046168208,-0.67767847
"""CNR1934624""","""CID1404402""",3.749678,0.041339576,3.7083383
"""CNR8486298""","""CID7410050""",0.003027254,0.038157225,-0.03512997
"""CNR2412189""","""CID4917071""",0.025039341,0.04409027,-0.01905093
"""CNR5771396""","""CID2919235""",3.299183,-0.056248695,3.3554316
"""CNR6046057""","""CID1901661""",-1.2305201,0.0003940463,-1.2309141
"""CNR3214028""","""CID8858894""",0.13581648,-0.013049662,0.14886615
"""CNR9033155""","""CID4460708""",-0.6612132,-0.022037148,-0.6391761
"""CNR3716348""","""CID9489061""",0.013829263,0.0070352554,0.0067940075
"""CNR2340009""","""CID1759286""",0.8882917,0.027983367,0.86030835
"""CNR5902599""","""CID6918766""",-2.2305202,-0.019498706,-2.2110214
"""CNR4342334""","""CID8946528""",0.025039341,-0.0038405657,0.028879907
"""CNR6649711""","""CID8486930""",-0.34933203,-0.005791396,-0.34354064
"""CNR2808355""","""CID5586299""",0.003027254,-0.03136319,0.034390442
"""CNR8931535""","""CID5391293""",1.4031432,-0.002590388,1.4057336
"""CNR9332877""","""CID9175853""",3.9724503,0.024603516,3.9478467
"""CNR9390675""","""CID9466807""",-0.34438154,-0.02214408,-0.32223746
"""CNR9661001""","""CID4586546""",-0.60675776,-0.04983467,-0.5569231
"""CNR4399633""","""CID4845632""",9.566509,0.005033165,9.561476
"""CNR4498997""","""CID8069948""",0.003027254,0.025730371,-0.022703117
"""CNR2425179""","""CID9716653""",0.003027254,0.087605596,-0.08457834
"""CNR3679196""","""CID8900603""",0.67046994,-0.00073331594,0.67120326
"""CNR2009632""","""CID2722252""",1.8882917,-0.0033572018,1.8916489
"""CNR4913260""","""CID4146038""",1.57146,0.03647262,1.5349874
"""CNR2280092""","""CID7511211""",0.013549859,0.024361283,-0.010811424
"""CNR2453871""","""CID3421993""",-0.88398546,-0.008119404,-0.87586606
"""CNR3897645""","""CID9727348""",-2.200817,0.022229046,-2.223046
"""CNR7049081""","""CID3947870""",-0.5968568,-0.0015374422,-0.59531933
"""CNR6859595""","""CID9661829""",0.003027254,0.015418798,-0.012391544
"""CNR1535099""","""CID6506220""",-1.6018072,-0.041216344,-1.5605909
"""CNR9521488""","""CID5856271""",-1.7552726,-0.037673295,-1.7175994
"""CNR4601189""","""CID3613864""",-0.1760647,0.07662612,-0.25269082
"""CNR8252578""","""CID5878845""",0.0,-0.031588644,0.031588644
"""CNR9206424""","""CID1863868""",0.7150244,-0.010366499,0.7253909
"""CNR9492482""","""CID1693349""",0.0,8.997321e-05,-8.997321e-05
"""CNR9317191""","""CID7536106""",-2.2305202,-0.0071113706,-2.223409
"""CNR3050788""","""CID6862195""",0.0,0.027044713,-0.027044713
"""CNR2398127""","""CID9516459""",-0.9829954,-0.011558175,-0.9714372
"""CNR7207365""","""CID9852007""",1.8486878,0.048407227,1.8002806
"""CNR9512379""","""CID8976134""",-0.01214276,-0.01258409,0.00044133049
"""CNR3159660""","""CID2704783""",0.0,0.0444023,-0.0444023
"""CNR9021617""","""CID5833033""",0.0,0.056738853,-0.056738853
"""CNR2509305""","""CID8830764""",0.0,0.06530714,-0.06530714
"""CNR5213329""","""CID4334659""",2.3239353,-0.0025095642,2.3264449
"""CNR6476352""","""CID4926015""",0.013549859,-0.09658772,0.110137574
"""CNR4286205""","""CID3584777""",-0.5721043,-0.008011043,-0.56409323
"""CNR2912982""","""CID2465422""",0.013829263,0.0012300313,0.012599232
"""CNR7465883""","""CID6226038""",1.9476976,-0.024540097,1.9722377
"""CNR7008336""","""CID1443277""",-0.5770548,-0.07155484,-0.50549996
"""CNR9449089""","""CID3889894""",-0.97804487,0.016461909,-0.9945068
"""CNR5203121""","""CID1880781""",-1.7701241,0.008505881,-1.77863
"""CNR8031689""","""CID5644954""",0.013549859,0.05343002,-0.039880164
"""CNR6113535""","""CID9720446""",2.4972026,0.041835487,2.455367
"""CNR5869646""","""CID5817357""",2.4229453,-0.001742512,2.4246879
"""CNR1780809""","""CID9111321""",-1.789926,0.009740293,-1.7996664
"""CNR1513498""","""CID3516844""",0.013829263,-0.027107,0.04093626
"""CNR5374064""","""CID9063857""",0.38829175,0.09765613,0.29063562
"""CNR3374043""","""CID8631088""",1.1754204,0.01298517,1.1624353
"""CNR7177999""","""CID8455324""",-1.4384409,-0.018654168,-1.4197867
"""CNR7072016""","""CID8070881""",0.003027254,-0.027126461,0.030153716
"""CNR4219048""","""CID9470765""",-1.5473518,-0.032068133,-1.5152837
"""CNR6841834""","""CID1697457""",0.013829263,0.039096266,-0.025267003
"""CNR3687501""","""CID2689995""",0.0,-0.012303412,0.012303412
"""CNR2495013""","""CID7813015""",-2.0424013,0.028005868,-2.0704072
"""CNR6248199""","""CID5384367""",-0.20576766,-0.014348209,-0.19141945
"""CNR2748049""","""CID4168406""",10.8239355,-0.0009545088,10.82489
"""CNR5761715""","""CID6606712""",0.013549859,-0.05602163,0.06957149
"""CNR3978808""","""CID2350477""",2.061559,-0.05692923,2.1184883
"""CNR6231472""","""CID1150857""",-1.5077479,-0.010877609,-1.4968703
"""CNR7782649""","""CID8462168""",-1.789926,-0.045067847,-1.7448583
"""CNR5339927""","""CID8087809""",0.013549859,-0.04999,0.063539855
"""CNR1916196""","""CID7096329""",-1.5424013,-0.016310513,-1.5260909
"""CNR6573327""","""CID1316309""",-1.2255696,-0.049317896,-1.1762516
"""CNR4695089""","""CID5622248""",1.17047,-0.037049413,1.2075194
"""CNR8741175""","""CID8774225""",1.3338363,-0.056655347,1.3904917
"""CNR2749834""","""CID8389534""",0.79918283,0.010724872,0.788458
"""CNR9655253""","""CID2883851""",-0.31962904,0.018249393,-0.33787844
"""CNR2721281""","""CID6353226""",1.3932422,-0.005554557,1.3987968
"""CNR2023955""","""CID4584732""",-1.2453716,0.0012762249,-1.2466478
"""CNR3450510""","""CID2543501""",0.003027254,0.045487195,-0.042459942
"""CNR4286000""","""CID9924571""",0.013549859,0.0029827356,0.010567123
"""CNR4843875""","""CID7559920""",-1.9829954,-0.018849343,-1.964146
"""CNR1298660""","""CID3543713""",1.5615591,-0.0015984476,1.5631576
"""CNR3007777""","""CID9860268""",0.013829263,-0.018667817,0.03249708
"""CNR7057077""","""CID5881759""",0.27938086,-0.03658551,0.31596637
"""CNR4620288""","""CID9710944""",-1.1166588,-0.015248895,-1.1014099
"""CNR3750444""","""CID9420817""",0.003027254,-0.025147825,0.02817508
"""CNR2918874""","""CID9070836""",-1.6265597,0.018051475,-1.6446112
"""CNR9045284""","""CID1867680""",4.2496777,0.0022478998,4.24743
"""CNR5786857""","""CID9595018""",-1.289926,0.016717523,-1.3066436
"""CNR4930557""","""CID4000274""",-0.6958667,0.054223627,-0.75009036
"""CNR3623638""","""CID7324422""",-0.45329243,0.06281787,-0.5161103
"""CNR8168998""","""CID3756972""",-1.0869558,-0.030236691,-1.0567191
"""CNR9643938""","""CID8686033""",-0.013278072,0.019566447,-0.032844517
"""CNR5846059""","""CID2872507""",-0.7602231,0.0004826784,-0.76070577
"""CNR5092352""","""CID9785978""",-0.35923302,-0.00991106,-0.34932196
"""CNR3922909""","""CID9165351""",0.0,0.0035228133,-0.0035228133
"""CNR3861202""","""CID3084606""",0.013829263,-0.0077905655,0.021619828
"""CNR1885608""","""CID6974446""",-2.1810153,-0.014614284,-2.166401
"""CNR2840633""","""CID3622262""",-1.5077479,0.043400407,-1.5511483
"""CNR9641342""","""CID4683181""",5.0665097,-0.013191938,5.0797014
"""CNR9647182""","""CID4153370""",-1.2651736,-0.026788175,-1.2383854
"""CNR4189397""","""CID7615945""",5.1358166,-0.014146268,5.149963
"""CNR1758643""","""CID3238460""",1.630866,-0.0021035075,1.6329696
"""CNR3506524""","""CID7235343""",1.7793808,0.017906368,1.7614744
"""CNR2651944""","""CID8416624""",2.3288858,0.040480882,2.288405
"""CNR9931263""","""CID4825300""",-1.82953,0.03222418,-1.8617542
"""CNR1684161""","""CID4331339""",-0.23052014,0.035613954,-0.26613408
"""CNR9289623""","""CID6437807""",-1.0077479,-0.001684308,-1.0060636
"""CNR3747626""","""CID1362288""",-1.6117083,-0.0065455437,-1.6051627
"""CNR7940968""","""CID3598205""",0.025039341,-0.002633214,0.027672555
"""CNR6071650""","""CID7628083""",0.013549859,0.02011013,-0.0065602716
"""CNR7412355""","""CID2477212""",-0.53745085,-0.017629981,-0.51982087
"""CNR9163585""","""CID5197625""",0.40809372,0.060077906,0.34801582
"""CNR7145834""","""CID5033346""",-1.2701241,-0.06087303,-1.209251
"""CNR4101337""","""CID2905665""",0.8783907,0.0026984215,0.8756923
"""CNR3727554""","""CID9943556""",-2.0225995,-0.0087608695,-2.0138385
"""CNR1553882""","""CID5774074""",-1.7651736,-0.02041316,-1.7447604
"""CNR9583017""","""CID2492382""",0.003027254,0.004946053,-0.001918799
"""CNR2940803""","""CID3217911""",-0.7305201,0.035012007,-0.76553214
"""CNR8453638""","""CID2025870""",-1.418639,-0.0152823925,-1.4033566
"""CNR4442360""","""CID7675463""",0.96254915,0.00039073825,0.96215844
"""CNR6419036""","""CID1603953""",1.3338363,-0.020401299,1.3542376
"""CNR8176006""","""CID6704405""",-1.6958667,-0.015607059,-1.6802597
"""CNR4046984""","""CID3478621""",-0.36418352,0.056600064,-0.42078358
"""CNR2272588""","""CID7746465""",0.28433135,0.039786875,0.24454448
"""CNR9658158""","""CID7625620""",2.2892818,-0.015841603,2.3051233
"""CNR4908018""","""CID7980253""",0.021955105,-0.014342755,0.036297858
"""CNR8642852""","""CID3361917""",-1.5523024,-0.021056116,-1.5312462
"""CNR2999918""","""CID5157750""",-2.0473518,0.01162678,-2.0589786
"""CNR4394950""","""CID3593453""",-1.9582429,0.009438515,-1.9676814
"""CNR6853789""","""CID2598899""",0.4179947,0.06419307,0.35380164
"""CNR2201521""","""CID1558009""",-1.5027974,0.011880457,-1.5146778
"""CNR7061403""","""CID1404373""",0.013549859,-0.025426775,0.038976632
"""CNR1238680""","""CID2798711""",0.0,-0.024525285,0.024525285
"""CNR1721772""","""CID3732242""",-0.01214276,-0.023070008,0.010927248
"""CNR9739282""","""CID1124477""",-0.4730944,0.041374028,-0.51446843
"""CNR7361789""","""CID9809797""",1.551658,-0.009606719,1.5612648
"""CNR4018012""","""CID5899252""",1.3585888,0.0037317872,1.354857
"""CNR6290189""","""CID3448557""",0.025039341,0.025771618,-0.0007322766
"""CNR3910626""","""CID3430520""",4.343737,0.02763462,4.3161025
"""CNR5325717""","""CID6360594""",-0.9384409,0.009442568,-0.9478835
"""CNR7873279""","""CID6861752""",-0.6909162,-0.013444364,-0.6774718
"""CNR4339415""","""CID4708634""",0.0,0.03786415,-0.03786415
"""CNR6981393""","""CID2006010""",-0.013278072,-0.030301481,0.01702341
"""CNR7732259""","""CID4449631""",0.0,-0.014699668,0.014699668
"""CNR3546532""","""CID7527692""",0.16056897,0.012719214,0.14784975
"""CNR1385174""","""CID5452069""",0.013829263,0.01182732,0.002001943
"""CNR6682992""","""CID4744803""",-1.349332,0.030412823,-1.3797448
"""CNR4052477""","""CID3595285""",2.0665095,-0.01902768,2.0855372
"""CNR1849891""","""CID4149035""",-0.65131223,-0.043127418,-0.6081848
"""CNR1691396""","""CID6870596""",0.0,0.061393082,-0.061393082
"""CNR7694118""","""CID4673318""",-1.8146785,-0.039143443,-1.7755351
"""CNR1254172""","""CID9886985""",0.025039341,-0.016177058,0.0412164
"""CNR9567121""","""CID3475270""",-0.013278072,0.0028772354,-0.016155306
"""CNR4698082""","""CID6937392""",-1.4136884,-0.036578298,-1.3771101
"""CNR6470359""","""CID1299039""",0.9823511,0.057811677,0.92453945
"""CNR5961288""","""CID9349041""",0.013829263,-0.010670602,0.024499865
"""CNR1925538""","""CID1664019""",0.003027254,0.0028940737,0.00013318029
"""CNR4052727""","""CID9963516""",0.10611352,0.052431524,0.053682
"""CNR4186917""","""CID3106695""",0.0,0.0381082,-0.0381082
"""CNR6432974""","""CID2457383""",2.3882918,-0.014893413,2.4031854
"""CNR4780691""","""CID7767866""",-1.2998271,0.043367624,-1.3431947
"""CNR1410729""","""CID9435412""",1.5120541,-0.07604951,1.5881035
"""CNR8259267""","""CID4745406""",-2.0770547,0.00080245733,-2.0778573
"""CNR4337496""","""CID3580670""",0.7397769,-0.010725498,0.7505024
"""CNR9272511""","""CID6331252""",-1.359233,-0.03528869,-1.3239443
"""CNR6715076""","""CID7553763""",-0.8740845,0.015257239,-0.8893417
"""CNR2972317""","""CID3947684""",-1.5374508,0.04528451,-1.5827353
"""CNR2549633""","""CID7986318""",0.013829263,0.021534562,-0.007705299
"""CNR6206359""","""CID2033516""",0.025039341,0.026211262,-0.0011719204
"""CNR5277544""","""CID1271049""",0.0,-0.012203902,0.012203902
"""CNR8248955""","""CID8111910""",-0.12655975,-0.0052366853,-0.121323064
"""CNR6542190""","""CID3004936""",-1.5523024,0.011853784,-1.5641562
"""CNR6323753""","""CID7786448""",0.013549859,-0.022577882,0.03612774
"""CNR7394243""","""CID3912416""",-1.7701241,-0.00031876564,-1.7698053
"""CNR4736509""","""CID5632148""",-1.359233,-0.0203228,-1.3389102
"""CNR2091760""","""CID3597109""",0.8882917,-0.03307411,0.92136586
"""CNR6996911""","""CID7649403""",7.9179945,-0.01728481,7.9352794
"""CNR4253038""","""CID4015306""",0.003027254,-5.301833e-05,0.0030802723
"""CNR5205458""","""CID3917959""",-0.38893598,0.0030168295,-0.3919528
"""CNR8679294""","""CID9986688""",-2.1661637,0.030983388,-2.1971471
"""CNR1454961""","""CID8054464""",0.013829263,-0.017851144,0.031680405
"""CNR7064157""","""CID3870830""",-1.7998271,-0.045497477,-1.7543297
"""CNR9444380""","""CID5390666""",0.79918283,0.031086266,0.76809657
"""CNR4060107""","""CID3814300""",1.2150245,0.025156736,1.1898677
"""CNR6600642""","""CID7557530""",0.30908382,-0.076577306,0.38566113
"""CNR3209982""","""CID4449688""",1.6160145,0.0014254451,1.614589
"""CNR6044691""","""CID4078142""",4.591262,-0.012625068,4.603887
"""CNR2685905""","""CID6124832""",0.025039341,-0.0007137358,0.025753077
"""CNR3695088""","""CID3279421""",3.982351,0.03895694,3.9433942
"""CNR6388076""","""CID9832439""",0.19522244,-0.005315721,0.20053816
"""CNR9771805""","""CID5784241""",-2.1265597,-0.013436168,-2.1131237
"""CNR1276731""","""CID6587795""",-2.2057676,0.04585597,-2.2516236
"""CNR1504432""","""CID4551469""",5.120965,0.021945477,5.0990195
"""CNR8880560""","""CID1397147""",0.0,-0.006291628,0.006291628
"""CNR5651263""","""CID9917950""",-1.7552726,0.05195585,-1.8072284
"""CNR5135964""","""CID7742671""",-0.9730944,-0.027103841,-0.94599056
"""CNR1857735""","""CID6439201""",-0.7156687,-0.013499975,-0.7021687
"""CNR5343194""","""CID9103901""",-1.7651736,-0.028063953,-1.7371097
"""CNR3746379""","""CID9716799""",0.08136105,-0.06264886,0.14400992
"""CNR6975021""","""CID5648484""",0.013829263,0.05243039,-0.03860113
"""CNR4162337""","""CID3799581""",-1.9730943,0.004510224,-1.9776046
"""CNR5283814""","""CID1362855""",0.0,0.0025624633,-0.0025624633
"""CNR1927113""","""CID5142762""",2.4724503,0.073984504,2.3984656
"""CNR7799087""","""CID7910507""",-0.10675777,-0.016804338,-0.08995343
"""CNR8947012""","""CID8257388""",-1.8146785,-0.0588364,-1.7558422
"""CNR1411867""","""CID2482371""",-1.5919063,0.004121363,-1.5960276
"""CNR6412241""","""CID2827412""",0.025039341,0.022233546,0.0028057955
"""CNR2867505""","""CID2547961""",2.0566087,0.008832544,2.0477762
"""CNR1330841""","""CID6269510""",-1.849332,-0.043124706,-1.8062073
"""CNR9115518""","""CID3375143""",0.20017293,-0.029004216,0.22917715
"""CNR9488428""","""CID2862004""",0.91799474,-0.0020049512,0.9199997
"""CNR6836047""","""CID9223739""",-0.7552726,-0.083435446,-0.6718372
"""CNR2547473""","""CID3303385""",3.4130442,-0.0029931366,3.4160373
"""CNR7505358""","""CID8900642""",5.7694798,0.0012856722,5.768194
"""CNR6094855""","""CID9548542""",0.003027254,-0.018350154,0.021377409
"""CNR7914978""","""CID4960157""",0.013829263,0.01742208,-0.003592817
"""CNR4010549""","""CID5899178""",0.013829263,0.08161962,-0.06779036
"""CNR5664305""","""CID6272150""",0.0,-0.03818071,0.03818071
"""CNR7486928""","""CID7465256""",-1.0325004,0.0076317787,-1.0401322
"""CNR6439176""","""CID4096178""",-1.5919063,-0.04139471,-1.5505116
"""CNR6418073""","""CID4583720""",0.025039341,-0.009876668,0.03491601
"""CNR7347721""","""CID9055405""",0.65066797,0.026305377,0.6243626
"""CNR6188798""","""CID1580034""",-1.8740845,-0.012717247,-1.8613672
"""CNR3059656""","""CID4663639""",0.003027254,0.034731686,-0.031704433
"""CNR6957996""","""CID6226722""",-1.6711142,0.049073756,-1.7201879
"""CNR3370347""","""CID7301185""",-0.869134,-0.006294638,-0.86283934
"""CNR1185794""","""CID7097597""",0.025039341,-0.014729083,0.039768424
"""CNR7763761""","""CID3777478""",0.0,0.064217955,-0.064217955
"""CNR8179324""","""CID6783265""",-2.1364608,0.021158725,-2.1576195
"""CNR5432899""","""CID2550683""",-1.5622033,-0.018766493,-1.5434368
"""CNR9595259""","""CID2552521""",0.025039341,0.0077284575,0.017310884
"""CNR1335517""","""CID1743273""",0.0,-0.010879368,0.010879368
"""CNR4708791""","""CID2551348""",0.7496779,0.008946598,0.7407313
"""CNR6171242""","""CID8748021""",0.013829263,-0.017143726,0.03097299
"""CNR2368807""","""CID8310328""",-0.013278072,-0.010194957,-0.0030831145
"""CNR4220759""","""CID3297661""",0.012054115,-0.028174996,0.040229112
"""CNR2760527""","""CID6355242""",0.6457175,-0.0045493245,0.6502668
"""CNR8786671""","""CID2496272""",-1.4532924,0.02170217,-1.4749945
"""CNR4313448""","""CID8390201""",-1.2750746,-0.0030703545,-1.2720042
"""CNR2571096""","""CID1422465""",1.8981928,0.030622423,1.8675704
"""CNR6519142""","""CID9564882""",0.0,-0.022606611,0.022606611
"""CNR7418765""","""CID5631791""",1.9179947,-0.051511824,1.9695065
"""CNR2056261""","""CID8944779""",0.025039341,0.002014339,0.023025002
"""CNR6585048""","""CID5017375""",0.7397769,0.020450473,0.71932644
"""CNR1443185""","""CID5428477""",0.021955105,-0.013210535,0.035165638
"""CNR5128454""","""CID8288815""",1.5021532,-0.053231925,1.5553851
"""CNR7385111""","""CID9825998""",-0.23547064,0.01408565,-0.24955629
"""CNR1865865""","""CID7030131""",4.799183,-0.014892995,4.814076
"""CNR9985501""","""CID9950367""",-1.9978468,-0.037946373,-1.9599005
"""CNR5979607""","""CID8090915""",0.0,0.004808277,-0.004808277
"""CNR3866438""","""CID9907825""",-0.29487658,-0.0099802315,-0.28489634
"""CNR9503903""","""CID5592433""",0.025039341,0.028935492,-0.0038961507
"""CNR6954028""","""CID2840469""",2.180371,-0.0009932816,2.1813643
"""CNR9239389""","""CID7530745""",-1.3196291,-0.060837,-1.258792
"""CNR5055132""","""CID9572266""",0.013549859,0.002893567,0.010656292
"""CNR2209153""","""CID3508307""",0.025039341,-0.026130736,0.051170077
"""CNR1138454""","""CID9241779""",0.3288858,0.03165844,0.29722735
"""CNR6157547""","""CID9391086""",-0.20576766,-0.02472192,-0.18104574
"""CNR7911533""","""CID6820516""",-1.0275499,0.014095992,-1.0416459
"""CNR7562277""","""CID3942292""",-1.7948766,0.07058394,-1.8654605
"""CNR4982442""","""CID2889610""",-1.2057676,0.03361106,-1.2393787
"""CNR5383132""","""CID8449893""",0.013829263,0.022089064,-0.008259801
"""CNR9846262""","""CID7515054""",0.0,0.028377473,-0.028377473
"""CNR1837318""","""CID7177919""",1.1358165,-0.019424975,1.1552415
"""CNR2331950""","""CID8616358""",3.259579,-0.054118454,3.3136973
"""CNR3421157""","""CID4060910""",-0.21566866,0.028600484,-0.24426915
"""CNR5287594""","""CID5969146""",0.35858876,0.005987078,0.35260168
"""CNR3592114""","""CID7515732""",-0.16616371,0.059067786,-0.2252315
"""CNR7206496""","""CID5348751""",0.0,-0.0483706,0.0483706
"""CNR8509113""","""CID5603805""",0.08631154,-0.0123670995,0.09867864
"""CNR1551341""","""CID3547900""",0.45759866,0.031515002,0.42608365
"""CNR2239620""","""CID3286335""",-0.82953006,-0.066634,-0.76289606
"""CNR1448531""","""CID9705539""",0.84868777,0.02214837,0.8265394
"""CNR6964470""","""CID7676742""",-0.013278072,-0.030151784,0.016873714
"""CNR7359560""","""CID4774437""",0.06650956,0.066791415,-0.00028185546
"""CNR8778912""","""CID3726174""",0.003027254,0.04863873,-0.04561148
"""CNR1199635""","""CID5722579""",12.393242,0.0063138306,12.386928
"""CNR5733626""","""CID9004707""",-1.3641835,0.00553903,-1.3697226
"""CNR2796892""","""CID8928524""",-0.31962904,-0.010626346,-0.3090027
"""CNR5147528""","""CID2677053""",-0.06220331,0.05759093,-0.11979424
"""CNR5051510""","""CID9387616""",0.6457175,-0.022708595,0.6684261
"""CNR5318671""","""CID5787783""",0.003027254,0.016193151,-0.013165898
"""CNR4996830""","""CID2321750""",0.025039341,-0.010904193,0.035943534
"""CNR4576449""","""CID6075648""",-2.1018074,0.001835078,-2.1036425
"""CNR2783116""","""CID6120787""",0.013829263,0.008046746,0.0057825167
"""CNR8055360""","""CID6727332""",0.17542045,0.00023132563,0.17518912
"""CNR5857338""","""CID5428441""",-1.3344805,0.02475804,-1.3592386
"""CNR1054596""","""CID4252640""",-0.869134,-0.030189723,-0.8389443
"""CNR9300550""","""CID4565711""",0.013829263,-0.032345146,0.046174407
"""CNR5538852""","""CID2436743""",-1.809728,-0.03130251,-1.7784255
"""CNR7845680""","""CID5618918""",0.77938086,-0.0020388365,0.7814197
"""CNR6442978""","""CID5802649""",0.0,-0.0017922521,0.0017922521
"""CNR5876018""","""CID7502199""",-0.08200529,0.0364061,-0.11841139
"""CNR3098330""","""CID6689106""",1.0863116,0.011166871,1.0751448
"""CNR1111701""","""CID2848297""",-0.02259935,-0.120126694,0.09752734
"""CNR4302229""","""CID4609645""",-1.2503221,0.002995938,-1.2533181
"""CNR4431992""","""CID5064541""",4.4278955,0.013005704,4.41489
"""CNR7250169""","""CID3991189""",0.013829263,-0.05057603,0.06440529
"""CNR1326392""","""CID5629038""",-0.9879459,-0.02183932,-0.9661066
"""CNR2211666""","""CID7547647""",2.041757,-0.012289792,2.0540469
"""CNR8068703""","""CID7298020""",0.013829263,-0.018369794,0.032199055
"""CNR7067410""","""CID8371847""",0.0,0.07649404,-0.07649404
"""CNR5203149""","""CID4976125""",0.0,-0.0032521486,0.0032521486
"""CNR6197285""","""CID9718967""",0.013829263,-0.028181463,0.042010725
"""CNR9336814""","""CID3302860""",0.17542045,0.024233222,0.15118723
"""CNR7585167""","""CID8493099""",0.003027254,-0.017546356,0.02057361
"""CNR8191040""","""CID8238424""",-2.1958666,0.051342517,-2.247209
"""CNR9741746""","""CID9982593""",1.091262,-0.014348537,1.1056105
"""CNR5334137""","""CID1579217""",0.013829263,0.00800693,0.0058223326
"""CNR6653556""","""CID2502768""",-1.359233,0.05855933,-1.4177923
"""CNR4925680""","""CID3032846""",-0.7057677,0.009543061,-0.71531075
"""CNR9428699""","""CID3519446""",-1.369134,0.06797993,-1.4371139
"""CNR9417269""","""CID4938438""",-1.2552726,-0.047893494,-1.2073791
"""CNR3391553""","""CID7642382""",0.1259155,0.044701308,0.08121419
"""CNR5776642""","""CID3018745""",-1.7998271,0.010923266,-1.8107504
"""CNR8179821""","""CID3728106""",0.24472739,0.04028642,0.20444097
"""CNR3430758""","""CID1460856""",-0.869134,0.013824791,-0.88295877
"""CNR2399340""","""CID2682460""",-2.017649,-0.08586258,-1.9317863
"""CNR5886061""","""CID4018695""",-1.6513122,0.01987964,-1.6711919
"""CNR9750272""","""CID3049950""",-0.7404211,0.061475873,-0.801897
"""CNR7116353""","""CID7431555""",-0.82457954,-0.011038423,-0.8135411
"""CNR7894102""","""CID6622296""",3.150668,0.055426985,3.0952408
"""CNR9806144""","""CID7220494""",-1.1265597,0.107133925,-1.2336936
"""CNR5365562""","""CID4432330""",0.013549859,-0.035489887,0.049039744
"""CNR2282069""","""CID3725476""",-0.888936,0.047159076,-0.93609506
"""CNR8710932""","""CID6119919""",-0.45824292,-0.015437722,-0.4428052
"""CNR4506748""","""CID6338621""",-0.90873796,0.04211548,-0.95085347
"""CNR1421578""","""CID4535589""",3.4130442,-0.02900803,3.4420524
"""CNR1653982""","""CID4606212""",2.130866,-0.05591005,2.1867762
"""CNR4472765""","""CID9459208""",-1.7107182,-0.06504223,-1.6456759
"""CNR2681513""","""CID7928466""",0.97740066,-0.053944945,1.0313456
"""CNR6289553""","""CID2528600""",0.003027254,-0.03471178,0.03773903
"""CNR7767494""","""CID8799070""",-0.9483419,-0.062432647,-0.88590926
"""CNR6338537""","""CID8618859""",0.013549859,0.011712909,0.00183695
"""CNR3769774""","""CID3814794""",0.01700461,0.002850026,0.014154583
"""CNR9008743""","""CID2621910""",0.025039341,0.030896962,-0.0058576204
"""CNR1501051""","""CID7576837""",0.013829263,0.017873794,-0.004044531
"""CNR8266492""","""CID2234058""",-0.1810152,0.02684915,-0.20786434
"""CNR1742313""","""CID8548529""",-0.013278072,0.011073768,-0.024351839
"""CNR6455849""","""CID7360695""",1.4328462,-0.07530451,1.5081507
"""CNR6644850""","""CID5002673""",-0.92358947,-0.026512563,-0.8970769
"""CNR1761827""","""CID3246500""",-1.3542825,0.03300628,-1.3872888
"""CNR4990089""","""CID6220126""",0.013829263,0.031504154,-0.017674891
"""CNR4037296""","""CID2312244""",0.0,-0.0072524548,0.0072524548
"""CNR9999933""","""CID6654920""",-0.64141124,-0.02508527,-0.616326
"""CNR4229762""","""CID4583918""",-1.849332,-0.0049182177,-1.8444138
"""CNR6687171""","""CID2427154""",2.150668,-0.031141192,2.1818092
"""CNR5451422""","""CID1540859""",-2.0869558,-0.090646,-1.9963098
"""CNR1833588""","""CID8604157""",2.4031432,0.0088422,2.394301
"""CNR3678704""","""CID4819039""",0.0,0.029875457,-0.029875457
"""CNR8436777""","""CID7175114""",-0.6909162,0.0099879205,-0.70090413
"""CNR8064016""","""CID3495153""",-1.3344805,0.05318001,-1.3876605
"""CNR1452222""","""CID9878488""",0.025039341,-0.007549882,0.032589223
"""CNR3705473""","""CID5855553""",0.0,-0.011483222,0.011483222
"""CNR7641462""","""CID6401064""",0.003027254,0.008517683,-0.005490429
"""CNR2507447""","""CID5262517""",-1.7404212,0.028903365,-1.7693245
"""CNR2054962""","""CID7239949""",0.013829263,-0.014565289,0.028394552
"""CNR9722307""","""CID8392845""",-0.7899261,0.028707296,-0.81863344
"""CNR2789868""","""CID4090060""",0.025039341,-0.032072127,0.05711147
"""CNR8169710""","""CID2840651""",0.19027194,-0.019986928,0.21025887
"""CNR2875599""","""CID4065386""",-1.2651736,-0.016141385,-1.2490321
"""CNR5276787""","""CID3561007""",-2.057253,0.030894518,-2.0881474
"""CNR8900700""","""CID7764073""",0.003027254,-0.02141586,0.024443114
"""CNR2224448""","""CID9963205""",2.4873016,-0.051514298,2.538816
"""CNR1808237""","""CID1172717""",0.6556185,-0.005352676,0.66097116
"""CNR6034391""","""CID2479996""",0.003027254,-0.040404856,0.04343211
"""CNR9607432""","""CID7753072""",0.0,0.019566119,-0.019566119
"""CNR3163204""","""CID6063028""",0.025039341,0.012301564,0.012737777
"""CNR8506105""","""CID7273123""",1.140767,-0.01009351,1.1508605
"""CNR5325661""","""CID1985241""",-1.7602232,-0.000626564,-1.7595966
"""CNR1856675""","""CID6700982""",-1.7849755,-0.012121558,-1.772854
"""CNR5172556""","""CID8995897""",1.9972026,-0.031832397,2.029035
"""CNR3477453""","""CID1145717""",-1.908738,0.022984773,-1.9317228
"""CNR1079989""","""CID8894307""",0.0,-0.010511637,0.010511637
"""CNR1434665""","""CID4863282""",1.2694799,-0.010603011,1.280083
"""CNR9262510""","""CID1148933""",-1.4532924,0.00362584,-1.4569182
"""CNR1444376""","""CID6478400""",0.4229452,0.037193686,0.38575152
"""CNR3645973""","""CID4978722""",0.0,0.039651573,-0.039651573
"""CNR2867224""","""CID4169669""",-1.3443816,-0.0008725524,-1.343509
"""CNR3128814""","""CID9874545""",2.3239353,0.00953266,2.3144026
"""CNR8117909""","""CID8426738""",0.013829263,-0.05369985,0.06752911
"""CNR5550639""","""CID7028779""",-0.60675776,0.018399477,-0.62515724
"""CNR8455899""","""CID9347408""",-1.4631934,0.016569555,-1.479763
"""CNR6772554""","""CID3709177""",1.130866,0.048971474,1.0818946
"""CNR7828163""","""CID4062682""",-1.339431,0.01679188,-1.3562229
"""CNR2158526""","""CID2728178""",0.7150244,-0.027802348,0.74282676
"""CNR3675796""","""CID4774361""",0.003027254,0.019269586,-0.01624233
"""CNR7447595""","""CID5479419""",0.003027254,-0.0013915598,0.0044188136
"""CNR8214805""","""CID8677653""",-0.5077479,-0.011266589,-0.4964813
"""CNR8740117""","""CID1002686""",-0.013278072,0.03743452,-0.05071259
"""CNR8255739""","""CID1536739""",0.0,-0.008043051,0.008043051
"""CNR6121079""","""CID3345109""",-0.35923302,-0.027147174,-0.33208585
"""CNR8909794""","""CID4241175""",1.3536383,0.01571402,1.3379242
"""CNR2401990""","""CID3237695""",0.07146005,0.04184094,0.029619113
"""CNR5206190""","""CID7153206""",-2.1364608,-0.00468421,-2.1317766
"""CNR8995357""","""CID4509226""",-1.448342,0.0070773065,-1.4554193
"""CNR1941389""","""CID7241256""",-0.7701241,-0.055418313,-0.71470577
"""CNR7182997""","""CID2962555""",4.843737,0.020336926,4.8234
"""CNR8599585""","""CID5697733""",-1.3344805,-0.09346652,-1.241014
"""CNR3498597""","""CID4127985""",0.0,0.01585102,-0.01585102
"""CNR2857396""","""CID9916511""",-1.5473518,0.009912968,-1.5572648
"""CNR7802763""","""CID5002838""",0.013829263,0.024515092,-0.010685829
"""CNR4507721""","""CID4936886""",-0.11170826,-0.02171281,-0.08999545
"""CNR1116082""","""CID5562884""",-1.1117083,-0.04856348,-1.0631448
"""CNR7602815""","""CID6436907""",-0.15626271,0.0060608983,-0.16232361
"""CNR1322762""","""CID7563273""",0.013829263,-0.0015747547,0.015404018
"""CNR6082293""","""CID9822212""",0.013549859,0.0009832084,0.01256665
"""CNR1082197""","""CID7360782""",1.8090838,0.029241592,1.7798423
"""CNR5501686""","""CID7506673""",0.025039341,0.027881086,-0.0028417446
"""CNR4255375""","""CID8014843""",0.003027254,0.00697875,-0.0039514964
"""CNR6083000""","""CID6880325""",-0.888936,0.012884498,-0.9018205
"""CNR3260483""","""CID6001256""",0.025039341,0.039795756,-0.014756415
"""CNR2986008""","""CID4155123""",-0.7552726,0.0012003183,-0.75647295
"""CNR6100510""","""CID2374916""",0.013829263,0.0050055385,0.008823724
"""CNR1648123""","""CID2224837""",0.025039341,-0.0022679567,0.027307298
"""CNR6618764""","""CID4208174""",-1.0968568,-0.018020988,-1.0788358
"""CNR3055755""","""CID4891572""",0.0,-0.04705766,0.04705766
"""CNR3178784""","""CID5491838""",2.3387868,-0.038613796,2.3774006
"""CNR6761015""","""CID4646116""",0.003027254,-0.0103952885,0.013422542
"""CNR2909859""","""CID3664646""",0.08631154,-0.004947126,0.09125867
"""CNR6314493""","""CID5399564""",0.013829263,-0.0026420355,0.016471298
"""CNR6301697""","""CID3238749""",-0.8196291,0.0056679845,-0.82529706
"""CNR4750999""","""CID3564705""",-0.4829954,0.042143196,-0.5251386
"""CNR8511848""","""CID8170936""",0.013829263,0.028893292,-0.015064029
"""CNR9347489""","""CID2378762""",-0.898837,-0.007394463,-0.89144254
"""CNR9328595""","""CID6648055""",0.013549859,-0.07811847,0.09166833
"""CNR6300028""","""CID6999529""",-0.9384409,0.0035837293,-0.94202465
"""CNR5372253""","""CID2367844""",-0.9730944,0.0073334575,-0.98042786
"""CNR2423260""","""CID2878591""",-1.7750746,-0.0044177175,-1.7706568
"""CNR6140072""","""CID7196259""",0.0,-0.030826956,0.030826956
"""CNR8798436""","""CID8159395""",0.013829263,0.048038095,-0.034208834
"""CNR1054046""","""CID4230948""",1.0764105,0.015215814,1.0611947
"""CNR6777102""","""CID8898608""",0.013829263,-0.010859281,0.024688544
"""CNR1019824""","""CID5474661""",-1.1018072,0.049372733,-1.15118
"""CNR2920841""","""CID5142352""",0.013549859,-0.0059599876,0.019509846
"""CNR9806771""","""CID9495350""",-1.4235895,0.025107443,-1.4486969
"""CNR2493153""","""CID7031224""",-1.7255696,0.044119775,-1.7696893
"""CNR9655626""","""CID8509446""",2.3090837,-0.044887185,2.353971
"""CNR4487261""","""CID9638578""",0.0,0.016048908,-0.016048908
"""CNR6397082""","""CID8818141""",-1.6018072,-0.0045415163,-1.5972657
"""CNR2177259""","""CID7144705""",-0.21071815,-0.0066121817,-0.20410597
"""CNR3733778""","""CID5319480""",1.6853215,-0.044872522,1.730194
"""CNR5399158""","""CID4104734""",-1.1612132,0.032268822,-1.1934819
"""CNR8058830""","""CID3708746""",0.0,0.0077101886,-0.0077101886
"""CNR1327827""","""CID3183850""",0.025039341,-0.02333498,0.04837432
"""CNR2045484""","""CID7790639""",-0.64141124,-0.011874855,-0.6295364
"""CNR5842089""","""CID2319550""",-0.3839855,-0.011425048,-0.37256044
"""CNR3062357""","""CID5008783""",0.002153125,0.022169799,-0.020016674
"""CNR2607691""","""CID4048680""",-1.5374508,0.010076821,-1.5475276
"""CNR4207864""","""CID1105986""",0.91799474,-0.053064704,0.97105944
"""CNR4124232""","""CID6949961""",2.8239353,-0.010691285,2.8346267
"""CNR8148683""","""CID7616158""",-1.5077479,-0.018100083,-1.4896479
"""CNR8844122""","""CID4732899""",-1.6859657,-0.047351062,-1.6386147
"""CNR4704104""","""CID5751762""",1.8288858,-0.016809195,1.845695
"""CNR1910558""","""CID6316024""",-1.0473518,-0.025102794,-1.022249
"""CNR4118337""","""CID5080553""",-1.3641835,-0.02183342,-1.3423501
"""CNR9043277""","""CID6722984""",-0.9532924,0.06591213,-1.0192046
"""CNR4026748""","""CID9619766""",-1.2503221,-0.043143183,-1.207179
"""CNR4769375""","""CID5206044""",-0.3740845,0.0028817952,-0.3769663
"""CNR8435169""","""CID7828177""",0.025039341,0.032924473,-0.007885132
"""CNR1121520""","""CID6975493""",-0.08200529,-0.01652366,-0.06548163
"""CNR9118066""","""CID8209134""",0.0,-0.012983859,0.012983859
"""CNR1345203""","""CID9475640""",0.0,-0.014173448,0.014173448
"""CNR6713043""","""CID1410945""",-1.6414112,-0.023413897,-1.6179973
"""CNR7537564""","""CID7610755""",0.013549859,-0.034062445,0.047612302
"""CNR4011170""","""CID6413936""",0.0,-0.033391327,0.033391327
"""CNR2410917""","""CID7848073""",-0.82457954,-0.0411945,-0.78338504
"""CNR8413765""","""CID6800042""",0.025039341,-0.0077553093,0.03279465
"""CNR7586913""","""CID2226843""",-1.4037875,0.050397575,-1.454185
"""CNR9004382""","""CID4615885""",-0.369134,0.03146994,-0.40060395
"""CNR3744537""","""CID1766476""",-1.4681439,-0.04753399,-1.42061
"""CNR2955922""","""CID4893397""",-0.4829954,0.024398208,-0.5073936
"""CNR7190729""","""CID7316318""",0.025039341,0.033353567,-0.008314226
"""CNR5482055""","""CID4157320""",-0.013278072,-0.012206495,-0.001071577
"""CNR2847881""","""CID1488281""",0.025039341,0.03151518,-0.0064758398
"""CNR7635779""","""CID7226292""",-1.4780449,-0.014107406,-1.4639375
"""CNR9703410""","""CID9419408""",0.003027254,0.03955087,-0.036523618
"""CNR1301395""","""CID3773357""",-0.44339144,-0.034326077,-0.40906537
"""CNR8304794""","""CID4086648""",0.0,-0.012928963,0.012928963
"""CNR1055843""","""CID1679415""",-1.7305201,-0.004475236,-1.7260449
"""CNR2024672""","""CID4232212""",1.6061136,0.014689982,1.5914235
"""CNR4176968""","""CID1702658""",-0.38893598,-0.015476227,-0.37345976
"""CNR7275842""","""CID9604718""",0.9575987,-0.0018076003,0.95940626
"""CNR7390038""","""CID1603740""",-1.0176488,0.022363067,-1.0400119
"""CNR5070647""","""CID1167858""",-1.448342,-0.059927613,-1.3884144
"""CNR9064954""","""CID8874619""",0.003027254,-0.01939863,0.022425884
"""CNR5927740""","""CID4965194""",-1.2948766,-0.04237044,-1.2525061
"""CNR9667278""","""CID1496665""",0.013549859,-0.010992944,0.024542803
"""CNR4611253""","""CID9533295""",0.003027254,0.025956273,-0.022929018
"""CNR4304522""","""CID6689501""",2.1556184,-0.050097704,2.2057161
"""CNR8162862""","""CID7125843""",0.013829263,-0.00045454502,0.014283808
"""CNR4043405""","""CID1275981""",4.4575987,-0.044856876,4.5024557
"""CNR7403802""","""CID2086910""",1.0665096,-0.0758189,1.1423285
"""CNR2169678""","""CID3472869""",-0.5077479,-0.010734409,-0.49701348
"""CNR8208209""","""CID7551821""",-0.42358944,-0.034273148,-0.3893163
"""CNR6365655""","""CID8376834""",-1.7552726,-0.02027303,-1.7349997
"""CNR4187473""","""CID6655829""",-0.26022312,-0.080993235,-0.17922989
"""CNR8725850""","""CID7400901""",0.013549859,-0.021691918,0.035241775
"""CNR7231756""","""CID7515218""",0.013829263,-0.015454948,0.02928421
"""CNR2651702""","""CID3519458""",-0.6463617,0.024502397,-0.6708641
"""CNR1682615""","""CID9208955""",-0.34438154,0.013177156,-0.3575587
"""CNR5859219""","""CID5860964""",0.003027254,-0.0064323545,0.009459608
"""CNR8042598""","""CID9307710""",-1.4829954,-0.045628935,-1.4373665
"""CNR9592737""","""CID6514960""",1.2199749,-0.031529725,1.2515047
"""CNR8268132""","""CID6807716""",0.013549859,0.012182236,0.001367623
"""CNR2758635""","""CID9834464""",0.0,-0.025729716,0.025729716
"""CNR9325093""","""CID8839688""",-0.91863894,0.043527097,-0.9621661
"""CNR5399756""","""CID9198751""",-1.2404212,0.008523732,-1.2489449
"""CNR7554854""","""CID4904641""",0.025039341,0.012321532,0.0127178095
"""CNR6592304""","""CID8998892""",-2.0622034,-0.0059895813,-2.0562139
"""CNR9106410""","""CID5154553""",-0.5176489,-0.0334875,-0.48416138
"""CNR6509748""","""CID6781246""",-0.05230232,0.04487729,-0.09717961
"""CNR9470390""","""CID4005123""",-1.849332,0.04333976,-1.8926717
"""CNR8723854""","""CID4700925""",-0.88398546,0.01660651,-0.90059197
"""CNR2689741""","""CID2659440""",-1.4037875,-0.06459817,-1.3391893
"""CNR8923905""","""CID9108204""",1.8239353,0.0017912388,1.822144
"""CNR4145940""","""CID1963629""",1.051658,0.04014823,1.0115098
"""CNR2418934""","""CID2762184""",-0.64141124,-0.012784362,-0.6286269
"""CNR6085128""","""CID3019116""",0.0,-0.05936128,0.05936128
"""CNR6567140""","""CID8485084""",0.0,0.00019782782,-0.00019782782
"""CNR9346996""","""CID3624592""",-0.7998271,-0.0027513802,-0.79707575
"""CNR5050813""","""CID8009483""",0.39819273,0.00159657,0.39659616
"""CNR9907884""","""CID8062420""",-0.01214276,-0.03772831,0.02558555
"""CNR3949398""","""CID9174150""",0.003027254,-0.011963367,0.014990621
"""CNR2370708""","""CID5451182""",-1.0572528,-0.049544573,-1.0077082
"""CNR3995883""","""CID9793707""",-1.5424013,0.04062581,-1.5830271
"""CNR6736564""","""CID8134204""",-0.9384409,-0.027098,-0.9113429
"""CNR3112190""","""CID3521240""",-0.9582429,-0.02659607,-0.9316468
"""CNR1208869""","""CID6351857""",-0.23052014,0.035409093,-0.26592922
"""CNR8975763""","""CID2157289""",-1.3641835,-0.013805568,-1.350378
"""CNR4398943""","""CID4077400""",-0.8097281,0.032369852,-0.84209794
"""CNR1915847""","""CID4744457""",-0.18596569,-0.0011809468,-0.18478474
"""CNR9246587""","""CID9630960""",-0.13646074,0.06081128,-0.19727202
"""CNR6890045""","""CID4255321""",-0.21566866,-0.06918305,-0.14648561
"""CNR2756369""","""CID7833016""",0.013829263,0.05276087,-0.03893161
"""CNR4513240""","""CID1651836""",2.0516582,-0.058622718,2.110281
"""CNR6185608""","""CID6040902""",0.013549859,-0.017023593,0.030573452
"""CNR7244813""","""CID8010485""",1.4031432,-0.0042640567,1.4074073
"""CNR9448731""","""CID2038869""",0.7298759,0.000611186,0.72926474
"""CNR6973230""","""CID4129492""",-0.2750746,-0.03541702,-0.23965758
"""CNR6801855""","""CID3432009""",0.025039341,-0.022880852,0.047920194
"""CNR1207375""","""CID5082588""",-1.7503221,0.040272176,-1.7905943
"""CNR4240967""","""CID4494123""",0.26452938,-0.03975749,0.30428687
"""CNR1390797""","""CID4582397""",1.0318561,-0.019683719,1.0515398
"""CNR6707996""","""CID9163680""",0.013829263,0.042067587,-0.028238324
"""CNR9458718""","""CID3782867""",0.0,0.015403926,-0.015403926
"""CNR8763539""","""CID1711586""",-0.017648855,-0.0018132329,-0.015835622
"""CNR1521309""","""CID7653533""",4.9823513,0.028509796,4.9538417
"""CNR7460055""","""CID6604104""",0.013549859,0.005217135,0.008332724
"""CNR5784715""","""CID3563156""",0.025039341,-0.034203142,0.059242483
"""CNR1404187""","""CID1649976""",0.0,0.048712134,-0.048712134
"""CNR6938391""","""CID2993943""",-1.9037875,-0.0105777085,-1.8932098
"""CNR3850697""","""CID1476000""",0.025039341,0.023210526,0.0018288158
"""CNR4515231""","""CID1943282""",1.8090838,-0.10043508,1.909519
"""CNR7911604""","""CID3667188""",0.013549859,0.009837568,0.003712291
"""CNR9652144""","""CID8399344""",-1.0077479,-0.01601702,-0.99173087
"""CNR7425188""","""CID2030046""",1.140767,0.08847052,1.0522964
"""CNR6121859""","""CID4883376""",0.013549859,0.035173148,-0.02162329
"""CNR1944078""","""CID6964719""",-2.2552726,-0.03100872,-2.224264
"""CNR8990625""","""CID4989322""",-2.0473518,-0.03394407,-2.0134077
"""CNR6792279""","""CID6105061""",-1.9780449,-0.025764346,-1.9522805
"""CNR2570820""","""CID7362457""",-1.398837,-0.0023142993,-1.3965226
"""CNR2089959""","""CID6746738""",1.3882917,-0.034704745,1.4229965
"""CNR4087025""","""CID9473842""",0.013549859,0.0026703477,0.010879511
"""CNR2815042""","""CID2073718""",-1.4631934,0.006224215,-1.4694176
"""CNR6662461""","""CID6195022""",1.3338363,0.036802292,1.297034
"""CNR5099057""","""CID2526990""",1.8486878,0.03901708,1.8096707
"""CNR5951753""","""CID5412101""",0.5318561,-0.027710378,0.5595665
"""CNR8996999""","""CID3305119""",-1.3443816,0.029476821,-1.3738585
"""CNR5320911""","""CID1533604""",-0.29982707,-0.036040246,-0.26378682
"""CNR8436724""","""CID1095359""",0.013829263,-0.0101570785,0.023986341
"""CNR1453671""","""CID7393907""",-0.1810152,0.035925597,-0.21694079
"""CNR6396205""","""CID7546646""",3.1655195,-0.0496372,3.2151566
"""CNR1829303""","""CID4541835""",-0.8196291,-0.04745215,-0.7721769
"""CNR1130660""","""CID9958507""",-2.1711142,0.023430467,-2.1945448
"""CNR6682693""","""CID7712347""",-1.5919063,-0.0071215034,-1.5847847
"""CNR2918849""","""CID5330738""",-2.0027974,-0.046924293,-1.955873
"""CNR9851838""","""CID3422798""",1.0368066,0.022558749,1.0142479
"""CNR2525887""","""CID4720878""",0.57641053,-0.036712855,0.6131234
"""CNR7894024""","""CID4426055""",0.013829263,-0.022452593,0.036281854
"""CNR8276314""","""CID7009181""",0.013829263,0.0103513,0.0034779627
"""CNR5798586""","""CID3389972""",2.3288858,0.016292572,2.3125932
"""CNR5941747""","""CID1108613""",-0.33943105,-0.03834641,-0.30108464
"""CNR1734874""","""CID4115119""",0.003027254,-0.011332214,0.014359468
"""CNR1122844""","""CID4232190""",0.013829263,0.009350479,0.0044787843
"""CNR3355723""","""CID2622603""",-1.9037875,-0.039515495,-1.864272
"""CNR1768562""","""CID5165919""",0.003027254,-0.007065952,0.010093206
"""CNR4685590""","""CID3905178""",-1.2404212,-0.038364172,-1.202057
"""CNR9528927""","""CID8504147""",-2.1067579,-0.038658887,-2.068099
"""CNR9626235""","""CID7062292""",0.013829263,0.03539914,-0.021569876
"""CNR5952208""","""CID4111231""",-0.8938865,-0.023476094,-0.87041044
"""CNR4118371""","""CID5355022""",-1.0622033,0.015334964,-1.0775383
"""CNR3752036""","""CID6566796""",0.013549859,0.021565706,-0.008015847
"""CNR2936608""","""CID1120892""",-1.0820053,-0.011838794,-1.0701665
"""CNR5391179""","""CID1885288""",14.249678,-0.018871307,14.268549
"""CNR3616531""","""CID3574429""",-1.32953,-0.015561044,-1.3139689
"""CNR3342006""","""CID6402177""",-1.5523024,0.02372247,-1.5760248
"""CNR2894648""","""CID1017019""",-2.151312,-0.01572752,-2.1355846
"""CNR6488926""","""CID7677447""",1.3932422,0.0020099282,1.3912323
"""CNR7104883""","""CID2777933""",0.0,-0.0055886507,0.0055886507
"""CNR3187244""","""CID1689201""",-1.9532924,-0.05249983,-1.9007926
"""CNR4999712""","""CID9797801""",0.025039341,-0.039563596,0.06460294
"""CNR5540683""","""CID8620424""",-1.3146785,-0.02137655,-1.293302
"""CNR2282463""","""CID3612452""",0.013829263,0.011212409,0.0026168544
"""CNR1332438""","""CID9705971""",0.013829263,0.002868712,0.010960551
"""CNR2884476""","""CID4727646""",-0.31467855,0.036094368,-0.35077292
"""CNR7326244""","""CID8949910""",2.160569,-0.056644738,2.2172136
"""CNR8783887""","""CID7677830""",0.013829263,-0.02359581,0.03742507
"""CNR4377312""","""CID3738547""",2.1952224,-0.027757108,2.2229795
"""CNR6569199""","""CID5398323""",-1.9136884,0.003986895,-1.9176753
"""CNR5625091""","""CID7558925""",-1.5176488,0.008239329,-1.5258882
"""CNR6448259""","""CID9118336""",0.013829263,0.002423048,0.011406215
"""CNR1533953""","""CID7343578""",0.025039341,-0.05755937,0.082598716
"""CNR8479763""","""CID2903282""",0.0,-0.04478991,0.04478991
"""CNR4786079""","""CID9957700""",0.003027254,0.0060670674,-0.0030398134
"""CNR8392529""","""CID3200210""",0.025039341,0.0052414536,0.019797888
"""CNR3749588""","""CID9799664""",-0.6810152,-0.0048069954,-0.6762082
"""CNR3100979""","""CID7172920""",-0.6909162,0.020970136,-0.7118863
"""CNR5270859""","""CID9960685""",3.4080937,-0.01942572,3.4275193
"""CNR8463976""","""CID8718167""",-1.9532924,-0.0366624,-1.91663
"""CNR1060990""","""CID2468910""",-2.0919063,0.022812009,-2.1147184
"""CNR8385626""","""CID6856298""",0.013549859,-0.010933101,0.02448296
"""CNR3642289""","""CID8762998""",0.59126204,0.016680747,0.57458127
"""CNR2285717""","""CID6837843""",-1.4582429,0.0025815964,-1.4608245
"""CNR1340771""","""CID9541774""",-1.5374508,-0.008193076,-1.5292578
"""CNR1592952""","""CID4586198""",0.025039341,0.035149723,-0.010110382
"""CNR8321268""","""CID6062718""",-1.6562628,-0.00038397312,-1.6558788
"""CNR9027093""","""CID6331799""",-2.2552726,-0.0018932223,-2.2533793
"""CNR1252544""","""CID4007286""",-0.09685677,0.012661517,-0.10951829
"""CNR5805706""","""CID9852390""",0.003027254,-0.0030238628,0.0060511166
"""CNR3544390""","""CID3288943""",0.2249254,-0.09803879,0.3229642
"""CNR5626978""","""CID2222359""",-1.339431,0.012702644,-1.3521338
"""CNR6493199""","""CID5602465""",-1.4037875,0.00084367394,-1.4046311
"""CNR1264073""","""CID1232361""",-2.0523024,-0.05327311,-1.9990293
"""CNR9362361""","""CID5273107""",0.6556185,-0.035003603,0.6906221
"""CNR6280240""","""CID4123191""",0.003027254,-0.100527406,0.10355466
"""CNR4050867""","""CID1272664""",-0.83943105,-0.0041363537,-0.8352947
"""CNR4917086""","""CID3730392""",-1.6859657,-0.01509431,-1.6708714
"""CNR5599265""","""CID5999692""",1.3882917,-0.03937435,1.4276661
"""CNR4729501""","""CID5630302""",0.025039341,0.0041802526,0.020859089
"""CNR4502258""","""CID7593002""",0.003027254,-0.013450921,0.016478175
"""CNR6650817""","""CID3089175""",-2.1612132,0.07413936,-2.2353525
"""CNR7986948""","""CID3987762""",-1.5077479,0.045936823,-1.5536847
"""CNR2470064""","""CID4755670""",0.003027254,-0.0001898408,0.0032170948
"""CNR5028508""","""CID3374702""",-1.2701241,0.07479566,-1.3449197
"""CNR4947291""","""CID9503472""",-0.01269836,0.031570435,-0.044268794
"""CNR8390489""","""CID5427460""",1.17047,0.0012644231,1.1692055
"""CNR3163914""","""CID9611956""",-1.7305201,-0.010687321,-1.7198328
"""CNR5320733""","""CID3961246""",-0.9631934,0.061410904,-1.0246043
"""CNR3712765""","""CID2791892""",0.0,0.007511139,-0.007511139
"""CNR2847433""","""CID1230931""",-1.7107182,0.029055178,-1.7397733
"""CNR5698190""","""CID4384173""",-1.2651736,-0.025192887,-1.2399807
"""CNR8214656""","""CID3906707""",1.2843313,-0.011034906,1.2953663
"""CNR5581466""","""CID2550669""",-0.5869558,0.03340727,-0.62036306
"""CNR1319989""","""CID4240881""",0.0,0.04420346,-0.04420346
"""CNR9358932""","""CID8791153""",0.003027254,0.0060035586,-0.0029763046
"""CNR6843046""","""CID2485753""",0.013829263,-0.023494184,0.037323445
"""CNR9970308""","""CID2570664""",-1.9334904,0.06753379,-2.0010242
"""CNR6164865""","""CID3885709""",0.13086599,-0.018904865,0.14977086
"""CNR3123885""","""CID3606768""",1.6952224,-0.061827958,1.7570503
"""CNR8749972""","""CID4499547""",0.611064,0.011949241,0.5991148
"""CNR8170634""","""CID7571864""",-0.4681439,-0.017815351,-0.45032856
"""CNR3031304""","""CID6756440""",0.013829263,0.042998374,-0.02916911
"""CNR6791365""","""CID8782671""",-0.7552726,-0.010469884,-0.7448027
"""CNR4079603""","""CID9744752""",-1.6711142,0.05255419,-1.7236683
"""CNR6843453""","""CID1090447""",-0.78002506,-0.02525279,-0.7547723
"""CNR8373193""","""CID2815112""",0.35363826,-0.05560386,0.40924212
"""CNR8087361""","""CID7072534""",-1.9037875,-0.0051451325,-1.8986423
"""CNR4534383""","""CID5270411""",0.003027254,-0.03150773,0.034534983
"""CNR3174930""","""CID8978699""",3.5516582,-0.010715693,3.5623739
"""CNR8843159""","""CID5855391""",0.013829263,-0.0017793179,0.015608581
"""CNR6287187""","""CID9258737""",-1.2750746,-0.037970006,-1.2371047
"""CNR3597123""","""CID7961217""",-0.6364607,-0.016324162,-0.62013656
"""CNR8833884""","""CID8215844""",0.003027254,-0.030210614,0.033237867
"""CNR6594975""","""CID8772113""",4.561559,-0.008885026,4.570444
"""CNR1678090""","""CID3194023""",-1.2503221,-0.037125587,-1.2131965
"""CNR8154436""","""CID6736425""",7.3833413,0.018297851,7.3650436
"""CNR3111334""","""CID7039527""",-1.859233,-0.016404957,-1.842828
"""CNR7304070""","""CID1650346""",0.7100739,-0.025375098,0.73544896
"""CNR5558112""","""CID9120842""",0.003027254,0.007525623,-0.004498369
"""CNR8515754""","""CID6040769""",-0.7602231,0.070616245,-0.83083934
"""CNR1521178""","""CID5937983""",0.003027254,0.051826835,-0.04879958
"""CNR8841546""","""CID9079592""",0.15561847,-0.04933408,0.20495255
"""CNR3729350""","""CID1058788""",4.779381,0.01990366,4.759477
"""CNR3824648""","""CID5278994""",0.6358165,-0.026586682,0.6624032
"""CNR8910094""","""CID4217980""",0.013829263,-0.014356852,0.028186115
"""CNR8446460""","""CID5013018""",-1.9978468,-0.025005043,-1.9728417
"""CNR9469188""","""CID1546565""",2.130866,-0.027654171,2.1585202
"""CNR8288552""","""CID8622869""",-0.72061914,0.00763005,-0.7282492
"""CNR6931549""","""CID3106465""",-1.2354707,0.0045049787,-1.2399757
"""CNR9155947""","""CID2644433""",0.0,0.022063226,-0.022063226
"""CNR1124486""","""CID9116843""",-1.6909162,-0.025480866,-1.6654353
"""CNR4033056""","""CID5874858""",-1.898837,0.023696661,-1.9225336
"""CNR3443531""","""CID5911682""",1.9080937,0.0002655387,1.9078281
"""CNR5978702""","""CID5858825""",-1.3146785,-0.024741769,-1.2899368
"""CNR4476387""","""CID3290168""",-0.40873796,0.052659363,-0.46139732
"""CNR5060453""","""CID3552491""",-1.8740845,-0.038624585,-1.83546
"""CNR1773083""","""CID7282848""",-0.35428253,-0.03157723,-0.3227053
"""CNR7038803""","""CID4616403""",0.025039341,0.013192594,0.011846747
"""CNR3735805""","""CID4377558""",1.9823512,-0.027449787,2.009801
"""CNR4411006""","""CID1140356""",3.6160145,-0.02460152,3.640616
"""CNR1085092""","""CID7445424""",-2.0275497,-0.02247855,-2.0050712
"""CNR7128849""","""CID5834596""",-1.8443816,-0.021042824,-1.8233387
"""CNR3014637""","""CID5749013""",9.348688,-0.09910929,9.447798
"""CNR9020968""","""CID6787951""",-0.46319342,0.04299411,-0.50618756
"""CNR1205744""","""CID6734392""",0.025039341,0.003584832,0.02145451
"""CNR3490207""","""CID6283102""",2.031856,0.1236701,1.908186
"""CNR5547483""","""CID4754026""",0.6358165,-0.020024985,0.65584147
"""CNR8257492""","""CID9744953""",0.013829263,0.02854222,-0.014712958
"""CNR3384892""","""CID6157690""",2.3585887,0.022406697,2.336182
"""CNR8436435""","""CID2907775""",-1.2602232,-0.00673306,-1.2534901
"""CNR7522907""","""CID3835636""",1.5764105,-0.016250312,1.5926609
"""CNR5645261""","""CID8312465""",-1.7107182,0.01212436,-1.7228425
"""CNR7411089""","""CID5460361""",0.0,0.054954708,-0.054954708
"""CNR3700142""","""CID3043459""",-1.2008172,0.021478832,-1.222296
"""CNR3807565""","""CID2450623""",1.7001729,-0.023613274,1.7237861
"""CNR8182478""","""CID7709227""",-2.0820053,-0.0143380165,-2.0676672
"""CNR9965207""","""CID3104318""",-0.5077479,-0.020212054,-0.48753583
"""CNR8186739""","""CID5349282""",-1.4334904,-0.02428937,-1.409201
"""CNR6728404""","""CID1798827""",-0.68596566,-0.0012708008,-0.6846949
"""CNR8106409""","""CID9276232""",6.581361,0.04323405,6.538127
"""CNR1629395""","""CID1280140""",15.081361,-0.0039882064,15.085349
"""CNR4899030""","""CID6426717""",-1.2998271,-0.03236407,-1.267463
"""CNR7713465""","""CID3314787""",-0.91863894,0.05232358,-0.9709625
"""CNR2483451""","""CID2428320""",0.0,-0.03540206,0.03540206
"""CNR5512467""","""CID2263858""",0.01700461,0.008404136,0.008600473
"""CNR2403219""","""CID7269319""",0.025039341,-0.0019897223,0.027029064
"""CNR9310085""","""CID1669716""",0.0,-0.013398886,0.013398886
"""CNR1575368""","""CID5724346""",-0.39388648,-0.010713041,-0.38317344
"""CNR5513138""","""CID2654130""",-1.8938864,-0.03165689,-1.8622296
"""CNR5248673""","""CID8363591""",2.3783908,0.027384281,2.3510065
"""CNR3604068""","""CID1633354""",-0.13151024,-0.02636975,-0.10514049
"""CNR9768427""","""CID6564502""",-0.36418352,0.0012497902,-0.3654333
"""CNR7732132""","""CID9398231""",0.003027254,0.050059855,-0.047032602
"""CNR4130953""","""CID3196782""",2.2744303,-0.017859787,2.29229
"""CNR4451636""","""CID9506765""",0.0,0.005030781,-0.005030781
"""CNR2867312""","""CID6940415""",0.013829263,0.0056786835,0.008150579
"""CNR7541670""","""CID4622638""",-1.7800251,0.003176123,-1.7832012
"""CNR6455980""","""CID3295560""",0.025039341,-0.01618731,0.04122665
"""CNR2532357""","""CID1690653""",0.013549859,-0.015882343,0.029432202
"""CNR8306647""","""CID5369951""",0.013829263,0.011669755,0.002159508
"""CNR5641295""","""CID6079816""",0.003027254,-0.031820834,0.034848087
"""CNR3848299""","""CID5956143""",2.140767,0.071982145,2.068785
"""CNR5836642""","""CID3759836""",0.620965,-0.058909237,0.67987424
"""CNR4277623""","""CID1500304""",0.0,-0.052425236,0.052425236
"""CNR1503976""","""CID5193982""",1.3486878,-0.06185299,1.4105408
"""CNR6629508""","""CID1447082""",-1.6562628,0.010902852,-1.6671656
"""CNR2344676""","""CID9597959""",0.5071036,-0.010457456,0.5175611
"""CNR2676268""","""CID7513416""",2.2843313,-0.012624681,2.296956
"""CNR1652833""","""CID5409586""",1.551658,-0.010530353,1.5621884
"""CNR9647176""","""CID5500175""",-1.7800251,-0.057395756,-1.7226293
"""CNR3687483""","""CID9613654""",1.9229453,-0.011988938,1.9349341
"""CNR5003584""","""CID1126880""",-0.22061916,0.0024542809,-0.22307344
"""CNR2589498""","""CID2332961""",0.0,0.011994123,-0.011994123
"""CNR9802299""","""CID3201110""",0.013549859,-0.015079409,0.028629268
"""CNR2536712""","""CID6942801""",-0.879035,-0.0019932985,-0.8770417
"""CNR8580483""","""CID1353987""",1.9476976,-0.0033656359,1.9510633
"""CNR1925165""","""CID6989598""",0.003027254,0.009844035,-0.006816781
"""CNR3522787""","""CID7015762""",-0.21071815,0.06027633,-0.27099448
"""CNR9862803""","""CID1589839""",-2.0374508,0.04491067,-2.0823615
"""CNR1223694""","""CID6413978""",1.190272,0.063795984,1.126476
"""CNR6326487""","""CID8203188""",-2.0027974,-0.055545866,-1.9472516
"""CNR6944320""","""CID2369454""",-0.9483419,0.048738897,-0.9970808
"""CNR8759104""","""CID7870110""",0.003027254,0.06529021,-0.06226296
"""CNR6759901""","""CID8291244""",3.9080937,-0.022433043,3.9305267
"""CNR7755149""","""CID6426610""",0.025039341,0.006270051,0.01876929
"""CNR5617329""","""CID3830152""",-1.369134,-0.033009946,-1.336124
"""CNR7645275""","""CID8202921""",2.091262,-0.025680244,2.1169424
"""CNR2267390""","""CID8471038""",0.025039341,0.029141486,-0.0041021444
"""CNR7626046""","""CID1469457""",0.7001729,-0.006180525,0.7063534
"""CNR9303661""","""CID6236776""",-0.4829954,-0.021730542,-0.46126485
"""CNR6255178""","""CID6821569""",0.025039341,0.026092917,-0.0010535754
"""CNR9076713""","""CID5327266""",-1.6958667,0.037634075,-1.7335007
"""CNR4314330""","""CID7313910""",-1.6315103,0.016545057,-1.6480553
"""CNR3184470""","""CID6568650""",-0.83943105,-0.009548813,-0.82988226
"""CNR9927778""","""CID2393539""",-1.5919063,-0.007822156,-1.5840842
"""CNR3463814""","""CID6525427""",-1.7305201,-0.027831376,-1.7026887
"""CNR7371002""","""CID8815302""",-2.1909163,-0.068822056,-2.1220942
"""CNR6857123""","""CID2505019""",0.0,-0.013251007,0.013251007
"""CNR4540906""","""CID5955909""",-1.0077479,-0.012877464,-0.9948704
"""CNR5699423""","""CID7189468""",-1.5126984,-0.012372285,-1.5003262
"""CNR2806406""","""CID2421769""",0.003027254,-0.017866343,0.020893598
"""CNR6025057""","""CID2532783""",0.013549859,-0.0171898,0.03073966
"""CNR9917488""","""CID6440588""",-0.48794588,-0.02639094,-0.46155494
"""CNR3820937""","""CID6339973""",-1.7998271,0.01972729,-1.8195543
"""CNR7765550""","""CID3939686""",0.025039341,0.027590752,-0.0025514103
"""CNR3366418""","""CID7445598""",-2.1562626,-0.037310004,-2.1189528
"""CNR6522616""","""CID8530345""",0.013549859,0.019477844,-0.0059279855
"""CNR4816035""","""CID3032849""",-1.6859657,-0.005471885,-1.6804938
"""CNR4642717""","""CID8602203""",0.003027254,0.014564514,-0.01153726
"""CNR2909068""","""CID6629754""",-0.60675776,-0.067168176,-0.5395896
"""CNR4183119""","""CID3082229""",2.0516582,-0.028048724,2.079707
"""CNR2585709""","""CID7631995""",0.0,-0.048343956,0.048343956
"""CNR4693806""","""CID8775250""",0.025039341,0.029831022,-0.0047916807
"""CNR4963585""","""CID1499571""",0.601163,0.03295198,0.5682111
"""CNR9540782""","""CID6838704""",0.8536383,0.0044706464,0.84916764
"""CNR8400843""","""CID3232875""",1.2150245,0.0052764416,1.209748
"""CNR7490154""","""CID4646423""",-0.879035,-0.03291005,-0.84612495
"""CNR4978667""","""CID4577014""",-1.0275499,0.0074290633,-1.0349789
"""CNR6001653""","""CID8729713""",0.013549859,0.060584962,-0.047035106
"""CNR9235118""","""CID8402215""",0.013549859,0.009082496,0.0044673625
"""CNR3600985""","""CID1948090""",-0.88398546,-0.016377568,-0.8676079
"""CNR6737470""","""CID9943123""",-0.36418352,0.00801754,-0.37220106
"""CNR1582691""","""CID6638442""",-0.22556965,-0.059984833,-0.16558482
"""CNR7932012""","""CID6248332""",-1.2552726,0.015209585,-1.2704822
"""CNR1466808""","""CID1881797""",-1.3146785,-0.009049028,-1.3056295
"""CNR4643065""","""CID8386666""",0.025039341,-0.014170945,0.039210286
"""CNR4677920""","""CID6294217""",-0.91863894,-0.0037896037,-0.91484934
"""CNR6455406""","""CID9723485""",-0.18596569,-0.05749494,-0.12847075
"""CNR2777033""","""CID8056433""",-1.9334904,0.00043946505,-1.9339299
"""CNR6471123""","""CID6243953""",0.003027254,0.016171545,-0.013144291
"""CNR8919921""","""CID2820302""",-0.9631934,0.04230416,-1.0054976
"""CNR4616369""","""CID7513234""",-0.9631934,0.005808413,-0.9690018
"""CNR9559606""","""CID4883012""",1.591262,0.011523068,1.5797389
"""CNR4863685""","""CID1368940""",2.1902719,-0.07887095,2.2691429
"""CNR5267878""","""CID2721381""",0.003027254,0.0110237,-0.007996446
"""CNR5104295""","""CID9551339""",0.013829263,0.01067242,0.0031568427
"""CNR1981902""","""CID3551818""",-1.2255696,-0.03688413,-1.1886854
"""CNR8956567""","""CID1820939""",-0.39388648,0.016911924,-0.4107984
"""CNR7962519""","""CID1163062""",-1.6216092,-0.004335165,-1.617274
"""CNR6398341""","""CID2487611""",-0.6661637,-0.036497176,-0.6296665
"""CNR8113777""","""CID5729621""",0.003027254,-0.024579942,0.027607197
"""CNR3535171""","""CID1028626""",-0.46319342,-0.060655594,-0.40253782
"""CNR4903335""","""CID8569846""",0.003027254,0.006945938,-0.003918684
"""CNR9643327""","""CID1374400""",0.003027254,0.042193532,-0.03916628
"""CNR9089619""","""CID7739956""",-1.2453716,0.028313875,-1.2736855
"""CNR1272406""","""CID2028985""",0.013829263,-0.0048856735,0.018714936
"""CNR2900179""","""CID7005392""",3.581361,-0.031647116,3.6130083
"""CNR3956081""","""CID7682577""",-1.1909162,0.0051742196,-1.1960905
"""CNR1430108""","""CID2102482""",1.9130442,0.0038803816,1.9091638
"""CNR8043769""","""CID1502942""",-0.41368845,0.012441158,-0.4261296
"""CNR6679428""","""CID8978422""",-0.01214276,0.044982582,-0.05712534
"""CNR3161367""","""CID5802109""",1.2397768,0.04472494,1.1950519
"""CNR3849901""","""CID5768183""",-0.9730944,0.031557888,-1.0046523
"""CNR1438147""","""CID3150036""",-1.0721043,0.003027916,-1.0751323
"""CNR5442515""","""CID6406608""",-0.9384409,0.0038254857,-0.9422664
"""CNR9369228""","""CID3629405""",-0.879035,-0.010350645,-0.86868435
"""CNR4859997""","""CID8583169""",7.7051234,-0.004364252,7.709488
"""CNR5366434""","""CID1889737""",-0.379035,0.044879496,-0.4239145
"""CNR6595952""","""CID6465406""",-0.9384409,-0.026726604,-0.9117143
"""CNR4211692""","""CID2566068""",0.025039341,0.0014416575,0.023597684
"""CNR4104825""","""CID2756751""",0.013829263,0.026625752,-0.0127964895
"""CNR7834177""","""CID7401642""",-1.2651736,-0.08746624,-1.1777073
"""CNR1988848""","""CID8462175""",-2.1463618,-0.011580408,-2.1347814
"""CNR7502362""","""CID7031678""",0.003027254,0.003935933,-0.0009086791
"""CNR7905050""","""CID3776738""",1.1803709,-0.013462067,1.193833
"""CNR6581394""","""CID3071913""",-0.5770548,-0.015023708,-0.5620311
"""CNR8503014""","""CID7483463""",0.025039341,0.0604195,-0.03538016
"""CNR4224177""","""CID7142176""",0.025039341,0.013662815,0.011376526
"""CNR4561333""","""CID4913125""",-0.5721043,0.0031148493,-0.57521915
"""CNR2795852""","""CID8286428""",-1.1810151,-0.0007646084,-1.1802505
"""CNR5891068""","""CID6029742""",1.9130442,-0.0006607473,1.913705
"""CNR1469107""","""CID5573702""",-0.1810152,0.028881788,-0.20989698
"""CNR5698262""","""CID9842158""",-2.1760647,0.010580063,-2.1866448
"""CNR1727892""","""CID8581243""",0.82393533,0.04734716,0.7765882
"""CNR2913516""","""CID3961356""",-0.15626271,-0.002675712,-0.153587
"""CNR9274553""","""CID3690186""",-0.49289638,-0.06990886,-0.42298752
"""CNR7776461""","""CID6577520""",0.55660856,0.01741606,0.5391925
"""CNR5729664""","""CID1858900""",0.013549859,-0.029468536,0.043018393
"""CNR1002093""","""CID8546912""",0.0,-0.04726705,0.04726705
"""CNR5803157""","""CID6757897""",-0.33943105,-0.0073252916,-0.33210576
"""CNR4981495""","""CID5110552""",1.8387868,0.04159385,1.797193
"""CNR3063476""","""CID3436080""",-1.7552726,-0.016578108,-1.7386945
"""CNR6394680""","""CID3692424""",-0.40873796,-0.047372818,-0.36136514
"""CNR6278522""","""CID7394660""",-1.5968568,-0.014059395,-1.5827974
"""CNR2871603""","""CID7436718""",-0.101807274,-0.015002668,-0.086804606
"""CNR5291215""","""CID5513042""",1.4080937,0.034087986,1.3740057
"""CNR6799752""","""CID8428929""",0.0,0.025179923,-0.025179923
"""CNR5318235""","""CID5729870""",1.601163,0.011455715,1.5897074
"""CNR7546095""","""CID3959402""",2.061559,-0.1183812,2.1799402
"""CNR2044945""","""CID7789787""",4.6358166,0.02251932,4.6132975
"""CNR9965859""","""CID6737089""",0.0,0.07030827,-0.07030827
"""CNR6617031""","""CID5857636""",0.0,-0.052393824,0.052393824
"""CNR1720627""","""CID5519956""",-0.09685677,-0.037455887,-0.059400886
"""CNR5412634""","""CID4736485""",0.013829263,0.005070746,0.008758517
"""CNR4500275""","""CID5571827""",-1.849332,0.032494962,-1.8818269
"""CNR9457801""","""CID6819784""",-1.6364608,0.00024586916,-1.6367066
"""CNR2271364""","""CID2423040""",-0.39388648,-0.0031056106,-0.39078087
"""CNR2864427""","""CID8300481""",-1.32953,0.09585267,-1.4253826
"""CNR6183445""","""CID6873993""",0.003027254,0.009489715,-0.0064624613
"""CNR4407163""","""CID7803515""",0.013829263,0.0020840168,0.011745246
"""CNR2355991""","""CID1473447""",-1.4780449,0.103598,-1.5816429
"""CNR6985123""","""CID9445225""",-0.31467855,-0.006130755,-0.3085478
"""CNR5725531""","""CID3223882""",-2.0424013,0.024822295,-2.0672235
"""CNR9531569""","""CID6318609""",0.003027254,-0.010486394,0.013513648
"""CNR6426879""","""CID5336645""",0.025039341,-0.03818655,0.063225895
"""CNR8659699""","""CID1359239""",0.013549859,0.027863264,-0.014313405
"""CNR7306983""","""CID9309090""",0.22987589,0.00684157,0.22303432
"""CNR7575734""","""CID5522486""",-0.8641835,0.0020692945,-0.8662528
"""CNR7568523""","""CID4737731""",-2.151312,0.03865695,-2.189969
"""CNR1120178""","""CID8967575""",-0.0721043,-0.07514113,0.0030368343
"""CNR3741444""","""CID3391764""",-2.0424013,-0.020008981,-2.0223923
"""CNR2056655""","""CID9713110""",-1.1612132,0.025534272,-1.1867474
"""CNR3547125""","""CID8351168""",0.025039341,-0.0060657263,0.031105068
"""CNR9590347""","""CID8542093""",-1.2404212,0.04082334,-1.2812445
"""CNR5536154""","""CID9249871""",2.8932421,-0.05446893,2.947711
"""CNR8808299""","""CID3779010""",1.2694799,-0.065520346,1.3350003
"""CNR4910563""","""CID5612770""",0.013829263,-0.04075104,0.0545803
"""CNR8934867""","""CID5013400""",-1.349332,-0.0041244626,-1.3452075
"""CNR9624023""","""CID3355461""",-1.4384409,-0.024633467,-1.4138074
"""CNR3865460""","""CID1648672""",-1.0572528,-0.018255413,-1.0389974
"""CNR7655415""","""CID3890994""",-2.1117082,0.03334835,-2.1450565
"""CNR8521251""","""CID5686276""",1.0120541,-0.0016741753,1.0137283
"""CNR7787024""","""CID6785433""",-0.74537164,0.028745174,-0.7741168
"""CNR2020344""","""CID2874202""",5.413044,0.0012051463,5.411839
"""CNR8872863""","""CID8328537""",3.2051234,-0.039235473,3.244359
"""CNR6047355""","""CID4247776""",3.1259155,0.005985141,3.1199303
"""CNR4734335""","""CID9745949""",3.640767,0.026952684,3.6138144
"""CNR1478954""","""CID7036948""",1.0170046,0.013596475,1.0034082
"""CNR1326392""","""CID5959245""",0.0,-0.0025700927,0.0025700927
"""CNR9427742""","""CID4842364""",-0.013278072,0.016164362,-0.029442433
"""CNR5873823""","""CID9798340""",0.013549859,0.027491689,-0.01394183
"""CNR7248166""","""CID9013086""",-1.8740845,0.0148380995,-1.8889226
"""CNR9098094""","""CID3282803""",-1.7602232,-0.022772968,-1.7374501
"""CNR1293387""","""CID8309512""",1.3239353,0.07781625,1.246119
"""CNR6710019""","""CID8817538""",0.0,-0.0034365654,0.0034365654
"""CNR7565025""","""CID6583835""",-1.8344805,0.0045067966,-1.8389874
"""CNR5765872""","""CID2684010""",0.013549859,0.0077520013,0.0057978574
"""CNR3084010""","""CID1317013""",-0.00279737,-0.061514437,0.05871707
"""CNR5605247""","""CID7853518""",-0.4780449,0.03951004,-0.51755494
"""CNR5290432""","""CID4153534""",0.025039341,-0.007766664,0.032806005
"""CNR6937910""","""CID8991195""",2.3338363,-0.020396292,2.3542325
"""CNR6354599""","""CID6088479""",-1.9532924,0.032041997,-1.9853344
"""CNR1508627""","""CID8377470""",1.4080937,0.016253233,1.3918405
"""CNR2797519""","""CID1316543""",-0.7156687,-0.014580101,-0.70108855
"""CNR7530105""","""CID9466778""",0.49720263,-0.04396695,0.5411696
"""CNR2449170""","""CID5434827""",0.0,0.027972937,-0.027972937
"""CNR6540931""","""CID5954046""",0.013829263,-0.0189659,0.03279516
"""CNR3123150""","""CID3092867""",2.0170047,-0.021025449,2.0380301
"""CNR3649871""","""CID1997034""",-2.0424013,-0.052824855,-1.9895765
"""CNR9310516""","""CID1090723""",0.6358165,-0.045489132,0.68130565
"""CNR5515726""","""CID3433763""",0.013549859,-0.059853256,0.07340311
"""CNR8731068""","""CID4015011""",0.013549859,-0.021873385,0.03542324
"""CNR6838384""","""CID9487639""",0.0,-0.014485359,0.014485359
"""CNR2023066""","""CID9542897""",1.551658,0.06978953,1.4818685
"""CNR5010782""","""CID8176638""",-2.0869558,0.064998925,-2.1519547
"""CNR6373582""","""CID6400926""",-0.5968568,-0.022340655,-0.5745161
"""CNR5501610""","""CID2104020""",-1.888936,-0.008044541,-1.8808916
"""CNR3984569""","""CID6804370""",0.87344027,-0.0006377697,0.87407804
"""CNR6842666""","""CID7442998""",0.76452935,0.005577326,0.758952
"""CNR1499592""","""CID6650869""",-2.2255697,-0.01532197,-2.2102478
"""CNR4270242""","""CID2106686""",1.8833412,-0.027706087,1.9110472
"""CNR1936677""","""CID7593255""",-1.1562628,-0.027113438,-1.1291493
"""CNR4126801""","""CID2781805""",0.025039341,-0.010365516,0.035404857
"""CNR8329470""","""CID3126428""",0.013829263,-0.050937712,0.06476697
"""CNR6847413""","""CID2618177""",-1.3344805,0.006132692,-1.3406132
"""CNR5325755""","""CID1284662""",0.003027254,-0.0043275952,0.007354849
"""CNR5973614""","""CID3947347""",-1.2948766,-0.014146626,-1.28073
"""CNR1883092""","""CID9873510""",0.9080937,-0.009679496,0.9177732
"""CNR4765592""","""CID7987150""",-1.4037875,0.037873626,-1.4416611
"""CNR9999312""","""CID4761711""",1.5764105,-0.029452443,1.605863
"""CNR5351433""","""CID4736469""",-1.4532924,-0.015363365,-1.437929
"""CNR2632374""","""CID5900481""",-1.3542825,-0.025084287,-1.3291982
"""CNR7786497""","""CID5000229""",0.0,0.029767394,-0.029767394
"""CNR4529422""","""CID9166034""",-0.369134,-0.015069544,-0.35406446
"""CNR9340556""","""CID7607249""",-1.3938864,0.076797724,-1.4706842
"""CNR9468029""","""CID3836006""",-0.013278072,-0.0050402284,-0.008237843
"""CNR6158716""","""CID9122315""",-1.8344805,0.027544439,-1.862025
"""CNR4342205""","""CID6682365""",8.36354,-0.016567707,8.380108
"""CNR6191576""","""CID4818790""",-0.5176489,0.024584442,-0.54223335
"""CNR7337129""","""CID4019275""",4.363539,-0.035559952,4.3990993
"""CNR3861260""","""CID2571393""",-1.8839855,0.05066836,-1.9346539
"""CNR9756138""","""CID8928588""",0.025039341,0.028565109,-0.0035257675
"""CNR1938042""","""CID7141059""",0.0,-0.01758948,0.01758948
"""CNR5029282""","""CID8554501""",-0.4829954,-0.04217249,-0.4408229
"""CNR5129614""","""CID3180118""",1.2150245,0.031668186,1.1833563
"""CNR7198120""","""CID2390672""",3.8140342,-0.010171413,3.8242056
"""CNR3901155""","""CID1503140""",3.8981926,-0.06637746,3.96457
"""CNR9858761""","""CID5406642""",-2.1216092,-0.07419038,-2.0474188
"""CNR6868506""","""CID2590717""",-1.2057676,0.010035962,-1.2158036
"""CNR1436322""","""CID3507304""",0.025039341,-0.013409346,0.038448688
"""CNR8834737""","""CID2454191""",1.630866,0.00028255582,1.6305835
"""CNR6745643""","""CID5937179""",0.025039341,-0.012948215,0.037987556
"""CNR9576617""","""CID8191526""",0.0,0.037074864,-0.037074864
"""CNR3015781""","""CID9516817""",-0.84933203,-0.049933374,-0.79939866
"""CNR4200227""","""CID5814729""",0.003027254,-0.0059977174,0.009024971
"""CNR1207711""","""CID2323646""",0.013549859,0.06549859,-0.051948734
"""CNR8687260""","""CID8505240""",-1.1265597,0.08330798,-1.2098677
"""CNR5732696""","""CID2133567""",0.8981927,-0.014283776,0.9124765
"""CNR7571682""","""CID1113413""",0.003027254,0.010279924,-0.00725267
"""CNR7430261""","""CID7840502""",0.0,-0.030728549,0.030728549
"""CNR3315179""","""CID6310335""",0.013829263,-0.021535575,0.035364836
"""CNR1295416""","""CID9741870""",-0.013278072,0.00975278,-0.023030851
"""CNR8232770""","""CID6842746""",-0.70081717,0.0040572584,-0.7048744
"""CNR4353650""","""CID2685510""",-2.0325003,0.0024413466,-2.0349417
"""CNR6706653""","""CID9853814""",0.0,0.044569433,-0.044569433
"""CNR9255306""","""CID3522904""",-0.28992608,-0.017025083,-0.272901
"""CNR5653566""","""CID2396992""",0.26947987,-0.015782356,0.28526223
"""CNR7917299""","""CID7632510""",0.0,-0.06925565,0.06925565
"""CNR9022065""","""CID6828608""",0.0,0.012271166,-0.012271166
"""CNR9041719""","""CID5885187""",0.025039341,-0.0012878776,0.026327219
"""CNR7946870""","""CID9266247""",-0.4780449,0.017015189,-0.4950601
"""CNR2699917""","""CID4492576""",0.013829263,-0.0151788,0.029008063
"""CNR5312774""","""CID1203048""",3.0071037,-0.004868835,3.0119724
"""CNR9507262""","""CID2095158""",1.9377967,0.0039192736,1.9338775
"""CNR8938826""","""CID4019850""",0.003027254,-0.02986765,0.032894902
"""CNR1833609""","""CID2882570""",-2.1562626,-0.012979388,-2.1432834
"""CNR3535949""","""CID2687526""",1.2744304,0.02477172,1.2496587
"""CNR2497195""","""CID4749618""",-1.6958667,-0.02886942,-1.6669973
"""CNR7340084""","""CID1310518""",-0.4829954,0.0221304,-0.50512576
"""CNR6701806""","""CID5001747""",0.013549859,-0.019162416,0.032712273
"""CNR3672574""","""CID7827614""",1.8189849,0.015367508,1.8036174
"""CNR6522664""","""CID8252322""",2.1358166,0.015250295,2.1205664
"""CNR7989557""","""CID5982362""",-1.3839855,-0.054742098,-1.3292434
"""CNR9990977""","""CID2269345""",0.025039341,0.012054086,0.012985256
"""CNR8192090""","""CID6065599""",-1.6760647,-0.0076241493,-1.6684406
"""CNR6576515""","""CID3265818""",-1.898837,-0.042733133,-1.8561039
"""CNR8465688""","""CID5519765""",0.025039341,0.08636725,-0.06132791
"""CNR8855603""","""CID1568343""",0.0,0.05431688,-0.05431688
"""CNR3453764""","""CID4640655""",-1.4532924,-0.04683563,-1.4064567
"""CNR6842017""","""CID5963688""",0.0,0.0939036,-0.0939036
"""CNR9331882""","""CID4396793""",0.013549859,-0.060567826,0.07411768
"""CNR6008401""","""CID5901020""",2.031856,-0.050856948,2.0827131
"""CNR9943131""","""CID1477019""",1.2991828,-0.03225428,1.3314371
"""CNR7425226""","""CID5448953""",0.013829263,0.04002872,-0.026199458
"""CNR7550421""","""CID4215675""",0.0,0.034824193,-0.034824193
"""CNR3337009""","""CID3688443""",-2.1562626,-0.036344767,-2.1199179
"""CNR1261266""","""CID2447578""",0.9328462,-0.008538544,0.94138473
"""CNR1894204""","""CID3777790""",-1.6166588,-0.005695343,-1.6109635
"""CNR3121619""","""CID6611160""",0.025039341,-0.01375863,0.03879797
"""CNR5418140""","""CID6665553""",-1.888936,0.017789036,-1.906725
"""CNR1663075""","""CID6474575""",0.025039341,-0.011611402,0.036650743
"""CNR9504856""","""CID4707104""",0.013829263,-0.029162645,0.042991906
"""CNR7102175""","""CID5518500""",0.003027254,-0.027550578,0.030577833
"""CNR5459377""","""CID3425007""",0.025039341,0.020255804,0.0047835372
"""CNR7284923""","""CID7465171""",-1.7849755,-0.025312603,-1.7596629
"""CNR5328102""","""CID9301531""",2.3288858,-0.032230794,2.3611166
"""CNR9556718""","""CID2346621""",-1.2849755,-0.0243541,-1.2606214
"""CNR5714310""","""CID9613984""",-1.7404212,-0.012611508,-1.7278097
"""CNR3104248""","""CID5160968""",5.843737,-0.042183757,5.885921
"""CNR9973321""","""CID3206914""",0.11106402,-0.087174535,0.19823855
"""CNR3994115""","""CID7512394""",0.051658075,-0.008750707,0.060408782
"""CNR9054806""","""CID8644482""",0.0,0.00443089,-0.00443089
"""CNR6741383""","""CID9194733""",-0.1711142,0.025267422,-0.19638163
"""CNR1566526""","""CID1359394""",0.025039341,-0.03616181,0.06120115
"""CNR1162582""","""CID2046110""",-0.32953003,0.04695356,-0.3764836
"""CNR9175398""","""CID3344050""",0.8338363,-0.032434553,0.8662709
"""CNR9163776""","""CID3485950""",0.0,0.024588346,-0.024588346
"""CNR1309339""","""CID1761544""",1.07146,0.002692759,1.0687673
"""CNR6121687""","""CID9722463""",0.013829263,-0.01858133,0.03241059
"""CNR4481257""","""CID3061359""",-1.3196291,0.06100145,-1.3806305
"""CNR6783235""","""CID6960988""",-1.9582429,0.0010077655,-1.9592507
"""CNR6941131""","""CID2041506""",0.5467076,0.009453267,0.53725433
"""CNR1446647""","""CID8439635""",0.77443033,-0.021796942,0.7962273
"""CNR1999171""","""CID6365292""",-1.32953,-0.028158367,-1.3013716
"""CNR4851364""","""CID6700170""",-1.8196291,-0.028644323,-1.7909847
"""CNR2226010""","""CID4130907""",-0.9978469,0.04675287,-1.0445998
"""CNR2091502""","""CID4266486""",-0.88398546,-0.043719113,-0.84026635
"""CNR8703384""","""CID3401837""",3.3387868,0.079144,3.2596428
"""CNR5477289""","""CID2544257""",-0.33448052,-0.010866404,-0.32361412
"""CNR3001682""","""CID3496986""",1.8981928,-0.056099474,1.9542923
"""CNR9133011""","""CID1959647""",0.003027254,-0.025042713,0.028069967
"""CNR1621601""","""CID3035009""",0.025039341,-0.028616667,0.053656008
"""CNR8921876""","""CID8068764""",-1.0325004,-0.0019844174,-1.0305159
"""CNR9054277""","""CID4735543""",-1.7750746,-0.001614064,-1.7734605
"""CNR4685333""","""CID5775620""",-1.5027974,0.020598352,-1.5233958
"""CNR4855220""","""CID2446699""",-0.63151026,-0.0060742497,-0.625436
"""CNR6938252""","""CID8379490""",5.160569,-0.052032292,5.2126017
"""CNR3403176""","""CID5276234""",0.003027254,-0.0055752695,0.008602523
"""CNR1248961""","""CID4975039""",-1.7255696,0.038621366,-1.7641909
"""CNR8993384""","""CID6917465""",0.0,0.008450538,-0.008450538
"""CNR1064975""","""CID3107743""",0.013549859,-0.014653295,0.028203154
"""CNR9306078""","""CID6682301""",-1.6711142,-0.058730483,-1.6123837
"""CNR8555534""","""CID3580429""",-1.4532924,-0.008046865,-1.4452455
"""CNR9565407""","""CID7303723""",-0.013278072,0.030841649,-0.04411972
"""CNR6732767""","""CID4183765""",0.0,0.031293154,-0.031293154
"""CNR4443558""","""CID9964501""",-0.25032213,-0.00939396,-0.24092817
"""CNR4170038""","""CID5904517""",1.3437372,0.05347261,1.2902646
"""CNR3470328""","""CID2128933""",2.2645295,0.008589178,2.2559402
"""CNR1443796""","""CID5869703""",0.0,0.003923267,-0.003923267
"""CNR1194590""","""CID2586773""",1.2694799,0.011056542,1.2584233
"""CNR4870199""","""CID4100757""",0.003027254,-0.014426887,0.017454142
"""CNR5194325""","""CID8965960""",0.01700461,0.01335004,0.0036545694
"""CNR4903318""","""CID6591193""",0.013549859,0.12112653,-0.107576676
"""CNR6927594""","""CID6144471""",0.0,-0.007481426,0.007481426
"""CNR2061122""","""CID7968200""",-0.013278072,-0.01584649,0.002568419
"""CNR3001978""","""CID2705802""",-0.46319342,-0.012555301,-0.45063812
"""CNR5014597""","""CID5447986""",1.9130442,-0.015863448,1.9289076
"""CNR6390807""","""CID8185832""",-0.39883697,-0.025884062,-0.3729529
"""CNR1066280""","""CID7540081""",0.025039341,-0.023878157,0.0489175
"""CNR7439652""","""CID4511676""",-1.9334904,0.025090218,-1.9585806
"""CNR5813263""","""CID3284404""",-1.7602232,-0.0015631914,-1.75866
"""CNR7774656""","""CID7566685""",0.0,0.014869332,-0.014869332
"""CNR7749706""","""CID4820543""",13.041757,0.107174635,12.934582
"""CNR1394884""","""CID3539470""",2.17047,-0.015433013,2.185903
"""CNR3102197""","""CID7023002""",0.013549859,-0.024864137,0.038413994
"""CNR8274832""","""CID2175512""",4.3239355,0.001339376,4.322596
"""CNR3334488""","""CID5700991""",-1.2849755,-0.021531045,-1.2634444
"""CNR8180988""","""CID7341290""",-0.5424013,-0.05367416,-0.48872715
"""CNR1821198""","""CID8960516""",0.003027254,0.006673336,-0.003646082
"""CNR8977515""","""CID7129376""",0.013829263,-0.027994633,0.041823894
"""CNR2598717""","""CID7661987""",0.0,0.025644422,-0.025644422
"""CNR4232998""","""CID2050145""",0.003027254,-0.00040909648,0.0034363505
"""CNR1265074""","""CID5420155""",1.9229453,0.029588968,1.8933563
"""CNR2500792""","""CID3486513""",-0.8443815,-0.05505368,-0.78932786
"""CNR3995258""","""CID6573752""",0.025039341,-0.030606627,0.05564597
"""CNR7755893""","""CID7754371""",1.630866,0.004381597,1.6264844
"""CNR9157626""","""CID4927637""",0.025039341,-0.0048221946,0.029861536
"""CNR5869770""","""CID7507552""",-1.2453716,0.013412505,-1.258784
"""CNR5794306""","""CID6799025""",-1.6414112,-0.028172553,-1.6132386
"""CNR8457951""","""CID5642523""",3.1556184,-0.083975196,3.2395935
"""CNR9181833""","""CID9751473""",-2.2255697,-0.05843538,-2.1671343
"""CNR1521429""","""CID7270811""",-0.898837,-0.021001399,-0.8778356
"""CNR5362841""","""CID4132209""",-0.80477756,-0.015053749,-0.7897238
"""CNR6620954""","""CID7276683""",0.025039341,0.03165108,-0.0066117384
"""CNR8577895""","""CID2149595""",4.6952224,-0.011725485,4.706948
"""CNR1405119""","""CID6345110""",0.57146007,-0.04757157,0.61903167
"""CNR2418550""","""CID6084720""",0.0,0.06004691,-0.06004691
"""CNR9904730""","""CID2226909""",0.09621253,0.025332361,0.07088017
"""CNR9377664""","""CID8200040""",0.68532145,0.02184549,0.663476
"""CNR2446434""","""CID3457423""",2.140767,-0.0032182336,2.1439853
"""CNR1267721""","""CID4931815""",0.67046994,0.005385548,0.66508436
"""CNR5994816""","""CID2347670""",3.4972026,0.010742605,3.48646
"""CNR2128489""","""CID5182515""",0.25462836,-0.053071856,0.30770022
"""CNR5803814""","""CID3292401""",-0.6661637,0.066384554,-0.73254824
"""CNR6978615""","""CID8484615""",2.0071037,-0.019529223,2.0266328
"""CNR9667801""","""CID8661070""",6.3486876,0.0100931525,6.3385944
"""CNR5019818""","""CID9969819""",3.4724503,0.009542108,3.4629083
"""CNR5932587""","""CID6032474""",-0.65131223,-0.0140506625,-0.63726157
"""CNR7631721""","""CID5031609""",0.0,-0.011388093,0.011388093
"""CNR6451079""","""CID4498085""",-1.2552726,0.07383376,-1.3291063
"""CNR7681451""","""CID9288433""",-1.9829954,-0.005962938,-1.9770324
"""CNR4624510""","""CID6616317""",1.0467076,-0.003798008,1.0505056
"""CNR7419535""","""CID7187138""",0.013829263,-0.0049488246,0.018778088
"""CNR4742312""","""CID9500049""",5.9179945,0.060936958,5.8570576
"""CNR3654081""","""CID2244993""",5.388292,-0.022939324,5.411231
"""CNR9752771""","""CID6845682""",0.88334125,0.0188061,0.86453515
"""CNR6888022""","""CID9204507""",-0.013278072,-0.007892847,-0.0053852247
"""CNR7367723""","""CID1026663""",0.025039341,0.013336867,0.011702474
"""CNR6466076""","""CID1879864""",-0.013278072,0.01107803,-0.0243561
"""CNR3760137""","""CID7964392""",0.49720263,0.06182283,0.4353798
"""CNR6182364""","""CID2801287""",0.47740066,0.108211875,0.3691888
"""CNR6534078""","""CID4835853""",0.013829263,0.0088177025,0.0050115604
"""CNR2643595""","""CID5781036""",0.025039341,0.017196536,0.007842805
"""CNR8946187""","""CID9053079""",-0.8443815,-0.013981581,-0.83039993
"""CNR3759345""","""CID9130011""",0.0,0.031942725,-0.031942725
"""CNR5644832""","""CID4596699""",0.0,-0.007143855,0.007143855
"""CNR9731551""","""CID8267609""",-1.7552726,0.090620816,-1.8458934
"""CNR2232267""","""CID7669993""",-0.9037875,0.0048401356,-0.9086276
"""CNR2963851""","""CID2417773""",2.0665095,-0.02281943,2.089329
"""CNR9803462""","""CID2126549""",-0.35923302,0.025155663,-0.3843887
"""CNR9368634""","""CID4798552""",2.0170047,-0.01770401,2.0347087
"""CNR8685561""","""CID3031967""",0.003027254,-0.027916938,0.030944193
"""CNR4273824""","""CID4836340""",1.7051234,-0.03469658,1.73982
"""CNR8890208""","""CID6271601""",2.8090837,-0.02859819,2.8376818
"""CNR4950031""","""CID3974301""",0.8882917,0.015355051,0.87293667
"""CNR9126539""","""CID6307742""",-2.151312,-0.018219978,-2.1330922
"""CNR7114747""","""CID5665054""",0.003027254,-0.024145663,0.027172918
"""CNR6100064""","""CID5531512""",-1.2552726,0.051674366,-1.306947
"""CNR1135895""","""CID1256744""",-0.6562627,0.009788036,-0.66605073
"""CNR7987965""","""CID8419350""",0.11601451,-0.0067465603,0.12276107
"""CNR8982867""","""CID9607890""",0.003027254,-0.010101974,0.013129228
"""CNR1418370""","""CID8895008""",1.140767,-0.016227543,1.1569946
"""CNR9855836""","""CID3019312""",0.0,-0.02043432,0.02043432
"""CNR7312415""","""CID5565189""",0.013829263,0.020826757,-0.006997494
"""CNR9060077""","""CID3289351""",2.2843313,-0.016701192,2.3010325
"""CNR1649457""","""CID9207898""",-0.73547065,0.039414883,-0.77488554
"""CNR3559532""","""CID2657443""",0.44274718,-0.06331813,0.5060653
"""CNR3643708""","""CID8106006""",2.3783908,-0.03686911,2.4152598
"""CNR2071501""","""CID4304055""",-1.3938864,-0.0017738342,-1.3921126
"""CNR4747823""","""CID3109690""",-2.2156687,0.016551673,-2.2322204
"""CNR6852894""","""CID6982580""",1.6061136,0.058803976,1.5473096
"""CNR1202249""","""CID5556771""",0.003027254,-0.00639683,0.009424084
"""CNR4661541""","""CID2336119""",-0.64141124,-0.051364183,-0.59004706
"""CNR6490875""","""CID9027494""",2.3882918,-0.01715827,2.40545
"""CNR4280840""","""CID6967748""",-1.1117083,-0.07250348,-1.0392048
"""CNR8421963""","""CID6500454""",0.84868777,0.021070182,0.8276176
"""CNR8998750""","""CID6967134""",0.013829263,-0.03048879,0.04431805
"""CNR3620982""","""CID9858985""",-0.013278072,-0.041539073,0.028261002
"""CNR7641156""","""CID7566625""",0.013829263,-0.025799215,0.039628476
"""CNR9568918""","""CID2710735""",3.591262,-0.029349178,3.6206112
"""CNR5857371""","""CID9691635""",-0.11170826,-0.0018828511,-0.10982541
"""CNR7246668""","""CID8825508""",3.8981926,-0.045278996,3.9434717
"""CNR4126596""","""CID5306771""",-1.6810151,0.024790108,-1.7058053
"""CNR8944138""","""CID8030531""",-0.15131222,-0.01911807,-0.13219415
"""CNR5163713""","""CID5936364""",0.013829263,-0.0083251,0.022154363
"""CNR5269582""","""CID9539368""",1.1655195,0.02508071,1.1404388
"""CNR2716379""","""CID1248677""",-0.39388648,0.0534603,-0.44734678
"""CNR5132370""","""CID6770300""",-1.2156687,-0.061828464,-1.1538402
"""CNR9554886""","""CID6732057""",3.4526482,-0.0033645332,3.4560127
"""CNR6580943""","""CID3758035""",3.5021532,-0.031683564,3.5338368
"""CNR5097594""","""CID5559182""",0.013549859,0.0050345063,0.008515352
"""CNR9721913""","""CID2180016""",2.3635392,-0.02750206,2.3910413
"""CNR8260358""","""CID5836948""",0.013829263,-0.010235429,0.024064692
"""CNR2835033""","""CID4751118""",-1.5027974,-0.025155902,-1.4776415
"""CNR5144769""","""CID3342251""",0.025039341,0.035549283,-0.010509942
"""CNR8100655""","""CID7561374""",0.7694799,-0.011045635,0.7805255
"""CNR9780776""","""CID8501488""",-2.0820053,-0.022589236,-2.059416
"""CNR3260129""","""CID2296725""",-0.50279737,0.011988163,-0.5147855
"""CNR1908668""","""CID2954175""",-1.2948766,-0.0016285777,-1.2932479
"""CNR5817179""","""CID5772827""",1.581361,-0.023781836,1.6051428
"""CNR1677280""","""CID6828307""",0.003027254,0.045891404,-0.04286415
"""CNR6981881""","""CID9547704""",-1.0721043,-0.12667072,-0.9454336
"""CNR9679561""","""CID3974713""",-0.2750746,-0.061169863,-0.21390474
"""CNR5707695""","""CID8532990""",3.719975,0.016042948,3.703932
"""CNR8719780""","""CID3667817""",0.87344027,0.009078354,0.8643619
"""CNR8249028""","""CID2073147""",0.013829263,0.016058296,-0.002229033
"""CNR3320708""","""CID6858327""",0.0,0.008431375,-0.008431375
"""CNR8269023""","""CID8840976""",-0.64141124,0.02429676,-0.665708
"""CNR3098575""","""CID6285576""",-1.3740845,0.04060343,-1.4146879
"""CNR7708542""","""CID8429896""",2.9674997,-0.021811187,2.989311
"""CNR2825667""","""CID2238363""",-1.1265597,0.031389147,-1.1579489
"""CNR5795831""","""CID1514973""",-0.41368845,-0.0067108274,-0.40697762
"""CNR4940891""","""CID3177414""",3.3437374,0.020459592,3.3232777
"""CNR5580325""","""CID7224396""",3.6457174,0.0009240508,3.6447933
"""CNR8922734""","""CID8602401""",0.025039341,0.020199597,0.0048397444
"""CNR7943831""","""CID1867409""",0.025039341,-0.012680322,0.037719663
"""CNR1968933""","""CID8486136""",-1.2354707,0.0269019,-1.2623725
"""CNR9494827""","""CID2791675""",-0.6958667,0.0029551983,-0.6988219
"""CNR5965939""","""CID7179793""",-0.31467855,0.007868648,-0.3225472
"""CNR2103752""","""CID2206939""",0.22987589,0.0009954572,0.22888044
"""CNR9363346""","""CID8791561""",0.003027254,-0.022488445,0.0255157
"""CNR8817560""","""CID5347391""",-1.9582429,0.036106467,-1.9943494
"""CNR1034477""","""CID1606558""",1.2744304,0.00080251694,1.2736279
"""CNR5556348""","""CID1843753""",4.987302,0.020252705,4.967049
"""CNR3676832""","""CID4271843""",0.013829263,0.003835082,0.009994181
"""CNR8576183""","""CID2699494""",0.0,-0.013972789,0.013972789
"""CNR8316636""","""CID4403652""",1.0665096,-0.034669638,1.1011792
"""CNR4536951""","""CID3914483""",-0.24042113,-0.0051228404,-0.23529829
"""CNR5800729""","""CID6978541""",-0.51269835,0.038986146,-0.5516845
"""CNR3344340""","""CID8263226""",3.8783908,0.035124183,3.8432665
"""CNR8944801""","""CID8251230""",0.003027254,-0.033602,0.036629252
"""CNR1726100""","""CID3335485""",-0.5721043,0.032592893,-0.60469717
"""CNR7199347""","""CID6350271""",3.3684897,-0.034249425,3.402739
"""CNR4159074""","""CID5788260""",1.2001729,-0.017716587,1.2178895
"""CNR8692095""","""CID6018479""",-0.2800251,-0.0032314062,-0.2767937
"""CNR2273615""","""CID9308750""",-0.013278072,0.048814,-0.06209207
"""CNR5906446""","""CID2409838""",0.025039341,0.07308173,-0.04804239
"""CNR4485479""","""CID4206415""",0.013829263,0.037572265,-0.023743002
"""CNR5103140""","""CID8453202""",1.6655195,0.029331267,1.6361883
"""CNR5397719""","""CID4462109""",0.0,-0.0010299683,0.0010299683
"""CNR4552411""","""CID7518062""",-1.5077479,-0.0045074224,-1.5032405
"""CNR2231447""","""CID1988730""",0.025039341,-0.0024911165,0.027530458
"""CNR6806891""","""CID7352258""",0.013829263,0.008255452,0.005573811
"""CNR1424890""","""CID8624786""",-1.0325004,-0.012449026,-1.0200514
"""CNR2875407""","""CID5358795""",-1.6166588,0.06273228,-1.6793911
"""CNR4395090""","""CID5475736""",0.025039341,0.04515618,-0.02011684
"""CNR9023045""","""CID1419770""",0.0,0.026847899,-0.026847899
"""CNR8000544""","""CID6001449""",-1.9037875,-0.034695446,-1.869092
"""CNR8062828""","""CID6118298""",0.013829263,-0.021597773,0.035427034
"""CNR4292047""","""CID6231624""",0.013549859,-0.0124672055,0.026017064
"""CNR4893533""","""CID5961300""",6.6754203,0.011164188,6.664256
"""CNR5847577""","""CID8850701""",0.3189848,0.038903177,0.28008163
"""CNR4667925""","""CID8533042""",-1.4384409,-0.038511813,-1.399929
"""CNR8676884""","""CID5833053""",-1.879035,-0.067982614,-1.8110523
"""CNR4061769""","""CID8045397""",0.013549859,-0.014352113,0.027901972
"""CNR8993795""","""CID9992392""",-1.1760647,-0.014303654,-1.161761
"""CNR1316328""","""CID3350171""",-0.73547065,-0.007918417,-0.72755224
"""CNR9107699""","""CID9912195""",-0.4829954,0.080257,-0.5632524
"""CNR9673697""","""CID7010329""",1.0962125,-0.017239094,1.1134516
"""CNR2086459""","""CID5403655""",0.013829263,-0.036576867,0.05040613
"""CNR2016160""","""CID1334083""",0.003027254,-0.0462493,0.049276553
"""CNR4994711""","""CID4665195""",-1.3344805,0.016947925,-1.3514285
"""CNR7794192""","""CID8630694""",0.0,-0.028102696,0.028102696
"""CNR2316288""","""CID6606945""",-1.5225993,0.12268257,-1.6452819
"""CNR5139662""","""CID4106254""",1.2843313,-0.0031216145,1.2874529
"""CNR2164102""","""CID8403215""",-1.1612132,0.01374498,-1.1749581
"""CNR5117335""","""CID3961263""",-1.5572528,-0.043597013,-1.5136558
"""CNR6705046""","""CID5513882""",-0.888936,0.0003875494,-0.88932353
"""CNR7825301""","""CID8629126""",-0.15626271,-0.026781559,-0.12948115
"""CNR5002542""","""CID6221257""",-2.1958666,0.06486857,-2.260735
"""CNR1666313""","""CID6182653""",-0.101807274,-0.03451562,-0.067291655
"""CNR1584461""","""CID9267943""",0.013829263,-0.0006868839,0.014516147
"""CNR2402216""","""CID6577190""",0.003027254,-0.0018132627,0.0048405165
"""CNR5086523""","""CID1156799""",0.003027254,0.005725622,-0.0026983682
"""CNR6499298""","""CID3516412""",0.0269056,-0.019735485,0.046641085
"""CNR9771611""","""CID5181382""",0.003027254,0.019935846,-0.016908592
"""CNR4163245""","""CID9137379""",-1.3245796,-0.034930646,-1.289649
"""CNR3927873""","""CID8009925""",0.11106402,0.0043848157,0.1066792
"""CNR3097601""","""CID4498577""",-0.05230232,0.0038942695,-0.05619659
"""CNR1077779""","""CID6213303""",0.013549859,-0.003834933,0.017384792
"""CNR1819480""","""CID8247146""",-0.84933203,-0.057300746,-0.7920313
"""CNR6567099""","""CID4046253""",0.15066798,-0.017558932,0.16822691
"""CNR7333901""","""CID6631831""",-1.9384409,-0.0066105723,-1.9318304
"""CNR8983381""","""CID2684113""",2.4278958,0.017973542,2.4099221
"""CNR5179124""","""CID1754220""",0.5863115,-0.008192539,0.59450406
"""CNR2092871""","""CID5455626""",-0.29982707,0.05033362,-0.3501607
"""CNR5581165""","""CID8962068""",-1.6661637,-0.03513822,-1.6310254
"""CNR5307735""","""CID5073889""",1.2348264,0.028418064,1.2064084
"""CNR8662173""","""CID7102693""",0.003027254,0.03806129,-0.035034038
"""CNR9686355""","""CID7860822""",-0.29487658,0.023648202,-0.31852478
"""CNR5557550""","""CID3107128""",-0.013278072,0.030418217,-0.043696288
"""CNR4436750""","""CID9864989""",0.0,-0.024306685,0.024306685
"""CNR4687250""","""CID4344874""",-2.1810153,0.013002038,-2.1940174
"""CNR6419209""","""CID8597625""",-1.3146785,-0.04338658,-1.271292
"""CNR8897319""","""CID9677821""",0.0,-0.013722658,0.013722658
"""CNR6637392""","""CID1870248""",0.0,-0.004644841,0.004644841
"""CNR8775800""","""CID2831090""",-0.06220331,0.0033482015,-0.06555151
"""CNR5939063""","""CID5453989""",-2.1265597,-0.093468845,-2.0330908
"""CNR4521408""","""CID5233820""",0.0,-0.03487557,0.03487557
"""CNR6248600""","""CID4766606""",0.013829263,0.024897039,-0.011067776
"""CNR9389498""","""CID7108740""",-0.086955786,-0.06313729,-0.023818493
"""CNR6098595""","""CID3298542""",-0.8542825,0.014751524,-0.86903405
"""CNR6750378""","""CID7706182""",-1.9829954,0.0025076866,-1.9855031
"""CNR4994520""","""CID9008840""",-0.9681439,0.007462859,-0.97560674
"""CNR7957163""","""CID1560773""",-2.0275497,0.018434346,-2.045984
"""CNR5344949""","""CID5391175""",0.7496779,0.015601873,0.734076
"""CNR1087704""","""CID1494860""",-1.9829954,-0.06258136,-1.920414
"""CNR5313767""","""CID3107994""",-1.7057676,-0.013061941,-1.6927056
"""CNR5783299""","""CID3968906""",0.013829263,0.024000466,-0.010171203
"""CNR2052869""","""CID5631278""",3.120965,-0.006417513,3.1273825
"""CNR2327699""","""CID4239218""",-1.9384409,-0.019624293,-1.9188166
"""CNR1436690""","""CID8606075""",0.013549859,0.0015202761,0.012029583
"""CNR9568938""","""CID6543393""",-0.09685677,0.00638929,-0.10324606
"""CNR1319273""","""CID9578774""",0.013829263,-0.022136569,0.03596583
"""CNR5362785""","""CID5974929""",-1.7206192,0.045425206,-1.7660444
"""CNR1077510""","""CID3428017""",0.05660857,0.02675271,0.029855859
"""CNR8008680""","""CID4307331""",-0.84933203,-0.035752,-0.81358004
"""CNR2687178""","""CID3834297""",-0.6216093,-0.009987712,-0.61162156
"""CNR6202750""","""CID6041408""",0.8387868,0.027824312,0.81096244
"""CNR8840441""","""CID9767378""",0.025039341,0.027741462,-0.0027021207
"""CNR5355416""","""CID8601813""",0.013829263,0.00290671,0.010922553
"""CNR5008457""","""CID8365096""",-0.68596566,0.02039355,-0.7063592
"""CNR4064570""","""CID4320951""",1.4179947,0.060892075,1.3571026
"""CNR3708211""","""CID7755054""",-0.7750746,0.041469693,-0.8165443
"""CNR6974644""","""CID6940855""",-1.1067578,-0.040899694,-1.0658581
"""CNR6636668""","""CID4029236""",0.0,-0.014789641,0.014789641
"""CNR5003946""","""CID7458426""",1.160569,-0.059493423,1.2200624
"""CNR6832463""","""CID9438456""",-1.6216092,0.03760326,-1.6592125
"""CNR2790295""","""CID1412150""",0.19027194,0.05052176,0.13975018
"""CNR1262473""","""CID2674950""",-1.7206192,0.044385314,-1.7650045
"""CNR1053351""","""CID7942581""",-0.73547065,0.050120324,-0.785591
"""CNR2625797""","""CID3958694""",-0.30972806,-0.019091308,-0.29063675
"""CNR4407125""","""CID4666248""",0.0,-0.05264634,0.05264634
"""CNR9914897""","""CID3389416""",0.55660856,-0.01537931,0.57198787
"""CNR3320552""","""CID3535593""",1.2595788,-0.021752775,1.2813315
"""CNR8225214""","""CID6631528""",1.2892818,-0.018169433,1.3074512
"""CNR5541053""","""CID5194552""",0.013829263,0.0058826506,0.007946612
"""CNR4203772""","""CID8881381""",-0.26022312,0.04684329,-0.3070664
"""CNR2492403""","""CID3575906""",-2.1018074,-0.045424104,-2.0563831
"""CNR1936667""","""CID9893363""",-1.6067578,-0.00095412135,-1.6058036
"""CNR2885037""","""CID4365528""",2.3585887,0.012109637,2.346479
"""CNR4637218""","""CID4396673""",0.013549859,0.027895808,-0.0143459495
"""CNR9342305""","""CID3129483""",-1.4235895,-0.036699355,-1.3868902
"""CNR1025026""","""CID4041484""",0.33878678,-0.006143421,0.3449302
"""CNR2791858""","""CID3282527""",-1.5325004,-0.012680829,-1.5198195
"""CNR3619737""","""CID7659338""",0.0,1.2099743e-05,-1.2099743e-05
"""CNR3970236""","""CID5381300""",2.2397768,-0.03530687,2.2750838
"""CNR4738777""","""CID5404068""",0.03680659,0.052736253,-0.015929662
"""CNR3448153""","""CID3308993""",-0.68596566,-0.0052933097,-0.68067235
"""CNR2434231""","""CID7182020""",0.0,-0.051707566,0.051707566
"""CNR5776166""","""CID3213830""",0.0,0.023956418,-0.023956418
"""CNR6927704""","""CID3764519""",0.0,0.0024326444,-0.0024326444
"""CNR1281885""","""CID3381375""",-1.8196291,0.009718031,-1.8293471
"""CNR8578285""","""CID4135061""",-0.027549844,0.028449059,-0.055998903
"""CNR2348377""","""CID3649613""",-0.013278072,-0.02128619,0.008008118
"""CNR7833881""","""CID7313077""",0.013829263,-0.025068283,0.038897544
"""CNR6229320""","""CID2916269""",-0.40873796,0.016848296,-0.42558625
"""CNR8228549""","""CID9156746""",0.99720263,-0.01973036,1.016933
"""CNR4172296""","""CID6261216""",0.19027194,0.036886424,0.15338552
"""CNR6827341""","""CID8900114""",0.025039341,-0.011013508,0.03605285
"""CNR8514416""","""CID6544435""",0.640767,0.13481832,0.50594866
"""CNR4164745""","""CID1899287""",0.003027254,-0.024230719,0.027257973
"""CNR4913804""","""CID6549701""",13.343738,-0.0085271,13.352264
"""CNR3179875""","""CID7061785""",-0.97804487,0.0390172,-1.0170621
"""CNR6739482""","""CID5473272""",-0.9829954,0.038853914,-1.0218493
"""CNR5141519""","""CID9654650""",0.79918283,-0.021478087,0.82066095
"""CNR4558224""","""CID7292316""",0.43779668,-0.003672719,0.4414694
"""CNR2646684""","""CID6004502""",0.10611352,-0.0027871132,0.10890064
"""CNR7483755""","""CID6931359""",-1.2552726,0.11294496,-1.3682176
"""CNR3533043""","""CID3052659""",0.003027254,0.0064831376,-0.0034558836
"""CNR4015676""","""CID6429574""",-0.9978469,0.0030525029,-1.0008994
"""CNR9836656""","""CID1816211""",2.3140342,0.00046241283,2.313572
"""CNR1707593""","""CID6137929""",-0.67606467,-0.103599995,-0.5724647
"""CNR6561282""","""CID5255197""",1.3338363,0.005681783,1.3281546
"""CNR2413978""","""CID3505023""",-0.5671538,-0.042698264,-0.52445555
"""CNR3048484""","""CID6876878""",-0.7057677,0.008989871,-0.71475756
"""CNR4124061""","""CID2202847""",0.025039341,-0.018705845,0.043745186
"""CNR3426327""","""CID8209617""",-0.62655973,-0.023827404,-0.6027323
"""CNR7419709""","""CID9155907""",0.0,0.0035413504,-0.0035413504
"""CNR8616542""","""CID7605496""",0.021955105,0.02244386,-0.0004887562
"""CNR4171790""","""CID5686912""",1.601163,-0.026586741,1.6277498
"""CNR6147393""","""CID4112203""",0.0,-0.019454777,0.019454777
"""CNR1338979""","""CID8639222""",3.249678,-0.0352284,3.2849064
"""CNR8649848""","""CID8421375""",0.025039341,0.017397821,0.0076415204
"""CNR9913710""","""CID5290384""",0.003027254,-0.023373425,0.02640068
"""CNR4265373""","""CID1617081""",-0.013278072,0.003168583,-0.016446654
"""CNR5821239""","""CID3858729""",1.6803709,0.06311858,1.6172523
"""CNR4142917""","""CID5015168""",-2.250322,-0.00464496,-2.2456772
"""CNR2912156""","""CID1537718""",0.0,0.001817286,-0.001817286
"""CNR8409073""","""CID2658212""",-1.908738,-0.062003672,-1.8467343
"""CNR6307629""","""CID7929162""",-1.859233,0.07338536,-1.9326184
"""CNR8874472""","""CID4747675""",0.013829263,-0.03328654,0.047115803
"""CNR4424157""","""CID4232323""",0.013549859,0.05407065,-0.040520795
"""CNR7011402""","""CID8143090""",0.003027254,-0.032635838,0.03566309
"""CNR3721497""","""CID6031728""",0.025039341,0.020279497,0.0047598444
"""CNR5989773""","""CID7301083""",0.025039341,0.021332502,0.003706839
"""CNR1101128""","""CID2747913""",-0.013278072,0.025656044,-0.038934115
"""CNR2257220""","""CID7821681""",-0.6018073,0.033825517,-0.6356328
"""CNR6577925""","""CID8091997""",0.0,-0.02046138,0.02046138
"""CNR1580556""","""CID7753513""",-1.9780449,0.045950115,-2.023995
"""CNR8211467""","""CID2518139""",-1.6265597,-0.044214875,-1.5823449
"""CNR3992970""","""CID7325262""",-0.7998271,0.023882508,-0.8237096
"""CNR5319043""","""CID7123630""",-1.6859657,-0.00046384335,-1.6855018
"""CNR3353689""","""CID6766558""",1.7249254,0.031915814,1.6930096
"""CNR2310602""","""CID2683809""",3.4774005,0.07754284,3.3998578
"""CNR1389407""","""CID5475152""",0.77938086,-0.022895217,0.8022761
"""CNR1100537""","""CID1858219""",-0.4730944,-0.011909813,-0.4611846
"""CNR4866589""","""CID4433075""",-1.6661637,-0.016225845,-1.6499379
"""CNR2099756""","""CID1023244""",2.6952224,0.023478687,2.6717436
"""CNR7821299""","""CID6518447""",1.5764105,-0.08033574,1.6567463
"""CNR1752936""","""CID3199207""",0.003027254,0.031878382,-0.028851127
"""CNR4537259""","""CID8996926""",0.025039341,-0.035725296,0.060764637
"""CNR4511055""","""CID6140836""",0.003027254,-0.018102944,0.021130199
"""CNR9301716""","""CID4647277""",-0.15626271,0.0038883686,-0.16015108
"""CNR9214915""","""CID7019569""",-0.057252817,-0.029503614,-0.027749203
"""CNR2867792""","""CID1580344""",0.0,-0.0040552616,0.0040552616
"""CNR9951466""","""CID2849673""",1.7645293,-0.023295581,1.7878249
"""CNR3091563""","""CID7525082""",-2.250322,0.034245968,-2.284568
"""CNR8603090""","""CID2742303""",0.025039341,0.024977416,6.19255e-05
"""CNR9874874""","""CID8067400""",-0.6711142,0.0015102625,-0.67262447
"""CNR9490185""","""CID8294495""",0.0,-0.020711184,0.020711184
"""CNR6249075""","""CID9546378""",-1.948342,-0.030593336,-1.9177487
"""CNR7239103""","""CID9021784""",0.025039341,0.021884859,0.0031544827
"""CNR1856484""","""CID2877158""",1.7694799,-0.07383284,1.8433127
"""CNR9939780""","""CID1439720""",2.7645295,-0.0027062893,2.7672358
"""CNR8890888""","""CID8333505""",1.4328462,0.044157922,1.3886883
"""CNR8636694""","""CID7238489""",-0.013278072,-0.016705543,0.003427471
"""CNR9411368""","""CID1057466""",0.0,-0.0042259097,0.0042259097
"""CNR2256893""","""CID5353304""",0.10611352,0.016479969,0.089633554
"""CNR5782783""","""CID1978011""",1.2694799,0.0021088123,1.267371
"""CNR4644672""","""CID4685213""",-0.2701241,-0.07439178,-0.19573233
"""CNR1184275""","""CID8497130""",2.200173,0.0036064982,2.1965663
"""CNR9336718""","""CID2527817""",-0.8196291,0.040440857,-0.86006993
"""CNR8070813""","""CID6430505""",-0.19091618,0.03307718,-0.22399336
"""CNR7757490""","""CID7091695""",-0.6117083,0.0049344897,-0.6166428
"""CNR5883853""","""CID9151952""",0.4278957,-0.0018661916,0.4297619
"""CNR1717443""","""CID2900321""",0.2397769,-0.0017309487,0.24150784
"""CNR5312969""","""CID8462461""",0.003027254,0.04951653,-0.046489276
"""CNR1148857""","""CID1092626""",-1.5919063,-2.9802322e-08,-1.5919063
"""CNR1193029""","""CID4795284""",0.013549859,0.022849083,-0.009299224
"""CNR5339602""","""CID7432631""",-1.879035,-0.12287277,-1.7561622
"""CNR2883883""","""CID3621514""",0.77443033,0.004793644,0.7696367
"""CNR3013943""","""CID7643389""",12.091262,0.012103617,12.079158
"""CNR6462147""","""CID5064568""",3.348688,0.088442564,3.2602453
"""CNR4730133""","""CID9225748""",0.9080937,0.016713142,0.89138055
"""CNR5826604""","""CID8980159""",-1.1760647,0.087462306,-1.263527
"""CNR7857731""","""CID8736997""",-2.1661637,-0.002224356,-2.1639392
"""CNR3011367""","""CID5176736""",0.620965,-0.02191335,0.64287835
"""CNR7345778""","""CID4362959""",-0.01214276,0.029530555,-0.041673314
"""CNR9218236""","""CID5376904""",-1.3245796,-0.029412985,-1.2951666
"""CNR7674124""","""CID8592306""",0.025039341,0.022186369,0.0028529726
"""CNR9060293""","""CID1696482""",0.0,-0.008333743,0.008333743
"""CNR7246546""","""CID7389834""",0.10611352,0.042111576,0.06400195
"""CNR5904197""","""CID3628074""",0.0,-0.0142143965,0.0142143965
"""CNR3619435""","""CID7581575""",-0.8443815,-0.065617085,-0.7787644
"""CNR6259319""","""CID1584616""",-0.20081717,-0.01302737,-0.1877898
"""CNR4492309""","""CID2684172""",0.15066798,0.011713594,0.13895439
"""CNR3196591""","""CID5482513""",-1.3245796,0.0008493066,-1.325429
"""CNR1289662""","""CID3355729""",-1.7453716,-0.0038391948,-1.7415323
"""CNR7888520""","""CID2840115""",-1.3196291,0.06914312,-1.3887722
"""CNR5278923""","""CID9918959""",0.24472739,0.014909446,0.22981794
"""CNR4333018""","""CID1443853""",0.8189848,-0.08649522,0.90548
"""CNR7091507""","""CID8119293""",0.003027254,0.025149792,-0.022122538
"""CNR7195709""","""CID7474119""",1.9922521,-0.06621164,2.0584638
"""CNR5677527""","""CID6875343""",0.013549859,0.058448493,-0.044898637
"""CNR6374018""","""CID9501499""",-2.1909163,-0.035992682,-2.1549237
"""CNR1577500""","""CID4949449""",0.003027254,-0.0212906,0.024317855
"""CNR7526595""","""CID6595701""",0.025039341,0.015800476,0.009238865
"""CNR8597261""","""CID1495382""",4.353638,0.023290813,4.3303475
"""CNR2033011""","""CID5227461""",-1.1414112,-0.043634474,-1.0977767
"""CNR5993790""","""CID9310107""",-0.40873796,-0.01475361,-0.39398435
"""CNR5693373""","""CID8285930""",0.0,0.036005914,-0.036005914
"""CNR3232988""","""CID3074178""",0.025039341,-0.022956938,0.04799628
"""CNR7429558""","""CID7299405""",-0.46319342,-0.023633301,-0.43956012
"""CNR3471207""","""CID3884278""",0.44274718,-0.038344383,0.48109156
"""CNR8005946""","""CID3502724""",-1.6463617,-0.018152773,-1.6282089
"""CNR3452102""","""CID7987459""",-0.7948766,0.081763625,-0.8766402
"""CNR3184848""","""CID4123530""",0.21007392,-0.00063312054,0.21070704
"""CNR2218233""","""CID2223594""",0.025039341,0.013836116,0.011203226
"""CNR3102541""","""CID8802147""",-0.24042113,0.0028585196,-0.24327965
"""CNR1359971""","""CID6357683""",1.4278957,0.038647145,1.3892485
"""CNR9860746""","""CID3583642""",0.013549859,-0.01720792,0.03075778
"""CNR4386486""","""CID9989117""",-0.44834194,-0.059775412,-0.38856652
"""CNR5702039""","""CID9006144""",-1.3047776,0.05446416,-1.3592417
"""CNR7073528""","""CID9390757""",-1.6810151,-0.0056889653,-1.6753261
"""CNR6426514""","""CID2035110""",0.40809372,0.038467526,0.3696262
"""CNR7922359""","""CID8425872""",-1.8047776,-0.018403113,-1.7863746
"""CNR3927209""","""CID1446718""",-0.50279737,0.096714795,-0.59951216
"""CNR1106375""","""CID1797157""",-1.9879459,-0.006645024,-1.9813008
"""CNR6286680""","""CID7571423""",5.309084,-0.0063483715,5.3154325
"""CNR8717819""","""CID4174331""",-1.1265597,-0.0020973086,-1.1244624
"""CNR2716478""","""CID5093495""",0.013549859,-0.00063842535,0.014188284
"""CNR8372826""","""CID1585508""",0.025039341,-0.0062796474,0.03131899
"""CNR8026195""","""CID9761589""",2.140767,-0.071172,2.211939
"""CNR7128188""","""CID2351565""",0.0,0.0129496455,-0.0129496455
"""CNR1390309""","""CID4479199""",-0.40378746,0.013952017,-0.41773948
"""CNR7798017""","""CID7494455""",0.013829263,0.038422137,-0.024592875
"""CNR7648940""","""CID1802328""",2.101163,-0.00033944845,2.1015024
"""CNR3803227""","""CID2733797""",-1.3146785,-0.025969207,-1.2887094
"""CNR8560712""","""CID4605075""",-1.5671538,-0.01312232,-1.5540315
"""CNR5721728""","""CID6374911""",4.4674997,0.012273163,4.4552264
"""CNR1910909""","""CID6349075""",0.025039341,0.008787274,0.016252067
"""CNR3017722""","""CID7000066""",0.013549859,0.005096197,0.008453662
"""CNR1842869""","""CID8762388""",-1.8245796,-0.01652646,-1.8080531
"""CNR2205260""","""CID7009333""",-2.2602232,-0.08007759,-2.1801455
"""CNR9647229""","""CID2836428""",0.025039341,-0.0031601489,0.02819949
"""CNR7335790""","""CID3544406""",0.013829263,0.012405157,0.0014241058
"""CNR5953456""","""CID3306687""",-2.0523024,0.0022209585,-2.0545232
"""CNR5642459""","""CID7264281""",-0.19091618,0.028914213,-0.2198304
"""CNR5910449""","""CID1758055""",0.78928185,-0.008492321,0.7977742
"""CNR1648423""","""CID6583702""",-0.8196291,-0.0009950995,-0.818634
"""CNR5149035""","""CID8609855""",0.013549859,-0.029954791,0.043504648
"""CNR9507639""","""CID2998706""",2.091262,-0.009763747,2.1010258
"""CNR6798010""","""CID7633388""",0.0,0.05439806,-0.05439806
"""CNR3271857""","""CID3898723""",1.6358165,-0.052428126,1.6882446
"""CNR1106409""","""CID5219991""",-0.6909162,0.009796768,-0.7007129
"""CNR6915281""","""CID8337932""",0.003027254,0.045679122,-0.04265187
"""CNR1617183""","""CID9342585""",4.7843313,-0.006834805,4.7911663
"""CNR7336241""","""CID1106676""",-1.9978468,-0.016365707,-1.9814811
"""CNR3185067""","""CID7715635""",-1.6463617,0.062320888,-1.7086825
"""CNR5469790""","""CID1415681""",-1.339431,-0.08490223,-1.2545288
"""CNR7887225""","""CID5982820""",-0.68596566,-0.052866757,-0.6330989
"""CNR2680100""","""CID1264190""",0.9674997,-0.03227985,0.9997795
"""CNR9199207""","""CID8289851""",-0.01214276,-0.016509652,0.0043668924
"""CNR4110638""","""CID3740167""",-2.0126984,-0.01751095,-1.9951875
"""CNR1944350""","""CID7737958""",0.48235115,0.039279163,0.443072
"""CNR1241659""","""CID9863485""",0.0,0.027533472,-0.027533472
"""CNR8744626""","""CID8688021""",-0.92853993,-0.002471298,-0.92606866
"""CNR9101190""","""CID2202532""",0.003027254,0.017487288,-0.014460034
"""CNR7384974""","""CID8497563""",0.0,-0.0043221414,0.0043221414
"""CNR4429451""","""CID1224511""",0.025039341,-0.020406574,0.045445915
"""CNR2572941""","""CID7983745""",-0.013278072,-0.0061386824,-0.0071393894
"""CNR3701732""","""CID8508322""",-1.9631934,0.04318309,-2.0063765
"""CNR7638584""","""CID2574379""",-1.3443816,-0.0140790045,-1.3303026
"""CNR1473589""","""CID4015887""",0.025039341,0.03628674,-0.0112474
"""CNR4623936""","""CID7221632""",-0.0770548,-0.017526746,-0.059528053
"""CNR2519558""","""CID1732934""",2.120965,0.021456301,2.0995088
"""CNR1129851""","""CID4252716""",-0.20081717,0.0017852187,-0.20260239
"""CNR2866078""","""CID9841919""",0.025039341,0.0050192177,0.020020124
"""CNR2750457""","""CID5497768""",-0.44834194,0.036741793,-0.48508373
"""CNR5217034""","""CID6081127""",0.0,-0.008937448,0.008937448
"""CNR6909908""","""CID3155683""",0.013549859,-0.021505177,0.035055034
"""CNR9513756""","""CID7388425""",0.013829263,-0.01819098,0.03202024
"""CNR6111108""","""CID7447600""",-1.9978468,0.006036043,-2.003883
"""CNR7630713""","""CID2863998""",-0.61665875,-0.008538008,-0.60812074
"""CNR4405297""","""CID4570102""",0.003027254,0.07063073,-0.06760348
"""CNR2541915""","""CID9574056""",0.013549859,0.018070042,-0.0045201834
"""CNR2395125""","""CID3988525""",5.328886,-0.0058768988,5.334763
"""CNR2375012""","""CID6881107""",-1.0325004,-0.011232853,-1.0212675
"""CNR6907482""","""CID2028926""",6.9972024,0.051407814,6.9457946
"""CNR9706994""","""CID9314272""",-1.6562628,0.0015971661,-1.6578599
"""CNR1027596""","""CID9324016""",0.013549859,-0.016864777,0.030414635
"""CNR1250083""","""CID1917947""",0.46254918,-0.01480341,0.4773526
"""CNR3521234""","""CID8855959""",2.0071037,0.056827545,1.9502761
"""CNR9372376""","""CID9842608""",0.013829263,-0.034929216,0.048758477
"""CNR5996830""","""CID6917037""",-1.6958667,0.06039518,-1.7562618
"""CNR2063168""","""CID3380521""",-1.359233,0.008267373,-1.3675004
"""CNR9601550""","""CID7559237""",-1.42854,-0.023451507,-1.4050884
"""CNR3902703""","""CID5541082""",-1.5622033,0.00790453,-1.5701078
"""CNR2879842""","""CID5558883""",2.219975,-0.00082081556,2.2207959
"""CNR4752363""","""CID8480433""",-1.4730943,0.042229533,-1.5153239
"""CNR5161493""","""CID7900221""",0.013829263,0.022699714,-0.008870451
"""CNR6894581""","""CID3563027""",0.0,0.040181994,-0.040181994
"""CNR7555021""","""CID4154004""",-1.1216092,-0.05582589,-1.0657833
"""CNR4636674""","""CID3852714""",-0.6018073,0.007943392,-0.6097507
"""CNR3025512""","""CID1297736""",0.013829263,-0.034187317,0.048016578
"""CNR3601562""","""CID5543003""",0.68532145,-0.0036720634,0.6889935
"""CNR7368388""","""CID3077775""",-1.4879459,-0.046282113,-1.4416637
"""CNR9352950""","""CID8962813""",0.003027254,-0.0064338446,0.009461098
"""CNR1327386""","""CID8267103""",-1.3839855,-0.019965291,-1.3640202
"""CNR9072136""","""CID1992560""",-0.35923302,-0.016594946,-0.34263808
"""CNR5358846""","""CID4382087""",-0.51269835,-0.07801467,-0.43468368
"""CNR6658239""","""CID8456749""",0.0,-0.06710547,0.06710547
"""CNR2939709""","""CID2552682""",1.2843313,0.018596828,1.2657344
"""CNR3655138""","""CID4677221""",-0.6117083,0.0074249804,-0.61913323
"""CNR7194714""","""CID9142314""",1.0318561,0.020947218,1.0109088
"""CNR3067743""","""CID6666649""",2.3635392,-0.05129412,2.4148333
"""CNR1772818""","""CID3781974""",-0.2750746,-0.0240857,-0.2509889
"""CNR4489059""","""CID5848261""",-0.379035,0.0022178888,-0.38125288
"""CNR2290827""","""CID7511631""",-0.21071815,-0.021744758,-0.1889734
"""CNR7675440""","""CID6890586""",-1.0968568,0.03013897,-1.1269958
"""CNR5388449""","""CID1912785""",3.601163,-0.03609568,3.6372585
"""CNR7581235""","""CID3113091""",-0.4780449,-0.0020035207,-0.47604138
"""CNR5122928""","""CID3544927""",-2.1315103,0.019261956,-2.150772
"""CNR6524780""","""CID5949477""",-1.5473518,-0.08216584,-1.465186
"""CNR5358950""","""CID2605433""",-0.25527263,0.00062048435,-0.2558931
"""CNR4559667""","""CID2567945""",0.0,-0.008186847,0.008186847
"""CNR1460903""","""CID8614797""",-0.9681439,0.02457267,-0.99271655
"""CNR9598747""","""CID8657168""",-2.0770547,-0.024104983,-2.0529497
"""CNR6274707""","""CID3330027""",0.3140343,0.01355958,0.30047473
"""CNR1335984""","""CID8243857""",0.013829263,0.045971453,-0.032142192
"""CNR5376114""","""CID7528484""",4.833836,-0.00027889013,4.834115
"""CNR4935900""","""CID3269549""",-1.5176488,-0.03126824,-1.4863806
"""CNR1684068""","""CID2172891""",-1.0671538,0.0133135915,-1.0804675
"""CNR2027328""","""CID4084878""",0.0,0.02016884,-0.02016884
"""CNR3664664""","""CID2930797""",-0.013278072,-0.005082339,-0.008195733
"""CNR3963964""","""CID1719260""",-1.6513122,-0.0060931444,-1.6452191
"""CNR8809094""","""CID7202738""",0.091262035,0.043254554,0.04800748
"""CNR1249447""","""CID3216596""",-1.289926,-0.011496246,-1.2784297
"""CNR7016792""","""CID2220892""",-0.20576766,-0.041798115,-0.16396955
"""CNR9940189""","""CID1948017""",0.025039341,-0.031947076,0.056986418
"""CNR9263228""","""CID4227008""",0.025039341,0.01779139,0.007247951
"""CNR6602960""","""CID3766446""",0.7496779,0.0017497838,0.74792814
"""CNR7487394""","""CID5890657""",0.03680659,-0.03222701,0.0690336
"""CNR6121724""","""CID9240777""",0.3239353,-0.0037648082,0.3277001
"""CNR8726223""","""CID4332515""",0.013549859,0.013181686,0.0003681723
"""CNR2354357""","""CID9569557""",-1.7552726,-0.05032146,-1.7049512
"""CNR2598727""","""CID6875757""",0.0,0.026068151,-0.026068151
"""CNR6876578""","""CID4172404""",0.013829263,-0.039180934,0.053010195
"""CNR8987365""","""CID4342449""",1.5467076,-0.03602609,1.5827338
"""CNR4126621""","""CID9927981""",-0.6018073,-0.06823397,-0.5335733
"""CNR2942189""","""CID8523139""",-0.35428253,-0.056165516,-0.298117
"""CNR6597573""","""CID2544876""",0.97245014,-0.032323837,1.004774
"""CNR8425273""","""CID2861227""",0.013829263,0.000582248,0.013247015
"""CNR6846245""","""CID4665166""",-1.3542825,-0.03796351,-1.316319
"""CNR2448256""","""CID2843467""",-0.70081717,-0.004770279,-0.6960469
"""CNR8653146""","""CID9959695""",-0.29487658,0.017393649,-0.31227022
"""CNR9261195""","""CID6148429""",1.5219551,-0.04117298,1.5631281
"""CNR5508216""","""CID2711885""",-2.0671537,0.04389566,-2.1110494
"""CNR5000721""","""CID5370121""",1.3486878,0.05598545,1.2927023
"""CNR2299079""","""CID9058530""",1.7199749,-0.038433492,1.7584083
"""CNR3212001""","""CID9556284""",-1.2008172,-0.015307903,-1.1855093
"""CNR9273207""","""CID6366088""",-0.15626271,-0.025066525,-0.13119619
"""CNR4269509""","""CID9567798""",0.025039341,-0.02878964,0.05382898
"""CNR3907050""","""CID4087219""",-2.2156687,-0.016792238,-2.1988764
"""CNR7087255""","""CID8927641""",-1.6958667,0.024177372,-1.7200441
"""CNR4232129""","""CID9466968""",0.013549859,0.01775077,-0.004200911
"""CNR2180993""","""CID2209791""",9.215024,0.05114311,9.163881
"""CNR6187427""","""CID5501138""",0.25957885,0.023200065,0.23637879
"""CNR5575312""","""CID4413600""",0.025039341,-0.010661781,0.035701122
"""CNR2179259""","""CID4705246""",-1.9037875,0.024859369,-1.9286468
"""CNR3601119""","""CID8732702""",-0.01214276,-0.0040053725,-0.008137387
"""CNR2127260""","""CID7612895""",-1.2255696,-0.076018095,-1.1495515
"""CNR1155321""","""CID6387223""",0.025039341,-0.02007711,0.04511645
"""CNR1124244""","""CID7823535""",-1.7008172,-0.04446736,-1.6563499
"""CNR7149058""","""CID7341591""",1.3437372,0.009234607,1.3345027
"""CNR9452081""","""CID8330326""",0.7051234,0.008865535,0.6962579
"""CNR7928797""","""CID8503171""",-0.2800251,0.027833939,-0.30785903
"""CNR6007672""","""CID3177798""",-0.72061914,0.00045001507,-0.72106916
"""CNR4697616""","""CID2289304""",0.025039341,0.03465426,-0.009614918
"""CNR4071420""","""CID1286998""",-1.859233,0.055550545,-1.9147836
"""CNR1866100""","""CID9901862""",-1.9780449,0.0708279,-2.0488727
"""CNR1626707""","""CID5006335""",1.7645293,-0.0024186075,1.766948
"""CNR7722639""","""CID4824318""",-1.6711142,0.012774587,-1.6838888
"""CNR8478326""","""CID7377835""",1.8288858,0.03174621,1.7971396
"""CNR1066604""","""CID6192202""",-2.0325003,0.017775238,-2.0502756
"""CNR1994479""","""CID3577614""",1.710074,0.021128267,1.6889457
"""CNR2595142""","""CID6812368""",1.8189849,-0.0051873922,1.8241723
"""CNR2716237""","""CID4823933""",-1.7206192,-0.004194677,-1.7164245
"""CNR9508866""","""CID7949786""",0.0,0.0032819211,-0.0032819211
"""CNR8271376""","""CID7609225""",0.025039341,0.045910627,-0.020871285
"""CNR3030939""","""CID8452511""",0.013549859,0.06228608,-0.048736222
"""CNR8081595""","""CID6388792""",0.23482639,-0.0064356625,0.24126205
"""CNR3172741""","""CID1282174""",0.0,-0.022314906,0.022314906
"""CNR2827958""","""CID2692328""",0.24967788,-0.05835268,0.30803055
"""CNR3208684""","""CID2537070""",-1.5325004,0.013472497,-1.5459728
"""CNR6780546""","""CID2104050""",-1.5671538,0.0040532947,-1.571207
"""CNR1752000""","""CID1834799""",-0.013278072,0.018263817,-0.031541888
"""CNR3112954""","""CID7464744""",0.013549859,0.007258743,0.0062911157
"""CNR8143414""","""CID8481020""",0.003027254,-0.025573105,0.02860036
"""CNR7330906""","""CID4536259""",-0.859233,0.0051307976,-0.8643638
"""CNR2383370""","""CID2821013""",1.1556184,-0.03391105,1.1895294
"""CNR8825765""","""CID4713950""",-0.25527263,-0.0010688901,-0.25420374
"""CNR2671612""","""CID6012525""",0.013829263,-0.013361931,0.027191194
"""CNR1314762""","""CID2324420""",-0.84933203,0.025118709,-0.87445074
"""CNR3216486""","""CID1192325""",-0.067153804,0.08058041,-0.14773422
"""CNR3592239""","""CID1186567""",-0.42358944,0.026497811,-0.45008725
"""CNR5910778""","""CID2778824""",-1.2354707,-0.06937981,-1.1660908
"""CNR8232390""","""CID2232986""",0.7100739,-0.040302694,0.7503766
"""CNR9361736""","""CID1201717""",0.4328462,-0.109225184,0.54207134
"""CNR1722437""","""CID1248855""",-0.7057677,0.0007121563,-0.70647985
"""CNR1085465""","""CID9607658""",0.35363826,0.0027643144,0.35087395
"""CNR2769441""","""CID4805108""",-1.5374508,-0.028310597,-1.5091403
"""CNR2586800""","""CID9674781""",2.2298758,0.06568408,2.1641917
"""CNR4229774""","""CID5243460""",0.29423234,-0.031067342,0.32529968
"""CNR2352306""","""CID2332601""",-1.879035,-0.007708758,-1.8713262
"""CNR2184194""","""CID2182303""",0.87344027,0.049533755,0.82390654
"""CNR4399833""","""CID1092074""",0.003027254,-0.0132498145,0.01627707
"""CNR1929447""","""CID9170906""",4.7249255,0.009979606,4.714946
"""CNR6542224""","""CID4788326""",-0.013278072,-0.012292504,-0.0009855675
"""CNR1312617""","""CID3573976""",1.1259155,-0.02027759,1.1461931
"""CNR5975134""","""CID4677089""",0.003027254,0.013831347,-0.010804093
"""CNR4742042""","""CID4890984""",-1.5126984,-0.010475993,-1.5022224
"""CNR8188452""","""CID6920066""",2.9724503,-0.043875515,3.0163257
"""CNR3690809""","""CID2398180""",1.3833412,0.00021755695,1.3831236
"""CNR3182339""","""CID5569384""",0.003027254,0.024027228,-0.020999974
"""CNR5985401""","""CID3894493""",0.003027254,0.0068921447,-0.0038648907
"""CNR8119780""","""CID2357346""",-0.91863894,0.04464829,-0.96328723
"""CNR3293043""","""CID6650203""",0.013549859,0.000410825,0.013139034
"""CNR1235944""","""CID3172596""",-2.250322,-0.013222575,-2.2370996
"""CNR9279020""","""CID6167766""",0.0,0.022326708,-0.022326708
"""CNR9717977""","""CID9852732""",0.025039341,-0.027125835,0.052165177
"""CNR2782312""","""CID3461996""",-0.35428253,0.03835529,-0.39263782
"""CNR5407142""","""CID4141340""",-0.72061914,0.02903992,-0.74965906
"""CNR2239760""","""CID9571141""",0.025039341,0.053011,-0.027971659
"""CNR8734033""","""CID3902270""",0.003027254,-0.018291324,0.02131858
"""CNR5711751""","""CID7325213""",0.0,-0.030193806,0.030193806
"""CNR6142959""","""CID8958153""",-2.0721042,0.024226308,-2.0963306
"""CNR5983788""","""CID3168449""",5.9674997,-0.026519328,5.994019
"""CNR4862261""","""CID3356342""",5.160569,-0.050341308,5.2109103
"""CNR1349613""","""CID6491536""",-0.02259935,0.0049057305,-0.027505081
"""CNR6587235""","""CID7350234""",1.5417571,0.0008161366,1.540941
"""CNR3922791""","""CID1924390""",2.061559,-0.025269508,2.0868285
"""CNR1845054""","""CID5894570""",0.013829263,-0.034327775,0.048157036
"""CNR5781493""","""CID5161158""",1.7744304,-0.0024319887,1.7768624
"""CNR1381684""","""CID6157096""",-1.408738,0.014379531,-1.4231175
"""CNR7319359""","""CID3716812""",0.013829263,-0.022917926,0.036747187
"""CNR2420210""","""CID7581524""",0.013829263,-0.033198953,0.047028214
"""CNR4210392""","""CID8997933""",0.79918283,-0.028427303,0.82761014
"""CNR9126130""","""CID5970780""",-0.40873796,0.00516361,-0.41390157
"""CNR1013248""","""CID5451686""",-2.0869558,-0.015196264,-2.0717595
"""CNR1426750""","""CID3187538""",3.7348263,0.05168879,3.6831374
"""CNR8732765""","""CID9788652""",0.013829263,-0.038482666,0.052311927
"""CNR6804934""","""CID7741154""",0.0,0.00043290854,-0.00043290854
"""CNR3190461""","""CID9301741""",0.003027254,0.0413315,-0.038304247
"""CNR4274170""","""CID6858502""",-0.017648855,-0.013439387,-0.004209468
"""CNR9566408""","""CID3355532""",-1.2453716,-0.0051625967,-1.240209
"""CNR8902182""","""CID1387938""",-1.9928964,-0.021064281,-1.9718322
"""CNR8528881""","""CID3628334""",0.57641053,0.05387169,0.52253884
"""CNR5674979""","""CID6800502""",3.9080937,0.0040567815,3.904037
"""CNR4701733""","""CID4896231""",1.6803709,0.01800245,1.6623685
"""CNR2202114""","""CID2473071""",-1.0027974,0.032005906,-1.0348033
"""CNR9736466""","""CID6350807""",0.0,0.013601005,-0.013601005
"""CNR3095796""","""CID3406323""",-0.8938865,-0.019552827,-0.8743337
"""CNR3577075""","""CID2707305""",-0.013278072,-0.0041598678,-0.009118204
"""CNR2740200""","""CID1822714""",0.01700461,0.0010461211,0.015958488
"""CNR4409680""","""CID7806785""",-1.1810151,0.021867275,-1.2028824
"""CNR4501868""","""CID7639377""",1.3734403,0.022291094,1.3511492
"""CNR1288055""","""CID4924867""",0.7348264,-0.00013065338,0.73495704
"""CNR7286731""","""CID9331870""",-0.8196291,0.059922695,-0.87955177
"""CNR1860572""","""CID9544770""",-1.359233,0.021744967,-1.380978
"""CNR5822350""","""CID9461539""",0.013829263,0.011607051,0.002222212
"""CNR5959842""","""CID9552720""",4.739777,-0.009437859,4.749215
"""CNR4209646""","""CID2917204""",-0.82953006,-0.0018626451,-0.8276674
"""CNR5066967""","""CID3526025""",2.3437374,-0.02682504,2.3705623
"""CNR8529842""","""CID3751866""",0.33878678,0.0006586015,0.33812818
"""CNR9787340""","""CID2743521""",-0.39388648,0.03910783,-0.4329943
"""CNR8914537""","""CID3965947""",-1.9334904,-0.016767323,-1.916723
"""CNR9396359""","""CID1178027""",-2.0126984,-0.023262918,-1.9894354
"""CNR3072245""","""CID7787870""",0.025039341,0.011825889,0.013213452
"""CNR5601940""","""CID7497824""",0.6902719,0.03684044,0.6534315
"""CNR8590004""","""CID1292053""",-0.50279737,-0.038770467,-0.4640269
"""CNR9210385""","""CID6064848""",2.2546284,-0.027687907,2.2823162
"""CNR8346445""","""CID9173008""",-1.7156687,0.03896296,-1.7546316
"""CNR4593277""","""CID5621805""",7.309084,-0.024397582,7.3334813
"""CNR5704179""","""CID2061850""",0.013549859,-0.012712598,0.026262457
"""CNR4559273""","""CID7722203""",-0.20576766,0.014493108,-0.22026077
"""CNR4695532""","""CID6129555""",0.013549859,0.045177817,-0.03162796
"""CNR1676246""","""CID1344781""",-2.0919063,-0.006990999,-2.0849154
"""CNR1687338""","""CID9101929""",-0.41368845,0.039414287,-0.45310274
"""CNR6477257""","""CID8222780""",1.8536383,0.0139300525,1.8397082
"""CNR7604036""","""CID8161674""",0.24967788,-0.019596428,0.2692743
"""CNR1029008""","""CID1723054""",1.7298759,0.00888294,1.720993
"""CNR4121266""","""CID9349739""",-0.7701241,-0.018680274,-0.7514438
"""CNR9164842""","""CID1782895""",-0.41863894,-0.0018741488,-0.4167648
"""CNR9462322""","""CID1862560""",0.013829263,-0.0062357187,0.020064982
"""CNR5821622""","""CID9493592""",-1.32953,-0.013912916,-1.3156171
"""CNR3830751""","""CID2364874""",-2.0225995,0.028303862,-2.0509033
"""CNR5130286""","""CID6170415""",0.025039341,0.0045380294,0.020501312
"""CNR2367824""","""CID1698383""",-1.8196291,-0.05470395,-1.7649251
"""CNR8660044""","""CID2835946""",-2.0523024,-0.026570737,-2.0257316
"""CNR3530115""","""CID9943856""",-1.2255696,-0.061315447,-1.1642542
"""CNR9370770""","""CID1969334""",-1.6612132,0.003978461,-1.6651917
"""CNR5034744""","""CID9860138""",-2.0919063,0.03986329,-2.1317697
"""CNR3112946""","""CID8374124""",0.0,0.018703103,-0.018703103
"""CNR8417695""","""CID8402312""",-1.9829954,0.005872816,-1.9888682
"""CNR1818198""","""CID9266356""",-0.82457954,-0.008789241,-0.8157903
"""CNR8564123""","""CID8951555""",0.013829263,-0.01767388,0.03150314
"""CNR1933484""","""CID7655543""",0.15066798,0.017317832,0.13335015
"""CNR5381135""","""CID9932224""",-1.9879459,0.00039976835,-1.9883456
"""CNR1159941""","""CID1950360""",1.3833412,-0.00893268,1.3922739
"""CNR6220922""","""CID3267400""",2.3387868,-0.022522807,2.3613095
"""CNR2917486""","""CID6599939""",-1.1018072,-0.011831045,-1.0899762
"""CNR7468933""","""CID6581905""",-1.1760647,-0.0059616566,-1.1701031
"""CNR3634587""","""CID5238988""",1.5120541,-0.052486062,1.5645401
"""CNR6379860""","""CID1401957""",-1.2948766,-0.0464848,-1.2483917
"""CNR8442773""","""CID3934792""",-1.5176488,0.018216968,-1.5358658
"""CNR5408321""","""CID5850084""",-0.34933203,0.038615376,-0.3879474
"""CNR6952487""","""CID2248761""",2.3932421,-0.04292959,2.4361718
"""CNR4052354""","""CID9464361""",-1.8443816,-0.07796633,-1.7664152
"""CNR7969609""","""CID5533480""",3.650668,-0.017799944,3.6684678
"""CNR4106206""","""CID8346867""",-0.6958667,0.005801618,-0.7016683
"""CNR1394238""","""CID2097025""",0.0,-0.006285429,0.006285429
"""CNR2547457""","""CID5930313""",2.3932421,0.0054269433,2.3878152
"""CNR9968653""","""CID4749279""",-1.8443816,-0.014183998,-1.8301976
"""CNR6224480""","""CID1852671""",2.031856,-0.016374707,2.0482306
"""CNR5140530""","""CID1718120""",4.601163,0.01048401,4.5906787
"""CNR3261595""","""CID5111729""",-0.9136885,-0.014487803,-0.8992007
"""CNR5092186""","""CID8584583""",0.5863115,-0.05795455,0.64426607
"""CNR3222269""","""CID8599283""",0.0,0.021529764,-0.021529764
"""CNR9844504""","""CID8358962""",0.025039341,-0.035179377,0.060218718
"""CNR1503975""","""CID9176055""",0.025039341,-0.0018931031,0.026932444
"""CNR2348600""","""CID6184538""",-1.0275499,0.044115365,-1.0716653
"""CNR8159443""","""CID9764119""",-2.1166587,0.015911758,-2.1325705
"""CNR7556770""","""CID8531796""",1.4823512,-0.06479192,1.5471431
"""CNR3975735""","""CID1095070""",0.013549859,0.042214483,-0.028664624
"""CNR7592925""","""CID2828242""",-1.809728,-0.0063215196,-1.8034065
"""CNR1623957""","""CID8690755""",1.0219551,0.0015251637,1.02043
"""CNR8650604""","""CID9668337""",1.150668,0.005949408,1.1447186
"""CNR4740901""","""CID2749662""",-0.6612132,0.021860689,-0.6830739
"""CNR7900551""","""CID8745460""",-0.379035,0.03194663,-0.41098163
"""CNR1065816""","""CID9675998""",-1.349332,-0.0032844543,-1.3460475
"""CNR5402959""","""CID9870891""",-2.1216092,0.030873328,-2.1524825
"""CNR6556904""","""CID2063992""",0.013829263,0.007676542,0.006152721
"""CNR3617867""","""CID6405570""",-1.9334904,0.03355968,-1.9670501
"""CNR9653162""","""CID6093470""",2.0962126,-0.037877858,2.1340904
"""CNR4790484""","""CID9391603""",-0.5523023,-0.010690331,-0.54161197
"""CNR8528768""","""CID5483473""",0.013549859,0.015778095,-0.0022282358
"""CNR3562854""","""CID2237657""",0.013549859,0.020191133,-0.0066412743
"""CNR8433849""","""CID7659765""",1.2942324,0.034002542,1.2602298
"""CNR8121854""","""CID4862136""",2.4080937,-0.021108508,2.429202
"""CNR2835243""","""CID7810063""",0.003027254,-0.029997885,0.033025138
"""CNR3249781""","""CID7721449""",-0.869134,0.0044433475,-0.87357736
"""CNR3282733""","""CID1731279""",0.003027254,-0.0093025565,0.01232981
"""CNR5604046""","""CID6545612""",0.003027254,0.03507927,-0.032052018
"""CNR8821536""","""CID9219117""",0.025039341,0.044163167,-0.019123826
"""CNR2327701""","""CID2498981""",0.013549859,0.021418422,-0.007868564
"""CNR6303493""","""CID5972374""",0.003027254,-0.004591942,0.0076191956
"""CNR1678760""","""CID3328269""",0.59126204,-0.014044642,0.6053067
"""CNR7382284""","""CID9362290""",0.0,0.021247655,-0.021247655
"""CNR5582050""","""CID3675758""",1.8189849,-0.007883698,1.8268685
"""CNR6303894""","""CID5277435""",0.013549859,-0.00482139,0.018371249
"""CNR5544028""","""CID4038109""",-1.3641835,0.023903072,-1.3880866
"""CNR4773391""","""CID2365870""",-1.888936,-0.026174664,-1.8627614
"""CNR4096354""","""CID9218244""",-2.2057676,-0.014418602,-2.191349
"""CNR8366713""","""CID2981690""",-1.448342,0.046213567,-1.4945555
"""CNR4594943""","""CID5467415""",0.69522244,0.020940125,0.6742823
"""CNR1156061""","""CID4241980""",1.8239353,0.032195926,1.7917393
"""CNR4161839""","""CID4603889""",-1.4433914,-0.0013065338,-1.4420849
"""CNR3796526""","""CID1091089""",1.7793808,0.08618349,1.6931973
"""CNR2059188""","""CID5731018""",0.003027254,0.05382079,-0.050793536
"""CNR6835108""","""CID2014685""",0.003027254,0.048357964,-0.04533071
"""CNR6352974""","""CID4970280""",0.7447274,0.020849705,0.72387767
"""CNR2201616""","""CID3324464""",0.0,0.01230967,-0.01230967
"""CNR8296187""","""CID2724765""",0.025039341,0.018337727,0.0067016147
"""CNR9800561""","""CID2172949""",-0.6562627,0.00996232,-0.666225
"""CNR8836068""","""CID2880594""",1.0615591,0.003533125,1.058026
"""CNR8338330""","""CID9062530""",-1.4433914,-0.06942409,-1.3739674
"""CNR4250798""","""CID9337748""",-0.92853993,-0.0037342906,-0.92480564
"""CNR1536307""","""CID9044530""",-2.007748,0.031499475,-2.0392473
"""CNR3021944""","""CID7493785""",-0.48794588,-0.025157005,-0.46278888
"""CNR8612999""","""CID6804276""",2.759579,-0.018777907,2.7783568
"""CNR6169442""","""CID6274933""",0.3239353,-0.04095027,0.36488557
"""CNR6154232""","""CID7977666""",1.2348264,0.043884426,1.190942
"""CNR7853140""","""CID8851131""",-1.1859657,0.018339545,-1.2043052
"""CNR5211198""","""CID9728579""",0.0,0.042991936,-0.042991936
"""CNR1380500""","""CID8969894""",0.025039341,-0.04154429,0.06658363
"""CNR4475042""","""CID7879063""",-2.2255697,-0.017132819,-2.208437
"""CNR1999045""","""CID9586008""",0.013829263,-0.0010222793,0.014851542
"""CNR3278702""","""CID3639802""",0.0,0.026066214,-0.026066214
"""CNR8672355""","""CID2538354""",-0.06220331,-0.02788952,-0.03431379
"""CNR6941809""","""CID1834140""",-2.1661637,0.010428965,-2.1765926
"""CNR9749675""","""CID3901770""",-0.5325003,-0.04914078,-0.48335955
"""CNR2897199""","""CID1152449""",-1.5770547,-0.05177918,-1.5252756
"""CNR2781343""","""CID6898356""",0.013829263,0.015120029,-0.0012907665
"""CNR3613545""","""CID9625759""",0.5170046,-0.03018701,0.5471916
"""CNR8673264""","""CID4346157""",0.0,0.03929329,-0.03929329
"""CNR5313458""","""CID4152859""",0.013829263,-0.07139206,0.08522132
"""CNR1122228""","""CID9605883""",0.013549859,0.022713065,-0.009163206
"""CNR8346725""","""CID8427818""",0.013549859,0.013040841,0.0005090181
"""CNR3090749""","""CID6617353""",-0.53745085,0.03233391,-0.56978476
"""CNR8070695""","""CID1966927""",0.003027254,0.027876884,-0.024849629
"""CNR5197770""","""CID9208840""",0.013549859,-0.020139962,0.03368982
"""CNR3653801""","""CID5286036""",-2.2156687,5.3167343e-05,-2.2157218
"""CNR6098965""","""CID7455424""",-0.013278072,-0.022157252,0.00887918
"""CNR3430265""","""CID4652297""",-0.2800251,-0.04021293,-0.23981217
"""CNR3440368""","""CID9731918""",-0.16121322,-0.014331192,-0.14688203
"""CNR5140943""","""CID8207530""",-0.40378746,0.02945581,-0.43324327
"""CNR2906763""","""CID8536657""",-0.28992608,0.043640733,-0.3335668
"""CNR5727951""","""CID2125073""",0.013829263,-0.03762299,0.05145225
"""CNR2629122""","""CID6305137""",0.0,0.00025629997,-0.00025629997
"""CNR2186400""","""CID1946827""",0.003027254,-0.009012282,0.012039536
"""CNR4201560""","""CID1284092""",0.003027254,-0.013417721,0.016444976
"""CNR9989648""","""CID3338997""",0.0,0.0011265278,-0.0011265278
"""CNR6127429""","""CID7797027""",0.5170046,-0.013481438,0.53048605
"""CNR8336069""","""CID8555497""",0.0,-0.02770114,0.02770114
"""CNR2361840""","""CID3403682""",0.003027254,0.06664288,-0.06361563
"""CNR1646939""","""CID7568938""",0.0,0.06159115,-0.06159115
"""CNR5302995""","""CID6285094""",0.0,-0.017219841,0.017219841
"""CNR9565102""","""CID8941558""",0.003027254,0.013676912,-0.010649658
"""CNR3723189""","""CID3650000""",3.3882918,0.059231877,3.32906
"""CNR1388637""","""CID1816352""",-0.60675776,0.02221182,-0.62896955
"""CNR6300956""","""CID4297747""",0.58136106,-0.016729623,0.59809065
"""CNR7171259""","""CID3168910""",0.0,0.02489674,-0.02489674
"""CNR4685699""","""CID1496080""",-0.013278072,-0.020902216,0.0076241447
"""CNR9426267""","""CID5662300""",-1.6216092,-0.009793997,-1.6118152
"""CNR8211082""","""CID1558030""",0.025039341,0.018046975,0.006992366
"""CNR9595733""","""CID2041099""",0.6902719,-0.024474561,0.7147465
"""CNR1608257""","""CID4320204""",-0.6711142,-0.012425214,-0.658689
"""CNR2359962""","""CID2261910""",-0.047351826,-0.0076883435,-0.039663482
"""CNR2529490""","""CID7590448""",-0.5919063,0.017164886,-0.6090712
"""CNR9512090""","""CID9478093""",0.8090838,-0.0006790459,0.80976284
"""CNR6298349""","""CID6982163""",0.013829263,-0.038861394,0.052690655
"""CNR6146099""","""CID9204515""",0.003027254,-0.0055107474,0.008538001
"""CNR8470844""","""CID5163527""",-1.388936,0.046830595,-1.4357667
"""CNR5563763""","""CID8853223""",0.013549859,0.060596764,-0.047046907
"""CNR9350153""","""CID2866889""",0.0,-0.0390296,0.0390296
"""CNR8280884""","""CID1582673""",-1.4136884,0.005273223,-1.4189616
"""CNR8046521""","""CID4092350""",0.013829263,0.071309924,-0.057480663
"""CNR4006232""","""CID9715845""",-0.057252817,-0.017252326,-0.04000049
"""CNR1820099""","""CID3658305""",0.025039341,-0.043760598,0.06879994
"""CNR5039864""","""CID4633165""",0.013829263,0.015700668,-0.0018714052
"""CNR8413333""","""CID4477571""",0.003027254,0.051971704,-0.04894445
"""CNR5081258""","""CID3793115""",-1.6166588,-0.013419867,-1.6032389
"""CNR2383933""","""CID8864963""",0.003027254,0.0211066,-0.018079346
"""CNR4406936""","""CID1235401""",-1.2305201,-0.017971456,-1.2125487
"""CNR7277924""","""CID9336140""",0.003027254,-0.05148697,0.05451422
"""CNR4302640""","""CID8007292""",-0.5077479,-0.026356936,-0.48139095
"""CNR1334803""","""CID6552712""",0.45264816,0.035720944,0.41692722
"""CNR3408063""","""CID4966600""",0.013549859,-0.02307564,0.036625497
"""CNR8364362""","""CID3771086""",0.025039341,-0.020049632,0.045088973
"""CNR4318496""","""CID9642707""",-0.5869558,-0.014056265,-0.5728995
"""CNR2263956""","""CID5910514""",-1.42854,-0.013508081,-1.4150319
"""CNR3627492""","""CID9209067""",-0.9136885,0.0018584728,-0.91554695
"""CNR6863732""","""CID1513338""",0.3288858,0.06746864,0.26141715
"""CNR6218624""","""CID9228325""",0.013549859,-0.032425612,0.04597547
"""CNR6948016""","""CID8489460""",0.003027254,-0.017522544,0.020549798
"""CNR5099756""","""CID8881706""",5.2496777,-0.004883468,5.254561
"""CNR8809596""","""CID3766731""",-1.388936,-0.025423586,-1.3635125
"""CNR5671392""","""CID3408114""",2.5962126,-0.057818472,2.654031
"""CNR8603262""","""CID7029592""",-0.01214276,0.042194337,-0.054337095
"""CNR4522032""","""CID8743877""",-0.15626271,0.037157416,-0.19342013
"""CNR4616487""","""CID7012547""",0.4278957,0.020178497,0.4077172
"""CNR4643231""","""CID4865181""",-0.047351826,-0.014598727,-0.0327531
"""CNR8849416""","""CID5925078""",0.47245017,-0.02565816,0.49810833
"""CNR8432940""","""CID4715908""",-1.9334904,0.04922363,-1.982714
"""CNR3141435""","""CID2686037""",-2.1018074,-0.015618563,-2.0861888
"""CNR6291418""","""CID1525178""",0.9130442,-0.011152685,0.9241969
"""CNR3629425""","""CID3645811""",-0.013278072,0.0042995214,-0.017577592
"""CNR3117927""","""CID5613738""",0.0,0.03269449,-0.03269449
"""CNR2120867""","""CID8400918""",2.3437374,0.012459904,2.3312774
"""CNR1552517""","""CID3786246""",0.0,-0.0506714,0.0506714
"""CNR4001696""","""CID5050806""",1.140767,0.004149556,1.1366174
"""CNR7822638""","""CID8716442""",0.0,-0.006919205,0.006919205
"""CNR2478154""","""CID4636575""",0.025039341,-0.007788956,0.032828297
"""CNR9572989""","""CID4444871""",-1.6909162,-0.015043169,-1.675873
"""CNR8389372""","""CID4523343""",0.013549859,0.025282145,-0.011732286
"""CNR5776610""","""CID3707706""",2.521955,0.0029503703,2.5190046
"""CNR9794125""","""CID5525945""",0.9328462,0.0148641765,0.917982
"""CNR4210836""","""CID3572958""",-0.34933203,-0.036545694,-0.31278634
"""CNR2814420""","""CID9269298""",0.0,0.0014013648,-0.0014013648
"""CNR3270524""","""CID3138873""",0.003027254,-0.0047851503,0.007812404
"""CNR2522435""","""CID6282756""",-0.9384409,0.016173184,-0.9546141
"""CNR5586779""","""CID9384088""",-0.23547064,-0.0009931922,-0.23447745
"""CNR6703484""","""CID8503288""",1.8734403,0.036637843,1.8368025
"""CNR8798135""","""CID7019365""",0.0,-0.008466899,0.008466899
"""CNR7490439""","""CID3404504""",-0.72061914,0.032229304,-0.75284845
"""CNR2912800""","""CID2634232""",-0.01214276,-0.023379683,0.011236924
"""CNR5359712""","""CID4585932""",1.67047,-0.04776296,1.718233
"""CNR6905397""","""CID2358909""",0.0,-0.021153688,0.021153688
"""CNR9667928""","""CID9478380""",-1.789926,0.06250942,-1.8524355
"""CNR9851382""","""CID9250895""",-1.6859657,-0.0016312897,-1.6843344
"""CNR5252424""","""CID7305900""",-0.013278072,0.0328784,-0.04615647
"""CNR3408122""","""CID3567513""",-1.6364608,-0.016667485,-1.6197933
"""CNR6679973""","""CID2639312""",-1.9582429,-0.030243546,-1.9279994
"""CNR8112759""","""CID3567315""",0.003027254,0.05287209,-0.04984484
"""CNR4341124""","""CID3998795""",0.46254918,0.034435302,0.42811388
"""CNR7913408""","""CID7951316""",0.5863115,0.017586589,0.56872493
"""CNR1547860""","""CID9625688""",-1.349332,-0.017242104,-1.3320899
"""CNR7414255""","""CID9063484""",0.013829263,0.021330059,-0.0075007956
"""CNR5543054""","""CID1008847""",-0.45329243,-0.06838316,-0.38490927
"""CNR4138305""","""CID3702247""",0.025039341,0.04218197,-0.017142627
"""CNR6360333""","""CID5373526""",-0.14141123,-0.07484719,-0.06656404
"""CNR9533175""","""CID8006730""",0.4229452,-0.038714528,0.46165973
"""CNR1042407""","""CID2506098""",0.5962125,0.0053907633,0.59082174
"""CNR1546424""","""CID2030634""",-1.849332,0.020889282,-1.8702213
"""CNR8874914""","""CID5289584""",-1.0374508,0.019242644,-1.0566934
"""CNR8496284""","""CID1444142""",-0.15131222,0.034517407,-0.18582962
"""CNR5680537""","""CID7982167""",2.219975,0.027627528,2.1923475
"""CNR2332355""","""CID6164080""",-0.11170826,-0.102124095,-0.009584166
"""CNR5225096""","""CID2103686""",0.025039341,0.028727949,-0.0036886074
"""CNR2082110""","""CID7645753""",-1.92854,-0.05552739,-1.8730125
"""CNR9382315""","""CID8313260""",-0.08200529,-0.07963854,-0.0023667514
"""CNR1169488""","""CID5017163""",-0.67606467,0.0037282407,-0.6797929
"""CNR6235280""","""CID2555000""",0.025039341,0.019891381,0.00514796
"""CNR2599620""","""CID9249665""",-0.23052014,0.0027037263,-0.23322387
"""CNR5997056""","""CID5118315""",-0.43349043,-0.00564152,-0.4278489
"""CNR6593301""","""CID6718446""",-0.90873796,0.04790151,-0.95663947
"""CNR1234547""","""CID7434516""",-0.12655975,-0.0041263103,-0.12243344
"""CNR4806752""","""CID5604228""",-0.013278072,-0.035889447,0.022611376
"""CNR6837422""","""CID5091661""",-0.20081717,-0.02888745,-0.17192972
"""CNR9094973""","""CID9467517""",-0.01214276,-0.021254957,0.009112197
"""CNR3509973""","""CID5837356""",0.47245017,-0.024263322,0.4967135
"""CNR7990297""","""CID6251890""",0.003027254,0.0010805726,0.0019466814
"""CNR1833287""","""CID1353713""",-1.1315103,-0.015442073,-1.1160681
"""CNR4147513""","""CID1704852""",0.0,-0.022808492,0.022808492
"""CNR5251392""","""CID9530946""",0.003027254,-0.01933837,0.022365624
"""CNR9230124""","""CID3979024""",-0.7602231,0.005169928,-0.765393
"""CNR4030368""","""CID3536503""",-0.013278072,0.029391527,-0.042669598
"""CNR9366663""","""CID5236903""",0.013549859,0.012987971,0.0005618874
"""CNR7585022""","""CID3870901""",-0.2701241,-0.02895847,-0.24116564
"""CNR6023780""","""CID8758471""",1.081361,0.011306167,1.0700549
"""CNR4769113""","""CID2022009""",-1.6513122,-0.017374635,-1.6339376
"""CNR1783488""","""CID4045222""",-0.042401332,-0.03502667,-0.007374663
"""CNR1974638""","""CID5403527""",-0.6216093,0.005119145,-0.6267284
"""CNR1759889""","""CID7590086""",0.013829263,-0.013116717,0.02694598
"""CNR6371489""","""CID7159218""",0.013829263,0.0010361671,0.012793096
"""CNR7970024""","""CID7228201""",5.8239355,0.06567985,5.7582555
"""CNR7387882""","""CID5479319""",0.0,0.0426901,-0.0426901
"""CNR9673447""","""CID3651243""",-1.8196291,-0.10674304,-1.7128861
"""CNR6720906""","""CID9038188""",0.0,-0.017460942,0.017460942
"""CNR7653461""","""CID6629138""",-1.8938864,0.010465026,-1.9043515
"""CNR9484321""","""CID6947353""",2.4873016,-0.002270639,2.4895723
"""CNR6206176""","""CID4934049""",0.0,-0.012926638,0.012926638
"""CNR5986080""","""CID8439520""",-1.0225993,-0.05139184,-0.9712075
"""CNR2161720""","""CID3242104""",0.24967788,-0.033191353,0.28286922
"""CNR6810376""","""CID8096279""",2.4575987,0.028470337,2.4291284
"""CNR2772037""","""CID5368134""",5.3585887,-0.022297442,5.380886
"""CNR7237489""","""CID8741453""",2.3140342,-0.014414072,2.3284483
"""CNR2290838""","""CID8304344""",-0.45329243,-0.049547642,-0.4037448
"""CNR6973883""","""CID2823138""",-0.379035,-0.08384019,-0.2951948
"""CNR5689323""","""CID5462787""",0.013549859,-0.007892311,0.02144217
"""CNR1033261""","""CID2507252""",1.1803709,-0.07908678,1.2594577
"""CNR5454363""","""CID1380190""",0.013829263,-0.022829056,0.036658317
"""CNR2809735""","""CID8535530""",0.003027254,0.034514815,-0.03148756
"""CNR2700539""","""CID8907903""",3.8783908,0.009786934,3.868604
"""CNR7081943""","""CID9122143""",0.0,-0.0379799,0.0379799
"""CNR5305882""","""CID2540707""",-2.1166587,0.11811948,-2.2347782
"""CNR6235687""","""CID9893066""",4.9922523,-0.029400766,5.021653
"""CNR6684685""","""CID5158142""",0.013549859,-0.026471764,0.04002162
"""CNR5444753""","""CID8848188""",0.08631154,0.06875795,0.01755359
"""CNR6112895""","""CID8170889""",6.581361,-0.034155786,6.6155167
"""CNR5911616""","""CID3636331""",-1.0721043,0.04654652,-1.1186509
"""CNR3338595""","""CID3627391""",1.8981928,0.03259945,1.8655933
"""CNR1797937""","""CID3950971""",-1.7552726,-0.016750246,-1.7385224
"""CNR6458141""","""CID7344024""",-0.91863894,-0.01384151,-0.90479743
"""CNR1559444""","""CID5140759""",-0.23052014,-0.012118459,-0.21840169
"""CNR8678575""","""CID2913042""",0.025039341,-0.027213603,0.052252945
"""CNR4167184""","""CID2201517""",1.8585888,0.03511873,1.8234701
"""CNR8423512""","""CID9596401""",-0.44834194,-0.015354276,-0.43298766
"""CNR5636629""","""CID1459859""",0.013549859,0.024960935,-0.011411076
"""CNR7633433""","""CID7142400""",0.003027254,-0.0027334094,0.005760663
"""CNR8312561""","""CID1294699""",0.025039341,-0.007234931,0.032274272
"""CNR5140472""","""CID5367465""",-0.6562627,0.018139541,-0.67440224
"""CNR2175992""","""CID3764284""",-0.013278072,0.012804508,-0.026082579
"""CNR2306090""","""CID6320858""",6.363539,-0.012687802,6.376227
"""CNR8454778""","""CID4840738""",0.0,0.004687935,-0.004687935
"""CNR2158077""","""CID5626969""",2.3189847,-0.05570814,2.374693
"""CNR5143910""","""CID8278906""",-1.908738,-0.038007617,-1.8707304
"""CNR4461650""","""CID6278051""",2.3437374,-0.044837058,2.3885744
"""CNR5760798""","""CID8081763""",0.0,-0.0041961074,0.0041961074
"""CNR2887397""","""CID1882886""",0.0,-0.047259092,0.047259092
"""CNR1946114""","""CID8335888""",0.0,-0.024758518,0.024758518
"""CNR2130861""","""CID3579693""",-1.6859657,-0.0038200319,-1.6821456
"""CNR4066709""","""CID4597638""",-0.16121322,0.013474464,-0.17468768
"""CNR9706000""","""CID1868158""",0.025039341,0.045194685,-0.020155344
"""CNR6141948""","""CID6477913""",0.025039341,0.004278749,0.020760592
"""CNR2269461""","""CID1792016""",1.8734403,0.017818213,1.855622
"""CNR7016430""","""CID6965581""",0.025039341,0.0133264065,0.011712935
"""CNR4593731""","""CID5218577""",-0.00279737,-0.0016995668,-0.0010978032
"""CNR3185077""","""CID4599693""",-1.6612132,-0.0053333044,-1.6558799
"""CNR2166034""","""CID4744662""",0.003027254,-0.017336935,0.02036419
"""CNR9828692""","""CID9500103""",-0.7948766,-0.03302431,-0.76185226
"""CNR7746857""","""CID1047372""",0.013829263,0.0158481,-0.0020188373
"""CNR7718257""","""CID3530742""",0.013549859,-0.003092587,0.016642446
"""CNR2106016""","""CID7297424""",-0.7503221,0.03366205,-0.7839842
"""CNR5501170""","""CID2667136""",-1.5770547,0.05370885,-1.6307635
"""CNR6848042""","""CID8030983""",-0.5325003,0.0951314,-0.6276317
"""CNR8637827""","""CID7618147""",0.003027254,-0.018669724,0.02169698
"""CNR7031707""","""CID4390155""",-1.2503221,-0.020672202,-1.2296499
"""CNR5460279""","""CID2703476""",-0.013278072,0.032041788,-0.04531986
"""CNR9397394""","""CID5052843""",4.6556187,-0.024245977,4.679865
"""CNR5675025""","""CID8939131""",-1.1513122,0.020202696,-1.171515
"""CNR6352459""","""CID6133701""",0.013549859,-0.019689083,0.03323894
"""CNR3908324""","""CID3255512""",-2.017649,-0.016830564,-2.0008183
"""CNR2136577""","""CID3283573""",0.025039341,-0.029063225,0.054102566
"""CNR6917331""","""CID8691038""",0.013549859,-0.007798791,0.02134865
"""CNR9423030""","""CID8273190""",-1.6612132,-0.07293707,-1.5882761
"""CNR8097980""","""CID1236024""",-1.0820053,-0.018666536,-1.0633388
"""CNR2632638""","""CID2333059""",1.7843313,0.05685675,1.7274746
"""CNR3747544""","""CID4779595""",1.1952224,0.028224736,1.1669977
"""CNR9356031""","""CID7913138""",0.0,-0.03161344,0.03161344
"""CNR5740389""","""CID2147769""",3.0665095,-0.026260316,3.0927699
"""CNR2622602""","""CID5668899""",-0.7404211,-0.016769052,-0.72365206
"""CNR3850675""","""CID1677388""",0.013829263,0.038805217,-0.024975954
"""CNR3460828""","""CID8301324""",0.0,-0.022505969,0.022505969
"""CNR6962432""","""CID1216206""",-1.2701241,-0.006678164,-1.2634459
"""CNR9505474""","""CID6456180""",-1.1810151,0.02916342,-1.2101786
"""CNR3681470""","""CID4409421""",1.1259155,-0.025127292,1.1510428
"""CNR6681243""","""CID4452213""",0.025039341,0.011661768,0.013377573
"""CNR1505312""","""CID1071808""",1.1803709,0.005942464,1.1744285
"""CNR6716718""","""CID5301825""",-2.0523024,0.0067849755,-2.0590873
"""CNR8933044""","""CID3849569""",-0.013278072,-0.027064204,0.013786132
"""CNR5366880""","""CID3021404""",-1.3740845,-0.0027523637,-1.3713322
"""CNR9963802""","""CID1439055""",0.19522244,0.024020344,0.1712021
"""CNR9024349""","""CID7227346""",0.025039341,0.032545865,-0.0075065233
"""CNR1527090""","""CID1283505""",0.025039341,-0.0033923686,0.02843171
"""CNR3370279""","""CID8214149""",0.0,0.012384474,-0.012384474
"""CNR8275145""","""CID4070277""",-0.859233,0.05776432,-0.9169973
"""CNR5265943""","""CID9471651""",-0.3839855,-0.047959805,-0.33602569
"""CNR4549180""","""CID8771467""",-2.1859658,0.036708325,-2.2226741
"""CNR4820889""","""CID7552811""",1.1259155,-0.03586763,1.1617832
"""CNR4167001""","""CID8003063""",-0.15626271,-0.022581846,-0.13368087
"""CNR7084624""","""CID5518219""",0.003027254,-0.006658852,0.009686106
"""CNR7147090""","""CID8511827""",1.3387868,0.007403046,1.3313838
"""CNR4608307""","""CID1035160""",0.013549859,0.0024577975,0.011092061
"""CNR7899007""","""CID7542327""",-0.34933203,0.037614256,-0.3869463
"""CNR2954711""","""CID3431924""",0.025039341,0.013885319,0.011154022
"""CNR1262273""","""CID5229364""",-1.7107182,-0.009535432,-1.7011827
"""CNR5414501""","""CID4829797""",-1.0325004,0.0066711903,-1.0391716
"""CNR3464409""","""CID8687710""",0.0,-0.020982414,0.020982414
"""CNR1959527""","""CID4041355""",-0.03250034,0.02433306,-0.0568334
"""CNR6839296""","""CID3269353""",-1.0473518,0.030197829,-1.0775497
"""CNR1748816""","""CID7406244""",0.003027254,-0.03271067,0.035737924
"""CNR6201394""","""CID6262468""",0.025039341,-0.00736019,0.03239953
"""CNR6859369""","""CID8469507""",0.28928185,-0.015835702,0.30511755
"""CNR6132912""","""CID3073236""",0.140767,0.018062979,0.122704014
"""CNR3631124""","""CID7213738""",1.9625492,-0.008613229,1.9711624
"""CNR5646305""","""CID1448111""",0.6556185,0.017648816,0.6379697
"""CNR9126599""","""CID6129328""",0.39324224,-0.051243186,0.44448543
"""CNR5208865""","""CID9257967""",0.013549859,0.036090314,-0.022540456
"""CNR9784709""","""CID6707577""",-0.013278072,0.00025451183,-0.013532584
"""CNR9434419""","""CID5354889""",0.003027254,0.041428924,-0.03840167
"""CNR3741363""","""CID8335429""",0.76452935,-0.020709753,0.7852391
"""CNR1792752""","""CID9205231""",0.025039341,-0.00878042,0.03381976
"""CNR6087079""","""CID6530465""",0.013829263,-0.020100832,0.033930093
"""CNR3657903""","""CID1284816""",-1.2849755,-0.027211815,-1.2577637
"""CNR2091579""","""CID9414254""",0.025039341,-0.04126799,0.066307336
"""CNR2975165""","""CID4550738""",2.1902719,-0.08433372,2.2746055
"""CNR2497964""","""CID9169888""",0.44274718,-0.009871602,0.45261878
"""CNR5073222""","""CID8594558""",0.003027254,-0.0037511885,0.0067784423
"""CNR7387734""","""CID5910344""",-0.7503221,-0.065764815,-0.6845573
"""CNR7557565""","""CID5798368""",0.8041333,-0.01790613,0.8220394
"""CNR4616564""","""CID3500596""",-0.39388648,0.0050604045,-0.39894688
"""CNR6092351""","""CID1625346""",0.08631154,0.005467385,0.08084416
"""CNR6056431""","""CID3023640""",0.0,-0.013138592,0.013138592
"""CNR6218385""","""CID5179412""",0.013549859,0.04352501,-0.029975152
"""CNR7330638""","""CID3489297""",-0.013278072,-0.030696243,0.017418172
"""CNR9323653""","""CID4178306""",-0.1760647,0.036155105,-0.2122198
"""CNR3059432""","""CID1568679""",0.27938086,0.0040117204,0.27536914
"""CNR4979562""","""CID1862088""",-1.5671538,0.044124812,-1.6112787
"""CNR5575191""","""CID6124687""",0.013549859,-0.01801148,0.031561337
"""CNR4533861""","""CID7301862""",-1.1810151,-0.087700725,-1.0933144
"""CNR3387867""","""CID1423147""",-1.6859657,-0.0008248389,-1.6851408
"""CNR2897623""","""CID6720999""",-1.6958667,-0.034124076,-1.6617427
"""CNR3591444""","""CID6729177""",-0.8542825,-0.03460127,-0.8196812
"""CNR9526725""","""CID2828551""",-0.01214276,0.0068476796,-0.018990438
"""CNR1429124""","""CID6065934""",0.003027254,-0.005137205,0.008164459
"""CNR3162134""","""CID7623911""",-0.30477756,0.052963495,-0.35774106
"""CNR7077861""","""CID9281042""",2.8288858,-0.03761986,2.8665056
"""CNR3111917""","""CID3222467""",-0.013278072,0.017401755,-0.030679826
"""CNR3832605""","""CID4998652""",-0.6562627,-0.0174734,-0.6387893
"""CNR6628353""","""CID8644192""",0.013829263,0.037572324,-0.023743061
"""CNR2336990""","""CID1320721""",0.013549859,0.013142645,0.00040721335
"""CNR3871452""","""CID6477730""",-2.0721042,0.020617843,-2.092722
"""CNR8877842""","""CID6450612""",0.39819273,-0.025252223,0.42344496
"""CNR3670529""","""CID7296478""",0.003027254,0.049269557,-0.046242304
"""CNR5871320""","""CID9039995""",0.025039341,0.00380975,0.021229591
"""CNR5558015""","""CID3674776""",-0.24537162,-0.019353151,-0.22601847
"""CNR4763018""","""CID5759356""",0.7100739,0.032804072,0.6772698
"""CNR2697258""","""CID8041921""",-1.7305201,-0.009515256,-1.7210048
"""CNR6456893""","""CID2394170""",-0.2651736,-0.016810596,-0.24836302
"""CNR9663746""","""CID8030088""",-0.7651736,0.0145997405,-0.77977335
"""CNR5502421""","""CID9294614""",-1.0424013,-0.03226179,-1.0101395
"""CNR7307644""","""CID8720263""",0.025039341,0.008363217,0.016676124
"""CNR9392126""","""CID7340009""",0.013549859,0.025170684,-0.011620825
"""CNR1874553""","""CID6690830""",-0.047351826,-0.013988912,-0.033362914
"""CNR7744832""","""CID9619548""",-0.047351826,0.009398699,-0.056750525
"""CNR6223525""","""CID3712864""",0.013829263,0.01836285,-0.004533587
"""CNR3716882""","""CID5396634""",-0.042401332,-0.022145867,-0.020255465
"""CNR6703016""","""CID8703192""",0.003027254,0.035913706,-0.032886453
"""CNR9907283""","""CID2457063""",0.025039341,-0.008535951,0.033575293
"""CNR9103026""","""CID4264158""",0.025039341,0.0110813975,0.013957944
"""CNR7839643""","""CID2516184""",-1.5770547,0.11118519,-1.6882399
"""CNR7869018""","""CID9413753""",-0.33943105,0.020030022,-0.35946107
"""CNR6436384""","""CID1192463""",0.5318561,0.015057027,0.5167991
"""CNR4997420""","""CID4483929""",-1.0523024,-0.042026162,-1.0102762
"""CNR8342128""","""CID1511084""",-1.5325004,-0.030450433,-1.5020499
"""CNR4105802""","""CID7724294""",-0.5671538,0.041179687,-0.60833347
"""CNR7653872""","""CID4419651""",0.003027254,-0.0042226315,0.0072498852
"""CNR8554124""","""CID9711210""",-1.9582429,-0.0018657446,-1.9563771
"""CNR9215639""","""CID7568773""",0.013829263,-0.012880921,0.026710184
"""CNR6013491""","""CID2090137""",-0.8641835,-0.0016057491,-0.86257774
"""CNR2414125""","""CID3762334""",-0.01214276,-0.030568719,0.01842596
"""CNR5759624""","""CID5177359""",0.0,-0.014481813,0.014481813
"""CNR1863308""","""CID2591429""",0.013829263,-0.0042620897,0.018091353
"""CNR6358909""","""CID6624632""",-1.9334904,0.019574761,-1.9530652
"""CNR1120580""","""CID5788830""",0.0,-0.01129204,0.01129204
"""CNR1220013""","""CID9768111""",-1.9681439,0.011563152,-1.9797071
"""CNR9528666""","""CID1082166""",-0.94339144,0.0025961995,-0.94598764
"""CNR2861279""","""CID8342541""",0.77443033,0.04414177,0.73028857
"""CNR6075797""","""CID9445044""",1.7595788,0.06501114,1.6945677
"""CNR8265985""","""CID1949344""",3.6556184,-0.03741926,3.6930377
"""CNR9919202""","""CID4308188""",1.7051234,0.013670027,1.6914535
"""CNR3584078""","""CID8836119""",0.7001729,-0.013084769,0.7132577
"""CNR8912558""","""CID7061407""",0.003027254,0.00085163116,0.0021756229
"""CNR5325853""","""CID8709363""",0.013829263,-0.015263975,0.029093238
"""CNR9753108""","""CID3219731""",-0.12655975,0.006072283,-0.13263203
"""CNR6281565""","""CID5247826""",-1.3245796,0.018698066,-1.3432777
"""CNR6015570""","""CID7356508""",-1.948342,-0.021464497,-1.9268775
"""CNR8796784""","""CID5693453""",-1.4235895,-0.07688552,-1.346704
"""CNR3172948""","""CID8783251""",-2.1562626,0.058410525,-2.214673
"""CNR7569061""","""CID4349012""",-1.4037875,-0.040394336,-1.3633932
"""CNR3427320""","""CID1043336""",-0.30972806,0.053213,-0.36294106
"""CNR4371125""","""CID2924607""",-1.839431,0.13535029,-1.9747813
"""CNR1189404""","""CID4571278""",0.0,0.016907305,-0.016907305
"""CNR2452642""","""CID8001294""",0.025039341,-0.008926779,0.03396612
"""CNR3064701""","""CID5233565""",0.013549859,0.04181069,-0.028260833
"""CNR2823029""","""CID4356940""",0.025039341,0.008568585,0.016470756
"""CNR4766292""","""CID3879361""",-0.35923302,0.024261117,-0.38349414
"""CNR5154640""","""CID1930614""",0.39324224,0.047443807,0.34579843
"""CNR3909739""","""CID4884704""",0.601163,-0.018981457,0.6201445
"""CNR1334609""","""CID1819481""",0.025039341,-0.014757812,0.039797153
"""CNR8587401""","""CID1739423""",-1.5820053,-0.056290388,-1.5257149
"""CNR7018706""","""CID3770403""",-0.5523023,0.013491213,-0.5657935
"""CNR7643256""","""CID2075178""",0.013829263,-0.019790083,0.033619344
"""CNR3318190""","""CID1494626""",0.013549859,0.05613464,-0.042584784
"""CNR9851711""","""CID8168070""",1.2249254,-0.026201427,1.2511268
"""CNR8170897""","""CID2818961""",0.025039341,0.0060625672,0.018976774
"""CNR9123242""","""CID8454896""",2.0170047,-0.010976613,2.0279813
"""CNR3367833""","""CID9782292""",1.6061136,0.070384026,1.5357295
"""CNR4770433""","""CID9880161""",0.0,0.02159977,-0.02159977
"""CNR4812920""","""CID7015902""",-1.5919063,-0.06900245,-1.5229039
"""CNR9792891""","""CID4193933""",0.68532145,0.04840201,0.63691944
"""CNR1041101""","""CID4344606""",0.013829263,0.11336458,-0.099535316
"""CNR1378735""","""CID4914263""",-0.31962904,-0.0033914447,-0.3162376
"""CNR7388098""","""CID1033658""",1.7892818,0.0091763735,1.7801055
"""CNR8545914""","""CID7787508""",6.853638,-0.020270526,6.8739085
"""CNR6882680""","""CID3234544""",1.57146,0.0028789043,1.5685811
"""CNR6926526""","""CID1592173""",0.003027254,-0.043929458,0.04695671
"""CNR3008992""","""CID6029998""",1.0764105,-0.07944572,1.1558563
"""CNR9817675""","""CID7825716""",-1.7057676,-0.0055824816,-1.7001852
"""CNR3408735""","""CID6232103""",-0.5869558,-0.028166533,-0.55878925
"""CNR6240396""","""CID2478685""",0.38334125,0.08363223,0.29970902
"""CNR5761786""","""CID9921333""",1.2942324,-0.020611823,1.3148441
"""CNR6950551""","""CID2953471""",0.0,0.048560053,-0.048560053
"""CNR1698185""","""CID8901171""",-1.0027974,0.038596928,-1.0413942
"""CNR5967236""","""CID1718439""",-0.01214276,0.014520586,-0.026663344
"""CNR5340612""","""CID5437572""",-1.3542825,0.04079944,-1.395082
"""CNR5478218""","""CID4162394""",1.7892818,0.0136864185,1.7755954
"""CNR9082425""","""CID3241134""",-1.8938864,-0.0041230917,-1.8897634
"""CNR1789763""","""CID8089267""",-0.1711142,-0.037458986,-0.13365522
"""CNR1941930""","""CID3597589""",-0.013278072,0.023142517,-0.036420587
"""CNR4632329""","""CID9096622""",0.0,-0.0026902556,0.0026902556
"""CNR5882834""","""CID3279015""",-2.0721042,0.007714182,-2.0798185
"""CNR3155019""","""CID7537252""",0.49720263,-3.924966e-05,0.49724188
"""CNR8046434""","""CID3331063""",0.0,-0.026111156,0.026111156
"""CNR1412059""","""CID4134452""",0.013829263,-0.020929605,0.034758866
"""CNR9256590""","""CID7099170""",0.025039341,-0.006120056,0.031159397
"""CNR3557931""","""CID8934125""",-2.0919063,-0.050005436,-2.0419009
"""CNR4572209""","""CID9886028""",0.13086599,-0.011463702,0.1423297
"""CNR3404823""","""CID5969823""",5.6952224,0.010889649,5.684333
"""CNR3221258""","""CID5556647""",0.013549859,0.011570156,0.001979703
"""CNR4927846""","""CID3201172""",4.5566087,-0.03156945,4.588178
"""CNR5546616""","""CID4954111""",1.5318561,-0.07041797,1.6022741
"""CNR8873335""","""CID7131269""",1.2546284,-0.006287724,1.2609161
"""CNR2667889""","""CID4726160""",-0.53745085,-0.030757308,-0.50669354
"""CNR3970365""","""CID6510626""",-0.83943105,-0.032645702,-0.80678535
"""CNR7298228""","""CID2618855""",0.9377967,0.048948556,0.8888482
"""CNR1738640""","""CID1225747""",-0.101807274,0.066505075,-0.16831234
"""CNR1391210""","""CID8217367""",3.8239353,-0.01518482,3.8391201
"""CNR7761462""","""CID8652503""",0.003027254,0.04418969,-0.04116244
"""CNR2721139""","""CID3909816""",2.5021532,0.037122488,2.4650307
"""CNR4796758""","""CID5209094""",0.5368066,0.045660585,0.491146
"""CNR3121108""","""CID9609838""",0.025039341,-0.03228271,0.05732205
"""CNR9800592""","""CID9058242""",-1.2156687,-0.008054078,-1.2076147
"""CNR2344213""","""CID4021948""",-0.5424013,-0.016450167,-0.52595115
"""CNR3414959""","""CID2981783""",-0.2800251,-0.035495073,-0.24453002
"""CNR1554953""","""CID9191288""",1.7942324,0.0019527078,1.7922797
"""CNR1327054""","""CID4481885""",-1.6810151,0.032729328,-1.7137444
"""CNR7813048""","""CID8534650""",-1.4384409,-0.007607341,-1.4308336
"""CNR4354612""","""CID4071880""",2.140767,0.059742033,2.0810251
"""CNR6946890""","""CID6717510""",-1.6265597,0.016801119,-1.6433609
"""CNR1855088""","""CID2299573""",0.0,0.032556266,-0.032556266
"""CNR6892174""","""CID7829485""",0.013829263,-0.007851392,0.021680655
"""CNR8926633""","""CID2992617""",0.52195513,-0.04834518,0.57030034
"""CNR3300822""","""CID7464516""",0.013829263,0.032556206,-0.018726943
"""CNR2990080""","""CID7152173""",0.025039341,-0.0072154105,0.03225475
"""CNR8613878""","""CID1872238""",0.0,0.030772626,-0.030772626
"""CNR8100377""","""CID2594464""",0.0,0.06272465,-0.06272465
"""CNR9641956""","""CID6905841""",-0.01214276,0.024404973,-0.03654773
"""CNR6709503""","""CID9253602""",-2.1661637,-0.05246401,-2.1136997
"""CNR6616700""","""CID8479864""",0.013829263,-0.006817788,0.02064705
"""CNR5713570""","""CID2331741""",0.0,0.036136866,-0.036136866
"""CNR7893614""","""CID1758549""",0.0,-0.016024292,0.016024292
"""CNR3066414""","""CID5203621""",0.025039341,0.05727589,-0.03223655
"""CNR3919323""","""CID1952915""",-1.6018072,0.008367181,-1.6101744
"""CNR2524440""","""CID2373434""",-1.7453716,0.008887768,-1.7542593
"""CNR3346160""","""CID9326565""",-0.44339144,-0.0005764961,-0.44281495
"""CNR9360935""","""CID2525426""",-1.2206192,-0.019750118,-1.2008691
"""CNR3285159""","""CID3264619""",1.0219551,-0.031137228,1.0530924
"""CNR4017078""","""CID3051112""",0.77443033,-0.017924279,0.7923546
"""CNR9065987""","""CID2014240""",-0.19586667,0.005631149,-0.20149782
"""CNR2792377""","""CID4537137""",0.0,-0.030277193,0.030277193
"""CNR1342517""","""CID4045614""",-0.73547065,0.0165869,-0.75205755
"""CNR6039197""","""CID3896576""",-0.63151026,-0.03624183,-0.5952684
"""CNR5657370""","""CID8390678""",5.581361,-0.044287443,5.6256485
"""CNR4376262""","""CID1568922""",0.003027254,0.028968215,-0.02594096
"""CNR9728354""","""CID2510627""",-0.20576766,0.092509866,-0.29827753
"""CNR2862743""","""CID8859268""",-0.23052014,-0.015779853,-0.21474029
"""CNR5574607""","""CID3982848""",0.013829263,-0.010048121,0.023877384
"""CNR8193605""","""CID8236019""",1.8189849,0.010204494,1.8087804
"""CNR5168470""","""CID5749800""",1.8239353,-0.009699404,1.8336346
"""CNR1173898""","""CID8299312""",-2.1067579,-0.07301289,-2.033745
"""CNR3074653""","""CID2085557""",-2.0869558,-0.026069164,-2.0608866
"""CNR6842860""","""CID5327728""",0.0,0.0034733415,-0.0034733415
"""CNR8784121""","""CID5813487""",2.348688,0.056818545,2.2918694
"""CNR7615022""","""CID7020831""",-1.6018072,-0.009503841,-1.5923034
"""CNR6415324""","""CID5591090""",-1.5126984,0.07089436,-1.5835928
"""CNR8366615""","""CID2316427""",-1.0523024,-0.010820329,-1.041482
"""CNR3404549""","""CID9498609""",0.003027254,-0.03057319,0.033600442
"""CNR7855473""","""CID9562348""",2.3536382,0.013462067,2.340176
"""CNR8902379""","""CID6846686""",1.1655195,0.0017537773,1.1637657
"""CNR1491177""","""CID8879437""",0.025039341,-0.028645337,0.053684678
"""CNR9333832""","""CID8629376""",0.003027254,0.017160833,-0.014133579
"""CNR3398654""","""CID8730516""",-0.6463617,-0.03964901,-0.6067127
"""CNR7913030""","""CID5184805""",-1.0225993,0.011956722,-1.034556
"""CNR8017196""","""CID6083387""",-0.42358944,0.025671065,-0.4492605
"""CNR1281555""","""CID7810636""",-2.1018074,-0.08025202,-2.0215554
"""CNR7914596""","""CID8854162""",-0.013278072,-0.056729496,0.043451425
"""CNR8414699""","""CID4846174""",-0.82457954,-0.02247119,-0.80210835
"""CNR1936089""","""CID7447248""",-0.74537164,0.00309062,-0.74846226
"""CNR7583124""","""CID5870684""",0.013829263,0.003843844,0.009985419
"""CNR6685199""","""CID1858637""",0.7496779,-0.00562495,0.75530285
"""CNR1909585""","""CID1410210""",-0.01214276,-0.027890474,0.015747715
"""CNR5250933""","""CID1250611""",-0.46319342,0.09453297,-0.5577264
"""CNR1388975""","""CID1220468""",-0.01214276,-0.008022845,-0.004119915
"""CNR4326640""","""CID1867267""",0.26452938,0.031462133,0.23306724
"""CNR2403918""","""CID7082728""",-1.849332,-0.05872193,-1.7906101
"""CNR8021117""","""CID8489755""",-1.6711142,-0.015755832,-1.6553583
"""CNR7593348""","""CID7882585""",-1.3196291,-0.029248059,-1.290381
"""CNR5950087""","""CID4122585""",-2.1463618,0.098573506,-2.2449353
"""CNR1528675""","""CID5163655""",-1.3047776,-0.0057690144,-1.2990086
"""CNR4273428""","""CID5239553""",0.041757084,0.049209237,-0.0074521527
"""CNR5150398""","""CID4446058""",-1.1463617,0.010977268,-1.157339
"""CNR5995049""","""CID6556940""",-0.18596569,-0.01687944,-0.16908625
"""CNR8344133""","""CID6319989""",1.2892818,-0.026982993,1.3162649
"""CNR7872464""","""CID1381998""",-1.1810151,0.019519597,-1.2005347
"""CNR6011833""","""CID9013643""",0.013549859,0.033738613,-0.020188754
"""CNR8702835""","""CID2236067""",-1.0374508,0.0035039485,-1.0409547
"""CNR1939340""","""CID8805684""",2.0665095,0.014934182,2.0515752
"""CNR2071120""","""CID2306034""",-0.29982707,-0.030705005,-0.26912206
"""CNR3710550""","""CID1678691""",0.013829263,-0.004653275,0.018482538
"""CNR5406237""","""CID5453687""",2.9179947,-0.0032515526,2.9212463
"""CNR4051076""","""CID1538231""",1.7496779,0.008176327,1.7415016
"""CNR5689616""","""CID6151692""",-0.31962904,0.0328632,-0.35249224
"""CNR9103514""","""CID3364067""",-1.2057676,0.024731994,-1.2304996
"""CNR2900206""","""CID6454934""",0.021955105,-0.045862913,0.067818016
"""CNR2815201""","""CID4998263""",0.66056895,-0.00967896,0.6702479
"""CNR1554802""","""CID3353762""",0.0,0.02281177,-0.02281177
"""CNR5998673""","""CID2754780""",-2.0968568,-0.035477042,-2.06138
"""CNR8140261""","""CID3696094""",-2.151312,-0.010956347,-2.1403558
"""CNR1785867""","""CID2104552""",-0.16616371,-0.063580185,-0.10258353
"""CNR2689700""","""CID1448742""",-0.05230232,-0.03659296,-0.01570936
"""CNR1847653""","""CID2463429""",-1.4334904,-0.021343648,-1.4121468
"""CNR5704235""","""CID2344111""",-0.20081717,0.019494176,-0.22031134
"""CNR8894540""","""CID2099316""",0.0,0.023432136,-0.023432136
"""CNR4135251""","""CID5219706""",-1.9532924,-0.029221714,-1.9240706
"""CNR3271807""","""CID2836590""",0.22987589,0.06693488,0.16294101
"""CNR8968981""","""CID3224037""",0.025039341,-0.010500044,0.035539385
"""CNR2555229""","""CID3468214""",0.003027254,0.014233261,-0.011206008
"""CNR1374171""","""CID7657590""",-1.5523024,-0.0029202104,-1.5493822
"""CNR3076062""","""CID5251829""",-1.8196291,0.013348311,-1.8329774
"""CNR7706710""","""CID9708262""",-0.8542825,0.020692825,-0.8749753
"""CNR8911662""","""CID2685050""",0.48730165,0.07104099,0.41626066
"""CNR8582305""","""CID5833847""",-0.9037875,0.027845144,-0.93163264
"""CNR7549327""","""CID5789426""",0.003027254,0.07332218,-0.070294924
"""CNR8978380""","""CID1125859""",0.025039341,-0.009721339,0.03476068
"""CNR1631244""","""CID3935003""",2.9278958,-0.05922377,2.9871197
"""CNR8314711""","""CID1477860""",-0.41863894,-0.019431323,-0.39920762
"""CNR1131535""","""CID1922469""",-2.1265597,0.050044835,-2.1766045
"""CNR4510710""","""CID5121520""",-1.1265597,-0.023356795,-1.1032029
"""CNR6328069""","""CID6040411""",0.013829263,-0.006359458,0.02018872
"""CNR8197516""","""CID8989040""",2.3140342,0.04853475,2.2654996
"""CNR8470405""","""CID4204590""",0.9427472,-0.010290265,0.95303744
"""CNR5716089""","""CID1121043""",1.4724501,-0.02038145,1.4928316
"""CNR7619703""","""CID6754993""",-0.13151024,0.023786932,-0.15529718
"""CNR1912299""","""CID5038804""",1.0071036,0.046055466,0.9610481
"""CNR2827236""","""CID3662346""",0.025039341,-0.03924164,0.06428099
"""CNR6764536""","""CID8527580""",1.8239353,0.05244413,1.7714912
"""CNR7522860""","""CID8754473""",-2.0225995,-0.059345007,-1.9632545
"""CNR4786557""","""CID6128858""",2.4278958,0.021662235,2.4062335
"""CNR8034810""","""CID2188854""",0.52195513,0.0069627166,0.5149924
"""CNR6125798""","""CID7052704""",0.9575987,-0.025160402,0.9827591
"""CNR7970436""","""CID8848598""",-0.15626271,0.050070763,-0.20633347
"""CNR9963461""","""CID1146307""",0.0,-0.03083998,0.03083998
"""CNR5450504""","""CID4412206""",-1.4136884,-0.0608657,-1.3528228
"""CNR8161631""","""CID5296336""",-0.20576766,-0.020925164,-0.1848425
"""CNR6781877""","""CID4167178""",-0.013278072,0.02306649,-0.03634456
"""CNR6789071""","""CID8460686""",0.013829263,-0.012463659,0.026292922
"""CNR9968206""","""CID5441957""",-1.2057676,-0.026280105,-1.1794875
"""CNR6925923""","""CID3633948""",0.003027254,0.02741149,-0.024384236
"""CNR9338694""","""CID2568034""",-1.8938864,-0.07084069,-1.8230457
"""CNR3639137""","""CID4379504""",-0.45824292,0.05838892,-0.51663184
"""CNR2288201""","""CID8393864""",0.8338363,-0.008251846,0.84208816
"""CNR3084803""","""CID9447154""",0.013829263,0.008633852,0.005195411
"""CNR7408011""","""CID1054600""",-0.54735184,0.0041770935,-0.55152893
"""CNR5020837""","""CID5615953""",0.0,0.031430244,-0.031430244
"""CNR6293771""","""CID3055634""",1.5417571,-0.04239565,1.5841527
"""CNR4909339""","""CID2446768""",-0.01214276,-0.008563757,-0.0035790028
"""CNR5261336""","""CID3722424""",0.38829175,-0.019456208,0.40774795
"""CNR1072950""","""CID5171538""",-0.013278072,0.03729719,-0.05057526
"""CNR1024653""","""CID1056499""",-0.013278072,-0.018749893,0.005471821
"""CNR8353028""","""CID1675621""",1.4575987,0.057273835,1.4003248
"""CNR2390040""","""CID6772722""",-0.84933203,-0.0043898225,-0.8449422
"""CNR4092117""","""CID9517931""",0.0,0.027858794,-0.027858794
"""CNR2196503""","""CID2094889""",-1.1463617,-0.02568087,-1.1206808
"""CNR7767244""","""CID1810077""",-2.2552726,0.058098167,-2.3133707
"""CNR3011900""","""CID5509172""",0.013829263,-0.003595233,0.017424496
"""CNR7221134""","""CID6498880""",0.013549859,0.021797776,-0.0082479175
"""CNR4356835""","""CID9645883""",-1.7948766,-0.037571162,-1.7573054
"""CNR7273288""","""CID5289789""",-1.9780449,-0.027267784,-1.950777
"""CNR7845568""","""CID3274381""",-0.14141123,-0.002270162,-0.13914107
"""CNR5278263""","""CID9340227""",-0.30477756,0.034304142,-0.3390817
"""CNR6916704""","""CID9125644""",-0.013278072,0.01759082,-0.030868892
"""CNR7374019""","""CID6298982""",-2.2156687,0.02266395,-2.2383327
"""CNR8922022""","""CID5075389""",0.0,-0.014526606,0.014526606
"""CNR3648036""","""CID2553456""",0.013549859,0.03050059,-0.016950732
"""CNR8921386""","""CID4593220""",-0.02259935,-0.012896836,-0.009702515
"""CNR3848877""","""CID2271389""",-0.047351826,0.029494405,-0.07684623
"""CNR1577245""","""CID8232000""",1.4377967,0.04869747,1.3890992
"""CNR6441329""","""CID6684091""",-0.21071815,0.02225414,-0.2329723
"""CNR3794282""","""CID6006605""",0.0,-0.009848475,0.009848475
"""CNR8157158""","""CID4947301""",-0.71071815,0.06592649,-0.77664465
"""CNR8865255""","""CID6178871""",-1.3196291,-0.016005099,-1.3036239
"""CNR9024044""","""CID3991101""",1.101163,-0.010413587,1.1115766
"""CNR8533226""","""CID8304428""",-1.4582429,-0.013406694,-1.4448361
"""CNR2823887""","""CID9302212""",-2.1760647,0.0043795407,-2.1804442
"""CNR9938194""","""CID3192748""",-1.9780449,-0.01104629,-1.9669986
"""CNR6248425""","""CID7369923""",-0.31962904,0.027408004,-0.34703705
"""CNR6775934""","""CID6586362""",-1.8839855,-0.011988521,-1.871997
"""CNR3635361""","""CID2188780""",-1.4582429,-0.041637182,-1.4166057
"""CNR9625988""","""CID8668839""",0.003027254,-0.022423089,0.025450343
"""CNR6951068""","""CID7452580""",0.025039341,0.046549678,-0.021510337
"""CNR6629799""","""CID5614330""",1.3239353,-0.036831915,1.3607671
"""CNR2216011""","""CID1428943""",0.003027254,-0.010939062,0.013966315
"""CNR2066912""","""CID7868182""",-0.013278072,-0.010789394,-0.0024886774
"""CNR8181974""","""CID2369600""",0.021955105,0.024698555,-0.002743451
"""CNR9986134""","""CID9683238""",0.025039341,-0.036971122,0.062010463
"""CNR3234899""","""CID1908216""",1.9526482,0.019184291,1.9334638
"""CNR4366479""","""CID4200395""",0.0,-0.031878114,0.031878114
"""CNR1712801""","""CID2926384""",-1.4136884,0.031653047,-1.4453415
"""CNR7740994""","""CID5149622""",-2.2602232,0.024879336,-2.2851024
"""CNR7872287""","""CID8334135""",0.003027254,-0.022333622,0.025360877
"""CNR7647343""","""CID9627481""",-0.15626271,0.0052941144,-0.16155683
"""CNR4922020""","""CID4113809""",1.7199749,-0.0060260296,1.7260009
"""CNR7477638""","""CID2458760""",0.0,0.026545703,-0.026545703
"""CNR4251691""","""CID3733832""",0.11106402,0.035433292,0.075630724
"""CNR2584780""","""CID5870902""",-1.1711142,0.02220267,-1.1933169
"""CNR1942416""","""CID4419723""",0.34868777,0.06542218,0.2832656
"""CNR9512371""","""CID2444965""",0.025039341,-0.0044350624,0.029474404
"""CNR2365067""","""CID5488447""",0.025039341,0.017025054,0.008014288
"""CNR8451283""","""CID6608037""",0.0,-0.033617914,0.033617914
"""CNR8141733""","""CID7435305""",0.69522244,-0.00023511052,0.6954576
"""CNR6868549""","""CID4590339""",0.0,-0.010617137,0.010617137
"""CNR1431826""","""CID7703683""",1.4922521,-0.015436083,1.5076882
"""CNR1655128""","""CID1239112""",-0.7602231,-0.0038804412,-0.75634265
"""CNR9352488""","""CID8514177""",0.0,0.05403787,-0.05403787
"""CNR6723742""","""CID7192559""",-1.4136884,-0.035054624,-1.3786337
"""CNR8539943""","""CID3803404""",0.0,-0.01505515,0.01505515
"""CNR8063226""","""CID1535281""",0.0,0.043716192,-0.043716192
"""CNR4908086""","""CID4711648""",0.025039341,-0.026858836,0.051898178
"""CNR9339499""","""CID9166916""",-1.9879459,0.01055795,-1.9985039
"""CNR5438739""","""CID5226045""",0.0,-0.008632153,0.008632153
"""CNR2325089""","""CID4564491""",0.75462836,0.06432408,0.6903043
"""CNR2213324""","""CID5946097""",-1.9730943,-0.00913918,-1.9639552
"""CNR9139331""","""CID6339280""",0.1259155,0.063753426,0.06216207
"""CNR2847927""","""CID9043369""",1.7892818,0.01085338,1.7784284
"""CNR6139508""","""CID3390920""",0.0,0.031168908,-0.031168908
"""CNR5653836""","""CID7148060""",-1.918639,-0.043660194,-1.8749788
"""CNR2411400""","""CID6255360""",3.7546284,-0.04717189,3.8018003
"""CNR4664841""","""CID7846019""",-1.9384409,0.008477449,-1.9469184
"""CNR8738349""","""CID7207094""",0.28433135,0.038318813,0.24601254
"""CNR7233835""","""CID9817166""",-1.6909162,-0.052073836,-1.6388423
"""CNR9533612""","""CID4877776""",-0.36418352,-0.02309215,-0.34109136
"""CNR6827084""","""CID1939578""",-0.6018073,-0.06472072,-0.5370866
"""CNR4786080""","""CID6326652""",-1.7206192,-0.015870392,-1.7047489
"""CNR5123691""","""CID3188303""",0.0,-0.0070546567,0.0070546567
"""CNR1001697""","""CID9990853""",0.0,-0.01627028,0.01627028
"""CNR3222521""","""CID4794917""",0.013549859,-0.01007092,0.023620779
"""CNR5380399""","""CID3609102""",-0.6463617,-0.021040082,-0.6253216
"""CNR7862423""","""CID6946998""",-1.1414112,-0.01725322,-1.1241579
"""CNR4697595""","""CID3753681""",-1.8542825,0.03032136,-1.8846039
"""CNR2090111""","""CID9607811""",-0.8196291,-0.012871861,-0.8067572
"""CNR3329204""","""CID7766393""",0.55660856,0.034121662,0.5224869
"""CNR4782027""","""CID4039444""",0.025039341,-0.020891786,0.045931127
"""CNR6011091""","""CID3972231""",0.025039341,-0.01572904,0.04076838
"""CNR5767350""","""CID6090944""",-0.49289638,0.029626995,-0.5225234
"""CNR7818251""","""CID5278216""",-1.9879459,0.041791588,-2.0297375
"""CNR3376684""","""CID9582455""",-0.7651736,-0.016265184,-0.7489084
"""CNR8665067""","""CID4448701""",-0.51269835,-0.02224195,-0.4904564
"""CNR8849494""","""CID1361443""",0.025039341,-0.023163378,0.04820272
"""CNR4486177""","""CID2527934""",0.7249254,-0.011069477,0.7359949
"""CNR1635422""","""CID8668902""",1.0417571,-0.0032368302,1.0449939
"""CNR2751289""","""CID3262184""",2.4179947,0.022619545,2.3953753
"""CNR5285771""","""CID9809260""",0.003027254,-0.010027885,0.013055139
"""CNR3698028""","""CID3870236""",1.8090838,-0.003051281,1.8121351
"""CNR1079929""","""CID6152768""",-1.92854,0.023771882,-1.9523119
"""CNR2006285""","""CID5385338""",-1.1463617,-0.012331367,-1.1340303
"""CNR3280084""","""CID6484080""",2.0863116,0.026275814,2.0600357
"""CNR8409534""","""CID8669609""",1.0962125,-0.0130131245,1.1092256
"""CNR2874055""","""CID9956583""",0.013829263,0.030593276,-0.016764013
"""CNR8852294""","""CID6291269""",0.0,0.0282166,-0.0282166
"""CNR6215118""","""CID9459823""",3.2744303,0.040708095,3.2337222
"""CNR5993133""","""CID3157448""",0.003027254,-0.011811674,0.014838927
"""CNR2945993""","""CID1538558""",0.003027254,0.021287382,-0.018260127
"""CNR6233180""","""CID3425794""",-0.3740845,-0.009965539,-0.36411896
"""CNR9675850""","""CID1279512""",-2.1859658,0.016671956,-2.2026377
"""CNR1499579""","""CID4120773""",-0.72556967,-0.06193018,-0.6636395
"""CNR6148194""","""CID9430595""",-0.8196291,-0.025466561,-0.7941625
"""CNR4629264""","""CID8757178""",3.4575987,-0.025407314,3.483006
"""CNR9067755""","""CID2337994""",-0.80477756,0.015100598,-0.81987816
"""CNR4633650""","""CID1429658""",-0.14141123,0.0391227,-0.18053393
"""CNR1526221""","""CID9793601""",-1.3196291,0.018703401,-1.3383324
"""CNR2715124""","""CID5947257""",0.0,-0.0077937245,0.0077937245
"""CNR2523022""","""CID3699828""",0.013549859,-0.052300572,0.06585043
"""CNR3688006""","""CID7457412""",-1.369134,0.04405734,-1.4131913
"""CNR8995644""","""CID8782633""",0.003027254,0.0066659153,-0.0036386612
"""CNR6727008""","""CID3857930""",0.003027254,-0.06788331,0.070910566
"""CNR2245660""","""CID5954149""",-1.4532924,-0.015595168,-1.4376972
"""CNR7877675""","""CID4204729""",1.7942324,0.0074020326,1.7868303
"""CNR6879714""","""CID9895994""",1.111064,-0.040219367,1.1512833
"""CNR1132826""","""CID5863170""",-2.0820053,0.100426674,-2.182432
"""CNR8432339""","""CID6280957""",0.99720263,0.07500523,0.9221974
"""CNR1299442""","""CID2514392""",-0.013278072,-0.028033614,0.014755542
"""CNR2265832""","""CID5698349""",-1.908738,-0.0059607923,-1.9027772
"""CNR7206274""","""CID7118304""",0.003027254,-0.013831615,0.01685887
"""CNR1408387""","""CID7137042""",-0.2849756,-0.052226484,-0.2327491
"""CNR8507536""","""CID4570914""",1.4774007,0.031429052,1.4459716
"""CNR7120819""","""CID9576287""",-1.3938864,-0.0055267513,-1.3883597
"""CNR8961425""","""CID8051456""",0.20512342,-0.009423673,0.2145471
"""CNR9664452""","""CID7332724""",0.013829263,-0.021943301,0.035772562
"""CNR4986975""","""CID2191968""",0.003027254,0.015839994,-0.01281274
"""CNR2669664""","""CID5167518""",0.0,-0.03854686,0.03854686
"""CNR5833309""","""CID6816306""",1.7348264,-0.023316741,1.7581432
"""CNR3380134""","""CID7831312""",0.77938086,0.007304251,0.7720766
"""CNR4052885""","""CID1989649""",-0.74537164,-0.02010709,-0.72526455
"""CNR8650592""","""CID4108761""",-2.151312,-0.04392001,-2.107392
"""CNR8244833""","""CID1292815""",0.9823511,-0.014121652,0.9964728
"""CNR5799888""","""CID3269184""",1.9278957,0.0066583157,1.9212373
"""CNR4133999""","""CID5435719""",-0.33448052,-0.025471091,-0.30900943
"""CNR2350157""","""CID7833385""",0.47740066,-0.011574388,0.48897505
"""CNR1144735""","""CID6529714""",-0.037450835,0.0053659678,-0.042816803
"""CNR1001530""","""CID6677981""",-0.5671538,0.035301387,-0.6024552
"""CNR6872463""","""CID2444745""",-0.44834194,-0.0011317134,-0.44721022
"""CNR8988706""","""CID2217518""",0.27938086,-1.1056662e-05,0.2793919
"""CNR9979701""","""CID7480272""",-0.6117083,0.079425454,-0.69113374
"""CNR5216969""","""CID8763718""",1.0962125,-0.036267698,1.1324801
"""CNR9865914""","""CID3522452""",-1.7305201,-0.011703372,-1.7188168
"""CNR9632380""","""CID5749766""",-1.5820053,0.016422272,-1.5984275
"""CNR2772364""","""CID6798806""",-1.0869558,0.017773747,-1.1047295
"""CNR6359966""","""CID9443229""",1.6160145,0.009353161,1.6066613
"""CNR7130934""","""CID6964256""",-1.8641835,-0.030219436,-1.8339641
"""CNR8139661""","""CID3285623""",0.003027254,-0.015898317,0.018925572
"""CNR4814793""","""CID8016080""",-0.007747865,0.012690663,-0.020438528
"""CNR9159032""","""CID6765928""",0.7397769,-0.016366363,0.7561433
"""CNR8135916""","""CID7718932""",0.77938086,-0.023974389,0.8033552
"""CNR2685754""","""CID8696448""",0.2397769,-0.02953893,0.26931584
"""CNR5671250""","""CID9648506""",2.5368066,-0.03709328,2.5738997
"""CNR4308218""","""CID7221591""",5.051658,-0.046412647,5.0980706
"""CNR8102801""","""CID9997149""",0.2199749,-0.00011998415,0.22009489
"""CNR4018364""","""CID7905078""",-0.88398546,0.007859349,-0.8918448
"""CNR6333825""","""CID8923964""",0.025039341,0.017205894,0.007833447
"""CNR5246011""","""CID1865753""",-1.5275499,0.025840014,-1.5533899
"""CNR3608772""","""CID5414376""",-1.7354707,-0.01256603,-1.7229047
"""CNR6506854""","""CID2842167""",0.013549859,-0.0005168915,0.01406675
"""CNR5656903""","""CID1271702""",-0.013278072,-0.054925352,0.04164728
"""CNR3067403""","""CID1858562""",-0.086955786,0.05872625,-0.14568204
"""CNR2035048""","""CID2975029""",-1.309728,-0.00055783987,-1.3091702
"""CNR1881184""","""CID4224700""",0.45759866,-0.032170355,0.489769
"""CNR2909861""","""CID3367390""",1.8981928,0.041124463,1.8570683
"""CNR7737876""","""CID1372524""",0.003027254,-0.00555259,0.008579844
"""CNR7287391""","""CID3354035""",0.0,-0.043076456,0.043076456
"""CNR6886112""","""CID4533730""",-0.15626271,0.12034863,-0.27661133
"""CNR5469894""","""CID9066685""",-0.65131223,-0.026543856,-0.6247684
"""CNR8384433""","""CID2866810""",0.003027254,0.017864168,-0.014836914
"""CNR7854509""","""CID5289265""",-1.2552726,0.006186962,-1.2614596
"""CNR4128303""","""CID8429114""",-0.05230232,0.0037719607,-0.05607428
"""CNR5561027""","""CID6837356""",0.67046994,-0.06598216,0.7364521
"""CNR8073264""","""CID8901897""",-0.12160925,0.0050522685,-0.12666151
"""CNR8409160""","""CID3701675""",-1.6810151,-0.021729589,-1.6592855
"""CNR4003690""","""CID3833743""",1.3536383,0.013468683,1.3401697
"""CNR4571359""","""CID1547675""",0.025039341,0.012620658,0.012418684
"""CNR4586671""","""CID2753388""",0.0,0.037249923,-0.037249923
"""CNR2749432""","""CID5758128""",0.025039341,-0.0013924837,0.026431825
"""CNR6453146""","""CID5860764""",-1.5126984,0.030522913,-1.5432214
"""CNR5571599""","""CID8930636""",-0.7503221,-0.03361696,-0.71670514
"""CNR1999550""","""CID9135054""",0.003027254,-0.03749135,0.040518604
"""CNR9065130""","""CID8501270""",0.013549859,0.02071029,-0.007160431
"""CNR3085853""","""CID8487913""",2.9674997,-0.06334561,3.0308454
"""CNR3487423""","""CID3861469""",-0.1810152,0.056604326,-0.23761952
"""CNR2543318""","""CID2588771""",0.7397769,-0.023739427,0.7635163
"""CNR4712178""","""CID7249675""",1.1259155,-0.01244536,1.1383609
"""CNR1618516""","""CID7600353""",-0.013278072,-0.046349347,0.033071276
"""CNR1166233""","""CID1408276""",0.0,0.04292324,-0.04292324
"""CNR9503993""","""CID8825425""",1.2595788,0.022575796,1.2370031
"""CNR9606567""","""CID2314774""",-0.72556967,-0.06675547,-0.6588142
"""CNR1729343""","""CID7357146""",-1.2503221,-0.010472506,-1.2398496
"""CNR3068605""","""CID6503097""",2.3635392,-0.0255014,2.3890407
"""CNR4661541""","""CID3302890""",0.003027254,0.011693984,-0.0086667305
"""CNR8771162""","""CID2462177""",0.025039341,0.054754555,-0.029715214
"""CNR4491288""","""CID2964741""",0.025039341,0.05041477,-0.02537543
"""CNR9161769""","""CID7951156""",1.091262,-0.03620565,1.1274676
"""CNR3613347""","""CID8088002""",-0.01214276,0.019246042,-0.0313888
"""CNR6508535""","""CID6812135""",-0.067153804,0.013805926,-0.08095973
"""CNR3651385""","""CID6049014""",-2.2354705,-0.004937649,-2.230533
"""CNR7280794""","""CID1011892""",0.0,0.016270757,-0.016270757
"""CNR6254593""","""CID6888895""",-1.0820053,0.05196494,-1.1339703
"""CNR9417908""","""CID1765887""",0.025039341,-0.012108386,0.037147727
"""CNR2541935""","""CID4234061""",0.0,-0.020572692,0.020572692
"""CNR9623751""","""CID8341704""",1.8536383,-0.015624046,1.8692623
"""CNR2308043""","""CID1058464""",0.18532144,-0.0045452714,0.1898667
"""CNR1228038""","""CID1135335""",-0.7998271,0.028602123,-0.8284292
"""CNR9136660""","""CID2696420""",0.8387868,-0.013359487,0.85214627
"""CNR4533812""","""CID2821116""",0.78928185,-0.044893622,0.83417547
"""CNR6145681""","""CID5174804""",-0.23547064,-0.0010575652,-0.23441307
"""CNR6046884""","""CID5127326""",-2.2206192,0.0035464168,-2.2241657
"""CNR4874668""","""CID1579474""",9.0219555,0.016505897,9.005449
"""CNR2087688""","""CID8480013""",-0.35428253,0.014337689,-0.36862022
"""CNR3695591""","""CID3076551""",0.65066797,-0.047548294,0.69821626
"""CNR1426313""","""CID4920920""",2.2546284,-0.0108639,2.2654924
"""CNR9718571""","""CID5889830""",-1.4433914,0.0203515,-1.463743
"""CNR1625958""","""CID2373622""",0.003027254,-0.022286683,0.025313938
"""CNR6258909""","""CID3342312""",2.640767,0.03202772,2.6087394
"""CNR3369312""","""CID6510470""",-1.809728,-0.0019132495,-1.8078148
"""CNR5771438""","""CID2407232""",-1.4334904,0.01856485,-1.4520552
"""CNR6529700""","""CID9764853""",-1.888936,0.014774203,-1.9037102
"""CNR7078369""","""CID2022292""",1.3189849,0.022308439,1.2966764
"""CNR6799418""","""CID1752058""",-1.7255696,-0.007825136,-1.7177445
"""CNR5090197""","""CID1543186""",-2.1958666,0.052128673,-2.2479954
"""CNR2480524""","""CID7897530""",0.8536383,0.005935967,0.8477023
"""CNR2385151""","""CID1628636""",-0.888936,-0.067911625,-0.82102436
"""CNR2031519""","""CID7330381""",-1.1117083,-0.042958707,-1.0687495
"""CNR9963753""","""CID4721289""",-2.0820053,-0.022016346,-2.059989
"""CNR7209428""","""CID8666700""",0.013549859,-0.012802303,0.026352162
"""CNR4133316""","""CID9337657""",-1.6711142,-0.056928754,-1.6141855
"""CNR9138347""","""CID9402090""",2.2397768,-0.04640022,2.2861772
"""CNR1876649""","""CID4219410""",-0.01214276,0.030693054,-0.042835813
"""CNR8531352""","""CID2096330""",-1.4928964,0.021966219,-1.5148627
"""CNR2993289""","""CID6260090""",0.021955105,-0.007565886,0.02952099
"""CNR2601650""","""CID2979466""",-1.859233,0.014140606,-1.8733736
"""CNR2686936""","""CID1278604""",0.013549859,0.0012023449,0.012347514
"""CNR7619996""","""CID7957494""",0.013549859,0.016568512,-0.003018653
"""CNR9860361""","""CID7827012""",-1.7651736,-0.027450562,-1.737723
"""CNR4593834""","""CID4550284""",-1.5424013,0.026534349,-1.5689356
"""CNR8983809""","""CID4222021""",1.0764105,-0.028063595,1.1044741
"""CNR9736522""","""CID8149594""",-1.789926,0.020050973,-1.809977
"""CNR1104487""","""CID2824139""",-1.9730943,0.0015143156,-1.9746087
"""CNR3562567""","""CID1186475""",3.8734403,-0.013803482,3.8872437
"""CNR2913992""","""CID9242792""",-1.6216092,-0.045579195,-1.57603
"""CNR7594731""","""CID5888732""",0.003027254,-0.0142015815,0.017228836
"""CNR7692210""","""CID9611309""",-0.6463617,0.014416635,-0.66077834
"""CNR1612439""","""CID1934099""",-0.027549844,-0.015393913,-0.012155931
"""CNR2410400""","""CID3950575""",0.3288858,0.00542444,0.32346135
"""CNR2236312""","""CID6604017""",0.013829263,0.040879786,-0.027050523
"""CNR4368563""","""CID6742299""",-1.1909162,0.025986344,-1.2169025
"""CNR1949464""","""CID3349774""",0.0,0.007769078,-0.007769078
"""CNR9837529""","""CID6253226""",-0.41368845,-0.0020314753,-0.41165698
"""CNR4183305""","""CID4731645""",0.003027254,-0.04053551,0.043562762
"""CNR1389434""","""CID3383743""",-1.4978468,-0.05131215,-1.4465346
"""CNR7158243""","""CID1652007""",-2.2602232,-0.087527126,-2.172696
"""CNR6574959""","""CID8165217""",7.378391,0.015636146,7.362755
"""CNR5101963""","""CID9118938""",-1.5325004,0.033445388,-1.5659457
"""CNR3462568""","""CID2260394""",0.025039341,-0.011197984,0.036237326
"""CNR8998163""","""CID1795666""",-0.46319342,-0.09404391,-0.3691495
"""CNR9081921""","""CID7111157""",4.4724503,-0.025414973,4.497865
"""CNR2646605""","""CID2365885""",-0.67606467,-0.03487149,-0.64119315
"""CNR4122424""","""CID8478145""",-0.6018073,0.10021901,-0.7020263
"""CNR5883126""","""CID7295215""",-0.888936,0.0051287413,-0.8940647
"""CNR3709505""","""CID6137961""",0.013829263,0.011483252,0.0023460109
"""CNR7634326""","""CID9472411""",0.013829263,-0.0054424405,0.019271703
"""CNR2276514""","""CID4628226""",-1.1117083,-0.050052136,-1.0616561
"""CNR8542358""","""CID5966482""",0.013829263,-0.039816797,0.053646058
"""CNR8310765""","""CID4771247""",-2.017649,0.00018656254,-2.0178356
"""CNR7615041""","""CID5711939""",0.35363826,0.027771771,0.3258665
"""CNR4298215""","""CID2699009""",0.013549859,0.026248753,-0.012698894
"""CNR1343233""","""CID1825185""",0.0,-0.019836754,0.019836754
"""CNR2552247""","""CID7759338""",-0.29487658,0.056024015,-0.3509006
"""CNR1377645""","""CID2289729""",0.003027254,-0.019714355,0.02274161
"""CNR3756167""","""CID1717683""",0.57641053,-0.018375218,0.59478575
"""CNR5347159""","""CID7938039""",1.9674996,-0.034098625,2.0015984
"""CNR4728758""","""CID1366295""",-0.9136885,0.034801483,-0.94848996
"""CNR2373361""","""CID9701665""",-2.2602232,-0.012101084,-2.248122
"""CNR7782082""","""CID4569364""",0.025039341,0.0064589977,0.018580344
"""CNR7819886""","""CID9221856""",-1.8146785,-0.06255898,-1.7521195
"""CNR2025696""","""CID7881489""",-0.15626271,0.0072105527,-0.16347326
"""CNR7094453""","""CID4104740""",1.0219551,-0.12865084,1.1506059
"""CNR1429627""","""CID1910689""",-1.6513122,-0.03724116,-1.6140711
"""CNR5634352""","""CID6008610""",1.17047,0.012191832,1.1582782
"""CNR9659179""","""CID5254219""",0.013829263,0.018417686,-0.0045884233
"""CNR7488009""","""CID4034738""",-1.3641835,-0.0040471554,-1.3601364
"""CNR3696866""","""CID7753829""",-0.6463617,-0.01701343,-0.6293483
"""CNR6343690""","""CID3825859""",0.003027254,0.01152575,-0.008498496
"""CNR3749553""","""CID8076824""",0.0,0.011662096,-0.011662096
"""CNR3019294""","""CID8845396""",-2.0919063,-0.015151203,-2.076755
"""CNR4447039""","""CID2454145""",0.025039341,-0.0029690862,0.028008427
"""CNR6511482""","""CID2495234""",0.025039341,-0.01368174,0.03872108
"""CNR5087241""","""CID8206661""",0.9476977,-0.016682446,0.96438015
"""CNR1217171""","""CID3010412""",0.025039341,0.028147101,-0.00310776
"""CNR6671341""","""CID4893988""",-1.6562628,-0.016883522,-1.6393793
"""CNR7266017""","""CID8056294""",0.630866,-0.040406525,0.6712725
"""CNR4486232""","""CID1247047""",-0.6909162,0.037852764,-0.72876894
"""CNR6463833""","""CID9039501""",-0.5770548,0.048396885,-0.6254517
"""CNR7366265""","""CID3491623""",0.0,0.0002937913,-0.0002937913
"""CNR8041732""","""CID2517424""",0.8635393,-0.019060075,0.88259935
"""CNR6127702""","""CID6055520""",3.5368066,0.01682669,3.51998
"""CNR3828689""","""CID4965074""",1.551658,0.010478646,1.5411794
"""CNR8789617""","""CID8741403""",0.76452935,0.043795228,0.7207341
"""CNR5972534""","""CID2031239""",-1.6909162,0.015590906,-1.7065071
"""CNR9964825""","""CID5321006""",-2.1760647,0.0013200641,-2.1773849
"""CNR1358087""","""CID3276057""",-2.2602232,-0.0003413558,-2.2598817
"""CNR6491280""","""CID7240533""",-1.2057676,0.067316115,-1.2730837
"""CNR7487748""","""CID3058614""",3.442747,-0.03907472,3.4818218
"""CNR4849131""","""CID3969736""",-1.8641835,-0.10174692,-1.7624366
"""CNR5838815""","""CID1565986""",-1.4978468,-0.050023854,-1.447823
"""CNR6266348""","""CID9112521""",0.76452935,0.020407975,0.7441214
"""CNR8758029""","""CID6750589""",0.013549859,-0.04733908,0.06088894
"""CNR2696293""","""CID5926154""",-0.057252817,0.002135694,-0.05938851
"""CNR6132875""","""CID5924938""",-0.01214276,0.021113008,-0.033255767
"""CNR4337874""","""CID9454717""",0.8090838,-0.06584191,0.87492573
"""CNR5997768""","""CID3555407""",0.013549859,0.037753552,-0.024203693
"""CNR4361267""","""CID8765992""",1.4625492,-0.0034727454,1.466022
"""CNR7225005""","""CID6816473""",-0.013278072,0.030827641,-0.044105712
"""CNR6646454""","""CID1903797""",0.013829263,-0.05209726,0.06592652
"""CNR2017885""","""CID2628639""",0.025039341,-0.018952876,0.043992218
"""CNR3578876""","""CID8059479""",0.39819273,-0.008438438,0.40663117
"""CNR1945139""","""CID5692307""",-0.16121322,-0.058285326,-0.10292789
"""CNR1901778""","""CID7368285""",1.8932422,-0.058160037,1.9514023
"""CNR8011939""","""CID1374148""",0.025039341,0.04070738,-0.015668038
"""CNR4503783""","""CID3369944""",-0.32953003,0.0049455166,-0.33447555
"""CNR7829963""","""CID4357579""",-0.25032213,-0.0040540993,-0.24626803
"""CNR2362430""","""CID8003081""",0.0,-0.046101213,0.046101213
"""CNR6823173""","""CID2709252""",0.37839076,-0.03223163,0.4106224
"""CNR6430498""","""CID8938046""",1.690272,0.015716374,1.6745555
"""CNR2127186""","""CID9718756""",-2.200817,0.03523642,-2.2360535
"""CNR5628033""","""CID9465538""",-1.4978468,0.03779,-1.5356369
"""CNR6579724""","""CID7096475""",-0.40873796,-0.0425784,-0.36615956
"""CNR5963749""","""CID4255053""",-1.5027974,0.038184345,-1.5409818
"""CNR2485712""","""CID7134278""",-1.3443816,-0.01890552,-1.325476
"""CNR3987142""","""CID7357988""",0.013549859,-0.0067516565,0.020301515
"""CNR9690873""","""CID7541678""",0.0,0.007542938,-0.007542938
"""CNR1926939""","""CID4826526""",0.003027254,-0.013168991,0.016196245
"""CNR7142597""","""CID5783537""",0.003027254,-0.014631957,0.017659212
"""CNR7588759""","""CID3636741""",-0.047351826,0.01370132,-0.061053146
"""CNR1593167""","""CID7567784""",-1.2404212,-0.030789375,-1.2096318
"""CNR5525922""","""CID5939968""",-1.339431,0.09030837,-1.4297395
"""CNR3717260""","""CID2138900""",0.0,0.026001543,-0.026001543
"""CNR9758664""","""CID5568609""",0.20512342,-0.06799346,0.2731169
"""CNR1202023""","""CID8591013""",0.003027254,-0.015601486,0.01862874
"""CNR6884024""","""CID5536707""",1.4774007,-0.009158254,1.4865589
"""CNR1656278""","""CID1904891""",-1.6265597,-0.015128493,-1.6114312
"""CNR3502383""","""CID7809673""",0.44769767,-0.08108154,0.5287792
"""CNR3025274""","""CID5713950""",0.75462836,0.0030887723,0.7515396
"""CNR1389512""","""CID3229545""",0.0,0.027601719,-0.027601719
"""CNR6647107""","""CID7253416""",0.0,-0.00011116266,0.00011116266
"""CNR7566558""","""CID6273222""",-0.013278072,0.013671696,-0.026949767
"""CNR3187350""","""CID1754600""",0.013829263,-0.047159195,0.060988456
"""CNR6172319""","""CID8046743""",0.25957885,0.042695343,0.21688351
"""CNR9722862""","""CID1536168""",-1.3344805,0.010587633,-1.3450682
"""CNR5265066""","""CID7344497""",0.6902719,0.06126809,0.6290038
"""CNR1079784""","""CID1457114""",0.0,-0.038053602,0.038053602
"""CNR1703324""","""CID7746910""",0.0,-0.020529062,0.020529062
"""CNR9276461""","""CID7285747""",1.7447274,-0.012822747,1.7575501
"""CNR5546010""","""CID1952436""",-1.2948766,-0.029394299,-1.2654823
"""CNR3278899""","""CID3184501""",-1.3196291,0.013753295,-1.3333824
"""CNR9186625""","""CID6283897""",1.7793808,-0.044164598,1.8235455
"""CNR5309162""","""CID2696359""",0.013829263,-0.043076694,0.056905955
"""CNR2912103""","""CID1332888""",-0.72556967,-0.0038517714,-0.7217179
"""CNR2825677""","""CID6423671""",0.4179947,0.013063669,0.40493104
"""CNR9560697""","""CID4411409""",0.013829263,-0.011701763,0.025531026
"""CNR3998978""","""CID3796214""",0.0,0.044567883,-0.044567883
"""CNR5106816""","""CID6453786""",0.013549859,-0.009262085,0.022811944
"""CNR2200431""","""CID9342087""",1.3239353,0.017453194,1.3064821
"""CNR2252280""","""CID4711356""",1.8932422,-0.11314073,2.006383
"""CNR1942548""","""CID2229147""",1.4774007,0.008787513,1.4686131
"""CNR3596427""","""CID1282192""",-2.017649,0.041377187,-2.0590262
"""CNR5256547""","""CID5055908""",2.17047,-0.030393302,2.2008634
"""CNR5348442""","""CID7988143""",-0.9631934,-0.029310405,-0.933883
"""CNR9603093""","""CID2037100""",-0.013278072,-0.006670177,-0.006607895
"""CNR1241163""","""CID4379858""",0.47245017,0.023550749,0.44889942
"""CNR4462734""","""CID7317850""",-0.8740845,0.020338356,-0.8944228
"""CNR2909335""","""CID6885111""",0.0,0.015446633,-0.015446633
"""CNR6378015""","""CID4806829""",-0.83943105,-0.0013263226,-0.8381047
"""CNR7086326""","""CID8761128""",-1.6463617,0.051055074,-1.6974168
"""CNR3388746""","""CID2101889""",0.0,0.016587913,-0.016587913
"""CNR7801282""","""CID2324837""",0.025039341,0.004657924,0.020381417
"""CNR3337416""","""CID5469492""",-2.1463618,-0.042443156,-2.1039186
"""CNR9371805""","""CID7057071""",-0.09685677,-0.027448356,-0.06940842
"""CNR5986358""","""CID8600561""",-1.2701241,0.02325058,-1.2933747
"""CNR1247712""","""CID1763965""",-2.017649,-0.017902136,-1.9997468
"""CNR7961553""","""CID5364921""",-1.7503221,-0.10499114,-1.6453309
"""CNR6579901""","""CID4836981""",-1.4384409,0.010827184,-1.4492681
"""CNR7986321""","""CID6371168""",-0.013278072,0.01645273,-0.0297308
"""CNR6356106""","""CID6991437""",0.8387868,-0.038098097,0.8768849
"""CNR3487779""","""CID2458384""",0.0,-0.017083585,0.017083585
"""CNR2464975""","""CID6744181""",-1.4978468,0.0070510507,-1.5048978
"""CNR1937914""","""CID8411058""",0.0,0.022058189,-0.022058189
"""CNR3516185""","""CID4917065""",0.21007392,-0.02156347,0.23163739
"""CNR5032625""","""CID7393146""",0.013549859,0.027284563,-0.013734704
"""CNR8483380""","""CID6234925""",-1.3245796,-0.08462787,-1.2399517
"""CNR4996976""","""CID7080001""",0.013549859,0.07652253,-0.06297267
"""CNR5213183""","""CID6002489""",0.0,0.013109922,-0.013109922
"""CNR5323974""","""CID9909305""",-1.6265597,-0.022929907,-1.6036298
"""CNR8175456""","""CID8964447""",-0.4681439,-0.005451381,-0.46269253
"""CNR2484942""","""CID4717793""",0.55660856,-0.043375254,0.5999838
"""CNR5455728""","""CID8921565""",-0.01214276,-0.009087682,-0.003055078
"""CNR7539007""","""CID9669640""",0.29423234,-0.026677728,0.32091007
"""CNR4375493""","""CID9641957""",4.4724503,-0.0032587647,4.475709
"""CNR9962169""","""CID4722676""",0.7249254,0.032227278,0.6926981
"""CNR4975228""","""CID1496472""",0.0,0.01956284,-0.01956284
"""CNR8922976""","""CID1609299""",0.003027254,-0.06394529,0.06697255
"""CNR8425410""","""CID1316581""",-1.5820053,0.008172989,-1.5901783
"""CNR5286223""","""CID6056647""",2.759579,0.0030407608,2.7565382
"""CNR6771386""","""CID7704094""",-1.2305201,0.04969603,-1.2802162
"""CNR3060235""","""CID8858811""",-1.3839855,-0.034308255,-1.3496773
"""CNR8129845""","""CID6771830""",0.013829263,0.029401094,-0.015571831
"""CNR1047828""","""CID9874175""",0.013829263,-0.047430992,0.061260253
"""CNR6649469""","""CID4945548""",0.003027254,0.05847925,-0.055451997
"""CNR3569873""","""CID7235593""",0.025039341,-0.0007687211,0.025808062
"""CNR4637339""","""CID2064465""",0.013549859,0.006133437,0.0074164215
"""CNR6087730""","""CID8869880""",0.013549859,0.019586265,-0.0060364064
"""CNR7499207""","""CID2950111""",1.0368066,-0.032076538,1.0688832
"""CNR2983284""","""CID1474232""",-1.9582429,-0.0005784631,-1.9576645
"""CNR1801852""","""CID6846335""",-0.2750746,-0.016333878,-0.25874072
"""CNR1215825""","""CID8647115""",-0.28992608,0.0015143752,-0.29144046
"""CNR6434752""","""CID1856758""",0.0,-0.03251335,0.03251335
"""CNR7807237""","""CID6330393""",-0.14636172,-0.07493687,-0.07142486
"""CNR5218755""","""CID5371963""",1.2942324,-0.023434997,1.3176674
"""CNR6895702""","""CID7863257""",0.71997494,-0.0011120439,0.721087
"""CNR5507665""","""CID2613253""",-0.9879459,-0.016031623,-0.9719143
"""CNR2201608""","""CID4345046""",0.003027254,0.0343841,-0.03135685
"""CNR3456097""","""CID9507132""",-1.5869558,0.012114942,-1.5990708
"""CNR9390382""","""CID6946614""",-0.013278072,-0.002870977,-0.010407095
"""CNR6141478""","""CID5581456""",-2.0126984,0.053610027,-2.0663085
"""CNR2788431""","""CID6204024""",0.39324224,-0.018098593,0.41134083
"""CNR3895451""","""CID8385014""",-1.5176488,-0.007543683,-1.5101051
"""CNR5305822""","""CID2692762""",0.003027254,-0.025277764,0.028305018
"""CNR9701828""","""CID7115831""",-1.6661637,-0.10640013,-1.5597636
"""CNR6666546""","""CID3647094""",-0.9532924,-0.051579416,-0.901713
"""CNR6742325""","""CID1286793""",0.025039341,-0.015852809,0.04089215
"""CNR3300848""","""CID6151068""",-0.01214276,0.06249529,-0.074638054
"""CNR5715253""","""CID8885618""",0.0,0.0010846257,-0.0010846257
"""CNR9603546""","""CID7634676""",-0.013278072,0.022978187,-0.036256257
"""CNR6445611""","""CID9835585""",-1.448342,0.01261729,-1.4609592
"""CNR6409924""","""CID1844073""",0.013549859,0.01438868,-0.00083882175
"""CNR7359338""","""CID1057676""",-0.369134,-0.08245307,-0.28668094
"""CNR1343683""","""CID6577346""",-1.0473518,0.079686165,-1.127038
"""CNR7460825""","""CID5341648""",0.0,0.012560487,-0.012560487
"""CNR7994321""","""CID2553688""",2.3090837,-0.058826745,2.3679104
"""CNR9011742""","""CID8889466""",-0.03250034,0.0038909316,-0.036391273
"""CNR8109568""","""CID2996389""",-1.0523024,0.020451725,-1.0727541
"""CNR9663114""","""CID1264110""",0.013549859,0.0010398328,0.012510026
"""CNR9788825""","""CID1744131""",2.120965,-0.046419024,2.1673841
"""CNR1923509""","""CID6267154""",-0.10675777,0.08055502,-0.18731278
"""CNR6214968""","""CID7549203""",0.13086599,-0.015024543,0.14589053
"""CNR2936148""","""CID7455581""",-0.92853993,-0.002368629,-0.9261713
"""CNR1889328""","""CID3754111""",0.0,-0.013259113,0.013259113
"""CNR8058610""","""CID7874675""",0.57641053,0.013438046,0.5629725
"""CNR6752518""","""CID8216903""",-1.1117083,-0.017977536,-1.0937307
"""CNR9605041""","""CID1572253""",-1.408738,0.0024314523,-1.4111695
"""CNR8487648""","""CID5090551""",2.2843313,-0.0055537224,2.289885
"""CNR2359101""","""CID4179908""",-2.0770547,-0.067327976,-2.0097268
"""CNR6772398""","""CID5443023""",-0.6810152,0.037825108,-0.7188403
"""CNR1322618""","""CID6120342""",1.4328462,-0.0002552867,1.4331014
"""CNR4368661""","""CID3425460""",-1.3839855,-0.027543604,-1.356442
"""CNR4648603""","""CID9276216""",0.025039341,-0.034312606,0.059351947
"""CNR7867337""","""CID8924512""",-1.9384409,-0.03235638,-1.9060845
"""CNR7640016""","""CID2797705""",2.0566087,-0.03132218,2.087931
"""CNR7001030""","""CID9991767""",3.4575987,-0.00013113022,3.4577298
"""CNR2931635""","""CID5955068""",0.05660857,-0.04114303,0.0977516
"""CNR9523460""","""CID2466194""",0.025039341,0.029192686,-0.004153345
"""CNR8129409""","""CID3329487""",0.025039341,-0.009721279,0.03476062
"""CNR1456229""","""CID5214072""",-0.82953006,-0.026842564,-0.8026875
"""CNR9183336""","""CID4247601""",0.69522244,-0.0037263632,0.6989488
"""CNR1788956""","""CID7871191""",-2.1859658,-0.0039951205,-2.1819706
"""CNR6051596""","""CID5858040""",-1.1612132,-0.041716516,-1.1194966
"""CNR7638421""","""CID5431967""",-0.6958667,0.0046134293,-0.7004801
"""CNR6729644""","""CID2749772""",-0.379035,-0.012516499,-0.3665185
"""CNR9478485""","""CID7463940""",-2.057253,0.008705825,-2.0659587
"""CNR2074318""","""CID2501774""",0.013549859,-0.016463518,0.030013377
"""CNR3954278""","""CID6981368""",0.5962125,0.025613725,0.5705988
"""CNR9963339""","""CID6692875""",1.1061136,-0.03892833,1.145042
"""CNR2521119""","""CID6325592""",-1.1117083,-0.037542284,-1.074166
"""CNR5957086""","""CID5512529""",0.9922521,-0.010115743,1.0023679
"""CNR2956091""","""CID3239752""",-1.92854,-0.007081747,-1.9214582
"""CNR7320845""","""CID7709721""",-2.2156687,-0.025497764,-2.190171
"""CNR8157027""","""CID6305276""",-0.30972806,0.03483987,-0.34456792
"""CNR4949688""","""CID6598315""",0.003027254,0.031290352,-0.028263098
"""CNR2283785""","""CID4281184""",0.003027254,-0.0026911795,0.0057184333
"""CNR7794457""","""CID5799673""",0.003027254,-0.009113908,0.012141162
"""CNR6178259""","""CID4953072""",-0.01214276,0.0002578497,-0.012400609
"""CNR6973232""","""CID8495031""",-1.6067578,-0.032055914,-1.5747018
"""CNR4713570""","""CID8595830""",-1.0770547,-0.0042495728,-1.0728052
"""CNR7327945""","""CID8864973""",4.002153,0.0042867064,3.9978662
"""CNR9805568""","""CID3784144""",0.97740066,-0.04023707,1.0176377
"""CNR3559131""","""CID7232010""",0.003027254,0.020292163,-0.017264908
"""CNR6984222""","""CID6361049""",-0.21566866,0.00771147,-0.22338013
"""CNR9285745""","""CID4256662""",-1.0225993,-0.015594244,-1.0070051
"""CNR6669483""","""CID1822709""",-2.1859658,0.018749297,-2.204715
"""CNR4238002""","""CID6776646""",-0.81467855,0.05065629,-0.86533487
"""CNR6389927""","""CID9919109""",0.013829263,0.027095139,-0.013265876
"""CNR6821528""","""CID2424401""",0.003027254,0.007194966,-0.0041677123
"""CNR1710614""","""CID7834069""",-0.869134,-0.07443905,-0.79469496
"""CNR4281861""","""CID3533006""",1.07146,0.018883586,1.0525764
"""CNR4409596""","""CID1491605""",-0.09190628,-0.0299865,-0.06191978
"""CNR4454169""","""CID6949124""",0.26452938,-0.014208496,0.27873787
"""CNR2232001""","""CID4009681""",1.5566086,-0.08023465,1.6368432
"""CNR3543893""","""CID2741858""",-1.4532924,-0.037208408,-1.4160839
"""CNR2677882""","""CID5610771""",0.025039341,-0.015773416,0.040812757
"""CNR4792982""","""CID9106070""",2.620965,0.0045983195,2.6163666
"""CNR5732405""","""CID6788857""",-0.898837,-0.026448965,-0.872388
"""CNR2741467""","""CID5243272""",0.013549859,0.033347636,-0.019797778
"""CNR5449621""","""CID3273552""",-0.7552726,-0.027240574,-0.72803205
"""CNR1670772""","""CID7888601""",0.003027254,0.013912797,-0.010885543
"""CNR2602268""","""CID6481940""",0.5417571,0.008046269,0.53371084
"""CNR5666052""","""CID7419047""",-1.4136884,0.036303997,-1.4499924
"""CNR4883142""","""CID4048775""",-1.6513122,-0.0045137107,-1.6467985
"""CNR8384111""","""CID3136531""",-1.0225993,-0.057655454,-0.9649439
"""CNR2214032""","""CID9934856""",1.4476976,-0.0045061707,1.4522038
"""CNR2888732""","""CID1573750""",0.003027254,0.0002271533,0.0028001007
"""CNR8261474""","""CID7237221""",0.013549859,-0.028142393,0.04169225
"""CNR8648823""","""CID7280836""",-1.7552726,0.021871924,-1.7771446
"""CNR4839761""","""CID5783623""",-2.0473518,-0.009939015,-2.037413
"""CNR4370032""","""CID8192438""",0.003027254,0.041038036,-0.038010783
"""CNR8377864""","""CID6825721""",0.013829263,-0.0074059367,0.0212352
"""CNR6822426""","""CID6932218""",-1.3641835,0.019326568,-1.3835101
"""CNR7746241""","""CID6429715""",-0.013278072,-0.020242393,0.0069643212
"""CNR5221453""","""CID3537376""",0.013829263,-0.02311775,0.036947012
"""CNR3647318""","""CID3316188""",-1.6216092,-0.04191348,-1.5796957
"""CNR1928665""","""CID3625244""",0.003027254,0.016307533,-0.013280279
"""CNR3026027""","""CID6107164""",1.7645293,0.011000693,1.7535286
"""CNR8746289""","""CID1622203""",0.7595789,-0.02357468,0.78315353
"""CNR8293619""","""CID5234419""",0.0,-0.030171692,0.030171692
"""CNR4634398""","""CID6508131""",-1.9136884,0.052494407,-1.9661828
"""CNR1369962""","""CID2782405""",0.003027254,-0.005468935,0.008496189
"""CNR6293065""","""CID3854833""",-1.9730943,-0.0097081065,-1.9633863
"""CNR5159897""","""CID7457520""",-0.74537164,0.006553769,-0.7519254
"""CNR9824373""","""CID7411443""",0.025039341,-0.022963881,0.048003223
"""CNR4434532""","""CID4842682""",6.9377966,0.012492299,6.9253044
"""CNR3988622""","""CID3974055""",4.828886,-0.071526706,4.9004126
"""CNR4275604""","""CID2101598""",-0.013278072,0.011760592,-0.025038663
"""CNR8959209""","""CID4006376""",-1.2354707,0.0012825131,-1.2367532
"""CNR6308975""","""CID8890014""",-0.29487658,0.017831087,-0.31270766
"""CNR1425273""","""CID5498536""",-0.9978469,-0.080034316,-0.9178126
"""CNR2498058""","""CID9040801""",0.003027254,0.049760967,-0.046733715
"""CNR7956209""","""CID8778906""",0.013549859,-0.035793543,0.0493434
"""CNR6378112""","""CID5153763""",8.86849,-0.06509763,8.933588
"""CNR9216080""","""CID5294390""",-1.1513122,-0.015235156,-1.136077
"""CNR8842234""","""CID5811291""",-0.20576766,-0.0132397115,-0.19252795
"""CNR9602163""","""CID2884248""",-1.6166588,-0.065678984,-1.5509799
"""CNR6766032""","""CID1937819""",-1.5225993,-0.020647109,-1.5019522
"""CNR1021662""","""CID5822165""",0.013549859,0.005495727,0.008054132
"""CNR3154395""","""CID2940610""",0.0,-0.00853765,0.00853765
"""CNR7792685""","""CID5690234""",-2.0027974,-0.023293018,-1.9795043
"""CNR8378439""","""CID1685385""",-0.41368845,0.045532763,-0.4592212
"""CNR6294276""","""CID9416351""",-0.82953006,0.031329215,-0.8608593
"""CNR1270915""","""CID1952883""",0.025039341,0.00757429,0.017465051
"""CNR1731251""","""CID9463181""",-1.418639,-0.05913672,-1.3595022
"""CNR5177802""","""CID9876126""",0.0,-0.016874611,0.016874611
"""CNR7796758""","""CID9634403""",-0.013278072,0.021714628,-0.0349927
"""CNR7387177""","""CID4214765""",1.5318561,0.01504761,1.5168085
"""CNR1710460""","""CID4658453""",-0.4681439,-0.01161623,-0.45652768
"""CNR5977147""","""CID2075757""",1.4823512,-0.00080662966,1.4831579
"""CNR9359877""","""CID5125295""",-0.859233,-0.049099267,-0.81013376
"""CNR6003259""","""CID9493011""",-1.2998271,-0.026763737,-1.2730634
"""CNR4504016""","""CID8178293""",-0.64141124,-0.03659886,-0.6048124
"""CNR1741889""","""CID8903850""",0.003027254,-0.014224619,0.017251873
"""CNR9714348""","""CID9649514""",2.5566087,-0.010704398,2.5673132
"""CNR9266152""","""CID3345406""",-0.6661637,0.0038889349,-0.67005265
"""CNR2083292""","""CID7264674""",-0.97804487,0.01610279,-0.99414766
"""CNR8091549""","""CID4351999""",2.3189847,0.027812392,2.2911723
"""CNR1595113""","""CID1416343""",0.013829263,-4.208088e-05,0.013871344
"""CNR7659713""","""CID6446626""",-0.4681439,0.02156198,-0.4897059
"""CNR2903331""","""CID5699081""",0.025039341,-0.029356241,0.054395583
"""CNR6308177""","""CID6797938""",0.003027254,0.01476118,-0.011733926
"""CNR7777415""","""CID1026129""",-0.49784687,-0.02842766,-0.4694192
"""CNR8369844""","""CID9149144""",-1.2057676,0.057329625,-1.2630973
"""CNR8136379""","""CID1612453""",0.013829263,-0.0046088398,0.018438103
"""CNR3929566""","""CID6429163""",2.3981926,0.044148475,2.3540442
"""CNR5564845""","""CID8925513""",0.0,0.02863568,-0.02863568
"""CNR7316336""","""CID6653497""",0.003027254,-0.011387885,0.014415138
"""CNR4493957""","""CID2436097""",0.013829263,0.021867394,-0.0080381315
"""CNR6455417""","""CID1148229""",1.081361,-0.025068223,1.1064293
"""CNR1259149""","""CID2855356""",-0.24537162,-0.019131899,-0.22623973
"""CNR4410125""","""CID1482166""",0.025039341,0.0095590055,0.015480336
"""CNR2218083""","""CID4875617""",-0.7998271,-0.055590242,-0.7442368
"""CNR9617886""","""CID9551230""",-2.151312,0.05115494,-2.202467
"""CNR4367697""","""CID6748246""",0.025039341,-0.00042784214,0.025467183
"""CNR6732312""","""CID7454759""",-1.7107182,-0.031444013,-1.6792741
"""CNR1702032""","""CID9795545""",0.025039341,0.03878182,-0.01374248
"""CNR6850926""","""CID1606531""",0.7348264,0.01965648,0.7151699
"""CNR5351962""","""CID7079582""",-0.43349043,-0.03798178,-0.39550865
"""CNR2396032""","""CID6905689""",0.0,0.0118872225,-0.0118872225
"""CNR2316760""","""CID2327548""",2.5665095,-0.037555754,2.6040652
"""CNR2135855""","""CID5964669""",-1.9384409,-0.019840717,-1.9186002
"""CNR2046168""","""CID8237885""",-0.13151024,0.028882205,-0.16039245
"""CNR5024037""","""CID9281756""",0.0,0.028986871,-0.028986871
"""CNR8093466""","""CID3000595""",-0.5869558,0.039953858,-0.6269096
"""CNR8491839""","""CID3374694""",-0.7701241,0.057297885,-0.82742196
"""CNR5652511""","""CID9610524""",0.11106402,-0.011867046,0.12293106
"""CNR2491118""","""CID2203753""",0.0,0.06252295,-0.06252295
"""CNR3978979""","""CID3233856""",0.013829263,0.027735889,-0.013906626
"""CNR1668436""","""CID9450454""",0.013829263,0.009878576,0.003950687
"""CNR2765972""","""CID3243808""",0.013549859,-0.02454269,0.038092546
"""CNR7190811""","""CID1862437""",-1.1513122,-0.055663943,-1.0956483
"""CNR4963749""","""CID5581070""",-0.9532924,-0.048075795,-0.90521663
"""CNR4738608""","""CID7493228""",-0.5622033,0.03601548,-0.5982188
"""CNR9392863""","""CID8771621""",-0.1760647,0.046772987,-0.22283769
"""CNR5150329""","""CID5431569""",0.8090838,0.07479614,0.7342877
"""CNR6725726""","""CID8068129""",0.003027254,0.016124725,-0.013097472
"""CNR9940299""","""CID7097484""",0.4328462,0.011819869,0.42102632
"""CNR3489130""","""CID5448093""",-0.67606467,0.069824934,-0.7458896
"""CNR4349308""","""CID2440447""",-1.948342,-0.016070604,-1.9322714
"""CNR7960099""","""CID6390397""",0.0,0.014837235,-0.014837235
"""CNR7807991""","""CID6220241""",-1.5622033,0.011466026,-1.5736693
"""CNR3036200""","""CID2630213""",-1.5919063,-0.0062143803,-1.5856919
"""CNR2680467""","""CID2325766""",-0.92358947,-0.023044407,-0.90054506
"""CNR8396244""","""CID8334522""",-0.027549844,-0.0156005025,-0.011949342
"""CNR3913302""","""CID4690196""",0.6061135,-0.03586161,0.6419751
"""CNR6092516""","""CID4363936""",-0.88398546,-0.015617847,-0.8683676
"""CNR9965366""","""CID2106484""",-0.64141124,-0.020009488,-0.6214018
"""CNR4556534""","""CID4389255""",-0.7948766,-0.03545004,-0.75942653
"""CNR1069372""","""CID7591541""",-1.2008172,-0.011823952,-1.1889932
"""CNR2501695""","""CID8291593""",-0.94339144,0.04058504,-0.9839765
"""CNR1490414""","""CID2523720""",0.003027254,-0.0058656335,0.008892887
"""CNR2158337""","""CID5586111""",-0.88398546,-0.041576087,-0.8424094
"""CNR3600076""","""CID3917805""",-1.398837,0.032972157,-1.4318092
"""CNR2614390""","""CID9060969""",-2.0869558,0.0082784295,-2.0952342
"""CNR1040715""","""CID2124612""",0.0,0.026592135,-0.026592135
"""CNR6952011""","""CID8623985""",-1.289926,0.006259501,-1.2961855
"""CNR8483597""","""CID9955843""",-1.5176488,0.041729838,-1.5593786
"""CNR3758963""","""CID2328591""",-0.6958667,0.017257392,-0.7131241
"""CNR2778460""","""CID4484161""",-1.6760647,0.044058323,-1.720123
"""CNR8924781""","""CID2910291""",0.025039341,0.017588198,0.007451143
"""CNR9058814""","""CID3695331""",-1.42854,0.046839237,-1.4753792
"""CNR7791389""","""CID6206999""",-0.086955786,-0.03386286,-0.053092927
"""CNR9304412""","""CID7800467""",0.0,-0.046409786,0.046409786
"""CNR7479235""","""CID3152555""",-1.6018072,-0.02823013,-1.5735772
"""CNR2325265""","""CID4497273""",0.013549859,0.0034975708,0.010052288
"""CNR4442800""","""CID4399576""",0.025039341,-0.00016099215,0.025200333
"""CNR3461554""","""CID1987213""",-1.5721043,-0.00889951,-1.5632048
"""CNR2744246""","""CID6430070""",-1.849332,-0.030359864,-1.8189721
"""CNR5102545""","""CID1586892""",-1.4978468,-0.025386423,-1.4724604
"""CNR7836733""","""CID9658724""",-0.8196291,-0.02314806,-0.796481
"""CNR5530015""","""CID5056425""",-1.4582429,-0.014229536,-1.4440134
"""CNR8125268""","""CID3843320""",-0.80477756,0.08491933,-0.8896969
"""CNR3632458""","""CID7910169""",0.003027254,0.06408757,-0.061060317
"""CNR9812846""","""CID6441621""",0.7447274,-0.0026575923,0.74738497
"""CNR1905391""","""CID6683219""",-2.0424013,-0.04745823,-1.9949431
"""CNR7023257""","""CID4495620""",-0.92358947,0.018576324,-0.9421658
"""CNR3781611""","""CID2363463""",-0.15131222,-0.07228392,-0.07902829
"""CNR4323113""","""CID1979267""",0.061559066,-0.01870817,0.080267236
"""CNR4380363""","""CID3049302""",-1.5275499,-0.03687492,-1.490675
"""CNR9138634""","""CID4654687""",0.003027254,0.029964387,-0.026937133
"""CNR5221514""","""CID7217188""",-0.013278072,0.064655006,-0.07793308
"""CNR2667744""","""CID3806754""",0.6061135,0.0024526715,0.6036608
"""CNR7023640""","""CID7159737""",-0.92358947,0.026015341,-0.9496048
"""CNR1054679""","""CID5023134""",0.003027254,0.03609824,-0.03307099
"""CNR5342352""","""CID2187794""",0.0,0.031172872,-0.031172872
"""CNR4701870""","""CID9695906""",-1.0721043,-0.018227994,-1.0538764
"""CNR2564084""","""CID5379731""",4.8684897,-0.039795816,4.9082856
"""CNR1779021""","""CID9963890""",0.34373727,0.04970312,0.29403415
"""CNR4398994""","""CID3569453""",0.025039341,0.007113874,0.017925467
"""CNR1640934""","""CID6709797""",0.013549859,-0.0013795495,0.014929408
"""CNR4083666""","""CID4598475""",-1.5869558,-0.03864783,-1.5483079
"""CNR4363143""","""CID7456668""",1.660569,0.03579676,1.6247722
"""CNR7665163""","""CID3867105""",-0.9136885,0.009143382,-0.9228319
"""CNR2360638""","""CID1027084""",-0.013278072,-0.016170979,0.0028929068
"""CNR5574043""","""CID1027331""",-0.10675777,0.07522756,-0.18198532
"""CNR9440529""","""CID2502960""",-1.5176488,0.0072112083,-1.52486
"""CNR4973920""","""CID4726001""",-1.0374508,0.0012114048,-1.0386622
"""CNR1813329""","""CID8404162""",0.025039341,-0.026178539,0.05121788
"""CNR1795643""","""CID4570862""",-0.013278072,0.014542043,-0.027820114
"""CNR8609976""","""CID8550251""",3.3684897,-0.027404666,3.3958945
"""CNR9633122""","""CID4201724""",-0.5325003,0.045837373,-0.57833767
"""CNR8807318""","""CID5733950""",-1.879035,-0.033751875,-1.8452832
"""CNR8022822""","""CID3517000""",0.013549859,0.017384708,-0.0038348492
"""CNR6169624""","""CID4126484""",-0.9978469,0.010941744,-1.0087886
"""CNR9611896""","""CID9458063""",-0.7552726,-0.056578785,-0.6986939
"""CNR2405223""","""CID3233857""",-1.2552726,0.048738956,-1.3040116
"""CNR1065451""","""CID7287663""",-0.7750746,-0.049867988,-0.7252066
"""CNR3010477""","""CID1127654""",-0.9483419,0.009698749,-0.95804065
"""CNR1369701""","""CID5329098""",0.11601451,-0.08759469,0.2036092
"""CNR1925683""","""CID6226445""",1.4328462,0.0058096945,1.4270365
"""CNR2327616""","""CID7377755""",-1.3146785,0.0006580353,-1.3153366
"""CNR8009795""","""CID1197632""",-1.379035,-0.017790973,-1.361244
"""CNR3780345""","""CID8008377""",-1.42854,0.057724774,-1.4862647
"""CNR4508803""","""CID2285797""",0.025039341,-0.031796813,0.056836154
"""CNR9578634""","""CID2005560""",1.3041333,0.016949445,1.2871839
"""CNR7674975""","""CID5907827""",0.025039341,-0.03762418,0.062663525
"""CNR9985247""","""CID6475765""",0.003027254,-0.065196514,0.06822377
"""CNR6976719""","""CID3886621""",0.0,0.035934865,-0.035934865
"""CNR9982741""","""CID9165425""",-0.02259935,-0.012013197,-0.010586154
"""CNR3799359""","""CID4276264""",0.025039341,0.057526648,-0.032487307
"""CNR4898919""","""CID7310961""",-0.42358944,-0.031169534,-0.3924199
"""CNR2225420""","""CID1405431""",-1.948342,-0.069435954,-1.878906
"""CNR1693630""","""CID9673972""",0.013549859,0.020917535,-0.007367676
"""CNR7042353""","""CID5477292""",-2.0820053,0.007664323,-2.0896697
"""CNR7087043""","""CID8732338""",0.025039341,-0.058410108,0.08344945
"""CNR9700935""","""CID5030282""",-0.72061914,0.005460024,-0.72607917
"""CNR1599918""","""CID5066662""",0.8437373,-0.0020100474,0.84574735
"""CNR3943825""","""CID6273960""",0.95264816,0.0032131076,0.94943506
"""CNR6386298""","""CID2662704""",-2.0671537,0.0119313,-2.0790849
"""CNR2101517""","""CID7015478""",0.025039341,-0.0785715,0.10361084
"""CNR9149774""","""CID4875576""",-0.8641835,-0.0003169179,-0.86386657
"""CNR7725243""","""CID7702459""",0.003027254,0.019000381,-0.015973127
"""CNR7306430""","""CID1894605""",0.0,0.0034022331,-0.0034022331
"""CNR6668108""","""CID2669503""",-1.3938864,0.03778696,-1.4316734
"""CNR2902534""","""CID9459675""",0.003027254,-0.022786677,0.025813932
"""CNR8422011""","""CID6819193""",1.581361,0.018034816,1.5633262
"""CNR9917548""","""CID3190620""",-0.60675776,-0.03591293,-0.5708448
"""CNR1040755""","""CID1833399""",-0.5869558,-0.04459423,-0.54236156
"""CNR2384893""","""CID7019228""",0.0,-0.0030300617,0.0030300617
"""CNR1607889""","""CID7989433""",0.0,0.027429879,-0.027429879
"""CNR2482251""","""CID1712058""",3.521955,-0.044288576,3.5662436
"""CNR8070811""","""CID9012207""",0.38829175,0.013949722,0.37434202
"""CNR2978751""","""CID5569827""",-0.70081717,-0.0053049326,-0.69551224
"""CNR8016618""","""CID2235514""",0.0,-0.00989145,0.00989145
"""CNR7843319""","""CID4308639""",0.013829263,-0.046454012,0.060283273
"""CNR8241154""","""CID3660355""",-2.250322,0.0059496164,-2.2562718
"""CNR7055544""","""CID6538283""",-0.19091618,0.016105413,-0.2070216
"""CNR2304697""","""CID7772177""",-0.26022312,-0.004949093,-0.25527403
"""CNR1154403""","""CID5397060""",0.0,0.026622415,-0.026622415
"""CNR1818092""","""CID6660088""",0.013829263,-0.014065921,0.027895184
"""CNR6785751""","""CID9577024""",-0.32953003,0.018751025,-0.34828106
"""CNR5068362""","""CID3789404""",-0.81467855,-0.065914035,-0.7487645
"""CNR7434249""","""CID5540386""",-0.3740845,0.06094393,-0.43502843
"""CNR6126366""","""CID6148288""",0.0,0.02780363,-0.02780363
"""CNR8888122""","""CID9188838""",-1.0077479,0.03216189,-1.0399098
"""CNR5140726""","""CID3778794""",0.025039341,-0.039479584,0.06451893
"""CNR6166293""","""CID2679075""",-1.4928964,0.0013962388,-1.4942927
"""CNR3506630""","""CID8920095""",0.0,0.0152670145,-0.0152670145
"""CNR2349736""","""CID3087826""",1.0269057,-0.012498915,1.0394046
"""CNR7256352""","""CID5292951""",2.07146,0.016902119,2.0545578
"""CNR7300640""","""CID1107022""",-0.73547065,0.0107191205,-0.7461898
"""CNR5651180""","""CID2203962""",1.0368066,-0.0059064627,1.042713
"""CNR5285661""","""CID1840289""",0.013829263,0.057219148,-0.043389887
"""CNR6412126""","""CID9254382""",-0.41863894,-0.055026203,-0.36361274
"""CNR8056810""","""CID5939613""",4.843737,-0.030317783,4.874055
"""CNR1662644""","""CID9380084""",0.013829263,0.045508742,-0.03167948
"""CNR4612911""","""CID4068151""",-0.013278072,0.079197526,-0.0924756
"""CNR2541928""","""CID8617563""",-1.9879459,0.01229161,-2.0002375
"""CNR5916585""","""CID6414393""",0.9427472,-0.0046473145,0.9473945
"""CNR7596726""","""CID2108068""",-0.41368845,0.014001548,-0.42769
"""CNR6845044""","""CID5199872""",0.003027254,-0.017564386,0.02059164
"""CNR7473872""","""CID9608267""",-0.013278072,0.031341314,-0.044619385
"""CNR2574003""","""CID5149452""",0.003027254,-0.008826494,0.011853748
"""CNR1151433""","""CID9512069""",-1.9879459,0.045100987,-2.033047
"""CNR7413084""","""CID9275052""",-2.0919063,-0.07696855,-2.0149379
"""CNR1255127""","""CID6113995""",0.7249254,-0.034166515,0.7590919
"""CNR5603580""","""CID2332273""",2.4526482,-0.029152125,2.4818003
"""CNR4241624""","""CID6700597""",0.013549859,-0.012673259,0.026223117
"""CNR8700155""","""CID3132491""",0.013829263,-0.006595969,0.020425232
"""CNR6380598""","""CID4364906""",-0.4829954,-0.057238907,-0.42575648
"""CNR4065133""","""CID7152206""",0.013829263,0.012785971,0.0010432918
"""CNR3257742""","""CID8713379""",2.7645295,-0.06431487,2.8288443
"""CNR5985154""","""CID8951822""",4.1358166,-0.018691063,4.1545076
"""CNR9926332""","""CID7752765""",0.0,-0.010598183,0.010598183
"""CNR6840246""","""CID8569123""",-1.4136884,0.03235233,-1.4460407
"""CNR9234744""","""CID3404145""",-0.898837,0.019290358,-0.9181273
"""CNR4594785""","""CID3276954""",0.013829263,-0.032561958,0.04639122
"""CNR9497623""","""CID3425930""",0.025039341,-0.020225018,0.04526436
"""CNR4583864""","""CID6742966""",1.5219551,0.00024366379,1.5217115
"""CNR7613396""","""CID6346565""",0.025039341,0.016578853,0.008460488
"""CNR7646165""","""CID1612554""",0.0,0.021079004,-0.021079004
"""CNR2394939""","""CID5749326""",0.025039341,-0.005546272,0.030585613
"""CNR2512883""","""CID7641304""",0.8189848,-0.006669283,0.8256541
"""CNR1369441""","""CID6622274""",-0.33943105,-9.3340874e-05,-0.3393377
"""CNR8332236""","""CID4472058""",-0.013278072,-0.027736843,0.014458771
"""CNR6851549""","""CID9560489""",-1.1117083,0.029520273,-1.1412286
"""CNR8319108""","""CID5482184""",-2.0622034,0.009188771,-2.071392
"""CNR2665921""","""CID9948799""",0.003027254,0.06709117,-0.064063914
"""CNR7877421""","""CID1330191""",-1.3047776,0.028930366,-1.333708
"""CNR5791521""","""CID4591702""",7.210074,0.043807358,7.1662664
"""CNR7407520""","""CID2401517""",-1.6265597,0.0006401539,-1.6271999
"""CNR9150632""","""CID2705204""",-0.6909162,-0.024765015,-0.66615117
"""CNR4942497""","""CID4338620""",-0.18596569,0.048434585,-0.23440027
"""CNR4451789""","""CID7581516""",2.7744303,0.007664323,2.766766
"""CNR7403513""","""CID3565277""",0.0,-0.009655416,0.009655416
"""CNR3086831""","""CID1227147""",2.2546284,0.028077781,2.2265506
"""CNR6628366""","""CID2737217""",0.38334125,0.014716506,0.36862475
"""CNR2019414""","""CID1522515""",0.003027254,0.022929609,-0.019902354
"""CNR3467249""","""CID8576263""",1.3140343,-0.009571403,1.3236058
"""CNR8465754""","""CID9896368""",-1.1562628,-0.0066054463,-1.1496572
"""CNR9852511""","""CID7108772""",-2.0770547,-0.017037988,-2.0600166
"""CNR8259411""","""CID7710455""",0.8338363,0.024740517,0.8090958
"""CNR6452172""","""CID4833047""",0.013549859,-0.015019953,0.028569812
"""CNR2974384""","""CID8307637""",-0.5325003,0.050906926,-0.5834073
"""CNR4479141""","""CID5582977""",-0.21566866,0.059357107,-0.27502578
"""CNR1100030""","""CID5221567""",4.7447276,-0.023798347,4.768526
"""CNR1672198""","""CID1979819""",-1.359233,-0.038273275,-1.3209598
"""CNR9749220""","""CID3076635""",0.013829263,-0.009160876,0.02299014
"""CNR1401623""","""CID4814720""",-0.90873796,-0.016481012,-0.892257
"""CNR7128571""","""CID9357549""",0.013549859,-0.03317076,0.046720617
"""CNR6265041""","""CID5596232""",3.3387868,0.034912318,3.3038745
"""CNR5409989""","""CID5925272""",0.013829263,-0.020245582,0.034074843
"""CNR8921185""","""CID9130291""",0.0,0.077775836,-0.077775836
"""CNR6874041""","""CID2665111""",-1.0325004,-0.03157139,-1.000929
"""CNR9422402""","""CID2533950""",-1.5869558,-0.021573544,-1.5653822
"""CNR4831347""","""CID6766193""",1.8288858,-0.00736928,1.8362551
"""CNR2818836""","""CID3817235""",0.013829263,-0.0143148005,0.028144063
"""CNR8772916""","""CID7593912""",0.003027254,0.008604556,-0.0055773025
"""CNR8717912""","""CID7135732""",-2.240421,0.020743906,-2.261165
"""CNR6391835""","""CID6741884""",-0.2800251,0.01832658,-0.29835168
"""CNR3784815""","""CID9614714""",0.013549859,0.0021975636,0.011352295
"""CNR5030533""","""CID8567683""",-0.50279737,0.005456537,-0.50825393
"""CNR4604121""","""CID5905435""",-0.013278072,0.05914086,-0.072418936
"""CNR8009699""","""CID1689458""",0.0,-0.04335895,0.04335895
"""CNR6977712""","""CID5684105""",0.013549859,-0.02505815,0.038608007
"""CNR8526220""","""CID7357600""",0.025039341,0.017472088,0.007567253
"""CNR4665740""","""CID7595458""",0.47740066,0.075490415,0.40191025
"""CNR1414913""","""CID3473925""",-2.017649,-0.035411626,-1.9822373
"""CNR5044404""","""CID3154456""",-0.12160925,-0.03562087,-0.08598838
"""CNR6277671""","""CID8738484""",-1.7503221,0.011875093,-1.7621973
"""CNR9857471""","""CID7947280""",-1.1810151,0.07305622,-1.2540714
"""CNR1304381""","""CID3661318""",0.0,-0.002397865,0.002397865
"""CNR1433325""","""CID8642286""",0.013829263,0.011174113,0.0026551504
"""CNR4363398""","""CID4744458""",1.660569,0.023875773,1.6366932
"""CNR7580272""","""CID3296329""",-0.32953003,-0.06553471,-0.26399532
"""CNR3040647""","""CID5814520""",-0.01214276,0.00999257,-0.022135329
"""CNR4594315""","""CID9425556""",0.0,0.006090522,-0.006090522
"""CNR6245804""","""CID7678880""",2.031856,0.024972945,2.0068831
"""CNR6077990""","""CID7013424""",-0.23547064,-0.020793855,-0.21467678
"""CNR3522233""","""CID9562875""",-0.09685677,-0.020542651,-0.07631412
"""CNR9192976""","""CID4811960""",2.2645295,-0.038338512,2.302868
"""CNR7474236""","""CID3363585""",3.4674997,-0.024165452,3.4916651
"""CNR8071362""","""CID1263114""",1.0219551,-0.026503265,1.0484583
"""CNR4131976""","""CID3220344""",3.061559,-0.027440518,3.0889995
"""CNR9918119""","""CID1212347""",-0.36418352,-0.040189505,-0.323994
"""CNR5822150""","""CID4265821""",1.1457175,0.014501572,1.1312159
"""CNR7759650""","""CID1113398""",-1.0077479,-0.067471504,-0.9402764
"""CNR2066424""","""CID6053450""",0.003027254,0.0065833926,-0.0035561386
"""CNR8562909""","""CID9214897""",-1.4730943,0.044598043,-1.5176923
"""CNR4781857""","""CID8426557""",-1.2453716,-0.098048836,-1.1473228
"""CNR8839847""","""CID7554682""",0.013549859,-0.03964138,0.053191237
"""CNR9435980""","""CID5419131""",6.2447276,-0.02193737,6.266665
"""CNR4524496""","""CID3329895""",-1.908738,0.01736927,-1.9261073
"""CNR9048696""","""CID9066245""",-0.22061916,0.044089496,-0.26470864
"""CNR8899578""","""CID6466088""",-1.1612132,0.04172674,-1.2029399
"""CNR6655527""","""CID9626739""",0.0,0.026584476,-0.026584476
"""CNR6211424""","""CID5958235""",1.660569,0.06935251,1.5912164
"""CNR9592158""","""CID1594677""",0.7100739,0.06731737,0.6427565
"""CNR1012903""","""CID8544068""",0.013549859,0.065375865,-0.051826008
"""CNR1854301""","""CID8860539""",-0.5176489,0.05729425,-0.5749431
"""CNR3428906""","""CID8438096""",0.3338363,-0.029242635,0.36307892
"""CNR7207024""","""CID3927540""",0.22987589,-0.010128498,0.24000439
"""CNR7394387""","""CID1388051""",-1.3245796,0.03221938,-1.356799
"""CNR2885959""","""CID9977585""",-1.5473518,-0.031095743,-1.5162561
"""CNR5710047""","""CID4277912""",0.003027254,0.04895237,-0.045925118
"""CNR7545946""","""CID5622277""",0.003027254,-0.0091970265,0.01222428
"""CNR2085894""","""CID1581637""",-2.2255697,0.03438747,-2.2599573
"""CNR5790373""","""CID5188083""",-1.5325004,-0.0064857006,-1.5260147
"""CNR9156839""","""CID8529830""",-0.007747865,-0.012602508,0.0048546433
"""CNR2261089""","""CID6766715""",0.9575987,-0.017221332,0.97482
"""CNR5488420""","""CID3901950""",0.013549859,0.047932267,-0.03438241
"""CNR4169971""","""CID8351711""",-0.6216093,-0.017695248,-0.603914
"""CNR8259219""","""CID7487759""",0.013829263,0.04297,-0.029140739
"""CNR2854735""","""CID6624364""",0.025039341,0.019258648,0.005780693
"""CNR4488129""","""CID1603576""",0.013549859,-0.020195305,0.033745162
"""CNR6124550""","""CID3003361""",0.003027254,0.002421379,0.0006058749
"""CNR1161153""","""CID4935490""",-1.5027974,0.023341775,-1.5261391
"""CNR8333823""","""CID6160081""",-0.7552726,0.035319567,-0.7905922
"""CNR9364631""","""CID3164068""",0.4179947,0.03716272,0.380832
"""CNR1114706""","""CID9274429""",0.0,-0.018250346,0.018250346
"""CNR3543934""","""CID7550553""",-1.369134,-0.0058963895,-1.3632376
"""CNR8146606""","""CID1609023""",-0.013278072,-0.040898293,0.027620222
"""CNR3100250""","""CID4260673""",-1.6315103,0.009554952,-1.6410652
"""CNR3641794""","""CID6607461""",2.8338363,0.02066034,2.813176
"""CNR8268324""","""CID2406019""",0.013829263,0.041145086,-0.027315823
"""CNR7650313""","""CID7125674""",-1.7453716,-0.040147185,-1.7052244
"""CNR3436003""","""CID3953355""",0.025039341,0.018414438,0.0066249035
"""CNR5509861""","""CID4018241""",-0.6463617,0.038825363,-0.6851871
"""CNR2180529""","""CID2349072""",1.660569,-0.010151565,1.6707206
"""CNR6271700""","""CID2543277""",-0.83943105,-0.0126293,-0.8268018
"""CNR7077924""","""CID3167543""",0.003027254,0.03956449,-0.036537237
"""CNR3182143""","""CID4784889""",0.025039341,-0.010205984,0.035245325
"""CNR2779158""","""CID6131200""",0.0,0.020610511,-0.020610511
"""CNR8290041""","""CID8407274""",-0.888936,0.06914437,-0.95808035
"""CNR5899375""","""CID5253576""",0.013549859,-0.019510388,0.033060245
"""CNR5897738""","""CID9904180""",2.5566087,-0.019823253,2.576432
"""CNR1855155""","""CID3506684""",0.041757084,-0.03185433,0.073611416
"""CNR8461584""","""CID6291274""",0.003027254,0.015567362,-0.0125401085
"""CNR8129724""","""CID2936631""",1.3239353,0.019093156,1.3048421
"""CNR5128460""","""CID1638246""",0.003027254,0.010724902,-0.0076976484
"""CNR7938466""","""CID1756119""",0.003027254,0.018662095,-0.01563484
"""CNR8196275""","""CID8123675""",0.025039341,0.021621972,0.003417369
"""CNR4919065""","""CID8458729""",0.025039341,-0.021395683,0.046435025
"""CNR6822949""","""CID7854623""",0.003027254,-0.012048811,0.0150760645
"""CNR2642171""","""CID7111332""",-0.90873796,-0.019393712,-0.8893442
"""CNR2928649""","""CID6272695""",-1.2998271,-0.011477411,-1.2883496
"""CNR2123783""","""CID4677582""",1.0021532,-0.008169115,1.0103223
"""CNR9981608""","""CID2609689""",0.013829263,-0.0017721355,0.015601398
"""CNR5308143""","""CID9803560""",0.0,0.04560229,-0.04560229
"""CNR9080540""","""CID2402233""",0.71997494,0.100776315,0.6191986
"""CNR2450378""","""CID1583285""",-1.0721043,-0.068988204,-1.0031161
"""CNR7226955""","""CID3683941""",-1.5721043,-0.093984485,-1.4781199
"""CNR6339406""","""CID1327679""",-1.6364608,-0.03727621,-1.5991845
"""CNR4015557""","""CID1239815""",-1.1018072,-0.08477509,-1.0170321
"""CNR8959397""","""CID1109990""",-0.25032213,0.029217958,-0.2795401
"""CNR4139553""","""CID9041301""",-0.01214276,0.008208156,-0.020350914
"""CNR2411011""","""CID9961175""",-0.5622033,-0.043978274,-0.518225
"""CNR4872338""","""CID8469763""",-0.38893598,-0.029099405,-0.35983658
"""CNR1583454""","""CID9246580""",-1.8542825,0.023322642,-1.8776052
"""CNR5652177""","""CID9100562""",0.640767,0.019819766,0.62094724
"""CNR7841549""","""CID8921969""",1.8140343,0.0333561,1.7806783
"""CNR2773230""","""CID7598389""",0.025039341,0.0033346713,0.02170467
"""CNR9650583""","""CID1592619""",0.46254918,0.022325158,0.44022402
"""CNR8631457""","""CID6222743""",0.025039341,-0.029001236,0.054040577
"""CNR6087494""","""CID6554677""",1.5318561,-0.06502533,1.5968814
"""CNR3506770""","""CID1564724""",-0.9582429,-0.035385966,-0.9228569
"""CNR9583366""","""CID3493141""",-0.53745085,-3.182888e-05,-0.537419
"""CNR9337243""","""CID4875432""",0.0,-0.01935634,0.01935634
"""CNR5758515""","""CID2097101""",-1.5622033,0.0038684309,-1.5660717
"""CNR8430979""","""CID4296057""",1.7150245,0.0077725053,1.707252
"""CNR8001312""","""CID3248788""",-1.6414112,-0.0071853995,-1.6342258
"""CNR8807285""","""CID1233214""",-0.46319342,-0.00532341,-0.45787
"""CNR2743273""","""CID6957180""",-0.9631934,0.015073627,-0.9782671
"""CNR5211763""","""CID8774572""",-0.65131223,-0.037420332,-0.6138919
"""CNR8388935""","""CID4505771""",-1.5176488,-0.018637776,-1.499011
"""CNR4022478""","""CID7538219""",-1.4928964,0.013162255,-1.5060587
"""CNR8704568""","""CID8024265""",-1.3839855,0.042980373,-1.426966
"""CNR8520047""","""CID2525491""",7.7694798,-0.00019979477,7.7696795
"""CNR4144057""","""CID2101042""",0.013829263,-0.007609099,0.021438362
"""CNR7992880""","""CID1354881""",-1.8740845,-0.006055981,-1.8680285
"""CNR2253129""","""CID4513448""",0.003027254,0.005681604,-0.0026543501
"""CNR8812096""","""CID5121854""",0.013829263,-0.010701656,0.02453092
"""CNR6449469""","""CID6053426""",-2.1265597,-0.11921117,-2.0073485
"""CNR6695556""","""CID4471705""",0.013829263,0.0013225675,0.012506695
"""CNR9204527""","""CID3093655""",0.66056895,-0.010253787,0.67082274
"""CNR5534706""","""CID5324080""",0.003027254,-0.024088144,0.027115399
"""CNR4345244""","""CID3760760""",1.4328462,0.029568762,1.4032774
"""CNR6609845""","""CID6399592""",-1.2503221,7.158518e-05,-1.2503936
"""CNR9854735""","""CID7746260""",-1.859233,-0.024349064,-1.8348839
"""CNR9953164""","""CID6815891""",-0.16121322,0.019550145,-0.18076336
"""CNR6295980""","""CID1493100""",1.6754204,-0.058163464,1.7335839
"""CNR1552643""","""CID6081790""",-1.6661637,0.006261617,-1.6724253
"""CNR8989115""","""CID2226286""",9.422945,0.017701268,9.405244
"""CNR3213620""","""CID4660200""",-1.7552726,-0.013465136,-1.7418075
"""CNR5217005""","""CID5257813""",-0.52754986,-0.049950987,-0.47759888
"""CNR2893647""","""CID7466331""",-0.14636172,0.024457276,-0.170819
"""CNR7462844""","""CID8864184""",-0.35428253,0.013721079,-0.3680036
"""CNR2232782""","""CID7941829""",0.33878678,0.01794371,0.32084307
"""CNR2396522""","""CID4120236""",-0.13151024,-0.002812624,-0.12869762
"""CNR2882918""","""CID4625427""",0.013829263,0.057633758,-0.043804497
"""CNR5668261""","""CID6857576""",0.013829263,0.07704079,-0.06321153
"""CNR8983169""","""CID6024541""",-1.8344805,-0.0055370927,-1.8289435
"""CNR6122855""","""CID2972678""",-0.01214276,0.0053493977,-0.017492156
"""CNR4705513""","""CID8275928""",-1.908738,0.010891378,-1.9196293
"""CNR8604512""","""CID3601628""",-1.4928964,-0.019895494,-1.473001
"""CNR5096071""","""CID9523422""",2.1457174,0.015019864,2.1306975
"""CNR9396581""","""CID6023912""",-1.9235895,-0.0022764206,-1.921313
"""CNR3534544""","""CID3483137""",0.013549859,-0.0010813475,0.014631206
"""CNR5271191""","""CID2859016""",-1.2800251,0.018081665,-1.2981068
"""CNR8734707""","""CID7489911""",-2.0275497,-0.043625742,-1.983924
"""CNR9092830""","""CID3406131""",1.8140343,-0.019593805,1.8336282
"""CNR7715905""","""CID3714159""",0.013829263,-0.043631047,0.057460308
"""CNR1861479""","""CID8603142""",0.0,-0.0334571,0.0334571
"""CNR9364532""","""CID9359545""",-0.7998271,0.029001445,-0.8288286
"""CNR8575514""","""CID5222235""",-0.82457954,-0.059389114,-0.7651904
"""CNR9555032""","""CID2487374""",-1.5671538,-0.00025093555,-1.5669029
"""CNR7838842""","""CID8146378""",5.502153,-0.00022271276,5.5023756
"""CNR6380582""","""CID9100973""",0.44274718,0.0040952265,0.43865195
"""CNR8433281""","""CID2054115""",0.025039341,-0.00078719854,0.02582654
"""CNR6208256""","""CID8037807""",0.013829263,0.007188201,0.006641062
"""CNR4534533""","""CID9145775""",1.5021532,-0.019458234,1.5216115
"""CNR3658797""","""CID7556082""",-1.3344805,0.018136382,-1.3526169
"""CNR3080334""","""CID4671933""",-0.5869558,0.03837514,-0.6253309
"""CNR4016168""","""CID3158613""",0.013829263,-0.024612784,0.038442045
"""CNR3460770""","""CID3808930""",1.9080937,-0.0012011528,1.9092948
"""CNR9731555""","""CID4669241""",0.013829263,-0.021446943,0.035276204
"""CNR6986758""","""CID5549502""",0.041757084,-0.005942613,0.047699697
"""CNR1320427""","""CID1812787""",-1.6562628,0.0115863085,-1.6678491
"""CNR3366813""","""CID9626418""",-0.013278072,-0.0034790933,-0.009798978
"""CNR6766501""","""CID5881005""",-1.8443816,-0.03529069,-1.8090909
"""CNR9225051""","""CID6835848""",3.8090837,-0.0029827654,3.8120666
"""CNR1047279""","""CID9667967""",1.0269057,-0.0032875538,1.0301932
"""CNR6661332""","""CID7571281""",0.013829263,-0.040774643,0.054603904
"""CNR2895080""","""CID9693859""",-1.3245796,-0.012231499,-1.3123481
"""CNR1374623""","""CID8734800""",-1.6513122,-0.04205656,-1.6092557
"""CNR6598819""","""CID3361613""",-0.16616371,-0.0075039268,-0.15865979
"""CNR6788021""","""CID4878338""",-1.5473518,0.001365304,-1.5487171
"""CNR3556033""","""CID6955568""",-1.398837,0.0127081275,-1.411545
"""CNR3161289""","""CID3120856""",0.34373727,-0.007989407,0.35172668
"""CNR5066311""","""CID6281457""",0.013829263,0.019592822,-0.0057635587
"""CNR4058979""","""CID9914438""",1.6259155,0.014741957,1.6111736
"""CNR3332290""","""CID9698709""",2.0566087,-0.027724802,2.0843334
"""CNR3072112""","""CID2558660""",0.0,-0.013485432,0.013485432
"""CNR9256203""","""CID6901476""",-1.2156687,0.014301062,-1.2299697
"""CNR9682592""","""CID6770544""",0.025039341,-0.019041926,0.044081267
"""CNR2273380""","""CID5996515""",-0.888936,0.03929928,-0.9282353
"""CNR7581343""","""CID8534264""",0.025039341,0.012903631,0.012135711
"""CNR7002541""","""CID9743969""",0.003027254,-0.018513024,0.021540279
"""CNR4880194""","""CID5298317""",0.013829263,-0.036486894,0.050316155
"""CNR2307272""","""CID5511407""",-0.70081717,-0.0067479014,-0.69406927
"""CNR8263399""","""CID6734333""",-1.7849755,-0.0064748526,-1.7785007
"""CNR6897813""","""CID3759516""",-1.9681439,-0.01107806,-1.9570658
"""CNR1754805""","""CID8083148""",0.003027254,-0.0067110956,0.009738349
"""CNR6848287""","""CID2905704""",-0.21566866,-0.02573651,-0.18993215
"""CNR8642345""","""CID4148269""",0.0,0.037843466,-0.037843466
"""CNR6700274""","""CID5975825""",0.013829263,0.00013190508,0.013697358
"""CNR5818158""","""CID9268101""",1.5368066,-0.03579566,1.5726023
"""CNR3572898""","""CID6415653""",0.013829263,-0.012494475,0.026323738
"""CNR7123122""","""CID6914388""",-0.01214276,0.006612271,-0.01875503
"""CNR1852260""","""CID9913632""",-2.1315103,0.007170379,-2.1386807
"""CNR4710027""","""CID8217887""",0.061559066,0.00648728,0.055071786
"""CNR8037891""","""CID3514717""",0.69522244,0.017543525,0.67767894
"""CNR3538143""","""CID9660711""",1.0615591,-0.022378743,1.0839379
"""CNR8429422""","""CID2705996""",-1.1364608,-0.013394535,-1.1230662
"""CNR3207865""","""CID2681485""",0.013549859,0.0013505816,0.012199277
"""CNR2731912""","""CID7220844""",2.249678,0.014368534,2.2353094
"""CNR2248914""","""CID6311496""",0.0,0.016579986,-0.016579986
"""CNR4689965""","""CID8063712""",-2.1018074,0.0029368997,-2.1047442
"""CNR4938610""","""CID7931272""",-0.2651736,-0.047957897,-0.21721572
"""CNR8693724""","""CID1438146""",-0.013278072,-0.0013139546,-0.011964117
"""CNR5009229""","""CID5586094""",0.025039341,0.008067846,0.016971495
"""CNR4741487""","""CID7453723""",-2.0523024,-0.031846106,-2.0204563
"""CNR3877239""","""CID4658967""",2.0021532,0.037220597,1.9649326
"""CNR8007139""","""CID1508183""",-2.1760647,-0.02258712,-2.1534777
"""CNR3260598""","""CID4565449""",-1.5820053,-0.0088710785,-1.5731342
"""CNR5248506""","""CID6873535""",-1.0523024,0.06260908,-1.1149114
"""CNR5776108""","""CID5128870""",0.013829263,-0.046227574,0.060056835
"""CNR5175100""","""CID9070046""",0.0,-0.055374086,0.055374086
"""CNR8025542""","""CID9182789""",0.025039341,-0.043392867,0.06843221
"""CNR1697545""","""CID7604761""",0.003027254,0.0014299154,0.0015973386
"""CNR9117572""","""CID9211729""",-0.4681439,-0.016197264,-0.45194665
"""CNR4152884""","""CID3237639""",0.6655195,0.035131663,0.6303878
"""CNR9262507""","""CID8817727""",-1.6166588,-0.002807498,-1.6138513
"""CNR9828623""","""CID9941888""",2.8783908,-0.01747942,2.8958702
"""CNR5561784""","""CID4100768""",-0.31467855,0.004841745,-0.3195203
"""CNR4390410""","""CID2483856""",-0.35923302,-0.04011786,-0.31911516
"""CNR1177321""","""CID5613575""",-1.2107182,0.036848426,-1.2475666
"""CNR7816772""","""CID6385471""",-1.3839855,-0.012795031,-1.3711905
"""CNR7729479""","""CID6050643""",2.8140342,0.0647642,2.74927
"""CNR3205680""","""CID4742053""",-0.013278072,-0.006835103,-0.0064429687
"""CNR6663361""","""CID5196636""",3.8882918,-0.0064314604,3.8947234
"""CNR3272126""","""CID2305456""",0.8981927,-0.033703774,0.93189645
"""CNR3995690""","""CID7106048""",0.003027254,-0.032452047,0.0354793
"""CNR6196228""","""CID5158066""",4.863539,-0.0021837354,4.865723
"""CNR9047153""","""CID7388071""",0.025039341,-0.009129405,0.034168746
"""CNR6634758""","""CID5844154""",2.120965,-0.050581664,2.1715467
"""CNR7806540""","""CID2591959""",-0.9978469,0.016049743,-1.0138967
"""CNR5056601""","""CID3291477""",-0.43844095,-0.010422915,-0.42801803
"""CNR5237570""","""CID5945148""",0.013829263,-0.043474764,0.057304025
"""CNR3986499""","""CID1171185""",0.26947987,0.06441903,0.20506084
"""CNR5314860""","""CID6811243""",2.7942324,-0.052142262,2.8463745
"""CNR6850968""","""CID3046089""",0.0,-0.007772416,0.007772416
"""CNR8488177""","""CID7124791""",-1.2849755,0.009184271,-1.2941598
"""CNR8967609""","""CID2805481""",-0.01214276,0.024872005,-0.037014764
"""CNR3037705""","""CID9731888""",0.003027254,-0.009448439,0.012475693
"""CNR6739286""","""CID2693099""",9.8239355,-0.004530996,9.828466
"""CNR9258000""","""CID4525763""",0.025039341,-0.029963315,0.055002656
"""CNR4426917""","""CID8549030""",-0.39883697,-0.018914819,-0.37992215
"""CNR1370234""","""CID6352419""",0.0,-0.0324305,0.0324305
"""CNR9181600""","""CID9665909""",-0.9483419,-0.055823475,-0.8925184
"""CNR8164791""","""CID8413933""",-0.13646074,-0.012106478,-0.12435426
"""CNR1017281""","""CID6458889""",1.4229453,-0.019694746,1.4426401
"""CNR4788462""","""CID4046399""",0.013829263,-0.02748835,0.041317612
"""CNR4007584""","""CID1852187""",-0.7701241,-0.026613772,-0.7435103
"""CNR7145838""","""CID1067750""",-1.4334904,-0.005860269,-1.4276302
"""CNR2853110""","""CID5044303""",0.013549859,-0.025425762,0.03897562
"""CNR2446036""","""CID5421975""",-0.43844095,-0.027539402,-0.41090155
"""CNR7416889""","""CID8799688""",-2.1810153,0.014124274,-2.1951394
"""CNR9045710""","""CID9382079""",1.17047,-0.023943186,1.1944132
"""CNR7841042""","""CID7279315""",0.0,-0.017103314,0.017103314
"""CNR3557178""","""CID7566637""",2.259579,-0.008247316,2.2678263
"""CNR6498311""","""CID1337152""",1.111064,-0.040053844,1.1511178
"""CNR7411499""","""CID1877460""",3.640767,-0.06087631,3.7016435
"""CNR7485984""","""CID9707217""",-1.6463617,-0.051620305,-1.5947413
"""CNR4570055""","""CID2767847""",-0.369134,0.011551917,-0.38068593
"""CNR9932021""","""CID4533827""",3.9229453,0.00550884,3.9174364
"""CNR7972851""","""CID6664571""",0.7397769,-0.050288886,0.79006577
"""CNR7830995""","""CID6000916""",-0.3740845,-0.02432412,-0.34976038
"""CNR6047679""","""CID7442180""",5.512054,0.014419019,5.497635
"""CNR5189342""","""CID6596085""",-0.013278072,-0.0046601295,-0.008617942
"""CNR2258398""","""CID6013701""",0.003027254,0.031589955,-0.0285627
"""CNR1150956""","""CID1991559""",0.003027254,0.05098498,-0.047957726
"""CNR7415344""","""CID5626228""",4.398193,-0.009363294,4.407556
"""CNR7619337""","""CID9503307""",0.40809372,0.09785259,0.31024113
"""CNR9492482""","""CID1290973""",4.031856,-0.056106657,4.0879626
"""CNR2915653""","""CID2374045""",0.9575987,-0.020507216,0.9781059
"""CNR2796038""","""CID9183552""",-0.9384409,0.05917108,-0.997612
"""CNR1324574""","""CID2617048""",0.0,-0.04611212,0.04611212
"""CNR9713220""","""CID2369664""",-2.057253,0.03965628,-2.096909
"""CNR6040248""","""CID2910270""",0.013549859,-0.027610779,0.041160636
"""CNR6110744""","""CID2303015""",2.1853213,-0.023681283,2.2090025
"""CNR6739627""","""CID3593168""",0.025039341,0.013444066,0.011595275
"""CNR7257407""","""CID6304117""",-2.0671537,-0.039869606,-2.0272841
"""CNR1962245""","""CID6936596""",0.013549859,0.027996004,-0.014446145
"""CNR5302434""","""CID2277549""",0.025039341,0.005747676,0.019291665
"""CNR5608733""","""CID3070529""",-0.30477756,-0.018217295,-0.28656027
"""CNR3775431""","""CID1735273""",-1.5225993,-0.0049905777,-1.5176088
"""CNR7297675""","""CID4122618""",1.160569,-0.0036825538,1.1642516
"""CNR2323362""","""CID9795585""",-0.29487658,-0.031288892,-0.26358768
"""CNR2339339""","""CID4598501""",0.013829263,-0.0105832815,0.024412544
"""CNR4506235""","""CID3890664""",0.0,-0.02683726,0.02683726
"""CNR2800086""","""CID1381191""",-0.037450835,0.010375679,-0.047826514
"""CNR6209390""","""CID3190939""",-1.1364608,-0.050112545,-1.0863483
"""CNR9985935""","""CID1712233""",-1.5671538,0.0024844408,-1.5696383
"""CNR7263852""","""CID7807016""",-1.92854,0.051003397,-1.9795434
"""CNR7670758""","""CID9770388""",-0.21071815,-0.010486662,-0.20023149
"""CNR2768398""","""CID8560993""",-1.9780449,-0.01086396,-1.967181
"""CNR3292171""","""CID4167526""",0.0,-0.0005851686,0.0005851686
"""CNR3405077""","""CID1626065""",3.5764105,0.038579226,3.5378313
"""CNR2147891""","""CID1814997""",0.630866,-0.012449861,0.64331585
"""CNR5271690""","""CID4550859""",-2.007748,0.04197049,-2.0497184
"""CNR5722309""","""CID4787029""",0.013549859,-0.0008227527,0.014372611
"""CNR4635927""","""CID7012211""",0.025039341,-0.006691575,0.031730916
"""CNR6049536""","""CID3919719""",-1.918639,-0.009988189,-1.9086508
"""CNR2082254""","""CID1482763""",0.40809372,-0.08095139,0.4890451
"""CNR7710086""","""CID7572564""",-0.29982707,-0.0007714033,-0.29905567
"""CNR4692176""","""CID3448648""",0.0,0.022528052,-0.022528052
"""CNR3983806""","""CID7489396""",0.013829263,0.092324376,-0.078495115
"""CNR2157304""","""CID9658300""",-0.6463617,0.006902367,-0.65326405
"""CNR2266053""","""CID2268883""",1.4328462,-0.0062794685,1.4391257
"""CNR9410866""","""CID7190039""",-0.97804487,0.0291996,-1.0072445
"""CNR9925250""","""CID3596057""",0.025039341,0.021197915,0.0038414262
"""CNR7325633""","""CID8128223""",-1.398837,-0.03226307,-1.3665739
"""CNR4725937""","""CID5196787""",0.17542045,0.07477152,0.100648925
"""CNR6067999""","""CID5958481""",0.06650956,-0.050560474,0.117070034
"""CNR6568445""","""CID7907979""",0.013829263,0.0040362775,0.009792985
"""CNR8936506""","""CID7949471""",0.003027254,-0.02529487,0.028322125
"""CNR6595027""","""CID7482143""",0.0,-0.032449543,0.032449543
"""CNR8277991""","""CID4529239""",0.003027254,-0.007659912,0.010687166
"""CNR5228006""","""CID9688516""",0.5021531,0.0040431023,0.49811
"""CNR8006859""","""CID7852695""",0.0,-0.012768984,0.012768984
"""CNR1073040""","""CID8459607""",0.10611352,-0.023276925,0.12939045
"""CNR3836676""","""CID6216547""",-0.859233,0.020916343,-0.88014936
"""CNR4681394""","""CID3601100""",0.0,0.0020402074,-0.0020402074
"""CNR5426443""","""CID1135697""",0.81403434,0.014968485,0.7990658
"""CNR5470945""","""CID2333279""",-0.51269835,-0.040097505,-0.47260085
"""CNR3024714""","""CID2911290""",3.8090837,-0.09380299,3.9028866
"""CNR8842644""","""CID8994001""",2.8189847,-0.050177038,2.8691618
"""CNR5095845""","""CID2573315""",0.9328462,0.006477952,0.92636824
"""CNR3428297""","""CID8883619""",-1.888936,-0.0919379,-1.7969981
"""CNR4319080""","""CID6564890""",0.013549859,0.06921202,-0.055662163
"""CNR1695186""","""CID9046245""",-0.5770548,0.014843345,-0.59189814
"""CNR7857046""","""CID2762752""",0.013829263,0.0018764734,0.0119527895
"""CNR8206227""","""CID6692431""",0.0,-0.030577362,0.030577362
"""CNR8567667""","""CID7651359""",0.0,0.058310032,-0.058310032
"""CNR2390952""","""CID9930665""",0.0,-0.028644174,0.028644174
"""CNR4393098""","""CID4037447""",2.3734403,0.017816007,2.3556242
"""CNR8569251""","""CID8138468""",-1.888936,0.012991488,-1.9019275
"""CNR6234368""","""CID2481107""",-0.13151024,0.0009204149,-0.13243066
"""CNR6321199""","""CID3820914""",0.0,-0.0111557245,0.0111557245
"""CNR6739988""","""CID2207306""",-1.6612132,-0.031853378,-1.6293597
"""CNR1579815""","""CID5502288""",-0.0721043,-0.015167415,-0.056936882
"""CNR8748967""","""CID7995204""",-0.6364607,-0.04885468,-0.5876061
"""CNR5390769""","""CID8991365""",0.9278957,0.029128015,0.8987677
"""CNR3379224""","""CID5404812""",-0.30972806,0.017014652,-0.3267427
"""CNR1592162""","""CID7768647""",2.4278958,0.017728746,2.410167
"""CNR5389749""","""CID2826780""",-0.2701241,0.024263471,-0.29438758
"""CNR4146929""","""CID5367513""",-1.5374508,-0.007232517,-1.5302182
"""CNR4673038""","""CID1575337""",-2.0622034,0.009652138,-2.0718555
"""CNR3598953""","""CID3069808""",0.021955105,-0.0022566915,0.024211796
"""CNR6488829""","""CID5955462""",0.0,-0.012878954,0.012878954
"""CNR9782982""","""CID3365647""",0.0,0.026161194,-0.026161194
"""CNR4100586""","""CID1037848""",0.0,-0.0020856857,0.0020856857
"""CNR4315194""","""CID1670860""",-1.7404212,-0.03226173,-1.7081594
"""CNR2133631""","""CID1544521""",0.025039341,0.0243271,0.000712242
"""CNR3273736""","""CID9560155""",0.003027254,0.030905604,-0.02787835
"""CNR7495993""","""CID7943772""",-1.7255696,-0.048337996,-1.6772316
"""CNR9030963""","""CID7199081""",-0.013278072,0.0045802593,-0.01785833
"""CNR5772343""","""CID7186904""",1.6358165,-0.015888005,1.6517044
"""CNR9583456""","""CID5794786""",2.4080937,-0.03373784,2.4418316
"""CNR6322702""","""CID6976104""",0.26947987,0.013767898,0.25571197
"""CNR2285834""","""CID5216260""",2.3585887,0.043618143,2.3149705
"""CNR7927232""","""CID3644668""",0.0,0.010133535,-0.010133535
"""CNR5832125""","""CID4809131""",1.07146,0.022492617,1.0489674
"""CNR3034923""","""CID8994864""",0.0,0.016097486,-0.016097486
"""CNR6777459""","""CID8940527""",2.1259155,-0.010392189,2.1363077
"""CNR5607778""","""CID4627075""",0.0,0.007045299,-0.007045299
"""CNR5343140""","""CID1011557""",-1.9582429,-0.020943284,-1.9372996
"""CNR1471964""","""CID1301992""",-0.53745085,0.04805821,-0.58550906
"""CNR9796848""","""CID9117663""",1.1259155,-0.055892378,1.1818079
"""CNR6733253""","""CID2993272""",-1.0820053,-0.016501248,-1.0655041
"""CNR6092159""","""CID2338787""",0.67542046,-0.0072375536,0.682658
"""CNR8399533""","""CID1967711""",-1.3839855,-0.023580909,-1.3604046
"""CNR4097119""","""CID8141465""",-0.6958667,0.014440954,-0.71030766
"""CNR9013311""","""CID8727691""",-1.369134,-0.04159063,-1.3275433
"""CNR5980547""","""CID7928269""",0.025039341,-0.0038912296,0.02893057
"""CNR6990749""","""CID7146863""",-1.5424013,0.017952263,-1.5603535
"""CNR8374149""","""CID2724564""",-1.0770547,0.0073664784,-1.0844212
"""CNR5782005""","""CID3972193""",-0.92358947,-0.011209667,-0.9123798
"""CNR8805268""","""CID1192391""",-1.948342,0.01048094,-1.958823
"""CNR9831508""","""CID2957033""",1.2546284,0.08985138,1.164777
"""CNR6703974""","""CID2560684""",-0.15131222,-0.006348729,-0.14496349
"""CNR2142596""","""CID1133887""",-0.52754986,-0.013653576,-0.5138963
"""CNR9942189""","""CID7234180""",0.013549859,-0.0015758872,0.015125746
"""CNR6354098""","""CID5970712""",-0.9631934,0.002203405,-0.9653968
"""CNR4432911""","""CID4212994""",-1.0968568,-0.012180448,-1.0846764
"""CNR6519702""","""CID3980326""",0.0,-0.004648477,0.004648477
"""CNR7013625""","""CID1741502""",-1.3047776,0.007909358,-1.3126869
"""CNR8197459""","""CID9514357""",0.0,0.013714075,-0.013714075
"""CNR8511692""","""CID2925085""",0.0,0.030537784,-0.030537784
"""CNR1487604""","""CID6657422""",0.013549859,0.022415966,-0.008866107
"""CNR4978558""","""CID4099146""",0.0,0.0507645,-0.0507645
"""CNR3526803""","""CID7001019""",0.025039341,0.028983474,-0.0039441325
"""CNR2866084""","""CID5559364""",-0.33448052,0.0083423555,-0.34282288
"""CNR5115878""","""CID1714053""",0.7150244,-0.05097249,0.76599693
"""CNR8706784""","""CID5497263""",-0.7651736,-0.030041307,-0.73513234
"""CNR6537778""","""CID6406364""",0.013549859,0.008518875,0.005030984
"""CNR4357460""","""CID9232448""",3.259579,-0.06047523,3.320054
"""CNR4903626""","""CID9916237""",0.003027254,0.018729538,-0.015702283
"""CNR5754630""","""CID1084072""",-0.29487658,-0.046393573,-0.248483
"""CNR4554960""","""CID6121406""",-0.16121322,0.03270647,-0.19391969
"""CNR7102292""","""CID2482171""",-1.0473518,-0.067108154,-0.9802437
"""CNR9749157""","""CID2335248""",-1.7057676,-0.0157727,-1.6899949
"""CNR7738083""","""CID3405307""",0.0,0.025775582,-0.025775582
"""CNR4481738""","""CID3175639""",-0.013278072,0.015792489,-0.02907056
"""CNR1230479""","""CID3073835""",0.08136105,0.0018931031,0.079467945
"""CNR4243052""","""CID7965376""",-0.01214276,0.035689533,-0.04783229
"""CNR6768818""","""CID8623040""",1.7001729,-0.009811848,1.7099848
"""CNR4605680""","""CID2629589""",4.0467076,-0.057457775,4.1041656
"""CNR4516452""","""CID3004515""",-0.7849756,0.005749464,-0.79072505
"""CNR6669718""","""CID6515028""",1.4674996,0.0039024055,1.4635972
"""CNR8398809""","""CID6041152""",0.0,-0.0070590377,0.0070590377
"""CNR3793586""","""CID4536029""",1.2843313,-0.017587632,1.301919
"""CNR7953141""","""CID9440123""",-0.13151024,-0.019502997,-0.112007245
"""CNR3470835""","""CID6714768""",-0.34438154,0.0050902367,-0.34947178
"""CNR5985654""","""CID5856885""",7.7595787,-0.0026708841,7.7622495
"""CNR8664953""","""CID9967442""",-0.16616371,0.046875417,-0.21303913
"""CNR3481693""","""CID2109134""",0.003027254,-0.0008119345,0.0038391885
"""CNR1939070""","""CID1373351""",1.6556184,-0.012889624,1.668508
"""CNR4329612""","""CID3414377""",0.013829263,0.021769643,-0.00794038
"""CNR5700502""","""CID7943981""",1.5863116,0.017903924,1.5684077
"""CNR8556169""","""CID5058061""",0.003027254,-0.038110673,0.041137926
"""CNR5778877""","""CID5076919""",0.37839076,-0.012542367,0.39093313
"""CNR6764521""","""CID2160537""",-1.4730943,0.011303425,-1.4843978
"""CNR4005446""","""CID6723213""",0.003027254,0.017329872,-0.014302618
"""CNR2120656""","""CID1236386""",0.0,0.00032776594,-0.00032776594
"""CNR2249769""","""CID3088138""",-0.101807274,-0.013911009,-0.087896265
"""CNR4089040""","""CID4631083""",-0.32953003,-0.0022073388,-0.3273227
"""CNR1801710""","""CID5842248""",0.003027254,-0.0013514459,0.0043786997
"""CNR7016666""","""CID3072910""",0.8783907,-0.011259317,0.88965005
"""CNR2346977""","""CID6991981""",-0.78002506,-0.0099852085,-0.77003986
"""CNR9788517""","""CID3937249""",0.0,0.046636492,-0.046636492
"""CNR9193547""","""CID8877725""",-0.013278072,-0.041274846,0.027996775
"""CNR5459730""","""CID5467185""",-0.6562627,0.032205105,-0.6884678
"""CNR1129742""","""CID9001065""",-0.2750746,0.008721709,-0.2837963
"""CNR1464334""","""CID5001659""",2.101163,-0.04897636,2.1501393
"""CNR7107307""","""CID1283077""",0.025039341,-0.0146430135,0.039682355
"""CNR9501040""","""CID5819912""",0.5318561,0.011288881,0.52056724
"""CNR4549894""","""CID4636102""",3.531856,0.03701651,3.4948397
"""CNR9793705""","""CID4563944""",0.0,-0.023316115,0.023316115
"""CNR8769060""","""CID5821538""",-0.013278072,-0.009258747,-0.0040193247
"""CNR9739380""","""CID2249386""",-0.05230232,0.044186234,-0.09648855
"""CNR3269952""","""CID6817725""",9.294232,-0.100497425,9.39473
"""CNR2799407""","""CID8172605""",1.9427472,-0.021432579,1.9641798
"""CNR8082763""","""CID7044446""",-0.64141124,-0.0038498938,-0.6375613
"""CNR9633982""","""CID2529646""",-0.013278072,-0.0025758445,-0.010702227
"""CNR2278009""","""CID4551124""",-0.013278072,-0.011839211,-0.0014388608
"""CNR2334132""","""CID8812531""",0.003027254,-0.016345382,0.019372636
"""CNR1309194""","""CID2721243""",1.7447274,-0.00865382,1.7533813
"""CNR8576300""","""CID4116795""",4.7496777,-0.008059621,4.757737
"""CNR9208014""","""CID5763893""",0.003027254,-0.021194786,0.02422204
"""CNR6047598""","""CID4671853""",-1.6067578,0.047712862,-1.6544707
"""CNR6152848""","""CID3821860""",0.003027254,-0.05081448,0.053841732
"""CNR3564641""","""CID8574533""",0.013829263,0.01922515,-0.0053958874
"""CNR8492981""","""CID2676896""",0.4328462,-0.07021546,0.50306165
"""CNR9593509""","""CID1343763""",-2.1661637,0.027249098,-2.1934128
"""CNR9807986""","""CID9111128""",-0.12655975,0.035681844,-0.1622416
"""CNR4256848""","""CID6918363""",0.0,0.018255621,-0.018255621
"""CNR4460434""","""CID8723284""",2.3981926,-0.004552841,2.4027455
"""CNR5650372""","""CID5691870""",-0.7651736,0.025542498,-0.7907161
"""CNR4223178""","""CID6769032""",0.025039341,0.07323903,-0.048199687
"""CNR5527618""","""CID9383512""",-2.2255697,0.008536518,-2.2341063
"""CNR5398673""","""CID6979500""",-1.2008172,-0.047864914,-1.1529523
"""CNR7660041""","""CID5228775""",0.7051234,-0.008348048,0.7134715
"""CNR9350678""","""CID6001393""",1.0665096,-0.00515002,1.0716596
"""CNR4533472""","""CID9003850""",1.7843313,-0.00905928,1.7933906
"""CNR5939024""","""CID8767596""",0.013829263,0.056227386,-0.042398125
"""CNR6579160""","""CID6800891""",2.1160145,0.017578661,2.0984359
"""CNR7123459""","""CID4412973""",1.7447274,0.053364158,1.6913632
"""CNR1953169""","""CID1825007""",2.2150245,0.010793209,2.2042313
"""CNR1567921""","""CID8569546""",-0.7602231,0.009020627,-0.7692437
"""CNR3845806""","""CID3049594""",0.39324224,-0.013904214,0.40714645
"""CNR2730448""","""CID5657363""",-0.49784687,-0.03763479,-0.46021208
"""CNR7460593""","""CID9021772""",14.640767,-0.12750393,14.768271
"""CNR6344128""","""CID2645717""",4.660569,-0.021291494,4.681861
"""CNR8214302""","""CID1759373""",-0.01214276,-0.041173518,0.029030759
"""CNR6388443""","""CID8994198""",-0.42358944,-0.013603896,-0.40998554
"""CNR6290744""","""CID4078483""",-0.042401332,-0.017271519,-0.025129814
"""CNR1578794""","""CID7622233""",0.003027254,-0.040260077,0.04328733
"""CNR5542069""","""CID6009905""",0.003027254,0.06519103,-0.062163778
"""CNR7012494""","""CID3297468""",0.0,-0.018000007,0.018000007
"""CNR4969810""","""CID8716377""",-1.898837,-0.04468,-1.854157
"""CNR6617545""","""CID1744323""",-0.32953003,-0.009226561,-0.32030347
"""CNR8080968""","""CID4475944""",-1.5820053,0.038672894,-1.6206782
"""CNR3884867""","""CID7197422""",-1.6067578,0.040031046,-1.6467888
"""CNR5414976""","""CID1838778""",-0.2849756,0.00072929263,-0.28570488
"""CNR7875710""","""CID6601460""",0.003027254,0.006497085,-0.003469831
"""CNR8981521""","""CID5741788""",0.0,0.0074823797,-0.0074823797
"""CNR6947803""","""CID1307542""",-0.00279737,0.026544988,-0.029342359
"""CNR2126728""","""CID9060102""",0.003027254,-0.011341095,0.014368349
"""CNR6094111""","""CID7449531""",-0.7602231,0.02090472,-0.7811278
"""CNR2562875""","""CID2655840""",-1.879035,0.044070303,-1.9231052
"""CNR1053530""","""CID8755503""",0.11601451,0.0280267,0.08798781
"""CNR2167430""","""CID9001999""",7.2843313,0.03282866,7.2515025
"""CNR1235681""","""CID8517454""",1.3437372,-0.012998402,1.3567357
"""CNR1153976""","""CID5547193""",-0.1711142,0.04509002,-0.21620423
"""CNR8541980""","""CID1543934""",0.025039341,0.0032747984,0.021764543
"""CNR4382674""","""CID6307373""",0.003027254,0.021543741,-0.018516487
"""CNR5604450""","""CID9887506""",0.55660856,-0.037524104,0.59413266
"""CNR8544293""","""CID1596201""",-0.90873796,0.011446625,-0.9201846
"""CNR7888702""","""CID7912323""",-2.0424013,0.021102637,-2.063504
"""CNR6798237""","""CID7652870""",-0.41863894,0.013103217,-0.43174216
"""CNR3510910""","""CID8602831""",-0.013278072,-0.015471548,0.002193476
"""CNR3215043""","""CID7999320""",9.318985,-0.0039544106,9.322939
"""CNR5311070""","""CID5399572""",0.025039341,0.014339864,0.010699477
"""CNR4721358""","""CID9280267""",-0.013278072,-0.006273806,-0.0070042657
"""CNR1857452""","""CID8954910""",-0.74537164,-0.005198151,-0.74017346
"""CNR8231123""","""CID3760297""",0.003027254,0.009175271,-0.006148017
"""CNR1105081""","""CID4997905""",-1.2354707,0.07035047,-1.3058212
"""CNR7240368""","""CID2656055""",-0.8641835,0.0010915995,-0.8652751
"""CNR4737975""","""CID9813236""",0.013829263,0.016612172,-0.0027829092
"""CNR9072112""","""CID6153007""",0.0,0.0043945014,-0.0043945014
"""CNR3895321""","""CID5757460""",3.7744303,0.039097726,3.7353325
"""CNR1798325""","""CID2010207""",0.18037094,0.03329727,0.14707367
"""CNR5426851""","""CID6641979""",-1.2404212,0.014083743,-1.2545049
"""CNR7892722""","""CID5395980""",6.7942324,0.053563356,6.7406693
"""CNR3273199""","""CID3090911""",-1.7354707,0.053316653,-1.7887874
"""CNR4724638""","""CID3687380""",-1.4928964,0.002261728,-1.4951582
"""CNR1120318""","""CID8953878""",-1.3938864,-0.037807763,-1.3560786
"""CNR5000962""","""CID8877319""",-0.2800251,-0.08096695,-0.19905815
"""CNR8590984""","""CID3062318""",1.9427472,0.06876516,1.8739821
"""CNR7395911""","""CID1784133""",0.0,0.030466318,-0.030466318
"""CNR2065882""","""CID5789397""",-2.2602232,-0.016352773,-2.2438703
"""CNR7300956""","""CID5637231""",0.025039341,0.044805527,-0.019766185
"""CNR9657714""","""CID6118354""",0.00710362,-0.021175385,0.028279005
"""CNR4747698""","""CID3605302""",0.003027254,-0.020330667,0.023357922
"""CNR2914256""","""CID5618567""",0.013549859,0.0015834868,0.011966372
"""CNR8891096""","""CID4104320""",0.013829263,0.01459229,-0.000763027
"""CNR1260279""","""CID2698394""",-0.90873796,-0.032102823,-0.87663513
"""CNR4261678""","""CID6415494""",0.5516581,0.017284572,0.5343735
"""CNR7786382""","""CID8557165""",-0.44834194,0.04120797,-0.4895499
"""CNR5930581""","""CID1810744""",-0.3839855,0.061741233,-0.44572672
"""CNR4576049""","""CID8492689""",0.611064,0.02714479,0.5839192
"""CNR5014700""","""CID3482362""",0.0,-0.03776914,0.03776914
"""CNR3844918""","""CID8540046""",-0.013278072,0.015580237,-0.028858308
"""CNR2103091""","""CID5058921""",-0.01214276,0.004737079,-0.016879838
"""CNR4576367""","""CID1737248""",0.44769767,-0.006804347,0.45450202
"""CNR1746475""","""CID8047214""",0.0,-0.015393019,0.015393019
"""CNR1037559""","""CID5156670""",0.013549859,0.0010032952,0.0125465635
"""CNR3240053""","""CID8606762""",0.8981927,0.045113415,0.8530793
"""CNR6594919""","""CID7468615""",0.8387868,-0.04360664,0.8823934
"""CNR6390012""","""CID9292547""",1.6853215,0.053539872,1.6317816
"""CNR1738050""","""CID2032133""",-2.2552726,-0.046304107,-2.2089686
"""CNR3213781""","""CID9995373""",0.0,-0.05352834,0.05352834
"""CNR7500810""","""CID8553430""",-1.32953,-0.020612359,-1.3089176
"""CNR8505234""","""CID7737751""",0.003027254,-0.03160295,0.0346302
"""CNR5144529""","""CID1069279""",0.96254915,-0.005906999,0.96845615
"""CNR1431297""","""CID3832561""",-0.90873796,0.014818847,-0.9235568
"""CNR3627439""","""CID7429564""",0.003027254,-0.004368484,0.007395738
"""CNR4256687""","""CID3031383""",0.012054115,-0.029358745,0.04141286
"""CNR6451948""","""CID2269864""",-1.6612132,-0.018935025,-1.6422782
"""CNR3982447""","""CID5885434""",-0.6810152,0.032332033,-0.7133472
"""CNR6903483""","""CID1833297""",0.003027254,-0.0032877326,0.0063149864
"""CNR8322888""","""CID4214806""",-0.013278072,-0.02164483,0.008366759
"""CNR1600732""","""CID6118303""",0.7496779,0.0363276,0.7133503
"""CNR6018943""","""CID3210560""",-0.7057677,-0.01772219,-0.6880455
"""CNR2893776""","""CID6046842""",0.95264816,-0.010014683,0.9626628
"""CNR1793754""","""CID3050242""",-1.4384409,-0.020190597,-1.4182503
"""CNR4184178""","""CID6733361""",0.013549859,-0.02244094,0.035990797
"""CNR3456420""","""CID1426774""",0.88334125,-0.055853546,0.9391948
"""CNR6494460""","""CID6885572""",-0.9681439,-0.038920343,-0.92922354
"""CNR7288581""","""CID3965775""",-2.240421,0.039916277,-2.2803373
"""CNR1955544""","""CID5192996""",0.025039341,0.0073364973,0.017702844
"""CNR4893468""","""CID7695058""",-0.6463617,-0.004052043,-0.64230967
"""CNR2199704""","""CID8460931""",0.013549859,0.01947707,-0.0059272107
"""CNR5020649""","""CID3279710""",0.025039341,0.038385272,-0.013345931
"""CNR7044475""","""CID2820917""",0.0,-0.04103291,0.04103291
"""CNR2516949""","""CID7608433""",0.0,-0.021400303,0.021400303
"""CNR4607613""","""CID6009388""",4.611064,0.010528743,4.6005354
"""CNR6631716""","""CID4272399""",0.0,0.009846091,-0.009846091
"""CNR8714552""","""CID9908223""",0.0,-0.0044754446,0.0044754446
"""CNR8614462""","""CID7015520""",-2.0424013,-0.03529477,-2.0071065
"""CNR5258346""","""CID2007884""",0.0,-0.022561908,0.022561908
"""CNR7779243""","""CID8828211""",-1.9582429,0.012289673,-1.9705325
"""CNR2144041""","""CID3311513""",0.003027254,0.020128667,-0.017101413
"""CNR5694539""","""CID7548745""",-1.349332,-0.011434495,-1.3378975
"""CNR1011146""","""CID2877388""",0.06650956,0.03287548,0.03363408
"""CNR2902822""","""CID7347609""",0.003027254,-0.019030422,0.022057677
"""CNR5351956""","""CID9976914""",-1.92854,0.0445745,-1.9731145
"""CNR3449107""","""CID8684841""",0.0,0.053031534,-0.053031534
"""CNR1311150""","""CID8815485""",1.3288858,-0.01576978,1.3446555
"""CNR8564548""","""CID9438098""",-1.879035,-0.024342805,-1.8546922
"""CNR7634084""","""CID9892455""",-1.5671538,0.03304851,-1.6002023
"""CNR5570282""","""CID9026335""",0.013829263,0.05261129,-0.03878203
"""CNR4536697""","""CID7126337""",-0.9681439,0.017733842,-0.98587775
"""CNR7849364""","""CID1908404""",0.025039341,-0.02365604,0.04869538
"""CNR8763319""","""CID5838697""",-2.1463618,-0.024813414,-2.1215484
"""CNR4696331""","""CID4375999""",-0.82953006,-0.036387682,-0.7931424
"""CNR2631295""","""CID6745148""",-0.19586667,0.016404629,-0.2122713
"""CNR6056559""","""CID5276959""",0.6061135,-0.03671235,0.64282584
"""CNR7210854""","""CID5513403""",-1.7255696,-0.07972893,-1.6458406
"""CNR4069163""","""CID5463016""",-1.4334904,0.006477922,-1.4399683
"""CNR1920861""","""CID7810285""",-0.72556967,-0.07054335,-0.6550263
"""CNR2697874""","""CID2888845""",0.39819273,0.007889926,0.3903028
"""CNR1827777""","""CID5504900""",-0.81467855,-0.04715836,-0.7675202
"""CNR3548553""","""CID7254305""",0.003027254,0.032639235,-0.02961198
"""CNR9312292""","""CID2238187""",0.003027254,-0.008319408,0.0113466615
"""CNR4797662""","""CID9796279""",-1.1958667,-0.0060827136,-1.189784
"""CNR1201292""","""CID6430057""",1.601163,-0.009630442,1.6107935
"""CNR1508177""","""CID2201224""",1.4278957,0.041609704,1.386286
"""CNR8555905""","""CID5826282""",-0.013278072,-0.016106755,0.0028286828
"""CNR7584322""","""CID6957650""",-1.4532924,-0.036852866,-1.4164395
"""CNR5689433""","""CID4512731""",1.8635392,-0.061832666,1.9253719
"""CNR2122660""","""CID5953307""",0.0,0.011217833,-0.011217833
"""CNR3090366""","""CID5494739""",-0.84933203,0.02127105,-0.8706031
"""CNR9267450""","""CID1756833""",0.025039341,0.05181709,-0.026777748
"""CNR5860981""","""CID5834400""",-0.39883697,0.009033263,-0.40787023
"""CNR8888054""","""CID3254832""",-1.3344805,-0.04434377,-1.2901368
"""CNR7625048""","""CID5533214""",2.0120542,-0.007843137,2.0198975
"""CNR4555451""","""CID2281273""",0.025039341,-0.014218569,0.03925791
"""CNR2701422""","""CID7741335""",0.013549859,-0.020725667,0.034275524
"""CNR1580694""","""CID7114349""",-0.7404211,-0.009996951,-0.73042417
"""CNR1552144""","""CID1956050""",-0.2849756,0.055019855,-0.33999544
"""CNR2018143""","""CID3332315""",-1.6810151,-0.014386058,-1.6666291
"""CNR4475447""","""CID6494974""",1.4377967,-0.028769791,1.4665666
"""CNR2864958""","""CID3128607""",1.2793808,-0.00232175,1.2817025
"""CNR3072000""","""CID3951003""",0.013829263,0.003935188,0.009894075
"""CNR5923352""","""CID8998603""",0.003027254,-0.017587721,0.020614976
"""CNR8289238""","""CID4152891""",0.003027254,-0.02761966,0.030646915
"""CNR2534476""","""CID9630760""",0.003027254,0.015920728,-0.012893475
"""CNR4644114""","""CID8758219""",-1.4928964,0.031166613,-1.5240631
"""CNR3724219""","""CID5409246""",-1.7008172,-0.025670081,-1.6751472
"""CNR2503312""","""CID7840337""",-0.97804487,0.03485328,-1.0128982
"""CNR3450572""","""CID4613034""",-0.013278072,0.019784033,-0.033062104
"""CNR9007330""","""CID5278157""",-0.5968568,0.0136379,-0.6104947
"""CNR9451861""","""CID9409938""",-1.0424013,-0.030532598,-1.0118687
"""CNR1682667""","""CID7405011""",-0.30972806,0.03860742,-0.34833547
"""CNR7945919""","""CID8329392""",1.9031432,-0.028013408,1.9311566
"""CNR9867255""","""CID1703059""",0.0,-0.014887035,0.014887035
"""CNR7296141""","""CID2207004""",-0.013278072,0.030845702,-0.044123773
"""CNR5154829""","""CID2946220""",-1.6810151,-0.0027836263,-1.6782315
"""CNR4265516""","""CID1272268""",-0.5968568,-0.03422305,-0.56263375
"""CNR7711002""","""CID2302361""",0.97245014,-0.0070303082,0.97948045
"""CNR3203477""","""CID7343220""",0.78928185,-0.04414743,0.8334293
"""CNR5108133""","""CID7896781""",-2.0671537,-0.00079488754,-2.0663588
"""CNR7208270""","""CID6874963""",0.013549859,0.021113217,-0.007563358
"""CNR7978786""","""CID6358771""",0.013549859,-0.0032242239,0.016774083
"""CNR4322215""","""CID8077123""",-1.0225993,-0.04966885,-0.9729305
"""CNR5377414""","""CID3619850""",0.025039341,0.0022188127,0.022820529
"""CNR4810453""","""CID8155967""",0.013549859,-0.03848368,0.052033536
"""CNR6702192""","""CID1645813""",0.003027254,0.0078057647,-0.004778511
"""CNR3835120""","""CID7612727""",-1.7948766,-0.07094568,-1.7239308
"""CNR8523031""","""CID4733559""",-0.72061914,-0.0057855546,-0.7148336
"""CNR8529997""","""CID5932891""",-0.7602231,-0.0120327175,-0.7481904
"""CNR9367203""","""CID9639907""",0.025039341,0.034805864,-0.009766523
"""CNR6108403""","""CID4762964""",0.025039341,-0.0005133152,0.025552657
"""CNR2272063""","""CID5607939""",-2.0374508,0.033941865,-2.0713925
"""CNR1923322""","""CID3506744""",0.29918283,0.054744422,0.24443841
"""CNR5260946""","""CID9643934""",-0.52259934,0.042665064,-0.5652644
"""CNR2756068""","""CID7377768""",0.0,-0.0018931627,0.0018931627
"""CNR2462920""","""CID8593597""",1.4625492,-0.041317165,1.5038664
"""CNR3470158""","""CID7539450""",0.025039341,-0.02411145,0.04915079
"""CNR5727203""","""CID9868103""",-0.9631934,0.017119259,-0.9803127
"""CNR7820911""","""CID4904049""",2.2051234,-0.046976984,2.2521005
"""CNR1839089""","""CID1529343""",0.7249254,-0.03405443,0.7589798
"""CNR5152186""","""CID6449188""",0.0,-0.042785674,0.042785674
"""CNR9832116""","""CID8024813""",-1.3542825,-0.002015859,-1.3522667
"""CNR4774758""","""CID7588300""",0.0,-0.013543308,0.013543308
"""CNR1872272""","""CID2373482""",-0.15626271,-0.0053833723,-0.15087934
"""CNR9952467""","""CID7333461""",1.6655195,-0.02062866,1.6861482
"""CNR6987967""","""CID5986982""",-0.2849756,0.014221728,-0.29919732
"""CNR4986766""","""CID4882643""",1.1160145,0.008216351,1.1077981
"""CNR6760945""","""CID7967766""",-0.2701241,0.009562135,-0.27968624
"""CNR7289967""","""CID3207752""",-1.4037875,0.015819848,-1.4196074
"""CNR2780883""","""CID5723347""",0.003027254,-0.018205881,0.021233136
"""CNR5313890""","""CID9847525""",-0.42853993,-0.0007299781,-0.42780995
"""CNR1191623""","""CID4970667""",-0.10675777,0.0008094311,-0.1075672
"""CNR4717004""","""CID3050840""",0.0,0.0067585707,-0.0067585707
"""CNR5991664""","""CID3927185""",-1.2453716,-0.035188437,-1.2101831
"""CNR1400222""","""CID2022340""",-0.60675776,-0.045718282,-0.56103945
"""CNR8175754""","""CID1914912""",0.003027254,-0.0068152845,0.009842538
"""CNR6913293""","""CID1670020""",3.180371,-0.014309168,3.1946802
"""CNR1727271""","""CID4854357""",0.013549859,-0.0121690035,0.025718862
"""CNR3633757""","""CID2129555""",-0.15626271,-0.030401707,-0.125861
"""CNR7464653""","""CID2875736""",0.013829263,-0.013801247,0.02763051
"""CNR9781302""","""CID6386995""",0.013829263,-0.02381882,0.03764808
"""CNR4466303""","""CID5350687""",3.2546284,0.0048081875,3.2498202
"""CNR3105115""","""CID1201994""",0.013549859,0.021426558,-0.0078767
"""CNR8990210""","""CID6785239""",0.0,-0.042323172,0.042323172
"""CNR2667505""","""CID1375213""",12.1160145,-0.0064697266,12.122484
"""CNR9204379""","""CID3344834""",-1.4433914,0.019404292,-1.4627957
"""CNR2077189""","""CID7433857""",0.013829263,0.00605157,0.0077776928
"""CNR6859256""","""CID9610185""",0.5516581,-0.016811848,0.56846994
"""CNR7508547""","""CID5092628""",-1.1166588,-0.021960974,-1.0946978
"""CNR8535238""","""CID7143496""",1.7001729,-0.0063658953,1.7065388
"""CNR9641721""","""CID6667650""",0.025039341,-0.025641292,0.050680634
"""CNR9397359""","""CID3073370""",0.4278957,0.013067871,0.41482782
"""CNR8279230""","""CID1864001""",-1.1364608,0.09279716,-1.229258
"""CNR9785044""","""CID3961502""",0.07146005,0.054400682,0.01705937
"""CNR4012643""","""CID3354735""",-2.0126984,0.040113658,-2.052812
"""CNR3993787""","""CID5892285""",0.0,0.003892243,-0.003892243
"""CNR8906998""","""CID7294611""",-0.46319342,-0.109185636,-0.35400778
"""CNR2088337""","""CID3570693""",0.5021531,0.0074109435,0.49474216
"""CNR5514297""","""CID2007928""",-2.2255697,0.026737154,-2.252307
"""CNR4088695""","""CID6350135""",0.0,-0.03409612,0.03409612
"""CNR5576535""","""CID9927611""",-0.9582429,-0.07951459,-0.8787283
"""CNR8758660""","""CID6754398""",-0.013278072,-0.01002571,-0.003252362
"""CNR1478556""","""CID2544682""",0.013549859,-0.03194219,0.045492046
"""CNR4632342""","""CID8295703""",-1.5176488,-0.01688379,-1.5007651
"""CNR5923197""","""CID4465362""",0.013829263,-0.020274997,0.034104258
"""CNR9738010""","""CID8362026""",0.77938086,-0.012331545,0.7917124
"""CNR8667200""","""CID6891411""",-1.4730943,0.03391272,-1.5070071
"""CNR4392260""","""CID5601998""",1.111064,-0.00030618906,1.1113701
"""CNR2401522""","""CID3305315""",0.19522244,-0.0034350157,0.19865745
"""CNR8641379""","""CID4500085""",1.2150245,-0.084774345,1.2997988
"""CNR5601943""","""CID5450179""",0.013549859,0.04438308,-0.03083322
"""CNR1927815""","""CID2350521""",0.9229452,-0.015782773,0.938728
"""CNR5726040""","""CID9552023""",-2.2453716,-0.010740995,-2.2346306
"""CNR4859021""","""CID4256521""",0.013549859,-0.005546391,0.01909625
"""CNR3791988""","""CID7426246""",-2.2305202,0.09404063,-2.3245609
"""CNR9949759""","""CID8707297""",-1.5572528,-0.039981663,-1.517271
"""CNR7753363""","""CID2875146""",1.3585888,0.06405401,1.2945348
"""CNR8698973""","""CID1329951""",1.0962125,0.052405298,1.0438073
"""CNR2225265""","""CID7888439""",0.0,0.022687674,-0.022687674
"""CNR6545654""","""CID6543044""",-1.9631934,-0.029687643,-1.9335058
"""CNR8595822""","""CID4052248""",1.0962125,-0.009399235,1.1056118
"""CNR3582091""","""CID5562623""",0.003027254,0.0007239282,0.0023033258
"""CNR6990047""","""CID6501764""",-1.1859657,-0.049409747,-1.1365559
"""CNR3335643""","""CID3292031""",1.3734403,0.016908765,1.3565315
"""CNR2697550""","""CID8112408""",1.4427472,-0.0072362125,1.4499835
"""CNR4191202""","""CID3423184""",0.013829263,0.0188635,-0.0050342362
"""CNR6179214""","""CID2253285""",0.2397769,-0.047718644,0.28749555
"""CNR4548268""","""CID3887242""",9.284331,0.028319389,9.256012
"""CNR6369126""","""CID9912632""",-0.09190628,0.019941896,-0.111848176
"""CNR1713641""","""CID4808857""",0.013829263,-0.021495193,0.035324454
"""CNR8467166""","""CID7655850""",1.4130442,-0.020034552,1.4330788
"""CNR4084935""","""CID9133064""",-0.888936,-0.074976206,-0.8139598
"""CNR6760600""","""CID3589407""",3.1754205,0.051573128,3.1238475
"""CNR7694297""","""CID9989919""",-0.68596566,-0.004331529,-0.6816341
"""CNR5768387""","""CID2315312""",-0.013278072,-0.004289329,-0.008988743
"""CNR5997331""","""CID8140549""",0.25957885,-0.024632812,0.28421167
"""CNR3210681""","""CID3173566""",0.002153125,-0.010661602,0.012814727
"""CNR9232348""","""CID3790641""",-1.408738,-0.016674042,-1.392064
"""CNR3229646""","""CID9262666""",2.081361,-0.09646198,2.177823
"""CNR5728975""","""CID6644319""",0.003027254,-0.005059868,0.008087122
"""CNR4481082""","""CID2667131""",0.025039341,-0.022620916,0.047660258
"""CNR3402188""","""CID2250102""",0.0,0.0026927888,-0.0026927888
"""CNR4179763""","""CID6407944""",2.9873016,-0.030451655,3.0177531
"""CNR5014931""","""CID5715881""",0.003027254,0.02303785,-0.020010596
"""CNR5357002""","""CID7139421""",0.025039341,0.016967893,0.008071449
"""CNR5270926""","""CID1734408""",-1.5275499,-0.012859464,-1.5146904
"""CNR5943322""","""CID4628891""",-0.82953006,0.014813781,-0.84434384
"""CNR6825782""","""CID8764596""",1.650668,0.0012130141,1.6494551
"""CNR4213792""","""CID1067036""",1.120965,0.018035531,1.1029295
"""CNR2081761""","""CID4527455""",-0.73547065,0.06606662,-0.8015373
"""CNR8033340""","""CID1428480""",1.111064,-0.015677094,1.126741
"""CNR9042176""","""CID9147692""",1.7793808,0.008360684,1.7710202
"""CNR1943830""","""CID4530446""",-0.15626271,0.0008265376,-0.15708925
"""CNR6170714""","""CID2731292""",5.0368066,0.031232297,5.005574
"""CNR5252284""","""CID9563475""",1.2298759,0.08239639,1.1474795
"""CNR3690398""","""CID1437432""",0.025039341,-0.023634672,0.048674013
"""CNR1505318""","""CID3331878""",-1.3443816,0.039142966,-1.3835245
"""CNR5760916""","""CID8278759""",-1.9582429,0.0007970929,-1.9590399
"""CNR7672957""","""CID3413020""",-1.9384409,-0.076823235,-1.8616177
"""CNR6899409""","""CID3917979""",0.025039341,-0.013562024,0.038601365
"""CNR6641893""","""CID7016410""",0.003027254,-0.02121836,0.024245614
"""CNR4262054""","""CID4720349""",-0.71071815,-0.052996516,-0.65772164
"""CNR7742319""","""CID6841859""",1.6061136,-0.028558314,1.6346719
"""CNR7212408""","""CID9990867""",1.1655195,-0.0076636076,1.1731831
"""CNR4582852""","""CID8910649""",0.13581648,-0.03270328,0.16851977
"""CNR4084551""","""CID7463544""",0.0,0.023085505,-0.023085505
"""CNR9696900""","""CID5623530""",-0.013278072,-0.050335348,0.037057277
"""CNR1256228""","""CID3031464""",-2.1265597,0.037758946,-2.1643186
"""CNR1435152""","""CID3268335""",-0.6612132,-0.017205775,-0.64400744
"""CNR2809986""","""CID9567050""",1.0665096,0.008292973,1.0582166
"""CNR3420377""","""CID8533676""",0.031856094,-0.029290378,0.06114647
"""CNR9640065""","""CID9978161""",-1.1265597,0.025743693,-1.1523035
"""CNR4225944""","""CID4364455""",0.003027254,0.02241698,-0.019389724
"""CNR5974376""","""CID6003140""",0.003027254,0.022718668,-0.019691413
"""CNR5315369""","""CID9121394""",0.003027254,-0.019090712,0.022117967
"""CNR3425773""","""CID3971225""",0.68532145,0.037050903,0.64827055
"""CNR9572883""","""CID3319345""",4.150668,0.013941169,4.136727
"""CNR4529640""","""CID2013484""",0.0,0.01518023,-0.01518023
"""CNR5653135""","""CID7619976""",-1.8344805,-0.022523522,-1.811957
"""CNR9532557""","""CID9528063""",-1.6463617,0.02189523,-1.668257
"""CNR5010585""","""CID9904149""",-0.35923302,0.024841458,-0.38407448
"""CNR5964770""","""CID4101420""",1.3189849,0.01597327,1.3030117
"""CNR8193204""","""CID1952520""",-2.1067579,0.0007048249,-2.1074626
"""CNR8880758""","""CID2491675""",-0.9384409,-0.004626721,-0.93381417
"""CNR6960209""","""CID3547963""",0.013549859,0.035860896,-0.022311037
"""CNR4900871""","""CID6159371""",-1.1513122,-0.03413838,-1.1171739
"""CNR1139191""","""CID2311230""",-0.44339144,-0.033851296,-0.40954015
"""CNR3376791""","""CID6803006""",-0.08200529,0.016482413,-0.098487705
"""CNR7954941""","""CID3226319""",-2.0671537,-0.061266482,-2.0058873
"""CNR3206583""","""CID3578470""",1.120965,-0.003058374,1.1240234
"""CNR9652983""","""CID4773175""",-0.13151024,0.015344977,-0.14685522
"""CNR8276278""","""CID4407754""",1.081361,-0.05215794,1.1335189
"""CNR1833758""","""CID6715619""",2.0516582,-0.018393159,2.0700512
"""CNR1365362""","""CID2061749""",0.0,0.014410853,-0.014410853
"""CNR9818217""","""CID8584941""",-1.8641835,-0.049987137,-1.8141963
"""CNR1851343""","""CID9463027""",0.0,-0.011680543,0.011680543
"""CNR7042193""","""CID1068583""",-1.9532924,0.010451078,-1.9637434
"""CNR7353628""","""CID4679215""",0.013829263,-0.014688075,0.028517338
"""CNR7800724""","""CID2476239""",-1.948342,0.04606524,-1.9944072
"""CNR8927446""","""CID2907884""",-1.6661637,-0.0050319135,-1.6611317
"""CNR3940972""","""CID4781248""",-0.72061914,-0.028562069,-0.6920571
"""CNR4597795""","""CID1674281""",-1.4681439,0.015140504,-1.4832845
"""CNR1295287""","""CID1090639""",1.660569,-0.0035478473,1.6641169
"""CNR5661406""","""CID1691427""",0.013829263,-0.0021609068,0.01599017
"""CNR4362940""","""CID1934516""",0.77443033,0.03736967,0.73706067
"""CNR5585325""","""CID2119462""",-0.39883697,0.05600649,-0.45484346
"""CNR8166464""","""CID9321661""",0.0,0.007395029,-0.007395029
"""CNR2197810""","""CID4782725""",0.79918283,-0.022542179,0.821725
"""CNR7730722""","""CID4610196""",0.003027254,0.022921354,-0.019894099
"""CNR9691594""","""CID1616757""",5.3585887,-0.09112418,5.4497128
"""CNR6887630""","""CID3197024""",1.5021532,-0.034893453,1.5370467
"""CNR9167520""","""CID7697333""",-1.0622033,-0.010868907,-1.0513344
"""CNR4686858""","""CID3947658""",-0.9978469,0.033301294,-1.0311482
"""CNR4728036""","""CID7349739""",0.013549859,0.01061821,0.0029316489
"""CNR2081280""","""CID4385430""",0.9080937,0.019351631,0.8887421
"""CNR3960502""","""CID1284427""",0.003027254,-0.054226696,0.05725395
"""CNR5744353""","""CID5674996""",-0.22061916,0.026481569,-0.24710073
"""CNR2157739""","""CID9336788""",-0.7948766,0.032083005,-0.8269596
"""CNR5572068""","""CID7032319""",-0.013278072,-0.013139129,-0.00013894308
"""CNR9153547""","""CID2167445""",-1.5968568,0.018615454,-1.6154723
"""CNR9930977""","""CID6235581""",-2.151312,0.007852435,-2.1591644
"""CNR5203907""","""CID4564451""",8.462549,-0.033598185,8.496147
"""CNR9046420""","""CID7938341""",-2.0869558,0.02877295,-2.1157289
"""CNR4802167""","""CID7280441""",-1.5077479,0.079960704,-1.5877086
"""CNR9046459""","""CID2379688""",-0.013278072,0.0060254335,-0.019303504
"""CNR9286779""","""CID3079513""",0.003027254,0.004234016,-0.0012067619
"""CNR2482715""","""CID9053373""",0.003027254,0.03068769,-0.027660435
"""CNR6162893""","""CID9150546""",4.0269055,0.016520023,4.0103855
"""CNR1516703""","""CID9108136""",-0.33448052,-0.04380262,-0.2906779
"""CNR3209964""","""CID6502343""",-0.03250034,0.028014481,-0.060514823
"""CNR8448516""","""CID3421844""",-2.1612132,-0.0059477687,-2.1552653
"""CNR1281773""","""CID3413631""",1.3239353,0.03704509,1.2868901
"""CNR5242139""","""CID8596685""",-1.3839855,-0.004941702,-1.3790438
"""CNR9098064""","""CID4848656""",0.0,0.0665741,-0.0665741
"""CNR8950447""","""CID8130265""",1.2942324,0.013782024,1.2804503
"""CNR3191144""","""CID5636263""",0.013829263,-0.031809628,0.04563889
"""CNR1799772""","""CID1823861""",2.982351,0.03835666,2.9439945
"""CNR5316143""","""CID4838563""",1.3981928,-0.0008481145,1.3990409
"""CNR7845904""","""CID4623160""",-0.67606467,-0.049745977,-0.6263187
"""CNR2758536""","""CID8754613""",1.1358165,0.070797086,1.0650194
"""CNR5093104""","""CID8531573""",0.013829263,0.011794984,0.0020342786
"""CNR7806689""","""CID7705409""",-0.38893598,0.00088340044,-0.38981938
"""CNR4135617""","""CID5352904""",0.013829263,0.048237592,-0.03440833
"""CNR9402192""","""CID4870244""",1.7892818,-0.055790305,1.8450722
"""CNR6728831""","""CID3325866""",0.003027254,-0.027534217,0.030561471
"""CNR5861552""","""CID4784788""",0.19027194,0.00075662136,0.18951532
"""CNR7226657""","""CID9932914""",-2.1166587,-0.06736857,-2.0492902
"""CNR2872868""","""CID4088858""",-1.6513122,0.013923645,-1.6652359
"""CNR8005921""","""CID2586662""",-0.6117083,-0.0056071877,-0.6061011
"""CNR2277118""","""CID7242887""",0.0,0.018570751,-0.018570751
"""CNR3570126""","""CID8393833""",0.003027254,-0.012482107,0.0155093605
"""CNR3168334""","""CID6712977""",1.120965,0.010334194,1.1106308
"""CNR9915708""","""CID6788589""",0.4278957,-0.030314207,0.4582099
"""CNR8570438""","""CID5489069""",-1.8245796,0.039421886,-1.8640015
"""CNR4549110""","""CID9338655""",-0.25527263,0.038921237,-0.29419386
"""CNR9890445""","""CID9642881""",-1.2206192,0.083247006,-1.3038661
"""CNR2234736""","""CID4193584""",-0.013278072,-0.020901173,0.0076231016
"""CNR6066378""","""CID1489089""",0.0,-0.0065439045,0.0065439045
"""CNR6629981""","""CID8073641""",0.025039341,0.014622211,0.01041713
"""CNR8006910""","""CID1687622""",0.0,0.09015727,-0.09015727
"""CNR7050442""","""CID5338200""",0.013829263,-0.014366388,0.028195651
"""CNR2656945""","""CID6460078""",1.7793808,0.016405135,1.7629757
"""CNR3053228""","""CID5595744""",-0.43844095,-0.008272648,-0.4301683
"""CNR5950356""","""CID1278629""",-0.6612132,0.018924057,-0.6801373
"""CNR4874377""","""CID1649735""",3.2348263,0.012065828,3.2227604
"""CNR7335280""","""CID6884865""",-0.9483419,-0.034858167,-0.91348374
"""CNR5490388""","""CID9590575""",0.013549859,0.0020882487,0.01146161
"""CNR5375381""","""CID6772400""",-0.0721043,0.03360319,-0.10570749
"""CNR8222082""","""CID8150270""",-1.8196291,-0.032511115,-1.787118
"""CNR1686216""","""CID4719272""",-0.41368845,0.0007584691,-0.41444692
"""CNR1160985""","""CID5375517""",-0.29982707,0.03395182,-0.3337789
"""CNR1680194""","""CID3631191""",-0.20576766,-0.01876685,-0.18700081
"""CNR8747726""","""CID6305701""",0.013829263,-0.0004272163,0.014256479
"""CNR5106552""","""CID6383551""",0.14571749,-0.026330113,0.1720476
"""CNR2725298""","""CID2801123""",0.5516581,0.039379388,0.5122787
"""CNR8246688""","""CID2527536""",0.013829263,0.027763039,-0.013933776
"""CNR1354855""","""CID2544445""",-0.34933203,-0.01693201,-0.33240002
"""CNR5425258""","""CID9690603""",-0.10675777,0.011619687,-0.118377455
"""CNR4153972""","""CID6122991""",-1.5325004,-0.006290972,-1.5262094
"""CNR5561597""","""CID6013761""",-0.63151026,-0.010479033,-0.6210312
"""CNR4888601""","""CID7985070""",-1.7552726,-0.010599822,-1.7446728
"""CNR5912408""","""CID5352828""",0.013829263,0.0008443594,0.0129849035
"""CNR6443477""","""CID4975717""",4.0368066,-0.028187096,4.064994
"""CNR1423628""","""CID2929259""",0.003027254,-0.021256983,0.024284238
"""CNR9860077""","""CID4138210""",0.34868777,-0.0410617,0.38974947
"""CNR6674336""","""CID4597746""",-1.7750746,-0.013493657,-1.761581
"""CNR6199725""","""CID3933212""",-1.289926,0.036753356,-1.3266795
"""CNR8822534""","""CID8067490""",0.003027254,0.03469047,-0.031663217
"""CNR9673259""","""CID1909342""",0.45759866,-0.07464224,0.53224087
"""CNR2913548""","""CID2818737""",-0.80477756,-0.01755613,-0.78722143
"""CNR2382929""","""CID8337640""",4.254628,0.019184947,4.235443
"""CNR1275855""","""CID7547321""",2.0516582,0.0009675622,2.0506907
"""CNR5954501""","""CID6509743""",-0.9631934,-0.027386665,-0.93580675
"""CNR4506850""","""CID8505807""",-1.5968568,0.013579249,-1.6104361
"""CNR4393204""","""CID3617949""",-0.5770548,0.024719805,-0.6017746
"""CNR1826166""","""CID8141249""",-0.013278072,-0.0314579,0.01817983
"""CNR1581740""","""CID9157134""",0.013549859,-0.036903054,0.05045291
"""CNR7557186""","""CID9774504""",-0.4780449,-0.046090543,-0.43195435
"""CNR7127278""","""CID5088618""",0.013549859,-0.009019405,0.022569263
"""CNR5287646""","""CID8696965""",-1.3443816,0.04081291,-1.3851945
"""CNR4124851""","""CID7525144""",-1.948342,-0.053314984,-1.8950269
"""CNR8281657""","""CID3696099""",0.0,0.023690075,-0.023690075
"""CNR8347641""","""CID4507615""",0.620965,-0.021998525,0.6429635
"""CNR6706559""","""CID8929753""",-0.11170826,-0.005361557,-0.106346704
"""CNR3917913""","""CID8824037""",-0.05230232,0.0030687451,-0.055371065
"""CNR7465023""","""CID6145416""",0.0,0.02193588,-0.02193588
"""CNR4134932""","""CID6712001""",-0.5622033,-0.038992286,-0.523211
"""CNR7248041""","""CID3850493""",-1.349332,-0.039174885,-1.3101571
"""CNR8823807""","""CID9242263""",0.0,-0.0017561018,0.0017561018
"""CNR3115295""","""CID8507090""",0.0,0.007757187,-0.007757187
"""CNR3534181""","""CID9170648""",-0.24042113,0.05739987,-0.297821
"""CNR5119492""","""CID4415636""",-1.918639,0.0057813227,-1.9244202
"""CNR6596779""","""CID9383170""",-0.38893598,0.018200994,-0.40713698
"""CNR9918785""","""CID1934290""",-1.4037875,0.011802614,-1.41559
"""CNR4407444""","""CID3265317""",0.003027254,-0.01244843,0.015475684
"""CNR4141190""","""CID5513357""",0.003027254,-0.01928705,0.022314304
"""CNR8867457""","""CID5946323""",0.013829263,0.06988287,-0.05605361
"""CNR1553905""","""CID8653963""",-0.9631934,-0.011816382,-0.95137703
"""CNR6749916""","""CID4155306""",0.013829263,-0.0058794916,0.019708754
"""CNR9557779""","""CID3864365""",-1.6018072,0.008600235,-1.6104075
"""CNR1083126""","""CID6733347""",-0.01214276,0.025169522,-0.03731228
"""CNR2908089""","""CID6899999""",-0.93349046,-0.0070379972,-0.92645246
"""CNR6266458""","""CID3574121""",0.013549859,0.0065405965,0.007009262
"""CNR1023590""","""CID6071377""",0.013549859,-0.06541172,0.07896157
"""CNR7432984""","""CID4944044""",-1.4681439,-0.038827956,-1.429316
"""CNR6521326""","""CID7640019""",5.5071034,-0.0011409521,5.5082445
"""CNR7799416""","""CID9129313""",0.013829263,0.028646141,-0.014816878
"""CNR3080239""","""CID9519618""",-2.0374508,-0.025783122,-2.0116677
"""CNR5065865""","""CID1084592""",1.6853215,0.024326801,1.6609946
"""CNR5520005""","""CID8627713""",0.0,-0.015011489,0.015011489
"""CNR7670281""","""CID4622882""",1.9179947,0.0022370815,1.9157577
"""CNR6764560""","""CID5583838""",0.013829263,0.032895327,-0.019066064
"""CNR6639663""","""CID1856864""",-0.898837,0.027039766,-0.92587674
"""CNR8570018""","""CID3119161""",-1.9631934,-0.07323992,-1.8899535
"""CNR9861100""","""CID4381035""",0.025039341,0.05840063,-0.03336129
"""CNR6151795""","""CID5358316""",3.57146,0.05273038,3.5187297
"""CNR9144001""","""CID8375999""",3.0071037,-0.015594572,3.0226982
"""CNR2059676""","""CID8834981""",2.3783908,-0.011387408,2.3897781
"""CNR3409803""","""CID4141480""",0.003027254,-0.001790762,0.0048180157
"""CNR1539386""","""CID4977170""",-0.0721043,-0.0020661354,-0.07003816
"""CNR5266523""","""CID6032626""",0.0,-0.017238855,0.017238855
"""CNR1766643""","""CID3382677""",0.013549859,0.043242395,-0.029692536
"""CNR7222390""","""CID7133240""",0.013549859,0.0119716525,0.0015782062
"""CNR6904008""","""CID4633039""",-0.9681439,0.016737878,-0.98488176
"""CNR6462479""","""CID3379530""",-0.42853993,-0.01551947,-0.41302046
"""CNR2203581""","""CID6293143""",0.0,0.0119098425,-0.0119098425
"""CNR5358883""","""CID7865202""",1.8833412,0.038178176,1.845163
"""CNR9652100""","""CID3244344""",0.025039341,0.0047985315,0.02024081
"""CNR3208964""","""CID8033901""",0.40314323,-0.011810452,0.41495368
"""CNR1859793""","""CID9411379""",-1.908738,-0.09853697,-1.810201
"""CNR1050782""","""CID9167773""",-1.9879459,-0.012095183,-1.9758507
"""CNR7680933""","""CID3868433""",3.6160145,-0.09024072,3.7062552
"""CNR8116957""","""CID8388620""",2.3932421,0.00024673343,2.3929954
"""CNR4846959""","""CID6986778""",0.013829263,-0.036089063,0.049918324
"""CNR2956527""","""CID9556231""",-0.6364607,0.010968804,-0.6474295
"""CNR3430212""","""CID3322335""",-0.84933203,0.035294652,-0.8846267
"""CNR4120478""","""CID2078382""",-0.12655975,0.0072082877,-0.13376804
"""CNR6830228""","""CID3913334""",0.003027254,0.0038768947,-0.0008496407
"""CNR2639534""","""CID1016051""",-1.359233,-0.053709656,-1.3055234
"""CNR5427287""","""CID7466172""",0.003027254,0.03495252,-0.03192527
"""CNR1887147""","""CID3848749""",-0.013278072,0.06594086,-0.07921893
"""CNR5406143""","""CID4770626""",-0.13151024,0.0030905604,-0.1346008
"""CNR7198306""","""CID9989141""",-2.2107182,-0.004427314,-2.2062907
"""CNR9363952""","""CID2377711""",-0.042401332,-0.03808421,-0.0043171234
"""CNR8059470""","""CID2971494""",0.0,-0.004713893,0.004713893
"""CNR8179911""","""CID4803041""",0.003027254,0.03397122,-0.030943966
"""CNR3380054""","""CID1332325""",-1.6612132,-0.009810388,-1.6514027
"""CNR4705588""","""CID2642676""",-0.51269835,0.006968856,-0.5196672
"""CNR7890211""","""CID4952885""",2.1061134,0.05733359,2.04878
"""CNR5049997""","""CID5763421""",0.013829263,-0.019908845,0.033738106
"""CNR6731599""","""CID6258529""",-0.0770548,0.013060391,-0.09011519
"""CNR3358902""","""CID1538840""",-1.3443816,-0.062039614,-1.282342
"""CNR2357907""","""CID6450239""",-2.2057676,-0.051337957,-2.1544297
"""CNR8160310""","""CID9914235""",0.003027254,-0.0010670424,0.004094296
"""CNR6870085""","""CID2666338""",1.8288858,-0.04979396,1.8786798
"""CNR2009485""","""CID1601998""",0.013549859,0.05159229,-0.038042434
"""CNR3811660""","""CID7489246""",0.025039341,-0.0051585436,0.030197885
"""CNR5805760""","""CID4822126""",-0.65131223,-0.042271078,-0.60904115
"""CNR2555018""","""CID9611999""",-0.013278072,-0.011674106,-0.0016039656
"""CNR8862779""","""CID9811616""",-0.9829954,0.027810186,-1.0108056
"""CNR7788546""","""CID3273610""",-0.1810152,0.002666235,-0.18368143
"""CNR8907201""","""CID8328880""",0.013829263,-0.08168936,0.09551862
"""CNR5275368""","""CID1038961""",1.7843313,-0.06460968,1.848941
"""CNR5709353""","""CID4941500""",-0.01214276,-0.015834987,0.0036922274
"""CNR8900146""","""CID6003203""",-0.6562627,0.046720147,-0.70298284
"""CNR8820894""","""CID6719740""",1.8981928,0.02825725,1.8699355
"""CNR2404012""","""CID6824579""",-0.42358944,0.018709779,-0.44229922
"""CNR2208699""","""CID6746069""",3.521955,0.064338386,3.4576166
"""CNR1735021""","""CID9481670""",-0.01214276,-0.07171926,0.0595765
"""CNR6419416""","""CID9574111""",1.2001729,-0.018529505,1.2187024
"""CNR1301568""","""CID4579948""",-1.4879459,-0.010133684,-1.4778123
"""CNR9724402""","""CID7137002""",-0.12655975,0.028758347,-0.1553181
"""CNR8154024""","""CID1819152""",0.013829263,0.015972465,-0.0021432023
"""CNR3422556""","""CID3340220""",-1.1661637,-0.03823468,-1.127929
"""CNR2625371""","""CID4255712""",-1.408738,-0.00957942,-1.3991586
"""CNR5553074""","""CID2674107""",17.75463,0.00058305264,17.754045
"""CNR5592778""","""CID6846416""",-1.849332,-0.020149231,-1.8291827
"""CNR3110561""","""CID9435267""",1.7001729,0.027152628,1.6730202
"""CNR1167529""","""CID4585093""",0.025039341,-0.003780663,0.028820004
"""CNR7782491""","""CID9149017""",0.5467076,-0.02093929,0.56764686
"""CNR7161820""","""CID1029421""",0.0,0.048628807,-0.048628807
"""CNR7080399""","""CID8358718""",-1.809728,0.092431545,-1.9021596
"""CNR6332871""","""CID5604712""",2.7793808,0.0132210255,2.7661598
"""CNR5817428""","""CID3259792""",0.013829263,0.008093387,0.005735876
"""CNR2945151""","""CID9514039""",-0.36418352,0.016472787,-0.3806563
"""CNR5610727""","""CID6336198""",1.140767,-0.04234636,1.1831133
"""CNR1047034""","""CID1367246""",-1.5424013,0.05206704,-1.5944684
"""CNR3075574""","""CID1474945""",0.2397769,0.045828044,0.19394885
"""CNR5013706""","""CID2005672""",0.013829263,-0.00090265274,0.014731916
"""CNR4442602""","""CID2137170""",-2.1562626,-0.09949654,-2.056766
"""CNR2837170""","""CID3176366""",-2.2206192,0.05371657,-2.2743359
"""CNR9527997""","""CID4539082""",-0.19586667,0.030008495,-0.22587517
"""CNR8878206""","""CID9508420""",0.36353928,0.0100978315,0.35344145
"""CNR8420646""","""CID5878218""",0.013829263,-0.02799952,0.04182878
"""CNR4952630""","""CID4677672""",2.3684897,-0.029788077,2.3982778
"""CNR6007354""","""CID5589040""",-0.5671538,-0.08676708,-0.48038673
"""CNR6821482""","""CID3957026""",-0.9631934,-0.018593878,-0.9445995
"""CNR3992546""","""CID9574115""",1.4625492,-0.045382917,1.5079322
"""CNR8554433""","""CID3395286""",-0.6711142,0.019824028,-0.69093823
"""CNR3446686""","""CID7329977""",2.1259155,0.0006787777,2.1252367
"""CNR3476893""","""CID1158892""",0.003027254,-0.09106845,0.0940957
"""CNR2223519""","""CID1874572""",-0.013278072,-0.022498846,0.009220774
"""CNR8164304""","""CID1715534""",-1.9631934,-0.010868311,-1.9523251
"""CNR6882660""","""CID9121537""",0.003027254,0.008163959,-0.005136705
"""CNR9575767""","""CID2082715""",-0.013278072,0.0038732588,-0.01715133
"""CNR1275868""","""CID1542626""",-0.8196291,0.025370538,-0.8449996
"""CNR6000755""","""CID5742208""",2.120965,-0.005824387,2.1267893
"""CNR1753649""","""CID1052326""",-0.013278072,0.043476284,-0.056754354
"""CNR6939731""","""CID3634344""",0.0,0.044566035,-0.044566035
"""CNR4274030""","""CID6308606""",-1.0126984,-0.04990524,-0.9627932
"""CNR6178712""","""CID8819795""",0.003027254,0.02362749,-0.020600235
"""CNR9646369""","""CID2665603""",0.36848977,-0.044200897,0.41269067
"""CNR2359007""","""CID9896180""",-1.92854,-0.0871017,-1.8414383
"""CNR9740345""","""CID3992555""",-0.013278072,-0.017081916,0.0038038446
"""CNR4834206""","""CID8686907""",0.0,-0.033339262,0.033339262
"""CNR5517623""","""CID1479568""",-0.8542825,-0.06957728,-0.7847052
"""CNR9484347""","""CID7568341""",0.013549859,0.0146381855,-0.0010883268
"""CNR6172498""","""CID2152645""",1.3239353,0.0014606118,1.3224747
"""CNR3951050""","""CID4708442""",2.57146,-0.061833024,2.6332932
"""CNR7054627""","""CID9082369""",-0.82457954,0.067257285,-0.8918368
"""CNR5119405""","""CID2508763""",-2.0770547,-0.018655628,-2.0583992
"""CNR4198729""","""CID4496413""",0.003027254,0.005192399,-0.002165145
"""CNR5022934""","""CID9214354""",1.710074,-0.014691055,1.7247651
"""CNR1733141""","""CID7559197""",0.013829263,-0.09259015,0.106419414
"""CNR8986769""","""CID1885779""",1.7001729,0.03780693,1.6623659
"""CNR1443955""","""CID5461233""",-1.6018072,-0.023836315,-1.577971
"""CNR4279216""","""CID4290651""",2.2744303,0.00014087558,2.2742894
"""CNR4996172""","""CID8995581""",0.7001729,-0.01835227,0.7185252
"""CNR4088209""","""CID3742636""",-2.1562626,0.005780697,-2.1620433
"""CNR1161469""","""CID7159632""",-0.05230232,0.025726318,-0.078028634
"""CNR3351987""","""CID2676745""",-0.116658755,0.019141793,-0.13580054
"""CNR9551354""","""CID3114017""",0.003027254,-7.44164e-05,0.0031016704
"""CNR7868545""","""CID7365317""",-0.71071815,-0.012601405,-0.6981168
"""CNR9052615""","""CID3868378""",5.8585887,0.024157345,5.834431
"""CNR1316024""","""CID8929639""",2.1952224,0.060819566,2.1344028
"""CNR8564439""","""CID8948991""",2.8783908,0.012783766,2.865607
"""CNR7735771""","""CID8261556""",-1.0275499,0.033729166,-1.061279
"""CNR7908610""","""CID7755899""",0.9922521,-0.005030602,0.99728274
"""CNR7046942""","""CID1556198""",-1.2998271,0.02894196,-1.3287691
"""CNR6992804""","""CID4158759""",2.1358166,-0.0144917965,2.1503084
"""CNR5154722""","""CID5007820""",0.025039341,-0.02460128,0.049640622
"""CNR4332477""","""CID6203666""",-1.82953,0.032604903,-1.8621349
"""CNR1083201""","""CID1717468""",-1.6364608,0.0056169927,-1.6420778
"""CNR4856926""","""CID6345310""",0.56650954,0.00044894218,0.5660606
"""CNR7080033""","""CID6809979""",0.003027254,0.00067707896,0.002350175
"""CNR7192334""","""CID2717187""",-1.7849755,-0.027552783,-1.7574227
"""CNR1905633""","""CID9425083""",-2.1364608,0.022021264,-2.158482
"""CNR3206511""","""CID2202056""",-0.007747865,-0.039825022,0.032077156
"""CNR1227188""","""CID6630607""",-1.0077479,-0.047976375,-0.9597715
"""CNR1352177""","""CID7329555""",-0.9681439,0.035880506,-1.0040244
"""CNR9894037""","""CID8265128""",-0.2800251,0.0008044541,-0.28082955
"""CNR1852232""","""CID5004786""",0.45264816,-0.0047839284,0.4574321
"""CNR1245279""","""CID3345156""",0.025039341,-0.013618946,0.038658287
"""CNR2554407""","""CID5861097""",0.29423234,-0.008585453,0.3028178
"""CNR6958689""","""CID9051940""",2.8932421,-0.010331333,2.9035735
"""CNR6998198""","""CID6229551""",0.8635393,0.022143126,0.84139615
"""CNR4026979""","""CID3424050""",-1.5572528,0.019806504,-1.5770593
"""CNR9366393""","""CID6995953""",0.003027254,-0.010786533,0.013813787
"""CNR6925518""","""CID9098396""",0.013549859,-0.00016751885,0.013717378
"""CNR7871423""","""CID2416802""",0.0,0.012077749,-0.012077749
"""CNR4377293""","""CID1079964""",-2.0275497,-0.005409211,-2.0221405
"""CNR9595864""","""CID2191666""",-0.8641835,-0.04952231,-0.81466115
"""CNR3175179""","""CID6662597""",-1.2404212,-0.007927299,-1.2324939
"""CNR5416282""","""CID2706468""",2.9526482,-0.031817794,2.984466
"""CNR6329152""","""CID1404055""",-1.349332,0.023112386,-1.3724444
"""CNR3696184""","""CID7626981""",-1.7503221,0.00071692467,-1.751039
"""CNR7805595""","""CID6688635""",0.003027254,0.050567865,-0.047540613
"""CNR5350701""","""CID1035063""",1.6160145,-0.022068799,1.6380832
"""CNR6457895""","""CID6890206""",-1.2404212,0.019317985,-1.2597392
"""CNR1065263""","""CID7572096""",-1.1414112,0.031343073,-1.1727543
"""CNR7967044""","""CID2731324""",0.003027254,-0.0073263645,0.010353618
"""CNR7680991""","""CID8609572""",0.38829175,0.018936038,0.3693557
"""CNR8424882""","""CID8857065""",0.003027254,0.07510376,-0.07207651
"""CNR9252320""","""CID2606123""",-1.0275499,0.0024864674,-1.0300363
"""CNR3736688""","""CID9290643""",0.640767,-0.002120614,0.6428876
"""CNR3096452""","""CID2506033""",0.56650954,0.02700138,0.53950816
"""CNR6966968""","""CID6915472""",0.10611352,0.014234841,0.09187868
"""CNR4781925""","""CID2388342""",0.013549859,-0.028703451,0.042253308
"""CNR5217134""","""CID2238588""",-0.7503221,-0.07539874,-0.67492336
"""CNR8525068""","""CID7339295""",0.003027254,-0.030997127,0.03402438
"""CNR2619641""","""CID2250844""",0.003027254,0.0042481124,-0.0012208584
"""CNR6461585""","""CID7542942""",-2.0275497,0.024172097,-2.0517218
"""CNR7188191""","""CID2581660""",0.025039341,0.0035826564,0.021456685
"""CNR6195053""","""CID8136168""",-1.0919063,0.02572596,-1.1176323
"""CNR7776720""","""CID2935000""",-1.5225993,-0.04815194,-1.4744474
"""CNR3723961""","""CID5876188""",-0.5869558,0.030330062,-0.61728585
"""CNR8610300""","""CID9990920""",0.025039341,0.0046358705,0.02040347
"""CNR7074971""","""CID4202064""",0.025039341,-0.005415976,0.030455317
"""CNR4973413""","""CID4492368""",-0.01214276,0.016892195,-0.029034954
"""CNR7183806""","""CID4710569""",0.003027254,-0.012795627,0.015822882
"""CNR1244683""","""CID1646499""",-2.0968568,0.03840357,-2.1352603
"""CNR3503080""","""CID3923657""",-0.4681439,0.04756564,-0.5157095
"""CNR9577462""","""CID9637297""",0.47245017,-0.0041609406,0.4766111
"""CNR9662497""","""CID8751859""",0.6902719,0.010024846,0.68024707
"""CNR4976568""","""CID6156839""",0.47740066,-0.022022963,0.49942362
"""CNR9904376""","""CID6273652""",0.15561847,-0.018226147,0.17384462
"""CNR2609998""","""CID3242970""",1.9823512,-0.016160905,1.998512
"""CNR5616171""","""CID6374104""",-0.013278072,-0.008470416,-0.0048076557
"""CNR5436721""","""CID3109285""",-0.7998271,0.003386438,-0.80321354
"""CNR8486373""","""CID3236855""",2.3239353,-0.024712205,2.3486476
"""CNR9350406""","""CID8312156""",0.013549859,-0.03668171,0.05023157
"""CNR9677000""","""CID1205837""",-2.1859658,-0.0041586757,-2.181807
"""CNR9744368""","""CID8401018""",0.013549859,0.030851185,-0.017301327
"""CNR5026262""","""CID7355200""",1.2397768,-0.06404066,1.3038175
"""CNR2157268""","""CID3869231""",1.1754204,0.090399444,1.085021
"""CNR1524488""","""CID5081543""",-0.7602231,-0.025294542,-0.73492855
"""CNR8794248""","""CID6008161""",3.848688,-0.05497697,3.9036648
"""CNR8719940""","""CID8054822""",3.5021532,0.015633583,3.4865196
"""CNR6453805""","""CID4436693""",0.013829263,-0.037136286,0.050965548
"""CNR3108429""","""CID6770995""",0.0,0.009606659,-0.009606659
"""CNR3679131""","""CID9414529""",0.013549859,-0.0039314628,0.017481321
"""CNR7945350""","""CID3252516""",1.0318561,-0.05607736,1.0879334
"""CNR5343863""","""CID9918941""",2.07146,-0.023727566,2.0951877
"""CNR4357017""","""CID6633981""",0.013549859,-0.011677742,0.0252276
"""CNR4964213""","""CID5947730""",4.5665097,-0.051821828,4.6183314
"""CNR9919190""","""CID9804197""",-1.2255696,-0.005284488,-1.2202852
"""CNR7753489""","""CID8963355""",1.0566086,-0.0034287572,1.0600374
"""CNR5979205""","""CID4306351""",-1.8443816,0.03512776,-1.8795093
"""CNR2048119""","""CID8763468""",0.0,0.029807061,-0.029807061
"""CNR4920013""","""CID1127253""",-1.8344805,-0.037581623,-1.7968988
"""CNR7452150""","""CID6157244""",0.003027254,-0.0055136383,0.008540892
"""CNR9921547""","""CID8880204""",3.3189847,0.00532645,3.3136582
"""CNR6517359""","""CID4752900""",0.013549859,0.04564756,-0.032097705
"""CNR3438724""","""CID1422329""",0.24967788,0.0035638511,0.24611403
"""CNR2597802""","""CID2975346""",1.601163,0.044183522,1.5569795
"""CNR8624914""","""CID6544180""",-0.25032213,0.02843815,-0.27876028
"""CNR3801548""","""CID3148849""",0.29918283,-0.011811137,0.31099397
"""CNR8666314""","""CID5849649""",3.1457174,0.009952009,3.1357653
"""CNR3008857""","""CID4216406""",-1.2305201,0.02592051,-1.2564406
"""CNR5801922""","""CID8424047""",0.025039341,-0.0027438402,0.027783182
"""CNR7501488""","""CID1267853""",-0.84933203,-0.042523295,-0.8068087
"""CNR2372130""","""CID3129532""",1.2348264,-0.022786379,1.2576128
"""CNR6445444""","""CID7462864""",-1.849332,0.020719767,-1.8700517
"""CNR2890635""","""CID7838392""",8.3239355,0.01445514,8.309481
"""CNR3878024""","""CID7629308""",1.9674996,-0.019376993,1.9868766
"""CNR5214308""","""CID4803521""",0.003027254,0.0030504465,-2.3192493e-05
"""CNR9880803""","""CID5046597""",0.025039341,-0.06316066,0.0882
"""CNR1541219""","""CID8062944""",-1.8839855,0.0048627853,-1.8888483
"""CNR8251717""","""CID7936769""",0.26452938,-0.06463939,0.32916877
"""CNR6097917""","""CID4388208""",0.003027254,0.04216945,-0.0391422
"""CNR3442833""","""CID3326826""",2.091262,0.02311349,2.0681486
"""CNR7415588""","""CID7371454""",-0.12655975,-0.013664961,-0.11289479
"""CNR9021004""","""CID5031815""",-1.8047776,0.016075969,-1.8208536
"""CNR4094500""","""CID6527328""",-0.49289638,-0.032559305,-0.46033707
"""CNR7833784""","""CID9880983""",0.34868777,0.03683862,0.31184915
"""CNR7008515""","""CID8644996""",0.025039341,0.0016126633,0.023426678
"""CNR2720195""","""CID5320129""",0.30413333,-0.022762477,0.3268958
"""CNR7439782""","""CID5613722""",0.025039341,-0.0019181371,0.026957478
"""CNR4235490""","""CID4716672""",-0.7057677,-0.027976066,-0.6777916
"""CNR3144478""","""CID8208181""",-0.44339144,0.049034238,-0.49242568
"""CNR6012400""","""CID6767339""",-1.4928964,-0.03440374,-1.4584928
"""CNR5610781""","""CID7540658""",-0.36418352,-0.0072868764,-0.35689664
"""CNR3344141""","""CID1344479""",0.025039341,0.061386406,-0.036347065
"""CNR5983472""","""CID6733168""",0.025039341,-0.04305303,0.068092376
"""CNR8366808""","""CID5352009""",-1.9037875,0.010934532,-1.914722
"""CNR2205689""","""CID3855832""",-0.23547064,-0.006808698,-0.22866194
"""CNR7235972""","""CID1412300""",0.003027254,6.467104e-06,0.003020787
"""CNR3766529""","""CID7083860""",0.0,0.013381869,-0.013381869
"""CNR2046767""","""CID4445273""",1.9179947,-0.07237613,1.9903709
"""CNR2144096""","""CID5280309""",0.013829263,-0.00020694733,0.01403621
"""CNR4182228""","""CID3799877""",0.0,0.04363537,-0.04363537
"""CNR5462764""","""CID3014176""",-0.7602231,-0.02639839,-0.73382473
"""CNR2327502""","""CID1330075""",0.0,0.0744195,-0.0744195
"""CNR7518583""","""CID1194284""",-0.4681439,-0.03879568,-0.42934823
"""CNR9261261""","""CID4577674""",-0.5176489,-0.08410686,-0.433542
"""CNR2356464""","""CID1452209""",-2.1265597,0.036375105,-2.1629348
"""CNR7312485""","""CID8537373""",0.003027254,0.013482004,-0.010454751
"""CNR8902811""","""CID1235162""",-0.7602231,0.0010316074,-0.76125467
"""CNR9175170""","""CID3184914""",0.013829263,0.05057481,-0.03674555
"""CNR7087109""","""CID5940081""",0.4278957,0.02082181,0.4070739
"""CNR2361300""","""CID5176866""",0.003027254,-0.052526683,0.055553935
"""CNR9447710""","""CID8115499""",-0.5869558,0.00095039606,-0.5879062
"""CNR8029382""","""CID7693482""",-0.68596566,0.038678378,-0.72464406
"""CNR6256038""","""CID7114592""",-2.0275497,-0.00679183,-2.020758
"""CNR2869621""","""CID4105260""",0.0,0.014760524,-0.014760524
"""CNR9240688""","""CID2598914""",0.013549859,-0.004660547,0.018210405
"""CNR6443730""","""CID6005801""",-0.93349046,0.04025501,-0.97374547
"""CNR3019359""","""CID8098567""",-0.7552726,0.0006019473,-0.7558746
"""CNR8549069""","""CID3249817""",-0.11170826,0.04265061,-0.15435886
"""CNR7921690""","""CID5199774""",0.013549859,0.0037082434,0.009841615
"""CNR4035017""","""CID9728829""",-0.92358947,-0.02471286,-0.8988766
"""CNR3540313""","""CID3491635""",1.0120541,0.021827936,0.99022615
"""CNR1816265""","""CID6136558""",2.2744303,-0.06145367,2.3358839
"""CNR3043954""","""CID8340508""",-0.013278072,0.052486956,-0.06576503
"""CNR8597400""","""CID1684058""",0.0,0.008433461,-0.008433461
"""CNR4724957""","""CID9367677""",0.0,-0.018740714,0.018740714
"""CNR3341652""","""CID6962209""",0.013829263,0.030840337,-0.017011074
"""CNR7345598""","""CID3412965""",-0.013278072,0.035259426,-0.048537496
"""CNR4373936""","""CID3535256""",0.013829263,0.00068062544,0.0131486375
"""CNR1190150""","""CID6749835""",-1.8542825,-0.0577465,-1.796536
"""CNR2027560""","""CID1992708""",0.003027254,0.032759607,-0.029732352
"""CNR3166166""","""CID7582622""",2.091262,0.005971253,2.085291
"""CNR6132483""","""CID8329350""",0.0,0.060667634,-0.060667634
"""CNR7995973""","""CID7218349""",0.003027254,0.029964268,-0.026937013
"""CNR7572047""","""CID8664266""",0.0,0.056221664,-0.056221664
"""CNR4985351""","""CID5179679""",-1.6265597,-0.04322058,-1.5833392
"""CNR5687515""","""CID2086086""",3.8288858,-0.06192875,3.8908145
"""CNR2531243""","""CID2174769""",-1.898837,-0.006956637,-1.8918803
"""CNR3158793""","""CID8513530""",-1.898837,0.00606215,-1.9048991
"""CNR2527814""","""CID9390199""",0.013549859,-0.010766745,0.024316603
"""CNR9206478""","""CID3070661""",0.003027254,0.013169706,-0.010142452
"""CNR5549615""","""CID3635263""",0.013549859,-0.009522736,0.023072595
"""CNR2323237""","""CID3436262""",-1.82953,-0.012845695,-1.8166842
"""CNR6735990""","""CID8769238""",1.5071036,0.009539664,1.4975638
"""CNR7338517""","""CID1205786""",-1.6958667,0.047697186,-1.7435639
"""CNR4380913""","""CID3306000""",1.1754204,-0.023527682,1.1989481
"""CNR7235670""","""CID6104454""",-1.7156687,-0.06751782,-1.6481509
"""CNR5629449""","""CID8673299""",-1.3245796,-0.003120482,-1.321459
"""CNR9132577""","""CID5806526""",-0.017648855,-0.017077565,-0.00057129003
"""CNR3007540""","""CID9363963""",0.8437373,-0.022543788,0.8662811
"""CNR4923028""","""CID2309519""",0.013549859,-0.016364098,0.029913956
"""CNR2812754""","""CID8724409""",-2.1711142,-0.048309296,-2.1228049
"""CNR3323881""","""CID3954248""",0.013549859,-0.017392725,0.030942583
"""CNR6362077""","""CID7986850""",2.4377966,0.049637645,2.388159
"""CNR3304838""","""CID7880849""",3.482351,-0.052461356,3.5348125
"""CNR9337325""","""CID2819000""",-1.0523024,0.050017357,-1.1023197
"""CNR2618492""","""CID7010009""",-0.9136885,0.027944088,-0.94163257
"""CNR9889694""","""CID7313542""",0.003027254,-0.026850075,0.02987733
"""CNR5183136""","""CID8125057""",-0.7899261,-0.017848492,-0.7720776
"""CNR7808390""","""CID6126517""",1.4526482,0.039118767,1.4135294
"""CNR8016039""","""CID8983145""",0.025039341,0.00241673,0.022622611
"""CNR7780823""","""CID1985297""",-1.9928964,-0.014857948,-1.9780385
"""CNR4367883""","""CID2375303""",0.025039341,-0.0028020144,0.027841356
"""CNR2728923""","""CID5620991""",0.025039341,-0.015893549,0.04093289
"""CNR5954154""","""CID6152107""",0.025039341,0.0017068386,0.023332503
"""CNR5269729""","""CID1367167""",-0.013278072,-0.017119884,0.0038418127
"""CNR4703343""","""CID9094479""",-0.67606467,-0.06942424,-0.60664046
"""CNR6409504""","""CID6265323""",4.591262,0.013941884,4.57732
"""CNR9870039""","""CID5987886""",-1.1760647,0.027484596,-1.2035494
"""CNR5257001""","""CID4188143""",0.0,0.004232943,-0.004232943
"""CNR9882291""","""CID3687096""",-0.38893598,0.080024004,-0.46896
"""CNR7176237""","""CID4861736""",0.013829263,0.021463811,-0.0076345485
"""CNR7262954""","""CID9925377""",0.003027254,0.0039808154,-0.0009535614
"""CNR2169431""","""CID8023745""",0.003027254,-0.009110272,0.012137526
"""CNR3479734""","""CID6648571""",-2.151312,-0.03272116,-2.1185908
"""CNR8571593""","""CID5991877""",0.021955105,0.006849885,0.01510522
"""CNR9948771""","""CID4170635""",0.003027254,0.02079004,-0.017762786
"""CNR2058821""","""CID9009666""",-0.23547064,0.0016083121,-0.23707895
"""CNR6577532""","""CID2855991""",0.025039341,0.009836912,0.015202429
"""CNR4191089""","""CID1467771""",0.0,0.0033335388,-0.0033335388
"""CNR8043642""","""CID4750092""",0.013549859,0.007903248,0.0056466106
"""CNR4263145""","""CID1637776""",-1.7602232,-0.043489754,-1.7167335
"""CNR3846549""","""CID3741553""",-0.0721043,0.05234644,-0.124450736
"""CNR9342869""","""CID6531581""",0.013549859,0.037011206,-0.023461347
"""CNR9763669""","""CID1097587""",0.30908382,-0.038049877,0.3471337
"""CNR7962327""","""CID4384546""",1.190272,-0.021416515,1.2116885
"""CNR6841302""","""CID8949646""",1.0962125,0.008425236,1.0877873
"""CNR5719500""","""CID7048735""",-0.1760647,-0.0592483,-0.1168164
"""CNR1068102""","""CID7440692""",0.003027254,0.013924181,-0.010896928
"""CNR7228235""","""CID2810999""",-0.42358944,0.03460881,-0.45819825
"""CNR2998708""","""CID1061110""",-0.8443815,-0.022807896,-0.8215736
"""CNR1498736""","""CID6529120""",-1.3146785,-0.034550846,-1.2801278
"""CNR2349693""","""CID4242482""",-0.4780449,-0.004925579,-0.47311932
"""CNR9617533""","""CID9160883""",0.0,-0.010919869,0.010919869
"""CNR8418355""","""CID2203623""",0.0,0.018954456,-0.018954456
"""CNR5086608""","""CID8655342""",-0.25527263,-0.006619334,-0.2486533
"""CNR7758924""","""CID9347666""",-1.7057676,-0.004869044,-1.7008986
"""CNR7498722""","""CID2771392""",0.013829263,-0.005920619,0.019749882
"""CNR8577262""","""CID6955421""",0.003027254,0.015158951,-0.0121316975
"""CNR8981057""","""CID2697121""",1.3140343,0.009856105,1.3041782
"""CNR7898238""","""CID5528740""",1.6803709,0.035837054,1.6445339
"""CNR6086446""","""CID9635529""",-2.2107182,0.022666067,-2.2333841
"""CNR6813723""","""CID3252851""",1.4130442,0.03230399,1.3807402
"""CNR9362241""","""CID6799020""",-2.0919063,-0.013963968,-2.0779424
"""CNR5082329""","""CID1913729""",0.013829263,-0.0043701828,0.018199446
"""CNR7042961""","""CID4216502""",-0.01214276,0.033468604,-0.045611363
"""CNR5064384""","""CID6659937""",0.013829263,-0.004651606,0.018480869
"""CNR6393069""","""CID4967213""",2.348688,0.0013020039,2.347386
"""CNR7712862""","""CID3900201""",0.0,-0.0032064319,0.0032064319
"""CNR9318141""","""CID8747038""",-2.0770547,0.007290393,-2.084345
"""CNR5566088""","""CID2885246""",-1.1364608,-0.02628082,-1.1101799
"""CNR1096042""","""CID2994119""",0.003027254,0.06365913,-0.06063188
"""CNR8859121""","""CID3738222""",1.8338363,-0.025800884,1.8596373
"""CNR5578741""","""CID9627854""",-1.4582429,0.008515984,-1.4667588
"""CNR2220049""","""CID9810204""",-0.48794588,-0.058752418,-0.42919347
"""CNR2657991""","""CID1413716""",0.0,-0.03228298,0.03228298
"""CNR3491586""","""CID9221731""",-2.2206192,-0.0031087995,-2.2175105
"""CNR3783453""","""CID7249917""",0.025039341,0.10380185,-0.0787625
"""CNR1470857""","""CID1514872""",-0.29487658,0.00027823448,-0.2951548
"""CNR9641283""","""CID3676934""",0.013549859,0.006949395,0.0066004638
"""CNR1948103""","""CID7407580""",0.003027254,-0.023860514,0.026887769
"""CNR6588066""","""CID4774503""",-0.20081717,0.023326397,-0.22414356
"""CNR5261185""","""CID6640576""",0.34868777,0.0009599328,0.34772784
"""CNR4881419""","""CID4655385""",-1.5622033,0.016024709,-1.578228
"""CNR5365251""","""CID5962876""",0.013549859,-0.024528414,0.03807827
"""CNR8437817""","""CID5091711""",0.013549859,0.05766782,-0.044117965
"""CNR2918765""","""CID8632954""",2.4377966,-0.029460192,2.4672568
"""CNR9392347""","""CID4333271""",-0.9978469,-0.025703609,-0.9721433
"""CNR6514964""","""CID1687550""",-0.4681439,-0.03816551,-0.4299784
"""CNR7960606""","""CID8959862""",-1.0770547,-0.026893914,-1.0501609
"""CNR1712831""","""CID7711283""",0.025039341,-0.02391985,0.048959192
"""CNR3226720""","""CID9008614""",0.025039341,0.03394252,-0.008903179
"""CNR4066304""","""CID1742421""",-2.0622034,-0.05520916,-2.0069942
"""CNR4467754""","""CID8530517""",-0.49784687,0.072547555,-0.5703944
"""CNR6184747""","""CID2843136""",-0.2701241,-0.08481699,-0.18530712
"""CNR9594633""","""CID3832631""",-0.6909162,-0.011207014,-0.6797092
"""CNR3023784""","""CID8526440""",0.025039341,-0.06766802,0.092707366
"""CNR4253233""","""CID5592202""",-0.05230232,-0.013410211,-0.03889211
"""CNR3929027""","""CID9146622""",0.0,-0.0025411844,0.0025411844
"""CNR3983324""","""CID3707178""",0.95264816,-0.06503606,1.0176842
"""CNR9120957""","""CID9443560""",-1.6810151,0.012705207,-1.6937203
"""CNR7885294""","""CID7504611""",-0.73547065,-0.0073788166,-0.72809184
"""CNR2972372""","""CID4850544""",0.0,0.036289036,-0.036289036
"""CNR5753188""","""CID4347322""",0.025039341,0.014253676,0.010785665
"""CNR7629964""","""CID7898981""",-0.057252817,-0.008156896,-0.04909592
"""CNR8566517""","""CID6305335""",-2.0869558,-0.0012357831,-2.08572
"""CNR9941791""","""CID9546143""",0.0,0.016014218,-0.016014218
"""CNR6321527""","""CID1106907""",0.003027254,0.0002399683,0.0027872857
"""CNR8132823""","""CID9242522""",-0.6711142,-0.0017828643,-0.6693313
"""CNR6663565""","""CID4952889""",-1.3344805,0.038776934,-1.3732574
"""CNR3636875""","""CID2734315""",-0.78002506,0.0005503893,-0.78057545
"""CNR9809132""","""CID5910024""",-0.5176489,-0.033887535,-0.48376134
"""CNR8241661""","""CID6734605""",0.025039341,-0.006046653,0.031085994
"""CNR2199443""","""CID6137398""",-0.7849756,-0.0002850294,-0.78469056
"""CNR3618787""","""CID7776677""",-0.5622033,-0.009119868,-0.5530834
"""CNR1511108""","""CID4209404""",0.003027254,-0.016604066,0.01963132
"""CNR8997114""","""CID2968675""",0.0,-0.0061504245,0.0061504245
"""CNR1277447""","""CID2988334""",0.013829263,-0.006921768,0.020751031
"""CNR4456820""","""CID8568923""",-0.013278072,0.017135799,-0.03041387
"""CNR6348966""","""CID9561817""",-1.7552726,-0.009911776,-1.7453609
"""CNR6743230""","""CID4488936""",0.013829263,-0.049324334,0.063153595
"""CNR6348242""","""CID6666965""",-0.54735184,0.0069633126,-0.55431515
"""CNR2133365""","""CID1370365""",0.7150244,0.04482162,0.6702028
"""CNR7522477""","""CID3759054""",0.5467076,0.016702771,0.5300048
"""CNR6411473""","""CID9437847""",-2.0126984,0.039083123,-2.0517817
"""CNR9412861""","""CID9374291""",-2.0225995,-0.0050776005,-2.0175219
"""CNR6337602""","""CID3978579""",0.025039341,-0.0041987896,0.02923813
"""CNR1900225""","""CID8762930""",-1.5770547,-0.008295357,-1.5687594
"""CNR1437837""","""CID6832146""",0.003027254,-0.017014116,0.02004137
"""CNR8538223""","""CID3644406""",0.26947987,-0.011050433,0.2805303
"""CNR1930212""","""CID9569577""",-0.08200529,-0.02621454,-0.055790752
"""CNR7202415""","""CID6741638""",-1.4582429,-0.010630339,-1.4476125
"""CNR2647125""","""CID9641231""",-1.9433914,0.04789126,-1.9912827
"""CNR6614375""","""CID8368438""",0.0,-0.0052887797,0.0052887797
"""CNR9601469""","""CID4360985""",1.9229453,0.0751853,1.84776
"""CNR9934786""","""CID4495930""",0.003027254,-0.024469018,0.027496273
"""CNR6645152""","""CID5769023""",0.7447274,0.011161268,0.7335661
"""CNR3252862""","""CID5399688""",-0.41368845,-0.050923437,-0.362765
"""CNR4281265""","""CID1924395""",-0.013278072,0.049224406,-0.06250248
"""CNR7004753""","""CID1037260""",0.87344027,-0.013490707,0.88693094
"""CNR5904510""","""CID3928731""",-0.5325003,-0.032237887,-0.50026244
"""CNR2926263""","""CID5053010""",-0.6612132,0.028419673,-0.6896329
"""CNR8978766""","""CID1616894""",-1.5126984,0.02022481,-1.5329232
"""CNR3246721""","""CID7612411""",-0.8740845,-0.010017633,-0.86406684
"""CNR4824149""","""CID6977165""",-1.9780449,-0.008735806,-1.9693091
"""CNR6404551""","""CID1972556""",0.0,0.015992582,-0.015992582
"""CNR4581955""","""CID5506451""",-0.46319342,0.033851773,-0.4970452
"""CNR9907493""","""CID6858115""",0.0,-0.013545334,0.013545334
"""CNR4564694""","""CID4657818""",-1.8146785,-0.011506915,-1.8031716
"""CNR8369518""","""CID6497235""",3.4972026,-0.026775956,3.5239787
"""CNR2311366""","""CID7611736""",2.9179947,-0.036390036,2.9543848
"""CNR7144637""","""CID5476497""",-0.26022312,0.014832228,-0.27505535
"""CNR1673268""","""CID6132783""",2.101163,0.041304886,2.059858
"""CNR1441285""","""CID2122447""",0.003027254,0.022786975,-0.01975972
"""CNR7683371""","""CID4682663""",-0.2651736,0.024822295,-0.2899959
"""CNR8096153""","""CID6279767""",4.809084,-0.0447883,4.8538723
"""CNR5794331""","""CID8821489""",0.7348264,-0.015022159,0.74984854
"""CNR1937123""","""CID6464531""",0.9031432,0.011705726,0.89143753
"""CNR2699939""","""CID9535075""",1.7843313,-0.008880258,1.7932116
"""CNR5309916""","""CID5147091""",-1.6018072,0.040248185,-1.6420554
"""CNR9903421""","""CID9775807""",3.4377966,-0.0057064295,3.443503
"""CNR3313984""","""CID9792199""",0.003027254,0.020094216,-0.017066961
"""CNR9416970""","""CID1640776""",-1.8245796,-0.004738301,-1.8198413
"""CNR6695774""","""CID7848661""",-0.013278072,0.016946256,-0.030224327
"""CNR1774193""","""CID4350126""",0.6259155,-0.05673313,0.68264866
"""CNR1122915""","""CID2583872""",-0.21071815,-0.009207666,-0.20151049
"""CNR6463323""","""CID9207807""",1.8932422,0.015579343,1.8776629
"""CNR1589240""","""CID1303460""",0.025039341,0.06210947,-0.03707013
"""CNR3342832""","""CID6170463""",-1.1018072,-0.0055991113,-1.0962081
"""CNR6279074""","""CID4865368""",-1.0473518,0.050487936,-1.0978398
"""CNR7070361""","""CID3628681""",3.0269055,-0.03415847,3.061064
"""CNR1878353""","""CID5351696""",-0.2800251,-0.013429105,-0.266596
"""CNR7725509""","""CID5060399""",-0.12160925,0.003919363,-0.1255286
"""CNR8447539""","""CID4468915""",0.025039341,0.022967666,0.002071675
"""CNR3879372""","""CID5946693""",-1.7305201,0.04008442,-1.7706046
"""CNR4511897""","""CID9859895""",-1.5919063,0.00062966347,-1.592536
"""CNR2662214""","""CID2992269""",-2.1315103,0.0055643916,-2.1370747
"""CNR4853428""","""CID3373715""",-0.15626271,-0.0047646463,-0.15149806
"""CNR2436247""","""CID6766142""",0.003027254,-0.004247606,0.0072748596
"""CNR2402677""","""CID7612137""",0.025039341,-0.013044596,0.038083937
"""CNR3826778""","""CID1055809""",-0.013278072,0.040224135,-0.053502206
"""CNR8692354""","""CID5604192""",0.013829263,-0.0038006306,0.017629893
"""CNR3299936""","""CID8315079""",-0.7701241,-0.02299571,-0.74712837
"""CNR5573861""","""CID9364108""",-1.4829954,0.027741164,-1.5107366
"""CNR9610524""","""CID6627558""",-1.6265597,0.0021652281,-1.6287249
"""CNR5704236""","""CID5813068""",4.180371,0.008321047,4.1720495
"""CNR4685381""","""CID4813492""",0.03680659,0.02360326,0.01320333
"""CNR1526113""","""CID8246877""",-2.0523024,0.030275404,-2.0825777
"""CNR7039932""","""CID5711221""",-1.5820053,-0.04517895,-1.5368264
"""CNR6309358""","""CID6239378""",-1.6216092,0.022900462,-1.6445097
"""CNR4478270""","""CID1591810""",-1.418639,-0.029836863,-1.388802
"""CNR7929386""","""CID8695455""",-2.0671537,0.050242007,-2.1173956
"""CNR3300609""","""CID3324603""",1.7001729,0.0080654025,1.6921074
"""CNR8855419""","""CID6652708""",0.56650954,0.051299274,0.5152103
"""CNR8016144""","""CID3470336""",-1.0027974,-0.008238584,-0.9945588
"""CNR9656210""","""CID6993754""",0.0,-0.015708447,0.015708447
"""CNR1198961""","""CID7420800""",-2.1711142,0.06376463,-2.2348788
"""CNR2607827""","""CID8512157""",-1.5869558,0.014085799,-1.6010416
"""CNR5860801""","""CID3724179""",1.601163,0.027730167,1.5734329
"""CNR2207683""","""CID8731700""",-0.2800251,-0.001463294,-0.2785618
"""CNR5408466""","""CID1868442""",2.2249255,0.002819121,2.2221065
"""CNR5809258""","""CID4650168""",3.259579,0.020164907,3.239414
"""CNR9379999""","""CID5463404""",2.9724503,-0.04913175,3.0215821
"""CNR3783628""","""CID5106939""",-0.047351826,-0.0047175884,-0.042634238
"""CNR4441271""","""CID1024181""",-1.2354707,0.02854535,-1.264016
"""CNR1800566""","""CID6160616""",1.4972026,-0.025381118,1.5225837
"""CNR5544184""","""CID8107027""",0.003027254,0.0181607,-0.015133447
"""CNR5228526""","""CID1608342""",2.2348263,0.04147023,2.193356
"""CNR3756486""","""CID1926575""",0.003027254,-0.03621465,0.039241903
"""CNR6015446""","""CID1269723""",-2.2602232,0.023900717,-2.284124
"""CNR9003238""","""CID7343073""",0.0,-0.040640235,0.040640235
"""CNR5459401""","""CID6931400""",0.7942323,0.0450505,0.7491818
"""CNR3371417""","""CID2395380""",-2.1463618,-0.011356831,-2.135005
"""CNR4929002""","""CID3903633""",-1.1315103,0.023388386,-1.1548986
"""CNR3636328""","""CID4671761""",-1.8740845,-0.03311628,-1.8409681
