Booking ID,Customer ID,y_true,y_pred,residual
"""CNR4294153""","""CID8520403""",4.9,4.405237803582049,0.4947622917853822
"""CNR4989645""","""CID7123452""",4.3,4.405237803582049,-0.10523761284718613
"""CNR7122432""","""CID1882791""",4.6,4.405237803582049,0.19476210105051894
"""CNR6398323""","""CID4513453""",4.404214,4.405237803582049,-0.00102389824757676
"""CNR8314481""","""CID6557479""",4.9,4.405237803582049,0.4947622917853822
"""CNR7533723""","""CID9964339""",5.0,4.405237803582049,0.5947621964179506
"""CNR3093322""","""CID5113168""",5.0,4.405237803582049,0.5947621964179506
"""CNR1289896""","""CID4457744""",4.4021993,4.405237803582049,-0.003038535240984963
"""CNR3640503""","""CID9846064""",4.4098225,4.405237803582049,0.004584660407208396
"""CNR3266146""","""CID2410742""",4.4031615,4.405237803582049,-0.002076277855731057
"""CNR9457892""","""CID9651724""",4.4098225,4.405237803582049,0.004584660407208396
"""CNR3505424""","""CID4345363""",3.8,4.405237803582049,-0.6052378512657652
"""CNR7889926""","""CID6316953""",4.2,4.405237803582049,-0.2052379943169127
"""CNR2564507""","""CID5291830""",4.7,4.405237803582049,0.2947620056830873
"""CNR1751318""","""CID8482239""",4.404214,4.405237803582049,-0.00102389824757676
"""CNR9627366""","""CID6413363""",4.5,4.405237803582049,0.09476219641795058
"""CNR9586238""","""CID4644695""",3.3,4.405237803582049,-1.1052378512657652
"""CNR1884806""","""CID9505944""",3.9,4.405237803582049,-0.5052377082146178
"""CNR4667841""","""CID4330694""",4.6,4.405237803582049,0.19476210105051894
"""CNR7919810""","""CID2920654""",3.8,4.405237803582049,-0.6052378512657652
"""CNR9911911""","""CID1362855""",4.405319,4.405237803582049,8.14102851380838e-05
"""CNR6274611""","""CID2213484""",4.404214,4.405237803582049,-0.00102389824757676
"""CNR1649020""","""CID5096137""",4.6,4.405237803582049,0.19476210105051894
"""CNR8875554""","""CID4655926""",4.9,4.405237803582049,0.4947622917853822
"""CNR2183312""","""CID2667499""",4.4021993,4.405237803582049,-0.003038535240984963
"""CNR8691886""","""CID7702277""",4.1,4.405237803582049,-0.30523789894948106
"""CNR3149188""","""CID3422015""",4.405319,4.405237803582049,8.14102851380838e-05
"""CNR5481555""","""CID1190083""",4.3,4.405237803582049,-0.10523761284718613
"""CNR3312633""","""CID4588718""",4.3,4.405237803582049,-0.10523761284718613
"""CNR5674211""","""CID6534828""",4.2,4.487649406569887,-0.2876495973047506
"""CNR1992728""","""CID9561400""",4.3,4.405237803582049,-0.10523761284718613
"""CNR1129525""","""CID2016930""",4.4031615,4.405237803582049,-0.002076277855731057
"""CNR4829650""","""CID9784868""",4.4021993,4.405237803582049,-0.003038535240984963
"""CNR5680648""","""CID5270176""",4.4098225,4.405237803582049,0.004584660407208396
"""CNR7589512""","""CID5175391""",4.9,4.376986083790243,0.5230140115771889
"""CNR7778818""","""CID4987690""",4.1,4.405237803582049,-0.30523789894948106
"""CNR6471849""","""CID5600805""",4.4021993,4.405237803582049,-0.003038535240984963
"""CNR3335359""","""CID5771473""",4.5,4.405237803582049,0.09476219641795058
"""CNR6005957""","""CID9284061""",4.4042315,4.405237803582049,-0.0010062552727232443
"""CNR3869799""","""CID5757293""",4.9,4.405237803582049,0.4947622917853822
"""CNR9059539""","""CID4317373""",4.4021993,4.405237803582049,-0.003038535240984963
"""CNR9634541""","""CID5774499""",4.4021993,4.405237803582049,-0.003038535240984963
"""CNR2774245""","""CID8139154""",4.4042315,4.405237803582049,-0.0010062552727232443
"""CNR9186210""","""CID8519560""",4.9,4.405237803582049,0.4947622917853822
"""CNR7051684""","""CID2280043""",4.4021993,4.405237803582049,-0.003038535240984963
"""CNR3453364""","""CID6760746""",4.4098225,4.405237803582049,0.004584660407208396
"""CNR7761528""","""CID1133213""",4.4021993,4.405237803582049,-0.003038535240984963
"""CNR5841901""","""CID4504655""",4.2,4.405237803582049,-0.2052379943169127
"""CNR3944526""","""CID7729706""",4.405319,4.405237803582049,8.14102851380838e-05
"""CNR8214601""","""CID4176357""",4.4,4.405237803582049,-0.005237708214617776
"""CNR2673528""","""CID7566464""",3.3,4.405237803582049,-1.1052378512657652
"""CNR5009630""","""CID1050542""",4.4021993,4.405237803582049,-0.003038535240984963
"""CNR4709219""","""CID5751335""",4.1,4.405237803582049,-0.30523789894948106
"""CNR7050687""","""CID5432411""",4.4042315,4.405237803582049,-0.0010062552727232443
"""CNR5019844""","""CID4531900""",4.5,4.405237803582049,0.09476219641795058
"""CNR6602760""","""CID5703604""",4.5,4.405237803582049,0.09476219641795058
"""CNR4375711""","""CID7906441""",4.2,4.405237803582049,-0.2052379943169127
"""CNR7043018""","""CID8015057""",4.9,4.405237803582049,0.4947622917853822
"""CNR8181203""","""CID7768789""",3.3,4.405237803582049,-1.1052378512657652
"""CNR5474325""","""CID4478598""",5.0,4.405237803582049,0.5947621964179506
"""CNR4337572""","""CID8969606""",4.2,4.405237803582049,-0.2052379943169127
"""CNR9996733""","""CID9417976""",4.5,4.405237803582049,0.09476219641795058
"""CNR8393653""","""CID8803448""",4.9,4.405237803582049,0.4947622917853822
"""CNR4270676""","""CID8835110""",4.9,4.405237803582049,0.4947622917853822
"""CNR4439046""","""CID8497894""",4.4042315,4.405237803582049,-0.0010062552727232443
"""CNR8958589""","""CID5333980""",3.7,4.405237803582049,-0.7052377558983336
"""CNR2585517""","""CID1309526""",4.4031615,4.405237803582049,-0.002076277855731057
"""CNR8046133""","""CID5411634""",4.4,4.405237803582049,-0.005237708214617776
"""CNR4879653""","""CID9826469""",4.2,4.405237803582049,-0.2052379943169127
"""CNR7176696""","""CID1845670""",4.6,4.487649406569887,0.11235049806268105
"""CNR8394729""","""CID2665969""",4.3,4.405237803582049,-0.10523761284718613
"""CNR4254145""","""CID9156504""",4.2,4.405237803582049,-0.2052379943169127
"""CNR9169359""","""CID7357177""",4.4021993,4.405237803582049,-0.003038535240984963
"""CNR5856418""","""CID4857055""",4.6,4.405237803582049,0.19476210105051894
"""CNR7513316""","""CID2226649""",4.2,4.405237803582049,-0.2052379943169127
"""CNR2771423""","""CID1619266""",4.9,4.405237803582049,0.4947622917853822
"""CNR4674761""","""CID2318222""",4.4042315,4.405237803582049,-0.0010062552727232443
"""CNR1268044""","""CID8422644""",4.5,4.405237803582049,0.09476219641795058
"""CNR6414124""","""CID3390349""",4.6,4.405237803582049,0.19476210105051894
"""CNR5955930""","""CID6160036""",4.4021993,4.405237803582049,-0.003038535240984963
"""CNR2295551""","""CID2306418""",4.4021993,4.405237803582049,-0.003038535240984963
"""CNR7911191""","""CID3844723""",4.8,4.405237803582049,0.39476238715281387
"""CNR7141164""","""CID1865705""",4.405319,4.405237803582049,8.14102851380838e-05
"""CNR8496734""","""CID4814236""",3.9,4.405237803582049,-0.5052377082146178
"""CNR7159277""","""CID7781849""",3.1,4.376986083790243,-1.2769861791576744
"""CNR1306393""","""CID9640254""",4.3,4.405237803582049,-0.10523761284718613
"""CNR9951623""","""CID4779178""",3.6,4.405237803582049,-0.8052378989494811
"""CNR8051736""","""CID3939557""",4.4098225,4.405237803582049,0.004584660407208396
"""CNR2831903""","""CID9806943""",4.4042315,4.405237803582049,-0.0010062552727232443
"""CNR4933541""","""CID3126209""",4.404214,4.405237803582049,-0.00102389824757676
"""CNR2249676""","""CID8218663""",3.6,4.405237803582049,-0.8052378989494811
"""CNR7808727""","""CID6812977""",4.5,4.405237803582049,0.09476219641795058
"""CNR5582674""","""CID9196972""",4.8,4.405237803582049,0.39476238715281387
"""CNR6516058""","""CID4241245""",4.3,4.405237803582049,-0.10523761284718613
"""CNR6688194""","""CID8157590""",4.2,4.405237803582049,-0.2052379943169127
"""CNR5055075""","""CID8421214""",4.4042315,4.405237803582049,-0.0010062552727232443
"""CNR8612558""","""CID2821546""",4.4042315,4.405237803582049,-0.0010062552727232443
"""CNR8875156""","""CID2832913""",3.2,4.405237803582049,-1.2052377558983336
"""CNR5786144""","""CID2412930""",4.8,4.405237803582049,0.39476238715281387
"""CNR9800610""","""CID4476356""",4.4098225,4.405237803582049,0.004584660407208396
"""CNR5002223""","""CID3778246""",4.2,4.405237803582049,-0.2052379943169127
"""CNR1948861""","""CID6143438""",4.4021993,4.405237803582049,-0.003038535240984963
"""CNR1751811""","""CID8906296""",4.2,4.405237803582049,-0.2052379943169127
"""CNR3174008""","""CID5877559""",4.5,4.405237803582049,0.09476219641795058
"""CNR1432265""","""CID2415561""",4.404214,4.405237803582049,-0.00102389824757676
"""CNR6694756""","""CID9774254""",4.2,4.405237803582049,-0.2052379943169127
"""CNR5590381""","""CID3560180""",4.404214,4.405237803582049,-0.00102389824757676
"""CNR2713855""","""CID6694825""",4.405319,4.405237803582049,8.14102851380838e-05
"""CNR9316088""","""CID2308357""",4.3,4.405237803582049,-0.10523761284718613
"""CNR7165636""","""CID5165939""",4.4021993,4.405237803582049,-0.003038535240984963
"""CNR2305670""","""CID5875941""",4.9,4.405237803582049,0.4947622917853822
"""CNR2814535""","""CID5474322""",4.405319,4.405237803582049,8.14102851380838e-05
"""CNR5235138""","""CID8461740""",4.8,4.405237803582049,0.39476238715281387
"""CNR4898971""","""CID2728540""",4.2,4.405237803582049,-0.2052379943169127
"""CNR1919758""","""CID9806855""",4.7,4.405237803582049,0.2947620056830873
"""CNR4305953""","""CID6411277""",4.4042315,4.405237803582049,-0.0010062552727232443
"""CNR4765176""","""CID3405817""",4.0,4.405237803582049,-0.4052378035820494
"""CNR5234855""","""CID7621307""",4.7,4.405237803582049,0.2947620056830873
"""CNR1788934""","""CID2456057""",4.2,4.405237803582049,-0.2052379943169127
"""CNR8485107""","""CID6411045""",4.9,4.405237803582049,0.4947622917853822
"""CNR2213876""","""CID2116213""",4.9,4.405237803582049,0.4947622917853822
"""CNR4398360""","""CID8062146""",3.6,4.405237803582049,-0.8052378989494811
"""CNR1906218""","""CID5045992""",4.4042315,4.405237803582049,-0.0010062552727232443
"""CNR4818584""","""CID5185503""",4.8,4.405237803582049,0.39476238715281387
"""CNR2909572""","""CID5137765""",4.2,4.405237803582049,-0.2052379943169127
"""CNR7655537""","""CID1368033""",4.2,4.405237803582049,-0.2052379943169127
"""CNR3827224""","""CID6982260""",5.0,4.405237803582049,0.5947621964179506
"""CNR6064342""","""CID4454595""",4.4042315,4.405237803582049,-0.0010062552727232443
"""CNR5117292""","""CID8842478""",4.4021993,4.405237803582049,-0.003038535240984963
"""CNR4561169""","""CID5749024""",4.4021993,4.405237803582049,-0.003038535240984963
"""CNR3287248""","""CID9417792""",4.4021993,4.405237803582049,-0.003038535240984963
"""CNR8059697""","""CID5329648""",4.4042315,4.405237803582049,-0.0010062552727232443
"""CNR4014875""","""CID4687279""",4.4031615,4.405237803582049,-0.002076277855731057
"""CNR3580429""","""CID2968572""",4.6,4.405237803582049,0.19476210105051894
"""CNR7394697""","""CID1061097""",4.4031615,4.405237803582049,-0.002076277855731057
"""CNR7852793""","""CID1540857""",4.4098225,4.405237803582049,0.004584660407208396
"""CNR5958696""","""CID7514435""",4.8,4.405237803582049,0.39476238715281387
"""CNR3371092""","""CID4112739""",5.0,4.376986083790243,0.6230139162097572
"""CNR5133992""","""CID8863824""",4.6,4.405237803582049,0.19476210105051894
"""CNR3934534""","""CID2273303""",4.6,4.405237803582049,0.19476210105051894
"""CNR9602926""","""CID8418575""",4.404214,4.405237803582049,-0.00102389824757676
"""CNR9774359""","""CID5034735""",4.4042315,4.405237803582049,-0.0010062552727232443
"""CNR9185261""","""CID5358670""",4.405319,4.405237803582049,8.14102851380838e-05
"""CNR4729424""","""CID7422303""",4.4,4.405237803582049,-0.005237708214617776
"""CNR2119587""","""CID6259677""",4.4098225,4.405237803582049,0.004584660407208396
"""CNR2501746""","""CID5377699""",3.0,4.405237803582049,-1.4052378035820494
"""CNR6183961""","""CID8601442""",4.3,4.405237803582049,-0.10523761284718613
"""CNR3766899""","""CID8554863""",4.4098225,4.405237803582049,0.004584660407208396
"""CNR7922195""","""CID9948615""",4.4031615,4.405237803582049,-0.002076277855731057
"""CNR6894561""","""CID3460122""",4.6,4.405237803582049,0.19476210105051894
"""CNR3365829""","""CID2654904""",4.6,4.405237803582049,0.19476210105051894
"""CNR5951325""","""CID7609676""",4.4098225,4.405237803582049,0.004584660407208396
"""CNR9047372""","""CID4925006""",4.4021993,4.405237803582049,-0.003038535240984963
"""CNR4227802""","""CID7797188""",4.6,4.405237803582049,0.19476210105051894
"""CNR3801546""","""CID6950171""",4.3,4.405237803582049,-0.10523761284718613
"""CNR8169221""","""CID2600177""",4.2,4.405237803582049,-0.2052379943169127
"""CNR9445100""","""CID8542331""",4.9,4.405237803582049,0.4947622917853822
"""CNR7772061""","""CID9445685""",5.0,4.405237803582049,0.5947621964179506
"""CNR1913222""","""CID1850906""",3.8,4.405237803582049,-0.6052378512657652
"""CNR7348126""","""CID1915179""",4.4021993,4.405237803582049,-0.003038535240984963
"""CNR8957593""","""CID5822566""",3.9,4.405237803582049,-0.5052377082146178
"""CNR8244048""","""CID4150374""",5.0,4.487649406569887,0.5123505934301127
"""CNR5348712""","""CID5286579""",4.404214,4.405237803582049,-0.00102389824757676
"""CNR9205955""","""CID7535610""",4.4021993,4.376986083790243,0.025213184550821666
"""CNR3544529""","""CID4351097""",4.9,4.405237803582049,0.4947622917853822
"""CNR2929605""","""CID1274436""",4.2,4.405237803582049,-0.2052379943169127
"""CNR7793279""","""CID2932788""",4.3,4.376986083790243,-0.0769858930553795
"""CNR2845363""","""CID2102241""",4.6,4.405237803582049,0.19476210105051894
"""CNR9521872""","""CID4487161""",4.6,4.405237803582049,0.19476210105051894
"""CNR6904125""","""CID5594219""",4.4031615,4.405237803582049,-0.002076277855731057
"""CNR4315235""","""CID4866991""",4.3,4.405237803582049,-0.10523761284718613
"""CNR1724437""","""CID5725631""",4.5,4.405237803582049,0.09476219641795058
"""CNR3282553""","""CID7992546""",4.9,4.405237803582049,0.4947622917853822
"""CNR8634176""","""CID2047954""",5.0,4.405237803582049,0.5947621964179506
"""CNR7489151""","""CID1747429""",3.7,4.405237803582049,-0.7052377558983336
"""CNR2844823""","""CID4297333""",4.3,4.405237803582049,-0.10523761284718613
"""CNR6644336""","""CID7845340""",4.404214,4.405237803582049,-0.00102389824757676
"""CNR3886324""","""CID7478776""",4.4098225,4.405237803582049,0.004584660407208396
"""CNR2845229""","""CID9618416""",4.4031615,4.405237803582049,-0.002076277855731057
"""CNR1502800""","""CID4160237""",4.6,4.405237803582049,0.19476210105051894
"""CNR9117706""","""CID7736960""",4.404214,4.405237803582049,-0.00102389824757676
"""CNR9261533""","""CID9759013""",4.2,4.405237803582049,-0.2052379943169127
"""CNR5260899""","""CID1171959""",4.2,4.405237803582049,-0.2052379943169127
"""CNR8270544""","""CID7935358""",4.4021993,4.405237803582049,-0.003038535240984963
"""CNR1127766""","""CID3049526""",3.4,4.405237803582049,-1.0052377082146178
"""CNR3669129""","""CID7685573""",4.4031615,4.405237803582049,-0.002076277855731057
"""CNR6766004""","""CID5779386""",4.4098225,4.405237803582049,0.004584660407208396
"""CNR5419841""","""CID6634530""",4.4031615,4.405237803582049,-0.002076277855731057
"""CNR7727455""","""CID8370555""",4.4021993,4.405237803582049,-0.003038535240984963
"""CNR6460790""","""CID5229309""",3.8,4.405237803582049,-0.6052378512657652
"""CNR6332549""","""CID8916135""",4.3,4.405237803582049,-0.10523761284718613
"""CNR9620905""","""CID6984662""",4.2,4.405237803582049,-0.2052379943169127
"""CNR8412910""","""CID5746339""",4.4021993,4.405237803582049,-0.003038535240984963
"""CNR7706979""","""CID8299117""",4.4098225,4.405237803582049,0.004584660407208396
"""CNR7196701""","""CID6586177""",4.4021993,4.405237803582049,-0.003038535240984963
"""CNR6161820""","""CID9761786""",4.4031615,4.405237803582049,-0.002076277855731057
"""CNR2024549""","""CID8673139""",4.8,4.405237803582049,0.39476238715281387
"""CNR1653161""","""CID4509457""",4.1,4.405237803582049,-0.30523789894948106
"""CNR1121087""","""CID9605956""",5.0,4.405237803582049,0.5947621964179506
"""CNR6509197""","""CID6711679""",4.2,4.405237803582049,-0.2052379943169127
"""CNR7577442""","""CID1389120""",4.9,4.405237803582049,0.4947622917853822
"""CNR4531985""","""CID3957088""",4.9,4.405237803582049,0.4947622917853822
"""CNR4671913""","""CID6628403""",4.1,4.405237803582049,-0.30523789894948106
"""CNR5978335""","""CID5451216""",5.0,4.405237803582049,0.5947621964179506
"""CNR6082200""","""CID6599027""",4.4098225,4.405237803582049,0.004584660407208396
"""CNR5167240""","""CID5937280""",4.6,4.405237803582049,0.19476210105051894
"""CNR3582581""","""CID1284439""",4.2,4.405237803582049,-0.2052379943169127
"""CNR8001173""","""CID9492252""",4.9,4.405237803582049,0.4947622917853822
"""CNR7625615""","""CID9472180""",5.0,4.405237803582049,0.5947621964179506
"""CNR2894932""","""CID2678266""",3.0,4.405237803582049,-1.4052378035820494
"""CNR3092649""","""CID1745710""",4.4031615,4.376986083790243,0.026175441936075572
"""CNR5863867""","""CID4789799""",4.405319,4.405237803582049,8.14102851380838e-05
"""CNR6456100""","""CID6435577""",4.4,4.405237803582049,-0.005237708214617776
"""CNR9978217""","""CID9740562""",4.3,4.405237803582049,-0.10523761284718613
"""CNR9995542""","""CID4078634""",4.6,4.405237803582049,0.19476210105051894
"""CNR4086586""","""CID8199368""",4.4098225,4.405237803582049,0.004584660407208396
"""CNR5695726""","""CID1679896""",4.2,4.405237803582049,-0.2052379943169127
"""CNR7210095""","""CID9011080""",4.7,4.405237803582049,0.2947620056830873
"""CNR7021352""","""CID3914433""",4.6,4.405237803582049,0.19476210105051894
"""CNR1354779""","""CID3006380""",4.1,4.405237803582049,-0.30523789894948106
"""CNR4794649""","""CID7426947""",4.2,4.405237803582049,-0.2052379943169127
"""CNR2590842""","""CID1623000""",3.8,4.405237803582049,-0.6052378512657652
"""CNR1405909""","""CID9565800""",5.0,4.405237803582049,0.5947621964179506
"""CNR9199801""","""CID9931869""",4.4098225,4.405237803582049,0.004584660407208396
"""CNR7134765""","""CID9744093""",4.4098225,4.405237803582049,0.004584660407208396
"""CNR2339474""","""CID8937838""",4.2,4.405237803582049,-0.2052379943169127
"""CNR9461432""","""CID9604220""",3.2,4.405237803582049,-1.2052377558983336
"""CNR5591739""","""CID2778119""",4.5,4.405237803582049,0.09476219641795058
"""CNR8430194""","""CID4781535""",4.4021993,4.405237803582049,-0.003038535240984963
"""CNR4753156""","""CID6288073""",4.4098225,4.405237803582049,0.004584660407208396
"""CNR3640373""","""CID2058569""",4.9,4.405237803582049,0.4947622917853822
"""CNR7153625""","""CID9784509""",5.0,4.405237803582049,0.5947621964179506
"""CNR3913339""","""CID6658752""",4.3,4.405237803582049,-0.10523761284718613
"""CNR1315495""","""CID3714825""",5.0,4.405237803582049,0.5947621964179506
"""CNR1330241""","""CID3146083""",3.9,4.405237803582049,-0.5052377082146178
"""CNR7990077""","""CID7695984""",4.8,4.405237803582049,0.39476238715281387
"""CNR4516559""","""CID6155772""",4.0,4.405237803582049,-0.4052378035820494
"""CNR6261179""","""CID3264470""",4.2,4.405237803582049,-0.2052379943169127
"""CNR1169046""","""CID2937435""",4.8,4.405237803582049,0.39476238715281387
"""CNR6436862""","""CID6755952""",5.0,4.405237803582049,0.5947621964179506
"""CNR6005478""","""CID3704293""",4.7,4.405237803582049,0.2947620056830873
"""CNR1852006""","""CID4402725""",4.6,4.405237803582049,0.19476210105051894
"""CNR1331211""","""CID4678033""",4.2,4.405237803582049,-0.2052379943169127
"""CNR8258006""","""CID7325026""",4.9,4.405237803582049,0.4947622917853822
"""CNR6951429""","""CID7789481""",4.5,4.405237803582049,0.09476219641795058
"""CNR2079845""","""CID3914629""",4.2,4.405237803582049,-0.2052379943169127
"""CNR8241429""","""CID9356172""",4.4021993,4.405237803582049,-0.003038535240984963
"""CNR7142019""","""CID6612508""",4.9,4.405237803582049,0.4947622917853822
"""CNR1662682""","""CID4451662""",4.8,4.405237803582049,0.39476238715281387
"""CNR6364516""","""CID5344699""",3.4,4.405237803582049,-1.0052377082146178
"""CNR5580268""","""CID3390894""",4.4098225,4.405237803582049,0.004584660407208396
"""CNR9443068""","""CID3221580""",5.0,4.405237803582049,0.5947621964179506
"""CNR9883431""","""CID6061032""",4.9,4.405237803582049,0.4947622917853822
"""CNR3449245""","""CID2563729""",3.6,4.405237803582049,-0.8052378989494811
"""CNR4653323""","""CID9633241""",4.404214,4.405237803582049,-0.00102389824757676
"""CNR7285055""","""CID6299685""",4.4021993,4.405237803582049,-0.003038535240984963
"""CNR7730264""","""CID9048279""",4.4021993,4.405237803582049,-0.003038535240984963
"""CNR3381314""","""CID2735609""",4.7,4.405237803582049,0.2947620056830873
"""CNR8272152""","""CID1595231""",4.4021993,4.405237803582049,-0.003038535240984963
"""CNR3171713""","""CID8804270""",3.1,4.405237803582049,-1.305237898949481
"""CNR9072578""","""CID3411429""",4.4098225,4.405237803582049,0.004584660407208396
"""CNR5465748""","""CID7060264""",4.4031615,4.405237803582049,-0.002076277855731057
"""CNR2563368""","""CID8992033""",4.6,4.405237803582049,0.19476210105051894
"""CNR3781625""","""CID1935050""",4.4098225,4.405237803582049,0.004584660407208396
"""CNR7983373""","""CID7518168""",4.7,4.405237803582049,0.2947620056830873
"""CNR7694428""","""CID4811452""",3.1,4.405237803582049,-1.305237898949481
"""CNR7962556""","""CID6775827""",4.5,4.405237803582049,0.09476219641795058
"""CNR1916323""","""CID7312717""",4.1,4.405237803582049,-0.30523789894948106
"""CNR7390644""","""CID7845608""",4.5,4.405237803582049,0.09476219641795058
"""CNR5275022""","""CID5343976""",4.4042315,4.405237803582049,-0.0010062552727232443
"""CNR6400285""","""CID4758177""",4.404214,4.405237803582049,-0.00102389824757676
"""CNR8732682""","""CID6919118""",4.4021993,4.405237803582049,-0.003038535240984963
"""CNR7996684""","""CID1206755""",4.6,4.405237803582049,0.19476210105051894
"""CNR7927369""","""CID3967872""",4.4021993,4.405237803582049,-0.003038535240984963
"""CNR5962340""","""CID5167540""",4.1,4.405237803582049,-0.30523789894948106
"""CNR2472100""","""CID8253112""",4.3,4.376986083790243,-0.0769858930553795
"""CNR1094484""","""CID5508950""",4.3,4.405237803582049,-0.10523761284718613
"""CNR5159912""","""CID4897220""",4.3,4.405237803582049,-0.10523761284718613
"""CNR8864529""","""CID4702470""",4.6,4.405237803582049,0.19476210105051894
"""CNR7769968""","""CID4369508""",4.2,4.405237803582049,-0.2052379943169127
"""CNR9459588""","""CID9770128""",4.0,4.405237803582049,-0.4052378035820494
"""CNR4465799""","""CID9428116""",4.5,4.405237803582049,0.09476219641795058
"""CNR6019451""","""CID2989342""",4.1,4.405237803582049,-0.30523789894948106
"""CNR6922118""","""CID1551710""",4.8,4.405237803582049,0.39476238715281387
"""CNR5718865""","""CID5298297""",4.3,4.405237803582049,-0.10523761284718613
"""CNR6105689""","""CID8181292""",4.6,4.405237803582049,0.19476210105051894
"""CNR8296415""","""CID3005404""",4.1,4.405237803582049,-0.30523789894948106
"""CNR1472665""","""CID2570302""",5.0,4.376986083790243,0.6230139162097572
"""CNR6487314""","""CID1008317""",4.2,4.405237803582049,-0.2052379943169127
"""CNR6361535""","""CID9286934""",4.4042315,4.405237803582049,-0.0010062552727232443
"""CNR5768824""","""CID9023911""",3.7,4.405237803582049,-0.7052377558983336
"""CNR6877096""","""CID3119828""",4.4098225,4.405237803582049,0.004584660407208396
"""CNR5659003""","""CID8453825""",4.5,4.405237803582049,0.09476219641795058
"""CNR1811088""","""CID2603514""",4.4021993,4.405237803582049,-0.003038535240984963
"""CNR4306164""","""CID8083795""",4.4021993,4.405237803582049,-0.003038535240984963
"""CNR4728677""","""CID1695422""",4.8,4.405237803582049,0.39476238715281387
"""CNR7888084""","""CID6532021""",4.4042315,4.405237803582049,-0.0010062552727232443
"""CNR4364187""","""CID7630661""",4.6,4.405237803582049,0.19476210105051894
"""CNR8332079""","""CID8293808""",4.4021993,4.405237803582049,-0.003038535240984963
"""CNR1440939""","""CID7010877""",4.2,4.405237803582049,-0.2052379943169127
"""CNR1764202""","""CID2247922""",4.1,4.405237803582049,-0.30523789894948106
"""CNR7686931""","""CID4521238""",5.0,4.405237803582049,0.5947621964179506
"""CNR6102169""","""CID4347952""",4.4021993,4.405237803582049,-0.003038535240984963
"""CNR8306902""","""CID3339635""",4.404214,4.405237803582049,-0.00102389824757676
"""CNR7356810""","""CID1852309""",4.4021993,4.405237803582049,-0.003038535240984963
"""CNR3342731""","""CID7702316""",4.4098225,4.405237803582049,0.004584660407208396
"""CNR6936731""","""CID8660363""",4.9,4.405237803582049,0.4947622917853822
"""CNR3279615""","""CID4015255""",4.2,4.405237803582049,-0.2052379943169127
"""CNR8055782""","""CID4667490""",4.5,4.376986083790243,0.12301391620975721
"""CNR6791522""","""CID9895744""",4.4,4.405237803582049,-0.005237708214617776
"""CNR9455789""","""CID5360392""",4.8,4.405237803582049,0.39476238715281387
"""CNR8790227""","""CID8782236""",4.4042315,4.405237803582049,-0.0010062552727232443
"""CNR2247536""","""CID4913044""",4.6,4.405237803582049,0.19476210105051894
"""CNR9686843""","""CID5773765""",4.9,4.405237803582049,0.4947622917853822
"""CNR4935025""","""CID3395147""",4.9,4.376986083790243,0.5230140115771889
"""CNR3464899""","""CID4094175""",4.9,4.405237803582049,0.4947622917853822
"""CNR2535265""","""CID6659794""",4.4021993,4.405237803582049,-0.003038535240984963
"""CNR1077809""","""CID1135331""",4.7,4.405237803582049,0.2947620056830873
"""CNR9962989""","""CID1065892""",5.0,4.405237803582049,0.5947621964179506
"""CNR2075774""","""CID8809953""",3.7,4.405237803582049,-0.7052377558983336
"""CNR8215247""","""CID7178168""",5.0,4.405237803582049,0.5947621964179506
"""CNR3064021""","""CID3203199""",4.7,4.405237803582049,0.2947620056830873
"""CNR3247259""","""CID3216471""",4.3,4.405237803582049,-0.10523761284718613
"""CNR3721903""","""CID4710395""",4.8,4.405237803582049,0.39476238715281387
"""CNR6924606""","""CID9654936""",3.5,4.405237803582049,-0.9052378035820494
"""CNR7431884""","""CID1065515""",4.1,4.376986083790243,-0.27698617915767443
"""CNR4299870""","""CID3310424""",4.404214,4.405237803582049,-0.00102389824757676
"""CNR7480107""","""CID8754972""",4.4098225,4.405237803582049,0.004584660407208396
"""CNR3962102""","""CID3593300""",4.3,4.405237803582049,-0.10523761284718613
"""CNR9836434""","""CID2684813""",4.2,4.405237803582049,-0.2052379943169127
"""CNR3516161""","""CID4233298""",4.9,4.405237803582049,0.4947622917853822
"""CNR8368215""","""CID1193703""",4.6,4.405237803582049,0.19476210105051894
"""CNR3552949""","""CID3192503""",3.6,4.405237803582049,-0.8052378989494811
"""CNR4902595""","""CID3456780""",4.404214,4.405237803582049,-0.00102389824757676
"""CNR4685616""","""CID6903175""",4.1,4.405237803582049,-0.30523789894948106
"""CNR3430994""","""CID2038266""",4.4098225,4.405237803582049,0.004584660407208396
"""CNR8831490""","""CID1874189""",4.404214,4.405237803582049,-0.00102389824757676
"""CNR5440505""","""CID4506277""",4.5,4.405237803582049,0.09476219641795058
"""CNR6946946""","""CID2749517""",4.4021993,4.405237803582049,-0.003038535240984963
"""CNR9079764""","""CID8977308""",4.3,4.405237803582049,-0.10523761284718613
"""CNR2047955""","""CID6940947""",4.405319,4.405237803582049,8.14102851380838e-05
"""CNR4303839""","""CID7592571""",4.4021993,4.405237803582049,-0.003038535240984963
"""CNR9087157""","""CID3398031""",4.9,4.405237803582049,0.4947622917853822
"""CNR2914188""","""CID8649767""",4.1,4.405237803582049,-0.30523789894948106
"""CNR6833198""","""CID2622455""",4.2,4.405237803582049,-0.2052379943169127
"""CNR3118943""","""CID5690937""",4.3,4.405237803582049,-0.10523761284718613
"""CNR1872680""","""CID1362913""",4.4,4.405237803582049,-0.005237708214617776
"""CNR7791863""","""CID1873624""",4.7,4.405237803582049,0.2947620056830873
"""CNR2882883""","""CID3356216""",4.4042315,4.405237803582049,-0.0010062552727232443
"""CNR6912372""","""CID8209339""",4.4098225,4.405237803582049,0.004584660407208396
"""CNR8263604""","""CID6962537""",4.4021993,4.405237803582049,-0.003038535240984963
"""CNR6594260""","""CID3482032""",4.2,4.405237803582049,-0.2052379943169127
"""CNR1344649""","""CID4996798""",4.7,4.405237803582049,0.2947620056830873
"""CNR4462317""","""CID8100263""",4.2,4.405237803582049,-0.2052379943169127
"""CNR3788758""","""CID2488642""",4.3,4.405237803582049,-0.10523761284718613
"""CNR8303494""","""CID5689138""",4.4021993,4.405237803582049,-0.003038535240984963
"""CNR2987043""","""CID6588880""",5.0,4.405237803582049,0.5947621964179506
"""CNR9931806""","""CID5663736""",4.2,4.405237803582049,-0.2052379943169127
"""CNR4657197""","""CID2485457""",5.0,4.405237803582049,0.5947621964179506
"""CNR3958275""","""CID6061223""",4.6,4.405237803582049,0.19476210105051894
"""CNR8179167""","""CID1856368""",4.6,4.405237803582049,0.19476210105051894
"""CNR4856435""","""CID3996999""",4.3,4.405237803582049,-0.10523761284718613
"""CNR2685156""","""CID7284063""",4.4042315,4.405237803582049,-0.0010062552727232443
"""CNR4910389""","""CID2300685""",4.405319,4.405237803582049,8.14102851380838e-05
"""CNR3321014""","""CID8661842""",4.4031615,4.405237803582049,-0.002076277855731057
"""CNR1366662""","""CID6579705""",4.7,4.405237803582049,0.2947620056830873
"""CNR6882611""","""CID4772343""",4.2,4.405237803582049,-0.2052379943169127
"""CNR1959439""","""CID1721050""",4.4031615,4.405237803582049,-0.002076277855731057
"""CNR1896542""","""CID5513955""",4.2,4.405237803582049,-0.2052379943169127
"""CNR4588882""","""CID3860264""",4.2,4.405237803582049,-0.2052379943169127
"""CNR8685539""","""CID8419009""",4.4042315,4.405237803582049,-0.0010062552727232443
"""CNR9201252""","""CID6195371""",4.5,4.405237803582049,0.09476219641795058
"""CNR3844019""","""CID2696883""",4.404214,4.405237803582049,-0.00102389824757676
"""CNR7319552""","""CID5528946""",4.2,4.405237803582049,-0.2052379943169127
"""CNR1055444""","""CID6831763""",4.9,4.405237803582049,0.4947622917853822
"""CNR1366689""","""CID8329537""",4.2,4.405237803582049,-0.2052379943169127
"""CNR5781409""","""CID7664012""",4.404214,4.405237803582049,-0.00102389824757676
"""CNR4316546""","""CID2015026""",5.0,4.405237803582049,0.5947621964179506
"""CNR9087098""","""CID3013767""",4.4050717,4.405237803582049,-0.00016606819996933808
"""CNR5424608""","""CID5608625""",4.4021993,4.405237803582049,-0.003038535240984963
"""CNR5754713""","""CID8741197""",4.2,4.405237803582049,-0.2052379943169127
"""CNR5060188""","""CID7192874""",4.4021993,4.405237803582049,-0.003038535240984963
"""CNR2126335""","""CID3268404""",4.4021993,4.405237803582049,-0.003038535240984963
"""CNR1009105""","""CID1021224""",4.7,4.405237803582049,0.2947620056830873
"""CNR1752261""","""CID3000150""",4.7,4.405237803582049,0.2947620056830873
"""CNR1580164""","""CID1987301""",4.6,4.405237803582049,0.19476210105051894
"""CNR7979232""","""CID9217688""",4.8,4.405237803582049,0.39476238715281387
"""CNR7424349""","""CID2400723""",4.9,4.405237803582049,0.4947622917853822
"""CNR1084934""","""CID8615863""",4.4031615,4.405237803582049,-0.002076277855731057
"""CNR7047574""","""CID6298831""",4.4042315,4.405237803582049,-0.0010062552727232443
"""CNR3805376""","""CID9117781""",4.404214,4.405237803582049,-0.00102389824757676
"""CNR1170755""","""CID6339460""",4.7,4.487649406569887,0.2123504026952494
"""CNR5630389""","""CID5376643""",4.4042315,4.405237803582049,-0.0010062552727232443
"""CNR6600265""","""CID8252124""",5.0,4.405237803582049,0.5947621964179506
"""CNR4502199""","""CID6128139""",3.8,4.405237803582049,-0.6052378512657652
"""CNR9858630""","""CID2962175""",4.4,4.405237803582049,-0.005237708214617776
"""CNR6376518""","""CID1168589""",4.8,4.376986083790243,0.4230141069446205
"""CNR9555208""","""CID5010651""",4.9,4.405237803582049,0.4947622917853822
"""CNR2372368""","""CID3661012""",3.6,4.405237803582049,-0.8052378989494811
"""CNR5614594""","""CID8750493""",4.4,4.405237803582049,-0.005237708214617776
"""CNR8163250""","""CID5098997""",4.7,4.405237803582049,0.2947620056830873
"""CNR3132920""","""CID4024063""",4.4042315,4.376986083790243,0.027245464519083384
"""CNR5588168""","""CID7609726""",4.9,4.405237803582049,0.4947622917853822
"""CNR2289169""","""CID8700747""",4.3,4.405237803582049,-0.10523761284718613
"""CNR1642549""","""CID9848133""",4.4021993,4.405237803582049,-0.003038535240984963
"""CNR1844660""","""CID2687021""",4.4042315,4.405237803582049,-0.0010062552727232443
"""CNR6931129""","""CID1912093""",4.7,4.405237803582049,0.2947620056830873
"""CNR2976407""","""CID7505609""",3.4,4.405237803582049,-1.0052377082146178
"""CNR2623865""","""CID9589636""",4.3,4.405237803582049,-0.10523761284718613
"""CNR5950131""","""CID2434396""",4.4042315,4.405237803582049,-0.0010062552727232443
"""CNR3163165""","""CID9328563""",4.4098225,4.405237803582049,0.004584660407208396
"""CNR5782662""","""CID3312917""",4.4098225,4.405237803582049,0.004584660407208396
"""CNR5808705""","""CID1691422""",4.3,4.405237803582049,-0.10523761284718613
"""CNR5772667""","""CID4750341""",4.2,4.405237803582049,-0.2052379943169127
"""CNR1074889""","""CID5821104""",4.9,4.405237803582049,0.4947622917853822
"""CNR7701444""","""CID9763561""",4.6,4.405237803582049,0.19476210105051894
"""CNR5239813""","""CID4778262""",4.2,4.405237803582049,-0.2052379943169127
"""CNR7048540""","""CID9280697""",3.9,4.405237803582049,-0.5052377082146178
"""CNR3856210""","""CID6108032""",4.4021993,4.405237803582049,-0.003038535240984963
"""CNR8304015""","""CID3954690""",4.7,4.405237803582049,0.2947620056830873
"""CNR1360544""","""CID9314357""",4.405319,4.405237803582049,8.14102851380838e-05
"""CNR7968451""","""CID3876031""",4.4031615,4.405237803582049,-0.002076277855731057
"""CNR3428844""","""CID6330088""",4.0,4.405237803582049,-0.4052378035820494
"""CNR5483133""","""CID1210675""",4.2,4.405237803582049,-0.2052379943169127
"""CNR4530266""","""CID4091753""",4.404214,4.405237803582049,-0.00102389824757676
"""CNR7908717""","""CID1558732""",4.404214,4.405237803582049,-0.00102389824757676
"""CNR1505179""","""CID8594074""",4.6,4.405237803582049,0.19476210105051894
"""CNR1580614""","""CID7490109""",4.7,4.405237803582049,0.2947620056830873
"""CNR5491982""","""CID2580236""",3.9,4.405237803582049,-0.5052377082146178
"""CNR2478215""","""CID9895316""",4.5,4.405237803582049,0.09476219641795058
"""CNR8058447""","""CID3792304""",4.5,4.405237803582049,0.09476219641795058
"""CNR7584878""","""CID4133783""",4.6,4.405237803582049,0.19476210105051894
"""CNR4967938""","""CID3633739""",4.4021993,4.405237803582049,-0.003038535240984963
"""CNR3494893""","""CID1325058""",4.5,4.405237803582049,0.09476219641795058
"""CNR2143654""","""CID2926574""",4.9,4.405237803582049,0.4947622917853822
"""CNR8669137""","""CID7327229""",4.4098225,4.405237803582049,0.004584660407208396
"""CNR8229747""","""CID3009241""",4.4021993,4.405237803582049,-0.003038535240984963
"""CNR4222968""","""CID8508061""",4.4021993,4.405237803582049,-0.003038535240984963
"""CNR5727035""","""CID2860346""",4.4098225,4.405237803582049,0.004584660407208396
"""CNR6486396""","""CID3690351""",4.3,4.405237803582049,-0.10523761284718613
"""CNR7975120""","""CID5105028""",4.4021993,4.405237803582049,-0.003038535240984963
"""CNR5358578""","""CID4420367""",3.1,4.405237803582049,-1.305237898949481
"""CNR8226307""","""CID8407649""",4.4031615,4.405237803582049,-0.002076277855731057
"""CNR1590331""","""CID8060868""",4.4050717,4.405237803582049,-0.00016606819996933808
"""CNR3404183""","""CID8867740""",4.4021993,4.405237803582049,-0.003038535240984963
"""CNR8592122""","""CID5154349""",3.7,4.405237803582049,-0.7052377558983336
"""CNR8183925""","""CID2757558""",4.8,4.405237803582049,0.39476238715281387
"""CNR1376576""","""CID7855064""",4.1,4.405237803582049,-0.30523789894948106
"""CNR5337247""","""CID7614459""",4.4042315,4.405237803582049,-0.0010062552727232443
"""CNR9665232""","""CID8214310""",4.1,4.405237803582049,-0.30523789894948106
"""CNR7363094""","""CID2917759""",3.8,4.405237803582049,-0.6052378512657652
"""CNR5693552""","""CID3990059""",4.404214,4.405237803582049,-0.00102389824757676
"""CNR6271542""","""CID6728838""",4.4021993,4.376986083790243,0.025213184550821666
"""CNR1908199""","""CID3275978""",4.3,4.405237803582049,-0.10523761284718613
"""CNR4308780""","""CID4340248""",4.4021993,4.405237803582049,-0.003038535240984963
"""CNR3941897""","""CID6241637""",4.4021993,4.405237803582049,-0.003038535240984963
"""CNR9569153""","""CID3271479""",4.5,4.405237803582049,0.09476219641795058
"""CNR4463124""","""CID3189975""",4.1,4.405237803582049,-0.30523789894948106
"""CNR2729152""","""CID5782736""",4.4098225,4.405237803582049,0.004584660407208396
"""CNR7175820""","""CID3846839""",4.4042315,4.405237803582049,-0.0010062552727232443
"""CNR5135209""","""CID5187377""",4.6,4.405237803582049,0.19476210105051894
"""CNR7852782""","""CID2689406""",4.404214,4.405237803582049,-0.00102389824757676
"""CNR1193772""","""CID2797541""",4.6,4.405237803582049,0.19476210105051894
"""CNR1199093""","""CID9187291""",4.9,4.405237803582049,0.4947622917853822
"""CNR2281778""","""CID6867844""",4.7,4.376986083790243,0.32301372547489393
"""CNR5628228""","""CID7766925""",4.2,4.405237803582049,-0.2052379943169127
"""CNR8496492""","""CID5707265""",3.9,4.405237803582049,-0.5052377082146178
"""CNR6527961""","""CID9592727""",5.0,4.487649406569887,0.5123505934301127
"""CNR4497014""","""CID6617094""",4.3,4.405237803582049,-0.10523761284718613
"""CNR8843529""","""CID9615599""",4.4042315,4.405237803582049,-0.0010062552727232443
"""CNR2924101""","""CID3597259""",4.8,4.405237803582049,0.39476238715281387
"""CNR1931229""","""CID4731229""",4.8,4.405237803582049,0.39476238715281387
"""CNR4733043""","""CID7550314""",4.4098225,4.405237803582049,0.004584660407208396
"""CNR8706142""","""CID1854170""",4.0,4.405237803582049,-0.4052378035820494
"""CNR9672379""","""CID6863563""",4.4098225,4.405237803582049,0.004584660407208396
"""CNR3775511""","""CID9715062""",4.404214,4.405237803582049,-0.00102389824757676
"""CNR6842190""","""CID5018763""",4.4021993,4.405237803582049,-0.003038535240984963
"""CNR6399017""","""CID3297391""",4.404214,4.405237803582049,-0.00102389824757676
"""CNR3795551""","""CID5532860""",4.2,4.405237803582049,-0.2052379943169127
"""CNR3905570""","""CID2449502""",4.9,4.405237803582049,0.4947622917853822
"""CNR6248632""","""CID5804673""",4.4,4.405237803582049,-0.005237708214617776
"""CNR6352694""","""CID7598336""",4.4042315,4.405237803582049,-0.0010062552727232443
"""CNR6405772""","""CID5458130""",3.7,4.405237803582049,-0.7052377558983336
"""CNR4641809""","""CID1228680""",4.4050717,4.405237803582049,-0.00016606819996933808
"""CNR8699366""","""CID3626485""",4.3,4.405237803582049,-0.10523761284718613
"""CNR6802486""","""CID6909702""",4.1,4.405237803582049,-0.30523789894948106
"""CNR2113247""","""CID8048118""",4.6,4.405237803582049,0.19476210105051894
"""CNR4226815""","""CID5229678""",4.4,4.405237803582049,-0.005237708214617776
"""CNR9711974""","""CID7858159""",4.5,4.405237803582049,0.09476219641795058
"""CNR4173406""","""CID1937975""",4.2,4.405237803582049,-0.2052379943169127
"""CNR3229928""","""CID8139838""",4.3,4.405237803582049,-0.10523761284718613
"""CNR3246996""","""CID7469536""",4.9,4.487649406569887,0.41235068879754433
"""CNR1533808""","""CID6351933""",3.4,4.405237803582049,-1.0052377082146178
"""CNR6441943""","""CID2445513""",4.8,4.405237803582049,0.39476238715281387
"""CNR4337844""","""CID7222607""",4.4031615,4.405237803582049,-0.002076277855731057
"""CNR6677285""","""CID4901492""",4.404214,4.405237803582049,-0.00102389824757676
"""CNR1413229""","""CID6850282""",4.4,4.405237803582049,-0.005237708214617776
"""CNR3017433""","""CID8486417""",4.4098225,4.405237803582049,0.004584660407208396
"""CNR5359595""","""CID5863937""",4.0,4.405237803582049,-0.4052378035820494
"""CNR5365121""","""CID3628128""",4.4021993,4.405237803582049,-0.003038535240984963
"""CNR6843859""","""CID9228061""",4.8,4.742105283235249,0.057894907499614234
"""CNR2063478""","""CID4535162""",4.5,4.405237803582049,0.09476219641795058
"""CNR2985285""","""CID3357791""",4.404214,4.376986083790243,0.02722782154422987
"""CNR4924810""","""CID9780996""",4.5,4.405237803582049,0.09476219641795058
"""CNR3097562""","""CID5478373""",4.4042315,4.405237803582049,-0.0010062552727232443
"""CNR7018427""","""CID1981337""",4.405319,4.405237803582049,8.14102851380838e-05
"""CNR1394743""","""CID1212329""",4.6,4.405237803582049,0.19476210105051894
"""CNR1627334""","""CID2002422""",4.4021993,4.405237803582049,-0.003038535240984963
"""CNR4666152""","""CID3712688""",4.4050717,4.405237803582049,-0.00016606819996933808
"""CNR9756104""","""CID2773816""",4.4031615,4.405237803582049,-0.002076277855731057
"""CNR2144632""","""CID6797938""",4.4042315,4.405237803582049,-0.0010062552727232443
"""CNR3011301""","""CID2324661""",4.1,4.405237803582049,-0.30523789894948106
"""CNR8616835""","""CID7378412""",3.9,4.405237803582049,-0.5052377082146178
"""CNR9505354""","""CID9243473""",4.4098225,4.405237803582049,0.004584660407208396
"""CNR2494506""","""CID6748375""",4.4042315,4.405237803582049,-0.0010062552727232443
"""CNR8902715""","""CID9255752""",4.9,4.405237803582049,0.4947622917853822
"""CNR4413354""","""CID9033252""",4.1,4.405237803582049,-0.30523789894948106
"""CNR4171317""","""CID9106923""",4.4050717,4.405237803582049,-0.00016606819996933808
"""CNR7113781""","""CID4483590""",4.4042315,4.405237803582049,-0.0010062552727232443
"""CNR2483987""","""CID9234641""",4.9,4.405237803582049,0.4947622917853822
"""CNR8533858""","""CID9920933""",3.4,4.405237803582049,-1.0052377082146178
"""CNR4768821""","""CID5783557""",4.6,4.405237803582049,0.19476210105051894
"""CNR1232656""","""CID2452273""",4.3,4.405237803582049,-0.10523761284718613
"""CNR5382688""","""CID2124441""",4.4021993,4.405237803582049,-0.003038535240984963
"""CNR2589844""","""CID3505059""",4.6,4.376986083790243,0.22301382084232557
"""CNR9421889""","""CID4544259""",4.2,4.405237803582049,-0.2052379943169127
"""CNR7918148""","""CID5440771""",4.5,4.405237803582049,0.09476219641795058
"""CNR1670787""","""CID7751363""",4.4042315,4.405237803582049,-0.0010062552727232443
"""CNR5624637""","""CID4145660""",4.8,4.405237803582049,0.39476238715281387
"""CNR8466617""","""CID9106148""",4.6,4.376986083790243,0.22301382084232557
"""CNR5375056""","""CID3383453""",4.6,4.405237803582049,0.19476210105051894
"""CNR2751316""","""CID6231886""",4.4098225,4.405237803582049,0.004584660407208396
"""CNR3719180""","""CID5144827""",4.5,4.405237803582049,0.09476219641795058
"""CNR8447731""","""CID9378244""",4.2,4.405237803582049,-0.2052379943169127
"""CNR5718537""","""CID6197530""",4.4021993,4.405237803582049,-0.003038535240984963
"""CNR6572251""","""CID2047989""",5.0,4.405237803582049,0.5947621964179506
"""CNR4741980""","""CID3700512""",4.2,4.405237803582049,-0.2052379943169127
"""CNR3596498""","""CID5995623""",4.2,4.405237803582049,-0.2052379943169127
"""CNR9634127""","""CID6287974""",4.4021993,4.405237803582049,-0.003038535240984963
"""CNR2933622""","""CID5298121""",4.405319,4.405237803582049,8.14102851380838e-05
"""CNR2539181""","""CID7220123""",4.7,4.405237803582049,0.2947620056830873
"""CNR8448185""","""CID6646874""",4.2,4.405237803582049,-0.2052379943169127
"""CNR9367870""","""CID1609161""",3.6,4.405237803582049,-0.8052378989494811
"""CNR8434188""","""CID3539692""",4.6,4.405237803582049,0.19476210105051894
"""CNR4057885""","""CID5890217""",4.2,4.405237803582049,-0.2052379943169127
"""CNR5552611""","""CID4244960""",4.4021993,4.405237803582049,-0.003038535240984963
"""CNR9349133""","""CID6166975""",4.4098225,4.405237803582049,0.004584660407208396
"""CNR8945480""","""CID6319881""",4.6,4.405237803582049,0.19476210105051894
"""CNR1137181""","""CID2425770""",4.2,4.405237803582049,-0.2052379943169127
"""CNR9889339""","""CID1549724""",4.4042315,4.405237803582049,-0.0010062552727232443
"""CNR1051019""","""CID3975029""",4.9,4.405237803582049,0.4947622917853822
"""CNR5053124""","""CID2137402""",4.4,4.405237803582049,-0.005237708214617776
"""CNR7627622""","""CID9098961""",4.404214,4.405237803582049,-0.00102389824757676
"""CNR5449929""","""CID1160507""",4.4098225,4.405237803582049,0.004584660407208396
"""CNR8239051""","""CID7647527""",4.2,4.405237803582049,-0.2052379943169127
"""CNR8774111""","""CID6051567""",4.1,4.405237803582049,-0.30523789894948106
"""CNR8731351""","""CID8547238""",4.4098225,4.405237803582049,0.004584660407208396
"""CNR5329938""","""CID8797823""",3.5,4.405237803582049,-0.9052378035820494
"""CNR6213851""","""CID6953282""",5.0,4.405237803582049,0.5947621964179506
"""CNR9648533""","""CID6325345""",4.2,4.405237803582049,-0.2052379943169127
"""CNR1189184""","""CID3384207""",4.4031615,4.405237803582049,-0.002076277855731057
"""CNR2501909""","""CID7225873""",3.8,4.405237803582049,-0.6052378512657652
"""CNR4314514""","""CID7319259""",4.8,4.405237803582049,0.39476238715281387
"""CNR7262836""","""CID2552468""",4.5,4.405237803582049,0.09476219641795058
"""CNR2855677""","""CID4502845""",4.4021993,4.405237803582049,-0.003038535240984963
"""CNR9586166""","""CID6982777""",4.4031615,4.405237803582049,-0.002076277855731057
"""CNR7308321""","""CID9526834""",4.1,4.405237803582049,-0.30523789894948106
"""CNR4502206""","""CID6292982""",4.1,4.405237803582049,-0.30523789894948106
"""CNR8766546""","""CID3027250""",4.6,4.405237803582049,0.19476210105051894
"""CNR9100492""","""CID6093891""",4.4042315,4.405237803582049,-0.0010062552727232443
"""CNR2735177""","""CID1090065""",4.4031615,4.405237803582049,-0.002076277855731057
"""CNR5945486""","""CID3049846""",4.3,4.405237803582049,-0.10523761284718613
"""CNR7554902""","""CID7309043""",4.6,4.405237803582049,0.19476210105051894
"""CNR2587867""","""CID7605403""",4.7,4.405237803582049,0.2947620056830873
"""CNR7911305""","""CID1158091""",4.3,4.405237803582049,-0.10523761284718613
"""CNR1917545""","""CID4440494""",4.404214,4.405237803582049,-0.00102389824757676
"""CNR4617875""","""CID5031467""",4.4098225,4.405237803582049,0.004584660407208396
"""CNR1904480""","""CID1274082""",4.7,4.405237803582049,0.2947620056830873
"""CNR5289468""","""CID3200216""",4.4031615,4.405237803582049,-0.002076277855731057
"""CNR9101195""","""CID5395335""",4.4031615,4.405237803582049,-0.002076277855731057
"""CNR1453002""","""CID7372390""",4.3,4.405237803582049,-0.10523761284718613
"""CNR5788953""","""CID8337413""",4.4031615,4.405237803582049,-0.002076277855731057
"""CNR6151630""","""CID6623624""",4.4021993,4.405237803582049,-0.003038535240984963
"""CNR6012577""","""CID5481002""",4.404214,4.405237803582049,-0.00102389824757676
"""CNR3468299""","""CID6199084""",4.404214,4.405237803582049,-0.00102389824757676
"""CNR8193079""","""CID6116176""",4.4021993,4.376986083790243,0.025213184550821666
"""CNR5839696""","""CID1136904""",4.1,4.405237803582049,-0.30523789894948106
"""CNR5410290""","""CID7983319""",4.3,4.405237803582049,-0.10523761284718613
"""CNR3732442""","""CID5300196""",4.4021993,4.405237803582049,-0.003038535240984963
"""CNR6786604""","""CID8016847""",4.4098225,4.405237803582049,0.004584660407208396
"""CNR1174169""","""CID3588281""",3.1,4.405237803582049,-1.305237898949481
"""CNR5875423""","""CID6573118""",4.4098225,4.405237803582049,0.004584660407208396
"""CNR5348764""","""CID1097672""",4.7,4.405237803582049,0.2947620056830873
"""CNR3513724""","""CID6407038""",4.404214,4.376986083790243,0.02722782154422987
"""CNR9579542""","""CID4535003""",5.0,4.405237803582049,0.5947621964179506
"""CNR4873507""","""CID7109752""",4.4042315,4.405237803582049,-0.0010062552727232443
"""CNR8846140""","""CID3932555""",4.2,4.405237803582049,-0.2052379943169127
"""CNR9377939""","""CID9039434""",4.9,4.405237803582049,0.4947622917853822
"""CNR2262812""","""CID3150078""",3.6,4.405237803582049,-0.8052378989494811
"""CNR2070743""","""CID8568774""",4.8,4.405237803582049,0.39476238715281387
"""CNR9918168""","""CID4216694""",4.3,4.405237803582049,-0.10523761284718613
"""CNR4698973""","""CID7293835""",4.4021993,4.405237803582049,-0.003038535240984963
"""CNR4301245""","""CID2464674""",4.4021993,4.405237803582049,-0.003038535240984963
"""CNR9428057""","""CID1383151""",4.4098225,4.405237803582049,0.004584660407208396
"""CNR7329102""","""CID1042036""",4.4,4.405237803582049,-0.005237708214617776
"""CNR9102251""","""CID5443826""",4.4021993,4.376986083790243,0.025213184550821666
"""CNR1174093""","""CID5859376""",4.4021993,4.405237803582049,-0.003038535240984963
"""CNR7150972""","""CID5903310""",4.4042315,4.405237803582049,-0.0010062552727232443
"""CNR5600023""","""CID3608819""",5.0,4.405237803582049,0.5947621964179506
"""CNR7239605""","""CID5128981""",4.6,4.405237803582049,0.19476210105051894
"""CNR6351917""","""CID6371121""",4.4,4.405237803582049,-0.005237708214617776
"""CNR5159322""","""CID8518833""",4.8,4.405237803582049,0.39476238715281387
"""CNR7354014""","""CID4749725""",4.404214,4.405237803582049,-0.00102389824757676
"""CNR3368565""","""CID3836211""",4.2,4.487649406569887,-0.2876495973047506
"""CNR6432085""","""CID6108984""",4.4098225,4.376986083790243,0.032836380199015025
"""CNR8348847""","""CID9394904""",4.8,4.405237803582049,0.39476238715281387
"""CNR6683114""","""CID2175469""",4.2,4.405237803582049,-0.2052379943169127
"""CNR9969822""","""CID5006233""",4.4042315,4.405237803582049,-0.0010062552727232443
"""CNR9899481""","""CID7736264""",4.2,4.405237803582049,-0.2052379943169127
"""CNR6672418""","""CID4044254""",3.8,4.405237803582049,-0.6052378512657652
"""CNR7379794""","""CID3694864""",4.8,4.405237803582049,0.39476238715281387
"""CNR8449528""","""CID3001397""",4.8,4.405237803582049,0.39476238715281387
"""CNR8743704""","""CID2595169""",4.4021993,4.405237803582049,-0.003038535240984963
"""CNR7725030""","""CID3886770""",5.0,4.405237803582049,0.5947621964179506
"""CNR4788102""","""CID6577046""",4.4098225,4.405237803582049,0.004584660407208396
"""CNR4066638""","""CID8046283""",4.6,4.405237803582049,0.19476210105051894
"""CNR3826409""","""CID1531594""",4.9,4.405237803582049,0.4947622917853822
"""CNR8745339""","""CID9616642""",4.8,4.405237803582049,0.39476238715281387
"""CNR6857748""","""CID4360815""",4.4021993,4.405237803582049,-0.003038535240984963
"""CNR3897870""","""CID7888402""",4.9,4.405237803582049,0.4947622917853822
"""CNR7732407""","""CID6925537""",4.4021993,4.376986083790243,0.025213184550821666
"""CNR9656193""","""CID1190275""",4.405319,4.405237803582049,8.14102851380838e-05
"""CNR5743560""","""CID5892616""",4.3,4.405237803582049,-0.10523761284718613
"""CNR7296986""","""CID2125305""",4.3,4.405237803582049,-0.10523761284718613
"""CNR8517686""","""CID3190448""",4.4021993,4.405237803582049,-0.003038535240984963
"""CNR8846494""","""CID8953118""",4.7,4.405237803582049,0.2947620056830873
"""CNR4960677""","""CID9356758""",4.404214,4.405237803582049,-0.00102389824757676
"""CNR8260171""","""CID2483774""",4.4021993,4.376986083790243,0.025213184550821666
"""CNR4577338""","""CID1781674""",4.4021993,4.405237803582049,-0.003038535240984963
"""CNR4153868""","""CID2021482""",4.404214,4.405237803582049,-0.00102389824757676
"""CNR1803327""","""CID8805896""",4.4031615,4.405237803582049,-0.002076277855731057
"""CNR1532063""","""CID2940984""",4.4021993,4.405237803582049,-0.003038535240984963
"""CNR2013929""","""CID7262651""",3.6,4.405237803582049,-0.8052378989494811
"""CNR6928245""","""CID6408168""",4.404214,4.405237803582049,-0.00102389824757676
"""CNR1929598""","""CID8910705""",4.1,4.405237803582049,-0.30523789894948106
"""CNR7830437""","""CID3241249""",4.4021993,4.405237803582049,-0.003038535240984963
"""CNR9883423""","""CID6783362""",4.8,4.405237803582049,0.39476238715281387
"""CNR9752890""","""CID3925143""",4.4042315,4.405237803582049,-0.0010062552727232443
"""CNR1437680""","""CID5253390""",4.1,4.376986083790243,-0.27698617915767443
"""CNR2031284""","""CID8972641""",4.4042315,4.405237803582049,-0.0010062552727232443
"""CNR1560391""","""CID3382685""",4.404214,4.405237803582049,-0.00102389824757676
"""CNR6069121""","""CID9412347""",4.405319,4.405237803582049,8.14102851380838e-05
"""CNR3574335""","""CID4002264""",4.4050717,4.405237803582049,-0.00016606819996933808
"""CNR6518103""","""CID4660034""",4.9,4.405237803582049,0.4947622917853822
"""CNR6638973""","""CID1254968""",4.6,4.405237803582049,0.19476210105051894
"""CNR6431234""","""CID6351292""",4.9,4.405237803582049,0.4947622917853822
"""CNR7317454""","""CID7251755""",4.8,4.405237803582049,0.39476238715281387
"""CNR6304113""","""CID8095882""",4.4098225,4.405237803582049,0.004584660407208396
"""CNR4925321""","""CID3823946""",4.4,4.405237803582049,-0.005237708214617776
"""CNR3022967""","""CID4144063""",3.4,4.376986083790243,-0.9769859884228111
"""CNR4222175""","""CID5174912""",4.4042315,4.405237803582049,-0.0010062552727232443
"""CNR2456295""","""CID7833493""",4.6,4.405237803582049,0.19476210105051894
"""CNR8532401""","""CID8730870""",4.3,4.376986083790243,-0.0769858930553795
"""CNR7777696""","""CID3544405""",4.404214,4.405237803582049,-0.00102389824757676
"""CNR3256927""","""CID6064891""",4.9,4.405237803582049,0.4947622917853822
"""CNR5654798""","""CID9514802""",4.4031615,4.405237803582049,-0.002076277855731057
"""CNR5290192""","""CID1662384""",4.404214,4.405237803582049,-0.00102389824757676
"""CNR3301761""","""CID8974014""",4.4098225,4.405237803582049,0.004584660407208396
"""CNR8865306""","""CID7660260""",4.9,4.405237803582049,0.4947622917853822
"""CNR6401113""","""CID4961315""",3.4,4.405237803582049,-1.0052377082146178
"""CNR6658032""","""CID5075271""",3.9,4.376986083790243,-0.47698598842281115
"""CNR4990733""","""CID9294635""",4.4,4.405237803582049,-0.005237708214617776
"""CNR8495759""","""CID9609924""",4.4,4.405237803582049,-0.005237708214617776
"""CNR1879809""","""CID9474314""",4.4050717,4.405237803582049,-0.00016606819996933808
"""CNR3626066""","""CID5815191""",4.4021993,4.405237803582049,-0.003038535240984963
"""CNR4361111""","""CID9217859""",4.6,4.405237803582049,0.19476210105051894
"""CNR5648476""","""CID4842990""",4.2,4.405237803582049,-0.2052379943169127
"""CNR3544511""","""CID2381790""",4.5,4.405237803582049,0.09476219641795058
"""CNR5353029""","""CID8342196""",4.4021993,4.405237803582049,-0.003038535240984963
"""CNR4303516""","""CID1633420""",3.8,4.405237803582049,-0.6052378512657652
"""CNR1927427""","""CID8842975""",4.4,4.405237803582049,-0.005237708214617776
"""CNR1708284""","""CID2152884""",5.0,4.405237803582049,0.5947621964179506
"""CNR6631455""","""CID5791543""",5.0,4.405237803582049,0.5947621964179506
"""CNR1104748""","""CID9825218""",4.4021993,4.405237803582049,-0.003038535240984963
"""CNR5423863""","""CID2306317""",4.4021993,4.405237803582049,-0.003038535240984963
"""CNR3975551""","""CID2944423""",3.9,4.405237803582049,-0.5052377082146178
"""CNR9603140""","""CID4073207""",4.2,4.405237803582049,-0.2052379943169127
"""CNR4840926""","""CID9950110""",4.9,4.405237803582049,0.4947622917853822
"""CNR1335961""","""CID8007782""",4.3,4.405237803582049,-0.10523761284718613
"""CNR5031084""","""CID1956571""",4.2,4.405237803582049,-0.2052379943169127
"""CNR6604209""","""CID2273854""",4.4042315,4.405237803582049,-0.0010062552727232443
"""CNR3952210""","""CID3696274""",4.4050717,4.405237803582049,-0.00016606819996933808
"""CNR6308814""","""CID2804016""",4.6,4.405237803582049,0.19476210105051894
"""CNR7494029""","""CID7873394""",5.0,4.405237803582049,0.5947621964179506
"""CNR3553230""","""CID9941667""",4.2,4.405237803582049,-0.2052379943169127
"""CNR1629176""","""CID3647333""",4.4031615,4.405237803582049,-0.002076277855731057
"""CNR4771518""","""CID2095841""",4.6,4.405237803582049,0.19476210105051894
"""CNR1263677""","""CID9882787""",4.4042315,4.405237803582049,-0.0010062552727232443
"""CNR7004191""","""CID7915637""",4.4098225,4.405237803582049,0.004584660407208396
"""CNR5378808""","""CID6179095""",4.6,4.405237803582049,0.19476210105051894
"""CNR8964558""","""CID9725091""",4.4021993,4.405237803582049,-0.003038535240984963
"""CNR1823955""","""CID1282791""",4.5,4.405237803582049,0.09476219641795058
"""CNR6627934""","""CID7250765""",3.5,4.405237803582049,-0.9052378035820494
"""CNR3575242""","""CID3139833""",4.4098225,4.405237803582049,0.004584660407208396
"""CNR4014530""","""CID9039300""",4.404214,4.376986083790243,0.02722782154422987
"""CNR9644881""","""CID5548554""",4.6,4.405237803582049,0.19476210105051894
"""CNR1017531""","""CID4952771""",4.4031615,4.405237803582049,-0.002076277855731057
"""CNR5126054""","""CID4745595""",4.404214,4.405237803582049,-0.00102389824757676
"""CNR7992215""","""CID1237490""",4.4,4.405237803582049,-0.005237708214617776
"""CNR2623581""","""CID3963921""",4.5,4.405237803582049,0.09476219641795058
"""CNR9138981""","""CID6513731""",5.0,4.405237803582049,0.5947621964179506
"""CNR4911701""","""CID1071282""",4.7,4.405237803582049,0.2947620056830873
"""CNR1160060""","""CID5465364""",4.4098225,4.405237803582049,0.004584660407208396
"""CNR9490637""","""CID5026163""",4.6,4.405237803582049,0.19476210105051894
"""CNR7410658""","""CID2150053""",4.4021993,4.405237803582049,-0.003038535240984963
"""CNR2974679""","""CID3753677""",5.0,4.405237803582049,0.5947621964179506
"""CNR5014356""","""CID5074919""",4.4,4.405237803582049,-0.005237708214617776
"""CNR8404214""","""CID7291400""",4.7,4.405237803582049,0.2947620056830873
"""CNR4533437""","""CID7698471""",4.404214,4.405237803582049,-0.00102389824757676
"""CNR9865102""","""CID8488357""",4.4098225,4.405237803582049,0.004584660407208396
"""CNR2028689""","""CID1908144""",4.3,4.405237803582049,-0.10523761284718613
"""CNR3245155""","""CID9255213""",4.7,4.405237803582049,0.2947620056830873
"""CNR2633904""","""CID5860454""",4.405319,4.405237803582049,8.14102851380838e-05
"""CNR1190443""","""CID1667957""",4.3,4.405237803582049,-0.10523761284718613
"""CNR6581232""","""CID7228398""",4.1,4.405237803582049,-0.30523789894948106
"""CNR4386945""","""CID5543520""",4.405319,4.405237803582049,8.14102851380838e-05
"""CNR7974219""","""CID2829436""",4.9,4.405237803582049,0.4947622917853822
"""CNR2187111""","""CID7764808""",4.4021993,4.405237803582049,-0.003038535240984963
"""CNR4056097""","""CID5844172""",4.404214,4.405237803582049,-0.00102389824757676
"""CNR3866175""","""CID3699143""",4.5,4.405237803582049,0.09476219641795058
"""CNR4362465""","""CID4399334""",4.4042315,4.405237803582049,-0.0010062552727232443
"""CNR4839004""","""CID6126265""",4.404214,4.405237803582049,-0.00102389824757676
"""CNR1886158""","""CID1627323""",4.4042315,4.405237803582049,-0.0010062552727232443
"""CNR5395520""","""CID7309719""",4.9,4.405237803582049,0.4947622917853822
"""CNR6787685""","""CID4362497""",4.3,4.405237803582049,-0.10523761284718613
"""CNR9832717""","""CID7373397""",4.9,4.376986083790243,0.5230140115771889
"""CNR6147341""","""CID5136935""",4.9,4.405237803582049,0.4947622917853822
"""CNR4768003""","""CID6321296""",4.2,4.405237803582049,-0.2052379943169127
"""CNR6718388""","""CID4580930""",4.3,4.376986083790243,-0.0769858930553795
"""CNR4818317""","""CID5490849""",4.404214,4.376986083790243,0.02722782154422987
"""CNR5729534""","""CID5004635""",4.9,4.405237803582049,0.4947622917853822
"""CNR9163154""","""CID5583807""",4.2,4.405237803582049,-0.2052379943169127
"""CNR9737534""","""CID1695942""",4.4021993,4.405237803582049,-0.003038535240984963
"""CNR6571001""","""CID1995495""",4.4098225,4.405237803582049,0.004584660407208396
"""CNR8514878""","""CID8155586""",4.4021993,4.405237803582049,-0.003038535240984963
"""CNR8452875""","""CID5647050""",4.4,4.405237803582049,-0.005237708214617776
"""CNR3305760""","""CID5084730""",4.1,4.405237803582049,-0.30523789894948106
"""CNR4924042""","""CID5417240""",4.5,4.405237803582049,0.09476219641795058
"""CNR8525723""","""CID2943288""",3.0,4.405237803582049,-1.4052378035820494
"""CNR5569869""","""CID2281887""",4.9,4.405237803582049,0.4947622917853822
"""CNR4698816""","""CID1027464""",4.1,4.405237803582049,-0.30523789894948106
"""CNR8741997""","""CID2954149""",4.9,4.405237803582049,0.4947622917853822
"""CNR6473037""","""CID8471282""",4.8,4.405237803582049,0.39476238715281387
"""CNR1031154""","""CID2198446""",4.404214,4.405237803582049,-0.00102389824757676
"""CNR9867273""","""CID8585249""",4.4042315,4.405237803582049,-0.0010062552727232443
"""CNR7313311""","""CID1602071""",4.9,4.405237803582049,0.4947622917853822
"""CNR2610009""","""CID6337888""",4.4,4.405237803582049,-0.005237708214617776
"""CNR5454851""","""CID7231787""",4.1,4.487649406569887,-0.38764950193731895
"""CNR8640396""","""CID8479903""",4.9,4.405237803582049,0.4947622917853822
"""CNR4428579""","""CID9094430""",4.3,4.405237803582049,-0.10523761284718613
"""CNR8223254""","""CID6578337""",3.6,4.405237803582049,-0.8052378989494811
"""CNR7170766""","""CID1367344""",4.4042315,4.405237803582049,-0.0010062552727232443
"""CNR2867009""","""CID5269196""",4.1,4.405237803582049,-0.30523789894948106
"""CNR2174601""","""CID5044924""",4.1,4.405237803582049,-0.30523789894948106
"""CNR6657145""","""CID3819651""",4.4,4.405237803582049,-0.005237708214617776
"""CNR9384045""","""CID9048464""",4.8,4.405237803582049,0.39476238715281387
"""CNR6152561""","""CID2023929""",4.2,4.405237803582049,-0.2052379943169127
"""CNR8430869""","""CID7451649""",4.9,4.405237803582049,0.4947622917853822
"""CNR2701586""","""CID1663830""",4.0,4.405237803582049,-0.4052378035820494
"""CNR6680736""","""CID4026433""",4.4098225,4.405237803582049,0.004584660407208396
"""CNR2483818""","""CID7285277""",4.4,4.376986083790243,0.023014011577188853
"""CNR4613789""","""CID5816828""",4.4021993,4.405237803582049,-0.003038535240984963
"""CNR7455019""","""CID7928521""",4.3,4.405237803582049,-0.10523761284718613
"""CNR3981638""","""CID6860463""",4.7,4.405237803582049,0.2947620056830873
"""CNR5931498""","""CID5289415""",4.4031615,4.405237803582049,-0.002076277855731057
"""CNR2831730""","""CID9092168""",4.4042315,4.405237803582049,-0.0010062552727232443
"""CNR8709892""","""CID8790859""",5.0,4.405237803582049,0.5947621964179506
"""CNR5457203""","""CID3776205""",4.4098225,4.405237803582049,0.004584660407208396
"""CNR7792002""","""CID1701019""",4.8,4.405237803582049,0.39476238715281387
"""CNR3511907""","""CID3648418""",4.4042315,4.405237803582049,-0.0010062552727232443
"""CNR5990809""","""CID5944105""",3.0,4.405237803582049,-1.4052378035820494
"""CNR6405176""","""CID8955518""",4.4098225,4.376986083790243,0.032836380199015025
"""CNR8294543""","""CID9442534""",4.7,4.405237803582049,0.2947620056830873
"""CNR8126078""","""CID7024660""",4.4021993,4.405237803582049,-0.003038535240984963
"""CNR6016687""","""CID6478239""",4.7,4.405237803582049,0.2947620056830873
"""CNR3114599""","""CID9275020""",4.4031615,4.405237803582049,-0.002076277855731057
"""CNR5803849""","""CID7764017""",3.4,4.405237803582049,-1.0052377082146178
"""CNR7807127""","""CID2896440""",4.404214,4.405237803582049,-0.00102389824757676
"""CNR9782820""","""CID9936090""",4.9,4.405237803582049,0.4947622917853822
"""CNR8558664""","""CID2641808""",3.6,4.405237803582049,-0.8052378989494811
"""CNR3658572""","""CID3746359""",3.9,4.405237803582049,-0.5052377082146178
"""CNR4649018""","""CID8599339""",4.9,4.405237803582049,0.4947622917853822
"""CNR6578799""","""CID4845584""",4.8,4.487649406569887,0.31235078416497597
"""CNR9322955""","""CID3245277""",4.9,4.405237803582049,0.4947622917853822
"""CNR5198237""","""CID1782046""",4.6,4.376986083790243,0.22301382084232557
"""CNR9950679""","""CID4303230""",4.404214,4.405237803582049,-0.00102389824757676
"""CNR2865624""","""CID2412633""",4.8,4.405237803582049,0.39476238715281387
"""CNR4416365""","""CID5332141""",4.4042315,4.405237803582049,-0.0010062552727232443
"""CNR4900511""","""CID7049910""",4.4098225,4.405237803582049,0.004584660407208396
"""CNR2417093""","""CID8021006""",4.4021993,4.405237803582049,-0.003038535240984963
"""CNR9430350""","""CID7036417""",4.405319,4.405237803582049,8.14102851380838e-05
"""CNR7539528""","""CID5025981""",4.4098225,4.405237803582049,0.004584660407208396
"""CNR3473780""","""CID4199066""",4.3,4.405237803582049,-0.10523761284718613
"""CNR3228716""","""CID1690145""",4.4042315,4.405237803582049,-0.0010062552727232443
"""CNR5456419""","""CID1178156""",4.404214,4.405237803582049,-0.00102389824757676
"""CNR6562169""","""CID9918313""",4.8,4.405237803582049,0.39476238715281387
"""CNR7387934""","""CID4656876""",4.4042315,4.405237803582049,-0.0010062552727232443
"""CNR2814652""","""CID4581539""",3.7,4.376986083790243,-0.676986036106527
"""CNR8072011""","""CID1185236""",4.6,4.405237803582049,0.19476210105051894
"""CNR5918179""","""CID1899779""",4.4042315,4.405237803582049,-0.0010062552727232443
"""CNR4841986""","""CID9632868""",4.9,4.405237803582049,0.4947622917853822
"""CNR2983839""","""CID4724353""",3.2,4.405237803582049,-1.2052377558983336
"""CNR5851358""","""CID6479030""",4.1,4.405237803582049,-0.30523789894948106
"""CNR4166695""","""CID1548490""",4.4098225,4.405237803582049,0.004584660407208396
"""CNR8420926""","""CID9263432""",4.4021993,4.405237803582049,-0.003038535240984963
"""CNR2017503""","""CID7437456""",4.9,4.405237803582049,0.4947622917853822
"""CNR4353250""","""CID1673514""",4.8,4.405237803582049,0.39476238715281387
"""CNR1836163""","""CID1024953""",4.4098225,4.405237803582049,0.004584660407208396
"""CNR7645166""","""CID8874226""",4.6,4.405237803582049,0.19476210105051894
"""CNR6476831""","""CID6894905""",4.8,4.405237803582049,0.39476238715281387
"""CNR4167993""","""CID1611672""",3.3,4.405237803582049,-1.1052378512657652
"""CNR1182755""","""CID2038401""",4.8,4.405237803582049,0.39476238715281387
"""CNR9050387""","""CID4574101""",4.4098225,4.405237803582049,0.004584660407208396
"""CNR1384466""","""CID8192773""",4.9,4.405237803582049,0.4947622917853822
"""CNR5453632""","""CID8178170""",5.0,4.405237803582049,0.5947621964179506
"""CNR9201655""","""CID6467264""",4.5,4.405237803582049,0.09476219641795058
"""CNR9241752""","""CID4567085""",4.404214,4.405237803582049,-0.00102389824757676
"""CNR6757112""","""CID5179640""",4.6,4.487649406569887,0.11235049806268105
"""CNR1653596""","""CID3458933""",4.5,4.376986083790243,0.12301391620975721
"""CNR1277744""","""CID4937014""",3.8,4.405237803582049,-0.6052378512657652
"""CNR4731284""","""CID2293604""",4.404214,4.405237803582049,-0.00102389824757676
"""CNR9743531""","""CID7653095""",4.404214,4.405237803582049,-0.00102389824757676
"""CNR9034271""","""CID4518851""",4.9,4.405237803582049,0.4947622917853822
"""CNR5317922""","""CID5339142""",4.6,4.405237803582049,0.19476210105051894
"""CNR9721252""","""CID9372666""",4.4098225,4.405237803582049,0.004584660407208396
"""CNR2898780""","""CID3682104""",4.7,4.405237803582049,0.2947620056830873
"""CNR3671959""","""CID6940056""",4.404214,4.405237803582049,-0.00102389824757676
"""CNR2107701""","""CID1002195""",4.9,4.405237803582049,0.4947622917853822
"""CNR9608827""","""CID2595915""",4.7,4.405237803582049,0.2947620056830873
"""CNR5553785""","""CID3780228""",4.4,4.405237803582049,-0.005237708214617776
"""CNR1497635""","""CID5037024""",4.404214,4.405237803582049,-0.00102389824757676
"""CNR8735450""","""CID7235110""",4.4042315,4.405237803582049,-0.0010062552727232443
"""CNR3434312""","""CID5939118""",4.8,4.405237803582049,0.39476238715281387
"""CNR7316918""","""CID2637857""",4.5,4.405237803582049,0.09476219641795058
"""CNR4796406""","""CID4456348""",4.4042315,4.405237803582049,-0.0010062552727232443
"""CNR6338452""","""CID3301556""",4.4021993,4.405237803582049,-0.003038535240984963
"""CNR2621914""","""CID3524526""",4.2,4.405237803582049,-0.2052379943169127
"""CNR7449034""","""CID6790964""",4.4,4.405237803582049,-0.005237708214617776
"""CNR6098268""","""CID3589920""",4.3,4.405237803582049,-0.10523761284718613
"""CNR1601851""","""CID1418848""",4.4042315,4.405237803582049,-0.0010062552727232443
"""CNR4554161""","""CID5030206""",4.4031615,4.405237803582049,-0.002076277855731057
"""CNR3986601""","""CID2708453""",4.4,4.405237803582049,-0.005237708214617776
"""CNR3632324""","""CID8682022""",4.4021993,4.405237803582049,-0.003038535240984963
"""CNR4749859""","""CID2390733""",4.5,4.405237803582049,0.09476219641795058
"""CNR7510037""","""CID3647193""",4.1,4.405237803582049,-0.30523789894948106
"""CNR4316678""","""CID7501057""",4.4098225,4.405237803582049,0.004584660407208396
"""CNR2794908""","""CID2703807""",4.4031615,4.405237803582049,-0.002076277855731057
"""CNR5853366""","""CID1581593""",4.4098225,4.405237803582049,0.004584660407208396
"""CNR6853823""","""CID4176694""",4.2,4.405237803582049,-0.2052379943169127
"""CNR7199117""","""CID5986020""",4.3,4.376986083790243,-0.0769858930553795
"""CNR7760332""","""CID4900333""",4.1,4.405237803582049,-0.30523789894948106
"""CNR2488375""","""CID4078861""",4.3,4.405237803582049,-0.10523761284718613
"""CNR2469783""","""CID8783049""",4.405319,4.405237803582049,8.14102851380838e-05
"""CNR3994929""","""CID8099518""",4.3,4.405237803582049,-0.10523761284718613
"""CNR7995509""","""CID2798995""",4.4042315,4.405237803582049,-0.0010062552727232443
"""CNR1568472""","""CID2884783""",5.0,4.405237803582049,0.5947621964179506
"""CNR5926587""","""CID9321646""",4.404214,4.405237803582049,-0.00102389824757676
"""CNR8010225""","""CID3896881""",5.0,4.405237803582049,0.5947621964179506
"""CNR7876181""","""CID1893682""",4.4021993,4.405237803582049,-0.003038535240984963
"""CNR4101525""","""CID9159253""",4.4031615,4.405237803582049,-0.002076277855731057
"""CNR3465506""","""CID4206114""",3.9,4.405237803582049,-0.5052377082146178
"""CNR2270752""","""CID9488371""",4.4098225,4.405237803582049,0.004584660407208396
"""CNR6060166""","""CID4821084""",4.1,4.405237803582049,-0.30523789894948106
"""CNR8188541""","""CID3680352""",3.3,4.405237803582049,-1.1052378512657652
"""CNR5822026""","""CID5651989""",4.4031615,4.405237803582049,-0.002076277855731057
"""CNR3291855""","""CID1909123""",4.2,4.405237803582049,-0.2052379943169127
"""CNR4501662""","""CID2152677""",4.404214,4.405237803582049,-0.00102389824757676
"""CNR1933854""","""CID5333491""",4.2,4.405237803582049,-0.2052379943169127
"""CNR5721144""","""CID8837620""",3.8,4.405237803582049,-0.6052378512657652
"""CNR3920299""","""CID9337468""",4.0,4.405237803582049,-0.4052378035820494
"""CNR4005488""","""CID9866338""",4.4098225,4.405237803582049,0.004584660407208396
"""CNR6430902""","""CID5461828""",4.405319,4.405237803582049,8.14102851380838e-05
"""CNR3983991""","""CID4673644""",4.4098225,4.405237803582049,0.004584660407208396
"""CNR6994582""","""CID1101846""",3.3,4.405237803582049,-1.1052378512657652
"""CNR1965108""","""CID9991412""",4.3,4.405237803582049,-0.10523761284718613
"""CNR8494539""","""CID2055169""",4.6,4.405237803582049,0.19476210105051894
"""CNR1439609""","""CID6122071""",4.2,4.405237803582049,-0.2052379943169127
"""CNR9888009""","""CID9708442""",4.2,4.405237803582049,-0.2052379943169127
"""CNR4058720""","""CID8522496""",4.4031615,4.405237803582049,-0.002076277855731057
"""CNR4126371""","""CID2956687""",4.3,4.405237803582049,-0.10523761284718613
"""CNR8418823""","""CID9143473""",4.4042315,4.405237803582049,-0.0010062552727232443
"""CNR2261788""","""CID4242364""",4.7,4.405237803582049,0.2947620056830873
"""CNR9039030""","""CID6949459""",4.4031615,4.405237803582049,-0.002076277855731057
"""CNR8725409""","""CID4875332""",4.404214,4.405237803582049,-0.00102389824757676
"""CNR8451779""","""CID5962190""",4.5,4.405237803582049,0.09476219641795058
"""CNR7339174""","""CID7362347""",4.8,4.376986083790243,0.4230141069446205
"""CNR7204420""","""CID1170990""",4.4042315,4.405237803582049,-0.0010062552727232443
"""CNR6478436""","""CID7475394""",4.2,4.405237803582049,-0.2052379943169127
"""CNR5735620""","""CID3444746""",3.8,4.376986083790243,-0.5769861314739586
"""CNR4050203""","""CID9433169""",3.2,4.405237803582049,-1.2052377558983336
"""CNR3052192""","""CID3294810""",4.4042315,4.405237803582049,-0.0010062552727232443
"""CNR3108839""","""CID8681033""",4.9,4.405237803582049,0.4947622917853822
"""CNR2418542""","""CID4131650""",4.404214,4.405237803582049,-0.00102389824757676
"""CNR4199433""","""CID6393271""",4.4021993,4.405237803582049,-0.003038535240984963
"""CNR3366428""","""CID6993836""",4.4042315,4.405237803582049,-0.0010062552727232443
"""CNR5283797""","""CID4018660""",4.4031615,4.405237803582049,-0.002076277855731057
"""CNR5396198""","""CID2740660""",4.0,4.405237803582049,-0.4052378035820494
"""CNR9514029""","""CID5861081""",4.1,4.405237803582049,-0.30523789894948106
"""CNR9211392""","""CID8704348""",4.4021993,4.405237803582049,-0.003038535240984963
"""CNR6290795""","""CID9821838""",4.4031615,4.405237803582049,-0.002076277855731057
"""CNR3112590""","""CID9511668""",4.404214,4.405237803582049,-0.00102389824757676
"""CNR8299407""","""CID6221852""",4.4042315,4.405237803582049,-0.0010062552727232443
"""CNR7327302""","""CID8505346""",5.0,4.376986083790243,0.6230139162097572
"""CNR3019534""","""CID6426679""",4.404214,4.405237803582049,-0.00102389824757676
"""CNR6305722""","""CID7295784""",4.5,4.405237803582049,0.09476219641795058
"""CNR7253995""","""CID8752193""",4.8,4.405237803582049,0.39476238715281387
"""CNR4190540""","""CID2052674""",4.4042315,4.405237803582049,-0.0010062552727232443
"""CNR7517742""","""CID8563535""",4.9,4.376986083790243,0.5230140115771889
"""CNR9326976""","""CID9433018""",3.4,4.405237803582049,-1.0052377082146178
"""CNR5769585""","""CID5876491""",4.6,4.405237803582049,0.19476210105051894
"""CNR5744699""","""CID7861119""",4.7,4.405237803582049,0.2947620056830873
"""CNR8137064""","""CID9230876""",4.8,4.405237803582049,0.39476238715281387
"""CNR1008645""","""CID8989849""",4.404214,4.405237803582049,-0.00102389824757676
"""CNR3543705""","""CID7160748""",3.8,4.405237803582049,-0.6052378512657652
"""CNR3539405""","""CID1333135""",4.7,4.405237803582049,0.2947620056830873
"""CNR5957984""","""CID3850167""",4.2,4.405237803582049,-0.2052379943169127
"""CNR9223107""","""CID4668861""",4.5,4.405237803582049,0.09476219641795058
"""CNR5149192""","""CID3134806""",4.9,4.405237803582049,0.4947622917853822
"""CNR8147660""","""CID1659451""",4.6,4.405237803582049,0.19476210105051894
"""CNR9891976""","""CID1271938""",4.4021993,4.405237803582049,-0.003038535240984963
"""CNR2570407""","""CID9533709""",4.3,4.405237803582049,-0.10523761284718613
"""CNR1897526""","""CID2398620""",4.6,4.405237803582049,0.19476210105051894
"""CNR7901816""","""CID1162119""",4.1,4.405237803582049,-0.30523789894948106
"""CNR7981430""","""CID5542205""",4.2,4.405237803582049,-0.2052379943169127
"""CNR5562922""","""CID4819696""",5.0,4.405237803582049,0.5947621964179506
"""CNR9574629""","""CID3236948""",4.2,4.405237803582049,-0.2052379943169127
"""CNR7345997""","""CID2947781""",4.8,4.405237803582049,0.39476238715281387
"""CNR6797160""","""CID1401659""",4.1,4.405237803582049,-0.30523789894948106
"""CNR8499208""","""CID5538533""",4.4042315,4.405237803582049,-0.0010062552727232443
"""CNR3035252""","""CID3348584""",4.8,4.405237803582049,0.39476238715281387
"""CNR3055089""","""CID2565720""",4.4021993,4.405237803582049,-0.003038535240984963
"""CNR3575772""","""CID8122065""",4.8,4.405237803582049,0.39476238715281387
"""CNR2603934""","""CID8070085""",4.9,4.405237803582049,0.4947622917853822
"""CNR1213351""","""CID4493131""",3.5,4.405237803582049,-0.9052378035820494
"""CNR4992264""","""CID1684858""",4.4098225,4.405237803582049,0.004584660407208396
"""CNR2406527""","""CID5276153""",4.2,4.405237803582049,-0.2052379943169127
"""CNR1980789""","""CID1050760""",4.9,4.405237803582049,0.4947622917853822
"""CNR7652769""","""CID1198160""",4.4098225,4.405237803582049,0.004584660407208396
"""CNR2570174""","""CID8898387""",4.4021993,4.405237803582049,-0.003038535240984963
"""CNR3276977""","""CID9724300""",4.5,4.405237803582049,0.09476219641795058
"""CNR9950843""","""CID6244408""",4.4021993,4.405237803582049,-0.003038535240984963
"""CNR6441567""","""CID6348710""",4.9,4.405237803582049,0.4947622917853822
"""CNR7214447""","""CID3123217""",4.4021993,4.405237803582049,-0.003038535240984963
"""CNR9373830""","""CID3696486""",4.2,4.405237803582049,-0.2052379943169127
"""CNR5226851""","""CID5247031""",4.4021993,4.405237803582049,-0.003038535240984963
"""CNR9224223""","""CID8184798""",4.4098225,4.405237803582049,0.004584660407208396
"""CNR5218350""","""CID9381058""",4.4098225,4.405237803582049,0.004584660407208396
"""CNR3077276""","""CID1260050""",3.8,4.405237803582049,-0.6052378512657652
"""CNR7670420""","""CID8023914""",4.6,4.405237803582049,0.19476210105051894
"""CNR4556292""","""CID8889556""",4.4031615,4.405237803582049,-0.002076277855731057
"""CNR2141899""","""CID7371783""",4.6,4.405237803582049,0.19476210105051894
"""CNR1439474""","""CID8153808""",4.4042315,4.405237803582049,-0.0010062552727232443
"""CNR3015125""","""CID1854760""",4.4098225,4.405237803582049,0.004584660407208396
"""CNR3687949""","""CID5203726""",4.6,4.405237803582049,0.19476210105051894
"""CNR5065150""","""CID6909658""",4.0,4.405237803582049,-0.4052378035820494
"""CNR2093070""","""CID3944122""",4.8,4.405237803582049,0.39476238715281387
"""CNR9464299""","""CID7573164""",4.404214,4.405237803582049,-0.00102389824757676
"""CNR6624225""","""CID4085886""",4.5,4.405237803582049,0.09476219641795058
"""CNR4271609""","""CID3460265""",4.1,4.405237803582049,-0.30523789894948106
"""CNR8645449""","""CID6814617""",4.4031615,4.405237803582049,-0.002076277855731057
"""CNR4866588""","""CID1441937""",4.6,4.405237803582049,0.19476210105051894
"""CNR9057358""","""CID2825541""",4.2,4.405237803582049,-0.2052379943169127
"""CNR3476571""","""CID2135410""",4.4031615,4.405237803582049,-0.002076277855731057
"""CNR5834822""","""CID4012523""",3.2,4.405237803582049,-1.2052377558983336
"""CNR9964852""","""CID3060287""",4.405319,4.405237803582049,8.14102851380838e-05
"""CNR4001083""","""CID9913736""",4.6,4.405237803582049,0.19476210105051894
"""CNR7176010""","""CID5835898""",4.4098225,4.405237803582049,0.004584660407208396
"""CNR7124143""","""CID8080296""",4.4042315,4.405237803582049,-0.0010062552727232443
"""CNR9720482""","""CID6361529""",4.4031615,4.405237803582049,-0.002076277855731057
"""CNR8567912""","""CID9662490""",4.1,4.405237803582049,-0.30523789894948106
"""CNR4216943""","""CID6185751""",4.4098225,4.405237803582049,0.004584660407208396
"""CNR9433775""","""CID4309345""",4.4021993,4.405237803582049,-0.003038535240984963
"""CNR2986695""","""CID5917191""",4.8,4.405237803582049,0.39476238715281387
"""CNR8766383""","""CID1751999""",4.8,4.405237803582049,0.39476238715281387
"""CNR2758526""","""CID6052519""",4.4021993,4.405237803582049,-0.003038535240984963
"""CNR2511750""","""CID2006155""",4.4098225,4.405237803582049,0.004584660407208396
"""CNR8841638""","""CID6167553""",3.2,4.405237803582049,-1.2052377558983336
"""CNR8417947""","""CID6139684""",4.3,4.405237803582049,-0.10523761284718613
"""CNR6061702""","""CID7919263""",4.7,4.405237803582049,0.2947620056830873
"""CNR6352912""","""CID3342727""",4.2,4.405237803582049,-0.2052379943169127
"""CNR5017262""","""CID3741718""",4.9,4.405237803582049,0.4947622917853822
"""CNR2812338""","""CID8208760""",5.0,4.405237803582049,0.5947621964179506
"""CNR9879981""","""CID4475219""",4.7,4.405237803582049,0.2947620056830873
"""CNR1985746""","""CID6988987""",4.4,4.405237803582049,-0.005237708214617776
"""CNR5706203""","""CID6538564""",4.9,4.405237803582049,0.4947622917853822
"""CNR1041830""","""CID5671054""",4.9,4.405237803582049,0.4947622917853822
"""CNR5024979""","""CID5417713""",4.4,4.405237803582049,-0.005237708214617776
"""CNR8238836""","""CID2148956""",4.4021993,4.405237803582049,-0.003038535240984963
"""CNR3412303""","""CID7322563""",4.2,4.405237803582049,-0.2052379943169127
"""CNR9727482""","""CID1954570""",4.4042315,4.405237803582049,-0.0010062552727232443
"""CNR9572979""","""CID3474992""",3.6,4.405237803582049,-0.8052378989494811
"""CNR5675049""","""CID1790876""",3.7,4.405237803582049,-0.7052377558983336
"""CNR8191476""","""CID5071663""",4.2,4.405237803582049,-0.2052379943169127
"""CNR6538649""","""CID4529358""",4.3,4.405237803582049,-0.10523761284718613
"""CNR4958902""","""CID7338634""",3.8,4.405237803582049,-0.6052378512657652
"""CNR7264522""","""CID4786231""",4.4,4.405237803582049,-0.005237708214617776
"""CNR6109840""","""CID6327064""",4.4098225,4.405237803582049,0.004584660407208396
"""CNR4312765""","""CID9543168""",4.9,4.405237803582049,0.4947622917853822
"""CNR9670987""","""CID9503858""",4.8,4.405237803582049,0.39476238715281387
"""CNR1457591""","""CID8168726""",4.4031615,4.405237803582049,-0.002076277855731057
"""CNR1466730""","""CID7953515""",4.4,4.376986083790243,0.023014011577188853
"""CNR6205104""","""CID5021157""",4.4098225,4.405237803582049,0.004584660407208396
"""CNR8344276""","""CID5206508""",4.4042315,4.405237803582049,-0.0010062552727232443
"""CNR1022677""","""CID1349384""",4.8,4.405237803582049,0.39476238715281387
"""CNR8995272""","""CID1279963""",4.4,4.405237803582049,-0.005237708214617776
"""CNR4754481""","""CID1266870""",4.5,4.405237803582049,0.09476219641795058
"""CNR9489987""","""CID5795727""",4.6,4.405237803582049,0.19476210105051894
"""CNR5019982""","""CID1432320""",4.4098225,4.405237803582049,0.004584660407208396
"""CNR2770598""","""CID5020281""",3.7,4.405237803582049,-0.7052377558983336
"""CNR3479135""","""CID8018792""",4.404214,4.405237803582049,-0.00102389824757676
"""CNR2691861""","""CID5376058""",4.9,4.405237803582049,0.4947622917853822
"""CNR1776378""","""CID9964778""",4.6,4.405237803582049,0.19476210105051894
"""CNR8971920""","""CID1414766""",4.5,4.405237803582049,0.09476219641795058
"""CNR4242573""","""CID4006884""",4.4,4.405237803582049,-0.005237708214617776
"""CNR4040982""","""CID2638097""",3.9,4.405237803582049,-0.5052377082146178
"""CNR3984322""","""CID4215871""",4.3,4.405237803582049,-0.10523761284718613
"""CNR8290472""","""CID3834177""",4.4042315,4.405237803582049,-0.0010062552727232443
"""CNR9389297""","""CID1015889""",4.3,4.405237803582049,-0.10523761284718613
"""CNR1203444""","""CID6637256""",4.9,4.405237803582049,0.4947622917853822
"""CNR1089213""","""CID4179851""",4.3,4.405237803582049,-0.10523761284718613
"""CNR6785442""","""CID1787011""",4.404214,4.405237803582049,-0.00102389824757676
"""CNR2972320""","""CID8057586""",4.9,4.405237803582049,0.4947622917853822
"""CNR8591171""","""CID4397538""",3.5,4.487649406569887,-0.9876494065698873
"""CNR6484887""","""CID8791915""",4.4098225,4.405237803582049,0.004584660407208396
"""CNR2044461""","""CID2934302""",5.0,4.405237803582049,0.5947621964179506
"""CNR8084310""","""CID7138750""",4.2,4.405237803582049,-0.2052379943169127
"""CNR9777125""","""CID5875903""",4.404214,4.405237803582049,-0.00102389824757676
"""CNR3858081""","""CID1642138""",4.7,4.405237803582049,0.2947620056830873
"""CNR2669952""","""CID9868028""",3.4,4.405237803582049,-1.0052377082146178
"""CNR8263384""","""CID9977909""",4.4031615,4.405237803582049,-0.002076277855731057
"""CNR2658148""","""CID9559776""",4.9,4.405237803582049,0.4947622917853822
"""CNR2754966""","""CID3869382""",4.6,4.405237803582049,0.19476210105051894
"""CNR7758470""","""CID6455341""",3.9,4.405237803582049,-0.5052377082146178
"""CNR5084702""","""CID2750092""",4.5,4.405237803582049,0.09476219641795058
"""CNR8591685""","""CID2244577""",4.4031615,4.405237803582049,-0.002076277855731057
"""CNR6702912""","""CID7137418""",4.4021993,4.405237803582049,-0.003038535240984963
"""CNR1991640""","""CID4752643""",4.7,4.405237803582049,0.2947620056830873
"""CNR7369691""","""CID9446430""",4.3,4.405237803582049,-0.10523761284718613
"""CNR2462662""","""CID1310632""",4.2,4.405237803582049,-0.2052379943169127
"""CNR8077723""","""CID8495525""",4.9,4.405237803582049,0.4947622917853822
"""CNR4871777""","""CID6519902""",4.1,4.405237803582049,-0.30523789894948106
"""CNR6309664""","""CID4763125""",4.4,4.405237803582049,-0.005237708214617776
"""CNR4479179""","""CID2819790""",4.9,4.405237803582049,0.4947622917853822
"""CNR7457553""","""CID2757293""",4.6,4.405237803582049,0.19476210105051894
"""CNR5625889""","""CID1283410""",5.0,4.405237803582049,0.5947621964179506
"""CNR9460764""","""CID5586995""",3.9,4.405237803582049,-0.5052377082146178
"""CNR3998146""","""CID6738079""",4.2,4.405237803582049,-0.2052379943169127
"""CNR4015172""","""CID2857949""",4.4042315,4.405237803582049,-0.0010062552727232443
"""CNR6240772""","""CID4026228""",4.4098225,4.405237803582049,0.004584660407208396
"""CNR9914084""","""CID8924506""",4.4021993,4.405237803582049,-0.003038535240984963
"""CNR1697180""","""CID7762758""",3.9,4.405237803582049,-0.5052377082146178
"""CNR4789750""","""CID2162296""",4.2,4.376986083790243,-0.17698627452510607
"""CNR2991014""","""CID4946282""",4.405319,4.405237803582049,8.14102851380838e-05
"""CNR2996962""","""CID6603564""",4.1,4.405237803582049,-0.30523789894948106
"""CNR2577973""","""CID1647869""",4.5,4.405237803582049,0.09476219641795058
"""CNR7261009""","""CID8435335""",4.3,4.405237803582049,-0.10523761284718613
"""CNR9232178""","""CID7932262""",4.4031615,4.405237803582049,-0.002076277855731057
"""CNR8041927""","""CID2908244""",4.9,4.405237803582049,0.4947622917853822
"""CNR5424069""","""CID3670977""",4.0,4.405237803582049,-0.4052378035820494
"""CNR8232061""","""CID8027884""",4.4021993,4.405237803582049,-0.003038535240984963
"""CNR9262224""","""CID7617896""",4.4042315,4.405237803582049,-0.0010062552727232443
"""CNR2988375""","""CID1359196""",4.4021993,4.405237803582049,-0.003038535240984963
"""CNR4387579""","""CID8970252""",4.7,4.405237803582049,0.2947620056830873
"""CNR8937909""","""CID7561222""",4.9,4.405237803582049,0.4947622917853822
"""CNR2820949""","""CID9536771""",3.9,4.405237803582049,-0.5052377082146178
"""CNR4498534""","""CID8869714""",4.4021993,4.405237803582049,-0.003038535240984963
"""CNR6724034""","""CID9920842""",4.3,4.405237803582049,-0.10523761284718613
"""CNR9144498""","""CID4601412""",4.9,4.405237803582049,0.4947622917853822
"""CNR5219967""","""CID6245712""",4.404214,4.405237803582049,-0.00102389824757676
"""CNR8366384""","""CID5678882""",4.405319,4.405237803582049,8.14102851380838e-05
"""CNR8595196""","""CID4950542""",4.3,4.405237803582049,-0.10523761284718613
"""CNR1202712""","""CID3339761""",4.4042315,4.405237803582049,-0.0010062552727232443
"""CNR5360863""","""CID5955923""",4.4098225,4.405237803582049,0.004584660407208396
"""CNR3015245""","""CID1493676""",4.1,4.405237803582049,-0.30523789894948106
"""CNR2876675""","""CID5688627""",4.405319,4.405237803582049,8.14102851380838e-05
"""CNR3440751""","""CID2475214""",4.8,4.405237803582049,0.39476238715281387
"""CNR9453497""","""CID8744392""",4.2,4.405237803582049,-0.2052379943169127
"""CNR5191517""","""CID5256069""",4.4021993,4.405237803582049,-0.003038535240984963
"""CNR6984782""","""CID6997983""",4.3,4.405237803582049,-0.10523761284718613
"""CNR2782420""","""CID5526011""",4.404214,4.405237803582049,-0.00102389824757676
"""CNR3447789""","""CID2177327""",4.2,4.405237803582049,-0.2052379943169127
"""CNR5847253""","""CID6931422""",4.4042315,4.405237803582049,-0.0010062552727232443
"""CNR2521187""","""CID9239914""",4.4042315,4.405237803582049,-0.0010062552727232443
"""CNR9116243""","""CID5631643""",4.6,4.405237803582049,0.19476210105051894
"""CNR1540567""","""CID8942847""",3.7,4.405237803582049,-0.7052377558983336
"""CNR1926262""","""CID7740378""",4.7,4.376986083790243,0.32301372547489393
"""CNR9787493""","""CID8077394""",4.1,4.487649406569887,-0.38764950193731895
"""CNR5829665""","""CID7649105""",4.3,4.405237803582049,-0.10523761284718613
"""CNR9879874""","""CID9484756""",4.4098225,4.405237803582049,0.004584660407208396
"""CNR2829221""","""CID1386367""",4.4021993,4.405237803582049,-0.003038535240984963
"""CNR3410847""","""CID5457547""",4.405319,4.405237803582049,8.14102851380838e-05
"""CNR9803518""","""CID5848790""",4.8,4.405237803582049,0.39476238715281387
"""CNR2614480""","""CID7241709""",4.3,4.405237803582049,-0.10523761284718613
"""CNR1251538""","""CID4053963""",4.9,4.405237803582049,0.4947622917853822
"""CNR4678626""","""CID4797851""",4.1,4.376986083790243,-0.27698617915767443
"""CNR7320848""","""CID1205165""",4.4098225,4.405237803582049,0.004584660407208396
"""CNR4435597""","""CID3451597""",3.7,4.405237803582049,-0.7052377558983336
"""CNR6623440""","""CID6060445""",4.405319,4.405237803582049,8.14102851380838e-05
"""CNR6410243""","""CID9675847""",4.4021993,4.405237803582049,-0.003038535240984963
"""CNR5354245""","""CID7839444""",4.3,4.405237803582049,-0.10523761284718613
"""CNR7176550""","""CID6074093""",4.5,4.405237803582049,0.09476219641795058
"""CNR6944840""","""CID9703775""",4.9,4.405237803582049,0.4947622917853822
"""CNR8322304""","""CID7764173""",4.5,4.405237803582049,0.09476219641795058
"""CNR5043424""","""CID9620149""",4.2,4.405237803582049,-0.2052379943169127
"""CNR1450904""","""CID1515159""",4.3,4.405237803582049,-0.10523761284718613
"""CNR5190775""","""CID6321589""",4.7,4.405237803582049,0.2947620056830873
"""CNR5431284""","""CID2103783""",4.4098225,4.405237803582049,0.004584660407208396
"""CNR6056155""","""CID2675766""",4.4042315,4.405237803582049,-0.0010062552727232443
"""CNR7548833""","""CID4063345""",4.7,4.405237803582049,0.2947620056830873
"""CNR7982766""","""CID6192942""",4.4031615,4.405237803582049,-0.002076277855731057
"""CNR3802595""","""CID8022385""",4.7,4.405237803582049,0.2947620056830873
"""CNR8733171""","""CID6143764""",4.2,4.405237803582049,-0.2052379943169127
"""CNR2964716""","""CID1041804""",4.4042315,4.405237803582049,-0.0010062552727232443
"""CNR3507126""","""CID9626947""",4.6,4.405237803582049,0.19476210105051894
"""CNR5662990""","""CID3565134""",3.7,4.405237803582049,-0.7052377558983336
"""CNR1268532""","""CID8078005""",4.4021993,4.405237803582049,-0.003038535240984963
"""CNR8618813""","""CID8093376""",4.9,4.405237803582049,0.4947622917853822
"""CNR2425474""","""CID8726893""",3.9,4.405237803582049,-0.5052377082146178
"""CNR4039962""","""CID9976423""",4.1,4.405237803582049,-0.30523789894948106
"""CNR8498263""","""CID2972698""",4.4098225,4.405237803582049,0.004584660407208396
"""CNR7997177""","""CID4769036""",4.6,4.376986083790243,0.22301382084232557
"""CNR9039833""","""CID8733015""",4.3,4.405237803582049,-0.10523761284718613
"""CNR9030696""","""CID9468899""",4.5,4.405237803582049,0.09476219641795058
"""CNR4504710""","""CID3202082""",4.4,4.405237803582049,-0.005237708214617776
"""CNR5850518""","""CID3522188""",4.404214,4.405237803582049,-0.00102389824757676
"""CNR6112678""","""CID4271482""",4.8,4.405237803582049,0.39476238715281387
"""CNR6011776""","""CID2685782""",4.404214,4.405237803582049,-0.00102389824757676
"""CNR6759449""","""CID7555592""",4.0,4.405237803582049,-0.4052378035820494
"""CNR5398928""","""CID6311962""",4.4098225,4.405237803582049,0.004584660407208396
"""CNR4229142""","""CID2720070""",4.4098225,4.405237803582049,0.004584660407208396
"""CNR5126275""","""CID8849631""",4.1,4.405237803582049,-0.30523789894948106
"""CNR6600103""","""CID9277769""",4.3,4.405237803582049,-0.10523761284718613
"""CNR4257044""","""CID5601701""",4.9,4.405237803582049,0.4947622917853822
"""CNR4023892""","""CID3481765""",4.9,4.405237803582049,0.4947622917853822
"""CNR4550121""","""CID4271005""",4.4098225,4.405237803582049,0.004584660407208396
"""CNR7621258""","""CID2291497""",4.4031615,4.405237803582049,-0.002076277855731057
"""CNR7774668""","""CID3453125""",4.4021993,4.405237803582049,-0.003038535240984963
"""CNR5272252""","""CID3376638""",3.7,4.405237803582049,-0.7052377558983336
"""CNR4343045""","""CID8890681""",3.9,4.405237803582049,-0.5052377082146178
"""CNR4911679""","""CID1417598""",4.9,4.405237803582049,0.4947622917853822
"""CNR1969497""","""CID6204005""",4.9,4.405237803582049,0.4947622917853822
"""CNR6015922""","""CID9433735""",3.4,4.405237803582049,-1.0052377082146178
"""CNR5317443""","""CID4048601""",4.4042315,4.405237803582049,-0.0010062552727232443
"""CNR5427148""","""CID4799353""",4.4098225,4.405237803582049,0.004584660407208396
"""CNR6353088""","""CID9989639""",4.6,4.405237803582049,0.19476210105051894
"""CNR3847414""","""CID3033273""",4.4042315,4.405237803582049,-0.0010062552727232443
"""CNR9757050""","""CID8910844""",4.4021993,4.405237803582049,-0.003038535240984963
"""CNR8071102""","""CID5748451""",4.404214,4.405237803582049,-0.00102389824757676
"""CNR8993738""","""CID8950456""",4.0,4.405237803582049,-0.4052378035820494
"""CNR3731721""","""CID6594456""",4.404214,4.405237803582049,-0.00102389824757676
"""CNR6581126""","""CID6285282""",3.8,4.405237803582049,-0.6052378512657652
"""CNR2006277""","""CID3335101""",4.4042315,4.405237803582049,-0.0010062552727232443
"""CNR2205519""","""CID9577736""",4.2,4.405237803582049,-0.2052379943169127
"""CNR3498826""","""CID9407308""",4.2,4.405237803582049,-0.2052379943169127
"""CNR3954204""","""CID7121151""",4.4098225,4.405237803582049,0.004584660407208396
"""CNR8318783""","""CID5458345""",4.2,4.405237803582049,-0.2052379943169127
"""CNR3924113""","""CID1001414""",4.404214,4.405237803582049,-0.00102389824757676
"""CNR4357480""","""CID2533846""",4.6,4.376986083790243,0.22301382084232557
"""CNR2040991""","""CID8687251""",4.404214,4.405237803582049,-0.00102389824757676
"""CNR7084025""","""CID9643592""",3.4,4.405237803582049,-1.0052377082146178
"""CNR7856693""","""CID1284270""",4.4,4.405237803582049,-0.005237708214617776
"""CNR2940039""","""CID5570675""",4.6,4.405237803582049,0.19476210105051894
"""CNR5960594""","""CID8773936""",4.4021993,4.405237803582049,-0.003038535240984963
"""CNR7937909""","""CID3192355""",4.4021993,4.405237803582049,-0.003038535240984963
"""CNR6183131""","""CID4323298""",4.9,4.405237803582049,0.4947622917853822
"""CNR1536080""","""CID6940014""",4.4021993,4.405237803582049,-0.003038535240984963
"""CNR5510322""","""CID9851784""",4.9,4.405237803582049,0.4947622917853822
"""CNR6901741""","""CID2765799""",4.6,4.405237803582049,0.19476210105051894
"""CNR4982732""","""CID6290076""",4.404214,4.405237803582049,-0.00102389824757676
"""CNR9592431""","""CID3988804""",4.4098225,4.405237803582049,0.004584660407208396
"""CNR3583803""","""CID8292206""",5.0,4.405237803582049,0.5947621964179506
"""CNR8399415""","""CID9663536""",4.404214,4.405237803582049,-0.00102389824757676
"""CNR3148859""","""CID5639617""",4.9,4.405237803582049,0.4947622917853822
"""CNR8221394""","""CID3059252""",4.6,4.405237803582049,0.19476210105051894
"""CNR9488352""","""CID1154645""",4.4098225,4.376986083790243,0.032836380199015025
"""CNR7333155""","""CID1568185""",4.9,4.405237803582049,0.4947622917853822
"""CNR9034738""","""CID3980818""",4.4042315,4.405237803582049,-0.0010062552727232443
"""CNR1954824""","""CID7304196""",4.9,4.376986083790243,0.5230140115771889
"""CNR8118721""","""CID8327591""",4.4031615,4.405237803582049,-0.002076277855731057
"""CNR3247091""","""CID1188612""",4.6,4.405237803582049,0.19476210105051894
"""CNR9978330""","""CID7060505""",4.2,4.405237803582049,-0.2052379943169127
"""CNR7997527""","""CID1804937""",4.8,4.405237803582049,0.39476238715281387
"""CNR4517798""","""CID7205191""",4.3,4.405237803582049,-0.10523761284718613
"""CNR2865736""","""CID3972597""",4.0,4.405237803582049,-0.4052378035820494
"""CNR1715549""","""CID6291470""",4.4,4.405237803582049,-0.005237708214617776
"""CNR6902897""","""CID1505528""",4.3,4.405237803582049,-0.10523761284718613
"""CNR2033210""","""CID5921312""",4.405319,4.405237803582049,8.14102851380838e-05
"""CNR6622619""","""CID7437006""",4.5,4.405237803582049,0.09476219641795058
"""CNR4617700""","""CID2648683""",4.4031615,4.405237803582049,-0.002076277855731057
"""CNR6284720""","""CID8709040""",4.2,4.405237803582049,-0.2052379943169127
"""CNR8704596""","""CID8874224""",4.4,4.405237803582049,-0.005237708214617776
"""CNR6581643""","""CID7716407""",3.7,4.405237803582049,-0.7052377558983336
"""CNR2779290""","""CID8382773""",4.4042315,4.405237803582049,-0.0010062552727232443
"""CNR5661158""","""CID7594419""",4.0,4.405237803582049,-0.4052378035820494
"""CNR2112013""","""CID5311290""",4.4031615,4.405237803582049,-0.002076277855731057
"""CNR5844564""","""CID1005768""",4.6,4.405237803582049,0.19476210105051894
"""CNR2914956""","""CID7366503""",4.8,4.405237803582049,0.39476238715281387
"""CNR1196479""","""CID6223383""",3.1,4.405237803582049,-1.305237898949481
"""CNR4668910""","""CID1669086""",4.3,4.405237803582049,-0.10523761284718613
"""CNR4071525""","""CID1271659""",4.7,4.405237803582049,0.2947620056830873
"""CNR7030722""","""CID9177224""",4.4021993,4.405237803582049,-0.003038535240984963
"""CNR7335550""","""CID5635341""",4.9,4.376986083790243,0.5230140115771889
"""CNR1753215""","""CID5910210""",4.404214,4.405237803582049,-0.00102389824757676
"""CNR7153857""","""CID1720898""",4.3,4.405237803582049,-0.10523761284718613
"""CNR9410819""","""CID2648164""",4.6,4.405237803582049,0.19476210105051894
"""CNR7491740""","""CID9263693""",4.4021993,4.405237803582049,-0.003038535240984963
"""CNR8296015""","""CID1849808""",4.404214,4.405237803582049,-0.00102389824757676
"""CNR7874394""","""CID9001891""",4.2,4.405237803582049,-0.2052379943169127
"""CNR9237879""","""CID7027054""",4.6,4.405237803582049,0.19476210105051894
"""CNR4233041""","""CID5499671""",3.7,4.405237803582049,-0.7052377558983336
"""CNR5478940""","""CID1749983""",4.3,4.405237803582049,-0.10523761284718613
"""CNR5449362""","""CID5585623""",4.3,4.405237803582049,-0.10523761284718613
"""CNR2674343""","""CID3719579""",4.4031615,4.405237803582049,-0.002076277855731057
"""CNR9941764""","""CID1402697""",4.4098225,4.405237803582049,0.004584660407208396
"""CNR7096619""","""CID2810956""",3.8,4.405237803582049,-0.6052378512657652
"""CNR6639373""","""CID4296963""",4.6,4.405237803582049,0.19476210105051894
"""CNR4016892""","""CID5273794""",4.9,4.405237803582049,0.4947622917853822
"""CNR2392134""","""CID8858904""",4.5,4.405237803582049,0.09476219641795058
"""CNR5944039""","""CID2914549""",4.4031615,4.405237803582049,-0.002076277855731057
"""CNR1307896""","""CID8732339""",4.5,4.405237803582049,0.09476219641795058
"""CNR8657696""","""CID2495301""",3.4,4.405237803582049,-1.0052377082146178
"""CNR6944041""","""CID1678739""",4.5,4.405237803582049,0.09476219641795058
"""CNR2141583""","""CID9987507""",4.2,4.405237803582049,-0.2052379943169127
"""CNR1585717""","""CID1505545""",4.1,4.405237803582049,-0.30523789894948106
"""CNR1026727""","""CID4678560""",4.1,4.405237803582049,-0.30523789894948106
"""CNR9176169""","""CID9799054""",4.4098225,4.405237803582049,0.004584660407208396
"""CNR7254705""","""CID3088930""",4.4042315,4.405237803582049,-0.0010062552727232443
"""CNR5320164""","""CID3747918""",3.9,4.405237803582049,-0.5052377082146178
"""CNR4838519""","""CID9673230""",4.3,4.405237803582049,-0.10523761284718613
"""CNR2827160""","""CID5227579""",4.4031615,4.405237803582049,-0.002076277855731057
"""CNR9008329""","""CID5551168""",4.4021993,4.405237803582049,-0.003038535240984963
"""CNR8434758""","""CID4773442""",4.4098225,4.405237803582049,0.004584660407208396
"""CNR3034053""","""CID7011064""",4.3,4.405237803582049,-0.10523761284718613
"""CNR3524804""","""CID6489465""",4.4042315,4.405237803582049,-0.0010062552727232443
"""CNR4993244""","""CID6974933""",4.6,4.405237803582049,0.19476210105051894
"""CNR2987424""","""CID8163234""",4.404214,4.405237803582049,-0.00102389824757676
"""CNR9861981""","""CID8994443""",4.4042315,4.405237803582049,-0.0010062552727232443
"""CNR7144150""","""CID2893379""",5.0,4.405237803582049,0.5947621964179506
"""CNR5640363""","""CID5359893""",4.6,4.405237803582049,0.19476210105051894
"""CNR6575201""","""CID6536846""",4.5,4.405237803582049,0.09476219641795058
"""CNR6890903""","""CID2623656""",4.9,4.405237803582049,0.4947622917853822
"""CNR5132981""","""CID3079894""",4.5,4.405237803582049,0.09476219641795058
"""CNR3807875""","""CID2487301""",4.9,4.405237803582049,0.4947622917853822
"""CNR7696076""","""CID1075966""",3.8,4.405237803582049,-0.6052378512657652
"""CNR7129104""","""CID9165164""",4.4042315,4.405237803582049,-0.0010062552727232443
"""CNR5206507""","""CID9160368""",4.9,4.405237803582049,0.4947622917853822
"""CNR9623661""","""CID1568888""",4.4021993,4.405237803582049,-0.003038535240984963
"""CNR5565474""","""CID1544880""",4.4021993,4.405237803582049,-0.003038535240984963
"""CNR9886032""","""CID2641199""",3.0,4.405237803582049,-1.4052378035820494
"""CNR9379613""","""CID6645851""",3.2,4.405237803582049,-1.2052377558983336
"""CNR3866252""","""CID3167453""",4.6,4.405237803582049,0.19476210105051894
"""CNR5579509""","""CID6091106""",3.1,4.405237803582049,-1.305237898949481
"""CNR9826723""","""CID9250202""",4.405319,4.405237803582049,8.14102851380838e-05
"""CNR7944337""","""CID1879351""",4.9,4.405237803582049,0.4947622917853822
"""CNR7622170""","""CID2619654""",4.4021993,4.405237803582049,-0.003038535240984963
"""CNR9904399""","""CID1812956""",4.4,4.405237803582049,-0.005237708214617776
"""CNR3358338""","""CID3208565""",4.405319,4.405237803582049,8.14102851380838e-05
"""CNR9735004""","""CID9131664""",4.2,4.405237803582049,-0.2052379943169127
"""CNR2924625""","""CID3556702""",4.7,4.405237803582049,0.2947620056830873
"""CNR9395976""","""CID8814144""",4.6,4.405237803582049,0.19476210105051894
"""CNR8320301""","""CID2208115""",4.8,4.405237803582049,0.39476238715281387
"""CNR7739738""","""CID2027701""",4.3,4.405237803582049,-0.10523761284718613
"""CNR7427605""","""CID5518114""",4.7,4.405237803582049,0.2947620056830873
"""CNR5032766""","""CID6880101""",3.9,4.405237803582049,-0.5052377082146178
"""CNR7608611""","""CID7386775""",4.405319,4.405237803582049,8.14102851380838e-05
"""CNR1060805""","""CID2320631""",4.3,4.405237803582049,-0.10523761284718613
"""CNR3277547""","""CID7323374""",4.6,4.376986083790243,0.22301382084232557
"""CNR8494304""","""CID5690468""",4.404214,4.405237803582049,-0.00102389824757676
"""CNR5365438""","""CID3023279""",4.7,4.405237803582049,0.2947620056830873
"""CNR1915540""","""CID9067282""",5.0,4.405237803582049,0.5947621964179506
"""CNR8496535""","""CID5757106""",4.2,4.405237803582049,-0.2052379943169127
"""CNR7332280""","""CID3419493""",4.405319,4.405237803582049,8.14102851380838e-05
"""CNR2244188""","""CID3106747""",4.9,4.405237803582049,0.4947622917853822
"""CNR6813013""","""CID1895761""",4.404214,4.405237803582049,-0.00102389824757676
"""CNR8807083""","""CID4839330""",4.4098225,4.405237803582049,0.004584660407208396
"""CNR5291013""","""CID4319653""",4.9,4.405237803582049,0.4947622917853822
"""CNR2266726""","""CID5590615""",4.4042315,4.405237803582049,-0.0010062552727232443
"""CNR4890252""","""CID2087683""",4.404214,4.405237803582049,-0.00102389824757676
"""CNR2269212""","""CID8487615""",4.4098225,4.405237803582049,0.004584660407208396
"""CNR9649330""","""CID9389298""",4.2,4.405237803582049,-0.2052379943169127
"""CNR9990085""","""CID5027204""",4.2,4.405237803582049,-0.2052379943169127
"""CNR9123759""","""CID3403817""",4.5,4.405237803582049,0.09476219641795058
"""CNR2874542""","""CID7848287""",4.9,4.405237803582049,0.4947622917853822
"""CNR1826714""","""CID9927249""",4.2,4.405237803582049,-0.2052379943169127
"""CNR6407429""","""CID5621597""",4.5,4.405237803582049,0.09476219641795058
"""CNR1390776""","""CID3940239""",4.4031615,4.405237803582049,-0.002076277855731057
"""CNR7573412""","""CID6171756""",4.8,4.405237803582049,0.39476238715281387
"""CNR1840812""","""CID2497733""",4.4042315,4.405237803582049,-0.0010062552727232443
"""CNR5129916""","""CID4576835""",4.2,4.405237803582049,-0.2052379943169127
"""CNR7309844""","""CID9005228""",4.404214,4.405237803582049,-0.00102389824757676
"""CNR5981964""","""CID8781934""",4.6,4.405237803582049,0.19476210105051894
"""CNR6740642""","""CID2782924""",4.1,4.405237803582049,-0.30523789894948106
"""CNR2808421""","""CID9830379""",3.7,4.405237803582049,-0.7052377558983336
"""CNR2508870""","""CID2944778""",4.3,4.405237803582049,-0.10523761284718613
"""CNR2712247""","""CID9784896""",4.4042315,4.405237803582049,-0.0010062552727232443
"""CNR2841825""","""CID1136744""",4.4021993,4.405237803582049,-0.003038535240984963
"""CNR9769042""","""CID9520355""",4.2,4.405237803582049,-0.2052379943169127
"""CNR5795467""","""CID4481055""",4.4050717,4.405237803582049,-0.00016606819996933808
"""CNR7626904""","""CID1962769""",4.1,4.405237803582049,-0.30523789894948106
"""CNR6632186""","""CID6947837""",3.9,4.405237803582049,-0.5052377082146178
"""CNR5990930""","""CID1336119""",4.6,4.405237803582049,0.19476210105051894
"""CNR6099181""","""CID8696796""",4.2,4.405237803582049,-0.2052379943169127
"""CNR3170874""","""CID7857889""",4.4098225,4.405237803582049,0.004584660407208396
"""CNR2513952""","""CID2036033""",4.4098225,4.405237803582049,0.004584660407208396
"""CNR4855198""","""CID3836943""",4.6,4.405237803582049,0.19476210105051894
"""CNR1369897""","""CID2894892""",4.8,4.405237803582049,0.39476238715281387
"""CNR6535721""","""CID6694913""",4.4031615,4.405237803582049,-0.002076277855731057
"""CNR1250417""","""CID9114185""",4.4021993,4.405237803582049,-0.003038535240984963
"""CNR2492509""","""CID7845420""",4.3,4.405237803582049,-0.10523761284718613
"""CNR8337131""","""CID1993123""",4.9,4.376986083790243,0.5230140115771889
"""CNR1786612""","""CID9735641""",4.4031615,4.405237803582049,-0.002076277855731057
"""CNR2162260""","""CID9183663""",4.3,4.405237803582049,-0.10523761284718613
"""CNR1678864""","""CID1378865""",4.4021993,4.405237803582049,-0.003038535240984963
"""CNR9027093""","""CID5151186""",4.4021993,4.405237803582049,-0.003038535240984963
"""CNR6172163""","""CID1767049""",4.5,4.405237803582049,0.09476219641795058
"""CNR1346506""","""CID4168913""",5.0,4.405237803582049,0.5947621964179506
"""CNR7503709""","""CID8370377""",4.1,4.376986083790243,-0.27698617915767443
"""CNR4986212""","""CID4529451""",4.4,4.405237803582049,-0.005237708214617776
"""CNR5881907""","""CID7895163""",4.4098225,4.405237803582049,0.004584660407208396
"""CNR5164662""","""CID3404063""",4.4021993,4.405237803582049,-0.003038535240984963
"""CNR2027949""","""CID4724373""",4.4098225,4.405237803582049,0.004584660407208396
"""CNR1907477""","""CID4176530""",4.4098225,4.405237803582049,0.004584660407208396
"""CNR3573790""","""CID5202904""",4.4021993,4.376986083790243,0.025213184550821666
"""CNR4830923""","""CID8019669""",4.404214,4.405237803582049,-0.00102389824757676
"""CNR1182798""","""CID1937657""",4.7,4.405237803582049,0.2947620056830873
"""CNR9549531""","""CID8544558""",4.4042315,4.405237803582049,-0.0010062552727232443
"""CNR8232969""","""CID2201371""",4.4098225,4.405237803582049,0.004584660407208396
"""CNR6684505""","""CID7895189""",4.4021993,4.405237803582049,-0.003038535240984963
"""CNR8561865""","""CID1903922""",4.6,4.405237803582049,0.19476210105051894
"""CNR8203250""","""CID7354446""",4.2,4.405237803582049,-0.2052379943169127
"""CNR3191916""","""CID2242329""",4.5,4.405237803582049,0.09476219641795058
"""CNR7213710""","""CID2227189""",4.405319,4.405237803582049,8.14102851380838e-05
"""CNR3320919""","""CID7901027""",4.7,4.405237803582049,0.2947620056830873
"""CNR6674930""","""CID5395988""",4.4098225,4.405237803582049,0.004584660407208396
"""CNR1044336""","""CID1402113""",4.5,4.405237803582049,0.09476219641795058
"""CNR5189211""","""CID7255986""",3.1,4.405237803582049,-1.305237898949481
"""CNR8373557""","""CID3896255""",4.4042315,4.405237803582049,-0.0010062552727232443
"""CNR9416623""","""CID7399369""",4.4,4.405237803582049,-0.005237708214617776
"""CNR6482987""","""CID6817798""",4.2,4.405237803582049,-0.2052379943169127
"""CNR3996485""","""CID9986624""",4.4042315,4.405237803582049,-0.0010062552727232443
"""CNR6839941""","""CID5089776""",4.1,4.405237803582049,-0.30523789894948106
"""CNR5203645""","""CID6098489""",4.7,4.405237803582049,0.2947620056830873
"""CNR8651871""","""CID8087727""",4.7,4.405237803582049,0.2947620056830873
"""CNR9706000""","""CID8843128""",4.4098225,4.405237803582049,0.004584660407208396
"""CNR7309302""","""CID5129651""",4.4031615,4.405237803582049,-0.002076277855731057
"""CNR8787135""","""CID4528944""",4.4021993,4.405237803582049,-0.003038535240984963
"""CNR5941809""","""CID4612958""",4.1,4.405237803582049,-0.30523789894948106
"""CNR2930925""","""CID3515931""",3.1,4.405237803582049,-1.305237898949481
"""CNR9373819""","""CID3125530""",4.5,4.405237803582049,0.09476219641795058
"""CNR3465300""","""CID9959734""",4.4031615,4.405237803582049,-0.002076277855731057
"""CNR9673690""","""CID1672104""",4.2,4.405237803582049,-0.2052379943169127
"""CNR6539952""","""CID4010457""",5.0,4.405237803582049,0.5947621964179506
"""CNR8997912""","""CID4300875""",4.4021993,4.405237803582049,-0.003038535240984963
"""CNR1839126""","""CID3731683""",4.4,4.405237803582049,-0.005237708214617776
"""CNR7091445""","""CID4811765""",4.4098225,4.405237803582049,0.004584660407208396
"""CNR5818044""","""CID9441982""",4.4021993,4.405237803582049,-0.003038535240984963
"""CNR7115618""","""CID6833510""",4.4042315,4.405237803582049,-0.0010062552727232443
"""CNR9565598""","""CID8740687""",4.4042315,4.405237803582049,-0.0010062552727232443
"""CNR8874379""","""CID9572320""",4.5,4.405237803582049,0.09476219641795058
"""CNR4527540""","""CID8596988""",4.3,4.405237803582049,-0.10523761284718613
"""CNR6895309""","""CID6354220""",3.2,4.405237803582049,-1.2052377558983336
"""CNR7838131""","""CID4711450""",4.404214,4.405237803582049,-0.00102389824757676
"""CNR1103901""","""CID9342148""",4.5,4.405237803582049,0.09476219641795058
"""CNR8502516""","""CID1532810""",4.404214,4.405237803582049,-0.00102389824757676
"""CNR3045548""","""CID4975064""",4.1,4.405237803582049,-0.30523789894948106
"""CNR3988959""","""CID8461358""",4.9,4.405237803582049,0.4947622917853822
"""CNR1355727""","""CID4714202""",4.5,4.405237803582049,0.09476219641795058
"""CNR2617473""","""CID3455755""",5.0,4.405237803582049,0.5947621964179506
"""CNR2508961""","""CID8529304""",4.9,4.405237803582049,0.4947622917853822
"""CNR1772979""","""CID5243495""",4.2,4.405237803582049,-0.2052379943169127
"""CNR6789648""","""CID1936186""",4.9,4.376986083790243,0.5230140115771889
"""CNR2103014""","""CID5211313""",4.405319,4.405237803582049,8.14102851380838e-05
"""CNR1237923""","""CID6482845""",4.405319,4.405237803582049,8.14102851380838e-05
"""CNR4316002""","""CID1378252""",4.9,4.405237803582049,0.4947622917853822
"""CNR4296835""","""CID9486648""",4.8,4.405237803582049,0.39476238715281387
"""CNR3550976""","""CID8565169""",4.4098225,4.405237803582049,0.004584660407208396
"""CNR9357370""","""CID7920663""",4.4,4.405237803582049,-0.005237708214617776
"""CNR2038555""","""CID7103902""",4.1,4.405237803582049,-0.30523789894948106
"""CNR7144112""","""CID8876652""",4.7,4.405237803582049,0.2947620056830873
"""CNR5169887""","""CID1461220""",3.7,4.405237803582049,-0.7052377558983336
"""CNR3052875""","""CID2572968""",4.6,4.405237803582049,0.19476210105051894
"""CNR1185545""","""CID1301291""",5.0,4.405237803582049,0.5947621964179506
"""CNR1603251""","""CID9190542""",4.9,4.405237803582049,0.4947622917853822
"""CNR2591004""","""CID4872878""",4.405319,4.405237803582049,8.14102851380838e-05
"""CNR1252830""","""CID9041055""",5.0,4.405237803582049,0.5947621964179506
"""CNR1484330""","""CID5161383""",4.4021993,4.405237803582049,-0.003038535240984963
"""CNR4601381""","""CID2499332""",4.9,4.405237803582049,0.4947622917853822
"""CNR6327859""","""CID2586892""",4.6,4.405237803582049,0.19476210105051894
"""CNR5552410""","""CID7415886""",4.4042315,4.405237803582049,-0.0010062552727232443
"""CNR6164800""","""CID7838897""",4.4031615,4.405237803582049,-0.002076277855731057
"""CNR5958286""","""CID9688649""",4.9,4.405237803582049,0.4947622917853822
"""CNR5401818""","""CID6766993""",4.9,4.405237803582049,0.4947622917853822
"""CNR5755277""","""CID5226939""",4.1,4.405237803582049,-0.30523789894948106
"""CNR3662425""","""CID2741044""",4.4021993,4.405237803582049,-0.003038535240984963
"""CNR7025261""","""CID2066687""",4.404214,4.405237803582049,-0.00102389824757676
"""CNR4285356""","""CID2623323""",4.6,4.405237803582049,0.19476210105051894
"""CNR7411744""","""CID6246989""",4.5,4.405237803582049,0.09476219641795058
"""CNR6855361""","""CID2487666""",4.5,4.405237803582049,0.09476219641795058
"""CNR9998863""","""CID1398199""",4.4021993,4.405237803582049,-0.003038535240984963
"""CNR9986868""","""CID5694099""",3.6,4.405237803582049,-0.8052378989494811
"""CNR9241228""","""CID6470691""",4.4021993,4.405237803582049,-0.003038535240984963
"""CNR2220300""","""CID4697726""",4.2,4.405237803582049,-0.2052379943169127
"""CNR7804140""","""CID7706991""",4.4098225,4.405237803582049,0.004584660407208396
"""CNR3306769""","""CID3693978""",5.0,4.405237803582049,0.5947621964179506
"""CNR4801612""","""CID5378154""",4.1,4.405237803582049,-0.30523789894948106
"""CNR3683303""","""CID2507403""",3.8,4.405237803582049,-0.6052378512657652
"""CNR8562913""","""CID9592183""",4.3,4.376986083790243,-0.0769858930553795
"""CNR9961426""","""CID8936581""",4.8,4.405237803582049,0.39476238715281387
"""CNR9596738""","""CID5966205""",4.6,4.405237803582049,0.19476210105051894
"""CNR9249249""","""CID7254476""",4.4,4.376986083790243,0.023014011577188853
"""CNR9485342""","""CID4015347""",4.6,4.405237803582049,0.19476210105051894
"""CNR9194807""","""CID1528528""",4.7,4.376986083790243,0.32301372547489393
"""CNR1511822""","""CID4414372""",4.6,4.405237803582049,0.19476210105051894
"""CNR5994876""","""CID7393894""",4.2,4.405237803582049,-0.2052379943169127
"""CNR4405085""","""CID7711520""",4.4021993,4.405237803582049,-0.003038535240984963
"""CNR2892239""","""CID9086715""",4.2,4.405237803582049,-0.2052379943169127
"""CNR7267900""","""CID3827091""",4.4042315,4.405237803582049,-0.0010062552727232443
"""CNR5774281""","""CID3977967""",4.4042315,4.405237803582049,-0.0010062552727232443
"""CNR5670817""","""CID3983075""",3.2,4.405237803582049,-1.2052377558983336
"""CNR6842762""","""CID7394191""",4.4042315,4.376986083790243,0.027245464519083384
"""CNR2761306""","""CID2506719""",4.6,4.405237803582049,0.19476210105051894
"""CNR5917005""","""CID6290829""",4.6,4.405237803582049,0.19476210105051894
"""CNR2655569""","""CID5965653""",4.4042315,4.405237803582049,-0.0010062552727232443
"""CNR2706677""","""CID3736067""",4.3,4.405237803582049,-0.10523761284718613
"""CNR6194682""","""CID6766848""",4.4,4.405237803582049,-0.005237708214617776
"""CNR7962660""","""CID8481240""",4.4,4.405237803582049,-0.005237708214617776
"""CNR9238118""","""CID9401907""",4.4021993,4.405237803582049,-0.003038535240984963
"""CNR5995646""","""CID1155169""",4.6,4.405237803582049,0.19476210105051894
"""CNR2426360""","""CID6257814""",4.9,4.405237803582049,0.4947622917853822
"""CNR9016340""","""CID3338096""",4.5,4.405237803582049,0.09476219641795058
"""CNR9680311""","""CID6211158""",4.4021993,4.405237803582049,-0.003038535240984963
"""CNR9694156""","""CID8084011""",4.404214,4.376986083790243,0.02722782154422987
"""CNR4444967""","""CID8944020""",4.405319,4.405237803582049,8.14102851380838e-05
"""CNR7084509""","""CID6906222""",4.4098225,4.405237803582049,0.004584660407208396
"""CNR1306271""","""CID7558511""",5.0,4.405237803582049,0.5947621964179506
"""CNR9242923""","""CID8040579""",3.6,4.405237803582049,-0.8052378989494811
"""CNR7241682""","""CID5283247""",4.3,4.405237803582049,-0.10523761284718613
"""CNR5553299""","""CID6414510""",4.1,4.405237803582049,-0.30523789894948106
"""CNR8173798""","""CID4293010""",4.405319,4.405237803582049,8.14102851380838e-05
"""CNR3101306""","""CID5569400""",4.2,4.405237803582049,-0.2052379943169127
"""CNR2120605""","""CID1249878""",4.4031615,4.405237803582049,-0.002076277855731057
"""CNR3317308""","""CID3122113""",4.404214,4.405237803582049,-0.00102389824757676
"""CNR6131739""","""CID3057816""",4.4021993,4.405237803582049,-0.003038535240984963
"""CNR9790980""","""CID1538338""",4.9,4.405237803582049,0.4947622917853822
"""CNR8485322""","""CID8364424""",4.6,4.405237803582049,0.19476210105051894
"""CNR4436201""","""CID9675578""",4.2,4.405237803582049,-0.2052379943169127
"""CNR5034427""","""CID6163172""",4.3,4.405237803582049,-0.10523761284718613
"""CNR4687658""","""CID1787153""",3.4,4.405237803582049,-1.0052377082146178
"""CNR1149778""","""CID4494835""",4.4,4.405237803582049,-0.005237708214617776
"""CNR4996118""","""CID9041030""",4.6,4.405237803582049,0.19476210105051894
"""CNR6027227""","""CID3094077""",4.4042315,4.405237803582049,-0.0010062552727232443
"""CNR5915213""","""CID3320160""",4.5,4.405237803582049,0.09476219641795058
"""CNR2270716""","""CID6962032""",4.9,4.405237803582049,0.4947622917853822
"""CNR1405115""","""CID4705882""",4.1,4.405237803582049,-0.30523789894948106
"""CNR3013889""","""CID8003040""",4.4031615,4.405237803582049,-0.002076277855731057
"""CNR3215509""","""CID5370257""",4.5,4.405237803582049,0.09476219641795058
"""CNR2499277""","""CID5372385""",4.7,4.405237803582049,0.2947620056830873
"""CNR3965452""","""CID1183340""",3.2,4.405237803582049,-1.2052377558983336
"""CNR6776339""","""CID8254237""",4.9,4.405237803582049,0.4947622917853822
"""CNR6474737""","""CID3431409""",4.6,4.405237803582049,0.19476210105051894
"""CNR7181942""","""CID5511146""",4.6,4.405237803582049,0.19476210105051894
"""CNR2713796""","""CID5854746""",4.4042315,4.405237803582049,-0.0010062552727232443
"""CNR5098920""","""CID3287259""",4.4042315,4.405237803582049,-0.0010062552727232443
"""CNR8440644""","""CID7969611""",4.4021993,4.405237803582049,-0.003038535240984963
"""CNR2515284""","""CID9115229""",5.0,4.405237803582049,0.5947621964179506
"""CNR5358413""","""CID8113512""",4.2,4.405237803582049,-0.2052379943169127
"""CNR3024685""","""CID9293953""",3.7,4.405237803582049,-0.7052377558983336
"""CNR8798845""","""CID3620477""",5.0,4.405237803582049,0.5947621964179506
"""CNR1152282""","""CID2989229""",3.7,4.405237803582049,-0.7052377558983336
"""CNR2157037""","""CID7394322""",3.7,4.405237803582049,-0.7052377558983336
"""CNR5298493""","""CID7459554""",4.9,4.405237803582049,0.4947622917853822
"""CNR6329826""","""CID6724728""",4.4,4.405237803582049,-0.005237708214617776
"""CNR7506449""","""CID4201503""",4.5,4.405237803582049,0.09476219641795058
"""CNR8018897""","""CID1354147""",4.6,4.405237803582049,0.19476210105051894
"""CNR2569003""","""CID4694394""",3.0,4.405237803582049,-1.4052378035820494
"""CNR6963460""","""CID1934869""",4.405319,4.405237803582049,8.14102851380838e-05
"""CNR5616547""","""CID2508021""",5.0,4.487649406569887,0.5123505934301127
"""CNR1950930""","""CID7059889""",4.4031615,4.405237803582049,-0.002076277855731057
"""CNR1594248""","""CID3612521""",4.404214,4.405237803582049,-0.00102389824757676
"""CNR9264640""","""CID7766628""",4.4042315,4.405237803582049,-0.0010062552727232443
"""CNR9243317""","""CID5858818""",5.0,4.405237803582049,0.5947621964179506
"""CNR7571132""","""CID9529083""",4.405319,4.405237803582049,8.14102851380838e-05
"""CNR6500174""","""CID3452669""",4.9,4.405237803582049,0.4947622917853822
"""CNR3175404""","""CID7615991""",4.4042315,4.405237803582049,-0.0010062552727232443
"""CNR3472498""","""CID3609036""",4.4042315,4.405237803582049,-0.0010062552727232443
"""CNR5876467""","""CID1978064""",4.4021993,4.405237803582049,-0.003038535240984963
"""CNR7045094""","""CID3340881""",4.3,4.405237803582049,-0.10523761284718613
"""CNR5845833""","""CID7495090""",4.4,4.405237803582049,-0.005237708214617776
"""CNR1311789""","""CID1189409""",4.8,4.405237803582049,0.39476238715281387
"""CNR1216348""","""CID1750738""",4.9,4.405237803582049,0.4947622917853822
"""CNR5942336""","""CID9728740""",4.9,4.405237803582049,0.4947622917853822
"""CNR8862079""","""CID6388482""",4.7,4.405237803582049,0.2947620056830873
"""CNR4310093""","""CID7266279""",4.4098225,4.405237803582049,0.004584660407208396
"""CNR2495745""","""CID4727931""",4.7,4.405237803582049,0.2947620056830873
"""CNR9976956""","""CID6437624""",4.3,4.405237803582049,-0.10523761284718613
"""CNR1551284""","""CID5023570""",4.5,4.405237803582049,0.09476219641795058
"""CNR7338352""","""CID7347803""",4.6,4.376986083790243,0.22301382084232557
"""CNR3265459""","""CID7064133""",4.404214,4.405237803582049,-0.00102389824757676
"""CNR7924781""","""CID9404411""",4.404214,4.405237803582049,-0.00102389824757676
"""CNR6087117""","""CID6218881""",5.0,4.405237803582049,0.5947621964179506
"""CNR9028529""","""CID8569527""",4.6,4.405237803582049,0.19476210105051894
"""CNR4820952""","""CID9851828""",4.8,4.405237803582049,0.39476238715281387
"""CNR6977313""","""CID9795963""",4.3,4.405237803582049,-0.10523761284718613
"""CNR9562137""","""CID8106750""",4.4042315,4.405237803582049,-0.0010062552727232443
"""CNR3422657""","""CID1027018""",4.3,4.405237803582049,-0.10523761284718613
"""CNR2477616""","""CID1315069""",4.4021993,4.405237803582049,-0.003038535240984963
"""CNR8365384""","""CID2420772""",4.9,4.405237803582049,0.4947622917853822
"""CNR4218697""","""CID5561551""",4.404214,4.405237803582049,-0.00102389824757676
"""CNR1387592""","""CID3338563""",4.9,4.405237803582049,0.4947622917853822
"""CNR4002745""","""CID8565526""",3.8,4.405237803582049,-0.6052378512657652
"""CNR9246883""","""CID3677798""",3.7,4.405237803582049,-0.7052377558983336
"""CNR1402597""","""CID8192346""",4.405319,4.405237803582049,8.14102851380838e-05
"""CNR7488982""","""CID3542566""",4.4098225,4.405237803582049,0.004584660407208396
"""CNR1692119""","""CID5747477""",4.6,4.405237803582049,0.19476210105051894
"""CNR3552032""","""CID5318490""",4.5,4.405237803582049,0.09476219641795058
"""CNR2176384""","""CID4798223""",3.9,4.405237803582049,-0.5052377082146178
"""CNR4162667""","""CID5408359""",4.8,4.405237803582049,0.39476238715281387
"""CNR4463057""","""CID6356040""",4.6,4.405237803582049,0.19476210105051894
"""CNR5197373""","""CID5420561""",4.4050717,4.405237803582049,-0.00016606819996933808
"""CNR9857476""","""CID5378619""",4.4098225,4.405237803582049,0.004584660407208396
"""CNR9447035""","""CID7848099""",4.6,4.405237803582049,0.19476210105051894
"""CNR6614933""","""CID1350170""",4.4021993,4.405237803582049,-0.003038535240984963
"""CNR2847024""","""CID8745659""",4.6,4.405237803582049,0.19476210105051894
"""CNR4112922""","""CID8248967""",4.9,4.405237803582049,0.4947622917853822
"""CNR1182354""","""CID8589627""",4.4,4.405237803582049,-0.005237708214617776
"""CNR1916197""","""CID1193711""",4.3,4.405237803582049,-0.10523761284718613
"""CNR7435334""","""CID7936932""",4.404214,4.405237803582049,-0.00102389824757676
"""CNR3980510""","""CID1811022""",4.5,4.405237803582049,0.09476219641795058
"""CNR8057013""","""CID4214783""",4.4,4.405237803582049,-0.005237708214617776
"""CNR6224641""","""CID7113238""",4.4098225,4.405237803582049,0.004584660407208396
"""CNR5894634""","""CID7334399""",4.4021993,4.405237803582049,-0.003038535240984963
"""CNR9856976""","""CID7011526""",4.3,4.487649406569887,-0.18764921583502403
"""CNR7277129""","""CID8723070""",4.4,4.405237803582049,-0.005237708214617776
"""CNR7739461""","""CID9941374""",4.4021993,4.405237803582049,-0.003038535240984963
"""CNR6675785""","""CID6070875""",4.404214,4.405237803582049,-0.00102389824757676
"""CNR5277633""","""CID4079411""",4.1,4.405237803582049,-0.30523789894948106
"""CNR3397819""","""CID5431884""",4.4021993,4.405237803582049,-0.003038535240984963
"""CNR1159947""","""CID8863732""",3.4,4.376986083790243,-0.9769859884228111
"""CNR7627724""","""CID6138258""",4.2,4.405237803582049,-0.2052379943169127
"""CNR9174665""","""CID9884876""",4.4021993,4.405237803582049,-0.003038535240984963
"""CNR2080618""","""CID4896966""",3.0,4.405237803582049,-1.4052378035820494
"""CNR4511187""","""CID7621320""",4.1,4.405237803582049,-0.30523789894948106
"""CNR4910446""","""CID6055444""",4.4098225,4.405237803582049,0.004584660407208396
"""CNR7816082""","""CID5774696""",4.404214,4.405237803582049,-0.00102389824757676
"""CNR2615903""","""CID7992836""",4.4042315,4.405237803582049,-0.0010062552727232443
"""CNR7897212""","""CID6770279""",4.6,4.405237803582049,0.19476210105051894
"""CNR7830750""","""CID3412991""",4.4050717,4.405237803582049,-0.00016606819996933808
"""CNR7529428""","""CID9471965""",4.6,4.405237803582049,0.19476210105051894
"""CNR1927791""","""CID5374183""",4.5,4.405237803582049,0.09476219641795058
"""CNR5520424""","""CID5709155""",4.3,4.487649406569887,-0.18764921583502403
"""CNR9545944""","""CID4350252""",4.2,4.405237803582049,-0.2052379943169127
"""CNR7120126""","""CID5941929""",4.404214,4.405237803582049,-0.00102389824757676
"""CNR9801861""","""CID1678860""",4.4,4.405237803582049,-0.005237708214617776
"""CNR9619783""","""CID5392385""",4.7,4.405237803582049,0.2947620056830873
"""CNR4296632""","""CID4788588""",4.4042315,4.405237803582049,-0.0010062552727232443
"""CNR6549958""","""CID7649994""",4.4031615,4.376986083790243,0.026175441936075572
"""CNR3216119""","""CID1788767""",4.7,4.405237803582049,0.2947620056830873
"""CNR3065771""","""CID8498051""",4.4021993,4.405237803582049,-0.003038535240984963
"""CNR5819856""","""CID9489535""",4.6,4.405237803582049,0.19476210105051894
"""CNR6415912""","""CID9381236""",4.404214,4.405237803582049,-0.00102389824757676
"""CNR4539874""","""CID3450953""",4.405319,4.405237803582049,8.14102851380838e-05
"""CNR7345157""","""CID8301405""",4.9,4.405237803582049,0.4947622917853822
"""CNR3278502""","""CID6118075""",5.0,4.405237803582049,0.5947621964179506
"""CNR7996495""","""CID9173500""",4.2,4.405237803582049,-0.2052379943169127
"""CNR5782985""","""CID3997770""",4.4031615,4.405237803582049,-0.002076277855731057
"""CNR7661062""","""CID5499541""",3.8,4.487649406569887,-0.6876494542536031
"""CNR3632595""","""CID4710109""",4.4042315,4.405237803582049,-0.0010062552727232443
"""CNR8230222""","""CID7828101""",4.2,4.405237803582049,-0.2052379943169127
"""CNR2671852""","""CID9996963""",4.1,4.405237803582049,-0.30523789894948106
"""CNR5610443""","""CID3121182""",4.4098225,4.405237803582049,0.004584660407208396
"""CNR6174663""","""CID5215985""",4.2,4.405237803582049,-0.2052379943169127
"""CNR6477033""","""CID4652738""",4.4098225,4.405237803582049,0.004584660407208396
"""CNR6028205""","""CID1249849""",4.4098225,4.405237803582049,0.004584660407208396
"""CNR4744411""","""CID3244528""",4.3,4.405237803582049,-0.10523761284718613
"""CNR6888651""","""CID2948794""",4.2,4.405237803582049,-0.2052379943169127
"""CNR7118600""","""CID8233413""",5.0,4.405237803582049,0.5947621964179506
"""CNR3865552""","""CID8226393""",4.4042315,4.376986083790243,0.027245464519083384
"""CNR2104185""","""CID4780852""",4.4098225,4.405237803582049,0.004584660407208396
"""CNR3492753""","""CID8377514""",4.8,4.376986083790243,0.4230141069446205
"""CNR6779573""","""CID1327406""",4.4,4.405237803582049,-0.005237708214617776
"""CNR3849476""","""CID2893244""",3.4,4.405237803582049,-1.0052377082146178
"""CNR5682315""","""CID1488740""",3.7,4.405237803582049,-0.7052377558983336
"""CNR3806953""","""CID1225168""",4.8,4.405237803582049,0.39476238715281387
"""CNR3762651""","""CID3244196""",4.4042315,4.405237803582049,-0.0010062552727232443
"""CNR3040100""","""CID8658482""",4.9,4.405237803582049,0.4947622917853822
"""CNR6960859""","""CID4279153""",4.4031615,4.405237803582049,-0.002076277855731057
"""CNR4524233""","""CID1417353""",4.3,4.405237803582049,-0.10523761284718613
"""CNR2685791""","""CID2409314""",4.9,4.405237803582049,0.4947622917853822
"""CNR3329773""","""CID9247159""",4.4031615,4.405237803582049,-0.002076277855731057
"""CNR1413202""","""CID7377638""",4.1,4.405237803582049,-0.30523789894948106
"""CNR4673096""","""CID3777723""",4.6,4.405237803582049,0.19476210105051894
"""CNR7649809""","""CID1388578""",4.4021993,4.405237803582049,-0.003038535240984963
"""CNR2945969""","""CID5511412""",4.6,4.405237803582049,0.19476210105051894
"""CNR9350380""","""CID8709460""",4.4021993,4.376986083790243,0.025213184550821666
"""CNR3222322""","""CID4957867""",4.4031615,4.405237803582049,-0.002076277855731057
"""CNR2610141""","""CID2868166""",4.404214,4.405237803582049,-0.00102389824757676
"""CNR9582066""","""CID9823828""",3.8,4.405237803582049,-0.6052378512657652
"""CNR6833196""","""CID2597189""",4.4098225,4.405237803582049,0.004584660407208396
"""CNR7093495""","""CID2694048""",4.1,4.405237803582049,-0.30523789894948106
"""CNR4238090""","""CID7455086""",4.4021993,4.405237803582049,-0.003038535240984963
"""CNR4936120""","""CID3342233""",4.4098225,4.405237803582049,0.004584660407208396
"""CNR7139603""","""CID7486801""",4.8,4.405237803582049,0.39476238715281387
"""CNR4099178""","""CID6291059""",5.0,4.405237803582049,0.5947621964179506
"""CNR4816025""","""CID6091186""",4.3,4.405237803582049,-0.10523761284718613
"""CNR7649243""","""CID2485587""",4.4021993,4.405237803582049,-0.003038535240984963
"""CNR9414821""","""CID3688902""",4.4098225,4.405237803582049,0.004584660407208396
"""CNR8476609""","""CID2846148""",4.4098225,4.405237803582049,0.004584660407208396
"""CNR2298888""","""CID7166955""",4.4,4.405237803582049,-0.005237708214617776
"""CNR7047281""","""CID7007776""",4.4042315,4.405237803582049,-0.0010062552727232443
"""CNR6176904""","""CID1339275""",4.9,4.405237803582049,0.4947622917853822
"""CNR3967229""","""CID1009167""",4.404214,4.405237803582049,-0.00102389824757676
"""CNR6329854""","""CID3198717""",4.1,4.405237803582049,-0.30523789894948106
"""CNR6252908""","""CID7335195""",4.4042315,4.405237803582049,-0.0010062552727232443
"""CNR9712783""","""CID9309016""",3.4,4.405237803582049,-1.0052377082146178
"""CNR8054175""","""CID1361737""",4.1,4.405237803582049,-0.30523789894948106
"""CNR4215294""","""CID4665477""",4.3,4.405237803582049,-0.10523761284718613
"""CNR4185846""","""CID8328762""",4.2,4.405237803582049,-0.2052379943169127
"""CNR3396134""","""CID6519395""",4.4031615,4.405237803582049,-0.002076277855731057
"""CNR2144367""","""CID4046339""",4.4098225,4.405237803582049,0.004584660407208396
"""CNR3579050""","""CID4571819""",4.4,4.405237803582049,-0.005237708214617776
"""CNR1513824""","""CID1044703""",4.0,4.405237803582049,-0.4052378035820494
"""CNR8076159""","""CID9687548""",3.6,4.405237803582049,-0.8052378989494811
"""CNR9856298""","""CID6718877""",4.6,4.405237803582049,0.19476210105051894
"""CNR5234158""","""CID7688765""",4.404214,4.405237803582049,-0.00102389824757676
"""CNR2152501""","""CID2766411""",4.7,4.405237803582049,0.2947620056830873
"""CNR5077448""","""CID1484322""",4.4042315,4.405237803582049,-0.0010062552727232443
"""CNR8393697""","""CID1134940""",4.4031615,4.405237803582049,-0.002076277855731057
"""CNR5799419""","""CID1872736""",4.6,4.405237803582049,0.19476210105051894
"""CNR2216098""","""CID7651129""",4.4098225,4.405237803582049,0.004584660407208396
"""CNR4229417""","""CID5816096""",4.4042315,4.405237803582049,-0.0010062552727232443
"""CNR5431057""","""CID7387146""",4.4098225,4.405237803582049,0.004584660407208396
"""CNR6848924""","""CID1538197""",4.6,4.405237803582049,0.19476210105051894
"""CNR9212392""","""CID7277930""",4.404214,4.405237803582049,-0.00102389824757676
"""CNR4438688""","""CID1310468""",4.4098225,4.405237803582049,0.004584660407208396
"""CNR9553069""","""CID4318675""",4.3,4.376986083790243,-0.0769858930553795
"""CNR8535751""","""CID8414476""",4.9,4.405237803582049,0.4947622917853822
"""CNR8300838""","""CID2610844""",4.4098225,4.405237803582049,0.004584660407208396
"""CNR3413697""","""CID1299781""",4.4098225,4.405237803582049,0.004584660407208396
"""CNR3362069""","""CID1469575""",4.3,4.405237803582049,-0.10523761284718613
"""CNR9934513""","""CID8485124""",4.2,4.405237803582049,-0.2052379943169127
"""CNR6337265""","""CID8023163""",4.4098225,4.405237803582049,0.004584660407208396
"""CNR3871370""","""CID5099657""",4.4098225,4.405237803582049,0.004584660407208396
"""CNR1900807""","""CID4960734""",5.0,4.405237803582049,0.5947621964179506
"""CNR3584861""","""CID7360868""",4.4098225,4.405237803582049,0.004584660407208396
"""CNR8026151""","""CID4397636""",4.2,4.405237803582049,-0.2052379943169127
"""CNR8445355""","""CID5265225""",4.4021993,4.405237803582049,-0.003038535240984963
"""CNR8802578""","""CID5741966""",4.7,4.405237803582049,0.2947620056830873
"""CNR6030258""","""CID1141956""",4.4042315,4.405237803582049,-0.0010062552727232443
"""CNR6692643""","""CID5041190""",4.404214,4.405237803582049,-0.00102389824757676
"""CNR9504525""","""CID4070194""",5.0,4.405237803582049,0.5947621964179506
"""CNR3088866""","""CID1636118""",4.4021993,4.405237803582049,-0.003038535240984963
"""CNR8752515""","""CID1018836""",4.4021993,4.405237803582049,-0.003038535240984963
"""CNR4721074""","""CID7348792""",4.8,4.405237803582049,0.39476238715281387
"""CNR3105733""","""CID2848408""",5.0,4.405237803582049,0.5947621964179506
"""CNR4750342""","""CID2412900""",4.8,4.376986083790243,0.4230141069446205
"""CNR7947925""","""CID7146919""",3.9,4.405237803582049,-0.5052377082146178
"""CNR8154968""","""CID8969258""",4.2,4.405237803582049,-0.2052379943169127
"""CNR8304171""","""CID5173378""",4.8,4.405237803582049,0.39476238715281387
"""CNR9429847""","""CID8718252""",4.4098225,4.405237803582049,0.004584660407208396
"""CNR7901043""","""CID5885951""",4.8,4.487649406569887,0.31235078416497597
"""CNR8436989""","""CID1313672""",4.2,4.405237803582049,-0.2052379943169127
"""CNR8916731""","""CID9194805""",4.8,4.405237803582049,0.39476238715281387
"""CNR2628894""","""CID7692801""",4.4031615,4.405237803582049,-0.002076277855731057
"""CNR3371781""","""CID9772636""",4.4098225,4.405237803582049,0.004584660407208396
"""CNR7384207""","""CID9599712""",4.6,4.405237803582049,0.19476210105051894
"""CNR2799775""","""CID5132311""",4.4021993,4.405237803582049,-0.003038535240984963
"""CNR7508723""","""CID1502497""",4.4042315,4.405237803582049,-0.0010062552727232443
"""CNR5528612""","""CID4841389""",4.8,4.405237803582049,0.39476238715281387
"""CNR5041922""","""CID5056667""",4.4021993,4.405237803582049,-0.003038535240984963
"""CNR4910831""","""CID9510207""",3.9,4.405237803582049,-0.5052377082146178
"""CNR4171891""","""CID7448898""",4.2,4.405237803582049,-0.2052379943169127
"""CNR7176864""","""CID2866346""",4.4031615,4.376986083790243,0.026175441936075572
"""CNR2739113""","""CID6335810""",3.9,4.405237803582049,-0.5052377082146178
"""CNR3343971""","""CID3730520""",4.4021993,4.405237803582049,-0.003038535240984963
"""CNR2002402""","""CID5303405""",4.4098225,4.405237803582049,0.004584660407208396
"""CNR5707968""","""CID4093860""",4.6,4.405237803582049,0.19476210105051894
"""CNR7292520""","""CID5060223""",4.4021993,4.405237803582049,-0.003038535240984963
"""CNR1453789""","""CID8394250""",4.4021993,4.405237803582049,-0.003038535240984963
"""CNR9482139""","""CID8938519""",4.6,4.405237803582049,0.19476210105051894
"""CNR2594913""","""CID6593948""",4.6,4.405237803582049,0.19476210105051894
"""CNR2219054""","""CID6866713""",5.0,4.405237803582049,0.5947621964179506
"""CNR5506851""","""CID4820803""",4.1,4.405237803582049,-0.30523789894948106
"""CNR9605701""","""CID4552406""",4.4031615,4.405237803582049,-0.002076277855731057
"""CNR4471104""","""CID8357277""",4.4042315,4.405237803582049,-0.0010062552727232443
"""CNR9851797""","""CID9804672""",4.2,4.405237803582049,-0.2052379943169127
"""CNR8360044""","""CID3087167""",4.4,4.405237803582049,-0.005237708214617776
"""CNR2224201""","""CID2643063""",5.0,4.405237803582049,0.5947621964179506
"""CNR8799319""","""CID3302316""",4.4,4.405237803582049,-0.005237708214617776
"""CNR1506085""","""CID5538447""",4.6,4.405237803582049,0.19476210105051894
"""CNR4233163""","""CID9632567""",4.4098225,4.405237803582049,0.004584660407208396
"""CNR2686125""","""CID2825586""",4.4098225,4.405237803582049,0.004584660407208396
"""CNR1830663""","""CID4691690""",4.4021993,4.405237803582049,-0.003038535240984963
"""CNR2937853""","""CID7123821""",4.4021993,4.405237803582049,-0.003038535240984963
"""CNR2963092""","""CID4980114""",3.7,4.405237803582049,-0.7052377558983336
"""CNR2434903""","""CID4354936""",4.3,4.405237803582049,-0.10523761284718613
"""CNR2719672""","""CID6312070""",4.405319,4.405237803582049,8.14102851380838e-05
"""CNR7414523""","""CID3754690""",4.6,4.405237803582049,0.19476210105051894
"""CNR7902012""","""CID6267143""",4.4021993,4.405237803582049,-0.003038535240984963
"""CNR9596750""","""CID9058226""",4.4042315,4.405237803582049,-0.0010062552727232443
"""CNR1053398""","""CID8526454""",4.2,4.405237803582049,-0.2052379943169127
"""CNR7270275""","""CID6053807""",4.4,4.405237803582049,-0.005237708214617776
"""CNR8073354""","""CID2754370""",4.4042315,4.405237803582049,-0.0010062552727232443
"""CNR5518600""","""CID6835738""",4.9,4.405237803582049,0.4947622917853822
"""CNR4229717""","""CID9606904""",4.4098225,4.405237803582049,0.004584660407208396
"""CNR6321269""","""CID9505964""",4.6,4.405237803582049,0.19476210105051894
"""CNR2631820""","""CID9370075""",4.5,4.405237803582049,0.09476219641795058
"""CNR8378852""","""CID7448248""",4.5,4.405237803582049,0.09476219641795058
"""CNR6789261""","""CID1984857""",4.4042315,4.405237803582049,-0.0010062552727232443
"""CNR9944412""","""CID5728952""",4.4021993,4.405237803582049,-0.003038535240984963
"""CNR8214406""","""CID4199130""",4.2,4.405237803582049,-0.2052379943169127
"""CNR8930966""","""CID7633623""",4.404214,4.405237803582049,-0.00102389824757676
"""CNR6375493""","""CID5906663""",3.5,4.405237803582049,-0.9052378035820494
"""CNR2367578""","""CID3305275""",4.404214,4.405237803582049,-0.00102389824757676
"""CNR7740736""","""CID8530818""",4.4098225,4.405237803582049,0.004584660407208396
"""CNR8702931""","""CID3016569""",4.9,4.405237803582049,0.4947622917853822
"""CNR4102546""","""CID2472631""",4.4098225,4.405237803582049,0.004584660407208396
"""CNR5817841""","""CID8426701""",4.4098225,4.405237803582049,0.004584660407208396
"""CNR6314978""","""CID1618757""",4.6,4.405237803582049,0.19476210105051894
"""CNR8137848""","""CID6151991""",4.405319,4.405237803582049,8.14102851380838e-05
"""CNR4633938""","""CID9274347""",3.8,4.405237803582049,-0.6052378512657652
"""CNR5893721""","""CID9396955""",4.2,4.405237803582049,-0.2052379943169127
"""CNR9049002""","""CID3034052""",5.0,4.405237803582049,0.5947621964179506
"""CNR7977209""","""CID3587750""",4.2,4.405237803582049,-0.2052379943169127
"""CNR9299800""","""CID3912790""",4.8,4.405237803582049,0.39476238715281387
"""CNR8655510""","""CID4756492""",4.4050717,4.405237803582049,-0.00016606819996933808
"""CNR9723682""","""CID2808945""",3.8,4.405237803582049,-0.6052378512657652
"""CNR1884127""","""CID4070147""",4.4021993,4.405237803582049,-0.003038535240984963
"""CNR5400112""","""CID2781046""",4.8,4.405237803582049,0.39476238715281387
"""CNR9991341""","""CID4358440""",4.8,4.405237803582049,0.39476238715281387
"""CNR2621032""","""CID4131321""",4.1,4.405237803582049,-0.30523789894948106
"""CNR9117202""","""CID2008300""",4.4021993,4.405237803582049,-0.003038535240984963
"""CNR4266472""","""CID1370730""",4.4050717,4.405237803582049,-0.00016606819996933808
"""CNR6900200""","""CID3122731""",4.4,4.405237803582049,-0.005237708214617776
"""CNR5512690""","""CID5375568""",4.3,4.405237803582049,-0.10523761284718613
"""CNR9718283""","""CID1343217""",4.7,4.405237803582049,0.2947620056830873
"""CNR4911251""","""CID7471372""",4.404214,4.405237803582049,-0.00102389824757676
"""CNR6115156""","""CID8547232""",4.405319,4.405237803582049,8.14102851380838e-05
"""CNR1644733""","""CID6336820""",3.8,4.405237803582049,-0.6052378512657652
"""CNR3776655""","""CID6727785""",4.4042315,4.405237803582049,-0.0010062552727232443
"""CNR6328717""","""CID3497092""",4.4042315,4.405237803582049,-0.0010062552727232443
"""CNR9115901""","""CID9793980""",4.2,4.405237803582049,-0.2052379943169127
"""CNR4111978""","""CID8955080""",4.2,4.405237803582049,-0.2052379943169127
"""CNR3456672""","""CID5316484""",4.4098225,4.405237803582049,0.004584660407208396
"""CNR4734021""","""CID7389643""",4.9,4.405237803582049,0.4947622917853822
"""CNR8801298""","""CID5468184""",4.7,4.376986083790243,0.32301372547489393
"""CNR9123435""","""CID6099187""",4.1,4.405237803582049,-0.30523789894948106
"""CNR1905150""","""CID8142072""",4.4098225,4.405237803582049,0.004584660407208396
"""CNR1647274""","""CID5948598""",5.0,4.405237803582049,0.5947621964179506
"""CNR7613033""","""CID8224449""",4.9,4.405237803582049,0.4947622917853822
"""CNR3838844""","""CID5598459""",4.4042315,4.405237803582049,-0.0010062552727232443
"""CNR7476346""","""CID8511071""",4.405319,4.405237803582049,8.14102851380838e-05
"""CNR9529988""","""CID6293153""",4.7,4.376986083790243,0.32301372547489393
"""CNR4984568""","""CID9299735""",4.9,4.405237803582049,0.4947622917853822
"""CNR5557518""","""CID3456026""",4.404214,4.405237803582049,-0.00102389824757676
"""CNR4517057""","""CID4764017""",5.0,4.405237803582049,0.5947621964179506
"""CNR4792815""","""CID8983278""",4.9,4.405237803582049,0.4947622917853822
"""CNR3842669""","""CID6959407""",4.3,4.405237803582049,-0.10523761284718613
"""CNR7021457""","""CID3528895""",4.4021993,4.405237803582049,-0.003038535240984963
"""CNR9073032""","""CID3256248""",4.3,4.405237803582049,-0.10523761284718613
"""CNR3319410""","""CID9857291""",4.404214,4.405237803582049,-0.00102389824757676
"""CNR3484877""","""CID4215239""",4.7,4.487649406569887,0.2123504026952494
"""CNR6122314""","""CID2879462""",4.4042315,4.405237803582049,-0.0010062552727232443
"""CNR5241231""","""CID3758962""",4.3,4.405237803582049,-0.10523761284718613
"""CNR4131613""","""CID2926649""",4.4021993,4.405237803582049,-0.003038535240984963
"""CNR3988518""","""CID7878677""",4.404214,4.405237803582049,-0.00102389824757676
"""CNR6113567""","""CID2108351""",4.4042315,4.405237803582049,-0.0010062552727232443
"""CNR9204775""","""CID2586807""",4.8,4.405237803582049,0.39476238715281387
"""CNR7262268""","""CID2334129""",4.3,4.405237803582049,-0.10523761284718613
"""CNR6007334""","""CID8510107""",5.0,4.405237803582049,0.5947621964179506
"""CNR4382651""","""CID7095901""",4.6,4.405237803582049,0.19476210105051894
"""CNR7682137""","""CID3943773""",4.9,4.405237803582049,0.4947622917853822
"""CNR9449416""","""CID4807855""",4.3,4.376986083790243,-0.0769858930553795
"""CNR3649105""","""CID3336118""",4.5,4.405237803582049,0.09476219641795058
"""CNR1684283""","""CID8019579""",4.7,4.405237803582049,0.2947620056830873
"""CNR1854859""","""CID7123006""",4.4098225,4.405237803582049,0.004584660407208396
"""CNR8293761""","""CID1449545""",4.4021993,4.405237803582049,-0.003038535240984963
"""CNR6556881""","""CID9572546""",4.7,4.405237803582049,0.2947620056830873
"""CNR9519641""","""CID1177393""",4.404214,4.405237803582049,-0.00102389824757676
"""CNR3956980""","""CID4491288""",4.4042315,4.405237803582049,-0.0010062552727232443
"""CNR4955620""","""CID4166259""",4.4098225,4.405237803582049,0.004584660407208396
"""CNR8146629""","""CID3852941""",4.3,4.405237803582049,-0.10523761284718613
"""CNR9953696""","""CID6929583""",4.2,4.405237803582049,-0.2052379943169127
"""CNR4491057""","""CID6018361""",5.0,4.405237803582049,0.5947621964179506
"""CNR7734624""","""CID2873650""",5.0,4.405237803582049,0.5947621964179506
"""CNR6154123""","""CID9765426""",4.4050717,4.405237803582049,-0.00016606819996933808
"""CNR2847173""","""CID9295695""",4.6,4.405237803582049,0.19476210105051894
"""CNR2147201""","""CID1373570""",4.9,4.405237803582049,0.4947622917853822
"""CNR6187357""","""CID9571274""",4.9,4.405237803582049,0.4947622917853822
"""CNR4412063""","""CID4506559""",4.4098225,4.405237803582049,0.004584660407208396
"""CNR5454036""","""CID9235902""",4.7,4.405237803582049,0.2947620056830873
"""CNR2221013""","""CID1981403""",4.4098225,4.405237803582049,0.004584660407208396
"""CNR2420584""","""CID3114434""",4.4042315,4.405237803582049,-0.0010062552727232443
"""CNR3897620""","""CID9564289""",4.4042315,4.405237803582049,-0.0010062552727232443
"""CNR1129571""","""CID3175736""",4.6,4.405237803582049,0.19476210105051894
"""CNR8570183""","""CID7902688""",4.1,4.405237803582049,-0.30523789894948106
"""CNR3279418""","""CID3958224""",4.4042315,4.405237803582049,-0.0010062552727232443
"""CNR6694973""","""CID6247087""",3.9,4.405237803582049,-0.5052377082146178
"""CNR3756506""","""CID7720980""",4.4021993,4.405237803582049,-0.003038535240984963
"""CNR6010960""","""CID9114602""",4.6,4.405237803582049,0.19476210105051894
"""CNR4221302""","""CID4023587""",4.4042315,4.405237803582049,-0.0010062552727232443
"""CNR4579046""","""CID4028079""",4.1,4.405237803582049,-0.30523789894948106
"""CNR1485802""","""CID2851020""",4.4,4.405237803582049,-0.005237708214617776
"""CNR6624551""","""CID5640050""",4.0,4.405237803582049,-0.4052378035820494
"""CNR7769553""","""CID5075191""",4.7,4.405237803582049,0.2947620056830873
"""CNR7686511""","""CID5819490""",4.3,4.405237803582049,-0.10523761284718613
"""CNR9154038""","""CID2137303""",4.4,4.405237803582049,-0.005237708214617776
"""CNR4474601""","""CID2022556""",4.9,4.405237803582049,0.4947622917853822
"""CNR7231761""","""CID8273894""",4.9,4.405237803582049,0.4947622917853822
"""CNR8523827""","""CID7452652""",4.4042315,4.405237803582049,-0.0010062552727232443
"""CNR3026837""","""CID3167384""",3.7,4.405237803582049,-0.7052377558983336
"""CNR9610393""","""CID9170038""",4.4021993,4.405237803582049,-0.003038535240984963
"""CNR3999452""","""CID6940235""",3.9,4.405237803582049,-0.5052377082146178
"""CNR2817831""","""CID8085806""",4.4031615,4.405237803582049,-0.002076277855731057
"""CNR3609288""","""CID8470444""",4.7,4.405237803582049,0.2947620056830873
"""CNR4658946""","""CID8139283""",3.8,4.405237803582049,-0.6052378512657652
"""CNR6135638""","""CID7364933""",4.4021993,4.405237803582049,-0.003038535240984963
"""CNR7301319""","""CID8242193""",4.2,4.405237803582049,-0.2052379943169127
"""CNR6438499""","""CID6581708""",4.4042315,4.405237803582049,-0.0010062552727232443
"""CNR7964924""","""CID6044859""",4.4,4.405237803582049,-0.005237708214617776
"""CNR8060113""","""CID6444163""",4.2,4.405237803582049,-0.2052379943169127
"""CNR9378137""","""CID9163935""",4.4021993,4.405237803582049,-0.003038535240984963
"""CNR3195376""","""CID9634688""",4.4031615,4.405237803582049,-0.002076277855731057
"""CNR6263071""","""CID2307887""",4.8,4.405237803582049,0.39476238715281387
"""CNR2415213""","""CID1098302""",5.0,4.405237803582049,0.5947621964179506
"""CNR7533631""","""CID1392448""",3.7,4.405237803582049,-0.7052377558983336
"""CNR8651705""","""CID4053528""",4.6,4.405237803582049,0.19476210105051894
"""CNR8763226""","""CID5314429""",4.3,4.405237803582049,-0.10523761284718613
"""CNR9149783""","""CID9119283""",3.8,4.405237803582049,-0.6052378512657652
"""CNR8327649""","""CID6335541""",4.4098225,4.405237803582049,0.004584660407208396
"""CNR2086731""","""CID7414715""",4.4042315,4.405237803582049,-0.0010062552727232443
"""CNR5202495""","""CID9230642""",4.4050717,4.405237803582049,-0.00016606819996933808
"""CNR6474020""","""CID4107914""",4.4042315,4.405237803582049,-0.0010062552727232443
"""CNR8458993""","""CID8514452""",4.6,4.405237803582049,0.19476210105051894
"""CNR2718660""","""CID1836917""",4.2,4.405237803582049,-0.2052379943169127
"""CNR9504600""","""CID3463843""",4.6,4.405237803582049,0.19476210105051894
"""CNR4057620""","""CID4061360""",4.3,4.405237803582049,-0.10523761284718613
"""CNR6792501""","""CID5255116""",4.9,4.376986083790243,0.5230140115771889
"""CNR7100213""","""CID9601516""",4.3,4.405237803582049,-0.10523761284718613
"""CNR4068724""","""CID6149579""",4.6,4.405237803582049,0.19476210105051894
"""CNR2326690""","""CID2479760""",4.6,4.405237803582049,0.19476210105051894
"""CNR1679238""","""CID4123746""",4.4098225,4.405237803582049,0.004584660407208396
"""CNR1758604""","""CID5114148""",4.2,4.405237803582049,-0.2052379943169127
"""CNR5936772""","""CID8097645""",4.9,4.405237803582049,0.4947622917853822
"""CNR3866744""","""CID9206124""",4.9,4.405237803582049,0.4947622917853822
"""CNR3258408""","""CID9667679""",4.7,4.405237803582049,0.2947620056830873
"""CNR8398283""","""CID2704984""",4.2,4.405237803582049,-0.2052379943169127
"""CNR7516055""","""CID2905030""",4.9,4.405237803582049,0.4947622917853822
"""CNR1034954""","""CID1315473""",4.405319,4.405237803582049,8.14102851380838e-05
"""CNR8782521""","""CID9054227""",4.8,4.405237803582049,0.39476238715281387
"""CNR5436242""","""CID4871636""",4.2,4.405237803582049,-0.2052379943169127
"""CNR8952081""","""CID3572917""",4.6,4.405237803582049,0.19476210105051894
"""CNR7178745""","""CID2852143""",4.4021993,4.405237803582049,-0.003038535240984963
"""CNR5788956""","""CID6211032""",3.8,4.405237803582049,-0.6052378512657652
"""CNR2718935""","""CID3193097""",4.8,4.405237803582049,0.39476238715281387
"""CNR8142952""","""CID4176157""",3.9,4.405237803582049,-0.5052377082146178
"""CNR9460698""","""CID5413414""",4.2,4.376986083790243,-0.17698627452510607
"""CNR3669597""","""CID3276654""",4.4021993,4.405237803582049,-0.003038535240984963
"""CNR1549319""","""CID6268719""",4.6,4.405237803582049,0.19476210105051894
"""CNR2889344""","""CID4518913""",4.404214,4.405237803582049,-0.00102389824757676
"""CNR7110431""","""CID6991470""",4.4098225,4.405237803582049,0.004584660407208396
"""CNR5748303""","""CID9458510""",4.1,4.376986083790243,-0.27698617915767443
"""CNR7582395""","""CID6718290""",4.4042315,4.405237803582049,-0.0010062552727232443
"""CNR4415419""","""CID1309091""",3.7,4.405237803582049,-0.7052377558983336
"""CNR9996750""","""CID6999972""",4.4031615,4.405237803582049,-0.002076277855731057
"""CNR4122657""","""CID6100020""",3.6,4.405237803582049,-0.8052378989494811
"""CNR6260164""","""CID3781313""",4.405319,4.405237803582049,8.14102851380838e-05
"""CNR2123557""","""CID1386318""",4.4031615,4.405237803582049,-0.002076277855731057
"""CNR5939346""","""CID7162008""",4.4042315,4.405237803582049,-0.0010062552727232443
"""CNR4313028""","""CID6235337""",4.8,4.405237803582049,0.39476238715281387
"""CNR6965566""","""CID1558480""",4.6,4.405237803582049,0.19476210105051894
"""CNR8618774""","""CID2350414""",4.2,4.405237803582049,-0.2052379943169127
"""CNR6218739""","""CID8355464""",4.404214,4.405237803582049,-0.00102389824757676
"""CNR3845012""","""CID4985221""",4.8,4.405237803582049,0.39476238715281387
"""CNR5029163""","""CID2280348""",4.4021993,4.405237803582049,-0.003038535240984963
"""CNR6944590""","""CID2953274""",4.9,4.405237803582049,0.4947622917853822
"""CNR7856272""","""CID6047531""",4.404214,4.405237803582049,-0.00102389824757676
"""CNR6569189""","""CID5597255""",4.3,4.405237803582049,-0.10523761284718613
"""CNR1815672""","""CID6497655""",4.6,4.405237803582049,0.19476210105051894
"""CNR5910455""","""CID7277268""",4.4021993,4.405237803582049,-0.003038535240984963
"""CNR7424952""","""CID3037552""",4.4098225,4.405237803582049,0.004584660407208396
"""CNR8095054""","""CID3788240""",4.1,4.405237803582049,-0.30523789894948106
"""CNR6921814""","""CID7139808""",3.8,4.405237803582049,-0.6052378512657652
"""CNR5573288""","""CID7949005""",4.7,4.405237803582049,0.2947620056830873
"""CNR5989915""","""CID3511989""",3.2,4.405237803582049,-1.2052377558983336
"""CNR2172294""","""CID5538050""",4.4098225,4.405237803582049,0.004584660407208396
"""CNR8136919""","""CID2400285""",4.404214,4.405237803582049,-0.00102389824757676
"""CNR8053516""","""CID5699046""",4.5,4.405237803582049,0.09476219641795058
"""CNR8709218""","""CID4433752""",5.0,4.405237803582049,0.5947621964179506
"""CNR3956851""","""CID5144184""",4.4031615,4.405237803582049,-0.002076277855731057
"""CNR8520046""","""CID2738082""",4.2,4.405237803582049,-0.2052379943169127
"""CNR9431854""","""CID4977174""",4.2,4.405237803582049,-0.2052379943169127
"""CNR4723515""","""CID7547611""",4.4,4.376986083790243,0.023014011577188853
"""CNR3265705""","""CID4569731""",4.1,4.405237803582049,-0.30523789894948106
"""CNR8828743""","""CID5281077""",4.4021993,4.405237803582049,-0.003038535240984963
"""CNR7583043""","""CID2625843""",4.7,4.405237803582049,0.2947620056830873
"""CNR4624622""","""CID2736527""",4.9,4.405237803582049,0.4947622917853822
"""CNR7656058""","""CID1780735""",4.2,4.405237803582049,-0.2052379943169127
"""CNR8623393""","""CID9596173""",3.1,4.405237803582049,-1.305237898949481
"""CNR2907645""","""CID8680170""",4.4031615,4.405237803582049,-0.002076277855731057
"""CNR2554343""","""CID7629696""",4.3,4.405237803582049,-0.10523761284718613
"""CNR1502179""","""CID1531597""",4.4021993,4.405237803582049,-0.003038535240984963
"""CNR4487857""","""CID9380811""",4.1,4.405237803582049,-0.30523789894948106
"""CNR2738401""","""CID1258616""",4.4,4.405237803582049,-0.005237708214617776
"""CNR4806344""","""CID5285102""",4.404214,4.405237803582049,-0.00102389824757676
"""CNR5685673""","""CID7466508""",4.405319,4.405237803582049,8.14102851380838e-05
"""CNR6792262""","""CID5414753""",4.4021993,4.405237803582049,-0.003038535240984963
"""CNR6316946""","""CID5380187""",4.6,4.405237803582049,0.19476210105051894
"""CNR1889887""","""CID2905722""",4.7,4.405237803582049,0.2947620056830873
"""CNR8731068""","""CID1022499""",4.7,4.405237803582049,0.2947620056830873
"""CNR9884412""","""CID3051959""",4.2,4.405237803582049,-0.2052379943169127
"""CNR4680305""","""CID5609072""",4.4042315,4.405237803582049,-0.0010062552727232443
"""CNR8238829""","""CID7022424""",4.6,4.405237803582049,0.19476210105051894
"""CNR1479208""","""CID6689946""",4.4021993,4.405237803582049,-0.003038535240984963
"""CNR5727381""","""CID3877746""",4.2,4.405237803582049,-0.2052379943169127
"""CNR5246349""","""CID5102866""",4.9,4.405237803582049,0.4947622917853822
"""CNR7267844""","""CID9697036""",4.4021993,4.405237803582049,-0.003038535240984963
"""CNR9452547""","""CID1511723""",4.4021993,4.405237803582049,-0.003038535240984963
"""CNR6538431""","""CID2281334""",4.4042315,4.405237803582049,-0.0010062552727232443
"""CNR8616903""","""CID1671102""",4.6,4.405237803582049,0.19476210105051894
"""CNR8736501""","""CID8867448""",4.6,4.405237803582049,0.19476210105051894
"""CNR7254775""","""CID3330778""",4.4042315,4.405237803582049,-0.0010062552727232443
"""CNR4082826""","""CID5860656""",4.404214,4.405237803582049,-0.00102389824757676
"""CNR3669468""","""CID3532728""",3.7,4.405237803582049,-0.7052377558983336
"""CNR3886708""","""CID1188880""",4.405319,4.405237803582049,8.14102851380838e-05
"""CNR7724973""","""CID6221669""",4.4021993,4.405237803582049,-0.003038535240984963
"""CNR6016424""","""CID3779093""",4.404214,4.405237803582049,-0.00102389824757676
"""CNR7772608""","""CID2166753""",4.3,4.405237803582049,-0.10523761284718613
"""CNR7257811""","""CID9498700""",4.9,4.405237803582049,0.4947622917853822
"""CNR9848960""","""CID2671667""",3.1,4.405237803582049,-1.305237898949481
"""CNR3505973""","""CID5650209""",4.4,4.405237803582049,-0.005237708214617776
"""CNR8496401""","""CID7758422""",4.9,4.405237803582049,0.4947622917853822
"""CNR7909432""","""CID8563871""",4.4021993,4.405237803582049,-0.003038535240984963
"""CNR4866253""","""CID7089643""",4.1,4.405237803582049,-0.30523789894948106
"""CNR6445495""","""CID2426935""",4.5,4.405237803582049,0.09476219641795058
"""CNR9245601""","""CID5832798""",4.3,4.405237803582049,-0.10523761284718613
"""CNR4425562""","""CID3533249""",4.4,4.405237803582049,-0.005237708214617776
"""CNR6248092""","""CID7048611""",4.4098225,4.405237803582049,0.004584660407208396
"""CNR9157930""","""CID3285503""",4.5,4.405237803582049,0.09476219641795058
"""CNR1662082""","""CID1384442""",4.4021993,4.405237803582049,-0.003038535240984963
"""CNR3461034""","""CID8753323""",4.4098225,4.405237803582049,0.004584660407208396
"""CNR5408741""","""CID9665753""",4.9,4.405237803582049,0.4947622917853822
"""CNR3344727""","""CID2600798""",4.1,4.405237803582049,-0.30523789894948106
"""CNR3321765""","""CID3786248""",4.4021993,4.405237803582049,-0.003038535240984963
"""CNR4584512""","""CID6722650""",4.9,4.405237803582049,0.4947622917853822
"""CNR3924951""","""CID7451417""",4.2,4.405237803582049,-0.2052379943169127
"""CNR1782453""","""CID8925706""",4.5,4.405237803582049,0.09476219641795058
"""CNR3453115""","""CID9974418""",4.3,4.405237803582049,-0.10523761284718613
"""CNR3543446""","""CID7461084""",4.9,4.405237803582049,0.4947622917853822
"""CNR7348331""","""CID9025199""",4.4042315,4.405237803582049,-0.0010062552727232443
"""CNR7923838""","""CID7329632""",4.4042315,4.405237803582049,-0.0010062552727232443
"""CNR4777637""","""CID4824405""",4.4021993,4.405237803582049,-0.003038535240984963
"""CNR2150379""","""CID6995134""",4.5,4.405237803582049,0.09476219641795058
"""CNR1033495""","""CID3111875""",4.2,4.405237803582049,-0.2052379943169127
"""CNR8332040""","""CID3860354""",4.4021993,4.405237803582049,-0.003038535240984963
"""CNR3023898""","""CID3618403""",3.9,4.405237803582049,-0.5052377082146178
"""CNR1632735""","""CID5632394""",4.3,4.376986083790243,-0.0769858930553795
"""CNR1059910""","""CID3479527""",4.4042315,4.405237803582049,-0.0010062552727232443
"""CNR9688854""","""CID5862485""",4.1,4.405237803582049,-0.30523789894948106
"""CNR3073845""","""CID6860395""",4.1,4.405237803582049,-0.30523789894948106
"""CNR8047639""","""CID1413156""",4.2,4.405237803582049,-0.2052379943169127
"""CNR9325921""","""CID8628220""",4.1,4.405237803582049,-0.30523789894948106
"""CNR4631315""","""CID9664401""",5.0,4.405237803582049,0.5947621964179506
"""CNR1539973""","""CID6737385""",4.4031615,4.405237803582049,-0.002076277855731057
"""CNR4533254""","""CID6254297""",4.4098225,4.405237803582049,0.004584660407208396
"""CNR4993543""","""CID4915188""",4.6,4.405237803582049,0.19476210105051894
"""CNR4339889""","""CID1653657""",4.7,4.405237803582049,0.2947620056830873
"""CNR4106360""","""CID4015526""",4.404214,4.405237803582049,-0.00102389824757676
"""CNR8680546""","""CID3587857""",4.4042315,4.405237803582049,-0.0010062552727232443
"""CNR2456659""","""CID1263347""",4.1,4.376986083790243,-0.27698617915767443
"""CNR5063006""","""CID4046772""",4.4021993,4.405237803582049,-0.003038535240984963
"""CNR9513799""","""CID9051284""",4.6,4.405237803582049,0.19476210105051894
"""CNR2361430""","""CID3796264""",5.0,4.376986083790243,0.6230139162097572
"""CNR4979776""","""CID4006057""",4.4042315,4.405237803582049,-0.0010062552727232443
"""CNR5791937""","""CID1810515""",4.4050717,4.405237803582049,-0.00016606819996933808
"""CNR9211257""","""CID6692447""",4.5,4.405237803582049,0.09476219641795058
"""CNR3119954""","""CID7590483""",3.9,4.405237803582049,-0.5052377082146178
"""CNR7322981""","""CID6397765""",4.4042315,4.405237803582049,-0.0010062552727232443
"""CNR2617389""","""CID3260761""",4.9,4.405237803582049,0.4947622917853822
"""CNR9989212""","""CID1460749""",4.7,4.405237803582049,0.2947620056830873
"""CNR3531650""","""CID5550722""",4.1,4.376986083790243,-0.27698617915767443
"""CNR1489541""","""CID3850274""",4.4098225,4.405237803582049,0.004584660407208396
"""CNR5492590""","""CID7794107""",4.4098225,4.405237803582049,0.004584660407208396
"""CNR7489207""","""CID6764080""",4.4021993,4.405237803582049,-0.003038535240984963
"""CNR6631663""","""CID9067402""",4.6,4.405237803582049,0.19476210105051894
"""CNR2399156""","""CID9133074""",4.4042315,4.405237803582049,-0.0010062552727232443
"""CNR3620320""","""CID3954593""",4.4021993,4.405237803582049,-0.003038535240984963
"""CNR2489211""","""CID7171121""",4.9,4.405237803582049,0.4947622917853822
"""CNR3866256""","""CID4531726""",4.9,4.405237803582049,0.4947622917853822
"""CNR2416280""","""CID6783565""",4.4021993,4.405237803582049,-0.003038535240984963
"""CNR8308418""","""CID4108456""",4.4021993,4.405237803582049,-0.003038535240984963
"""CNR1050082""","""CID3478412""",4.2,4.405237803582049,-0.2052379943169127
"""CNR8765479""","""CID2149174""",4.4042315,4.405237803582049,-0.0010062552727232443
"""CNR7429742""","""CID2159361""",4.404214,4.405237803582049,-0.00102389824757676
"""CNR6607871""","""CID3650604""",4.4021993,4.405237803582049,-0.003038535240984963
"""CNR6892245""","""CID8682860""",4.9,4.405237803582049,0.4947622917853822
"""CNR2647005""","""CID2138190""",4.9,4.405237803582049,0.4947622917853822
"""CNR6410601""","""CID1109050""",4.8,4.405237803582049,0.39476238715281387
"""CNR2210462""","""CID8112879""",4.2,4.405237803582049,-0.2052379943169127
"""CNR6513653""","""CID3195380""",4.5,4.405237803582049,0.09476219641795058
"""CNR4636441""","""CID3106416""",3.1,4.405237803582049,-1.305237898949481
"""CNR2882464""","""CID6134086""",4.4021993,4.405237803582049,-0.003038535240984963
"""CNR9506187""","""CID5353110""",3.7,4.405237803582049,-0.7052377558983336
"""CNR7001764""","""CID3713208""",4.3,4.405237803582049,-0.10523761284718613
"""CNR2813127""","""CID4785742""",4.6,4.376986083790243,0.22301382084232557
"""CNR1411680""","""CID2823162""",4.6,4.405237803582049,0.19476210105051894
"""CNR7382025""","""CID5146465""",4.3,4.405237803582049,-0.10523761284718613
"""CNR5548791""","""CID2543892""",4.4021993,4.405237803582049,-0.003038535240984963
"""CNR6452264""","""CID3519101""",4.9,4.405237803582049,0.4947622917853822
"""CNR9557764""","""CID8671489""",4.9,4.487649406569887,0.41235068879754433
"""CNR8824667""","""CID9863038""",4.5,4.405237803582049,0.09476219641795058
"""CNR7757647""","""CID2322190""",4.4021993,4.405237803582049,-0.003038535240984963
"""CNR9842620""","""CID1073223""",4.9,4.405237803582049,0.4947622917853822
"""CNR2295031""","""CID7595496""",4.9,4.487649406569887,0.41235068879754433
"""CNR3872149""","""CID7336902""",4.4042315,4.405237803582049,-0.0010062552727232443
"""CNR2535704""","""CID2716314""",4.4021993,4.405237803582049,-0.003038535240984963
"""CNR7609238""","""CID1942619""",4.7,4.405237803582049,0.2947620056830873
"""CNR7725718""","""CID6039717""",4.8,4.405237803582049,0.39476238715281387
"""CNR3120901""","""CID6806098""",4.2,4.405237803582049,-0.2052379943169127
"""CNR8609092""","""CID9791631""",4.4021993,4.405237803582049,-0.003038535240984963
"""CNR5496657""","""CID6950098""",4.4,4.405237803582049,-0.005237708214617776
"""CNR5850449""","""CID3874745""",4.3,4.405237803582049,-0.10523761284718613
"""CNR2921523""","""CID5725037""",5.0,4.405237803582049,0.5947621964179506
"""CNR5982409""","""CID5459225""",4.6,4.405237803582049,0.19476210105051894
"""CNR6062659""","""CID3994839""",4.4021993,4.405237803582049,-0.003038535240984963
"""CNR8966549""","""CID2304696""",4.1,4.405237803582049,-0.30523789894948106
"""CNR1878561""","""CID2508031""",4.3,4.405237803582049,-0.10523761284718613
"""CNR2235063""","""CID7436988""",4.6,4.405237803582049,0.19476210105051894
"""CNR9209015""","""CID6606357""",4.4021993,4.405237803582049,-0.003038535240984963
"""CNR6431840""","""CID2461205""",4.4098225,4.405237803582049,0.004584660407208396
"""CNR4593774""","""CID7378572""",3.4,4.405237803582049,-1.0052377082146178
"""CNR8140538""","""CID4547572""",4.4031615,4.405237803582049,-0.002076277855731057
"""CNR1927998""","""CID4460202""",4.4,4.405237803582049,-0.005237708214617776
"""CNR3504327""","""CID6939663""",4.4021993,4.405237803582049,-0.003038535240984963
"""CNR1675574""","""CID4014333""",3.7,4.405237803582049,-0.7052377558983336
"""CNR9347790""","""CID6960903""",4.405319,4.405237803582049,8.14102851380838e-05
"""CNR5362023""","""CID4125652""",4.7,4.405237803582049,0.2947620056830873
"""CNR7151146""","""CID2291476""",4.4098225,4.405237803582049,0.004584660407208396
"""CNR6368550""","""CID3636779""",3.9,4.405237803582049,-0.5052377082146178
"""CNR8466061""","""CID7327324""",4.9,4.376986083790243,0.5230140115771889
"""CNR5372986""","""CID1749114""",4.4031615,4.405237803582049,-0.002076277855731057
"""CNR7444865""","""CID8950688""",4.7,4.405237803582049,0.2947620056830873
"""CNR1709392""","""CID8085588""",4.4021993,4.405237803582049,-0.003038535240984963
"""CNR3512402""","""CID3830513""",3.4,4.405237803582049,-1.0052377082146178
"""CNR4865316""","""CID6232811""",4.4,4.376986083790243,0.023014011577188853
"""CNR7074841""","""CID2780055""",4.5,4.405237803582049,0.09476219641795058
"""CNR6020374""","""CID4714888""",3.1,4.405237803582049,-1.305237898949481
"""CNR8000313""","""CID9981189""",4.4042315,4.405237803582049,-0.0010062552727232443
"""CNR5732818""","""CID5639434""",4.404214,4.405237803582049,-0.00102389824757676
"""CNR4297477""","""CID8169995""",4.4021993,4.405237803582049,-0.003038535240984963
"""CNR8014244""","""CID8065051""",4.1,4.405237803582049,-0.30523789894948106
"""CNR5761034""","""CID6265457""",4.4021993,4.405237803582049,-0.003038535240984963
"""CNR7701154""","""CID8389256""",4.4031615,4.405237803582049,-0.002076277855731057
"""CNR4517970""","""CID7339296""",5.0,4.405237803582049,0.5947621964179506
"""CNR9156276""","""CID5596699""",5.0,4.405237803582049,0.5947621964179506
"""CNR9997684""","""CID8977748""",4.4,4.376986083790243,0.023014011577188853
"""CNR8026543""","""CID9574646""",4.3,4.405237803582049,-0.10523761284718613
"""CNR5036287""","""CID5581093""",4.6,4.405237803582049,0.19476210105051894
"""CNR6528739""","""CID9959652""",4.9,4.405237803582049,0.4947622917853822
"""CNR3552006""","""CID6017334""",4.9,4.405237803582049,0.4947622917853822
"""CNR3660618""","""CID1602162""",3.6,4.376986083790243,-0.7769861791576744
"""CNR1097335""","""CID7399122""",4.4,4.405237803582049,-0.005237708214617776
"""CNR4904749""","""CID9931643""",4.7,4.405237803582049,0.2947620056830873
"""CNR9705519""","""CID9813791""",4.1,4.405237803582049,-0.30523789894948106
"""CNR9762465""","""CID1572465""",3.3,4.405237803582049,-1.1052378512657652
"""CNR2935897""","""CID2199338""",4.4021993,4.405237803582049,-0.003038535240984963
"""CNR7313026""","""CID4089496""",4.3,4.405237803582049,-0.10523761284718613
"""CNR1142983""","""CID6472609""",4.6,4.405237803582049,0.19476210105051894
"""CNR2947632""","""CID4167398""",4.4031615,4.405237803582049,-0.002076277855731057
"""CNR4309965""","""CID6105766""",4.4098225,4.405237803582049,0.004584660407208396
"""CNR8470844""","""CID9404645""",4.4021993,4.405237803582049,-0.003038535240984963
"""CNR3597597""","""CID2555443""",4.4098225,4.405237803582049,0.004584660407208396
"""CNR7990952""","""CID9234487""",4.4042315,4.405237803582049,-0.0010062552727232443
"""CNR6391538""","""CID6359213""",4.4021993,4.405237803582049,-0.003038535240984963
"""CNR2362866""","""CID1913824""",4.9,4.405237803582049,0.4947622917853822
"""CNR9697063""","""CID1074099""",4.7,4.405237803582049,0.2947620056830873
"""CNR9597655""","""CID7879925""",4.2,4.405237803582049,-0.2052379943169127
"""CNR2132813""","""CID6783053""",4.3,4.405237803582049,-0.10523761284718613
"""CNR7358854""","""CID4015216""",3.0,4.405237803582049,-1.4052378035820494
"""CNR1344697""","""CID8818073""",4.405319,4.405237803582049,8.14102851380838e-05
"""CNR3286318""","""CID9272809""",3.0,4.405237803582049,-1.4052378035820494
"""CNR6352519""","""CID6285747""",4.7,4.405237803582049,0.2947620056830873
"""CNR9690249""","""CID3836428""",4.4021993,4.376986083790243,0.025213184550821666
"""CNR3290603""","""CID5437240""",4.4,4.376986083790243,0.023014011577188853
"""CNR6378934""","""CID8131928""",4.4042315,4.376986083790243,0.027245464519083384
"""CNR4084594""","""CID6047484""",4.6,4.405237803582049,0.19476210105051894
"""CNR5247171""","""CID4484741""",4.4031615,4.405237803582049,-0.002076277855731057
"""CNR2465195""","""CID5871891""",4.3,4.405237803582049,-0.10523761284718613
"""CNR4016454""","""CID8814227""",4.4021993,4.405237803582049,-0.003038535240984963
"""CNR8782922""","""CID2401205""",4.2,4.405237803582049,-0.2052379943169127
"""CNR7245397""","""CID2409360""",4.4031615,4.405237803582049,-0.002076277855731057
"""CNR7162422""","""CID8464313""",4.4098225,4.405237803582049,0.004584660407208396
"""CNR7315638""","""CID2207664""",4.4021993,4.405237803582049,-0.003038535240984963
"""CNR4302841""","""CID4739760""",4.6,4.405237803582049,0.19476210105051894
"""CNR4801612""","""CID3958588""",3.7,4.405237803582049,-0.7052377558983336
"""CNR3579086""","""CID1609734""",4.2,4.405237803582049,-0.2052379943169127
"""CNR4516970""","""CID1949294""",4.8,4.405237803582049,0.39476238715281387
"""CNR8897117""","""CID9630037""",4.4021993,4.405237803582049,-0.003038535240984963
"""CNR5954627""","""CID8055094""",4.404214,4.405237803582049,-0.00102389824757676
"""CNR6679747""","""CID2431419""",5.0,4.405237803582049,0.5947621964179506
"""CNR7388540""","""CID8362170""",4.1,4.405237803582049,-0.30523789894948106
"""CNR8331767""","""CID6902585""",4.6,4.405237803582049,0.19476210105051894
"""CNR1874446""","""CID3741197""",4.4021993,4.405237803582049,-0.003038535240984963
"""CNR4533953""","""CID6515536""",4.4021993,4.405237803582049,-0.003038535240984963
"""CNR4216688""","""CID2482784""",4.6,4.405237803582049,0.19476210105051894
"""CNR4771721""","""CID9028862""",4.4042315,4.405237803582049,-0.0010062552727232443
"""CNR1047929""","""CID6138873""",4.404214,4.405237803582049,-0.00102389824757676
"""CNR5938216""","""CID9170296""",5.0,4.405237803582049,0.5947621964179506
"""CNR9110104""","""CID2063030""",4.4021993,4.405237803582049,-0.003038535240984963
"""CNR2307957""","""CID3709875""",4.4098225,4.405237803582049,0.004584660407208396
"""CNR1858978""","""CID6735208""",3.8,4.376986083790243,-0.5769861314739586
"""CNR5615706""","""CID9707993""",4.4,4.405237803582049,-0.005237708214617776
"""CNR4292189""","""CID1639729""",4.4031615,4.405237803582049,-0.002076277855731057
"""CNR2150480""","""CID2872698""",4.4,4.405237803582049,-0.005237708214617776
"""CNR3817263""","""CID2830381""",4.2,4.405237803582049,-0.2052379943169127
"""CNR4568741""","""CID1387624""",4.4042315,4.405237803582049,-0.0010062552727232443
"""CNR1921135""","""CID5290342""",4.6,4.405237803582049,0.19476210105051894
"""CNR4638851""","""CID4860142""",4.4,4.405237803582049,-0.005237708214617776
"""CNR5896245""","""CID6291049""",4.6,4.405237803582049,0.19476210105051894
"""CNR7553601""","""CID8663921""",4.4,4.405237803582049,-0.005237708214617776
"""CNR1977702""","""CID5891903""",3.4,4.405237803582049,-1.0052377082146178
"""CNR5773760""","""CID6685854""",4.4042315,4.405237803582049,-0.0010062552727232443
"""CNR3934814""","""CID4675431""",4.5,4.405237803582049,0.09476219641795058
"""CNR1130715""","""CID1461556""",4.9,4.405237803582049,0.4947622917853822
"""CNR7915411""","""CID3747408""",5.0,4.405237803582049,0.5947621964179506
"""CNR7352965""","""CID7172114""",4.8,4.405237803582049,0.39476238715281387
"""CNR4266303""","""CID9878381""",4.8,4.405237803582049,0.39476238715281387
"""CNR1094054""","""CID9451726""",4.4031615,4.405237803582049,-0.002076277855731057
"""CNR4621785""","""CID7291030""",4.9,4.405237803582049,0.4947622917853822
"""CNR3380820""","""CID9150045""",4.2,4.405237803582049,-0.2052379943169127
"""CNR6581395""","""CID6776705""",4.5,4.405237803582049,0.09476219641795058
"""CNR3080927""","""CID6074631""",4.4031615,4.405237803582049,-0.002076277855731057
"""CNR5389220""","""CID6408469""",4.404214,4.405237803582049,-0.00102389824757676
"""CNR1067466""","""CID9598591""",4.3,4.405237803582049,-0.10523761284718613
"""CNR5747305""","""CID6559601""",4.4021993,4.405237803582049,-0.003038535240984963
"""CNR2052287""","""CID3597917""",4.9,4.405237803582049,0.4947622917853822
"""CNR8975043""","""CID3549495""",4.4098225,4.405237803582049,0.004584660407208396
"""CNR7037079""","""CID4936316""",4.2,4.405237803582049,-0.2052379943169127
"""CNR1041733""","""CID7240689""",4.9,4.376986083790243,0.5230140115771889
"""CNR8310550""","""CID6194623""",4.4021993,4.405237803582049,-0.003038535240984963
"""CNR9317177""","""CID5577333""",3.8,4.405237803582049,-0.6052378512657652
"""CNR5973958""","""CID1619765""",4.5,4.376986083790243,0.12301391620975721
"""CNR2368724""","""CID7626743""",4.4,4.405237803582049,-0.005237708214617776
"""CNR4197475""","""CID8298902""",4.4098225,4.376986083790243,0.032836380199015025
"""CNR8786502""","""CID2628604""",4.4021993,4.405237803582049,-0.003038535240984963
"""CNR3687280""","""CID7024494""",4.4031615,4.405237803582049,-0.002076277855731057
"""CNR7282721""","""CID8531380""",4.4050717,4.405237803582049,-0.00016606819996933808
"""CNR9717068""","""CID2228897""",4.4,4.405237803582049,-0.005237708214617776
"""CNR1588735""","""CID7112052""",4.4031615,4.405237803582049,-0.002076277855731057
"""CNR7145469""","""CID9978540""",4.405319,4.405237803582049,8.14102851380838e-05
"""CNR5912952""","""CID7304789""",4.4,4.405237803582049,-0.005237708214617776
"""CNR5365730""","""CID9633715""",5.0,4.405237803582049,0.5947621964179506
"""CNR4558767""","""CID8184752""",4.4098225,4.405237803582049,0.004584660407208396
"""CNR9051324""","""CID3111039""",4.3,4.405237803582049,-0.10523761284718613
"""CNR2652637""","""CID7650348""",4.9,4.405237803582049,0.4947622917853822
"""CNR3939659""","""CID6447654""",4.2,4.405237803582049,-0.2052379943169127
"""CNR8821490""","""CID1713292""",4.404214,4.405237803582049,-0.00102389824757676
"""CNR2156709""","""CID7325170""",4.4031615,4.405237803582049,-0.002076277855731057
"""CNR6784234""","""CID7943781""",3.9,4.405237803582049,-0.5052377082146178
"""CNR8258876""","""CID9427123""",4.5,4.405237803582049,0.09476219641795058
"""CNR6362217""","""CID6822869""",4.1,4.405237803582049,-0.30523789894948106
"""CNR4053042""","""CID8698595""",3.6,4.405237803582049,-0.8052378989494811
"""CNR5296880""","""CID2330879""",4.4,4.405237803582049,-0.005237708214617776
"""CNR1311614""","""CID8136598""",4.3,4.405237803582049,-0.10523761284718613
"""CNR2426699""","""CID3136889""",4.4042315,4.405237803582049,-0.0010062552727232443
"""CNR8983268""","""CID6142036""",4.4031615,4.405237803582049,-0.002076277855731057
"""CNR5491823""","""CID5807181""",4.4042315,4.405237803582049,-0.0010062552727232443
"""CNR5094256""","""CID3470774""",4.4098225,4.405237803582049,0.004584660407208396
"""CNR3631162""","""CID8228377""",4.4,4.405237803582049,-0.005237708214617776
"""CNR5856761""","""CID6295175""",4.4098225,4.405237803582049,0.004584660407208396
"""CNR5186293""","""CID7056927""",4.404214,4.405237803582049,-0.00102389824757676
"""CNR2461605""","""CID1324473""",4.4021993,4.405237803582049,-0.003038535240984963
"""CNR4751248""","""CID8853028""",4.9,4.405237803582049,0.4947622917853822
"""CNR1675014""","""CID4704930""",4.2,4.405237803582049,-0.2052379943169127
"""CNR8730322""","""CID9597942""",5.0,4.405237803582049,0.5947621964179506
"""CNR7478371""","""CID7468948""",3.0,4.405237803582049,-1.4052378035820494
"""CNR7975089""","""CID2782590""",4.2,4.405237803582049,-0.2052379943169127
"""CNR2351548""","""CID6366986""",4.5,4.405237803582049,0.09476219641795058
"""CNR1337133""","""CID8939614""",4.3,4.405237803582049,-0.10523761284718613
"""CNR2495283""","""CID7465930""",4.6,4.405237803582049,0.19476210105051894
"""CNR9904451""","""CID5848903""",4.1,4.405237803582049,-0.30523789894948106
"""CNR6108580""","""CID7230644""",4.4042315,4.405237803582049,-0.0010062552727232443
"""CNR2560982""","""CID6313504""",4.6,4.405237803582049,0.19476210105051894
"""CNR8823907""","""CID4433377""",4.404214,4.405237803582049,-0.00102389824757676
"""CNR7858759""","""CID1249768""",4.6,4.405237803582049,0.19476210105051894
"""CNR1237905""","""CID2449334""",4.9,4.405237803582049,0.4947622917853822
"""CNR8674927""","""CID9450358""",4.8,4.405237803582049,0.39476238715281387
"""CNR7426056""","""CID4923026""",4.1,4.405237803582049,-0.30523789894948106
"""CNR7957248""","""CID6275285""",4.4021993,4.405237803582049,-0.003038535240984963
"""CNR3952050""","""CID8785731""",4.3,4.405237803582049,-0.10523761284718613
"""CNR3991989""","""CID5547909""",4.4021993,4.405237803582049,-0.003038535240984963
"""CNR7298967""","""CID9849499""",4.9,4.405237803582049,0.4947622917853822
"""CNR7249634""","""CID4033734""",4.4021993,4.405237803582049,-0.003038535240984963
"""CNR5906473""","""CID9558827""",4.8,4.405237803582049,0.39476238715281387
"""CNR4365195""","""CID4494674""",4.4042315,4.376986083790243,0.027245464519083384
"""CNR4052845""","""CID3749367""",4.1,4.405237803582049,-0.30523789894948106
"""CNR8515279""","""CID3905544""",4.9,4.405237803582049,0.4947622917853822
"""CNR7454454""","""CID7449119""",4.4042315,4.405237803582049,-0.0010062552727232443
"""CNR5542839""","""CID5223132""",4.9,4.405237803582049,0.4947622917853822
"""CNR7967586""","""CID9730285""",4.8,4.405237803582049,0.39476238715281387
"""CNR8689510""","""CID6498561""",4.4,4.405237803582049,-0.005237708214617776
"""CNR3918846""","""CID7083552""",4.4031615,4.405237803582049,-0.002076277855731057
"""CNR6387266""","""CID8296859""",4.2,4.405237803582049,-0.2052379943169127
"""CNR7063559""","""CID6302331""",4.8,4.405237803582049,0.39476238715281387
"""CNR6273713""","""CID2837692""",3.7,4.405237803582049,-0.7052377558983336
"""CNR1408973""","""CID5718848""",4.4021993,4.405237803582049,-0.003038535240984963
"""CNR2799535""","""CID5082728""",4.4042315,4.405237803582049,-0.0010062552727232443
"""CNR5037526""","""CID5915926""",5.0,4.405237803582049,0.5947621964179506
"""CNR3215276""","""CID6811877""",4.4,4.405237803582049,-0.005237708214617776
"""CNR3731826""","""CID6873947""",4.9,4.405237803582049,0.4947622917853822
"""CNR4601085""","""CID4542396""",4.6,4.405237803582049,0.19476210105051894
"""CNR3317386""","""CID8978507""",4.6,4.405237803582049,0.19476210105051894
"""CNR6884332""","""CID3278094""",4.5,4.405237803582049,0.09476219641795058
"""CNR4517404""","""CID1429651""",4.4021993,4.376986083790243,0.025213184550821666
"""CNR8297891""","""CID4206934""",4.4021993,4.405237803582049,-0.003038535240984963
"""CNR2527387""","""CID3894144""",4.4,4.405237803582049,-0.005237708214617776
"""CNR2883744""","""CID4582446""",4.4042315,4.405237803582049,-0.0010062552727232443
"""CNR7088475""","""CID8913673""",4.6,4.405237803582049,0.19476210105051894
"""CNR6575408""","""CID3709657""",4.4021993,4.405237803582049,-0.003038535240984963
"""CNR9205184""","""CID6585669""",4.404214,4.405237803582049,-0.00102389824757676
"""CNR6881612""","""CID9399617""",4.1,4.405237803582049,-0.30523789894948106
"""CNR6550392""","""CID1214974""",4.4021993,4.405237803582049,-0.003038535240984963
"""CNR9925839""","""CID4190607""",4.4042315,4.405237803582049,-0.0010062552727232443
"""CNR1256960""","""CID8298511""",4.8,4.405237803582049,0.39476238715281387
"""CNR3373844""","""CID9028392""",4.4031615,4.405237803582049,-0.002076277855731057
"""CNR5486440""","""CID5243505""",4.4021993,4.405237803582049,-0.003038535240984963
"""CNR2671213""","""CID3303232""",5.0,4.405237803582049,0.5947621964179506
"""CNR2747143""","""CID8049007""",4.405319,4.405237803582049,8.14102851380838e-05
"""CNR2053457""","""CID2376341""",4.4098225,4.405237803582049,0.004584660407208396
"""CNR5553466""","""CID5282437""",4.1,4.405237803582049,-0.30523789894948106
"""CNR8070126""","""CID9055612""",4.6,4.405237803582049,0.19476210105051894
"""CNR9983543""","""CID8097752""",4.4098225,4.405237803582049,0.004584660407208396
"""CNR7655698""","""CID1697032""",4.2,4.405237803582049,-0.2052379943169127
"""CNR1187378""","""CID6095946""",4.4098225,4.405237803582049,0.004584660407208396
"""CNR4129467""","""CID4367253""",3.2,4.405237803582049,-1.2052377558983336
"""CNR1794982""","""CID5378526""",4.4098225,4.405237803582049,0.004584660407208396
"""CNR7317822""","""CID6434689""",4.4098225,4.405237803582049,0.004584660407208396
"""CNR4312864""","""CID6581553""",4.2,4.405237803582049,-0.2052379943169127
"""CNR5678051""","""CID3034845""",4.4098225,4.405237803582049,0.004584660407208396
"""CNR7577396""","""CID1948231""",4.7,4.405237803582049,0.2947620056830873
"""CNR9167042""","""CID3333519""",4.4098225,4.405237803582049,0.004584660407208396
"""CNR1561663""","""CID7252061""",4.6,4.405237803582049,0.19476210105051894
"""CNR5955240""","""CID8050325""",4.4021993,4.405237803582049,-0.003038535240984963
"""CNR7066946""","""CID2034315""",4.4021993,4.405237803582049,-0.003038535240984963
"""CNR5587950""","""CID5833835""",4.3,4.405237803582049,-0.10523761284718613
"""CNR6054860""","""CID9720781""",4.4021993,4.405237803582049,-0.003038535240984963
"""CNR4577231""","""CID5540247""",4.7,4.405237803582049,0.2947620056830873
"""CNR5280090""","""CID7380960""",4.7,4.405237803582049,0.2947620056830873
"""CNR9153135""","""CID9950839""",4.4098225,4.405237803582049,0.004584660407208396
"""CNR6382347""","""CID5394076""",4.0,4.405237803582049,-0.4052378035820494
"""CNR9538166""","""CID1078074""",4.4042315,4.405237803582049,-0.0010062552727232443
"""CNR2089365""","""CID9631754""",4.4098225,4.405237803582049,0.004584660407208396
"""CNR3086062""","""CID4823736""",4.4031615,4.405237803582049,-0.002076277855731057
"""CNR4482100""","""CID6190179""",4.9,4.376986083790243,0.5230140115771889
"""CNR6119414""","""CID3818274""",4.3,4.405237803582049,-0.10523761284718613
"""CNR8378809""","""CID4514148""",4.9,4.405237803582049,0.4947622917853822
"""CNR8226654""","""CID3194593""",3.4,4.405237803582049,-1.0052377082146178
"""CNR9831990""","""CID5324930""",5.0,4.405237803582049,0.5947621964179506
"""CNR6162781""","""CID1110091""",4.3,4.405237803582049,-0.10523761284718613
"""CNR6917481""","""CID7760565""",4.404214,4.405237803582049,-0.00102389824757676
"""CNR8634209""","""CID1855264""",4.6,4.405237803582049,0.19476210105051894
"""CNR8527775""","""CID6013552""",4.6,4.405237803582049,0.19476210105051894
"""CNR1917750""","""CID4043399""",5.0,4.405237803582049,0.5947621964179506
"""CNR1008097""","""CID4182454""",4.1,4.405237803582049,-0.30523789894948106
"""CNR4006286""","""CID9479390""",5.0,4.405237803582049,0.5947621964179506
"""CNR4208243""","""CID8255844""",3.7,4.405237803582049,-0.7052377558983336
"""CNR2684349""","""CID1847962""",4.4042315,4.405237803582049,-0.0010062552727232443
"""CNR1459274""","""CID3580305""",4.3,4.487649406569887,-0.18764921583502403
"""CNR2113535""","""CID9869561""",3.6,4.405237803582049,-0.8052378989494811
"""CNR8593193""","""CID9098749""",4.8,4.405237803582049,0.39476238715281387
"""CNR1255399""","""CID9753516""",4.7,4.405237803582049,0.2947620056830873
"""CNR8413512""","""CID4799640""",4.4031615,4.405237803582049,-0.002076277855731057
"""CNR3530187""","""CID6398177""",4.7,4.405237803582049,0.2947620056830873
"""CNR6525820""","""CID7394868""",4.4021993,4.405237803582049,-0.003038535240984963
"""CNR2422105""","""CID5770719""",4.404214,4.405237803582049,-0.00102389824757676
"""CNR3917159""","""CID8304369""",4.404214,4.405237803582049,-0.00102389824757676
"""CNR5307427""","""CID5603219""",4.4042315,4.405237803582049,-0.0010062552727232443
"""CNR2747833""","""CID3336232""",4.4021993,4.405237803582049,-0.003038535240984963
"""CNR4916630""","""CID6420826""",4.4021993,4.405237803582049,-0.003038535240984963
"""CNR7115406""","""CID5728709""",4.7,4.405237803582049,0.2947620056830873
"""CNR4805285""","""CID8098064""",4.4098225,4.405237803582049,0.004584660407208396
"""CNR8923541""","""CID5610318""",4.2,4.405237803582049,-0.2052379943169127
"""CNR4607382""","""CID1924138""",4.8,4.405237803582049,0.39476238715281387
"""CNR3040429""","""CID8891480""",4.404214,4.405237803582049,-0.00102389824757676
"""CNR2306292""","""CID5168058""",4.404214,4.405237803582049,-0.00102389824757676
"""CNR6655533""","""CID8454123""",4.4021993,4.405237803582049,-0.003038535240984963
"""CNR4513700""","""CID9843092""",4.9,4.405237803582049,0.4947622917853822
"""CNR2287707""","""CID7477407""",4.8,4.405237803582049,0.39476238715281387
"""CNR4423241""","""CID1175732""",4.1,4.405237803582049,-0.30523789894948106
"""CNR5681623""","""CID8069248""",4.4031615,4.405237803582049,-0.002076277855731057
"""CNR3421599""","""CID4115706""",4.3,4.405237803582049,-0.10523761284718613
"""CNR3187456""","""CID4383079""",4.2,4.376986083790243,-0.17698627452510607
"""CNR3069063""","""CID8440159""",4.3,4.405237803582049,-0.10523761284718613
"""CNR3784194""","""CID5010079""",4.9,4.376986083790243,0.5230140115771889
"""CNR9739717""","""CID7609190""",4.2,4.405237803582049,-0.2052379943169127
"""CNR4085128""","""CID2392662""",4.7,4.405237803582049,0.2947620056830873
"""CNR7852150""","""CID5566758""",4.7,4.376986083790243,0.32301372547489393
"""CNR2250444""","""CID3088953""",4.405319,4.405237803582049,8.14102851380838e-05
"""CNR9640119""","""CID5609332""",4.5,4.405237803582049,0.09476219641795058
"""CNR3200735""","""CID7097408""",4.9,4.405237803582049,0.4947622917853822
"""CNR2469294""","""CID8948484""",4.3,4.376986083790243,-0.0769858930553795
"""CNR6908520""","""CID8485191""",4.2,4.405237803582049,-0.2052379943169127
"""CNR3722848""","""CID6216712""",4.8,4.405237803582049,0.39476238715281387
"""CNR1490576""","""CID2199251""",3.7,4.405237803582049,-0.7052377558983336
"""CNR6273707""","""CID1630203""",4.1,4.405237803582049,-0.30523789894948106
"""CNR5150248""","""CID3542749""",4.8,4.405237803582049,0.39476238715281387
"""CNR1742888""","""CID7048226""",4.4,4.405237803582049,-0.005237708214617776
"""CNR8973976""","""CID6337970""",4.9,4.405237803582049,0.4947622917853822
"""CNR3515522""","""CID4776526""",4.6,4.405237803582049,0.19476210105051894
"""CNR4951587""","""CID8903042""",4.3,4.405237803582049,-0.10523761284718613
"""CNR6883747""","""CID1422247""",4.6,4.405237803582049,0.19476210105051894
"""CNR1437087""","""CID6295051""",4.4098225,4.405237803582049,0.004584660407208396
"""CNR6910081""","""CID6962606""",4.6,4.405237803582049,0.19476210105051894
"""CNR7165232""","""CID6063283""",4.4042315,4.405237803582049,-0.0010062552727232443
"""CNR6120519""","""CID3376920""",4.405319,4.405237803582049,8.14102851380838e-05
"""CNR9362557""","""CID9463578""",4.4021993,4.405237803582049,-0.003038535240984963
"""CNR5051294""","""CID4829409""",4.4031615,4.405237803582049,-0.002076277855731057
"""CNR8139922""","""CID8795398""",4.7,4.405237803582049,0.2947620056830873
"""CNR1477542""","""CID6514313""",4.4021993,4.405237803582049,-0.003038535240984963
"""CNR6741150""","""CID2927380""",4.4042315,4.405237803582049,-0.0010062552727232443
"""CNR5660544""","""CID8833691""",3.2,4.405237803582049,-1.2052377558983336
"""CNR4348083""","""CID5630862""",4.1,4.405237803582049,-0.30523789894948106
"""CNR6456201""","""CID7781742""",4.4042315,4.405237803582049,-0.0010062552727232443
"""CNR5968456""","""CID7047528""",4.4042315,4.405237803582049,-0.0010062552727232443
"""CNR2659704""","""CID5565836""",4.4098225,4.405237803582049,0.004584660407208396
"""CNR8657875""","""CID7859345""",4.6,4.405237803582049,0.19476210105051894
"""CNR8214742""","""CID1085001""",4.4098225,4.405237803582049,0.004584660407208396
"""CNR2528504""","""CID1444722""",4.2,4.405237803582049,-0.2052379943169127
"""CNR2342922""","""CID8147224""",4.4021993,4.405237803582049,-0.003038535240984963
"""CNR6365774""","""CID6858461""",4.9,4.405237803582049,0.4947622917853822
"""CNR6888175""","""CID4344653""",4.9,4.405237803582049,0.4947622917853822
"""CNR7001789""","""CID5982734""",4.2,4.405237803582049,-0.2052379943169127
"""CNR1882814""","""CID5021335""",4.1,4.405237803582049,-0.30523789894948106
"""CNR4457581""","""CID3221163""",4.4098225,4.405237803582049,0.004584660407208396
"""CNR2741620""","""CID7978677""",4.4,4.405237803582049,-0.005237708214617776
"""CNR5004301""","""CID6278919""",4.3,4.405237803582049,-0.10523761284718613
"""CNR9247741""","""CID8043524""",3.6,4.405237803582049,-0.8052378989494811
"""CNR4857828""","""CID5277755""",4.2,4.405237803582049,-0.2052379943169127
"""CNR8827490""","""CID2048025""",5.0,4.405237803582049,0.5947621964179506
"""CNR8267820""","""CID4993017""",4.4021993,4.405237803582049,-0.003038535240984963
"""CNR5696954""","""CID5942385""",4.2,4.405237803582049,-0.2052379943169127
"""CNR8245274""","""CID7145182""",4.4098225,4.405237803582049,0.004584660407208396
"""CNR6231007""","""CID6156378""",4.9,4.405237803582049,0.4947622917853822
"""CNR1994755""","""CID9615912""",4.1,4.405237803582049,-0.30523789894948106
"""CNR5897301""","""CID1710984""",4.404214,4.405237803582049,-0.00102389824757676
"""CNR6827182""","""CID5882355""",4.2,4.376986083790243,-0.17698627452510607
"""CNR7612406""","""CID2336007""",4.4042315,4.405237803582049,-0.0010062552727232443
"""CNR8098430""","""CID9227342""",4.4031615,4.405237803582049,-0.002076277855731057
"""CNR7016837""","""CID2992773""",4.3,4.405237803582049,-0.10523761284718613
"""CNR5057888""","""CID6627019""",4.4098225,4.405237803582049,0.004584660407208396
"""CNR8211050""","""CID1857341""",5.0,4.405237803582049,0.5947621964179506
"""CNR5668235""","""CID4755905""",4.4021993,4.405237803582049,-0.003038535240984963
"""CNR7668457""","""CID4946126""",4.4021993,4.405237803582049,-0.003038535240984963
"""CNR9178507""","""CID7186354""",4.404214,4.405237803582049,-0.00102389824757676
"""CNR3153482""","""CID3704931""",4.4098225,4.405237803582049,0.004584660407208396
"""CNR5459942""","""CID1110959""",4.4021993,4.405237803582049,-0.003038535240984963
"""CNR1296254""","""CID6430186""",4.2,4.376986083790243,-0.17698627452510607
"""CNR4120285""","""CID1380046""",4.4098225,4.405237803582049,0.004584660407208396
"""CNR3443310""","""CID3706772""",4.8,4.405237803582049,0.39476238715281387
"""CNR8606800""","""CID9381797""",4.5,4.405237803582049,0.09476219641795058
"""CNR9749039""","""CID1078927""",3.8,4.405237803582049,-0.6052378512657652
"""CNR4211304""","""CID7726153""",3.8,4.405237803582049,-0.6052378512657652
"""CNR8872598""","""CID2556883""",4.2,4.405237803582049,-0.2052379943169127
"""CNR1364310""","""CID6882302""",4.4021993,4.405237803582049,-0.003038535240984963
"""CNR7356482""","""CID5718866""",4.9,4.405237803582049,0.4947622917853822
"""CNR2096034""","""CID8744157""",4.4021993,4.405237803582049,-0.003038535240984963
"""CNR8928282""","""CID6288189""",4.1,4.405237803582049,-0.30523789894948106
"""CNR5504285""","""CID2008003""",5.0,4.405237803582049,0.5947621964179506
"""CNR5761681""","""CID7637526""",3.9,4.405237803582049,-0.5052377082146178
"""CNR8462159""","""CID4421502""",4.6,4.405237803582049,0.19476210105051894
"""CNR2839904""","""CID2123439""",4.2,4.405237803582049,-0.2052379943169127
"""CNR1979278""","""CID6488752""",4.6,4.405237803582049,0.19476210105051894
"""CNR6831763""","""CID3158971""",4.3,4.405237803582049,-0.10523761284718613
"""CNR2185284""","""CID3580371""",3.1,4.405237803582049,-1.305237898949481
"""CNR4969899""","""CID1531513""",4.9,4.405237803582049,0.4947622917853822
"""CNR1066824""","""CID8231876""",4.2,4.405237803582049,-0.2052379943169127
"""CNR6496012""","""CID3504861""",4.1,4.405237803582049,-0.30523789894948106
"""CNR1586231""","""CID9858226""",4.6,4.405237803582049,0.19476210105051894
"""CNR3085620""","""CID7769427""",4.7,4.405237803582049,0.2947620056830873
"""CNR6583580""","""CID7793791""",4.4021993,4.405237803582049,-0.003038535240984963
"""CNR8304588""","""CID8548583""",4.4098225,4.405237803582049,0.004584660407208396
"""CNR6940705""","""CID8760675""",4.4031615,4.405237803582049,-0.002076277855731057
"""CNR9649208""","""CID6057368""",4.9,4.405237803582049,0.4947622917853822
"""CNR4054241""","""CID9073650""",4.405319,4.405237803582049,8.14102851380838e-05
"""CNR5745308""","""CID6688821""",4.4098225,4.405237803582049,0.004584660407208396
"""CNR4016838""","""CID4353870""",4.4098225,4.405237803582049,0.004584660407208396
"""CNR2672367""","""CID3221786""",4.4031615,4.405237803582049,-0.002076277855731057
"""CNR7985442""","""CID7886419""",4.2,4.405237803582049,-0.2052379943169127
"""CNR1620204""","""CID5947635""",4.4098225,4.405237803582049,0.004584660407208396
"""CNR5242890""","""CID1936558""",4.4021993,4.405237803582049,-0.003038535240984963
"""CNR2739796""","""CID7407575""",4.4021993,4.405237803582049,-0.003038535240984963
"""CNR4281975""","""CID6298094""",4.4042315,4.405237803582049,-0.0010062552727232443
"""CNR2156565""","""CID2667289""",4.404214,4.405237803582049,-0.00102389824757676
"""CNR3234947""","""CID9625872""",4.4021993,4.405237803582049,-0.003038535240984963
"""CNR6248076""","""CID1399199""",4.1,4.405237803582049,-0.30523789894948106
"""CNR7029595""","""CID5389192""",4.9,4.405237803582049,0.4947622917853822
"""CNR6557966""","""CID9646686""",4.4042315,4.405237803582049,-0.0010062552727232443
"""CNR5690939""","""CID3612089""",4.9,4.405237803582049,0.4947622917853822
"""CNR3800423""","""CID9468589""",4.4042315,4.405237803582049,-0.0010062552727232443
"""CNR9903421""","""CID7078272""",4.4,4.405237803582049,-0.005237708214617776
"""CNR4792096""","""CID1073035""",4.8,4.405237803582049,0.39476238715281387
"""CNR9206876""","""CID9606493""",4.8,4.376986083790243,0.4230141069446205
"""CNR2164584""","""CID1375017""",4.1,4.405237803582049,-0.30523789894948106
"""CNR7320911""","""CID2302183""",4.4021993,4.405237803582049,-0.003038535240984963
"""CNR4384016""","""CID3219092""",4.404214,4.405237803582049,-0.00102389824757676
"""CNR6194322""","""CID5911887""",4.9,4.405237803582049,0.4947622917853822
"""CNR8471667""","""CID1412117""",4.4098225,4.405237803582049,0.004584660407208396
"""CNR8471819""","""CID1481661""",4.5,4.405237803582049,0.09476219641795058
"""CNR8324086""","""CID7273313""",4.4021993,4.405237803582049,-0.003038535240984963
"""CNR8898236""","""CID4917313""",4.2,4.376986083790243,-0.17698627452510607
"""CNR2286346""","""CID9249777""",4.7,4.376986083790243,0.32301372547489393
"""CNR8407726""","""CID5043615""",4.6,4.405237803582049,0.19476210105051894
"""CNR9742910""","""CID3939027""",4.4042315,4.405237803582049,-0.0010062552727232443
"""CNR2214254""","""CID8486607""",4.4021993,4.405237803582049,-0.003038535240984963
"""CNR3606949""","""CID5325596""",5.0,4.405237803582049,0.5947621964179506
"""CNR1339200""","""CID5816155""",4.4031615,4.405237803582049,-0.002076277855731057
"""CNR1734794""","""CID1330681""",4.6,4.405237803582049,0.19476210105051894
"""CNR7679190""","""CID7172536""",4.0,4.405237803582049,-0.4052378035820494
"""CNR9642080""","""CID3876816""",4.405319,4.405237803582049,8.14102851380838e-05
"""CNR2110285""","""CID4377877""",3.5,4.405237803582049,-0.9052378035820494
"""CNR7906433""","""CID7862444""",4.5,4.376986083790243,0.12301391620975721
"""CNR5904806""","""CID7846874""",5.0,4.376986083790243,0.6230139162097572
"""CNR6481728""","""CID7100526""",4.4031615,4.405237803582049,-0.002076277855731057
"""CNR7373736""","""CID3689345""",3.8,4.405237803582049,-0.6052378512657652
"""CNR6378612""","""CID4408473""",4.9,4.405237803582049,0.4947622917853822
"""CNR4637375""","""CID7933473""",3.7,4.405237803582049,-0.7052377558983336
"""CNR9104828""","""CID9040435""",4.6,4.405237803582049,0.19476210105051894
"""CNR9966645""","""CID7081735""",5.0,4.405237803582049,0.5947621964179506
"""CNR3081864""","""CID1711243""",4.8,4.405237803582049,0.39476238715281387
"""CNR2894811""","""CID4344714""",4.4,4.405237803582049,-0.005237708214617776
"""CNR5186644""","""CID4283494""",4.9,4.405237803582049,0.4947622917853822
"""CNR9368111""","""CID6269666""",4.2,4.405237803582049,-0.2052379943169127
"""CNR6025689""","""CID8921108""",4.405319,4.405237803582049,8.14102851380838e-05
"""CNR2170958""","""CID5620974""",5.0,4.405237803582049,0.5947621964179506
"""CNR9635531""","""CID5362991""",4.9,4.405237803582049,0.4947622917853822
"""CNR4733615""","""CID9013608""",4.1,4.405237803582049,-0.30523789894948106
"""CNR1460155""","""CID2017746""",4.3,4.405237803582049,-0.10523761284718613
"""CNR3390149""","""CID9833876""",4.4031615,4.405237803582049,-0.002076277855731057
"""CNR3907930""","""CID9804761""",4.4098225,4.405237803582049,0.004584660407208396
"""CNR5061581""","""CID6102025""",4.3,4.405237803582049,-0.10523761284718613
"""CNR6202655""","""CID8156730""",4.4021993,4.405237803582049,-0.003038535240984963
"""CNR9446280""","""CID1608144""",4.4098225,4.405237803582049,0.004584660407208396
"""CNR5475001""","""CID9284836""",4.404214,4.405237803582049,-0.00102389824757676
"""CNR5531242""","""CID8458599""",4.5,4.405237803582049,0.09476219641795058
"""CNR5023781""","""CID2195829""",3.9,4.405237803582049,-0.5052377082146178
"""CNR4160717""","""CID9391473""",4.4,4.405237803582049,-0.005237708214617776
"""CNR4435714""","""CID4486908""",4.8,4.376986083790243,0.4230141069446205
"""CNR5387525""","""CID6505482""",4.4021993,4.405237803582049,-0.003038535240984963
"""CNR8929142""","""CID8431713""",4.9,4.405237803582049,0.4947622917853822
"""CNR4575762""","""CID7592802""",4.4031615,4.405237803582049,-0.002076277855731057
"""CNR9222476""","""CID7371819""",4.9,4.405237803582049,0.4947622917853822
"""CNR1228761""","""CID5506878""",4.4,4.405237803582049,-0.005237708214617776
"""CNR5562388""","""CID4108692""",3.3,4.405237803582049,-1.1052378512657652
"""CNR9951367""","""CID8728802""",4.4,4.405237803582049,-0.005237708214617776
"""CNR9131578""","""CID9335332""",4.3,4.405237803582049,-0.10523761284718613
"""CNR2379361""","""CID3899497""",4.6,4.405237803582049,0.19476210105051894
"""CNR2794521""","""CID2271758""",3.4,4.487649406569887,-1.0876493112024557
"""CNR2368373""","""CID4523729""",5.0,4.405237803582049,0.5947621964179506
"""CNR5450921""","""CID6224758""",3.7,4.376986083790243,-0.676986036106527
"""CNR2429206""","""CID2193764""",4.4042315,4.405237803582049,-0.0010062552727232443
"""CNR7542178""","""CID7520681""",4.404214,4.405237803582049,-0.00102389824757676
"""CNR4335018""","""CID1470796""",4.5,4.405237803582049,0.09476219641795058
"""CNR9650327""","""CID8405508""",3.7,4.405237803582049,-0.7052377558983336
"""CNR9517469""","""CID1784316""",4.4042315,4.405237803582049,-0.0010062552727232443
"""CNR2960022""","""CID6427624""",4.9,4.405237803582049,0.4947622917853822
"""CNR7970075""","""CID1570796""",4.4,4.405237803582049,-0.005237708214617776
"""CNR4167592""","""CID3470867""",4.7,4.405237803582049,0.2947620056830873
"""CNR2285321""","""CID8283574""",4.7,4.405237803582049,0.2947620056830873
"""CNR2000383""","""CID8728644""",4.4031615,4.405237803582049,-0.002076277855731057
"""CNR7791639""","""CID7610374""",4.4031615,4.405237803582049,-0.002076277855731057
"""CNR8948592""","""CID5136032""",4.4031615,4.405237803582049,-0.002076277855731057
"""CNR2575365""","""CID9618151""",4.9,4.405237803582049,0.4947622917853822
"""CNR2022356""","""CID6631212""",4.6,4.405237803582049,0.19476210105051894
"""CNR1459954""","""CID9030630""",4.3,4.405237803582049,-0.10523761284718613
"""CNR2373536""","""CID6560014""",4.4042315,4.405237803582049,-0.0010062552727232443
"""CNR7143623""","""CID7269540""",4.4,4.405237803582049,-0.005237708214617776
"""CNR1513192""","""CID8023223""",4.3,4.405237803582049,-0.10523761284718613
"""CNR8381836""","""CID9076097""",4.9,4.405237803582049,0.4947622917853822
"""CNR3890578""","""CID4378922""",3.1,4.405237803582049,-1.305237898949481
"""CNR1051306""","""CID2965219""",3.2,4.405237803582049,-1.2052377558983336
"""CNR4527150""","""CID9242332""",4.4,4.405237803582049,-0.005237708214617776
"""CNR4079096""","""CID3989291""",4.4042315,4.405237803582049,-0.0010062552727232443
"""CNR4859297""","""CID5373857""",3.3,4.405237803582049,-1.1052378512657652
"""CNR2777375""","""CID6311866""",4.2,4.376986083790243,-0.17698627452510607
"""CNR7322022""","""CID3952092""",4.7,4.405237803582049,0.2947620056830873
"""CNR5327043""","""CID1707141""",4.4021993,4.405237803582049,-0.003038535240984963
"""CNR8930172""","""CID8352786""",4.8,4.405237803582049,0.39476238715281387
"""CNR2377668""","""CID5563974""",4.4031615,4.405237803582049,-0.002076277855731057
"""CNR3062740""","""CID7142565""",4.2,4.405237803582049,-0.2052379943169127
"""CNR1084688""","""CID2297169""",4.7,4.405237803582049,0.2947620056830873
"""CNR1819803""","""CID2677595""",4.404214,4.405237803582049,-0.00102389824757676
"""CNR2342218""","""CID1929575""",4.4021993,4.405237803582049,-0.003038535240984963
"""CNR8797718""","""CID8872695""",4.7,4.405237803582049,0.2947620056830873
"""CNR7252654""","""CID2970367""",3.1,4.405237803582049,-1.305237898949481
"""CNR7659537""","""CID8729017""",4.6,4.405237803582049,0.19476210105051894
"""CNR3578435""","""CID3325912""",4.4,4.405237803582049,-0.005237708214617776
"""CNR4569156""","""CID3863366""",4.1,4.405237803582049,-0.30523789894948106
"""CNR1688052""","""CID2035744""",4.4021993,4.405237803582049,-0.003038535240984963
"""CNR5076746""","""CID3425911""",4.4031615,4.405237803582049,-0.002076277855731057
"""CNR7216502""","""CID9218488""",4.3,4.405237803582049,-0.10523761284718613
"""CNR8840106""","""CID7034450""",4.9,4.405237803582049,0.4947622917853822
"""CNR8435258""","""CID3076841""",4.404214,4.405237803582049,-0.00102389824757676
"""CNR6675334""","""CID5132722""",4.5,4.487649406569887,0.012350593430112689
"""CNR5775922""","""CID9061163""",4.4098225,4.405237803582049,0.004584660407208396
"""CNR4424909""","""CID7049443""",4.4050717,4.405237803582049,-0.00016606819996933808
"""CNR9902573""","""CID1067739""",4.1,4.405237803582049,-0.30523789894948106
"""CNR4312342""","""CID1993708""",4.9,4.405237803582049,0.4947622917853822
"""CNR8356392""","""CID2764327""",4.6,4.405237803582049,0.19476210105051894
"""CNR7143573""","""CID1356559""",4.4021993,4.405237803582049,-0.003038535240984963
"""CNR1016723""","""CID3166161""",4.4021993,4.405237803582049,-0.003038535240984963
"""CNR4362154""","""CID6256909""",4.4042315,4.405237803582049,-0.0010062552727232443
"""CNR6603922""","""CID5033409""",4.405319,4.405237803582049,8.14102851380838e-05
"""CNR5618178""","""CID9539151""",4.4042315,4.405237803582049,-0.0010062552727232443
"""CNR9951022""","""CID3730227""",3.7,4.405237803582049,-0.7052377558983336
"""CNR7916850""","""CID3957127""",4.7,4.405237803582049,0.2947620056830873
"""CNR3240865""","""CID6181887""",3.5,4.405237803582049,-0.9052378035820494
"""CNR7944599""","""CID8974990""",4.5,4.405237803582049,0.09476219641795058
"""CNR9260971""","""CID9867537""",3.9,4.405237803582049,-0.5052377082146178
"""CNR6924484""","""CID1494140""",4.2,4.405237803582049,-0.2052379943169127
"""CNR7234323""","""CID3688874""",4.2,4.405237803582049,-0.2052379943169127
"""CNR9069382""","""CID5360860""",4.6,4.405237803582049,0.19476210105051894
"""CNR8740081""","""CID1090681""",4.2,4.405237803582049,-0.2052379943169127
"""CNR5170712""","""CID3602117""",4.6,4.405237803582049,0.19476210105051894
"""CNR9541020""","""CID1479722""",4.4042315,4.405237803582049,-0.0010062552727232443
"""CNR9359209""","""CID3236059""",4.4098225,4.405237803582049,0.004584660407208396
"""CNR1482961""","""CID9235227""",4.2,4.405237803582049,-0.2052379943169127
"""CNR6160231""","""CID7485865""",4.4042315,4.405237803582049,-0.0010062552727232443
"""CNR6422108""","""CID2887009""",4.3,4.405237803582049,-0.10523761284718613
"""CNR7062989""","""CID1140600""",4.405319,4.405237803582049,8.14102851380838e-05
"""CNR2479171""","""CID9755877""",4.6,4.405237803582049,0.19476210105051894
"""CNR2786913""","""CID2441330""",4.9,4.376986083790243,0.5230140115771889
"""CNR2814873""","""CID4816624""",4.4021993,4.405237803582049,-0.003038535240984963
"""CNR4229890""","""CID8243992""",4.1,4.376986083790243,-0.27698617915767443
"""CNR3562829""","""CID7470101""",4.4,4.376986083790243,0.023014011577188853
"""CNR5069046""","""CID3005329""",4.4021993,4.405237803582049,-0.003038535240984963
"""CNR9196164""","""CID9024601""",3.6,4.376986083790243,-0.7769861791576744
"""CNR7560986""","""CID2043285""",4.4042315,4.405237803582049,-0.0010062552727232443
"""CNR5973613""","""CID5207708""",4.2,4.405237803582049,-0.2052379943169127
"""CNR6183166""","""CID1216641""",4.5,4.405237803582049,0.09476219641795058
"""CNR7215922""","""CID7610295""",4.9,4.405237803582049,0.4947622917853822
"""CNR9297270""","""CID2438002""",4.4042315,4.405237803582049,-0.0010062552727232443
"""CNR7442708""","""CID7020163""",5.0,4.405237803582049,0.5947621964179506
"""CNR7618405""","""CID9974175""",4.6,4.405237803582049,0.19476210105051894
"""CNR2422237""","""CID7833520""",4.6,4.487649406569887,0.11235049806268105
"""CNR5435967""","""CID4679056""",4.7,4.405237803582049,0.2947620056830873
"""CNR1728893""","""CID2930359""",4.2,4.405237803582049,-0.2052379943169127
"""CNR4897115""","""CID5488052""",3.1,4.405237803582049,-1.305237898949481
"""CNR8491168""","""CID9598743""",4.4021993,4.405237803582049,-0.003038535240984963
"""CNR8764242""","""CID6691716""",4.2,4.405237803582049,-0.2052379943169127
"""CNR6368602""","""CID8972052""",4.2,4.405237803582049,-0.2052379943169127
"""CNR4516076""","""CID4955529""",4.6,4.405237803582049,0.19476210105051894
"""CNR7277250""","""CID8956607""",4.6,4.405237803582049,0.19476210105051894
"""CNR9381708""","""CID7715119""",4.6,4.405237803582049,0.19476210105051894
"""CNR4196987""","""CID4106675""",4.3,4.405237803582049,-0.10523761284718613
"""CNR2972763""","""CID4100766""",4.4098225,4.405237803582049,0.004584660407208396
"""CNR6435593""","""CID9194572""",3.5,4.405237803582049,-0.9052378035820494
"""CNR8847684""","""CID6178469""",4.2,4.405237803582049,-0.2052379943169127
"""CNR9814439""","""CID8358674""",4.1,4.405237803582049,-0.30523789894948106
"""CNR9159165""","""CID6339092""",4.405319,4.405237803582049,8.14102851380838e-05
"""CNR5085917""","""CID1123978""",4.2,4.376986083790243,-0.17698627452510607
"""CNR3735426""","""CID9340990""",4.6,4.405237803582049,0.19476210105051894
"""CNR2667785""","""CID3953450""",4.6,4.405237803582049,0.19476210105051894
"""CNR3060367""","""CID9672167""",3.1,4.405237803582049,-1.305237898949481
"""CNR5658075""","""CID7577917""",4.4,4.405237803582049,-0.005237708214617776
"""CNR2993413""","""CID7527403""",5.0,4.376986083790243,0.6230139162097572
"""CNR4046324""","""CID3573383""",4.4021993,4.405237803582049,-0.003038535240984963
"""CNR9943791""","""CID7596897""",4.8,4.405237803582049,0.39476238715281387
"""CNR1675599""","""CID9232923""",4.4021993,4.405237803582049,-0.003038535240984963
"""CNR8161740""","""CID1090339""",3.6,4.405237803582049,-0.8052378989494811
"""CNR2512976""","""CID1376896""",4.4098225,4.405237803582049,0.004584660407208396
"""CNR6110095""","""CID9540348""",3.8,4.405237803582049,-0.6052378512657652
"""CNR1957227""","""CID6548884""",4.4021993,4.405237803582049,-0.003038535240984963
"""CNR9027820""","""CID9548376""",4.4021993,4.405237803582049,-0.003038535240984963
"""CNR2571346""","""CID6558264""",4.4098225,4.405237803582049,0.004584660407208396
"""CNR9907866""","""CID6426771""",3.1,4.405237803582049,-1.305237898949481
"""CNR2843858""","""CID8428571""",4.2,4.405237803582049,-0.2052379943169127
"""CNR6263304""","""CID2893690""",4.4021993,4.405237803582049,-0.003038535240984963
"""CNR2147134""","""CID6033531""",4.4098225,4.405237803582049,0.004584660407208396
"""CNR8771045""","""CID3061856""",4.4021993,4.376986083790243,0.025213184550821666
"""CNR7646492""","""CID2376898""",4.405319,4.405237803582049,8.14102851380838e-05
"""CNR6813421""","""CID3763730""",4.4050717,4.405237803582049,-0.00016606819996933808
"""CNR6478271""","""CID2181983""",4.6,4.405237803582049,0.19476210105051894
"""CNR6645596""","""CID2306632""",4.4050717,4.405237803582049,-0.00016606819996933808
"""CNR2161076""","""CID1032338""",4.7,4.405237803582049,0.2947620056830873
"""CNR1266070""","""CID7643677""",4.4021993,4.405237803582049,-0.003038535240984963
"""CNR9248866""","""CID6115058""",4.9,4.376986083790243,0.5230140115771889
"""CNR7935656""","""CID9594203""",4.5,4.405237803582049,0.09476219641795058
"""CNR3457495""","""CID7179172""",4.3,4.405237803582049,-0.10523761284718613
"""CNR7212312""","""CID5041690""",4.4042315,4.405237803582049,-0.0010062552727232443
"""CNR9401334""","""CID9604911""",4.9,4.405237803582049,0.4947622917853822
"""CNR9164010""","""CID9530430""",4.4098225,4.405237803582049,0.004584660407208396
"""CNR6460618""","""CID7425404""",4.404214,4.405237803582049,-0.00102389824757676
"""CNR2534654""","""CID9470718""",3.7,4.405237803582049,-0.7052377558983336
"""CNR4239952""","""CID3309768""",4.1,4.405237803582049,-0.30523789894948106
"""CNR3661826""","""CID3463763""",4.404214,4.376986083790243,0.02722782154422987
"""CNR7149749""","""CID7641001""",4.8,4.405237803582049,0.39476238715281387
"""CNR5963583""","""CID1019783""",4.4031615,4.405237803582049,-0.002076277855731057
"""CNR6231834""","""CID9077325""",4.9,4.405237803582049,0.4947622917853822
"""CNR5090143""","""CID5060726""",4.1,4.405237803582049,-0.30523789894948106
"""CNR5876494""","""CID8715174""",4.1,4.405237803582049,-0.30523789894948106
"""CNR5267721""","""CID2935779""",3.7,4.405237803582049,-0.7052377558983336
"""CNR2301524""","""CID7768083""",5.0,4.405237803582049,0.5947621964179506
"""CNR4872171""","""CID8849241""",4.404214,4.405237803582049,-0.00102389824757676
"""CNR7742513""","""CID7690276""",4.2,4.405237803582049,-0.2052379943169127
"""CNR9292700""","""CID4334252""",4.4042315,4.405237803582049,-0.0010062552727232443
"""CNR4368329""","""CID9253809""",4.2,4.405237803582049,-0.2052379943169127
"""CNR6517262""","""CID9267926""",4.4021993,4.405237803582049,-0.003038535240984963
"""CNR7267785""","""CID5989084""",4.4021993,4.405237803582049,-0.003038535240984963
"""CNR2866111""","""CID4068195""",4.4042315,4.405237803582049,-0.0010062552727232443
"""CNR5525589""","""CID4794930""",4.6,4.405237803582049,0.19476210105051894
"""CNR5056246""","""CID8759284""",4.7,4.405237803582049,0.2947620056830873
"""CNR7184957""","""CID2150073""",4.4031615,4.405237803582049,-0.002076277855731057
"""CNR8819886""","""CID8163578""",4.6,4.405237803582049,0.19476210105051894
"""CNR5105776""","""CID5047711""",4.4042315,4.405237803582049,-0.0010062552727232443
"""CNR9546446""","""CID2822118""",3.5,4.405237803582049,-0.9052378035820494
"""CNR2058430""","""CID2988139""",4.4,4.405237803582049,-0.005237708214617776
"""CNR2856797""","""CID5247325""",4.4031615,4.405237803582049,-0.002076277855731057
"""CNR2649889""","""CID6028178""",3.7,4.405237803582049,-0.7052377558983336
"""CNR7053642""","""CID9135792""",4.6,4.405237803582049,0.19476210105051894
"""CNR5249406""","""CID9159385""",4.404214,4.405237803582049,-0.00102389824757676
"""CNR2903982""","""CID8639437""",4.4098225,4.405237803582049,0.004584660407208396
"""CNR1697646""","""CID8794280""",4.4042315,4.405237803582049,-0.0010062552727232443
"""CNR6253099""","""CID6193753""",4.4031615,4.405237803582049,-0.002076277855731057
"""CNR5853487""","""CID1071256""",4.6,4.376986083790243,0.22301382084232557
"""CNR5722444""","""CID6486840""",4.1,4.376986083790243,-0.27698617915767443
"""CNR3745030""","""CID5540485""",4.4021993,4.405237803582049,-0.003038535240984963
"""CNR7732578""","""CID9845372""",4.8,4.405237803582049,0.39476238715281387
"""CNR6801957""","""CID8317253""",4.4042315,4.405237803582049,-0.0010062552727232443
"""CNR3504503""","""CID7320124""",4.404214,4.405237803582049,-0.00102389824757676
"""CNR7384260""","""CID3683297""",4.4098225,4.405237803582049,0.004584660407208396
"""CNR5217075""","""CID4257837""",4.4021993,4.405237803582049,-0.003038535240984963
"""CNR5785463""","""CID8295105""",4.0,4.405237803582049,-0.4052378035820494
"""CNR1154625""","""CID4666728""",4.4042315,4.405237803582049,-0.0010062552727232443
"""CNR4026799""","""CID9178093""",4.7,4.405237803582049,0.2947620056830873
"""CNR2045773""","""CID8002150""",4.4042315,4.405237803582049,-0.0010062552727232443
"""CNR3679970""","""CID2927799""",3.7,4.405237803582049,-0.7052377558983336
"""CNR5113005""","""CID6462228""",4.2,4.405237803582049,-0.2052379943169127
"""CNR2137304""","""CID6853358""",4.4021993,4.405237803582049,-0.003038535240984963
"""CNR2494213""","""CID8464577""",3.3,4.405237803582049,-1.1052378512657652
"""CNR1845053""","""CID5028099""",4.7,4.405237803582049,0.2947620056830873
"""CNR1890426""","""CID9645783""",4.4021993,4.405237803582049,-0.003038535240984963
"""CNR6737367""","""CID2358938""",4.4,4.405237803582049,-0.005237708214617776
"""CNR5875179""","""CID1949856""",3.0,4.405237803582049,-1.4052378035820494
"""CNR2020349""","""CID6194567""",4.4098225,4.405237803582049,0.004584660407208396
"""CNR6811806""","""CID6473291""",4.405319,4.405237803582049,8.14102851380838e-05
"""CNR5755672""","""CID4188538""",4.404214,4.405237803582049,-0.00102389824757676
"""CNR3526591""","""CID9722328""",3.1,4.405237803582049,-1.305237898949481
"""CNR8987739""","""CID7872788""",4.4050717,4.405237803582049,-0.00016606819996933808
"""CNR3515138""","""CID7720106""",4.4,4.405237803582049,-0.005237708214617776
"""CNR8051762""","""CID9038512""",4.404214,4.405237803582049,-0.00102389824757676
"""CNR7099173""","""CID1267343""",3.5,4.405237803582049,-0.9052378035820494
"""CNR7767439""","""CID7653429""",4.8,4.405237803582049,0.39476238715281387
"""CNR8432380""","""CID4308139""",4.4042315,4.405237803582049,-0.0010062552727232443
"""CNR7862052""","""CID2604706""",4.4,4.405237803582049,-0.005237708214617776
"""CNR7918322""","""CID3418604""",4.404214,4.376986083790243,0.02722782154422987
"""CNR1419143""","""CID6074631""",4.6,4.405237803582049,0.19476210105051894
"""CNR4817467""","""CID5220941""",3.8,4.405237803582049,-0.6052378512657652
"""CNR1336008""","""CID1567653""",3.9,4.405237803582049,-0.5052377082146178
"""CNR3716428""","""CID3745395""",4.4021993,4.405237803582049,-0.003038535240984963
"""CNR2995581""","""CID8356448""",4.4098225,4.405237803582049,0.004584660407208396
"""CNR3587930""","""CID7018855""",4.2,4.405237803582049,-0.2052379943169127
"""CNR6596052""","""CID3016006""",5.0,4.405237803582049,0.5947621964179506
"""CNR4146533""","""CID3151477""",4.4,4.405237803582049,-0.005237708214617776
"""CNR6769819""","""CID7924697""",4.6,4.405237803582049,0.19476210105051894
"""CNR2938148""","""CID5313905""",4.8,4.405237803582049,0.39476238715281387
"""CNR3991259""","""CID7276057""",4.9,4.405237803582049,0.4947622917853822
"""CNR1818059""","""CID5415380""",4.9,4.405237803582049,0.4947622917853822
"""CNR3468459""","""CID2057462""",4.4098225,4.405237803582049,0.004584660407208396
"""CNR6289715""","""CID7209264""",4.7,4.405237803582049,0.2947620056830873
"""CNR8835468""","""CID8504415""",4.5,4.405237803582049,0.09476219641795058
"""CNR6538041""","""CID3967986""",4.5,4.405237803582049,0.09476219641795058
"""CNR1726103""","""CID1128473""",4.2,4.405237803582049,-0.2052379943169127
"""CNR6929110""","""CID9371824""",4.404214,4.405237803582049,-0.00102389824757676
"""CNR5953407""","""CID4265499""",4.1,4.405237803582049,-0.30523789894948106
"""CNR2743506""","""CID7167014""",4.4042315,4.405237803582049,-0.0010062552727232443
"""CNR1827245""","""CID2678623""",4.4042315,4.405237803582049,-0.0010062552727232443
"""CNR1760398""","""CID6687126""",4.4021993,4.405237803582049,-0.003038535240984963
"""CNR8010184""","""CID6651022""",4.9,4.405237803582049,0.4947622917853822
"""CNR7176183""","""CID6283315""",4.7,4.405237803582049,0.2947620056830873
"""CNR6959205""","""CID5896294""",4.3,4.405237803582049,-0.10523761284718613
"""CNR1164928""","""CID6663991""",4.4021993,4.405237803582049,-0.003038535240984963
"""CNR4730623""","""CID8237101""",4.404214,4.405237803582049,-0.00102389824757676
"""CNR8000413""","""CID2279825""",4.4042315,4.376986083790243,0.027245464519083384
"""CNR5758426""","""CID3412104""",4.6,4.405237803582049,0.19476210105051894
"""CNR2928069""","""CID5247528""",3.6,4.405237803582049,-0.8052378989494811
"""CNR1909109""","""CID7595286""",4.404214,4.405237803582049,-0.00102389824757676
"""CNR1632691""","""CID9407316""",4.2,4.405237803582049,-0.2052379943169127
"""CNR2571026""","""CID8020037""",3.3,4.405237803582049,-1.1052378512657652
"""CNR2331508""","""CID8824011""",4.4,4.405237803582049,-0.005237708214617776
"""CNR9962657""","""CID8605773""",4.6,4.405237803582049,0.19476210105051894
"""CNR9920264""","""CID5294749""",4.2,4.376986083790243,-0.17698627452510607
"""CNR1688606""","""CID8564037""",4.404214,4.405237803582049,-0.00102389824757676
"""CNR7314109""","""CID9123389""",4.5,4.405237803582049,0.09476219641795058
"""CNR7083158""","""CID1386793""",4.4021993,4.405237803582049,-0.003038535240984963
"""CNR7695704""","""CID7999234""",4.3,4.405237803582049,-0.10523761284718613
"""CNR1647293""","""CID7513234""",5.0,4.405237803582049,0.5947621964179506
"""CNR7245027""","""CID7425271""",4.9,4.405237803582049,0.4947622917853822
"""CNR8870227""","""CID8587797""",4.5,4.405237803582049,0.09476219641795058
"""CNR6965888""","""CID7966117""",4.6,4.405237803582049,0.19476210105051894
"""CNR5489309""","""CID3532285""",4.2,4.405237803582049,-0.2052379943169127
"""CNR4411650""","""CID3289837""",4.9,4.405237803582049,0.4947622917853822
"""CNR7144238""","""CID8594091""",4.2,4.405237803582049,-0.2052379943169127
"""CNR5425777""","""CID8016474""",4.3,4.405237803582049,-0.10523761284718613
"""CNR9454423""","""CID2727180""",4.8,4.405237803582049,0.39476238715281387
"""CNR4052727""","""CID8115804""",4.6,4.405237803582049,0.19476210105051894
"""CNR9638590""","""CID6993568""",4.9,4.405237803582049,0.4947622917853822
"""CNR3070695""","""CID6591478""",4.9,4.405237803582049,0.4947622917853822
"""CNR2090972""","""CID2464929""",4.5,4.376986083790243,0.12301391620975721
"""CNR2332921""","""CID2309327""",4.4098225,4.405237803582049,0.004584660407208396
"""CNR3826692""","""CID7807553""",3.9,4.405237803582049,-0.5052377082146178
"""CNR3244872""","""CID3121212""",4.3,4.487649406569887,-0.18764921583502403
"""CNR3075873""","""CID3316038""",4.2,4.405237803582049,-0.2052379943169127
"""CNR6289297""","""CID4325841""",3.7,4.405237803582049,-0.7052377558983336
"""CNR4868639""","""CID3864674""",3.1,4.405237803582049,-1.305237898949481
"""CNR7489919""","""CID3382641""",3.1,4.405237803582049,-1.305237898949481
"""CNR5233692""","""CID6230923""",4.9,4.405237803582049,0.4947622917853822
"""CNR1403756""","""CID3199247""",4.4042315,4.405237803582049,-0.0010062552727232443
"""CNR9101668""","""CID2421714""",5.0,4.405237803582049,0.5947621964179506
"""CNR5998244""","""CID2753365""",3.1,4.405237803582049,-1.305237898949481
"""CNR9110871""","""CID2032719""",4.4021993,4.405237803582049,-0.003038535240984963
"""CNR9703560""","""CID3062180""",5.0,4.405237803582049,0.5947621964179506
"""CNR3180114""","""CID7608318""",4.3,4.405237803582049,-0.10523761284718613
"""CNR5232940""","""CID5470649""",4.8,4.405237803582049,0.39476238715281387
"""CNR8448276""","""CID1056309""",3.8,4.405237803582049,-0.6052378512657652
"""CNR9479890""","""CID7020618""",4.4031615,4.405237803582049,-0.002076277855731057
"""CNR6960403""","""CID6202770""",5.0,4.405237803582049,0.5947621964179506
"""CNR7270826""","""CID1357173""",4.5,4.405237803582049,0.09476219641795058
"""CNR3837992""","""CID4623227""",4.5,4.376986083790243,0.12301391620975721
"""CNR8209327""","""CID5204256""",4.4031615,4.405237803582049,-0.002076277855731057
"""CNR2706253""","""CID6505870""",4.6,4.405237803582049,0.19476210105051894
"""CNR4843888""","""CID2186304""",4.3,4.405237803582049,-0.10523761284718613
"""CNR3202570""","""CID3638154""",4.4021993,4.405237803582049,-0.003038535240984963
"""CNR9309706""","""CID6701532""",4.6,4.405237803582049,0.19476210105051894
"""CNR5952764""","""CID1583084""",4.6,4.405237803582049,0.19476210105051894
"""CNR1870110""","""CID4568441""",4.6,4.405237803582049,0.19476210105051894
"""CNR4674092""","""CID5913731""",3.7,4.376986083790243,-0.676986036106527
"""CNR1849907""","""CID8470203""",5.0,4.405237803582049,0.5947621964179506
"""CNR7976526""","""CID3635661""",4.6,4.376986083790243,0.22301382084232557
"""CNR2305876""","""CID8982634""",4.7,4.405237803582049,0.2947620056830873
"""CNR1311676""","""CID5470616""",4.2,4.405237803582049,-0.2052379943169127
"""CNR4993833""","""CID9438783""",5.0,4.405237803582049,0.5947621964179506
"""CNR3894177""","""CID1498077""",4.4021993,4.376986083790243,0.025213184550821666
"""CNR1233146""","""CID7504984""",4.404214,4.405237803582049,-0.00102389824757676
"""CNR5889937""","""CID2737497""",4.5,4.405237803582049,0.09476219641795058
"""CNR4570471""","""CID7765910""",4.3,4.376986083790243,-0.0769858930553795
"""CNR7846620""","""CID5606956""",4.4021993,4.405237803582049,-0.003038535240984963
"""CNR4935299""","""CID4227027""",4.8,4.405237803582049,0.39476238715281387
"""CNR9431845""","""CID4509104""",4.0,4.405237803582049,-0.4052378035820494
"""CNR3323732""","""CID2095935""",4.1,4.405237803582049,-0.30523789894948106
"""CNR7777647""","""CID6435036""",4.4021993,4.405237803582049,-0.003038535240984963
"""CNR7481586""","""CID2028053""",4.4042315,4.405237803582049,-0.0010062552727232443
"""CNR6071214""","""CID3967521""",4.2,4.405237803582049,-0.2052379943169127
"""CNR4985849""","""CID7834682""",4.4042315,4.405237803582049,-0.0010062552727232443
"""CNR8342455""","""CID7628629""",4.8,4.405237803582049,0.39476238715281387
"""CNR9110934""","""CID9512985""",4.4031615,4.405237803582049,-0.002076277855731057
"""CNR9259975""","""CID2451377""",4.404214,4.405237803582049,-0.00102389824757676
"""CNR8199176""","""CID5543825""",4.405319,4.405237803582049,8.14102851380838e-05
"""CNR7324614""","""CID5901327""",4.9,4.405237803582049,0.4947622917853822
"""CNR3241420""","""CID5060938""",4.4042315,4.376986083790243,0.027245464519083384
"""CNR6307149""","""CID4696376""",4.2,4.376986083790243,-0.17698627452510607
"""CNR5550625""","""CID3177099""",4.4031615,4.405237803582049,-0.002076277855731057
"""CNR6572672""","""CID4265311""",4.1,4.405237803582049,-0.30523789894948106
"""CNR5887947""","""CID1490940""",4.9,4.405237803582049,0.4947622917853822
"""CNR4672108""","""CID2440418""",4.9,4.405237803582049,0.4947622917853822
"""CNR1820463""","""CID9252810""",4.4042315,4.405237803582049,-0.0010062552727232443
"""CNR1009735""","""CID8733446""",4.4098225,4.405237803582049,0.004584660407208396
"""CNR8461162""","""CID8241990""",4.4031615,4.405237803582049,-0.002076277855731057
"""CNR8008789""","""CID8770225""",4.0,4.405237803582049,-0.4052378035820494
"""CNR1816175""","""CID9039296""",4.404214,4.405237803582049,-0.00102389824757676
"""CNR4788172""","""CID4622440""",4.3,4.405237803582049,-0.10523761284718613
"""CNR7047496""","""CID4785602""",4.404214,4.405237803582049,-0.00102389824757676
"""CNR5224889""","""CID3765999""",4.5,4.405237803582049,0.09476219641795058
"""CNR8296150""","""CID3836650""",4.4021993,4.376986083790243,0.025213184550821666
"""CNR7526456""","""CID3494323""",4.4031615,4.405237803582049,-0.002076277855731057
"""CNR8499485""","""CID4347306""",4.9,4.405237803582049,0.4947622917853822
"""CNR8187085""","""CID6966172""",4.6,4.405237803582049,0.19476210105051894
"""CNR7691743""","""CID6077821""",4.9,4.405237803582049,0.4947622917853822
"""CNR3852671""","""CID4695190""",4.4031615,4.405237803582049,-0.002076277855731057
"""CNR3284971""","""CID9275180""",4.3,4.405237803582049,-0.10523761284718613
"""CNR2489386""","""CID7138511""",4.8,4.405237803582049,0.39476238715281387
"""CNR7083838""","""CID2695550""",4.2,4.405237803582049,-0.2052379943169127
"""CNR9062171""","""CID9019023""",4.4021993,4.405237803582049,-0.003038535240984963
"""CNR4329819""","""CID4347871""",4.2,4.405237803582049,-0.2052379943169127
"""CNR1716825""","""CID8496133""",4.9,4.405237803582049,0.4947622917853822
"""CNR1443473""","""CID6821466""",5.0,4.405237803582049,0.5947621964179506
"""CNR5994134""","""CID5733377""",4.404214,4.405237803582049,-0.00102389824757676
"""CNR4131047""","""CID7106866""",4.404214,4.405237803582049,-0.00102389824757676
"""CNR3772375""","""CID1656468""",4.5,4.405237803582049,0.09476219641795058
"""CNR5342758""","""CID8091067""",4.1,4.405237803582049,-0.30523789894948106
"""CNR7351945""","""CID2207067""",4.5,4.405237803582049,0.09476219641795058
"""CNR1143012""","""CID1900249""",4.4021993,4.405237803582049,-0.003038535240984963
"""CNR5505025""","""CID7815017""",4.5,4.405237803582049,0.09476219641795058
"""CNR7564532""","""CID2041045""",4.2,4.405237803582049,-0.2052379943169127
"""CNR5191091""","""CID2831445""",4.4098225,4.405237803582049,0.004584660407208396
"""CNR6008824""","""CID3741942""",4.4021993,4.405237803582049,-0.003038535240984963
"""CNR7300525""","""CID1836399""",3.7,4.376986083790243,-0.676986036106527
"""CNR9798011""","""CID8317478""",4.4098225,4.405237803582049,0.004584660407208396
"""CNR1532247""","""CID8487655""",4.4042315,4.405237803582049,-0.0010062552727232443
"""CNR2343957""","""CID6741093""",4.4098225,4.405237803582049,0.004584660407208396
"""CNR8868723""","""CID5327732""",4.2,4.405237803582049,-0.2052379943169127
"""CNR8313485""","""CID2083125""",4.4098225,4.405237803582049,0.004584660407208396
"""CNR8280223""","""CID6299310""",4.2,4.405237803582049,-0.2052379943169127
"""CNR3554176""","""CID7471952""",4.8,4.405237803582049,0.39476238715281387
"""CNR5717223""","""CID5351833""",4.8,4.405237803582049,0.39476238715281387
"""CNR1646301""","""CID4036135""",4.404214,4.405237803582049,-0.00102389824757676
"""CNR1799290""","""CID3704866""",4.4098225,4.405237803582049,0.004584660407208396
"""CNR8358476""","""CID6211511""",4.6,4.376986083790243,0.22301382084232557
"""CNR6859414""","""CID7294107""",4.2,4.405237803582049,-0.2052379943169127
"""CNR7466068""","""CID4275292""",4.4021993,4.405237803582049,-0.003038535240984963
"""CNR5331068""","""CID5495877""",4.4098225,4.405237803582049,0.004584660407208396
"""CNR9712461""","""CID5290905""",4.6,4.405237803582049,0.19476210105051894
"""CNR9451917""","""CID5820208""",4.4021993,4.405237803582049,-0.003038535240984963
"""CNR7107756""","""CID8361603""",4.8,4.405237803582049,0.39476238715281387
"""CNR3378856""","""CID3088997""",4.6,4.405237803582049,0.19476210105051894
"""CNR9258059""","""CID6283478""",4.4098225,4.405237803582049,0.004584660407208396
"""CNR4554808""","""CID8337989""",4.404214,4.405237803582049,-0.00102389824757676
"""CNR6525760""","""CID2756250""",4.6,4.405237803582049,0.19476210105051894
"""CNR3848151""","""CID8457301""",4.4021993,4.405237803582049,-0.003038535240984963
"""CNR3638389""","""CID2288469""",4.9,4.405237803582049,0.4947622917853822
"""CNR2763865""","""CID3450444""",4.2,4.405237803582049,-0.2052379943169127
"""CNR7648344""","""CID9652946""",4.4021993,4.405237803582049,-0.003038535240984963
"""CNR2877945""","""CID4222746""",4.6,4.405237803582049,0.19476210105051894
"""CNR7716968""","""CID6510968""",4.4021993,4.405237803582049,-0.003038535240984963
"""CNR2289503""","""CID8981415""",4.404214,4.405237803582049,-0.00102389824757676
"""CNR8628770""","""CID2607479""",4.405319,4.405237803582049,8.14102851380838e-05
"""CNR3409491""","""CID8133629""",4.405319,4.405237803582049,8.14102851380838e-05
"""CNR7288421""","""CID7735333""",4.4098225,4.405237803582049,0.004584660407208396
"""CNR6236920""","""CID3658256""",3.3,4.405237803582049,-1.1052378512657652
"""CNR4701248""","""CID4615604""",4.2,4.405237803582049,-0.2052379943169127
"""CNR9132068""","""CID7949172""",4.3,4.405237803582049,-0.10523761284718613
"""CNR2116227""","""CID1634980""",3.0,4.405237803582049,-1.4052378035820494
"""CNR7876259""","""CID7120538""",4.4098225,4.405237803582049,0.004584660407208396
"""CNR3521325""","""CID4136749""",4.3,4.405237803582049,-0.10523761284718613
"""CNR3128469""","""CID6481002""",4.6,4.405237803582049,0.19476210105051894
"""CNR9703477""","""CID2168378""",4.9,4.405237803582049,0.4947622917853822
"""CNR2701561""","""CID8217980""",4.6,4.405237803582049,0.19476210105051894
"""CNR3063572""","""CID2364593""",3.8,4.405237803582049,-0.6052378512657652
"""CNR9119845""","""CID3281080""",4.7,4.405237803582049,0.2947620056830873
"""CNR2302435""","""CID6184227""",4.4042315,4.405237803582049,-0.0010062552727232443
"""CNR2680421""","""CID6008123""",4.1,4.405237803582049,-0.30523789894948106
"""CNR6565330""","""CID1156379""",4.4042315,4.405237803582049,-0.0010062552727232443
"""CNR1813408""","""CID4188034""",4.4,4.405237803582049,-0.005237708214617776
"""CNR7253704""","""CID5210258""",4.4,4.405237803582049,-0.005237708214617776
"""CNR9895064""","""CID3348151""",4.4,4.405237803582049,-0.005237708214617776
"""CNR5108978""","""CID2862529""",5.0,4.405237803582049,0.5947621964179506
"""CNR9054631""","""CID3235087""",4.5,4.376986083790243,0.12301391620975721
"""CNR7517580""","""CID4348881""",4.4021993,4.405237803582049,-0.003038535240984963
"""CNR3896089""","""CID1726082""",4.9,4.405237803582049,0.4947622917853822
"""CNR5744578""","""CID4679290""",4.3,4.405237803582049,-0.10523761284718613
"""CNR6304645""","""CID8878002""",4.4098225,4.405237803582049,0.004584660407208396
"""CNR8337431""","""CID5686037""",3.6,4.405237803582049,-0.8052378989494811
"""CNR3434720""","""CID5097839""",4.9,4.405237803582049,0.4947622917853822
"""CNR4818340""","""CID6456963""",4.7,4.376986083790243,0.32301372547489393
"""CNR5593922""","""CID3157508""",4.9,4.405237803582049,0.4947622917853822
"""CNR1302061""","""CID3690930""",4.405319,4.405237803582049,8.14102851380838e-05
"""CNR9697935""","""CID8360534""",4.4,4.405237803582049,-0.005237708214617776
"""CNR3320013""","""CID6186222""",4.4,4.405237803582049,-0.005237708214617776
"""CNR8331403""","""CID4883609""",4.9,4.405237803582049,0.4947622917853822
"""CNR8198530""","""CID1945017""",4.7,4.405237803582049,0.2947620056830873
"""CNR9568124""","""CID9012200""",4.4098225,4.405237803582049,0.004584660407208396
"""CNR1157135""","""CID9732879""",4.2,4.405237803582049,-0.2052379943169127
"""CNR2969432""","""CID3422563""",4.1,4.405237803582049,-0.30523789894948106
"""CNR9332013""","""CID3621288""",3.7,4.405237803582049,-0.7052377558983336
"""CNR6061839""","""CID5313104""",4.4031615,4.405237803582049,-0.002076277855731057
"""CNR9783410""","""CID8593239""",4.1,4.405237803582049,-0.30523789894948106
"""CNR4822305""","""CID4065775""",4.4021993,4.405237803582049,-0.003038535240984963
"""CNR7046047""","""CID2788242""",4.404214,4.405237803582049,-0.00102389824757676
"""CNR6611532""","""CID6920921""",4.9,4.376986083790243,0.5230140115771889
"""CNR8527265""","""CID4421589""",4.6,4.405237803582049,0.19476210105051894
"""CNR8096878""","""CID2345920""",4.405319,4.405237803582049,8.14102851380838e-05
"""CNR2565020""","""CID5647631""",4.4021993,4.405237803582049,-0.003038535240984963
"""CNR5046142""","""CID7846605""",4.4,4.487649406569887,-0.08764931120245567
"""CNR3349418""","""CID1938710""",4.4,4.405237803582049,-0.005237708214617776
"""CNR6761357""","""CID5365960""",4.4021993,4.405237803582049,-0.003038535240984963
"""CNR9814666""","""CID2749443""",4.2,4.405237803582049,-0.2052379943169127
"""CNR8397989""","""CID8561498""",4.9,4.405237803582049,0.4947622917853822
"""CNR6368635""","""CID7358629""",4.404214,4.405237803582049,-0.00102389824757676
"""CNR2863850""","""CID8675433""",4.8,4.405237803582049,0.39476238715281387
"""CNR1030425""","""CID9829887""",4.404214,4.405237803582049,-0.00102389824757676
"""CNR9380234""","""CID6290849""",4.3,4.405237803582049,-0.10523761284718613
"""CNR4338262""","""CID2726397""",4.6,4.405237803582049,0.19476210105051894
"""CNR7870559""","""CID4407265""",4.2,4.405237803582049,-0.2052379943169127
"""CNR4542380""","""CID9235061""",4.2,4.405237803582049,-0.2052379943169127
"""CNR3895552""","""CID6440377""",4.6,4.405237803582049,0.19476210105051894
"""CNR1147368""","""CID9858993""",4.4098225,4.405237803582049,0.004584660407208396
"""CNR1350186""","""CID5136297""",4.9,4.405237803582049,0.4947622917853822
"""CNR5542663""","""CID3337939""",4.5,4.405237803582049,0.09476219641795058
"""CNR1371193""","""CID5222626""",4.4031615,4.405237803582049,-0.002076277855731057
"""CNR2432655""","""CID3758494""",3.1,4.376986083790243,-1.2769861791576744
"""CNR9456089""","""CID6406974""",4.5,4.405237803582049,0.09476219641795058
"""CNR6369784""","""CID5659417""",4.6,4.405237803582049,0.19476210105051894
"""CNR6585013""","""CID7580496""",4.4098225,4.405237803582049,0.004584660407208396
"""CNR6025905""","""CID2124790""",4.4042315,4.405237803582049,-0.0010062552727232443
"""CNR9547009""","""CID3554322""",4.404214,4.405237803582049,-0.00102389824757676
"""CNR6601742""","""CID2335211""",5.0,4.405237803582049,0.5947621964179506
"""CNR6702988""","""CID9905731""",4.2,4.405237803582049,-0.2052379943169127
"""CNR3576982""","""CID1751782""",3.8,4.405237803582049,-0.6052378512657652
"""CNR8310666""","""CID9355007""",4.8,4.405237803582049,0.39476238715281387
"""CNR6605761""","""CID7298031""",4.404214,4.405237803582049,-0.00102389824757676
"""CNR2912216""","""CID6909082""",4.9,4.405237803582049,0.4947622917853822
"""CNR6122186""","""CID3949844""",4.9,4.405237803582049,0.4947622917853822
"""CNR7617151""","""CID4897465""",4.404214,4.405237803582049,-0.00102389824757676
"""CNR6859505""","""CID4372205""",4.7,4.405237803582049,0.2947620056830873
"""CNR6348169""","""CID3917547""",4.404214,4.405237803582049,-0.00102389824757676
"""CNR1964371""","""CID5498468""",4.4031615,4.405237803582049,-0.002076277855731057
"""CNR5257053""","""CID6527305""",4.1,4.405237803582049,-0.30523789894948106
"""CNR8830371""","""CID6499612""",4.405319,4.405237803582049,8.14102851380838e-05
"""CNR6979492""","""CID1704788""",5.0,4.405237803582049,0.5947621964179506
"""CNR5177626""","""CID1285443""",4.4031615,4.405237803582049,-0.002076277855731057
"""CNR8163658""","""CID9542689""",4.2,4.405237803582049,-0.2052379943169127
"""CNR4065937""","""CID7441352""",5.0,4.405237803582049,0.5947621964179506
"""CNR8330512""","""CID2773786""",4.5,4.405237803582049,0.09476219641795058
"""CNR8116542""","""CID1711159""",4.4,4.405237803582049,-0.005237708214617776
"""CNR6893549""","""CID8476101""",4.4,4.405237803582049,-0.005237708214617776
"""CNR7329923""","""CID6785564""",4.1,4.405237803582049,-0.30523789894948106
"""CNR3166575""","""CID3702837""",4.9,4.376986083790243,0.5230140115771889
"""CNR5251048""","""CID8818243""",4.2,4.405237803582049,-0.2052379943169127
"""CNR1488380""","""CID2035334""",4.1,4.405237803582049,-0.30523789894948106
"""CNR4204551""","""CID1691261""",4.6,4.405237803582049,0.19476210105051894
"""CNR5885255""","""CID1923265""",4.4021993,4.405237803582049,-0.003038535240984963
"""CNR4198237""","""CID5249226""",5.0,4.405237803582049,0.5947621964179506
"""CNR5401441""","""CID6325658""",4.6,4.405237803582049,0.19476210105051894
"""CNR6553673""","""CID9654665""",4.3,4.405237803582049,-0.10523761284718613
"""CNR8539581""","""CID5529963""",4.4031615,4.405237803582049,-0.002076277855731057
"""CNR9801175""","""CID5405749""",4.2,4.405237803582049,-0.2052379943169127
"""CNR1295076""","""CID6314666""",4.4021993,4.405237803582049,-0.003038535240984963
"""CNR6170532""","""CID8781910""",3.7,4.405237803582049,-0.7052377558983336
"""CNR9541429""","""CID2350529""",4.4042315,4.405237803582049,-0.0010062552727232443
"""CNR5863334""","""CID8397017""",4.3,4.376986083790243,-0.0769858930553795
"""CNR5826012""","""CID2367476""",4.4098225,4.405237803582049,0.004584660407208396
"""CNR7282361""","""CID3781034""",4.6,4.405237803582049,0.19476210105051894
"""CNR7487948""","""CID9755383""",4.4098225,4.405237803582049,0.004584660407208396
"""CNR4503237""","""CID9976382""",3.6,4.405237803582049,-0.8052378989494811
"""CNR9445853""","""CID9927858""",4.4021993,4.405237803582049,-0.003038535240984963
"""CNR8120915""","""CID4318341""",4.4042315,4.405237803582049,-0.0010062552727232443
"""CNR1740722""","""CID8626763""",4.3,4.405237803582049,-0.10523761284718613
"""CNR9801863""","""CID3739314""",4.8,4.405237803582049,0.39476238715281387
"""CNR8545887""","""CID1826264""",4.4042315,4.405237803582049,-0.0010062552727232443
"""CNR3961970""","""CID8107183""",4.9,4.405237803582049,0.4947622917853822
"""CNR3987612""","""CID7839860""",4.404214,4.405237803582049,-0.00102389824757676
"""CNR5676055""","""CID1434622""",4.4098225,4.405237803582049,0.004584660407208396
"""CNR6841802""","""CID1125833""",3.1,4.405237803582049,-1.305237898949481
"""CNR4936510""","""CID8407138""",4.9,4.405237803582049,0.4947622917853822
"""CNR9148180""","""CID2911050""",4.0,4.405237803582049,-0.4052378035820494
"""CNR3920210""","""CID6193635""",4.4042315,4.405237803582049,-0.0010062552727232443
"""CNR8423860""","""CID4425975""",4.405319,4.405237803582049,8.14102851380838e-05
"""CNR4282459""","""CID7983302""",4.2,4.405237803582049,-0.2052379943169127
"""CNR6137467""","""CID8636326""",4.8,4.405237803582049,0.39476238715281387
"""CNR7066877""","""CID5398467""",4.4042315,4.405237803582049,-0.0010062552727232443
"""CNR7664029""","""CID7026270""",4.4021993,4.405237803582049,-0.003038535240984963
"""CNR4623426""","""CID1391313""",5.0,4.376986083790243,0.6230139162097572
"""CNR3548921""","""CID3214561""",4.4021993,4.405237803582049,-0.003038535240984963
"""CNR9748159""","""CID6456155""",4.4,4.405237803582049,-0.005237708214617776
"""CNR3541291""","""CID2808747""",3.4,4.376986083790243,-0.9769859884228111
"""CNR1532350""","""CID2547026""",4.9,4.405237803582049,0.4947622917853822
"""CNR9347753""","""CID2122832""",4.1,4.405237803582049,-0.30523789894948106
"""CNR7714095""","""CID7532444""",4.4021993,4.405237803582049,-0.003038535240984963
"""CNR5072676""","""CID6642270""",4.4021993,4.405237803582049,-0.003038535240984963
"""CNR7274749""","""CID8973868""",4.3,4.405237803582049,-0.10523761284718613
"""CNR7494228""","""CID8350685""",4.4031615,4.405237803582049,-0.002076277855731057
"""CNR6014687""","""CID6324135""",4.2,4.405237803582049,-0.2052379943169127
"""CNR9544488""","""CID1690810""",4.2,4.405237803582049,-0.2052379943169127
"""CNR1758096""","""CID4950543""",3.4,4.405237803582049,-1.0052377082146178
"""CNR4351243""","""CID5560636""",4.3,4.376986083790243,-0.0769858930553795
"""CNR9799430""","""CID4305483""",4.1,4.405237803582049,-0.30523789894948106
"""CNR7346835""","""CID7057520""",4.4050717,4.405237803582049,-0.00016606819996933808
"""CNR4489756""","""CID6968787""",4.3,4.405237803582049,-0.10523761284718613
"""CNR3165598""","""CID5047095""",5.0,4.405237803582049,0.5947621964179506
"""CNR4829706""","""CID1333027""",4.4031615,4.405237803582049,-0.002076277855731057
"""CNR2371147""","""CID2974802""",4.3,4.405237803582049,-0.10523761284718613
"""CNR7563784""","""CID8639570""",4.4042315,4.405237803582049,-0.0010062552727232443
"""CNR1521489""","""CID4333980""",4.405319,4.405237803582049,8.14102851380838e-05
"""CNR6487146""","""CID4796396""",4.4031615,4.405237803582049,-0.002076277855731057
"""CNR6900866""","""CID7784585""",4.4098225,4.405237803582049,0.004584660407208396
"""CNR4726358""","""CID8366893""",4.404214,4.405237803582049,-0.00102389824757676
"""CNR8379605""","""CID8732612""",4.4098225,4.405237803582049,0.004584660407208396
"""CNR6845555""","""CID3662909""",3.4,4.405237803582049,-1.0052377082146178
"""CNR9027659""","""CID4370143""",4.2,4.405237803582049,-0.2052379943169127
"""CNR1927314""","""CID9752944""",4.404214,4.405237803582049,-0.00102389824757676
"""CNR5751945""","""CID2175460""",4.9,4.405237803582049,0.4947622917853822
"""CNR6253864""","""CID2136018""",4.4098225,4.405237803582049,0.004584660407208396
"""CNR9078625""","""CID9680615""",4.4098225,4.405237803582049,0.004584660407208396
"""CNR2453476""","""CID2694437""",4.3,4.405237803582049,-0.10523761284718613
"""CNR8006909""","""CID3941153""",5.0,4.405237803582049,0.5947621964179506
"""CNR2304124""","""CID5558093""",4.4,4.405237803582049,-0.005237708214617776
"""CNR2760480""","""CID5578937""",4.6,4.405237803582049,0.19476210105051894
"""CNR7847227""","""CID2427820""",4.4031615,4.405237803582049,-0.002076277855731057
"""CNR5932044""","""CID3531170""",4.6,4.405237803582049,0.19476210105051894
"""CNR6462984""","""CID6682440""",4.4021993,4.405237803582049,-0.003038535240984963
"""CNR1630005""","""CID8668986""",4.9,4.405237803582049,0.4947622917853822
"""CNR7646746""","""CID5416473""",4.4042315,4.405237803582049,-0.0010062552727232443
"""CNR7824326""","""CID8328979""",4.1,4.405237803582049,-0.30523789894948106
"""CNR7295420""","""CID8751546""",4.6,4.405237803582049,0.19476210105051894
"""CNR6943874""","""CID9001720""",4.4042315,4.405237803582049,-0.0010062552727232443
"""CNR3879041""","""CID9800139""",4.7,4.405237803582049,0.2947620056830873
"""CNR2497989""","""CID5007066""",4.4021993,4.405237803582049,-0.003038535240984963
"""CNR9147114""","""CID1620825""",4.2,4.405237803582049,-0.2052379943169127
"""CNR3456832""","""CID6198263""",4.5,4.405237803582049,0.09476219641795058
"""CNR2106625""","""CID8232916""",3.6,4.405237803582049,-0.8052378989494811
"""CNR3878949""","""CID2573216""",4.2,4.405237803582049,-0.2052379943169127
"""CNR1715323""","""CID3143129""",3.0,4.376986083790243,-1.3769860837902428
"""CNR6910541""","""CID3659686""",4.3,4.405237803582049,-0.10523761284718613
"""CNR9112493""","""CID1112375""",4.4021993,4.405237803582049,-0.003038535240984963
"""CNR3316687""","""CID2986818""",4.9,4.405237803582049,0.4947622917853822
"""CNR6422650""","""CID5110272""",4.4098225,4.405237803582049,0.004584660407208396
"""CNR1401147""","""CID8073095""",3.7,4.405237803582049,-0.7052377558983336
"""CNR9576980""","""CID9114678""",4.6,4.405237803582049,0.19476210105051894
"""CNR2731310""","""CID9076947""",4.9,4.376986083790243,0.5230140115771889
"""CNR3009308""","""CID4665601""",4.4098225,4.405237803582049,0.004584660407208396
"""CNR8741273""","""CID1691208""",4.2,4.405237803582049,-0.2052379943169127
"""CNR2224117""","""CID3085493""",4.4098225,4.405237803582049,0.004584660407208396
"""CNR7036975""","""CID7313882""",4.4042315,4.405237803582049,-0.0010062552727232443
"""CNR1794405""","""CID9688000""",4.4021993,4.405237803582049,-0.003038535240984963
"""CNR4971588""","""CID3586424""",4.4031615,4.376986083790243,0.026175441936075572
"""CNR5258697""","""CID3381582""",4.405319,4.405237803582049,8.14102851380838e-05
"""CNR6277062""","""CID2031895""",4.404214,4.405237803582049,-0.00102389824757676
"""CNR6702224""","""CID6631018""",4.4031615,4.405237803582049,-0.002076277855731057
"""CNR6480886""","""CID9863163""",5.0,4.405237803582049,0.5947621964179506
"""CNR3709326""","""CID6878754""",4.8,4.405237803582049,0.39476238715281387
"""CNR4006086""","""CID8768104""",4.9,4.405237803582049,0.4947622917853822
"""CNR1180228""","""CID6190756""",4.4098225,4.405237803582049,0.004584660407208396
"""CNR8538606""","""CID1047473""",4.4,4.405237803582049,-0.005237708214617776
"""CNR3968959""","""CID6811891""",4.9,4.405237803582049,0.4947622917853822
"""CNR2311625""","""CID1610194""",4.2,4.405237803582049,-0.2052379943169127
"""CNR7675438""","""CID1466488""",4.404214,4.405237803582049,-0.00102389824757676
"""CNR7512999""","""CID4942266""",4.4021993,4.405237803582049,-0.003038535240984963
"""CNR3201944""","""CID2907249""",4.3,4.405237803582049,-0.10523761284718613
"""CNR3759493""","""CID2725067""",4.6,4.405237803582049,0.19476210105051894
"""CNR1817374""","""CID8455961""",4.3,4.405237803582049,-0.10523761284718613
"""CNR5737155""","""CID8713652""",4.3,4.376986083790243,-0.0769858930553795
"""CNR9833468""","""CID2493170""",4.2,4.405237803582049,-0.2052379943169127
"""CNR4809121""","""CID1564175""",4.1,4.405237803582049,-0.30523789894948106
"""CNR5877874""","""CID7539696""",4.4042315,4.405237803582049,-0.0010062552727232443
"""CNR1464111""","""CID1168333""",5.0,4.405237803582049,0.5947621964179506
"""CNR5401029""","""CID2770147""",4.1,4.405237803582049,-0.30523789894948106
"""CNR5742890""","""CID2433308""",4.9,4.405237803582049,0.4947622917853822
"""CNR1491606""","""CID1847479""",4.4098225,4.405237803582049,0.004584660407208396
"""CNR3964252""","""CID4244570""",3.8,4.405237803582049,-0.6052378512657652
"""CNR4294592""","""CID6645571""",4.9,4.405237803582049,0.4947622917853822
"""CNR6085124""","""CID9941284""",4.4098225,4.405237803582049,0.004584660407208396
"""CNR1439188""","""CID8313657""",4.1,4.405237803582049,-0.30523789894948106
"""CNR8791723""","""CID2693203""",4.404214,4.405237803582049,-0.00102389824757676
"""CNR3965520""","""CID8703941""",3.0,4.405237803582049,-1.4052378035820494
"""CNR6865607""","""CID5429366""",4.4042315,4.405237803582049,-0.0010062552727232443
"""CNR3385832""","""CID1289335""",4.4,4.405237803582049,-0.005237708214617776
"""CNR2909003""","""CID3386270""",4.4021993,4.405237803582049,-0.003038535240984963
"""CNR3960849""","""CID9765387""",4.8,4.405237803582049,0.39476238715281387
"""CNR1871885""","""CID8458308""",4.6,4.405237803582049,0.19476210105051894
"""CNR8889729""","""CID5636227""",4.4021993,4.405237803582049,-0.003038535240984963
"""CNR2655355""","""CID8201230""",4.2,4.405237803582049,-0.2052379943169127
"""CNR6117456""","""CID6895882""",4.6,4.405237803582049,0.19476210105051894
"""CNR7896115""","""CID1453218""",4.4021993,4.405237803582049,-0.003038535240984963
"""CNR7481414""","""CID3961504""",3.8,4.405237803582049,-0.6052378512657652
"""CNR4843757""","""CID1389951""",4.6,4.405237803582049,0.19476210105051894
"""CNR7761881""","""CID3128016""",4.4098225,4.405237803582049,0.004584660407208396
"""CNR9624565""","""CID9791214""",4.3,4.405237803582049,-0.10523761284718613
"""CNR2158228""","""CID6875445""",4.9,4.405237803582049,0.4947622917853822
"""CNR7449593""","""CID3218810""",4.3,4.405237803582049,-0.10523761284718613
"""CNR1846048""","""CID9901327""",4.404214,4.405237803582049,-0.00102389824757676
"""CNR9189692""","""CID4079236""",3.8,4.405237803582049,-0.6052378512657652
"""CNR9155161""","""CID7844817""",3.5,4.405237803582049,-0.9052378035820494
"""CNR5383157""","""CID3399756""",4.4042315,4.405237803582049,-0.0010062552727232443
"""CNR2913825""","""CID2422323""",3.0,4.405237803582049,-1.4052378035820494
"""CNR6678348""","""CID8638457""",4.404214,4.405237803582049,-0.00102389824757676
"""CNR2643191""","""CID3757192""",3.2,4.405237803582049,-1.2052377558983336
"""CNR4886402""","""CID2939298""",5.0,4.405237803582049,0.5947621964179506
"""CNR8982272""","""CID5452006""",4.405319,4.405237803582049,8.14102851380838e-05
"""CNR6286888""","""CID6803473""",4.4031615,4.405237803582049,-0.002076277855731057
"""CNR8587421""","""CID9195759""",4.4021993,4.405237803582049,-0.003038535240984963
"""CNR2506679""","""CID3433502""",3.1,4.405237803582049,-1.305237898949481
"""CNR8649958""","""CID2767892""",4.4042315,4.405237803582049,-0.0010062552727232443
"""CNR2722633""","""CID1804880""",4.4031615,4.405237803582049,-0.002076277855731057
"""CNR4504689""","""CID8860496""",4.4042315,4.405237803582049,-0.0010062552727232443
"""CNR8988560""","""CID2516544""",3.9,4.405237803582049,-0.5052377082146178
"""CNR6572665""","""CID3679692""",4.404214,4.405237803582049,-0.00102389824757676
"""CNR5970556""","""CID3562427""",4.1,4.405237803582049,-0.30523789894948106
"""CNR6389788""","""CID4345907""",3.8,4.405237803582049,-0.6052378512657652
"""CNR3515996""","""CID4032785""",4.404214,4.405237803582049,-0.00102389824757676
"""CNR2616768""","""CID6419331""",4.6,4.405237803582049,0.19476210105051894
"""CNR6949901""","""CID2831833""",4.4042315,4.405237803582049,-0.0010062552727232443
"""CNR8869250""","""CID3147681""",4.4031615,4.405237803582049,-0.002076277855731057
"""CNR4758846""","""CID9610324""",4.4098225,4.405237803582049,0.004584660407208396
"""CNR9665752""","""CID6358344""",4.4021993,4.405237803582049,-0.003038535240984963
"""CNR5972613""","""CID9894898""",4.4042315,4.405237803582049,-0.0010062552727232443
"""CNR6640490""","""CID5086008""",4.4021993,4.405237803582049,-0.003038535240984963
"""CNR2433142""","""CID6773384""",4.7,4.405237803582049,0.2947620056830873
"""CNR5791659""","""CID5107654""",4.2,4.405237803582049,-0.2052379943169127
"""CNR9008401""","""CID8727685""",4.1,4.405237803582049,-0.30523789894948106
"""CNR8870794""","""CID4944956""",4.4021993,4.405237803582049,-0.003038535240984963
"""CNR9889305""","""CID5507628""",4.5,4.405237803582049,0.09476219641795058
"""CNR5765131""","""CID1496129""",4.404214,4.405237803582049,-0.00102389824757676
"""CNR7242492""","""CID5606589""",4.8,4.405237803582049,0.39476238715281387
"""CNR6468885""","""CID3434435""",4.5,4.405237803582049,0.09476219641795058
"""CNR4140499""","""CID9570103""",4.404214,4.405237803582049,-0.00102389824757676
"""CNR6985148""","""CID3509070""",4.5,4.405237803582049,0.09476219641795058
"""CNR7681857""","""CID6470881""",4.3,4.405237803582049,-0.10523761284718613
"""CNR6806944""","""CID6543990""",4.3,4.405237803582049,-0.10523761284718613
"""CNR1243946""","""CID2473582""",4.405319,4.405237803582049,8.14102851380838e-05
"""CNR2357410""","""CID3633494""",3.6,4.405237803582049,-0.8052378989494811
"""CNR4958620""","""CID6716026""",4.6,4.376986083790243,0.22301382084232557
"""CNR1643502""","""CID5477512""",4.4042315,4.405237803582049,-0.0010062552727232443
"""CNR4611314""","""CID6968311""",4.9,4.405237803582049,0.4947622917853822
"""CNR3536532""","""CID3605872""",5.0,4.405237803582049,0.5947621964179506
"""CNR2598964""","""CID6789276""",4.4021993,4.405237803582049,-0.003038535240984963
"""CNR5856618""","""CID7551480""",4.4021993,4.405237803582049,-0.003038535240984963
"""CNR6334323""","""CID9291012""",4.4,4.405237803582049,-0.005237708214617776
"""CNR1318230""","""CID4216439""",4.9,4.405237803582049,0.4947622917853822
"""CNR8555234""","""CID9619912""",4.1,4.405237803582049,-0.30523789894948106
"""CNR7809649""","""CID9028135""",4.2,4.405237803582049,-0.2052379943169127
"""CNR8990983""","""CID7484893""",4.4042315,4.405237803582049,-0.0010062552727232443
"""CNR9730429""","""CID5526043""",4.4042315,4.405237803582049,-0.0010062552727232443
"""CNR4648845""","""CID8377444""",4.5,4.405237803582049,0.09476219641795058
"""CNR8650445""","""CID4902216""",4.4021993,4.405237803582049,-0.003038535240984963
"""CNR8976160""","""CID6259819""",4.2,4.405237803582049,-0.2052379943169127
"""CNR3725963""","""CID9476486""",4.4042315,4.405237803582049,-0.0010062552727232443
"""CNR3524301""","""CID5060982""",4.404214,4.405237803582049,-0.00102389824757676
"""CNR8342731""","""CID3614530""",4.4,4.376986083790243,0.023014011577188853
"""CNR6510256""","""CID4170064""",3.5,4.405237803582049,-0.9052378035820494
"""CNR3483121""","""CID9633122""",4.4031615,4.405237803582049,-0.002076277855731057
"""CNR3458199""","""CID6669690""",4.1,4.405237803582049,-0.30523789894948106
"""CNR1682640""","""CID2542070""",3.7,4.487649406569887,-0.7876493588861715
"""CNR9846859""","""CID7318091""",4.7,4.405237803582049,0.2947620056830873
"""CNR8699282""","""CID7998282""",4.4,4.405237803582049,-0.005237708214617776
"""CNR8612894""","""CID3494789""",4.4021993,4.405237803582049,-0.003038535240984963
"""CNR1240533""","""CID9322868""",4.404214,4.405237803582049,-0.00102389824757676
"""CNR4173479""","""CID9466332""",4.6,4.405237803582049,0.19476210105051894
"""CNR1248034""","""CID5484173""",4.2,4.405237803582049,-0.2052379943169127
"""CNR9024982""","""CID7679952""",4.5,4.405237803582049,0.09476219641795058
"""CNR7208847""","""CID4391964""",4.404214,4.405237803582049,-0.00102389824757676
"""CNR6103930""","""CID2615027""",4.405319,4.405237803582049,8.14102851380838e-05
"""CNR1500774""","""CID2842200""",4.6,4.405237803582049,0.19476210105051894
"""CNR1392743""","""CID5284270""",4.4021993,4.405237803582049,-0.003038535240984963
"""CNR5794069""","""CID8430044""",4.3,4.405237803582049,-0.10523761284718613
"""CNR8620081""","""CID3315353""",4.9,4.376986083790243,0.5230140115771889
"""CNR6466102""","""CID1044476""",4.4021993,4.405237803582049,-0.003038535240984963
"""CNR4770873""","""CID7986737""",4.4021993,4.405237803582049,-0.003038535240984963
"""CNR6776306""","""CID2985854""",4.4031615,4.405237803582049,-0.002076277855731057
"""CNR8999633""","""CID5782031""",4.4098225,4.405237803582049,0.004584660407208396
"""CNR3445168""","""CID5569742""",4.4021993,4.405237803582049,-0.003038535240984963
"""CNR2241668""","""CID3624971""",4.3,4.405237803582049,-0.10523761284718613
"""CNR2630799""","""CID1692846""",3.3,4.376986083790243,-1.0769861314739586
"""CNR9097030""","""CID6135951""",4.404214,4.405237803582049,-0.00102389824757676
"""CNR1625644""","""CID1020507""",3.9,4.405237803582049,-0.5052377082146178
"""CNR2197013""","""CID2635707""",4.9,4.405237803582049,0.4947622917853822
"""CNR4241642""","""CID8620980""",3.2,4.405237803582049,-1.2052377558983336
"""CNR2012185""","""CID7693754""",4.4,4.405237803582049,-0.005237708214617776
"""CNR5527793""","""CID5148186""",3.8,4.405237803582049,-0.6052378512657652
"""CNR3074828""","""CID8742364""",4.4021993,4.405237803582049,-0.003038535240984963
"""CNR4825788""","""CID5965981""",4.4098225,4.405237803582049,0.004584660407208396
"""CNR6115708""","""CID8594748""",4.4021993,4.405237803582049,-0.003038535240984963
"""CNR2960651""","""CID5819267""",4.4042315,4.405237803582049,-0.0010062552727232443
"""CNR6705417""","""CID7960965""",4.4098225,4.405237803582049,0.004584660407208396
"""CNR2951176""","""CID3273643""",4.3,4.405237803582049,-0.10523761284718613
"""CNR5152480""","""CID8870535""",4.4050717,4.405237803582049,-0.00016606819996933808
"""CNR3841725""","""CID1357783""",4.4,4.405237803582049,-0.005237708214617776
"""CNR8965007""","""CID5495154""",4.8,4.405237803582049,0.39476238715281387
"""CNR9710187""","""CID8770200""",4.2,4.405237803582049,-0.2052379943169127
"""CNR2290225""","""CID1089869""",3.9,4.405237803582049,-0.5052377082146178
"""CNR9279552""","""CID4994681""",4.5,4.405237803582049,0.09476219641795058
"""CNR3836568""","""CID9760337""",4.4042315,4.405237803582049,-0.0010062552727232443
"""CNR3751612""","""CID2853396""",4.2,4.405237803582049,-0.2052379943169127
"""CNR4595507""","""CID2352520""",4.2,4.405237803582049,-0.2052379943169127
"""CNR6387653""","""CID6753902""",4.8,4.405237803582049,0.39476238715281387
"""CNR1972406""","""CID4705096""",4.3,4.487649406569887,-0.18764921583502403
"""CNR6296418""","""CID4714097""",4.404214,4.405237803582049,-0.00102389824757676
"""CNR1976021""","""CID8507136""",4.4021993,4.405237803582049,-0.003038535240984963
"""CNR1017736""","""CID3675071""",4.405319,4.405237803582049,8.14102851380838e-05
"""CNR9168739""","""CID5414787""",4.4098225,4.405237803582049,0.004584660407208396
"""CNR7725071""","""CID1939967""",4.3,4.376986083790243,-0.0769858930553795
"""CNR8127253""","""CID3020417""",3.7,4.405237803582049,-0.7052377558983336
"""CNR8368220""","""CID8036938""",3.8,4.405237803582049,-0.6052378512657652
"""CNR2183420""","""CID8214069""",4.7,4.405237803582049,0.2947620056830873
"""CNR9836366""","""CID4215314""",4.9,4.405237803582049,0.4947622917853822
"""CNR7361156""","""CID2301375""",4.4098225,4.405237803582049,0.004584660407208396
"""CNR7438394""","""CID7854907""",4.3,4.405237803582049,-0.10523761284718613
"""CNR9100474""","""CID5155350""",5.0,4.405237803582049,0.5947621964179506
"""CNR2693163""","""CID1971652""",4.4,4.405237803582049,-0.005237708214617776
"""CNR3031491""","""CID5796403""",4.4,4.405237803582049,-0.005237708214617776
"""CNR4969831""","""CID5582674""",4.2,4.405237803582049,-0.2052379943169127
"""CNR8823979""","""CID8367114""",4.5,4.405237803582049,0.09476219641795058
"""CNR6085617""","""CID8399971""",4.4021993,4.405237803582049,-0.003038535240984963
"""CNR7889944""","""CID1796677""",4.9,4.405237803582049,0.4947622917853822
"""CNR7498837""","""CID5190317""",4.7,4.405237803582049,0.2947620056830873
"""CNR4934767""","""CID1299922""",4.4098225,4.376986083790243,0.032836380199015025
"""CNR4448599""","""CID7758146""",4.4031615,4.405237803582049,-0.002076277855731057
"""CNR9945896""","""CID7578801""",4.7,4.405237803582049,0.2947620056830873
"""CNR8686035""","""CID5167776""",4.6,4.405237803582049,0.19476210105051894
"""CNR9620749""","""CID1453769""",4.4031615,4.405237803582049,-0.002076277855731057
"""CNR3069896""","""CID4140225""",4.2,4.405237803582049,-0.2052379943169127
"""CNR7837205""","""CID1803366""",4.4098225,4.405237803582049,0.004584660407208396
"""CNR5024132""","""CID5108084""",3.9,4.405237803582049,-0.5052377082146178
"""CNR8289219""","""CID4734298""",4.4098225,4.405237803582049,0.004584660407208396
"""CNR4015747""","""CID3226391""",4.4098225,4.405237803582049,0.004584660407208396
"""CNR4679490""","""CID5639040""",4.4098225,4.405237803582049,0.004584660407208396
"""CNR7536037""","""CID7139601""",4.3,4.405237803582049,-0.10523761284718613
"""CNR1987303""","""CID4740466""",4.4021993,4.405237803582049,-0.003038535240984963
"""CNR9260191""","""CID7596764""",4.2,4.405237803582049,-0.2052379943169127
"""CNR8918435""","""CID4338245""",4.4050717,4.405237803582049,-0.00016606819996933808
"""CNR5658178""","""CID6133263""",4.3,4.405237803582049,-0.10523761284718613
"""CNR1919359""","""CID3176189""",4.2,4.487649406569887,-0.2876495973047506
"""CNR2014686""","""CID1084778""",4.4,4.405237803582049,-0.005237708214617776
"""CNR5232695""","""CID8312699""",4.9,4.405237803582049,0.4947622917853822
"""CNR9637117""","""CID3309409""",4.405319,4.405237803582049,8.14102851380838e-05
"""CNR3118717""","""CID9749672""",4.404214,4.405237803582049,-0.00102389824757676
"""CNR6994371""","""CID6066209""",4.7,4.405237803582049,0.2947620056830873
"""CNR2542405""","""CID7674531""",4.8,4.405237803582049,0.39476238715281387
"""CNR1904306""","""CID2257328""",4.3,4.405237803582049,-0.10523761284718613
"""CNR6499349""","""CID4660828""",4.405319,4.405237803582049,8.14102851380838e-05
"""CNR1226817""","""CID9025261""",4.4098225,4.405237803582049,0.004584660407208396
"""CNR1967806""","""CID8660328""",4.9,4.405237803582049,0.4947622917853822
"""CNR2006688""","""CID1958793""",4.6,4.405237803582049,0.19476210105051894
"""CNR7695769""","""CID9627719""",4.3,4.405237803582049,-0.10523761284718613
"""CNR3749566""","""CID8569467""",4.6,4.405237803582049,0.19476210105051894
"""CNR2436502""","""CID4157375""",4.9,4.405237803582049,0.4947622917853822
"""CNR7018807""","""CID7065543""",4.2,4.405237803582049,-0.2052379943169127
"""CNR2713838""","""CID9640691""",4.1,4.405237803582049,-0.30523789894948106
"""CNR6888058""","""CID5338413""",3.7,4.405237803582049,-0.7052377558983336
"""CNR2101996""","""CID1896753""",4.4031615,4.405237803582049,-0.002076277855731057
"""CNR8426096""","""CID1796152""",4.405319,4.405237803582049,8.14102851380838e-05
"""CNR3282281""","""CID5110032""",4.5,4.405237803582049,0.09476219641795058
"""CNR6841276""","""CID8499088""",4.8,4.405237803582049,0.39476238715281387
"""CNR9021591""","""CID7944973""",4.5,4.405237803582049,0.09476219641795058
"""CNR8122350""","""CID4064078""",4.404214,4.405237803582049,-0.00102389824757676
"""CNR9407617""","""CID7751348""",4.9,4.405237803582049,0.4947622917853822
"""CNR1818662""","""CID1769712""",4.4042315,4.405237803582049,-0.0010062552727232443
"""CNR3313235""","""CID3030666""",4.9,4.405237803582049,0.4947622917853822
"""CNR2425048""","""CID9378291""",4.9,4.405237803582049,0.4947622917853822
"""CNR4494899""","""CID8604050""",4.3,4.405237803582049,-0.10523761284718613
"""CNR7874199""","""CID1586941""",4.4098225,4.405237803582049,0.004584660407208396
"""CNR7904083""","""CID9574799""",4.7,4.405237803582049,0.2947620056830873
"""CNR8175659""","""CID2939708""",4.4098225,4.405237803582049,0.004584660407208396
"""CNR7686923""","""CID1651124""",4.404214,4.405237803582049,-0.00102389824757676
"""CNR4310294""","""CID7635060""",4.405319,4.405237803582049,8.14102851380838e-05
"""CNR5862098""","""CID3783772""",4.7,4.405237803582049,0.2947620056830873
"""CNR1583108""","""CID2588071""",4.4031615,4.405237803582049,-0.002076277855731057
"""CNR9945559""","""CID8457896""",4.8,4.405237803582049,0.39476238715281387
"""CNR3537621""","""CID7858752""",4.4021993,4.405237803582049,-0.003038535240984963
"""CNR9907664""","""CID4069930""",3.2,4.405237803582049,-1.2052377558983336
"""CNR4048435""","""CID6232817""",4.4021993,4.405237803582049,-0.003038535240984963
"""CNR9664609""","""CID6023249""",4.8,4.487649406569887,0.31235078416497597
"""CNR4345068""","""CID8931282""",4.4021993,4.405237803582049,-0.003038535240984963
"""CNR1892243""","""CID2677905""",4.6,4.405237803582049,0.19476210105051894
"""CNR4826951""","""CID2639913""",4.405319,4.405237803582049,8.14102851380838e-05
"""CNR1939105""","""CID7839885""",4.4042315,4.405237803582049,-0.0010062552727232443
"""CNR5233584""","""CID4157016""",4.405319,4.405237803582049,8.14102851380838e-05
"""CNR9794179""","""CID2701380""",4.4021993,4.405237803582049,-0.003038535240984963
"""CNR5072655""","""CID6449773""",4.4021993,4.405237803582049,-0.003038535240984963
"""CNR2517271""","""CID5944629""",4.7,4.405237803582049,0.2947620056830873
"""CNR9212617""","""CID7126367""",4.8,4.405237803582049,0.39476238715281387
"""CNR2361612""","""CID8728809""",4.2,4.405237803582049,-0.2052379943169127
"""CNR9904470""","""CID6725966""",4.7,4.405237803582049,0.2947620056830873
"""CNR1572700""","""CID3829925""",3.9,4.405237803582049,-0.5052377082146178
"""CNR7127151""","""CID1877082""",4.3,4.405237803582049,-0.10523761284718613
"""CNR4036749""","""CID5430270""",4.8,4.405237803582049,0.39476238715281387
"""CNR6902130""","""CID1488666""",4.5,4.405237803582049,0.09476219641795058
"""CNR3267996""","""CID3410331""",4.1,4.405237803582049,-0.30523789894948106
"""CNR1537422""","""CID6796260""",4.4021993,4.405237803582049,-0.003038535240984963
"""CNR5101637""","""CID7291598""",4.4098225,4.405237803582049,0.004584660407208396
"""CNR5515250""","""CID2500177""",4.8,4.405237803582049,0.39476238715281387
"""CNR6524914""","""CID3439275""",4.6,4.405237803582049,0.19476210105051894
"""CNR7253580""","""CID7094934""",4.404214,4.405237803582049,-0.00102389824757676
"""CNR6576024""","""CID6866299""",4.4031615,4.405237803582049,-0.002076277855731057
"""CNR6453033""","""CID8307665""",4.3,4.405237803582049,-0.10523761284718613
"""CNR2753305""","""CID7314335""",4.4042315,4.405237803582049,-0.0010062552727232443
"""CNR7603484""","""CID8733152""",4.3,4.405237803582049,-0.10523761284718613
"""CNR1142642""","""CID8280178""",4.6,4.405237803582049,0.19476210105051894
"""CNR7470372""","""CID6520215""",4.8,4.405237803582049,0.39476238715281387
"""CNR1929537""","""CID7067881""",4.9,4.405237803582049,0.4947622917853822
"""CNR1730769""","""CID6027987""",4.4021993,4.405237803582049,-0.003038535240984963
"""CNR4492749""","""CID5313170""",4.8,4.405237803582049,0.39476238715281387
"""CNR6468829""","""CID4314609""",4.3,4.405237803582049,-0.10523761284718613
"""CNR6889666""","""CID8386322""",4.3,4.405237803582049,-0.10523761284718613
"""CNR7350633""","""CID2636218""",4.7,4.405237803582049,0.2947620056830873
"""CNR6207982""","""CID6431238""",4.8,4.405237803582049,0.39476238715281387
"""CNR7446301""","""CID6342614""",5.0,4.405237803582049,0.5947621964179506
"""CNR6408912""","""CID8173734""",4.404214,4.405237803582049,-0.00102389824757676
"""CNR1099234""","""CID5166014""",4.3,4.405237803582049,-0.10523761284718613
"""CNR1989563""","""CID9061980""",4.2,4.405237803582049,-0.2052379943169127
"""CNR1064434""","""CID5352764""",4.5,4.405237803582049,0.09476219641795058
"""CNR7897218""","""CID4665439""",5.0,4.405237803582049,0.5947621964179506
"""CNR7078684""","""CID1796513""",4.4,4.405237803582049,-0.005237708214617776
"""CNR4438581""","""CID1556189""",4.5,4.405237803582049,0.09476219641795058
"""CNR4952051""","""CID1616309""",3.7,4.405237803582049,-0.7052377558983336
"""CNR7428100""","""CID9206536""",4.2,4.405237803582049,-0.2052379943169127
"""CNR2427830""","""CID4992393""",4.4098225,4.405237803582049,0.004584660407208396
"""CNR2175880""","""CID5683416""",4.4021993,4.405237803582049,-0.003038535240984963
"""CNR5149193""","""CID5915843""",5.0,4.405237803582049,0.5947621964179506
"""CNR8222455""","""CID2275744""",4.4042315,4.405237803582049,-0.0010062552727232443
"""CNR7620080""","""CID9202371""",4.6,4.405237803582049,0.19476210105051894
"""CNR1352860""","""CID6019275""",4.4,4.405237803582049,-0.005237708214617776
"""CNR7399076""","""CID1200316""",4.9,4.405237803582049,0.4947622917853822
"""CNR8768569""","""CID1785791""",4.4098225,4.405237803582049,0.004584660407208396
"""CNR2428699""","""CID1551058""",4.2,4.405237803582049,-0.2052379943169127
"""CNR7598382""","""CID7527751""",4.4098225,4.405237803582049,0.004584660407208396
"""CNR7108382""","""CID6938502""",4.3,4.405237803582049,-0.10523761284718613
"""CNR4411351""","""CID8843906""",4.4021993,4.405237803582049,-0.003038535240984963
"""CNR4435449""","""CID9816821""",4.4,4.405237803582049,-0.005237708214617776
"""CNR8496411""","""CID4355875""",4.4021993,4.405237803582049,-0.003038535240984963
"""CNR7984159""","""CID2866235""",4.404214,4.405237803582049,-0.00102389824757676
"""CNR9887429""","""CID4163923""",4.9,4.376986083790243,0.5230140115771889
"""CNR4359030""","""CID9483010""",5.0,4.405237803582049,0.5947621964179506
"""CNR2204314""","""CID1458494""",4.6,4.405237803582049,0.19476210105051894
"""CNR8261171""","""CID3472991""",4.6,4.405237803582049,0.19476210105051894
"""CNR1110515""","""CID5738184""",4.4,4.405237803582049,-0.005237708214617776
"""CNR2558668""","""CID6483062""",4.9,4.376986083790243,0.5230140115771889
"""CNR9830532""","""CID3221589""",4.4098225,4.405237803582049,0.004584660407208396
"""CNR1016265""","""CID8228275""",4.3,4.405237803582049,-0.10523761284718613
"""CNR1620527""","""CID1032181""",5.0,4.405237803582049,0.5947621964179506
"""CNR6536434""","""CID2075740""",4.4021993,4.405237803582049,-0.003038535240984963
"""CNR3531134""","""CID1224717""",4.7,4.487649406569887,0.2123504026952494
"""CNR2458199""","""CID9212970""",4.9,4.405237803582049,0.4947622917853822
"""CNR4942714""","""CID4899056""",4.6,4.405237803582049,0.19476210105051894
"""CNR5143677""","""CID9207985""",4.7,4.405237803582049,0.2947620056830873
"""CNR9307319""","""CID2453616""",4.6,4.405237803582049,0.19476210105051894
"""CNR5184482""","""CID8365328""",3.9,4.405237803582049,-0.5052377082146178
"""CNR3757463""","""CID7660699""",4.2,4.405237803582049,-0.2052379943169127
"""CNR9859104""","""CID4661918""",4.3,4.405237803582049,-0.10523761284718613
"""CNR4486856""","""CID5345124""",4.4098225,4.405237803582049,0.004584660407208396
"""CNR3175701""","""CID3387560""",3.7,4.405237803582049,-0.7052377558983336
"""CNR6152715""","""CID4064057""",4.404214,4.405237803582049,-0.00102389824757676
"""CNR8007452""","""CID5913006""",4.4042315,4.405237803582049,-0.0010062552727232443
"""CNR7525389""","""CID1213671""",4.404214,4.405237803582049,-0.00102389824757676
"""CNR2973636""","""CID7356161""",4.9,4.405237803582049,0.4947622917853822
"""CNR2685764""","""CID7248359""",3.6,4.405237803582049,-0.8052378989494811
"""CNR4836152""","""CID2581583""",4.3,4.405237803582049,-0.10523761284718613
"""CNR5992800""","""CID2031299""",3.3,4.405237803582049,-1.1052378512657652
"""CNR8463040""","""CID5279665""",3.6,4.405237803582049,-0.8052378989494811
"""CNR1832650""","""CID2365125""",4.9,4.405237803582049,0.4947622917853822
"""CNR5802790""","""CID8739406""",4.1,4.405237803582049,-0.30523789894948106
"""CNR6726980""","""CID2650562""",4.2,4.405237803582049,-0.2052379943169127
"""CNR6710822""","""CID8175852""",4.3,4.405237803582049,-0.10523761284718613
"""CNR8575462""","""CID4649058""",4.404214,4.405237803582049,-0.00102389824757676
"""CNR4805685""","""CID6265911""",4.9,4.405237803582049,0.4947622917853822
"""CNR8769747""","""CID2735119""",4.4031615,4.405237803582049,-0.002076277855731057
"""CNR7353520""","""CID6795230""",4.7,4.405237803582049,0.2947620056830873
"""CNR1456940""","""CID9165207""",4.3,4.405237803582049,-0.10523761284718613
"""CNR6522996""","""CID9645649""",4.9,4.405237803582049,0.4947622917853822
"""CNR1565977""","""CID5254494""",4.4031615,4.405237803582049,-0.002076277855731057
"""CNR8695255""","""CID2145414""",4.404214,4.405237803582049,-0.00102389824757676
"""CNR3023009""","""CID3712163""",5.0,4.405237803582049,0.5947621964179506
"""CNR7554063""","""CID6529507""",4.4021993,4.405237803582049,-0.003038535240984963
"""CNR3396777""","""CID6894129""",4.4021993,4.405237803582049,-0.003038535240984963
"""CNR7473988""","""CID9289938""",4.7,4.405237803582049,0.2947620056830873
"""CNR7873204""","""CID2810505""",4.9,4.405237803582049,0.4947622917853822
"""CNR7694025""","""CID7770165""",4.2,4.405237803582049,-0.2052379943169127
"""CNR3629543""","""CID8284236""",3.9,4.405237803582049,-0.5052377082146178
"""CNR9677561""","""CID1897749""",4.6,4.405237803582049,0.19476210105051894
"""CNR9917056""","""CID1781108""",4.4021993,4.405237803582049,-0.003038535240984963
"""CNR5581651""","""CID6153302""",4.6,4.405237803582049,0.19476210105051894
"""CNR3316882""","""CID9915276""",4.404214,4.405237803582049,-0.00102389824757676
"""CNR3795581""","""CID4669297""",4.4042315,4.405237803582049,-0.0010062552727232443
"""CNR6109951""","""CID6959445""",4.8,4.405237803582049,0.39476238715281387
"""CNR1916938""","""CID8995567""",4.405319,4.405237803582049,8.14102851380838e-05
"""CNR3152787""","""CID9322718""",4.405319,4.405237803582049,8.14102851380838e-05
"""CNR7452053""","""CID2455609""",4.4031615,4.405237803582049,-0.002076277855731057
"""CNR7517154""","""CID4415553""",4.2,4.405237803582049,-0.2052379943169127
"""CNR2955148""","""CID1576106""",4.9,4.405237803582049,0.4947622917853822
"""CNR2359680""","""CID9732045""",4.4098225,4.405237803582049,0.004584660407208396
"""CNR5241748""","""CID3477199""",4.4042315,4.405237803582049,-0.0010062552727232443
"""CNR9374638""","""CID9753638""",4.4,4.405237803582049,-0.005237708214617776
"""CNR9825839""","""CID9358440""",4.4098225,4.405237803582049,0.004584660407208396
"""CNR5442062""","""CID8023309""",4.8,4.405237803582049,0.39476238715281387
"""CNR1092816""","""CID2112777""",4.404214,4.405237803582049,-0.00102389824757676
"""CNR2744198""","""CID1968621""",5.0,4.405237803582049,0.5947621964179506
"""CNR4584148""","""CID9137516""",4.404214,4.405237803582049,-0.00102389824757676
"""CNR2168770""","""CID4968401""",4.2,4.405237803582049,-0.2052379943169127
"""CNR4825679""","""CID4709121""",4.0,4.405237803582049,-0.4052378035820494
"""CNR7399409""","""CID6845492""",4.4098225,4.405237803582049,0.004584660407208396
"""CNR6627868""","""CID5580758""",5.0,4.405237803582049,0.5947621964179506
"""CNR8276251""","""CID9795312""",4.4,4.405237803582049,-0.005237708214617776
"""CNR8954931""","""CID7451081""",4.4050717,4.405237803582049,-0.00016606819996933808
"""CNR4044559""","""CID9579375""",4.3,4.405237803582049,-0.10523761284718613
"""CNR4150390""","""CID4582072""",4.7,4.405237803582049,0.2947620056830873
"""CNR5334317""","""CID9547328""",4.4021993,4.405237803582049,-0.003038535240984963
"""CNR7120949""","""CID1372864""",4.2,4.405237803582049,-0.2052379943169127
"""CNR5770936""","""CID8643477""",4.4042315,4.405237803582049,-0.0010062552727232443
"""CNR4411041""","""CID4826917""",4.4,4.405237803582049,-0.005237708214617776
"""CNR5713010""","""CID8842192""",4.4042315,4.405237803582049,-0.0010062552727232443
"""CNR8518152""","""CID9724615""",4.4098225,4.405237803582049,0.004584660407208396
"""CNR3413057""","""CID3131002""",3.4,4.405237803582049,-1.0052377082146178
"""CNR6041939""","""CID7499592""",4.2,4.405237803582049,-0.2052379943169127
"""CNR6140769""","""CID4194838""",4.8,4.405237803582049,0.39476238715281387
"""CNR5204972""","""CID1235087""",4.4021993,4.405237803582049,-0.003038535240984963
"""CNR9900421""","""CID9069122""",4.4021993,4.405237803582049,-0.003038535240984963
"""CNR4623696""","""CID4175283""",4.2,4.405237803582049,-0.2052379943169127
"""CNR1686426""","""CID7792472""",3.4,4.405237803582049,-1.0052377082146178
"""CNR4230179""","""CID3984162""",4.8,4.405237803582049,0.39476238715281387
"""CNR3088941""","""CID8598082""",4.9,4.405237803582049,0.4947622917853822
"""CNR2086988""","""CID6664380""",4.4098225,4.405237803582049,0.004584660407208396
"""CNR2770946""","""CID2121484""",4.6,4.487649406569887,0.11235049806268105
"""CNR8528131""","""CID7642272""",3.8,4.405237803582049,-0.6052378512657652
"""CNR7178308""","""CID4990157""",4.4098225,4.405237803582049,0.004584660407208396
"""CNR6436666""","""CID5828580""",4.8,4.405237803582049,0.39476238715281387
"""CNR2272110""","""CID1146618""",4.4042315,4.405237803582049,-0.0010062552727232443
"""CNR3106861""","""CID6076590""",4.4021993,4.405237803582049,-0.003038535240984963
"""CNR7504925""","""CID2723769""",4.3,4.405237803582049,-0.10523761284718613
"""CNR4595822""","""CID5304682""",4.4,4.405237803582049,-0.005237708214617776
"""CNR5887904""","""CID5353118""",4.404214,4.405237803582049,-0.00102389824757676
"""CNR4822917""","""CID1749861""",4.4021993,4.405237803582049,-0.003038535240984963
"""CNR6859325""","""CID5831235""",4.404214,4.405237803582049,-0.00102389824757676
"""CNR7429670""","""CID1009995""",4.4031615,4.405237803582049,-0.002076277855731057
"""CNR1895596""","""CID7680433""",4.404214,4.405237803582049,-0.00102389824757676
"""CNR4619113""","""CID4767832""",4.4031615,4.405237803582049,-0.002076277855731057
"""CNR2328231""","""CID3537053""",4.3,4.405237803582049,-0.10523761284718613
"""CNR9877243""","""CID9528346""",4.7,4.405237803582049,0.2947620056830873
"""CNR7149700""","""CID8672051""",4.2,4.405237803582049,-0.2052379943169127
"""CNR9762185""","""CID1943565""",4.7,4.405237803582049,0.2947620056830873
"""CNR8751434""","""CID7434042""",4.7,4.405237803582049,0.2947620056830873
"""CNR2289759""","""CID7875579""",3.9,4.405237803582049,-0.5052377082146178
"""CNR5686852""","""CID5431042""",4.5,4.405237803582049,0.09476219641795058
"""CNR9238283""","""CID6462546""",4.8,4.405237803582049,0.39476238715281387
"""CNR2506717""","""CID2014216""",4.4031615,4.405237803582049,-0.002076277855731057
"""CNR1372824""","""CID8004483""",4.405319,4.405237803582049,8.14102851380838e-05
"""CNR7233581""","""CID1185790""",3.7,4.405237803582049,-0.7052377558983336
"""CNR7755366""","""CID3708127""",4.4042315,4.405237803582049,-0.0010062552727232443
"""CNR7029618""","""CID7045905""",4.2,4.405237803582049,-0.2052379943169127
"""CNR4569799""","""CID9309378""",4.4021993,4.405237803582049,-0.003038535240984963
"""CNR9323853""","""CID7135474""",4.4098225,4.405237803582049,0.004584660407208396
"""CNR5220727""","""CID6292033""",4.4042315,4.405237803582049,-0.0010062552727232443
"""CNR6659911""","""CID5976189""",4.4,4.405237803582049,-0.005237708214617776
"""CNR7718771""","""CID8089274""",4.4098225,4.405237803582049,0.004584660407208396
"""CNR3768752""","""CID4723466""",4.5,4.405237803582049,0.09476219641795058
"""CNR4172527""","""CID8154361""",5.0,4.405237803582049,0.5947621964179506
"""CNR7562409""","""CID4115061""",4.6,4.405237803582049,0.19476210105051894
"""CNR2138379""","""CID8251831""",4.5,4.405237803582049,0.09476219641795058
"""CNR2036274""","""CID8412901""",4.3,4.405237803582049,-0.10523761284718613
"""CNR5674784""","""CID3481550""",4.4098225,4.405237803582049,0.004584660407208396
"""CNR7375679""","""CID3745448""",4.2,4.405237803582049,-0.2052379943169127
"""CNR2842235""","""CID6595078""",4.4098225,4.405237803582049,0.004584660407208396
"""CNR4960577""","""CID1094535""",4.7,4.405237803582049,0.2947620056830873
"""CNR9415758""","""CID9344556""",4.3,4.405237803582049,-0.10523761284718613
"""CNR5638740""","""CID5524330""",4.4042315,4.405237803582049,-0.0010062552727232443
"""CNR1578112""","""CID7097023""",4.4021993,4.405237803582049,-0.003038535240984963
"""CNR8317490""","""CID4718930""",4.8,4.405237803582049,0.39476238715281387
"""CNR8110462""","""CID8195269""",4.3,4.405237803582049,-0.10523761284718613
"""CNR8373088""","""CID1693531""",3.1,4.405237803582049,-1.305237898949481
"""CNR8145150""","""CID9581536""",5.0,4.405237803582049,0.5947621964179506
"""CNR8283663""","""CID7676065""",4.0,4.405237803582049,-0.4052378035820494
"""CNR9195658""","""CID2948076""",4.4021993,4.405237803582049,-0.003038535240984963
"""CNR7549909""","""CID6983914""",4.4042315,4.405237803582049,-0.0010062552727232443
"""CNR2148446""","""CID7727171""",4.6,4.405237803582049,0.19476210105051894
"""CNR8406641""","""CID2750599""",4.9,4.405237803582049,0.4947622917853822
"""CNR9770258""","""CID4163143""",3.9,4.376986083790243,-0.47698598842281115
"""CNR1525256""","""CID1667219""",4.9,4.405237803582049,0.4947622917853822
"""CNR6861911""","""CID3124691""",3.8,4.405237803582049,-0.6052378512657652
"""CNR9448453""","""CID9433383""",3.8,4.405237803582049,-0.6052378512657652
"""CNR5501296""","""CID7440717""",4.1,4.405237803582049,-0.30523789894948106
"""CNR2735151""","""CID9164295""",5.0,4.405237803582049,0.5947621964179506
"""CNR9563169""","""CID8492210""",4.4031615,4.405237803582049,-0.002076277855731057
"""CNR7335045""","""CID5756495""",4.2,4.405237803582049,-0.2052379943169127
"""CNR1997739""","""CID3565599""",4.4021993,4.405237803582049,-0.003038535240984963
"""CNR8318427""","""CID7382505""",4.404214,4.405237803582049,-0.00102389824757676
"""CNR6305161""","""CID2487172""",4.7,4.405237803582049,0.2947620056830873
"""CNR7179379""","""CID7290352""",4.4021993,4.405237803582049,-0.003038535240984963
"""CNR8323757""","""CID8883418""",4.4098225,4.405237803582049,0.004584660407208396
"""CNR9351778""","""CID3052382""",3.6,4.405237803582049,-0.8052378989494811
"""CNR7016464""","""CID3549554""",4.4098225,4.405237803582049,0.004584660407208396
"""CNR5658222""","""CID4668912""",4.9,4.405237803582049,0.4947622917853822
"""CNR9548182""","""CID4162520""",4.6,4.405237803582049,0.19476210105051894
"""CNR5706765""","""CID6050225""",3.8,4.405237803582049,-0.6052378512657652
"""CNR4302556""","""CID1891694""",4.2,4.405237803582049,-0.2052379943169127
"""CNR4770578""","""CID8462835""",4.4031615,4.405237803582049,-0.002076277855731057
"""CNR2228383""","""CID4468449""",4.7,4.405237803582049,0.2947620056830873
"""CNR4326280""","""CID4618700""",4.3,4.405237803582049,-0.10523761284718613
"""CNR7046440""","""CID9050386""",5.0,4.405237803582049,0.5947621964179506
"""CNR9861554""","""CID4976446""",4.4098225,4.405237803582049,0.004584660407208396
"""CNR1948905""","""CID1657010""",4.2,4.405237803582049,-0.2052379943169127
"""CNR8819259""","""CID6026145""",4.4042315,4.405237803582049,-0.0010062552727232443
"""CNR8742311""","""CID7826201""",4.2,4.405237803582049,-0.2052379943169127
"""CNR2683900""","""CID4657534""",3.1,4.405237803582049,-1.305237898949481
"""CNR5024616""","""CID5816125""",3.9,4.405237803582049,-0.5052377082146178
"""CNR6797077""","""CID3344950""",4.5,4.405237803582049,0.09476219641795058
"""CNR9172232""","""CID1916458""",4.3,4.405237803582049,-0.10523761284718613
"""CNR6154918""","""CID9550740""",4.4,4.405237803582049,-0.005237708214617776
"""CNR8169400""","""CID1745198""",4.2,4.405237803582049,-0.2052379943169127
"""CNR8322969""","""CID5857929""",4.2,4.405237803582049,-0.2052379943169127
"""CNR8166618""","""CID7856169""",3.6,4.405237803582049,-0.8052378989494811
"""CNR7456273""","""CID4596593""",4.6,4.405237803582049,0.19476210105051894
"""CNR7910677""","""CID6153862""",4.404214,4.405237803582049,-0.00102389824757676
"""CNR9862996""","""CID4045626""",4.4021993,4.405237803582049,-0.003038535240984963
"""CNR3146963""","""CID2407445""",4.3,4.405237803582049,-0.10523761284718613
"""CNR3162341""","""CID3588205""",4.2,4.405237803582049,-0.2052379943169127
"""CNR6080791""","""CID2357690""",4.4098225,4.405237803582049,0.004584660407208396
"""CNR1853149""","""CID9156446""",4.4021993,4.405237803582049,-0.003038535240984963
"""CNR9412966""","""CID5276713""",4.3,4.405237803582049,-0.10523761284718613
"""CNR3263919""","""CID9982671""",3.1,4.405237803582049,-1.305237898949481
"""CNR5916766""","""CID9947190""",4.404214,4.405237803582049,-0.00102389824757676
"""CNR6124021""","""CID7805552""",4.4,4.405237803582049,-0.005237708214617776
"""CNR5567196""","""CID1146978""",4.404214,4.405237803582049,-0.00102389824757676
"""CNR9275616""","""CID4089875""",4.4042315,4.405237803582049,-0.0010062552727232443
"""CNR8409987""","""CID7864929""",4.3,4.405237803582049,-0.10523761284718613
"""CNR4765498""","""CID5833881""",4.5,4.405237803582049,0.09476219641795058
"""CNR3208715""","""CID8826533""",5.0,4.405237803582049,0.5947621964179506
"""CNR4579780""","""CID1287915""",4.0,4.405237803582049,-0.4052378035820494
"""CNR1898919""","""CID7630284""",4.1,4.405237803582049,-0.30523789894948106
"""CNR3552684""","""CID1718817""",4.3,4.405237803582049,-0.10523761284718613
"""CNR1089391""","""CID6643660""",4.6,4.405237803582049,0.19476210105051894
"""CNR3316816""","""CID4209532""",4.4021993,4.405237803582049,-0.003038535240984963
"""CNR7053635""","""CID7190928""",4.4098225,4.405237803582049,0.004584660407208396
"""CNR2707568""","""CID2149030""",4.0,4.405237803582049,-0.4052378035820494
"""CNR1937438""","""CID8551818""",4.0,4.405237803582049,-0.4052378035820494
"""CNR4444919""","""CID2232382""",4.4031615,4.405237803582049,-0.002076277855731057
"""CNR5782238""","""CID1897247""",4.4,4.405237803582049,-0.005237708214617776
"""CNR9417829""","""CID9404834""",5.0,4.405237803582049,0.5947621964179506
"""CNR3739973""","""CID3642355""",5.0,4.405237803582049,0.5947621964179506
"""CNR9732353""","""CID7388272""",4.3,4.405237803582049,-0.10523761284718613
"""CNR5647701""","""CID4680848""",3.2,4.405237803582049,-1.2052377558983336
"""CNR3124092""","""CID2968511""",4.4021993,4.405237803582049,-0.003038535240984963
"""CNR7666450""","""CID7718562""",4.7,4.376986083790243,0.32301372547489393
"""CNR5900967""","""CID9867182""",4.5,4.405237803582049,0.09476219641795058
"""CNR8919248""","""CID3022653""",4.9,4.405237803582049,0.4947622917853822
"""CNR6017557""","""CID8291819""",3.4,4.405237803582049,-1.0052377082146178
"""CNR8498472""","""CID8544406""",4.4021993,4.405237803582049,-0.003038535240984963
"""CNR4687789""","""CID7392854""",4.9,4.376986083790243,0.5230140115771889
"""CNR9926039""","""CID4336816""",4.4098225,4.405237803582049,0.004584660407208396
"""CNR2226164""","""CID2233860""",4.404214,4.405237803582049,-0.00102389824757676
"""CNR6878397""","""CID1043323""",4.2,4.405237803582049,-0.2052379943169127
"""CNR5947398""","""CID8326540""",4.4042315,4.405237803582049,-0.0010062552727232443
"""CNR3718225""","""CID9735147""",4.3,4.405237803582049,-0.10523761284718613
"""CNR3655417""","""CID3743372""",3.4,4.405237803582049,-1.0052377082146178
"""CNR2634196""","""CID2396654""",4.3,4.405237803582049,-0.10523761284718613
"""CNR8266312""","""CID4088127""",4.7,4.405237803582049,0.2947620056830873
"""CNR4609700""","""CID4293058""",4.4098225,4.405237803582049,0.004584660407208396
"""CNR8311114""","""CID8957732""",4.4021993,4.405237803582049,-0.003038535240984963
"""CNR5256441""","""CID3457383""",4.1,4.405237803582049,-0.30523789894948106
"""CNR4765550""","""CID5329047""",3.5,4.405237803582049,-0.9052378035820494
"""CNR4796377""","""CID5392835""",4.4021993,4.405237803582049,-0.003038535240984963
"""CNR9649455""","""CID4123109""",4.4031615,4.405237803582049,-0.002076277855731057
"""CNR2602074""","""CID7511890""",3.3,4.405237803582049,-1.1052378512657652
"""CNR8419215""","""CID7342922""",4.5,4.405237803582049,0.09476219641795058
"""CNR4536808""","""CID6980441""",3.7,4.405237803582049,-0.7052377558983336
"""CNR4652507""","""CID7111357""",4.4031615,4.405237803582049,-0.002076277855731057
"""CNR4670032""","""CID2628418""",4.4042315,4.405237803582049,-0.0010062552727232443
"""CNR1760526""","""CID9228798""",4.4,4.405237803582049,-0.005237708214617776
"""CNR1189427""","""CID5027241""",4.4098225,4.405237803582049,0.004584660407208396
"""CNR1798573""","""CID7069105""",4.9,4.405237803582049,0.4947622917853822
"""CNR1305239""","""CID3769601""",4.5,4.405237803582049,0.09476219641795058
"""CNR2795259""","""CID3094509""",4.4031615,4.405237803582049,-0.002076277855731057
"""CNR9308880""","""CID9048500""",4.8,4.405237803582049,0.39476238715281387
"""CNR8116995""","""CID1754026""",4.4042315,4.405237803582049,-0.0010062552727232443
"""CNR8739603""","""CID6439163""",4.404214,4.405237803582049,-0.00102389824757676
"""CNR4860290""","""CID1567241""",3.6,4.405237803582049,-0.8052378989494811
"""CNR1918703""","""CID8503010""",3.7,4.405237803582049,-0.7052377558983336
"""CNR9676481""","""CID6849338""",4.6,4.405237803582049,0.19476210105051894
"""CNR4436422""","""CID4145387""",4.404214,4.405237803582049,-0.00102389824757676
"""CNR1237978""","""CID2404742""",4.4098225,4.405237803582049,0.004584660407208396
"""CNR6193667""","""CID1020164""",4.3,4.405237803582049,-0.10523761284718613
"""CNR1885221""","""CID3114967""",4.1,4.405237803582049,-0.30523789894948106
"""CNR8000493""","""CID1141904""",5.0,4.405237803582049,0.5947621964179506
"""CNR2902300""","""CID6346753""",4.6,4.405237803582049,0.19476210105051894
"""CNR4462783""","""CID6566159""",5.0,4.405237803582049,0.5947621964179506
"""CNR4943909""","""CID4113933""",4.404214,4.405237803582049,-0.00102389824757676
"""CNR7117636""","""CID8931492""",3.5,4.405237803582049,-0.9052378035820494
"""CNR4567766""","""CID9547853""",4.1,4.405237803582049,-0.30523789894948106
"""CNR1383501""","""CID6510711""",4.3,4.405237803582049,-0.10523761284718613
"""CNR2290127""","""CID7941257""",4.9,4.405237803582049,0.4947622917853822
"""CNR5634814""","""CID2047211""",4.4098225,4.405237803582049,0.004584660407208396
"""CNR6277019""","""CID6652961""",4.4021993,4.405237803582049,-0.003038535240984963
"""CNR4371115""","""CID7343077""",4.9,4.405237803582049,0.4947622917853822
"""CNR7502621""","""CID9983328""",3.8,4.405237803582049,-0.6052378512657652
"""CNR3054870""","""CID7914061""",4.9,4.405237803582049,0.4947622917853822
"""CNR4822225""","""CID7217331""",4.5,4.405237803582049,0.09476219641795058
"""CNR5622175""","""CID3572593""",4.2,4.405237803582049,-0.2052379943169127
"""CNR4103162""","""CID7056942""",4.4031615,4.405237803582049,-0.002076277855731057
"""CNR7331098""","""CID4931417""",4.4031615,4.405237803582049,-0.002076277855731057
"""CNR1794869""","""CID6987931""",4.405319,4.405237803582049,8.14102851380838e-05
"""CNR5641108""","""CID8968173""",3.7,4.405237803582049,-0.7052377558983336
"""CNR8694362""","""CID6952222""",4.2,4.405237803582049,-0.2052379943169127
"""CNR8039383""","""CID1269009""",4.4031615,4.405237803582049,-0.002076277855731057
"""CNR4316095""","""CID2427452""",4.8,4.405237803582049,0.39476238715281387
"""CNR1239482""","""CID6166376""",4.4042315,4.405237803582049,-0.0010062552727232443
"""CNR7794392""","""CID7338474""",4.4021993,4.405237803582049,-0.003038535240984963
"""CNR1216875""","""CID3020246""",4.4098225,4.405237803582049,0.004584660407208396
"""CNR7961841""","""CID1667253""",4.8,4.405237803582049,0.39476238715281387
"""CNR8914293""","""CID9570983""",4.2,4.405237803582049,-0.2052379943169127
"""CNR9016415""","""CID1139022""",4.6,4.405237803582049,0.19476210105051894
"""CNR6942190""","""CID7221654""",4.4031615,4.405237803582049,-0.002076277855731057
"""CNR7464990""","""CID7119402""",4.9,4.405237803582049,0.4947622917853822
"""CNR4989930""","""CID7218628""",4.4031615,4.405237803582049,-0.002076277855731057
"""CNR9054054""","""CID8339369""",4.8,4.405237803582049,0.39476238715281387
"""CNR4382251""","""CID3047276""",4.9,4.405237803582049,0.4947622917853822
"""CNR8265360""","""CID4824076""",4.8,4.405237803582049,0.39476238715281387
"""CNR6494609""","""CID8034462""",3.9,4.376986083790243,-0.47698598842281115
"""CNR8491013""","""CID2347056""",4.2,4.405237803582049,-0.2052379943169127
"""CNR3707414""","""CID7541750""",4.4021993,4.405237803582049,-0.003038535240984963
"""CNR1391473""","""CID9908306""",4.405319,4.405237803582049,8.14102851380838e-05
"""CNR1420485""","""CID6059336""",4.5,4.405237803582049,0.09476219641795058
"""CNR6167465""","""CID2625122""",4.4042315,4.405237803582049,-0.0010062552727232443
"""CNR3350348""","""CID9096774""",3.7,4.405237803582049,-0.7052377558983336
"""CNR5065048""","""CID9014503""",4.3,4.405237803582049,-0.10523761284718613
"""CNR5511532""","""CID4221578""",3.8,4.405237803582049,-0.6052378512657652
"""CNR2071824""","""CID7318647""",4.4031615,4.405237803582049,-0.002076277855731057
"""CNR1815322""","""CID1045509""",4.9,4.405237803582049,0.4947622917853822
"""CNR9870418""","""CID4973554""",3.3,4.405237803582049,-1.1052378512657652
"""CNR8816774""","""CID1391792""",4.2,4.405237803582049,-0.2052379943169127
"""CNR6093573""","""CID1653294""",4.3,4.405237803582049,-0.10523761284718613
"""CNR5466245""","""CID6554694""",4.2,4.405237803582049,-0.2052379943169127
"""CNR8350713""","""CID4200870""",4.4098225,4.405237803582049,0.004584660407208396
"""CNR4697652""","""CID7084280""",3.3,4.405237803582049,-1.1052378512657652
"""CNR1387730""","""CID6390635""",4.2,4.405237803582049,-0.2052379943169127
"""CNR8916410""","""CID7342282""",4.2,4.405237803582049,-0.2052379943169127
"""CNR6900990""","""CID9207059""",3.8,4.405237803582049,-0.6052378512657652
"""CNR6595419""","""CID1580325""",4.4021993,4.405237803582049,-0.003038535240984963
"""CNR6618950""","""CID1332265""",4.4,4.405237803582049,-0.005237708214617776
"""CNR1089726""","""CID8701244""",4.8,4.405237803582049,0.39476238715281387
"""CNR7510508""","""CID6396234""",4.8,4.405237803582049,0.39476238715281387
"""CNR5998093""","""CID1714179""",3.4,4.405237803582049,-1.0052377082146178
"""CNR1763994""","""CID2145922""",4.6,4.405237803582049,0.19476210105051894
"""CNR5771590""","""CID9854186""",4.8,4.405237803582049,0.39476238715281387
"""CNR8986526""","""CID6876085""",4.7,4.405237803582049,0.2947620056830873
"""CNR9631838""","""CID7817343""",5.0,4.405237803582049,0.5947621964179506
"""CNR9233741""","""CID8388462""",3.9,4.405237803582049,-0.5052377082146178
"""CNR5635998""","""CID5708310""",3.7,4.405237803582049,-0.7052377558983336
"""CNR3241256""","""CID1170176""",4.404214,4.405237803582049,-0.00102389824757676
"""CNR7495444""","""CID9487073""",4.4,4.405237803582049,-0.005237708214617776
"""CNR1428793""","""CID8138613""",4.4031615,4.405237803582049,-0.002076277855731057
"""CNR3602715""","""CID3645538""",4.5,4.405237803582049,0.09476219641795058
"""CNR4173195""","""CID7232344""",4.2,4.405237803582049,-0.2052379943169127
"""CNR6697726""","""CID7873173""",4.404214,4.405237803582049,-0.00102389824757676
"""CNR6609725""","""CID6985093""",4.2,4.405237803582049,-0.2052379943169127
"""CNR4798607""","""CID4976312""",4.1,4.405237803582049,-0.30523789894948106
"""CNR6898616""","""CID9505797""",3.8,4.405237803582049,-0.6052378512657652
"""CNR1089369""","""CID4518658""",4.2,4.405237803582049,-0.2052379943169127
"""CNR8399386""","""CID2877369""",4.2,4.405237803582049,-0.2052379943169127
"""CNR1686654""","""CID4991946""",4.405319,4.405237803582049,8.14102851380838e-05
"""CNR1372899""","""CID5835257""",4.4042315,4.405237803582049,-0.0010062552727232443
"""CNR3411849""","""CID6838694""",4.4042315,4.405237803582049,-0.0010062552727232443
"""CNR1332405""","""CID1431215""",4.9,4.405237803582049,0.4947622917853822
"""CNR1218488""","""CID3257460""",4.9,4.405237803582049,0.4947622917853822
"""CNR7892697""","""CID5417099""",4.4031615,4.405237803582049,-0.002076277855731057
"""CNR4950234""","""CID6282209""",4.8,4.376986083790243,0.4230141069446205
"""CNR7660683""","""CID6043500""",4.6,4.405237803582049,0.19476210105051894
"""CNR1219476""","""CID2256924""",5.0,4.405237803582049,0.5947621964179506
"""CNR6731726""","""CID3156243""",4.8,4.405237803582049,0.39476238715281387
"""CNR5909422""","""CID7038757""",3.2,4.405237803582049,-1.2052377558983336
"""CNR7133958""","""CID9858028""",4.6,4.405237803582049,0.19476210105051894
"""CNR3731180""","""CID3771080""",4.405319,4.405237803582049,8.14102851380838e-05
"""CNR6332619""","""CID5238276""",4.5,4.405237803582049,0.09476219641795058
"""CNR9018259""","""CID4987277""",4.404214,4.405237803582049,-0.00102389824757676
"""CNR3208102""","""CID5798390""",4.8,4.405237803582049,0.39476238715281387
"""CNR2248940""","""CID8250152""",3.3,4.405237803582049,-1.1052378512657652
"""CNR2916602""","""CID3532441""",4.8,4.405237803582049,0.39476238715281387
"""CNR5478695""","""CID9234195""",4.404214,4.405237803582049,-0.00102389824757676
"""CNR5796768""","""CID1466703""",4.4,4.405237803582049,-0.005237708214617776
"""CNR3297075""","""CID4142704""",3.1,4.405237803582049,-1.305237898949481
"""CNR8962196""","""CID6941922""",4.4021993,4.405237803582049,-0.003038535240984963
"""CNR8428863""","""CID3852306""",4.4098225,4.405237803582049,0.004584660407208396
"""CNR5827328""","""CID4887013""",4.9,4.405237803582049,0.4947622917853822
"""CNR5479020""","""CID5186282""",4.4031615,4.405237803582049,-0.002076277855731057
"""CNR6209617""","""CID7412379""",4.4021993,4.405237803582049,-0.003038535240984963
"""CNR6048866""","""CID6044486""",4.2,4.405237803582049,-0.2052379943169127
"""CNR1396929""","""CID3381228""",4.4021993,4.405237803582049,-0.003038535240984963
"""CNR7531304""","""CID1638103""",4.6,4.405237803582049,0.19476210105051894
"""CNR7366739""","""CID1939146""",4.4031615,4.405237803582049,-0.002076277855731057
"""CNR3502878""","""CID5984338""",4.4042315,4.405237803582049,-0.0010062552727232443
"""CNR2692380""","""CID3114991""",4.5,4.405237803582049,0.09476219641795058
"""CNR5737145""","""CID5332903""",5.0,4.405237803582049,0.5947621964179506
"""CNR5503938""","""CID7288622""",4.2,4.405237803582049,-0.2052379943169127
"""CNR4310836""","""CID1229173""",4.4,4.405237803582049,-0.005237708214617776
"""CNR9359915""","""CID4229322""",4.2,4.405237803582049,-0.2052379943169127
"""CNR9935706""","""CID2399433""",4.405319,4.405237803582049,8.14102851380838e-05
"""CNR6163713""","""CID9149475""",5.0,4.405237803582049,0.5947621964179506
"""CNR2591844""","""CID3214185""",5.0,4.405237803582049,0.5947621964179506
"""CNR8810662""","""CID8779772""",4.1,4.405237803582049,-0.30523789894948106
"""CNR2456674""","""CID5288919""",4.2,4.405237803582049,-0.2052379943169127
"""CNR3955373""","""CID3523679""",4.4031615,4.405237803582049,-0.002076277855731057
"""CNR4995802""","""CID1782425""",4.5,4.405237803582049,0.09476219641795058
"""CNR3076305""","""CID3843819""",4.6,4.405237803582049,0.19476210105051894
"""CNR1855541""","""CID4985271""",4.4098225,4.405237803582049,0.004584660407208396
"""CNR2975980""","""CID1672613""",4.4,4.405237803582049,-0.005237708214617776
"""CNR8065443""","""CID2967746""",4.4021993,4.405237803582049,-0.003038535240984963
"""CNR4048084""","""CID9852079""",4.4098225,4.405237803582049,0.004584660407208396
"""CNR8368894""","""CID4032717""",3.6,4.405237803582049,-0.8052378989494811
"""CNR8393170""","""CID5900494""",5.0,4.405237803582049,0.5947621964179506
"""CNR8729566""","""CID4821078""",4.1,4.405237803582049,-0.30523789894948106
"""CNR3728835""","""CID1810569""",4.2,4.405237803582049,-0.2052379943169127
"""CNR5833632""","""CID7559630""",4.4021993,4.405237803582049,-0.003038535240984963
"""CNR7077018""","""CID1729279""",4.4042315,4.405237803582049,-0.0010062552727232443
"""CNR5250741""","""CID2043366""",3.8,4.405237803582049,-0.6052378512657652
"""CNR3636325""","""CID8535322""",4.4042315,4.405237803582049,-0.0010062552727232443
"""CNR7578214""","""CID8638668""",4.4021993,4.405237803582049,-0.003038535240984963
"""CNR9889244""","""CID5420696""",4.4031615,4.405237803582049,-0.002076277855731057
"""CNR5492793""","""CID8894462""",4.404214,4.405237803582049,-0.00102389824757676
"""CNR3656500""","""CID1267826""",3.7,4.405237803582049,-0.7052377558983336
"""CNR7942522""","""CID4149884""",4.4,4.405237803582049,-0.005237708214617776
"""CNR4602740""","""CID8492030""",4.4098225,4.376986083790243,0.032836380199015025
"""CNR2833839""","""CID1544874""",4.1,4.405237803582049,-0.30523789894948106
"""CNR3851741""","""CID9841086""",4.4021993,4.405237803582049,-0.003038535240984963
"""CNR4077642""","""CID9605394""",4.6,4.405237803582049,0.19476210105051894
"""CNR6084444""","""CID3800307""",4.404214,4.405237803582049,-0.00102389824757676
"""CNR1929978""","""CID5318133""",4.4042315,4.405237803582049,-0.0010062552727232443
"""CNR4339533""","""CID3221673""",4.4,4.405237803582049,-0.005237708214617776
"""CNR7423220""","""CID7716263""",3.6,4.405237803582049,-0.8052378989494811
"""CNR3386278""","""CID1515475""",4.8,4.405237803582049,0.39476238715281387
"""CNR6119867""","""CID9054121""",4.2,4.405237803582049,-0.2052379943169127
"""CNR6422496""","""CID9554492""",5.0,4.405237803582049,0.5947621964179506
"""CNR5902757""","""CID2863148""",3.8,4.405237803582049,-0.6052378512657652
"""CNR6782646""","""CID5160198""",4.8,4.487649406569887,0.31235078416497597
"""CNR1720813""","""CID1820040""",4.1,4.405237803582049,-0.30523789894948106
"""CNR4465530""","""CID1012116""",4.3,4.405237803582049,-0.10523761284718613
"""CNR7822213""","""CID7861630""",5.0,4.405237803582049,0.5947621964179506
"""CNR5185568""","""CID5926282""",5.0,4.405237803582049,0.5947621964179506
"""CNR7093552""","""CID6521011""",4.7,4.376986083790243,0.32301372547489393
"""CNR6480709""","""CID7690852""",4.6,4.405237803582049,0.19476210105051894
"""CNR8386841""","""CID3367334""",4.404214,4.405237803582049,-0.00102389824757676
"""CNR9129572""","""CID6308991""",4.9,4.405237803582049,0.4947622917853822
"""CNR7721918""","""CID9589307""",4.405319,4.405237803582049,8.14102851380838e-05
"""CNR2599603""","""CID4962035""",4.405319,4.405237803582049,8.14102851380838e-05
"""CNR2090608""","""CID6403434""",4.6,4.405237803582049,0.19476210105051894
"""CNR5501354""","""CID6689476""",4.4031615,4.405237803582049,-0.002076277855731057
"""CNR7176587""","""CID5377650""",4.3,4.376986083790243,-0.0769858930553795
"""CNR4122694""","""CID1834670""",4.3,4.405237803582049,-0.10523761284718613
"""CNR1338914""","""CID4958757""",4.9,4.405237803582049,0.4947622917853822
"""CNR5397385""","""CID8716701""",4.4,4.405237803582049,-0.005237708214617776
"""CNR7830846""","""CID9763539""",4.2,4.405237803582049,-0.2052379943169127
"""CNR1850683""","""CID1822075""",4.4,4.405237803582049,-0.005237708214617776
"""CNR2773935""","""CID4293447""",3.1,4.405237803582049,-1.305237898949481
"""CNR7480093""","""CID8427518""",4.4031615,4.405237803582049,-0.002076277855731057
"""CNR3953665""","""CID6501657""",4.9,4.405237803582049,0.4947622917853822
"""CNR8556142""","""CID6582784""",3.8,4.376986083790243,-0.5769861314739586
"""CNR2907527""","""CID7063653""",4.6,4.405237803582049,0.19476210105051894
"""CNR4407837""","""CID2240525""",4.4,4.405237803582049,-0.005237708214617776
"""CNR6818701""","""CID5746855""",4.1,4.405237803582049,-0.30523789894948106
"""CNR3409148""","""CID7153759""",5.0,4.405237803582049,0.5947621964179506
"""CNR3243401""","""CID4963177""",4.8,4.405237803582049,0.39476238715281387
"""CNR4722232""","""CID8935785""",4.9,4.376986083790243,0.5230140115771889
"""CNR9877337""","""CID4755498""",4.6,4.405237803582049,0.19476210105051894
"""CNR3974198""","""CID1602305""",4.4050717,4.405237803582049,-0.00016606819996933808
"""CNR5421864""","""CID7562193""",4.3,4.405237803582049,-0.10523761284718613
"""CNR4837725""","""CID1785007""",4.3,4.405237803582049,-0.10523761284718613
"""CNR6638435""","""CID6627243""",3.8,4.405237803582049,-0.6052378512657652
"""CNR2086835""","""CID2274453""",4.9,4.376986083790243,0.5230140115771889
"""CNR4121023""","""CID5512201""",4.405319,4.405237803582049,8.14102851380838e-05
"""CNR8423459""","""CID6587219""",4.4021993,4.405237803582049,-0.003038535240984963
"""CNR1948989""","""CID4821721""",4.6,4.405237803582049,0.19476210105051894
"""CNR9188686""","""CID1112455""",4.7,4.405237803582049,0.2947620056830873
"""CNR3721708""","""CID6755815""",4.405319,4.405237803582049,8.14102851380838e-05
"""CNR2249494""","""CID1006720""",4.4,4.405237803582049,-0.005237708214617776
"""CNR9878830""","""CID4388935""",4.4031615,4.405237803582049,-0.002076277855731057
"""CNR8023717""","""CID2189814""",4.6,4.405237803582049,0.19476210105051894
"""CNR6258054""","""CID1033608""",4.4098225,4.405237803582049,0.004584660407208396
"""CNR8587826""","""CID9910090""",4.9,4.405237803582049,0.4947622917853822
"""CNR8018422""","""CID7611354""",4.6,4.405237803582049,0.19476210105051894
"""CNR3975051""","""CID5797043""",4.4042315,4.376986083790243,0.027245464519083384
"""CNR1909904""","""CID2955135""",3.7,4.405237803582049,-0.7052377558983336
"""CNR9963713""","""CID4021362""",4.9,4.405237803582049,0.4947622917853822
"""CNR9494383""","""CID8011642""",4.4098225,4.405237803582049,0.004584660407208396
"""CNR3015622""","""CID7428532""",4.7,4.376986083790243,0.32301372547489393
"""CNR9733578""","""CID1574356""",4.5,4.405237803582049,0.09476219641795058
"""CNR2818077""","""CID6851061""",4.404214,4.405237803582049,-0.00102389824757676
"""CNR5134689""","""CID4347209""",4.2,4.405237803582049,-0.2052379943169127
"""CNR3394935""","""CID3876151""",4.3,4.405237803582049,-0.10523761284718613
"""CNR8908363""","""CID1369055""",3.7,4.405237803582049,-0.7052377558983336
"""CNR3224338""","""CID8687974""",4.2,4.405237803582049,-0.2052379943169127
"""CNR1375350""","""CID9834571""",4.2,4.405237803582049,-0.2052379943169127
"""CNR8228704""","""CID9882501""",4.9,4.405237803582049,0.4947622917853822
"""CNR6587377""","""CID5889457""",3.2,4.405237803582049,-1.2052377558983336
"""CNR5566209""","""CID9621178""",3.0,4.376986083790243,-1.3769860837902428
"""CNR3056994""","""CID8188054""",3.6,4.405237803582049,-0.8052378989494811
"""CNR2187627""","""CID6503087""",4.4042315,4.405237803582049,-0.0010062552727232443
"""CNR7349217""","""CID9938755""",4.4031615,4.405237803582049,-0.002076277855731057
"""CNR7046122""","""CID9284400""",4.404214,4.405237803582049,-0.00102389824757676
"""CNR8619913""","""CID1765267""",4.7,4.405237803582049,0.2947620056830873
"""CNR4501731""","""CID6672109""",4.6,4.405237803582049,0.19476210105051894
"""CNR4768186""","""CID4103622""",4.8,4.405237803582049,0.39476238715281387
"""CNR4213225""","""CID4895097""",4.4031615,4.405237803582049,-0.002076277855731057
"""CNR9835984""","""CID9964638""",4.3,4.405237803582049,-0.10523761284718613
"""CNR1680794""","""CID3562155""",4.5,4.405237803582049,0.09476219641795058
"""CNR4481242""","""CID1996050""",4.2,4.405237803582049,-0.2052379943169127
"""CNR4470889""","""CID2142419""",4.4021993,4.405237803582049,-0.003038535240984963
"""CNR5013975""","""CID2973537""",4.2,4.405237803582049,-0.2052379943169127
"""CNR3335439""","""CID1951015""",4.4098225,4.405237803582049,0.004584660407208396
"""CNR3178976""","""CID7749739""",4.3,4.405237803582049,-0.10523761284718613
"""CNR1760649""","""CID1904097""",4.6,4.405237803582049,0.19476210105051894
"""CNR8461663""","""CID1453838""",4.9,4.405237803582049,0.4947622917853822
"""CNR6697393""","""CID5425873""",4.1,4.405237803582049,-0.30523789894948106
"""CNR6990671""","""CID2352302""",4.4,4.405237803582049,-0.005237708214617776
"""CNR3599522""","""CID6074980""",4.2,4.405237803582049,-0.2052379943169127
"""CNR3730838""","""CID8918746""",4.6,4.405237803582049,0.19476210105051894
"""CNR6262174""","""CID4943288""",4.3,4.405237803582049,-0.10523761284718613
"""CNR4126978""","""CID4355915""",4.4021993,4.405237803582049,-0.003038535240984963
"""CNR6657243""","""CID8800844""",4.6,4.405237803582049,0.19476210105051894
"""CNR2253111""","""CID4468597""",3.3,4.405237803582049,-1.1052378512657652
"""CNR7566520""","""CID5417446""",4.4021993,4.405237803582049,-0.003038535240984963
"""CNR7565966""","""CID3274982""",4.5,4.405237803582049,0.09476219641795058
"""CNR5113495""","""CID9004312""",4.4021993,4.405237803582049,-0.003038535240984963
"""CNR5663619""","""CID2314082""",4.4031615,4.405237803582049,-0.002076277855731057
"""CNR3080061""","""CID7174790""",4.4098225,4.405237803582049,0.004584660407208396
"""CNR1430611""","""CID4327136""",3.9,4.405237803582049,-0.5052377082146178
"""CNR5442434""","""CID1410108""",4.4042315,4.405237803582049,-0.0010062552727232443
"""CNR2926412""","""CID2626852""",4.5,4.405237803582049,0.09476219641795058
"""CNR5460373""","""CID6236805""",4.4042315,4.405237803582049,-0.0010062552727232443
"""CNR2444740""","""CID8154061""",4.5,4.405237803582049,0.09476219641795058
"""CNR1354327""","""CID9734770""",4.6,4.405237803582049,0.19476210105051894
"""CNR9497240""","""CID5506646""",4.9,4.405237803582049,0.4947622917853822
"""CNR7912055""","""CID3793893""",4.1,4.405237803582049,-0.30523789894948106
"""CNR1714597""","""CID6430187""",4.4,4.405237803582049,-0.005237708214617776
"""CNR6819202""","""CID8222906""",4.4042315,4.405237803582049,-0.0010062552727232443
"""CNR1817979""","""CID6019889""",4.4042315,4.405237803582049,-0.0010062552727232443
"""CNR5588269""","""CID9709522""",4.405319,4.405237803582049,8.14102851380838e-05
"""CNR8006895""","""CID4815305""",4.8,4.405237803582049,0.39476238715281387
"""CNR2286057""","""CID3197456""",4.6,4.405237803582049,0.19476210105051894
"""CNR1943833""","""CID9147821""",4.4042315,4.405237803582049,-0.0010062552727232443
"""CNR5712732""","""CID6728009""",3.8,4.405237803582049,-0.6052378512657652
"""CNR6345736""","""CID3907897""",4.4042315,4.405237803582049,-0.0010062552727232443
"""CNR3239370""","""CID8555928""",4.405319,4.405237803582049,8.14102851380838e-05
"""CNR6140566""","""CID9065430""",4.4021993,4.405237803582049,-0.003038535240984963
"""CNR6969618""","""CID1550051""",4.6,4.405237803582049,0.19476210105051894
"""CNR1064168""","""CID3294920""",4.404214,4.405237803582049,-0.00102389824757676
"""CNR1482735""","""CID1078628""",3.7,4.405237803582049,-0.7052377558983336
"""CNR9559964""","""CID6248574""",3.8,4.405237803582049,-0.6052378512657652
"""CNR5682531""","""CID7080169""",4.404214,4.405237803582049,-0.00102389824757676
"""CNR6806080""","""CID8904574""",4.3,4.405237803582049,-0.10523761284718613
"""CNR2081245""","""CID3557437""",4.4042315,4.405237803582049,-0.0010062552727232443
"""CNR9140811""","""CID8664987""",4.3,4.405237803582049,-0.10523761284718613
"""CNR7439127""","""CID2424398""",3.9,4.405237803582049,-0.5052377082146178
"""CNR6422757""","""CID1329350""",5.0,4.405237803582049,0.5947621964179506
"""CNR1880677""","""CID9580426""",4.9,4.405237803582049,0.4947622917853822
"""CNR6261414""","""CID9606306""",4.4031615,4.405237803582049,-0.002076277855731057
"""CNR8211452""","""CID3834834""",4.4042315,4.405237803582049,-0.0010062552727232443
"""CNR1377221""","""CID9776034""",4.4031615,4.405237803582049,-0.002076277855731057
"""CNR9474644""","""CID9889481""",3.5,4.405237803582049,-0.9052378035820494
"""CNR5640954""","""CID5615645""",4.9,4.405237803582049,0.4947622917853822
"""CNR5051484""","""CID9281888""",4.3,4.405237803582049,-0.10523761284718613
"""CNR3410000""","""CID3366037""",4.4042315,4.405237803582049,-0.0010062552727232443
"""CNR4625663""","""CID4907887""",4.3,4.405237803582049,-0.10523761284718613
"""CNR6659671""","""CID4496184""",4.404214,4.405237803582049,-0.00102389824757676
"""CNR7933327""","""CID5195956""",4.4021993,4.405237803582049,-0.003038535240984963
"""CNR3562857""","""CID9999204""",4.4021993,4.405237803582049,-0.003038535240984963
"""CNR6834833""","""CID7370092""",4.4042315,4.405237803582049,-0.0010062552727232443
"""CNR4321031""","""CID1272728""",4.2,4.405237803582049,-0.2052379943169127
"""CNR2285116""","""CID7007113""",4.404214,4.405237803582049,-0.00102389824757676
"""CNR6764691""","""CID5721096""",4.4042315,4.405237803582049,-0.0010062552727232443
"""CNR7164509""","""CID9717214""",4.4021993,4.405237803582049,-0.003038535240984963
"""CNR6505750""","""CID5648413""",3.6,4.405237803582049,-0.8052378989494811
"""CNR7501154""","""CID8405398""",3.7,4.405237803582049,-0.7052377558983336
"""CNR6793030""","""CID3896011""",4.3,4.405237803582049,-0.10523761284718613
"""CNR5578145""","""CID3939950""",4.9,4.405237803582049,0.4947622917853822
"""CNR1937048""","""CID8703018""",4.4031615,4.405237803582049,-0.002076277855731057
"""CNR8941618""","""CID8045152""",4.4042315,4.405237803582049,-0.0010062552727232443
"""CNR8083171""","""CID5011769""",3.7,4.487649406569887,-0.7876493588861715
"""CNR4381269""","""CID3127328""",3.8,4.405237803582049,-0.6052378512657652
"""CNR2346704""","""CID4465166""",4.9,4.405237803582049,0.4947622917853822
"""CNR2392301""","""CID9081034""",4.1,4.405237803582049,-0.30523789894948106
"""CNR4718345""","""CID5936859""",4.4042315,4.376986083790243,0.027245464519083384
"""CNR9482910""","""CID5029459""",4.5,4.405237803582049,0.09476219641795058
"""CNR7549043""","""CID3836434""",4.2,4.405237803582049,-0.2052379943169127
"""CNR9604311""","""CID7706269""",4.4098225,4.405237803582049,0.004584660407208396
"""CNR3790121""","""CID3787863""",3.7,4.405237803582049,-0.7052377558983336
"""CNR1360962""","""CID2241726""",4.4021993,4.405237803582049,-0.003038535240984963
"""CNR5940198""","""CID9725154""",4.4021993,4.376986083790243,0.025213184550821666
"""CNR9982016""","""CID9718214""",4.3,4.405237803582049,-0.10523761284718613
"""CNR7276361""","""CID8674483""",4.3,4.405237803582049,-0.10523761284718613
"""CNR2971122""","""CID7544355""",4.4098225,4.405237803582049,0.004584660407208396
"""CNR8400458""","""CID2161447""",4.0,4.405237803582049,-0.4052378035820494
"""CNR9394473""","""CID3907704""",4.404214,4.405237803582049,-0.00102389824757676
"""CNR2412113""","""CID4684023""",4.9,4.405237803582049,0.4947622917853822
"""CNR8533122""","""CID9240869""",3.3,4.405237803582049,-1.1052378512657652
"""CNR4526581""","""CID5877850""",4.4042315,4.405237803582049,-0.0010062552727232443
"""CNR8835758""","""CID4273407""",4.9,4.405237803582049,0.4947622917853822
"""CNR6435461""","""CID6125904""",4.9,4.405237803582049,0.4947622917853822
"""CNR5229190""","""CID1110783""",4.4021993,4.405237803582049,-0.003038535240984963
"""CNR5262866""","""CID8924844""",3.2,4.405237803582049,-1.2052377558983336
"""CNR7768814""","""CID7781598""",4.4042315,4.405237803582049,-0.0010062552727232443
"""CNR7070384""","""CID4409375""",4.3,4.405237803582049,-0.10523761284718613
"""CNR7526138""","""CID7818428""",4.7,4.405237803582049,0.2947620056830873
"""CNR8954746""","""CID8002315""",4.4031615,4.405237803582049,-0.002076277855731057
"""CNR4252133""","""CID8449656""",4.9,4.405237803582049,0.4947622917853822
"""CNR1784566""","""CID9710862""",4.1,4.376986083790243,-0.27698617915767443
"""CNR8010247""","""CID2193361""",4.3,4.405237803582049,-0.10523761284718613
"""CNR5499899""","""CID4659704""",5.0,4.405237803582049,0.5947621964179506
"""CNR2553580""","""CID9213190""",4.4021993,4.405237803582049,-0.003038535240984963
"""CNR4802303""","""CID9398026""",3.8,4.405237803582049,-0.6052378512657652
"""CNR2733601""","""CID4819650""",3.3,4.376986083790243,-1.0769861314739586
"""CNR7494209""","""CID2349531""",4.8,4.405237803582049,0.39476238715281387
"""CNR5579896""","""CID1675266""",4.8,4.405237803582049,0.39476238715281387
"""CNR8635065""","""CID5670246""",4.404214,4.405237803582049,-0.00102389824757676
"""CNR1100033""","""CID6442313""",4.4098225,4.405237803582049,0.004584660407208396
"""CNR3363203""","""CID2435881""",4.8,4.405237803582049,0.39476238715281387
"""CNR3411771""","""CID8717135""",3.7,4.405237803582049,-0.7052377558983336
"""CNR7570442""","""CID8181525""",4.4042315,4.405237803582049,-0.0010062552727232443
"""CNR8842662""","""CID9575424""",4.2,4.405237803582049,-0.2052379943169127
"""CNR9095209""","""CID5490973""",4.3,4.405237803582049,-0.10523761284718613
"""CNR2755991""","""CID1232767""",4.2,4.405237803582049,-0.2052379943169127
"""CNR8989570""","""CID5339588""",4.4,4.376986083790243,0.023014011577188853
"""CNR8319055""","""CID1233499""",4.4098225,4.405237803582049,0.004584660407208396
"""CNR5386588""","""CID2995712""",4.5,4.376986083790243,0.12301391620975721
"""CNR9339960""","""CID9287655""",4.404214,4.405237803582049,-0.00102389824757676
"""CNR9652675""","""CID7310278""",4.8,4.405237803582049,0.39476238715281387
"""CNR8520942""","""CID5362946""",4.4021993,4.405237803582049,-0.003038535240984963
"""CNR9491287""","""CID6700576""",4.4021993,4.405237803582049,-0.003038535240984963
"""CNR7247064""","""CID4114901""",5.0,4.405237803582049,0.5947621964179506
"""CNR1049806""","""CID9147101""",4.4021993,4.405237803582049,-0.003038535240984963
"""CNR8689183""","""CID2363471""",4.4042315,4.405237803582049,-0.0010062552727232443
"""CNR3866627""","""CID4100007""",4.4042315,4.405237803582049,-0.0010062552727232443
"""CNR9455885""","""CID8349059""",4.4098225,4.405237803582049,0.004584660407208396
"""CNR9073729""","""CID7886623""",4.4021993,4.405237803582049,-0.003038535240984963
"""CNR2007630""","""CID2648938""",4.3,4.405237803582049,-0.10523761284718613
"""CNR8818109""","""CID6288408""",4.1,4.405237803582049,-0.30523789894948106
"""CNR8779635""","""CID6802499""",4.9,4.405237803582049,0.4947622917853822
"""CNR5267856""","""CID7352148""",4.4042315,4.405237803582049,-0.0010062552727232443
"""CNR8250643""","""CID1715984""",4.4042315,4.405237803582049,-0.0010062552727232443
"""CNR9312662""","""CID8446535""",4.405319,4.405237803582049,8.14102851380838e-05
"""CNR4141987""","""CID7879641""",4.5,4.405237803582049,0.09476219641795058
"""CNR3453323""","""CID2793175""",4.4098225,4.405237803582049,0.004584660407208396
"""CNR2942396""","""CID7883404""",4.4031615,4.405237803582049,-0.002076277855731057
"""CNR3517328""","""CID1336319""",4.405319,4.405237803582049,8.14102851380838e-05
"""CNR6190355""","""CID2937207""",4.5,4.405237803582049,0.09476219641795058
"""CNR5906455""","""CID4747480""",4.4021993,4.405237803582049,-0.003038535240984963
"""CNR3715768""","""CID7598205""",4.4031615,4.405237803582049,-0.002076277855731057
"""CNR9212054""","""CID3090026""",3.1,4.405237803582049,-1.305237898949481
"""CNR8630427""","""CID6848561""",4.3,4.405237803582049,-0.10523761284718613
"""CNR1332005""","""CID4319334""",4.5,4.405237803582049,0.09476219641795058
"""CNR5339292""","""CID9685186""",4.7,4.405237803582049,0.2947620056830873
"""CNR3424567""","""CID2365775""",4.405319,4.405237803582049,8.14102851380838e-05
"""CNR2773709""","""CID2243687""",3.8,4.405237803582049,-0.6052378512657652
"""CNR3888486""","""CID7787385""",4.7,4.376986083790243,0.32301372547489393
"""CNR2727694""","""CID2666720""",4.2,4.376986083790243,-0.17698627452510607
"""CNR6162052""","""CID1904707""",4.5,4.405237803582049,0.09476219641795058
"""CNR3405365""","""CID3906891""",5.0,4.405237803582049,0.5947621964179506
"""CNR6394293""","""CID9814880""",4.4,4.405237803582049,-0.005237708214617776
"""CNR9432277""","""CID5003737""",4.4042315,4.405237803582049,-0.0010062552727232443
"""CNR3688485""","""CID9568226""",4.7,4.405237803582049,0.2947620056830873
"""CNR1321146""","""CID8262575""",3.3,4.405237803582049,-1.1052378512657652
"""CNR1572911""","""CID6230710""",4.3,4.405237803582049,-0.10523761284718613
"""CNR3632412""","""CID3470020""",4.4098225,4.405237803582049,0.004584660407208396
"""CNR7105290""","""CID4680941""",4.4021993,4.405237803582049,-0.003038535240984963
"""CNR5683636""","""CID1433159""",4.1,4.405237803582049,-0.30523789894948106
"""CNR6800284""","""CID5756598""",4.6,4.405237803582049,0.19476210105051894
"""CNR7454823""","""CID6596639""",4.4021993,4.405237803582049,-0.003038535240984963
"""CNR2143552""","""CID8088898""",4.1,4.405237803582049,-0.30523789894948106
"""CNR7779790""","""CID7656347""",4.5,4.405237803582049,0.09476219641795058
"""CNR9271952""","""CID3200260""",4.1,4.405237803582049,-0.30523789894948106
"""CNR9870578""","""CID4110548""",5.0,4.405237803582049,0.5947621964179506
"""CNR5208546""","""CID1122589""",4.4042315,4.405237803582049,-0.0010062552727232443
"""CNR9053366""","""CID7909663""",4.7,4.376986083790243,0.32301372547489393
"""CNR2045587""","""CID9187775""",4.5,4.405237803582049,0.09476219641795058
"""CNR1535864""","""CID3343668""",4.4031615,4.405237803582049,-0.002076277855731057
"""CNR4168940""","""CID9503993""",4.6,4.405237803582049,0.19476210105051894
"""CNR1529614""","""CID1606472""",5.0,4.405237803582049,0.5947621964179506
"""CNR9032591""","""CID2709652""",4.3,4.405237803582049,-0.10523761284718613
"""CNR4749777""","""CID6486361""",4.405319,4.405237803582049,8.14102851380838e-05
"""CNR2943122""","""CID1929608""",3.1,4.405237803582049,-1.305237898949481
"""CNR7882647""","""CID7303584""",4.3,4.405237803582049,-0.10523761284718613
"""CNR8905802""","""CID6191745""",4.4098225,4.376986083790243,0.032836380199015025
"""CNR1770727""","""CID8155468""",4.9,4.405237803582049,0.4947622917853822
"""CNR2286379""","""CID7226973""",4.404214,4.405237803582049,-0.00102389824757676
"""CNR5554512""","""CID6709523""",4.4098225,4.405237803582049,0.004584660407208396
"""CNR9593761""","""CID2602221""",4.4,4.405237803582049,-0.005237708214617776
"""CNR7942328""","""CID7383211""",4.3,4.405237803582049,-0.10523761284718613
"""CNR8446971""","""CID2162506""",4.1,4.405237803582049,-0.30523789894948106
"""CNR4876025""","""CID4693723""",4.4042315,4.405237803582049,-0.0010062552727232443
"""CNR9738155""","""CID5203030""",4.3,4.376986083790243,-0.0769858930553795
"""CNR7658614""","""CID5737674""",4.4098225,4.405237803582049,0.004584660407208396
"""CNR6327898""","""CID8639612""",4.2,4.405237803582049,-0.2052379943169127
"""CNR4518559""","""CID5100197""",4.4,4.405237803582049,-0.005237708214617776
"""CNR5481968""","""CID4668847""",4.8,4.405237803582049,0.39476238715281387
"""CNR8408896""","""CID2404397""",4.2,4.405237803582049,-0.2052379943169127
"""CNR6295762""","""CID3988333""",3.8,4.405237803582049,-0.6052378512657652
"""CNR3948879""","""CID7028432""",4.4021993,4.376986083790243,0.025213184550821666
"""CNR2927660""","""CID1444610""",4.4098225,4.405237803582049,0.004584660407208396
"""CNR5501043""","""CID4221982""",4.0,4.405237803582049,-0.4052378035820494
"""CNR5005033""","""CID7181851""",5.0,4.405237803582049,0.5947621964179506
"""CNR5569790""","""CID2707387""",4.4031615,4.405237803582049,-0.002076277855731057
"""CNR3645742""","""CID7993421""",4.3,4.405237803582049,-0.10523761284718613
"""CNR6333881""","""CID5279187""",4.4021993,4.405237803582049,-0.003038535240984963
"""CNR3161761""","""CID5620273""",4.4031615,4.405237803582049,-0.002076277855731057
"""CNR9154920""","""CID4732070""",4.404214,4.405237803582049,-0.00102389824757676
"""CNR3862093""","""CID1922786""",4.5,4.405237803582049,0.09476219641795058
"""CNR1249750""","""CID9684354""",4.9,4.405237803582049,0.4947622917853822
"""CNR7592847""","""CID8321567""",4.4021993,4.405237803582049,-0.003038535240984963
"""CNR8343711""","""CID9546903""",3.7,4.405237803582049,-0.7052377558983336
"""CNR2594119""","""CID5312288""",4.3,4.405237803582049,-0.10523761284718613
"""CNR7385034""","""CID8319360""",4.3,4.405237803582049,-0.10523761284718613
"""CNR2906266""","""CID8514389""",4.8,4.405237803582049,0.39476238715281387
"""CNR1597088""","""CID9285579""",4.4042315,4.405237803582049,-0.0010062552727232443
"""CNR7101323""","""CID8328289""",3.9,4.405237803582049,-0.5052377082146178
"""CNR8880547""","""CID2121221""",4.404214,4.405237803582049,-0.00102389824757676
"""CNR7209480""","""CID1842390""",4.9,4.405237803582049,0.4947622917853822
"""CNR2766111""","""CID9600139""",4.6,4.405237803582049,0.19476210105051894
"""CNR1494849""","""CID8441953""",4.8,4.405237803582049,0.39476238715281387
"""CNR7758329""","""CID6502974""",4.2,4.405237803582049,-0.2052379943169127
"""CNR6960934""","""CID1168723""",4.4098225,4.405237803582049,0.004584660407208396
"""CNR2653577""","""CID9822958""",4.4021993,4.405237803582049,-0.003038535240984963
"""CNR3580773""","""CID3461452""",4.9,4.405237803582049,0.4947622917853822
"""CNR3337129""","""CID3788759""",4.6,4.405237803582049,0.19476210105051894
"""CNR6648256""","""CID7152037""",4.4098225,4.405237803582049,0.004584660407208396
"""CNR2388566""","""CID1093901""",4.4042315,4.405237803582049,-0.0010062552727232443
"""CNR3977146""","""CID7499047""",4.4098225,4.405237803582049,0.004584660407208396
"""CNR9219664""","""CID7328904""",4.404214,4.405237803582049,-0.00102389824757676
"""CNR1074698""","""CID8555689""",4.2,4.405237803582049,-0.2052379943169127
"""CNR9321745""","""CID1967128""",4.4042315,4.405237803582049,-0.0010062552727232443
"""CNR7086906""","""CID4516495""",5.0,4.405237803582049,0.5947621964179506
"""CNR8520184""","""CID7267162""",4.7,4.405237803582049,0.2947620056830873
"""CNR4629723""","""CID5504930""",4.4098225,4.405237803582049,0.004584660407208396
"""CNR7905355""","""CID8374335""",4.2,4.405237803582049,-0.2052379943169127
"""CNR6116763""","""CID2942680""",5.0,4.405237803582049,0.5947621964179506
"""CNR5760530""","""CID8699862""",4.4098225,4.405237803582049,0.004584660407208396
"""CNR4172650""","""CID4225562""",4.4021993,4.405237803582049,-0.003038535240984963
"""CNR2617238""","""CID3350368""",4.4042315,4.405237803582049,-0.0010062552727232443
"""CNR6186098""","""CID6787748""",3.9,4.405237803582049,-0.5052377082146178
"""CNR9183394""","""CID6451393""",3.2,4.405237803582049,-1.2052377558983336
"""CNR2305476""","""CID6223974""",3.7,4.405237803582049,-0.7052377558983336
"""CNR2431426""","""CID6609049""",4.2,4.376986083790243,-0.17698627452510607
"""CNR3970526""","""CID3027032""",4.2,4.405237803582049,-0.2052379943169127
"""CNR8921025""","""CID3195934""",4.3,4.405237803582049,-0.10523761284718613
"""CNR6352637""","""CID3485910""",4.3,4.405237803582049,-0.10523761284718613
"""CNR8905251""","""CID3018693""",4.4042315,4.405237803582049,-0.0010062552727232443
"""CNR7563831""","""CID9245081""",4.2,4.405237803582049,-0.2052379943169127
"""CNR4328701""","""CID8248587""",5.0,4.405237803582049,0.5947621964179506
"""CNR9329214""","""CID2645092""",4.6,4.405237803582049,0.19476210105051894
"""CNR6738034""","""CID5602904""",4.405319,4.405237803582049,8.14102851380838e-05
"""CNR5061363""","""CID5750536""",4.8,4.405237803582049,0.39476238715281387
"""CNR7318271""","""CID7693508""",4.404214,4.405237803582049,-0.00102389824757676
"""CNR9356428""","""CID9997540""",5.0,4.405237803582049,0.5947621964179506
"""CNR2580415""","""CID7563032""",4.8,4.376986083790243,0.4230141069446205
"""CNR4780546""","""CID5614489""",4.404214,4.405237803582049,-0.00102389824757676
"""CNR8336295""","""CID8501479""",4.5,4.405237803582049,0.09476219641795058
"""CNR3872323""","""CID6344238""",4.4042315,4.405237803582049,-0.0010062552727232443
"""CNR2557236""","""CID5087578""",3.4,4.405237803582049,-1.0052377082146178
"""CNR4315220""","""CID8483082""",4.9,4.405237803582049,0.4947622917853822
"""CNR7640230""","""CID3439349""",4.8,4.376986083790243,0.4230141069446205
"""CNR1618432""","""CID1676602""",4.4042315,4.405237803582049,-0.0010062552727232443
"""CNR4642109""","""CID6055646""",4.3,4.405237803582049,-0.10523761284718613
"""CNR5128933""","""CID5920300""",4.8,4.405237803582049,0.39476238715281387
"""CNR7761749""","""CID6894844""",4.1,4.405237803582049,-0.30523789894948106
"""CNR1648991""","""CID3109760""",3.3,4.405237803582049,-1.1052378512657652
"""CNR1234537""","""CID2447190""",4.3,4.405237803582049,-0.10523761284718613
"""CNR4893976""","""CID7474863""",4.9,4.405237803582049,0.4947622917853822
"""CNR9427663""","""CID1532355""",4.9,4.405237803582049,0.4947622917853822
"""CNR1173571""","""CID9620917""",4.404214,4.405237803582049,-0.00102389824757676
"""CNR3817951""","""CID5388187""",4.4042315,4.405237803582049,-0.0010062552727232443
"""CNR7286285""","""CID6567281""",4.3,4.405237803582049,-0.10523761284718613
"""CNR7094450""","""CID7176344""",4.4098225,4.405237803582049,0.004584660407208396
"""CNR9804560""","""CID1305960""",4.2,4.405237803582049,-0.2052379943169127
"""CNR4532326""","""CID8948757""",4.6,4.405237803582049,0.19476210105051894
"""CNR7107245""","""CID7948630""",4.9,4.405237803582049,0.4947622917853822
"""CNR5879775""","""CID4924523""",4.6,4.405237803582049,0.19476210105051894
"""CNR1435065""","""CID5246163""",4.6,4.405237803582049,0.19476210105051894
"""CNR7351146""","""CID2814344""",4.3,4.405237803582049,-0.10523761284718613
"""CNR8151765""","""CID4174647""",4.3,4.405237803582049,-0.10523761284718613
"""CNR5723887""","""CID9077820""",4.5,4.405237803582049,0.09476219641795058
"""CNR6797563""","""CID5257436""",4.4042315,4.405237803582049,-0.0010062552727232443
"""CNR7100776""","""CID8776628""",3.8,4.405237803582049,-0.6052378512657652
"""CNR1585344""","""CID2622290""",4.4021993,4.405237803582049,-0.003038535240984963
"""CNR4973476""","""CID5836904""",4.4042315,4.405237803582049,-0.0010062552727232443
"""CNR6047848""","""CID3019366""",4.2,4.487649406569887,-0.2876495973047506
"""CNR6128604""","""CID5414031""",5.0,4.405237803582049,0.5947621964179506
"""CNR4626881""","""CID2295522""",4.404214,4.405237803582049,-0.00102389824757676
"""CNR9809490""","""CID3296740""",4.4021993,4.405237803582049,-0.003038535240984963
"""CNR4898711""","""CID5151128""",3.7,4.405237803582049,-0.7052377558983336
"""CNR3757772""","""CID2063359""",4.4021993,4.405237803582049,-0.003038535240984963
"""CNR1227156""","""CID5871148""",4.4042315,4.405237803582049,-0.0010062552727232443
"""CNR2736422""","""CID4206548""",4.6,4.405237803582049,0.19476210105051894
"""CNR9301433""","""CID6052547""",4.405319,4.405237803582049,8.14102851380838e-05
"""CNR7644654""","""CID3910564""",3.9,4.405237803582049,-0.5052377082146178
"""CNR5555108""","""CID4626174""",4.9,4.405237803582049,0.4947622917853822
"""CNR7124375""","""CID3867692""",4.4021993,4.405237803582049,-0.003038535240984963
"""CNR8946539""","""CID7999250""",4.4021993,4.405237803582049,-0.003038535240984963
"""CNR6288480""","""CID4177088""",4.1,4.405237803582049,-0.30523789894948106
"""CNR5777777""","""CID7316400""",4.4042315,4.405237803582049,-0.0010062552727232443
"""CNR3152199""","""CID6107557""",4.405319,4.405237803582049,8.14102851380838e-05
"""CNR3942124""","""CID2976646""",4.4021993,4.405237803582049,-0.003038535240984963
"""CNR9011286""","""CID7780481""",4.4042315,4.405237803582049,-0.0010062552727232443
"""CNR4244525""","""CID7252653""",4.5,4.405237803582049,0.09476219641795058
"""CNR3542458""","""CID5671394""",4.4031615,4.405237803582049,-0.002076277855731057
"""CNR4598046""","""CID8357763""",4.3,4.405237803582049,-0.10523761284718613
"""CNR6592078""","""CID9849118""",4.404214,4.405237803582049,-0.00102389824757676
"""CNR7320431""","""CID1306202""",4.2,4.405237803582049,-0.2052379943169127
"""CNR8800722""","""CID5085518""",4.4042315,4.405237803582049,-0.0010062552727232443
"""CNR5463077""","""CID3114794""",4.4021993,4.405237803582049,-0.003038535240984963
"""CNR2335982""","""CID9869713""",3.7,4.405237803582049,-0.7052377558983336
"""CNR3094906""","""CID4013730""",4.4098225,4.405237803582049,0.004584660407208396
"""CNR1900039""","""CID4291637""",4.6,4.405237803582049,0.19476210105051894
"""CNR3649322""","""CID7334576""",4.4050717,4.405237803582049,-0.00016606819996933808
"""CNR3748955""","""CID9377037""",4.4,4.405237803582049,-0.005237708214617776
"""CNR9755007""","""CID9595686""",4.4021993,4.405237803582049,-0.003038535240984963
"""CNR2521760""","""CID6714993""",4.6,4.405237803582049,0.19476210105051894
"""CNR6314219""","""CID3298114""",4.7,4.405237803582049,0.2947620056830873
"""CNR6613473""","""CID9050771""",4.6,4.405237803582049,0.19476210105051894
"""CNR8156963""","""CID6416759""",3.3,4.405237803582049,-1.1052378512657652
"""CNR7899586""","""CID2639596""",4.2,4.405237803582049,-0.2052379943169127
"""CNR2542007""","""CID9191647""",4.7,4.405237803582049,0.2947620056830873
"""CNR7886413""","""CID5602366""",4.6,4.405237803582049,0.19476210105051894
"""CNR5884568""","""CID1928862""",4.405319,4.405237803582049,8.14102851380838e-05
"""CNR2403501""","""CID7898113""",4.4,4.405237803582049,-0.005237708214617776
"""CNR8865788""","""CID4887522""",4.4050717,4.405237803582049,-0.00016606819996933808
"""CNR9587735""","""CID3310310""",4.6,4.405237803582049,0.19476210105051894
"""CNR6049918""","""CID1623748""",4.4042315,4.405237803582049,-0.0010062552727232443
"""CNR6293641""","""CID4225650""",4.7,4.405237803582049,0.2947620056830873
"""CNR4948304""","""CID6501264""",5.0,4.405237803582049,0.5947621964179506
"""CNR4875084""","""CID9358394""",4.405319,4.405237803582049,8.14102851380838e-05
"""CNR8424427""","""CID4340944""",4.9,4.405237803582049,0.4947622917853822
"""CNR1478779""","""CID2451350""",4.9,4.405237803582049,0.4947622917853822
"""CNR7228578""","""CID3160869""",4.405319,4.405237803582049,8.14102851380838e-05
"""CNR8604594""","""CID3585122""",5.0,4.405237803582049,0.5947621964179506
"""CNR8598873""","""CID3826000""",4.8,4.405237803582049,0.39476238715281387
"""CNR9585330""","""CID2897514""",4.3,4.376986083790243,-0.0769858930553795
"""CNR2716834""","""CID7796662""",4.3,4.405237803582049,-0.10523761284718613
"""CNR2271313""","""CID1495224""",4.2,4.405237803582049,-0.2052379943169127
"""CNR2379240""","""CID8357047""",5.0,4.405237803582049,0.5947621964179506
"""CNR4161251""","""CID5991164""",4.8,4.376986083790243,0.4230141069446205
"""CNR3497972""","""CID4057354""",4.9,4.405237803582049,0.4947622917853822
"""CNR9113723""","""CID3912610""",4.5,4.405237803582049,0.09476219641795058
"""CNR9820976""","""CID3009284""",3.6,4.405237803582049,-0.8052378989494811
"""CNR5764415""","""CID7229306""",4.7,4.487649406569887,0.2123504026952494
"""CNR6953942""","""CID7995985""",3.8,4.405237803582049,-0.6052378512657652
"""CNR6029897""","""CID1220212""",5.0,4.405237803582049,0.5947621964179506
"""CNR5041530""","""CID6700193""",4.2,4.376986083790243,-0.17698627452510607
"""CNR4463456""","""CID1319392""",4.4021993,4.405237803582049,-0.003038535240984963
"""CNR7878163""","""CID5853875""",4.5,4.405237803582049,0.09476219641795058
"""CNR5565471""","""CID8899758""",4.2,4.405237803582049,-0.2052379943169127
"""CNR9694297""","""CID8618436""",3.9,4.405237803582049,-0.5052377082146178
"""CNR1394268""","""CID1844830""",4.1,4.487649406569887,-0.38764950193731895
"""CNR5872033""","""CID5741828""",4.9,4.405237803582049,0.4947622917853822
"""CNR5533490""","""CID3294812""",4.4098225,4.405237803582049,0.004584660407208396
"""CNR7715554""","""CID4225622""",4.404214,4.405237803582049,-0.00102389824757676
"""CNR6825837""","""CID7872787""",3.4,4.405237803582049,-1.0052377082146178
"""CNR9130578""","""CID5199828""",4.3,4.405237803582049,-0.10523761284718613
"""CNR9140366""","""CID3277236""",4.7,4.405237803582049,0.2947620056830873
"""CNR7342436""","""CID1377418""",4.4098225,4.405237803582049,0.004584660407208396
"""CNR5934274""","""CID9941821""",4.4021993,4.405237803582049,-0.003038535240984963
"""CNR7264876""","""CID4749798""",4.1,4.405237803582049,-0.30523789894948106
"""CNR2347766""","""CID1838649""",4.4042315,4.405237803582049,-0.0010062552727232443
"""CNR9641108""","""CID3120648""",3.7,4.405237803582049,-0.7052377558983336
"""CNR9653063""","""CID5003461""",4.404214,4.405237803582049,-0.00102389824757676
"""CNR1850080""","""CID4009013""",4.2,4.405237803582049,-0.2052379943169127
"""CNR2120145""","""CID1546521""",4.4042315,4.405237803582049,-0.0010062552727232443
"""CNR4962003""","""CID2263752""",4.4042315,4.405237803582049,-0.0010062552727232443
"""CNR2720161""","""CID4674574""",4.7,4.405237803582049,0.2947620056830873
"""CNR8160913""","""CID9615522""",4.4021993,4.405237803582049,-0.003038535240984963
"""CNR5826515""","""CID7718921""",4.2,4.405237803582049,-0.2052379943169127
"""CNR5939700""","""CID1255647""",4.3,4.405237803582049,-0.10523761284718613
"""CNR9869913""","""CID3615695""",4.4021993,4.405237803582049,-0.003038535240984963
"""CNR6024872""","""CID9844431""",4.4021993,4.405237803582049,-0.003038535240984963
"""CNR2175458""","""CID4156994""",4.2,4.405237803582049,-0.2052379943169127
"""CNR2545426""","""CID1912363""",4.4042315,4.405237803582049,-0.0010062552727232443
"""CNR5075799""","""CID6191873""",4.9,4.405237803582049,0.4947622917853822
"""CNR4876150""","""CID7675439""",4.3,4.405237803582049,-0.10523761284718613
"""CNR6643820""","""CID7320472""",4.6,4.405237803582049,0.19476210105051894
"""CNR3962383""","""CID1179624""",4.2,4.405237803582049,-0.2052379943169127
"""CNR2574097""","""CID2514210""",4.3,4.405237803582049,-0.10523761284718613
"""CNR9401145""","""CID3110665""",4.9,4.405237803582049,0.4947622917853822
"""CNR4998509""","""CID4451822""",4.6,4.405237803582049,0.19476210105051894
"""CNR1429776""","""CID4099038""",4.4050717,4.405237803582049,-0.00016606819996933808
"""CNR1200467""","""CID2638321""",4.4021993,4.405237803582049,-0.003038535240984963
"""CNR1694570""","""CID5529862""",4.1,4.405237803582049,-0.30523789894948106
"""CNR8851265""","""CID4318019""",3.5,4.405237803582049,-0.9052378035820494
"""CNR5450449""","""CID5332439""",3.4,4.405237803582049,-1.0052377082146178
"""CNR2739499""","""CID5662980""",4.4098225,4.405237803582049,0.004584660407208396
"""CNR3682109""","""CID4078716""",4.3,4.487649406569887,-0.18764921583502403
"""CNR3814925""","""CID6812546""",4.1,4.405237803582049,-0.30523789894948106
"""CNR3265980""","""CID4101925""",4.9,4.405237803582049,0.4947622917853822
"""CNR3979174""","""CID7658000""",4.3,4.405237803582049,-0.10523761284718613
"""CNR1106502""","""CID5456695""",4.9,4.405237803582049,0.4947622917853822
"""CNR3112880""","""CID7554777""",4.4098225,4.405237803582049,0.004584660407208396
"""CNR8769724""","""CID1100598""",4.2,4.405237803582049,-0.2052379943169127
"""CNR2614770""","""CID6091873""",4.3,4.405237803582049,-0.10523761284718613
"""CNR2374246""","""CID8427252""",4.404214,4.405237803582049,-0.00102389824757676
"""CNR5425629""","""CID9470454""",4.1,4.405237803582049,-0.30523789894948106
"""CNR7252620""","""CID3422289""",4.2,4.405237803582049,-0.2052379943169127
"""CNR1476926""","""CID5610345""",4.3,4.405237803582049,-0.10523761284718613
"""CNR4665243""","""CID7489947""",4.4021993,4.405237803582049,-0.003038535240984963
"""CNR6421575""","""CID7483208""",3.3,4.405237803582049,-1.1052378512657652
"""CNR3660233""","""CID5867733""",4.4021993,4.405237803582049,-0.003038535240984963
"""CNR4081817""","""CID2078878""",4.8,4.405237803582049,0.39476238715281387
"""CNR6113671""","""CID2023737""",4.8,4.405237803582049,0.39476238715281387
"""CNR4514190""","""CID1260211""",4.6,4.405237803582049,0.19476210105051894
"""CNR6018453""","""CID4547790""",4.5,4.405237803582049,0.09476219641795058
"""CNR6499487""","""CID2232858""",4.9,4.405237803582049,0.4947622917853822
"""CNR8254818""","""CID4857623""",4.4042315,4.376986083790243,0.027245464519083384
"""CNR5589156""","""CID9664079""",4.7,4.405237803582049,0.2947620056830873
"""CNR1934624""","""CID1404402""",4.9,4.405237803582049,0.4947622917853822
"""CNR8486298""","""CID7410050""",4.4042315,4.405237803582049,-0.0010062552727232443
"""CNR2412189""","""CID4917071""",4.4098225,4.405237803582049,0.004584660407208396
"""CNR5771396""","""CID2919235""",4.6,4.405237803582049,0.19476210105051894
"""CNR6046057""","""CID1901661""",4.2,4.405237803582049,-0.2052379943169127
"""CNR3214028""","""CID8858894""",4.1,4.405237803582049,-0.30523789894948106
"""CNR9033155""","""CID4460708""",4.3,4.405237803582049,-0.10523761284718613
"""CNR3716348""","""CID9489061""",4.404214,4.405237803582049,-0.00102389824757676
"""CNR2340009""","""CID1759286""",4.2,4.405237803582049,-0.2052379943169127
"""CNR5902599""","""CID6918766""",5.0,4.405237803582049,0.5947621964179506
"""CNR4342334""","""CID8946528""",4.4098225,4.405237803582049,0.004584660407208396
"""CNR6649711""","""CID8486930""",4.6,4.405237803582049,0.19476210105051894
"""CNR2808355""","""CID5586299""",4.4042315,4.405237803582049,-0.0010062552727232443
"""CNR8931535""","""CID5391293""",4.8,4.405237803582049,0.39476238715281387
"""CNR9332877""","""CID9175853""",4.6,4.405237803582049,0.19476210105051894
"""CNR9390675""","""CID9466807""",4.4,4.405237803582049,-0.005237708214617776
"""CNR9661001""","""CID4586546""",4.3,4.405237803582049,-0.10523761284718613
"""CNR4399633""","""CID4845632""",4.6,4.405237803582049,0.19476210105051894
"""CNR4498997""","""CID8069948""",4.4042315,4.405237803582049,-0.0010062552727232443
"""CNR2425179""","""CID9716653""",4.4042315,4.405237803582049,-0.0010062552727232443
"""CNR3679196""","""CID8900603""",4.3,4.405237803582049,-0.10523761284718613
"""CNR2009632""","""CID2722252""",4.1,4.376986083790243,-0.27698617915767443
"""CNR4913260""","""CID4146038""",4.3,4.405237803582049,-0.10523761284718613
"""CNR2280092""","""CID7511211""",4.4031615,4.405237803582049,-0.002076277855731057
"""CNR2453871""","""CID3421993""",4.9,4.405237803582049,0.4947622917853822
"""CNR3897645""","""CID9727348""",4.1,4.405237803582049,-0.30523789894948106
"""CNR7049081""","""CID3947870""",4.1,4.405237803582049,-0.30523789894948106
"""CNR6859595""","""CID9661829""",4.4042315,4.405237803582049,-0.0010062552727232443
"""CNR1535099""","""CID6506220""",4.7,4.405237803582049,0.2947620056830873
"""CNR9521488""","""CID5856271""",4.9,4.405237803582049,0.4947622917853822
"""CNR4601189""","""CID3613864""",4.3,4.405237803582049,-0.10523761284718613
"""CNR8252578""","""CID5878845""",4.4021993,4.405237803582049,-0.003038535240984963
"""CNR9206424""","""CID1863868""",4.1,4.405237803582049,-0.30523789894948106
"""CNR9492482""","""CID1693349""",4.4021993,4.405237803582049,-0.003038535240984963
"""CNR9317191""","""CID7536106""",4.3,4.405237803582049,-0.10523761284718613
"""CNR3050788""","""CID6862195""",4.4021993,4.405237803582049,-0.003038535240984963
"""CNR2398127""","""CID9516459""",4.5,4.405237803582049,0.09476219641795058
"""CNR7207365""","""CID9852007""",4.2,4.405237803582049,-0.2052379943169127
"""CNR9512379""","""CID8976134""",4.4050717,4.405237803582049,-0.00016606819996933808
"""CNR3159660""","""CID2704783""",4.4021993,4.405237803582049,-0.003038535240984963
"""CNR9021617""","""CID5833033""",4.4021993,4.405237803582049,-0.003038535240984963
"""CNR2509305""","""CID8830764""",4.4021993,4.376986083790243,0.025213184550821666
"""CNR5213329""","""CID4334659""",4.8,4.487649406569887,0.31235078416497597
"""CNR6476352""","""CID4926015""",4.4031615,4.405237803582049,-0.002076277855731057
"""CNR4286205""","""CID3584777""",4.8,4.376986083790243,0.4230141069446205
"""CNR2912982""","""CID2465422""",4.404214,4.405237803582049,-0.00102389824757676
"""CNR7465883""","""CID6226038""",4.6,4.405237803582049,0.19476210105051894
"""CNR7008336""","""CID1443277""",3.3,4.405237803582049,-1.1052378512657652
"""CNR9449089""","""CID3889894""",4.2,4.405237803582049,-0.2052379943169127
"""CNR5203121""","""CID1880781""",4.6,4.405237803582049,0.19476210105051894
"""CNR8031689""","""CID5644954""",4.4031615,4.405237803582049,-0.002076277855731057
"""CNR6113535""","""CID9720446""",4.4098225,4.405237803582049,0.004584660407208396
"""CNR5869646""","""CID5817357""",4.8,4.405237803582049,0.39476238715281387
"""CNR1780809""","""CID9111321""",4.3,4.405237803582049,-0.10523761284718613
"""CNR1513498""","""CID3516844""",4.404214,4.405237803582049,-0.00102389824757676
"""CNR5374064""","""CID9063857""",4.3,4.405237803582049,-0.10523761284718613
"""CNR3374043""","""CID8631088""",4.4,4.405237803582049,-0.005237708214617776
"""CNR7177999""","""CID8455324""",3.7,4.405237803582049,-0.7052377558983336
"""CNR7072016""","""CID8070881""",4.4042315,4.405237803582049,-0.0010062552727232443
"""CNR4219048""","""CID9470765""",4.3,4.405237803582049,-0.10523761284718613
"""CNR6841834""","""CID1697457""",4.404214,4.405237803582049,-0.00102389824757676
"""CNR3687501""","""CID2689995""",4.4021993,4.405237803582049,-0.003038535240984963
"""CNR2495013""","""CID7813015""",4.9,4.405237803582049,0.4947622917853822
"""CNR6248199""","""CID5384367""",4.2,4.405237803582049,-0.2052379943169127
"""CNR2748049""","""CID4168406""",4.3,4.405237803582049,-0.10523761284718613
"""CNR5761715""","""CID6606712""",4.4031615,4.405237803582049,-0.002076277855731057
"""CNR3978808""","""CID2350477""",4.6,4.376986083790243,0.22301382084232557
"""CNR6231472""","""CID1150857""",3.9,4.405237803582049,-0.5052377082146178
"""CNR7782649""","""CID8462168""",4.6,4.405237803582049,0.19476210105051894
"""CNR5339927""","""CID8087809""",4.4031615,4.405237803582049,-0.002076277855731057
"""CNR1916196""","""CID7096329""",4.4042315,4.405237803582049,-0.0010062552727232443
"""CNR6573327""","""CID1316309""",4.6,4.405237803582049,0.19476210105051894
"""CNR4695089""","""CID5622248""",4.9,4.405237803582049,0.4947622917853822
"""CNR8741175""","""CID8774225""",4.6,4.405237803582049,0.19476210105051894
"""CNR2749834""","""CID8389534""",4.3,4.405237803582049,-0.10523761284718613
"""CNR9655253""","""CID2883851""",4.9,4.405237803582049,0.4947622917853822
"""CNR2721281""","""CID6353226""",3.8,4.405237803582049,-0.6052378512657652
"""CNR2023955""","""CID4584732""",4.404214,4.405237803582049,-0.00102389824757676
"""CNR3450510""","""CID2543501""",4.4042315,4.405237803582049,-0.0010062552727232443
"""CNR4286000""","""CID9924571""",4.4031615,4.405237803582049,-0.002076277855731057
"""CNR4843875""","""CID7559920""",4.3,4.405237803582049,-0.10523761284718613
"""CNR1298660""","""CID3543713""",4.2,4.405237803582049,-0.2052379943169127
"""CNR3007777""","""CID9860268""",4.404214,4.376986083790243,0.02722782154422987
"""CNR7057077""","""CID5881759""",4.2,4.405237803582049,-0.2052379943169127
"""CNR4620288""","""CID9710944""",4.3,4.405237803582049,-0.10523761284718613
"""CNR3750444""","""CID9420817""",4.4042315,4.405237803582049,-0.0010062552727232443
"""CNR2918874""","""CID9070836""",3.9,4.405237803582049,-0.5052377082146178
"""CNR9045284""","""CID1867680""",3.8,4.405237803582049,-0.6052378512657652
"""CNR5786857""","""CID9595018""",4.2,4.405237803582049,-0.2052379943169127
"""CNR4930557""","""CID4000274""",4.405319,4.405237803582049,8.14102851380838e-05
"""CNR3623638""","""CID7324422""",4.6,4.405237803582049,0.19476210105051894
"""CNR8168998""","""CID3756972""",3.8,4.405237803582049,-0.6052378512657652
"""CNR9643938""","""CID8686033""",4.405319,4.405237803582049,8.14102851380838e-05
"""CNR5846059""","""CID2872507""",4.6,4.405237803582049,0.19476210105051894
"""CNR5092352""","""CID9785978""",4.1,4.405237803582049,-0.30523789894948106
"""CNR3922909""","""CID9165351""",4.4021993,4.405237803582049,-0.003038535240984963
"""CNR3861202""","""CID3084606""",4.404214,4.405237803582049,-0.00102389824757676
"""CNR1885608""","""CID6974446""",4.6,4.405237803582049,0.19476210105051894
"""CNR2840633""","""CID3622262""",4.9,4.405237803582049,0.4947622917853822
"""CNR9641342""","""CID4683181""",4.9,4.405237803582049,0.4947622917853822
"""CNR9647182""","""CID4153370""",4.405319,4.405237803582049,8.14102851380838e-05
"""CNR4189397""","""CID7615945""",4.1,4.405237803582049,-0.30523789894948106
"""CNR1758643""","""CID3238460""",4.2,4.405237803582049,-0.2052379943169127
"""CNR3506524""","""CID7235343""",4.2,4.405237803582049,-0.2052379943169127
"""CNR2651944""","""CID8416624""",4.0,4.405237803582049,-0.4052378035820494
"""CNR9931263""","""CID4825300""",4.3,4.405237803582049,-0.10523761284718613
"""CNR1684161""","""CID4331339""",4.6,4.405237803582049,0.19476210105051894
"""CNR9289623""","""CID6437807""",4.4042315,4.405237803582049,-0.0010062552727232443
"""CNR3747626""","""CID1362288""",4.6,4.405237803582049,0.19476210105051894
"""CNR7940968""","""CID3598205""",4.4098225,4.405237803582049,0.004584660407208396
"""CNR6071650""","""CID7628083""",4.4031615,4.405237803582049,-0.002076277855731057
"""CNR7412355""","""CID2477212""",3.5,4.405237803582049,-0.9052378035820494
"""CNR9163585""","""CID5197625""",4.4098225,4.405237803582049,0.004584660407208396
"""CNR7145834""","""CID5033346""",4.3,4.405237803582049,-0.10523761284718613
"""CNR4101337""","""CID2905665""",4.8,4.405237803582049,0.39476238715281387
"""CNR3727554""","""CID9943556""",4.405319,4.405237803582049,8.14102851380838e-05
"""CNR1553882""","""CID5774074""",4.9,4.405237803582049,0.4947622917853822
"""CNR9583017""","""CID2492382""",4.4042315,4.405237803582049,-0.0010062552727232443
"""CNR2940803""","""CID3217911""",4.3,4.405237803582049,-0.10523761284718613
"""CNR8453638""","""CID2025870""",4.2,4.405237803582049,-0.2052379943169127
"""CNR4442360""","""CID7675463""",4.1,4.405237803582049,-0.30523789894948106
"""CNR6419036""","""CID1603953""",4.9,4.405237803582049,0.4947622917853822
"""CNR8176006""","""CID6704405""",4.3,4.405237803582049,-0.10523761284718613
"""CNR4046984""","""CID3478621""",4.4042315,4.405237803582049,-0.0010062552727232443
"""CNR2272588""","""CID7746465""",4.9,4.405237803582049,0.4947622917853822
"""CNR9658158""","""CID7625620""",3.8,4.405237803582049,-0.6052378512657652
"""CNR4908018""","""CID7980253""",4.2,4.405237803582049,-0.2052379943169127
"""CNR8642852""","""CID3361917""",4.6,4.405237803582049,0.19476210105051894
"""CNR2999918""","""CID5157750""",4.2,4.405237803582049,-0.2052379943169127
"""CNR4394950""","""CID3593453""",3.9,4.405237803582049,-0.5052377082146178
"""CNR6853789""","""CID2598899""",4.4098225,4.405237803582049,0.004584660407208396
"""CNR2201521""","""CID1558009""",5.0,4.405237803582049,0.5947621964179506
"""CNR7061403""","""CID1404373""",4.4031615,4.405237803582049,-0.002076277855731057
"""CNR1238680""","""CID2798711""",4.4021993,4.405237803582049,-0.003038535240984963
"""CNR1721772""","""CID3732242""",4.4050717,4.405237803582049,-0.00016606819996933808
"""CNR9739282""","""CID1124477""",4.4031615,4.405237803582049,-0.002076277855731057
"""CNR7361789""","""CID9809797""",4.7,4.405237803582049,0.2947620056830873
"""CNR4018012""","""CID5899252""",4.8,4.405237803582049,0.39476238715281387
"""CNR6290189""","""CID3448557""",4.4098225,4.405237803582049,0.004584660407208396
"""CNR3910626""","""CID3430520""",4.4021993,4.405237803582049,-0.003038535240984963
"""CNR5325717""","""CID6360594""",4.8,4.405237803582049,0.39476238715281387
"""CNR7873279""","""CID6861752""",4.4,4.405237803582049,-0.005237708214617776
"""CNR4339415""","""CID4708634""",4.4021993,4.405237803582049,-0.003038535240984963
"""CNR6981393""","""CID2006010""",4.405319,4.405237803582049,8.14102851380838e-05
"""CNR7732259""","""CID4449631""",4.4021993,4.405237803582049,-0.003038535240984963
"""CNR3546532""","""CID7527692""",4.2,4.405237803582049,-0.2052379943169127
"""CNR1385174""","""CID5452069""",4.404214,4.405237803582049,-0.00102389824757676
"""CNR6682992""","""CID4744803""",4.3,4.405237803582049,-0.10523761284718613
"""CNR4052477""","""CID3595285""",4.2,4.405237803582049,-0.2052379943169127
"""CNR1849891""","""CID4149035""",4.3,4.405237803582049,-0.10523761284718613
"""CNR1691396""","""CID6870596""",4.4021993,4.405237803582049,-0.003038535240984963
"""CNR7694118""","""CID4673318""",4.7,4.405237803582049,0.2947620056830873
"""CNR1254172""","""CID9886985""",4.4098225,4.405237803582049,0.004584660407208396
"""CNR9567121""","""CID3475270""",4.405319,4.405237803582049,8.14102851380838e-05
"""CNR4698082""","""CID6937392""",5.0,4.405237803582049,0.5947621964179506
"""CNR6470359""","""CID1299039""",4.6,4.405237803582049,0.19476210105051894
"""CNR5961288""","""CID9349041""",4.404214,4.376986083790243,0.02722782154422987
"""CNR1925538""","""CID1664019""",4.4042315,4.405237803582049,-0.0010062552727232443
"""CNR4052727""","""CID9963516""",4.4021993,4.405237803582049,-0.003038535240984963
"""CNR4186917""","""CID3106695""",4.4021993,4.405237803582049,-0.003038535240984963
"""CNR6432974""","""CID2457383""",4.1,4.405237803582049,-0.30523789894948106
"""CNR4780691""","""CID7767866""",5.0,4.405237803582049,0.5947621964179506
"""CNR1410729""","""CID9435412""",4.7,4.405237803582049,0.2947620056830873
"""CNR8259267""","""CID4745406""",4.6,4.405237803582049,0.19476210105051894
"""CNR4337496""","""CID3580670""",4.9,4.405237803582049,0.4947622917853822
"""CNR9272511""","""CID6331252""",4.9,4.405237803582049,0.4947622917853822
"""CNR6715076""","""CID7553763""",4.3,4.405237803582049,-0.10523761284718613
"""CNR2972317""","""CID3947684""",4.8,4.405237803582049,0.39476238715281387
"""CNR2549633""","""CID7986318""",4.404214,4.405237803582049,-0.00102389824757676
"""CNR6206359""","""CID2033516""",4.4098225,4.405237803582049,0.004584660407208396
"""CNR5277544""","""CID1271049""",4.4021993,4.405237803582049,-0.003038535240984963
"""CNR8248955""","""CID8111910""",4.7,4.405237803582049,0.2947620056830873
"""CNR6542190""","""CID3004936""",4.9,4.405237803582049,0.4947622917853822
"""CNR6323753""","""CID7786448""",4.4031615,4.405237803582049,-0.002076277855731057
"""CNR7394243""","""CID3912416""",5.0,4.405237803582049,0.5947621964179506
"""CNR4736509""","""CID5632148""",4.9,4.405237803582049,0.4947622917853822
"""CNR2091760""","""CID3597109""",4.4,4.405237803582049,-0.005237708214617776
"""CNR6996911""","""CID7649403""",5.0,4.405237803582049,0.5947621964179506
"""CNR4253038""","""CID4015306""",4.4042315,4.405237803582049,-0.0010062552727232443
"""CNR5205458""","""CID3917959""",4.6,4.405237803582049,0.19476210105051894
"""CNR8679294""","""CID9986688""",4.2,4.405237803582049,-0.2052379943169127
"""CNR1454961""","""CID8054464""",4.404214,4.405237803582049,-0.00102389824757676
"""CNR7064157""","""CID3870830""",4.2,4.405237803582049,-0.2052379943169127
"""CNR9444380""","""CID5390666""",4.8,4.405237803582049,0.39476238715281387
"""CNR4060107""","""CID3814300""",4.3,4.405237803582049,-0.10523761284718613
"""CNR6600642""","""CID7557530""",4.9,4.405237803582049,0.4947622917853822
"""CNR3209982""","""CID4449688""",4.6,4.405237803582049,0.19476210105051894
"""CNR6044691""","""CID4078142""",4.6,4.405237803582049,0.19476210105051894
"""CNR2685905""","""CID6124832""",4.4098225,4.405237803582049,0.004584660407208396
"""CNR3695088""","""CID3279421""",4.9,4.405237803582049,0.4947622917853822
"""CNR6388076""","""CID9832439""",4.8,4.405237803582049,0.39476238715281387
"""CNR9771805""","""CID5784241""",4.3,4.405237803582049,-0.10523761284718613
"""CNR1276731""","""CID6587795""",4.4021993,4.405237803582049,-0.003038535240984963
"""CNR1504432""","""CID4551469""",4.4021993,4.405237803582049,-0.003038535240984963
"""CNR8880560""","""CID1397147""",4.4021993,4.405237803582049,-0.003038535240984963
"""CNR5651263""","""CID9917950""",4.3,4.405237803582049,-0.10523761284718613
"""CNR5135964""","""CID7742671""",4.6,4.405237803582049,0.19476210105051894
"""CNR1857735""","""CID6439201""",4.8,4.405237803582049,0.39476238715281387
"""CNR5343194""","""CID9103901""",4.405319,4.405237803582049,8.14102851380838e-05
"""CNR3746379""","""CID9716799""",4.9,4.405237803582049,0.4947622917853822
"""CNR6975021""","""CID5648484""",4.404214,4.405237803582049,-0.00102389824757676
"""CNR4162337""","""CID3799581""",4.7,4.405237803582049,0.2947620056830873
"""CNR5283814""","""CID1362855""",4.4021993,4.376986083790243,0.025213184550821666
"""CNR1927113""","""CID5142762""",4.2,4.405237803582049,-0.2052379943169127
"""CNR7799087""","""CID7910507""",3.6,4.405237803582049,-0.8052378989494811
"""CNR8947012""","""CID8257388""",4.3,4.405237803582049,-0.10523761284718613
"""CNR1411867""","""CID2482371""",4.7,4.405237803582049,0.2947620056830873
"""CNR6412241""","""CID2827412""",4.4098225,4.405237803582049,0.004584660407208396
"""CNR2867505""","""CID2547961""",3.7,4.405237803582049,-0.7052377558983336
"""CNR1330841""","""CID6269510""",3.9,4.405237803582049,-0.5052377082146178
"""CNR9115518""","""CID3375143""",4.3,4.405237803582049,-0.10523761284718613
"""CNR9488428""","""CID2862004""",4.7,4.405237803582049,0.2947620056830873
"""CNR6836047""","""CID9223739""",4.8,4.405237803582049,0.39476238715281387
"""CNR2547473""","""CID3303385""",3.0,4.405237803582049,-1.4052378035820494
"""CNR7505358""","""CID8900642""",3.1,4.405237803582049,-1.305237898949481
"""CNR6094855""","""CID9548542""",4.4042315,4.405237803582049,-0.0010062552727232443
"""CNR7914978""","""CID4960157""",4.404214,4.405237803582049,-0.00102389824757676
"""CNR4010549""","""CID5899178""",4.404214,4.405237803582049,-0.00102389824757676
"""CNR5664305""","""CID6272150""",4.4021993,4.405237803582049,-0.003038535240984963
"""CNR7486928""","""CID7465256""",4.9,4.405237803582049,0.4947622917853822
"""CNR6439176""","""CID4096178""",3.6,4.405237803582049,-0.8052378989494811
"""CNR6418073""","""CID4583720""",4.4098225,4.405237803582049,0.004584660407208396
"""CNR7347721""","""CID9055405""",4.6,4.405237803582049,0.19476210105051894
"""CNR6188798""","""CID1580034""",4.4,4.405237803582049,-0.005237708214617776
"""CNR3059656""","""CID4663639""",4.4042315,4.405237803582049,-0.0010062552727232443
"""CNR6957996""","""CID6226722""",4.4,4.405237803582049,-0.005237708214617776
"""CNR3370347""","""CID7301185""",3.2,4.405237803582049,-1.2052377558983336
"""CNR1185794""","""CID7097597""",4.4098225,4.405237803582049,0.004584660407208396
"""CNR7763761""","""CID3777478""",4.4021993,4.405237803582049,-0.003038535240984963
"""CNR8179324""","""CID6783265""",4.3,4.405237803582049,-0.10523761284718613
"""CNR5432899""","""CID2550683""",4.7,4.405237803582049,0.2947620056830873
"""CNR9595259""","""CID2552521""",4.4098225,4.405237803582049,0.004584660407208396
"""CNR1335517""","""CID1743273""",4.4021993,4.405237803582049,-0.003038535240984963
"""CNR4708791""","""CID2551348""",4.9,4.405237803582049,0.4947622917853822
"""CNR6171242""","""CID8748021""",4.404214,4.405237803582049,-0.00102389824757676
"""CNR2368807""","""CID8310328""",4.405319,4.405237803582049,8.14102851380838e-05
"""CNR4220759""","""CID3297661""",4.3,4.405237803582049,-0.10523761284718613
"""CNR2760527""","""CID6355242""",4.7,4.405237803582049,0.2947620056830873
"""CNR8786671""","""CID2496272""",4.5,4.405237803582049,0.09476219641795058
"""CNR4313448""","""CID8390201""",3.6,4.405237803582049,-0.8052378989494811
"""CNR2571096""","""CID1422465""",4.3,4.405237803582049,-0.10523761284718613
"""CNR6519142""","""CID9564882""",4.4021993,4.405237803582049,-0.003038535240984963
"""CNR7418765""","""CID5631791""",4.5,4.405237803582049,0.09476219641795058
"""CNR2056261""","""CID8944779""",4.4098225,4.405237803582049,0.004584660407208396
"""CNR6585048""","""CID5017375""",4.3,4.405237803582049,-0.10523761284718613
"""CNR1443185""","""CID5428477""",3.9,4.405237803582049,-0.5052377082146178
"""CNR5128454""","""CID8288815""",4.8,4.405237803582049,0.39476238715281387
"""CNR7385111""","""CID9825998""",4.6,4.405237803582049,0.19476210105051894
"""CNR1865865""","""CID7030131""",4.9,4.405237803582049,0.4947622917853822
"""CNR9985501""","""CID9950367""",4.9,4.405237803582049,0.4947622917853822
"""CNR5979607""","""CID8090915""",4.4021993,4.405237803582049,-0.003038535240984963
"""CNR3866438""","""CID9907825""",4.9,4.405237803582049,0.4947622917853822
"""CNR9503903""","""CID5592433""",4.4098225,4.405237803582049,0.004584660407208396
"""CNR6954028""","""CID2840469""",5.0,4.405237803582049,0.5947621964179506
"""CNR9239389""","""CID7530745""",4.3,4.405237803582049,-0.10523761284718613
"""CNR5055132""","""CID9572266""",4.4031615,4.405237803582049,-0.002076277855731057
"""CNR2209153""","""CID3508307""",4.4098225,4.405237803582049,0.004584660407208396
"""CNR1138454""","""CID9241779""",4.3,4.405237803582049,-0.10523761284718613
"""CNR6157547""","""CID9391086""",4.8,4.405237803582049,0.39476238715281387
"""CNR7911533""","""CID6820516""",4.4098225,4.405237803582049,0.004584660407208396
"""CNR7562277""","""CID3942292""",4.8,4.405237803582049,0.39476238715281387
"""CNR4982442""","""CID2889610""",4.1,4.405237803582049,-0.30523789894948106
"""CNR5383132""","""CID8449893""",4.404214,4.405237803582049,-0.00102389824757676
"""CNR9846262""","""CID7515054""",4.4021993,4.405237803582049,-0.003038535240984963
"""CNR1837318""","""CID7177919""",4.6,4.405237803582049,0.19476210105051894
"""CNR2331950""","""CID8616358""",4.6,4.405237803582049,0.19476210105051894
"""CNR3421157""","""CID4060910""",3.7,4.405237803582049,-0.7052377558983336
"""CNR5287594""","""CID5969146""",4.3,4.405237803582049,-0.10523761284718613
"""CNR3592114""","""CID7515732""",4.9,4.405237803582049,0.4947622917853822
"""CNR7206496""","""CID5348751""",4.4021993,4.405237803582049,-0.003038535240984963
"""CNR8509113""","""CID5603805""",5.0,4.405237803582049,0.5947621964179506
"""CNR1551341""","""CID3547900""",4.6,4.405237803582049,0.19476210105051894
"""CNR2239620""","""CID3286335""",4.7,4.405237803582049,0.2947620056830873
"""CNR1448531""","""CID9705539""",4.6,4.405237803582049,0.19476210105051894
"""CNR6964470""","""CID7676742""",4.405319,4.405237803582049,8.14102851380838e-05
"""CNR7359560""","""CID4774437""",3.8,4.405237803582049,-0.6052378512657652
"""CNR8778912""","""CID3726174""",4.4042315,4.405237803582049,-0.0010062552727232443
"""CNR1199635""","""CID5722579""",3.7,4.405237803582049,-0.7052377558983336
"""CNR5733626""","""CID9004707""",3.7,4.376986083790243,-0.676986036106527
"""CNR2796892""","""CID8928524""",4.4,4.405237803582049,-0.005237708214617776
"""CNR5147528""","""CID2677053""",4.2,4.405237803582049,-0.2052379943169127
"""CNR5051510""","""CID9387616""",4.4042315,4.405237803582049,-0.0010062552727232443
"""CNR5318671""","""CID5787783""",4.4042315,4.405237803582049,-0.0010062552727232443
"""CNR4996830""","""CID2321750""",4.4098225,4.405237803582049,0.004584660407208396
"""CNR4576449""","""CID6075648""",4.4,4.405237803582049,-0.005237708214617776
"""CNR2783116""","""CID6120787""",4.404214,4.405237803582049,-0.00102389824757676
"""CNR8055360""","""CID6727332""",4.8,4.405237803582049,0.39476238715281387
"""CNR5857338""","""CID5428441""",4.2,4.405237803582049,-0.2052379943169127
"""CNR1054596""","""CID4252640""",4.2,4.405237803582049,-0.2052379943169127
"""CNR9300550""","""CID4565711""",4.404214,4.405237803582049,-0.00102389824757676
"""CNR5538852""","""CID2436743""",4.4021993,4.405237803582049,-0.003038535240984963
"""CNR7845680""","""CID5618918""",4.7,4.405237803582049,0.2947620056830873
"""CNR6442978""","""CID5802649""",4.4021993,4.405237803582049,-0.003038535240984963
"""CNR5876018""","""CID7502199""",4.6,4.405237803582049,0.19476210105051894
"""CNR3098330""","""CID6689106""",4.9,4.405237803582049,0.4947622917853822
"""CNR1111701""","""CID2848297""",4.5,4.405237803582049,0.09476219641795058
"""CNR4302229""","""CID4609645""",5.0,4.405237803582049,0.5947621964179506
"""CNR4431992""","""CID5064541""",4.4,4.405237803582049,-0.005237708214617776
"""CNR7250169""","""CID3991189""",4.404214,4.405237803582049,-0.00102389824757676
"""CNR1326392""","""CID5629038""",4.6,4.405237803582049,0.19476210105051894
"""CNR2211666""","""CID7547647""",4.4,4.405237803582049,-0.005237708214617776
"""CNR8068703""","""CID7298020""",4.404214,4.405237803582049,-0.00102389824757676
"""CNR7067410""","""CID8371847""",4.4021993,4.405237803582049,-0.003038535240984963
"""CNR5203149""","""CID4976125""",4.4021993,4.405237803582049,-0.003038535240984963
"""CNR6197285""","""CID9718967""",4.404214,4.405237803582049,-0.00102389824757676
"""CNR9336814""","""CID3302860""",5.0,4.405237803582049,0.5947621964179506
"""CNR7585167""","""CID8493099""",4.4042315,4.405237803582049,-0.0010062552727232443
"""CNR8191040""","""CID8238424""",4.405319,4.405237803582049,8.14102851380838e-05
"""CNR9741746""","""CID9982593""",4.9,4.405237803582049,0.4947622917853822
"""CNR5334137""","""CID1579217""",4.404214,4.405237803582049,-0.00102389824757676
"""CNR6653556""","""CID2502768""",4.7,4.405237803582049,0.2947620056830873
"""CNR4925680""","""CID3032846""",4.3,4.405237803582049,-0.10523761284718613
"""CNR9428699""","""CID3519446""",4.4098225,4.405237803582049,0.004584660407208396
"""CNR9417269""","""CID4938438""",4.2,4.376986083790243,-0.17698627452510607
"""CNR3391553""","""CID7642382""",4.1,4.405237803582049,-0.30523789894948106
"""CNR5776642""","""CID3018745""",4.9,4.405237803582049,0.4947622917853822
"""CNR8179821""","""CID3728106""",4.1,4.405237803582049,-0.30523789894948106
"""CNR3430758""","""CID1460856""",4.4042315,4.405237803582049,-0.0010062552727232443
"""CNR2399340""","""CID2682460""",4.2,4.405237803582049,-0.2052379943169127
"""CNR5886061""","""CID4018695""",4.9,4.405237803582049,0.4947622917853822
"""CNR9750272""","""CID3049950""",4.1,4.405237803582049,-0.30523789894948106
"""CNR7116353""","""CID7431555""",5.0,4.405237803582049,0.5947621964179506
"""CNR7894102""","""CID6622296""",4.2,4.405237803582049,-0.2052379943169127
"""CNR9806144""","""CID7220494""",4.9,4.405237803582049,0.4947622917853822
"""CNR5365562""","""CID4432330""",4.4031615,4.376986083790243,0.026175441936075572
"""CNR2282069""","""CID3725476""",4.2,4.405237803582049,-0.2052379943169127
"""CNR8710932""","""CID6119919""",4.2,4.376986083790243,-0.17698627452510607
"""CNR4506748""","""CID6338621""",3.7,4.405237803582049,-0.7052377558983336
"""CNR1421578""","""CID4535589""",4.3,4.405237803582049,-0.10523761284718613
"""CNR1653982""","""CID4606212""",4.1,4.405237803582049,-0.30523789894948106
"""CNR4472765""","""CID9459208""",4.1,4.405237803582049,-0.30523789894948106
"""CNR2681513""","""CID7928466""",3.7,4.405237803582049,-0.7052377558983336
"""CNR6289553""","""CID2528600""",4.4042315,4.405237803582049,-0.0010062552727232443
"""CNR7767494""","""CID8799070""",4.9,4.405237803582049,0.4947622917853822
"""CNR6338537""","""CID8618859""",4.4031615,4.405237803582049,-0.002076277855731057
"""CNR3769774""","""CID3814794""",3.6,4.405237803582049,-0.8052378989494811
"""CNR9008743""","""CID2621910""",4.4098225,4.405237803582049,0.004584660407208396
"""CNR1501051""","""CID7576837""",4.404214,4.405237803582049,-0.00102389824757676
"""CNR8266492""","""CID2234058""",4.6,4.405237803582049,0.19476210105051894
"""CNR1742313""","""CID8548529""",4.405319,4.405237803582049,8.14102851380838e-05
"""CNR6455849""","""CID7360695""",4.2,4.405237803582049,-0.2052379943169127
"""CNR6644850""","""CID5002673""",4.1,4.405237803582049,-0.30523789894948106
"""CNR1761827""","""CID3246500""",4.5,4.405237803582049,0.09476219641795058
"""CNR4990089""","""CID6220126""",4.404214,4.405237803582049,-0.00102389824757676
"""CNR4037296""","""CID2312244""",4.4021993,4.405237803582049,-0.003038535240984963
"""CNR9999933""","""CID6654920""",4.5,4.405237803582049,0.09476219641795058
"""CNR4229762""","""CID4583918""",5.0,4.405237803582049,0.5947621964179506
"""CNR6687171""","""CID2427154""",3.1,4.376986083790243,-1.2769861791576744
"""CNR5451422""","""CID1540859""",4.4,4.405237803582049,-0.005237708214617776
"""CNR1833588""","""CID8604157""",4.6,4.405237803582049,0.19476210105051894
"""CNR3678704""","""CID4819039""",4.4021993,4.376986083790243,0.025213184550821666
"""CNR8436777""","""CID7175114""",4.4042315,4.405237803582049,-0.0010062552727232443
"""CNR8064016""","""CID3495153""",4.6,4.405237803582049,0.19476210105051894
"""CNR1452222""","""CID9878488""",4.4098225,4.405237803582049,0.004584660407208396
"""CNR3705473""","""CID5855553""",4.4021993,4.405237803582049,-0.003038535240984963
"""CNR7641462""","""CID6401064""",4.4042315,4.405237803582049,-0.0010062552727232443
"""CNR2507447""","""CID5262517""",4.4021993,4.405237803582049,-0.003038535240984963
"""CNR2054962""","""CID7239949""",4.404214,4.405237803582049,-0.00102389824757676
"""CNR9722307""","""CID8392845""",4.5,4.405237803582049,0.09476219641795058
"""CNR2789868""","""CID4090060""",4.4098225,4.405237803582049,0.004584660407208396
"""CNR8169710""","""CID2840651""",4.3,4.376986083790243,-0.0769858930553795
"""CNR2875599""","""CID4065386""",4.9,4.405237803582049,0.4947622917853822
"""CNR5276787""","""CID3561007""",4.9,4.405237803582049,0.4947622917853822
"""CNR8900700""","""CID7764073""",4.4042315,4.405237803582049,-0.0010062552727232443
"""CNR2224448""","""CID9963205""",4.3,4.405237803582049,-0.10523761284718613
"""CNR1808237""","""CID1172717""",4.3,4.405237803582049,-0.10523761284718613
"""CNR6034391""","""CID2479996""",4.4042315,4.405237803582049,-0.0010062552727232443
"""CNR9607432""","""CID7753072""",4.4021993,4.405237803582049,-0.003038535240984963
"""CNR3163204""","""CID6063028""",4.4098225,4.405237803582049,0.004584660407208396
"""CNR8506105""","""CID7273123""",4.8,4.405237803582049,0.39476238715281387
"""CNR5325661""","""CID1985241""",4.3,4.376986083790243,-0.0769858930553795
"""CNR1856675""","""CID6700982""",4.1,4.405237803582049,-0.30523789894948106
"""CNR5172556""","""CID8995897""",4.6,4.405237803582049,0.19476210105051894
"""CNR3477453""","""CID1145717""",4.7,4.405237803582049,0.2947620056830873
"""CNR1079989""","""CID8894307""",4.4021993,4.405237803582049,-0.003038535240984963
"""CNR1434665""","""CID4863282""",4.6,4.405237803582049,0.19476210105051894
"""CNR9262510""","""CID1148933""",4.5,4.405237803582049,0.09476219641795058
"""CNR1444376""","""CID6478400""",4.7,4.405237803582049,0.2947620056830873
"""CNR3645973""","""CID4978722""",4.4021993,4.405237803582049,-0.003038535240984963
"""CNR2867224""","""CID4169669""",4.6,4.405237803582049,0.19476210105051894
"""CNR3128814""","""CID9874545""",3.8,4.405237803582049,-0.6052378512657652
"""CNR8117909""","""CID8426738""",4.404214,4.405237803582049,-0.00102389824757676
"""CNR5550639""","""CID7028779""",4.6,4.405237803582049,0.19476210105051894
"""CNR8455899""","""CID9347408""",4.6,4.405237803582049,0.19476210105051894
"""CNR6772554""","""CID3709177""",4.6,4.405237803582049,0.19476210105051894
"""CNR7828163""","""CID4062682""",4.6,4.405237803582049,0.19476210105051894
"""CNR2158526""","""CID2728178""",4.9,4.405237803582049,0.4947622917853822
"""CNR3675796""","""CID4774361""",4.4042315,4.405237803582049,-0.0010062552727232443
"""CNR7447595""","""CID5479419""",4.4042315,4.405237803582049,-0.0010062552727232443
"""CNR8214805""","""CID8677653""",4.2,4.405237803582049,-0.2052379943169127
"""CNR8740117""","""CID1002686""",4.405319,4.376986083790243,0.028333130076944713
"""CNR8255739""","""CID1536739""",4.4021993,4.405237803582049,-0.003038535240984963
"""CNR6121079""","""CID3345109""",4.3,4.405237803582049,-0.10523761284718613
"""CNR8909794""","""CID4241175""",4.0,4.405237803582049,-0.4052378035820494
"""CNR2401990""","""CID3237695""",3.1,4.405237803582049,-1.305237898949481
"""CNR5206190""","""CID7153206""",4.2,4.405237803582049,-0.2052379943169127
"""CNR8995357""","""CID4509226""",4.6,4.405237803582049,0.19476210105051894
"""CNR1941389""","""CID7241256""",4.8,4.376986083790243,0.4230141069446205
"""CNR7182997""","""CID2962555""",4.3,4.405237803582049,-0.10523761284718613
"""CNR8599585""","""CID5697733""",4.3,4.405237803582049,-0.10523761284718613
"""CNR3498597""","""CID4127985""",4.4021993,4.405237803582049,-0.003038535240984963
"""CNR2857396""","""CID9916511""",4.7,4.376986083790243,0.32301372547489393
"""CNR7802763""","""CID5002838""",4.404214,4.405237803582049,-0.00102389824757676
"""CNR4507721""","""CID4936886""",3.4,4.405237803582049,-1.0052377082146178
"""CNR1116082""","""CID5562884""",4.8,4.405237803582049,0.39476238715281387
"""CNR7602815""","""CID6436907""",4.6,4.405237803582049,0.19476210105051894
"""CNR1322762""","""CID7563273""",4.404214,4.405237803582049,-0.00102389824757676
"""CNR6082293""","""CID9822212""",4.4031615,4.405237803582049,-0.002076277855731057
"""CNR1082197""","""CID7360782""",4.2,4.405237803582049,-0.2052379943169127
"""CNR5501686""","""CID7506673""",4.4098225,4.405237803582049,0.004584660407208396
"""CNR4255375""","""CID8014843""",4.4042315,4.405237803582049,-0.0010062552727232443
"""CNR6083000""","""CID6880325""",4.6,4.405237803582049,0.19476210105051894
"""CNR3260483""","""CID6001256""",4.4098225,4.405237803582049,0.004584660407208396
"""CNR2986008""","""CID4155123""",3.8,4.405237803582049,-0.6052378512657652
"""CNR6100510""","""CID2374916""",4.404214,4.405237803582049,-0.00102389824757676
"""CNR1648123""","""CID2224837""",4.4098225,4.405237803582049,0.004584660407208396
"""CNR6618764""","""CID4208174""",4.2,4.405237803582049,-0.2052379943169127
"""CNR3055755""","""CID4891572""",4.4021993,4.405237803582049,-0.003038535240984963
"""CNR3178784""","""CID5491838""",4.9,4.405237803582049,0.4947622917853822
"""CNR6761015""","""CID4646116""",4.4042315,4.405237803582049,-0.0010062552727232443
"""CNR2909859""","""CID3664646""",4.7,4.405237803582049,0.2947620056830873
"""CNR6314493""","""CID5399564""",4.404214,4.405237803582049,-0.00102389824757676
"""CNR6301697""","""CID3238749""",4.6,4.405237803582049,0.19476210105051894
"""CNR4750999""","""CID3564705""",3.8,4.405237803582049,-0.6052378512657652
"""CNR8511848""","""CID8170936""",4.404214,4.405237803582049,-0.00102389824757676
"""CNR9347489""","""CID2378762""",4.8,4.405237803582049,0.39476238715281387
"""CNR9328595""","""CID6648055""",4.4031615,4.405237803582049,-0.002076277855731057
"""CNR6300028""","""CID6999529""",4.6,4.487649406569887,0.11235049806268105
"""CNR5372253""","""CID2367844""",4.6,4.376986083790243,0.22301382084232557
"""CNR2423260""","""CID2878591""",4.8,4.405237803582049,0.39476238715281387
"""CNR6140072""","""CID7196259""",4.4021993,4.405237803582049,-0.003038535240984963
"""CNR8798436""","""CID8159395""",4.404214,4.405237803582049,-0.00102389824757676
"""CNR1054046""","""CID4230948""",4.2,4.405237803582049,-0.2052379943169127
"""CNR6777102""","""CID8898608""",4.404214,4.405237803582049,-0.00102389824757676
"""CNR1019824""","""CID5474661""",4.1,4.405237803582049,-0.30523789894948106
"""CNR2920841""","""CID5142352""",4.4031615,4.405237803582049,-0.002076277855731057
"""CNR9806771""","""CID9495350""",4.5,4.405237803582049,0.09476219641795058
"""CNR2493153""","""CID7031224""",4.3,4.405237803582049,-0.10523761284718613
"""CNR9655626""","""CID8509446""",4.7,4.376986083790243,0.32301372547489393
"""CNR4487261""","""CID9638578""",4.4021993,4.376986083790243,0.025213184550821666
"""CNR6397082""","""CID8818141""",3.7,4.405237803582049,-0.7052377558983336
"""CNR2177259""","""CID7144705""",3.7,4.405237803582049,-0.7052377558983336
"""CNR3733778""","""CID5319480""",3.5,4.405237803582049,-0.9052378035820494
"""CNR5399158""","""CID4104734""",4.9,4.405237803582049,0.4947622917853822
"""CNR8058830""","""CID3708746""",4.4021993,4.405237803582049,-0.003038535240984963
"""CNR1327827""","""CID3183850""",4.4098225,4.376986083790243,0.032836380199015025
"""CNR2045484""","""CID7790639""",3.6,4.405237803582049,-0.8052378989494811
"""CNR5842089""","""CID2319550""",5.0,4.405237803582049,0.5947621964179506
"""CNR3062357""","""CID5008783""",4.3,4.405237803582049,-0.10523761284718613
"""CNR2607691""","""CID4048680""",4.8,4.405237803582049,0.39476238715281387
"""CNR4207864""","""CID1105986""",3.3,4.405237803582049,-1.1052378512657652
"""CNR4124232""","""CID6949961""",4.3,4.405237803582049,-0.10523761284718613
"""CNR8148683""","""CID7616158""",4.9,4.405237803582049,0.4947622917853822
"""CNR8844122""","""CID4732899""",4.6,4.405237803582049,0.19476210105051894
"""CNR4704104""","""CID5751762""",4.7,4.405237803582049,0.2947620056830873
"""CNR1910558""","""CID6316024""",3.9,4.405237803582049,-0.5052377082146178
"""CNR4118337""","""CID5080553""",4.3,4.405237803582049,-0.10523761284718613
"""CNR9043277""","""CID6722984""",4.9,4.405237803582049,0.4947622917853822
"""CNR4026748""","""CID9619766""",4.3,4.405237803582049,-0.10523761284718613
"""CNR4769375""","""CID5206044""",4.7,4.405237803582049,0.2947620056830873
"""CNR8435169""","""CID7828177""",4.4098225,4.405237803582049,0.004584660407208396
"""CNR1121520""","""CID6975493""",3.8,4.405237803582049,-0.6052378512657652
"""CNR9118066""","""CID8209134""",4.4021993,4.405237803582049,-0.003038535240984963
"""CNR1345203""","""CID9475640""",4.4021993,4.405237803582049,-0.003038535240984963
"""CNR6713043""","""CID1410945""",4.9,4.405237803582049,0.4947622917853822
"""CNR7537564""","""CID7610755""",4.4031615,4.405237803582049,-0.002076277855731057
"""CNR4011170""","""CID6413936""",4.4021993,4.405237803582049,-0.003038535240984963
"""CNR2410917""","""CID7848073""",4.4021993,4.405237803582049,-0.003038535240984963
"""CNR8413765""","""CID6800042""",4.4098225,4.405237803582049,0.004584660407208396
"""CNR7586913""","""CID2226843""",4.4,4.405237803582049,-0.005237708214617776
"""CNR9004382""","""CID4615885""",5.0,4.405237803582049,0.5947621964179506
"""CNR3744537""","""CID1766476""",4.8,4.405237803582049,0.39476238715281387
"""CNR2955922""","""CID4893397""",4.6,4.405237803582049,0.19476210105051894
"""CNR7190729""","""CID7316318""",4.4098225,4.405237803582049,0.004584660407208396
"""CNR5482055""","""CID4157320""",4.405319,4.405237803582049,8.14102851380838e-05
"""CNR2847881""","""CID1488281""",4.4098225,4.405237803582049,0.004584660407208396
"""CNR7635779""","""CID7226292""",4.4,4.405237803582049,-0.005237708214617776
"""CNR9703410""","""CID9419408""",4.4042315,4.405237803582049,-0.0010062552727232443
"""CNR1301395""","""CID3773357""",4.5,4.405237803582049,0.09476219641795058
"""CNR8304794""","""CID4086648""",4.4021993,4.405237803582049,-0.003038535240984963
"""CNR1055843""","""CID1679415""",4.9,4.405237803582049,0.4947622917853822
"""CNR2024672""","""CID4232212""",4.4,4.405237803582049,-0.005237708214617776
"""CNR4176968""","""CID1702658""",3.9,4.405237803582049,-0.5052377082146178
"""CNR7275842""","""CID9604718""",4.4,4.405237803582049,-0.005237708214617776
"""CNR7390038""","""CID1603740""",4.5,4.405237803582049,0.09476219641795058
"""CNR5070647""","""CID1167858""",4.5,4.405237803582049,0.09476219641795058
"""CNR9064954""","""CID8874619""",4.4042315,4.405237803582049,-0.0010062552727232443
"""CNR5927740""","""CID4965194""",4.0,4.405237803582049,-0.4052378035820494
"""CNR9667278""","""CID1496665""",4.4031615,4.405237803582049,-0.002076277855731057
"""CNR4611253""","""CID9533295""",4.4042315,4.405237803582049,-0.0010062552727232443
"""CNR4304522""","""CID6689501""",3.8,4.405237803582049,-0.6052378512657652
"""CNR8162862""","""CID7125843""",4.404214,4.405237803582049,-0.00102389824757676
"""CNR4043405""","""CID1275981""",4.6,4.405237803582049,0.19476210105051894
"""CNR7403802""","""CID2086910""",4.1,4.405237803582049,-0.30523789894948106
"""CNR2169678""","""CID3472869""",4.6,4.405237803582049,0.19476210105051894
"""CNR8208209""","""CID7551821""",5.0,4.405237803582049,0.5947621964179506
"""CNR6365655""","""CID8376834""",5.0,4.405237803582049,0.5947621964179506
"""CNR4187473""","""CID6655829""",3.8,4.405237803582049,-0.6052378512657652
"""CNR8725850""","""CID7400901""",4.4031615,4.405237803582049,-0.002076277855731057
"""CNR7231756""","""CID7515218""",4.404214,4.405237803582049,-0.00102389824757676
"""CNR2651702""","""CID3519458""",4.3,4.405237803582049,-0.10523761284718613
"""CNR1682615""","""CID9208955""",4.9,4.405237803582049,0.4947622917853822
"""CNR5859219""","""CID5860964""",4.4042315,4.405237803582049,-0.0010062552727232443
"""CNR8042598""","""CID9307710""",4.3,4.405237803582049,-0.10523761284718613
"""CNR9592737""","""CID6514960""",4.9,4.405237803582049,0.4947622917853822
"""CNR8268132""","""CID6807716""",4.4031615,4.405237803582049,-0.002076277855731057
"""CNR2758635""","""CID9834464""",4.4021993,4.405237803582049,-0.003038535240984963
"""CNR9325093""","""CID8839688""",4.9,4.405237803582049,0.4947622917853822
"""CNR5399756""","""CID9198751""",3.7,4.405237803582049,-0.7052377558983336
"""CNR7554854""","""CID4904641""",4.4098225,4.405237803582049,0.004584660407208396
"""CNR6592304""","""CID8998892""",4.2,4.405237803582049,-0.2052379943169127
"""CNR9106410""","""CID5154553""",4.9,4.405237803582049,0.4947622917853822
"""CNR6509748""","""CID6781246""",3.7,4.405237803582049,-0.7052377558983336
"""CNR9470390""","""CID4005123""",4.8,4.405237803582049,0.39476238715281387
"""CNR8723854""","""CID4700925""",4.8,4.405237803582049,0.39476238715281387
"""CNR2689741""","""CID2659440""",3.4,4.405237803582049,-1.0052377082146178
"""CNR8923905""","""CID9108204""",4.2,4.405237803582049,-0.2052379943169127
"""CNR4145940""","""CID1963629""",4.3,4.405237803582049,-0.10523761284718613
"""CNR2418934""","""CID2762184""",4.0,4.405237803582049,-0.4052378035820494
"""CNR6085128""","""CID3019116""",4.4021993,4.405237803582049,-0.003038535240984963
"""CNR6567140""","""CID8485084""",4.4021993,4.405237803582049,-0.003038535240984963
"""CNR9346996""","""CID3624592""",4.6,4.405237803582049,0.19476210105051894
"""CNR5050813""","""CID8009483""",4.6,4.405237803582049,0.19476210105051894
"""CNR9907884""","""CID8062420""",4.4050717,4.405237803582049,-0.00016606819996933808
"""CNR3949398""","""CID9174150""",4.4042315,4.405237803582049,-0.0010062552727232443
"""CNR2370708""","""CID5451182""",4.6,4.405237803582049,0.19476210105051894
"""CNR3995883""","""CID9793707""",4.8,4.405237803582049,0.39476238715281387
"""CNR6736564""","""CID8134204""",4.4042315,4.405237803582049,-0.0010062552727232443
"""CNR3112190""","""CID3521240""",4.9,4.405237803582049,0.4947622917853822
"""CNR1208869""","""CID6351857""",4.3,4.405237803582049,-0.10523761284718613
"""CNR8975763""","""CID2157289""",4.7,4.405237803582049,0.2947620056830873
"""CNR4398943""","""CID4077400""",4.4042315,4.405237803582049,-0.0010062552727232443
"""CNR1915847""","""CID4744457""",4.1,4.405237803582049,-0.30523789894948106
"""CNR9246587""","""CID9630960""",4.8,4.405237803582049,0.39476238715281387
"""CNR6890045""","""CID4255321""",4.6,4.405237803582049,0.19476210105051894
"""CNR2756369""","""CID7833016""",4.404214,4.405237803582049,-0.00102389824757676
"""CNR4513240""","""CID1651836""",4.1,4.405237803582049,-0.30523789894948106
"""CNR6185608""","""CID6040902""",4.4031615,4.405237803582049,-0.002076277855731057
"""CNR7244813""","""CID8010485""",3.1,4.405237803582049,-1.305237898949481
"""CNR9448731""","""CID2038869""",4.405319,4.405237803582049,8.14102851380838e-05
"""CNR6973230""","""CID4129492""",4.2,4.376986083790243,-0.17698627452510607
"""CNR6801855""","""CID3432009""",4.4098225,4.405237803582049,0.004584660407208396
"""CNR1207375""","""CID5082588""",3.6,4.405237803582049,-0.8052378989494811
"""CNR4240967""","""CID4494123""",4.2,4.405237803582049,-0.2052379943169127
"""CNR1390797""","""CID4582397""",4.4042315,4.405237803582049,-0.0010062552727232443
"""CNR6707996""","""CID9163680""",4.404214,4.405237803582049,-0.00102389824757676
"""CNR9458718""","""CID3782867""",4.4021993,4.405237803582049,-0.003038535240984963
"""CNR8763539""","""CID1711586""",5.0,4.405237803582049,0.5947621964179506
"""CNR1521309""","""CID7653533""",4.9,4.405237803582049,0.4947622917853822
"""CNR7460055""","""CID6604104""",4.4031615,4.405237803582049,-0.002076277855731057
"""CNR5784715""","""CID3563156""",4.4098225,4.405237803582049,0.004584660407208396
"""CNR1404187""","""CID1649976""",4.4021993,4.405237803582049,-0.003038535240984963
"""CNR6938391""","""CID2993943""",4.4021993,4.405237803582049,-0.003038535240984963
"""CNR3850697""","""CID1476000""",4.4098225,4.405237803582049,0.004584660407208396
"""CNR4515231""","""CID1943282""",4.4,4.405237803582049,-0.005237708214617776
"""CNR7911604""","""CID3667188""",4.4031615,4.405237803582049,-0.002076277855731057
"""CNR9652144""","""CID8399344""",4.3,4.405237803582049,-0.10523761284718613
"""CNR7425188""","""CID2030046""",3.9,4.405237803582049,-0.5052377082146178
"""CNR6121859""","""CID4883376""",4.4031615,4.405237803582049,-0.002076277855731057
"""CNR1944078""","""CID6964719""",4.1,4.405237803582049,-0.30523789894948106
"""CNR8990625""","""CID4989322""",4.6,4.405237803582049,0.19476210105051894
"""CNR6792279""","""CID6105061""",4.7,4.405237803582049,0.2947620056830873
"""CNR2570820""","""CID7362457""",4.4021993,4.405237803582049,-0.003038535240984963
"""CNR2089959""","""CID6746738""",4.4098225,4.405237803582049,0.004584660407208396
"""CNR4087025""","""CID9473842""",4.4031615,4.405237803582049,-0.002076277855731057
"""CNR2815042""","""CID2073718""",4.3,4.405237803582049,-0.10523761284718613
"""CNR6662461""","""CID6195022""",4.1,4.405237803582049,-0.30523789894948106
"""CNR5099057""","""CID2526990""",4.4,4.405237803582049,-0.005237708214617776
"""CNR5951753""","""CID5412101""",4.2,4.405237803582049,-0.2052379943169127
"""CNR8996999""","""CID3305119""",4.7,4.405237803582049,0.2947620056830873
"""CNR5320911""","""CID1533604""",4.6,4.405237803582049,0.19476210105051894
"""CNR8436724""","""CID1095359""",4.404214,4.405237803582049,-0.00102389824757676
"""CNR1453671""","""CID7393907""",4.9,4.405237803582049,0.4947622917853822
"""CNR6396205""","""CID7546646""",4.3,4.405237803582049,-0.10523761284718613
"""CNR1829303""","""CID4541835""",5.0,4.405237803582049,0.5947621964179506
"""CNR1130660""","""CID9958507""",4.9,4.405237803582049,0.4947622917853822
"""CNR6682693""","""CID7712347""",4.9,4.405237803582049,0.4947622917853822
"""CNR2918849""","""CID5330738""",4.9,4.405237803582049,0.4947622917853822
"""CNR9851838""","""CID3422798""",4.4,4.405237803582049,-0.005237708214617776
"""CNR2525887""","""CID4720878""",4.3,4.405237803582049,-0.10523761284718613
"""CNR7894024""","""CID4426055""",4.404214,4.405237803582049,-0.00102389824757676
"""CNR8276314""","""CID7009181""",4.404214,4.405237803582049,-0.00102389824757676
"""CNR5798586""","""CID3389972""",4.8,4.405237803582049,0.39476238715281387
"""CNR5941747""","""CID1108613""",3.4,4.405237803582049,-1.0052377082146178
"""CNR1734874""","""CID4115119""",4.4042315,4.405237803582049,-0.0010062552727232443
"""CNR1122844""","""CID4232190""",4.404214,4.405237803582049,-0.00102389824757676
"""CNR3355723""","""CID2622603""",4.7,4.405237803582049,0.2947620056830873
"""CNR1768562""","""CID5165919""",4.4042315,4.405237803582049,-0.0010062552727232443
"""CNR4685590""","""CID3905178""",5.0,4.405237803582049,0.5947621964179506
"""CNR9528927""","""CID8504147""",4.7,4.405237803582049,0.2947620056830873
"""CNR9626235""","""CID7062292""",4.404214,4.405237803582049,-0.00102389824757676
"""CNR5952208""","""CID4111231""",4.9,4.405237803582049,0.4947622917853822
"""CNR4118371""","""CID5355022""",4.3,4.405237803582049,-0.10523761284718613
"""CNR3752036""","""CID6566796""",4.4031615,4.405237803582049,-0.002076277855731057
"""CNR2936608""","""CID1120892""",4.1,4.405237803582049,-0.30523789894948106
"""CNR5391179""","""CID1885288""",4.6,4.405237803582049,0.19476210105051894
"""CNR3616531""","""CID3574429""",4.7,4.405237803582049,0.2947620056830873
"""CNR3342006""","""CID6402177""",4.9,4.405237803582049,0.4947622917853822
"""CNR2894648""","""CID1017019""",4.4042315,4.405237803582049,-0.0010062552727232443
"""CNR6488926""","""CID7677447""",4.8,4.405237803582049,0.39476238715281387
"""CNR7104883""","""CID2777933""",4.4021993,4.376986083790243,0.025213184550821666
"""CNR3187244""","""CID1689201""",3.9,4.405237803582049,-0.5052377082146178
"""CNR4999712""","""CID9797801""",4.4098225,4.405237803582049,0.004584660407208396
"""CNR5540683""","""CID8620424""",4.0,4.405237803582049,-0.4052378035820494
"""CNR2282463""","""CID3612452""",4.404214,4.405237803582049,-0.00102389824757676
"""CNR1332438""","""CID9705971""",4.404214,4.405237803582049,-0.00102389824757676
"""CNR2884476""","""CID4727646""",4.9,4.405237803582049,0.4947622917853822
"""CNR7326244""","""CID8949910""",4.8,4.487649406569887,0.31235078416497597
"""CNR8783887""","""CID7677830""",4.404214,4.405237803582049,-0.00102389824757676
"""CNR4377312""","""CID3738547""",4.4021993,4.405237803582049,-0.003038535240984963
"""CNR6569199""","""CID5398323""",4.9,4.405237803582049,0.4947622917853822
"""CNR5625091""","""CID7558925""",4.9,4.405237803582049,0.4947622917853822
"""CNR6448259""","""CID9118336""",4.404214,4.405237803582049,-0.00102389824757676
"""CNR1533953""","""CID7343578""",4.4098225,4.405237803582049,0.004584660407208396
"""CNR8479763""","""CID2903282""",4.4021993,4.405237803582049,-0.003038535240984963
"""CNR4786079""","""CID9957700""",4.4042315,4.405237803582049,-0.0010062552727232443
"""CNR8392529""","""CID3200210""",4.4098225,4.405237803582049,0.004584660407208396
"""CNR3749588""","""CID9799664""",4.7,4.405237803582049,0.2947620056830873
"""CNR3100979""","""CID7172920""",4.1,4.405237803582049,-0.30523789894948106
"""CNR5270859""","""CID9960685""",4.1,4.405237803582049,-0.30523789894948106
"""CNR8463976""","""CID8718167""",4.9,4.405237803582049,0.4947622917853822
"""CNR1060990""","""CID2468910""",4.9,4.405237803582049,0.4947622917853822
"""CNR8385626""","""CID6856298""",4.4031615,4.405237803582049,-0.002076277855731057
"""CNR3642289""","""CID8762998""",4.3,4.405237803582049,-0.10523761284718613
"""CNR2285717""","""CID6837843""",4.4,4.405237803582049,-0.005237708214617776
"""CNR1340771""","""CID9541774""",4.6,4.405237803582049,0.19476210105051894
"""CNR1592952""","""CID4586198""",4.4098225,4.405237803582049,0.004584660407208396
"""CNR8321268""","""CID6062718""",4.9,4.405237803582049,0.4947622917853822
"""CNR9027093""","""CID6331799""",4.4042315,4.376986083790243,0.027245464519083384
"""CNR1252544""","""CID4007286""",4.1,4.405237803582049,-0.30523789894948106
"""CNR5805706""","""CID9852390""",4.4042315,4.405237803582049,-0.0010062552727232443
"""CNR3544390""","""CID3288943""",4.6,4.405237803582049,0.19476210105051894
"""CNR5626978""","""CID2222359""",4.2,4.405237803582049,-0.2052379943169127
"""CNR6493199""","""CID5602465""",4.6,4.405237803582049,0.19476210105051894
"""CNR1264073""","""CID1232361""",4.1,4.405237803582049,-0.30523789894948106
"""CNR9362361""","""CID5273107""",4.9,4.405237803582049,0.4947622917853822
"""CNR6280240""","""CID4123191""",4.4042315,4.405237803582049,-0.0010062552727232443
"""CNR4050867""","""CID1272664""",4.5,4.405237803582049,0.09476219641795058
"""CNR4917086""","""CID3730392""",4.6,4.405237803582049,0.19476210105051894
"""CNR5599265""","""CID5999692""",4.6,4.405237803582049,0.19476210105051894
"""CNR4729501""","""CID5630302""",4.4098225,4.405237803582049,0.004584660407208396
"""CNR4502258""","""CID7593002""",4.4042315,4.405237803582049,-0.0010062552727232443
"""CNR6650817""","""CID3089175""",3.7,4.405237803582049,-0.7052377558983336
"""CNR7986948""","""CID3987762""",4.2,4.405237803582049,-0.2052379943169127
"""CNR2470064""","""CID4755670""",4.4042315,4.405237803582049,-0.0010062552727232443
"""CNR5028508""","""CID3374702""",4.4021993,4.405237803582049,-0.003038535240984963
"""CNR4947291""","""CID9503472""",5.0,4.405237803582049,0.5947621964179506
"""CNR8390489""","""CID5427460""",4.6,4.405237803582049,0.19476210105051894
"""CNR3163914""","""CID9611956""",4.9,4.405237803582049,0.4947622917853822
"""CNR5320733""","""CID3961246""",4.2,4.405237803582049,-0.2052379943169127
"""CNR3712765""","""CID2791892""",4.4021993,4.405237803582049,-0.003038535240984963
"""CNR2847433""","""CID1230931""",4.5,4.405237803582049,0.09476219641795058
"""CNR5698190""","""CID4384173""",3.2,4.405237803582049,-1.2052377558983336
"""CNR8214656""","""CID3906707""",4.1,4.405237803582049,-0.30523789894948106
"""CNR5581466""","""CID2550669""",4.8,4.405237803582049,0.39476238715281387
"""CNR1319989""","""CID4240881""",4.4021993,4.405237803582049,-0.003038535240984963
"""CNR9358932""","""CID8791153""",4.4042315,4.405237803582049,-0.0010062552727232443
"""CNR6843046""","""CID2485753""",4.404214,4.405237803582049,-0.00102389824757676
"""CNR9970308""","""CID2570664""",3.6,4.405237803582049,-0.8052378989494811
"""CNR6164865""","""CID3885709""",3.8,4.405237803582049,-0.6052378512657652
"""CNR3123885""","""CID3606768""",5.0,4.405237803582049,0.5947621964179506
"""CNR8749972""","""CID4499547""",4.4031615,4.405237803582049,-0.002076277855731057
"""CNR8170634""","""CID7571864""",4.5,4.742105283235249,-0.24210528323524905
"""CNR3031304""","""CID6756440""",4.404214,4.405237803582049,-0.00102389824757676
"""CNR6791365""","""CID8782671""",4.9,4.405237803582049,0.4947622917853822
"""CNR4079603""","""CID9744752""",4.7,4.405237803582049,0.2947620056830873
"""CNR6843453""","""CID1090447""",4.3,4.405237803582049,-0.10523761284718613
"""CNR8373193""","""CID2815112""",4.8,4.405237803582049,0.39476238715281387
"""CNR8087361""","""CID7072534""",4.4098225,4.376986083790243,0.032836380199015025
"""CNR4534383""","""CID5270411""",4.4042315,4.405237803582049,-0.0010062552727232443
"""CNR3174930""","""CID8978699""",5.0,4.405237803582049,0.5947621964179506
"""CNR8843159""","""CID5855391""",4.404214,4.405237803582049,-0.00102389824757676
"""CNR6287187""","""CID9258737""",3.3,4.405237803582049,-1.1052378512657652
"""CNR3597123""","""CID7961217""",4.3,4.405237803582049,-0.10523761284718613
"""CNR8833884""","""CID8215844""",4.4042315,4.405237803582049,-0.0010062552727232443
"""CNR6594975""","""CID8772113""",4.404214,4.405237803582049,-0.00102389824757676
"""CNR1678090""","""CID3194023""",5.0,4.405237803582049,0.5947621964179506
"""CNR8154436""","""CID6736425""",3.2,4.405237803582049,-1.2052377558983336
"""CNR3111334""","""CID7039527""",4.3,4.376986083790243,-0.0769858930553795
"""CNR7304070""","""CID1650346""",4.3,4.405237803582049,-0.10523761284718613
"""CNR5558112""","""CID9120842""",4.4042315,4.405237803582049,-0.0010062552727232443
"""CNR8515754""","""CID6040769""",4.6,4.405237803582049,0.19476210105051894
"""CNR1521178""","""CID5937983""",4.4042315,4.405237803582049,-0.0010062552727232443
"""CNR8841546""","""CID9079592""",4.8,4.405237803582049,0.39476238715281387
"""CNR3729350""","""CID1058788""",4.9,4.405237803582049,0.4947622917853822
"""CNR3824648""","""CID5278994""",5.0,4.376986083790243,0.6230139162097572
"""CNR8910094""","""CID4217980""",4.404214,4.405237803582049,-0.00102389824757676
"""CNR8446460""","""CID5013018""",4.5,4.405237803582049,0.09476219641795058
"""CNR9469188""","""CID1546565""",5.0,4.405237803582049,0.5947621964179506
"""CNR8288552""","""CID8622869""",3.1,4.405237803582049,-1.305237898949481
"""CNR6931549""","""CID3106465""",4.4031615,4.405237803582049,-0.002076277855731057
"""CNR9155947""","""CID2644433""",4.4021993,4.405237803582049,-0.003038535240984963
"""CNR1124486""","""CID9116843""",4.3,4.405237803582049,-0.10523761284718613
"""CNR4033056""","""CID5874858""",4.8,4.405237803582049,0.39476238715281387
"""CNR3443531""","""CID5911682""",4.4042315,4.405237803582049,-0.0010062552727232443
"""CNR5978702""","""CID5858825""",4.4021993,4.405237803582049,-0.003038535240984963
"""CNR4476387""","""CID3290168""",5.0,4.405237803582049,0.5947621964179506
"""CNR5060453""","""CID3552491""",4.2,4.405237803582049,-0.2052379943169127
"""CNR1773083""","""CID7282848""",4.6,4.405237803582049,0.19476210105051894
"""CNR7038803""","""CID4616403""",4.4098225,4.405237803582049,0.004584660407208396
"""CNR3735805""","""CID4377558""",3.8,4.376986083790243,-0.5769861314739586
"""CNR4411006""","""CID1140356""",4.5,4.405237803582049,0.09476219641795058
"""CNR1085092""","""CID7445424""",3.9,4.405237803582049,-0.5052377082146178
"""CNR7128849""","""CID5834596""",3.9,4.405237803582049,-0.5052377082146178
"""CNR3014637""","""CID5749013""",4.2,4.405237803582049,-0.2052379943169127
"""CNR9020968""","""CID6787951""",4.9,4.405237803582049,0.4947622917853822
"""CNR1205744""","""CID6734392""",4.4098225,4.405237803582049,0.004584660407208396
"""CNR3490207""","""CID6283102""",4.4042315,4.405237803582049,-0.0010062552727232443
"""CNR5547483""","""CID4754026""",4.9,4.405237803582049,0.4947622917853822
"""CNR8257492""","""CID9744953""",4.404214,4.405237803582049,-0.00102389824757676
"""CNR3384892""","""CID6157690""",4.9,4.405237803582049,0.4947622917853822
"""CNR8436435""","""CID2907775""",3.1,4.405237803582049,-1.305237898949481
"""CNR7522907""","""CID3835636""",5.0,4.405237803582049,0.5947621964179506
"""CNR5645261""","""CID8312465""",4.1,4.376986083790243,-0.27698617915767443
"""CNR7411089""","""CID5460361""",4.4021993,4.405237803582049,-0.003038535240984963
"""CNR3700142""","""CID3043459""",4.6,4.405237803582049,0.19476210105051894
"""CNR3807565""","""CID2450623""",4.4098225,4.405237803582049,0.004584660407208396
"""CNR8182478""","""CID7709227""",3.2,4.405237803582049,-1.2052377558983336
"""CNR9965207""","""CID3104318""",4.6,4.405237803582049,0.19476210105051894
"""CNR8186739""","""CID5349282""",3.9,4.405237803582049,-0.5052377082146178
"""CNR6728404""","""CID1798827""",4.4,4.405237803582049,-0.005237708214617776
"""CNR8106409""","""CID9276232""",4.8,4.405237803582049,0.39476238715281387
"""CNR1629395""","""CID1280140""",4.2,4.405237803582049,-0.2052379943169127
"""CNR4899030""","""CID6426717""",4.6,4.405237803582049,0.19476210105051894
"""CNR7713465""","""CID3314787""",4.2,4.405237803582049,-0.2052379943169127
"""CNR2483451""","""CID2428320""",4.4021993,4.405237803582049,-0.003038535240984963
"""CNR5512467""","""CID2263858""",4.4,4.405237803582049,-0.005237708214617776
"""CNR2403219""","""CID7269319""",4.4098225,4.405237803582049,0.004584660407208396
"""CNR9310085""","""CID1669716""",4.4021993,4.405237803582049,-0.003038535240984963
"""CNR1575368""","""CID5724346""",4.2,4.376986083790243,-0.17698627452510607
"""CNR5513138""","""CID2654130""",5.0,4.405237803582049,0.5947621964179506
"""CNR5248673""","""CID8363591""",4.8,4.405237803582049,0.39476238715281387
"""CNR3604068""","""CID1633354""",4.9,4.405237803582049,0.4947622917853822
"""CNR9768427""","""CID6564502""",5.0,4.405237803582049,0.5947621964179506
"""CNR7732132""","""CID9398231""",4.4042315,4.405237803582049,-0.0010062552727232443
"""CNR4130953""","""CID3196782""",4.4031615,4.405237803582049,-0.002076277855731057
"""CNR4451636""","""CID9506765""",4.4021993,4.405237803582049,-0.003038535240984963
"""CNR2867312""","""CID6940415""",4.404214,4.405237803582049,-0.00102389824757676
"""CNR7541670""","""CID4622638""",3.8,4.405237803582049,-0.6052378512657652
"""CNR6455980""","""CID3295560""",4.4098225,4.405237803582049,0.004584660407208396
"""CNR2532357""","""CID1690653""",4.4031615,4.405237803582049,-0.002076277855731057
"""CNR8306647""","""CID5369951""",4.404214,4.405237803582049,-0.00102389824757676
"""CNR5641295""","""CID6079816""",4.4042315,4.405237803582049,-0.0010062552727232443
"""CNR3848299""","""CID5956143""",4.3,4.405237803582049,-0.10523761284718613
"""CNR5836642""","""CID3759836""",4.7,4.376986083790243,0.32301372547489393
"""CNR4277623""","""CID1500304""",4.4021993,4.405237803582049,-0.003038535240984963
"""CNR1503976""","""CID5193982""",4.8,4.405237803582049,0.39476238715281387
"""CNR6629508""","""CID1447082""",4.2,4.405237803582049,-0.2052379943169127
"""CNR2344676""","""CID9597959""",4.4042315,4.405237803582049,-0.0010062552727232443
"""CNR2676268""","""CID7513416""",4.6,4.376986083790243,0.22301382084232557
"""CNR1652833""","""CID5409586""",4.4098225,4.405237803582049,0.004584660407208396
"""CNR9647176""","""CID5500175""",4.2,4.405237803582049,-0.2052379943169127
"""CNR3687483""","""CID9613654""",4.1,4.405237803582049,-0.30523789894948106
"""CNR5003584""","""CID1126880""",4.8,4.405237803582049,0.39476238715281387
"""CNR2589498""","""CID2332961""",4.4021993,4.405237803582049,-0.003038535240984963
"""CNR9802299""","""CID3201110""",4.4031615,4.405237803582049,-0.002076277855731057
"""CNR2536712""","""CID6942801""",4.5,4.405237803582049,0.09476219641795058
"""CNR8580483""","""CID1353987""",4.3,4.405237803582049,-0.10523761284718613
"""CNR1925165""","""CID6989598""",4.4042315,4.405237803582049,-0.0010062552727232443
"""CNR3522787""","""CID7015762""",4.8,4.405237803582049,0.39476238715281387
"""CNR9862803""","""CID1589839""",4.6,4.405237803582049,0.19476210105051894
"""CNR1223694""","""CID6413978""",4.2,4.487649406569887,-0.2876495973047506
"""CNR6326487""","""CID8203188""",4.6,4.405237803582049,0.19476210105051894
"""CNR6944320""","""CID2369454""",4.9,4.405237803582049,0.4947622917853822
"""CNR8759104""","""CID7870110""",4.4042315,4.405237803582049,-0.0010062552727232443
"""CNR6759901""","""CID8291244""",4.2,4.405237803582049,-0.2052379943169127
"""CNR7755149""","""CID6426610""",4.4098225,4.405237803582049,0.004584660407208396
"""CNR5617329""","""CID3830152""",4.2,4.405237803582049,-0.2052379943169127
"""CNR7645275""","""CID8202921""",4.5,4.405237803582049,0.09476219641795058
"""CNR2267390""","""CID8471038""",4.4098225,4.405237803582049,0.004584660407208396
"""CNR7626046""","""CID1469457""",4.7,4.405237803582049,0.2947620056830873
"""CNR9303661""","""CID6236776""",3.7,4.405237803582049,-0.7052377558983336
"""CNR6255178""","""CID6821569""",4.4098225,4.405237803582049,0.004584660407208396
"""CNR9076713""","""CID5327266""",4.9,4.405237803582049,0.4947622917853822
"""CNR4314330""","""CID7313910""",4.4,4.405237803582049,-0.005237708214617776
"""CNR3184470""","""CID6568650""",4.3,4.405237803582049,-0.10523761284718613
"""CNR9927778""","""CID2393539""",4.6,4.405237803582049,0.19476210105051894
"""CNR3463814""","""CID6525427""",4.9,4.405237803582049,0.4947622917853822
"""CNR7371002""","""CID8815302""",4.9,4.405237803582049,0.4947622917853822
"""CNR6857123""","""CID2505019""",4.4021993,4.405237803582049,-0.003038535240984963
"""CNR4540906""","""CID5955909""",4.8,4.405237803582049,0.39476238715281387
"""CNR5699423""","""CID7189468""",4.6,4.405237803582049,0.19476210105051894
"""CNR2806406""","""CID2421769""",4.4042315,4.405237803582049,-0.0010062552727232443
"""CNR6025057""","""CID2532783""",4.4031615,4.405237803582049,-0.002076277855731057
"""CNR9917488""","""CID6440588""",4.8,4.405237803582049,0.39476238715281387
"""CNR3820937""","""CID6339973""",4.5,4.405237803582049,0.09476219641795058
"""CNR7765550""","""CID3939686""",4.4098225,4.405237803582049,0.004584660407208396
"""CNR3366418""","""CID7445598""",4.0,4.405237803582049,-0.4052378035820494
"""CNR6522616""","""CID8530345""",4.4031615,4.405237803582049,-0.002076277855731057
"""CNR4816035""","""CID3032849""",4.6,4.405237803582049,0.19476210105051894
"""CNR4642717""","""CID8602203""",4.4042315,4.405237803582049,-0.0010062552727232443
"""CNR2909068""","""CID6629754""",4.405319,4.405237803582049,8.14102851380838e-05
"""CNR4183119""","""CID3082229""",4.9,4.376986083790243,0.5230140115771889
"""CNR2585709""","""CID7631995""",4.4021993,4.405237803582049,-0.003038535240984963
"""CNR4693806""","""CID8775250""",4.4098225,4.405237803582049,0.004584660407208396
"""CNR4963585""","""CID1499571""",4.2,4.405237803582049,-0.2052379943169127
"""CNR9540782""","""CID6838704""",4.4021993,4.405237803582049,-0.003038535240984963
"""CNR8400843""","""CID3232875""",5.0,4.405237803582049,0.5947621964179506
"""CNR7490154""","""CID4646423""",4.5,4.405237803582049,0.09476219641795058
"""CNR4978667""","""CID4577014""",5.0,4.405237803582049,0.5947621964179506
"""CNR6001653""","""CID8729713""",4.4031615,4.405237803582049,-0.002076277855731057
"""CNR9235118""","""CID8402215""",4.4031615,4.405237803582049,-0.002076277855731057
"""CNR3600985""","""CID1948090""",4.9,4.405237803582049,0.4947622917853822
"""CNR6737470""","""CID9943123""",4.2,4.405237803582049,-0.2052379943169127
"""CNR1582691""","""CID6638442""",5.0,4.405237803582049,0.5947621964179506
"""CNR7932012""","""CID6248332""",4.7,4.405237803582049,0.2947620056830873
"""CNR1466808""","""CID1881797""",4.0,4.405237803582049,-0.4052378035820494
"""CNR4643065""","""CID8386666""",4.4098225,4.405237803582049,0.004584660407208396
"""CNR4677920""","""CID6294217""",4.1,4.405237803582049,-0.30523789894948106
"""CNR6455406""","""CID9723485""",4.5,4.405237803582049,0.09476219641795058
"""CNR2777033""","""CID8056433""",5.0,4.405237803582049,0.5947621964179506
"""CNR6471123""","""CID6243953""",4.4042315,4.405237803582049,-0.0010062552727232443
"""CNR8919921""","""CID2820302""",4.1,4.405237803582049,-0.30523789894948106
"""CNR4616369""","""CID7513234""",4.6,4.405237803582049,0.19476210105051894
"""CNR9559606""","""CID4883012""",4.3,4.405237803582049,-0.10523761284718613
"""CNR4863685""","""CID1368940""",4.3,4.405237803582049,-0.10523761284718613
"""CNR5267878""","""CID2721381""",4.4042315,4.405237803582049,-0.0010062552727232443
"""CNR5104295""","""CID9551339""",4.404214,4.405237803582049,-0.00102389824757676
"""CNR1981902""","""CID3551818""",4.3,4.405237803582049,-0.10523761284718613
"""CNR8956567""","""CID1820939""",4.6,4.405237803582049,0.19476210105051894
"""CNR7962519""","""CID1163062""",4.4,4.405237803582049,-0.005237708214617776
"""CNR6398341""","""CID2487611""",4.1,4.405237803582049,-0.30523789894948106
"""CNR8113777""","""CID5729621""",4.4042315,4.405237803582049,-0.0010062552727232443
"""CNR3535171""","""CID1028626""",4.6,4.405237803582049,0.19476210105051894
"""CNR4903335""","""CID8569846""",4.4042315,4.405237803582049,-0.0010062552727232443
"""CNR9643327""","""CID1374400""",4.4042315,4.405237803582049,-0.0010062552727232443
"""CNR9089619""","""CID7739956""",4.1,4.405237803582049,-0.30523789894948106
"""CNR1272406""","""CID2028985""",4.404214,4.405237803582049,-0.00102389824757676
"""CNR2900179""","""CID7005392""",3.6,4.405237803582049,-0.8052378989494811
"""CNR3956081""","""CID7682577""",3.8,4.405237803582049,-0.6052378512657652
"""CNR1430108""","""CID2102482""",4.2,4.405237803582049,-0.2052379943169127
"""CNR8043769""","""CID1502942""",4.8,4.405237803582049,0.39476238715281387
"""CNR6679428""","""CID8978422""",4.4050717,4.405237803582049,-0.00016606819996933808
"""CNR3161367""","""CID5802109""",4.6,4.405237803582049,0.19476210105051894
"""CNR3849901""","""CID5768183""",4.4098225,4.405237803582049,0.004584660407208396
"""CNR1438147""","""CID3150036""",4.7,4.405237803582049,0.2947620056830873
"""CNR5442515""","""CID6406608""",4.8,4.405237803582049,0.39476238715281387
"""CNR9369228""","""CID3629405""",5.0,4.405237803582049,0.5947621964179506
"""CNR4859997""","""CID8583169""",3.6,4.405237803582049,-0.8052378989494811
"""CNR5366434""","""CID1889737""",3.8,4.405237803582049,-0.6052378512657652
"""CNR6595952""","""CID6465406""",4.2,4.405237803582049,-0.2052379943169127
"""CNR4211692""","""CID2566068""",4.4098225,4.405237803582049,0.004584660407208396
"""CNR4104825""","""CID2756751""",4.404214,4.405237803582049,-0.00102389824757676
"""CNR7834177""","""CID7401642""",3.1,4.405237803582049,-1.305237898949481
"""CNR1988848""","""CID8462175""",4.8,4.405237803582049,0.39476238715281387
"""CNR7502362""","""CID7031678""",4.4042315,4.405237803582049,-0.0010062552727232443
"""CNR7905050""","""CID3776738""",4.6,4.376986083790243,0.22301382084232557
"""CNR6581394""","""CID3071913""",4.404214,4.405237803582049,-0.00102389824757676
"""CNR8503014""","""CID7483463""",4.4098225,4.405237803582049,0.004584660407208396
"""CNR4224177""","""CID7142176""",4.4098225,4.405237803582049,0.004584660407208396
"""CNR4561333""","""CID4913125""",4.7,4.405237803582049,0.2947620056830873
"""CNR2795852""","""CID8286428""",4.2,4.405237803582049,-0.2052379943169127
"""CNR5891068""","""CID6029742""",4.405319,4.405237803582049,8.14102851380838e-05
"""CNR1469107""","""CID5573702""",4.2,4.405237803582049,-0.2052379943169127
"""CNR5698262""","""CID9842158""",3.2,4.405237803582049,-1.2052377558983336
"""CNR1727892""","""CID8581243""",4.2,4.405237803582049,-0.2052379943169127
"""CNR2913516""","""CID3961356""",4.8,4.405237803582049,0.39476238715281387
"""CNR9274553""","""CID3690186""",4.6,4.405237803582049,0.19476210105051894
"""CNR7776461""","""CID6577520""",5.0,4.405237803582049,0.5947621964179506
"""CNR5729664""","""CID1858900""",4.4031615,4.405237803582049,-0.002076277855731057
"""CNR1002093""","""CID8546912""",4.4021993,4.405237803582049,-0.003038535240984963
"""CNR5803157""","""CID6757897""",4.9,4.405237803582049,0.4947622917853822
"""CNR4981495""","""CID5110552""",4.4,4.405237803582049,-0.005237708214617776
"""CNR3063476""","""CID3436080""",4.2,4.405237803582049,-0.2052379943169127
"""CNR6394680""","""CID3692424""",4.6,4.405237803582049,0.19476210105051894
"""CNR6278522""","""CID7394660""",5.0,4.405237803582049,0.5947621964179506
"""CNR2871603""","""CID7436718""",4.9,4.405237803582049,0.4947622917853822
"""CNR5291215""","""CID5513042""",5.0,4.405237803582049,0.5947621964179506
"""CNR6799752""","""CID8428929""",4.4021993,4.405237803582049,-0.003038535240984963
"""CNR5318235""","""CID5729870""",4.6,4.405237803582049,0.19476210105051894
"""CNR7546095""","""CID3959402""",4.1,4.405237803582049,-0.30523789894948106
"""CNR2044945""","""CID7789787""",5.0,4.405237803582049,0.5947621964179506
"""CNR9965859""","""CID6737089""",4.4021993,4.405237803582049,-0.003038535240984963
"""CNR6617031""","""CID5857636""",4.4021993,4.405237803582049,-0.003038535240984963
"""CNR1720627""","""CID5519956""",4.4098225,4.405237803582049,0.004584660407208396
"""CNR5412634""","""CID4736485""",4.404214,4.405237803582049,-0.00102389824757676
"""CNR4500275""","""CID5571827""",4.5,4.405237803582049,0.09476219641795058
"""CNR9457801""","""CID6819784""",4.9,4.405237803582049,0.4947622917853822
"""CNR2271364""","""CID2423040""",4.1,4.405237803582049,-0.30523789894948106
"""CNR2864427""","""CID8300481""",4.2,4.405237803582049,-0.2052379943169127
"""CNR6183445""","""CID6873993""",4.4042315,4.405237803582049,-0.0010062552727232443
"""CNR4407163""","""CID7803515""",4.404214,4.405237803582049,-0.00102389824757676
"""CNR2355991""","""CID1473447""",4.8,4.376986083790243,0.4230141069446205
"""CNR6985123""","""CID9445225""",3.7,4.405237803582049,-0.7052377558983336
"""CNR5725531""","""CID3223882""",4.4,4.405237803582049,-0.005237708214617776
"""CNR9531569""","""CID6318609""",4.4042315,4.405237803582049,-0.0010062552727232443
"""CNR6426879""","""CID5336645""",4.4098225,4.405237803582049,0.004584660407208396
"""CNR8659699""","""CID1359239""",4.4031615,4.405237803582049,-0.002076277855731057
"""CNR7306983""","""CID9309090""",4.7,4.405237803582049,0.2947620056830873
"""CNR7575734""","""CID5522486""",4.6,4.405237803582049,0.19476210105051894
"""CNR7568523""","""CID4737731""",4.4,4.405237803582049,-0.005237708214617776
"""CNR1120178""","""CID8967575""",4.2,4.405237803582049,-0.2052379943169127
"""CNR3741444""","""CID3391764""",4.4,4.405237803582049,-0.005237708214617776
"""CNR2056655""","""CID9713110""",4.1,4.405237803582049,-0.30523789894948106
"""CNR3547125""","""CID8351168""",4.4098225,4.405237803582049,0.004584660407208396
"""CNR9590347""","""CID8542093""",4.7,4.405237803582049,0.2947620056830873
"""CNR5536154""","""CID9249871""",3.7,4.405237803582049,-0.7052377558983336
"""CNR8808299""","""CID3779010""",4.3,4.376986083790243,-0.0769858930553795
"""CNR4910563""","""CID5612770""",4.404214,4.405237803582049,-0.00102389824757676
"""CNR8934867""","""CID5013400""",4.2,4.405237803582049,-0.2052379943169127
"""CNR9624023""","""CID3355461""",3.9,4.405237803582049,-0.5052377082146178
"""CNR3865460""","""CID1648672""",4.5,4.405237803582049,0.09476219641795058
"""CNR7655415""","""CID3890994""",4.4042315,4.405237803582049,-0.0010062552727232443
"""CNR8521251""","""CID5686276""",4.4021993,4.405237803582049,-0.003038535240984963
"""CNR7787024""","""CID6785433""",5.0,4.405237803582049,0.5947621964179506
"""CNR2020344""","""CID2874202""",4.4,4.405237803582049,-0.005237708214617776
"""CNR8872863""","""CID8328537""",4.3,4.376986083790243,-0.0769858930553795
"""CNR6047355""","""CID4247776""",4.9,4.405237803582049,0.4947622917853822
"""CNR4734335""","""CID9745949""",3.7,4.405237803582049,-0.7052377558983336
"""CNR1478954""","""CID7036948""",4.1,4.405237803582049,-0.30523789894948106
"""CNR1326392""","""CID5959245""",4.4021993,4.405237803582049,-0.003038535240984963
"""CNR9427742""","""CID4842364""",4.405319,4.405237803582049,8.14102851380838e-05
"""CNR5873823""","""CID9798340""",4.4031615,4.405237803582049,-0.002076277855731057
"""CNR7248166""","""CID9013086""",4.4021993,4.405237803582049,-0.003038535240984963
"""CNR9098094""","""CID3282803""",4.1,4.405237803582049,-0.30523789894948106
"""CNR1293387""","""CID8309512""",4.7,4.405237803582049,0.2947620056830873
"""CNR6710019""","""CID8817538""",4.4021993,4.405237803582049,-0.003038535240984963
"""CNR7565025""","""CID6583835""",4.3,4.405237803582049,-0.10523761284718613
"""CNR5765872""","""CID2684010""",4.4031615,4.405237803582049,-0.002076277855731057
"""CNR3084010""","""CID1317013""",5.0,4.405237803582049,0.5947621964179506
"""CNR5605247""","""CID7853518""",4.4031615,4.405237803582049,-0.002076277855731057
"""CNR5290432""","""CID4153534""",4.4098225,4.405237803582049,0.004584660407208396
"""CNR6937910""","""CID8991195""",4.9,4.405237803582049,0.4947622917853822
"""CNR6354599""","""CID6088479""",4.5,4.405237803582049,0.09476219641795058
"""CNR1508627""","""CID8377470""",3.7,4.376986083790243,-0.676986036106527
"""CNR2797519""","""CID1316543""",4.6,4.405237803582049,0.19476210105051894
"""CNR7530105""","""CID9466778""",4.9,4.405237803582049,0.4947622917853822
"""CNR2449170""","""CID5434827""",4.4021993,4.405237803582049,-0.003038535240984963
"""CNR6540931""","""CID5954046""",4.404214,4.405237803582049,-0.00102389824757676
"""CNR3123150""","""CID3092867""",4.4,4.405237803582049,-0.005237708214617776
"""CNR3649871""","""CID1997034""",4.2,4.405237803582049,-0.2052379943169127
"""CNR9310516""","""CID1090723""",4.2,4.405237803582049,-0.2052379943169127
"""CNR5515726""","""CID3433763""",4.4031615,4.405237803582049,-0.002076277855731057
"""CNR8731068""","""CID4015011""",4.4031615,4.405237803582049,-0.002076277855731057
"""CNR6838384""","""CID9487639""",4.4021993,4.405237803582049,-0.003038535240984963
"""CNR2023066""","""CID9542897""",4.1,4.405237803582049,-0.30523789894948106
"""CNR5010782""","""CID8176638""",4.5,4.405237803582049,0.09476219641795058
"""CNR6373582""","""CID6400926""",4.5,4.405237803582049,0.09476219641795058
"""CNR5501610""","""CID2104020""",4.6,4.405237803582049,0.19476210105051894
"""CNR3984569""","""CID6804370""",4.9,4.376986083790243,0.5230140115771889
"""CNR6842666""","""CID7442998""",4.9,4.405237803582049,0.4947622917853822
"""CNR1499592""","""CID6650869""",4.9,4.405237803582049,0.4947622917853822
"""CNR4270242""","""CID2106686""",4.6,4.405237803582049,0.19476210105051894
"""CNR1936677""","""CID7593255""",3.2,4.405237803582049,-1.2052377558983336
"""CNR4126801""","""CID2781805""",4.4098225,4.405237803582049,0.004584660407208396
"""CNR8329470""","""CID3126428""",4.404214,4.405237803582049,-0.00102389824757676
"""CNR6847413""","""CID2618177""",4.1,4.405237803582049,-0.30523789894948106
"""CNR5325755""","""CID1284662""",4.4042315,4.405237803582049,-0.0010062552727232443
"""CNR5973614""","""CID3947347""",4.405319,4.405237803582049,8.14102851380838e-05
"""CNR1883092""","""CID9873510""",4.4042315,4.405237803582049,-0.0010062552727232443
"""CNR4765592""","""CID7987150""",4.405319,4.405237803582049,8.14102851380838e-05
"""CNR9999312""","""CID4761711""",4.9,4.405237803582049,0.4947622917853822
"""CNR5351433""","""CID4736469""",4.6,4.405237803582049,0.19476210105051894
"""CNR2632374""","""CID5900481""",4.3,4.376986083790243,-0.0769858930553795
"""CNR7786497""","""CID5000229""",4.4021993,4.405237803582049,-0.003038535240984963
"""CNR4529422""","""CID9166034""",4.9,4.405237803582049,0.4947622917853822
"""CNR9340556""","""CID7607249""",4.4021993,4.405237803582049,-0.003038535240984963
"""CNR9468029""","""CID3836006""",4.405319,4.405237803582049,8.14102851380838e-05
"""CNR6158716""","""CID9122315""",4.8,4.405237803582049,0.39476238715281387
"""CNR4342205""","""CID6682365""",4.5,4.405237803582049,0.09476219641795058
"""CNR6191576""","""CID4818790""",4.8,4.405237803582049,0.39476238715281387
"""CNR7337129""","""CID4019275""",4.4098225,4.405237803582049,0.004584660407208396
"""CNR3861260""","""CID2571393""",4.3,4.405237803582049,-0.10523761284718613
"""CNR9756138""","""CID8928588""",4.4098225,4.405237803582049,0.004584660407208396
"""CNR1938042""","""CID7141059""",4.4021993,4.405237803582049,-0.003038535240984963
"""CNR5029282""","""CID8554501""",4.6,4.405237803582049,0.19476210105051894
"""CNR5129614""","""CID3180118""",4.4021993,4.405237803582049,-0.003038535240984963
"""CNR7198120""","""CID2390672""",4.3,4.405237803582049,-0.10523761284718613
"""CNR3901155""","""CID1503140""",4.3,4.405237803582049,-0.10523761284718613
"""CNR9858761""","""CID5406642""",4.4,4.405237803582049,-0.005237708214617776
"""CNR6868506""","""CID2590717""",4.8,4.405237803582049,0.39476238715281387
"""CNR1436322""","""CID3507304""",4.4098225,4.405237803582049,0.004584660407208396
"""CNR8834737""","""CID2454191""",4.6,4.405237803582049,0.19476210105051894
"""CNR6745643""","""CID5937179""",4.4098225,4.405237803582049,0.004584660407208396
"""CNR9576617""","""CID8191526""",4.4021993,4.405237803582049,-0.003038535240984963
"""CNR3015781""","""CID9516817""",4.1,4.405237803582049,-0.30523789894948106
"""CNR4200227""","""CID5814729""",4.4042315,4.405237803582049,-0.0010062552727232443
"""CNR1207711""","""CID2323646""",4.4031615,4.405237803582049,-0.002076277855731057
"""CNR8687260""","""CID8505240""",4.4021993,4.405237803582049,-0.003038535240984963
"""CNR5732696""","""CID2133567""",4.4021993,4.405237803582049,-0.003038535240984963
"""CNR7571682""","""CID1113413""",4.4042315,4.405237803582049,-0.0010062552727232443
"""CNR7430261""","""CID7840502""",4.4021993,4.405237803582049,-0.003038535240984963
"""CNR3315179""","""CID6310335""",4.404214,4.405237803582049,-0.00102389824757676
"""CNR1295416""","""CID9741870""",4.405319,4.405237803582049,8.14102851380838e-05
"""CNR8232770""","""CID6842746""",4.6,4.405237803582049,0.19476210105051894
"""CNR4353650""","""CID2685510""",3.8,4.405237803582049,-0.6052378512657652
"""CNR6706653""","""CID9853814""",4.4021993,4.405237803582049,-0.003038535240984963
"""CNR9255306""","""CID3522904""",4.9,4.405237803582049,0.4947622917853822
"""CNR5653566""","""CID2396992""",4.9,4.405237803582049,0.4947622917853822
"""CNR7917299""","""CID7632510""",4.4021993,4.405237803582049,-0.003038535240984963
"""CNR9022065""","""CID6828608""",4.4021993,4.405237803582049,-0.003038535240984963
"""CNR9041719""","""CID5885187""",4.4098225,4.405237803582049,0.004584660407208396
"""CNR7946870""","""CID9266247""",5.0,4.405237803582049,0.5947621964179506
"""CNR2699917""","""CID4492576""",4.404214,4.405237803582049,-0.00102389824757676
"""CNR5312774""","""CID1203048""",4.3,4.405237803582049,-0.10523761284718613
"""CNR9507262""","""CID2095158""",4.3,4.405237803582049,-0.10523761284718613
"""CNR8938826""","""CID4019850""",4.4042315,4.405237803582049,-0.0010062552727232443
"""CNR1833609""","""CID2882570""",4.9,4.405237803582049,0.4947622917853822
"""CNR3535949""","""CID2687526""",3.5,4.405237803582049,-0.9052378035820494
"""CNR2497195""","""CID4749618""",4.3,4.405237803582049,-0.10523761284718613
"""CNR7340084""","""CID1310518""",3.5,4.405237803582049,-0.9052378035820494
"""CNR6701806""","""CID5001747""",4.4031615,4.405237803582049,-0.002076277855731057
"""CNR3672574""","""CID7827614""",5.0,4.405237803582049,0.5947621964179506
"""CNR6522664""","""CID8252322""",3.9,4.405237803582049,-0.5052377082146178
"""CNR7989557""","""CID5982362""",4.7,4.405237803582049,0.2947620056830873
"""CNR9990977""","""CID2269345""",4.4098225,4.405237803582049,0.004584660407208396
"""CNR8192090""","""CID6065599""",3.4,4.405237803582049,-1.0052377082146178
"""CNR6576515""","""CID3265818""",4.8,4.405237803582049,0.39476238715281387
"""CNR8465688""","""CID5519765""",4.4098225,4.405237803582049,0.004584660407208396
"""CNR8855603""","""CID1568343""",4.4021993,4.405237803582049,-0.003038535240984963
"""CNR3453764""","""CID4640655""",3.3,4.405237803582049,-1.1052378512657652
"""CNR6842017""","""CID5963688""",4.4021993,4.405237803582049,-0.003038535240984963
"""CNR9331882""","""CID4396793""",4.4031615,4.405237803582049,-0.002076277855731057
"""CNR6008401""","""CID5901020""",4.1,4.405237803582049,-0.30523789894948106
"""CNR9943131""","""CID1477019""",4.7,4.405237803582049,0.2947620056830873
"""CNR7425226""","""CID5448953""",4.404214,4.405237803582049,-0.00102389824757676
"""CNR7550421""","""CID4215675""",4.4021993,4.405237803582049,-0.003038535240984963
"""CNR3337009""","""CID3688443""",4.2,4.405237803582049,-0.2052379943169127
"""CNR1261266""","""CID2447578""",4.5,4.405237803582049,0.09476219641795058
"""CNR1894204""","""CID3777790""",4.4,4.405237803582049,-0.005237708214617776
"""CNR3121619""","""CID6611160""",4.4098225,4.405237803582049,0.004584660407208396
"""CNR5418140""","""CID6665553""",3.6,4.405237803582049,-0.8052378989494811
"""CNR1663075""","""CID6474575""",4.4098225,4.405237803582049,0.004584660407208396
"""CNR9504856""","""CID4707104""",4.404214,4.405237803582049,-0.00102389824757676
"""CNR7102175""","""CID5518500""",4.4042315,4.405237803582049,-0.0010062552727232443
"""CNR5459377""","""CID3425007""",4.4098225,4.405237803582049,0.004584660407208396
"""CNR7284923""","""CID7465171""",4.8,4.405237803582049,0.39476238715281387
"""CNR5328102""","""CID9301531""",4.3,4.405237803582049,-0.10523761284718613
"""CNR9556718""","""CID2346621""",4.4021993,4.405237803582049,-0.003038535240984963
"""CNR5714310""","""CID9613984""",4.9,4.405237803582049,0.4947622917853822
"""CNR3104248""","""CID5160968""",4.6,4.405237803582049,0.19476210105051894
"""CNR9973321""","""CID3206914""",3.4,4.405237803582049,-1.0052377082146178
"""CNR3994115""","""CID7512394""",3.3,4.405237803582049,-1.1052378512657652
"""CNR9054806""","""CID8644482""",4.4021993,4.405237803582049,-0.003038535240984963
"""CNR6741383""","""CID9194733""",4.8,4.405237803582049,0.39476238715281387
"""CNR1566526""","""CID1359394""",4.4098225,4.405237803582049,0.004584660407208396
"""CNR1162582""","""CID2046110""",4.405319,4.405237803582049,8.14102851380838e-05
"""CNR9175398""","""CID3344050""",4.8,4.405237803582049,0.39476238715281387
"""CNR9163776""","""CID3485950""",4.4021993,4.405237803582049,-0.003038535240984963
"""CNR1309339""","""CID1761544""",4.6,4.405237803582049,0.19476210105051894
"""CNR6121687""","""CID9722463""",4.404214,4.405237803582049,-0.00102389824757676
"""CNR4481257""","""CID3061359""",4.6,4.405237803582049,0.19476210105051894
"""CNR6783235""","""CID6960988""",4.9,4.405237803582049,0.4947622917853822
"""CNR6941131""","""CID2041506""",4.6,4.405237803582049,0.19476210105051894
"""CNR1446647""","""CID8439635""",5.0,4.405237803582049,0.5947621964179506
"""CNR1999171""","""CID6365292""",4.9,4.405237803582049,0.4947622917853822
"""CNR4851364""","""CID6700170""",3.4,4.405237803582049,-1.0052377082146178
"""CNR2226010""","""CID4130907""",4.9,4.405237803582049,0.4947622917853822
"""CNR2091502""","""CID4266486""",4.5,4.405237803582049,0.09476219641795058
"""CNR8703384""","""CID3401837""",4.7,4.405237803582049,0.2947620056830873
"""CNR5477289""","""CID2544257""",4.3,4.405237803582049,-0.10523761284718613
"""CNR3001682""","""CID3496986""",4.9,4.405237803582049,0.4947622917853822
"""CNR9133011""","""CID1959647""",4.4042315,4.405237803582049,-0.0010062552727232443
"""CNR1621601""","""CID3035009""",4.4098225,4.405237803582049,0.004584660407208396
"""CNR8921876""","""CID8068764""",4.4,4.405237803582049,-0.005237708214617776
"""CNR9054277""","""CID4735543""",3.4,4.405237803582049,-1.0052377082146178
"""CNR4685333""","""CID5775620""",5.0,4.405237803582049,0.5947621964179506
"""CNR4855220""","""CID2446699""",4.9,4.405237803582049,0.4947622917853822
"""CNR6938252""","""CID8379490""",4.2,4.405237803582049,-0.2052379943169127
"""CNR3403176""","""CID5276234""",4.4042315,4.405237803582049,-0.0010062552727232443
"""CNR1248961""","""CID4975039""",4.9,4.405237803582049,0.4947622917853822
"""CNR8993384""","""CID6917465""",4.4021993,4.405237803582049,-0.003038535240984963
"""CNR1064975""","""CID3107743""",4.4031615,4.405237803582049,-0.002076277855731057
"""CNR9306078""","""CID6682301""",4.2,4.405237803582049,-0.2052379943169127
"""CNR8555534""","""CID3580429""",4.6,4.405237803582049,0.19476210105051894
"""CNR9565407""","""CID7303723""",4.405319,4.405237803582049,8.14102851380838e-05
"""CNR6732767""","""CID4183765""",4.4021993,4.405237803582049,-0.003038535240984963
"""CNR4443558""","""CID9964501""",4.6,4.405237803582049,0.19476210105051894
"""CNR4170038""","""CID5904517""",4.2,4.405237803582049,-0.2052379943169127
"""CNR3470328""","""CID2128933""",4.404214,4.405237803582049,-0.00102389824757676
"""CNR1443796""","""CID5869703""",4.4021993,4.405237803582049,-0.003038535240984963
"""CNR1194590""","""CID2586773""",4.2,4.405237803582049,-0.2052379943169127
"""CNR4870199""","""CID4100757""",4.4042315,4.405237803582049,-0.0010062552727232443
"""CNR5194325""","""CID8965960""",4.4031615,4.405237803582049,-0.002076277855731057
"""CNR4903318""","""CID6591193""",4.4031615,4.405237803582049,-0.002076277855731057
"""CNR6927594""","""CID6144471""",4.4021993,4.405237803582049,-0.003038535240984963
"""CNR2061122""","""CID7968200""",4.405319,4.405237803582049,8.14102851380838e-05
"""CNR3001978""","""CID2705802""",5.0,4.405237803582049,0.5947621964179506
"""CNR5014597""","""CID5447986""",4.3,4.405237803582049,-0.10523761284718613
"""CNR6390807""","""CID8185832""",4.8,4.405237803582049,0.39476238715281387
"""CNR1066280""","""CID7540081""",4.4098225,4.405237803582049,0.004584660407208396
"""CNR7439652""","""CID4511676""",4.9,4.405237803582049,0.4947622917853822
"""CNR5813263""","""CID3284404""",4.2,4.405237803582049,-0.2052379943169127
"""CNR7774656""","""CID7566685""",4.4021993,4.405237803582049,-0.003038535240984963
"""CNR7749706""","""CID4820543""",4.3,4.405237803582049,-0.10523761284718613
"""CNR1394884""","""CID3539470""",3.9,4.405237803582049,-0.5052377082146178
"""CNR3102197""","""CID7023002""",4.4031615,4.405237803582049,-0.002076277855731057
"""CNR8274832""","""CID2175512""",4.4,4.405237803582049,-0.005237708214617776
"""CNR3334488""","""CID5700991""",4.8,4.405237803582049,0.39476238715281387
"""CNR8180988""","""CID7341290""",4.9,4.487649406569887,0.41235068879754433
"""CNR1821198""","""CID8960516""",4.4042315,4.405237803582049,-0.0010062552727232443
"""CNR8977515""","""CID7129376""",4.404214,4.405237803582049,-0.00102389824757676
"""CNR2598717""","""CID7661987""",4.4021993,4.405237803582049,-0.003038535240984963
"""CNR4232998""","""CID2050145""",4.4042315,4.405237803582049,-0.0010062552727232443
"""CNR1265074""","""CID5420155""",4.1,4.376986083790243,-0.27698617915767443
"""CNR2500792""","""CID3486513""",4.9,4.405237803582049,0.4947622917853822
"""CNR3995258""","""CID6573752""",4.4098225,4.405237803582049,0.004584660407208396
"""CNR7755893""","""CID7754371""",4.5,4.405237803582049,0.09476219641795058
"""CNR9157626""","""CID4927637""",4.4098225,4.405237803582049,0.004584660407208396
"""CNR5869770""","""CID7507552""",4.5,4.405237803582049,0.09476219641795058
"""CNR5794306""","""CID6799025""",5.0,4.405237803582049,0.5947621964179506
"""CNR8457951""","""CID5642523""",3.3,4.405237803582049,-1.1052378512657652
"""CNR9181833""","""CID9751473""",4.8,4.376986083790243,0.4230141069446205
"""CNR1521429""","""CID7270811""",4.9,4.405237803582049,0.4947622917853822
"""CNR5362841""","""CID4132209""",4.6,4.405237803582049,0.19476210105051894
"""CNR6620954""","""CID7276683""",4.4098225,4.405237803582049,0.004584660407208396
"""CNR8577895""","""CID2149595""",4.4021993,4.405237803582049,-0.003038535240984963
"""CNR1405119""","""CID6345110""",4.2,4.405237803582049,-0.2052379943169127
"""CNR2418550""","""CID6084720""",4.4021993,4.405237803582049,-0.003038535240984963
"""CNR9904730""","""CID2226909""",4.9,4.405237803582049,0.4947622917853822
"""CNR9377664""","""CID8200040""",4.4042315,4.405237803582049,-0.0010062552727232443
"""CNR2446434""","""CID3457423""",5.0,4.405237803582049,0.5947621964179506
"""CNR1267721""","""CID4931815""",4.7,4.405237803582049,0.2947620056830873
"""CNR5994816""","""CID2347670""",4.3,4.405237803582049,-0.10523761284718613
"""CNR2128489""","""CID5182515""",4.4,4.376986083790243,0.023014011577188853
"""CNR5803814""","""CID3292401""",4.3,4.405237803582049,-0.10523761284718613
"""CNR6978615""","""CID8484615""",4.9,4.405237803582049,0.4947622917853822
"""CNR9667801""","""CID8661070""",4.4,4.405237803582049,-0.005237708214617776
"""CNR5019818""","""CID9969819""",4.5,4.405237803582049,0.09476219641795058
"""CNR5932587""","""CID6032474""",4.3,4.376986083790243,-0.0769858930553795
"""CNR7631721""","""CID5031609""",4.4021993,4.405237803582049,-0.003038535240984963
"""CNR6451079""","""CID4498085""",5.0,4.405237803582049,0.5947621964179506
"""CNR7681451""","""CID9288433""",4.8,4.405237803582049,0.39476238715281387
"""CNR4624510""","""CID6616317""",4.404214,4.376986083790243,0.02722782154422987
"""CNR7419535""","""CID7187138""",4.404214,4.405237803582049,-0.00102389824757676
"""CNR4742312""","""CID9500049""",4.9,4.405237803582049,0.4947622917853822
"""CNR3654081""","""CID2244993""",4.4,4.405237803582049,-0.005237708214617776
"""CNR9752771""","""CID6845682""",4.9,4.405237803582049,0.4947622917853822
"""CNR6888022""","""CID9204507""",4.405319,4.405237803582049,8.14102851380838e-05
"""CNR7367723""","""CID1026663""",4.4098225,4.405237803582049,0.004584660407208396
"""CNR6466076""","""CID1879864""",4.405319,4.405237803582049,8.14102851380838e-05
"""CNR3760137""","""CID7964392""",4.6,4.405237803582049,0.19476210105051894
"""CNR6182364""","""CID2801287""",5.0,4.376986083790243,0.6230139162097572
"""CNR6534078""","""CID4835853""",4.404214,4.405237803582049,-0.00102389824757676
"""CNR2643595""","""CID5781036""",4.4098225,4.405237803582049,0.004584660407208396
"""CNR8946187""","""CID9053079""",3.7,4.405237803582049,-0.7052377558983336
"""CNR3759345""","""CID9130011""",4.4021993,4.405237803582049,-0.003038535240984963
"""CNR5644832""","""CID4596699""",4.4021993,4.405237803582049,-0.003038535240984963
"""CNR9731551""","""CID8267609""",4.4021993,4.405237803582049,-0.003038535240984963
"""CNR2232267""","""CID7669993""",4.9,4.405237803582049,0.4947622917853822
"""CNR2963851""","""CID2417773""",4.6,4.405237803582049,0.19476210105051894
"""CNR9803462""","""CID2126549""",3.1,4.405237803582049,-1.305237898949481
"""CNR9368634""","""CID4798552""",5.0,4.405237803582049,0.5947621964179506
"""CNR8685561""","""CID3031967""",4.4042315,4.405237803582049,-0.0010062552727232443
"""CNR4273824""","""CID4836340""",4.2,4.376986083790243,-0.17698627452510607
"""CNR8890208""","""CID6271601""",4.4,4.405237803582049,-0.005237708214617776
"""CNR4950031""","""CID3974301""",4.1,4.405237803582049,-0.30523789894948106
"""CNR9126539""","""CID6307742""",4.4,4.405237803582049,-0.005237708214617776
"""CNR7114747""","""CID5665054""",4.4042315,4.405237803582049,-0.0010062552727232443
"""CNR6100064""","""CID5531512""",4.4,4.405237803582049,-0.005237708214617776
"""CNR1135895""","""CID1256744""",4.4098225,4.405237803582049,0.004584660407208396
"""CNR7987965""","""CID8419350""",4.3,4.405237803582049,-0.10523761284718613
"""CNR8982867""","""CID9607890""",4.4042315,4.405237803582049,-0.0010062552727232443
"""CNR1418370""","""CID8895008""",3.2,4.405237803582049,-1.2052377558983336
"""CNR9855836""","""CID3019312""",4.4021993,4.405237803582049,-0.003038535240984963
"""CNR7312415""","""CID5565189""",4.404214,4.405237803582049,-0.00102389824757676
"""CNR9060077""","""CID3289351""",4.6,4.405237803582049,0.19476210105051894
"""CNR1649457""","""CID9207898""",4.3,4.405237803582049,-0.10523761284718613
"""CNR3559532""","""CID2657443""",3.9,4.405237803582049,-0.5052377082146178
"""CNR3643708""","""CID8106006""",4.3,4.405237803582049,-0.10523761284718613
"""CNR2071501""","""CID4304055""",4.2,4.405237803582049,-0.2052379943169127
"""CNR4747823""","""CID3109690""",4.9,4.405237803582049,0.4947622917853822
"""CNR6852894""","""CID6982580""",4.4021993,4.405237803582049,-0.003038535240984963
"""CNR1202249""","""CID5556771""",4.4042315,4.405237803582049,-0.0010062552727232443
"""CNR4661541""","""CID2336119""",4.6,4.376986083790243,0.22301382084232557
"""CNR6490875""","""CID9027494""",4.5,4.405237803582049,0.09476219641795058
"""CNR4280840""","""CID6967748""",4.8,4.405237803582049,0.39476238715281387
"""CNR8421963""","""CID6500454""",4.3,4.405237803582049,-0.10523761284718613
"""CNR8998750""","""CID6967134""",4.404214,4.405237803582049,-0.00102389824757676
"""CNR3620982""","""CID9858985""",4.405319,4.405237803582049,8.14102851380838e-05
"""CNR7641156""","""CID7566625""",4.404214,4.405237803582049,-0.00102389824757676
"""CNR9568918""","""CID2710735""",4.404214,4.405237803582049,-0.00102389824757676
"""CNR5857371""","""CID9691635""",4.6,4.405237803582049,0.19476210105051894
"""CNR7246668""","""CID8825508""",4.8,4.405237803582049,0.39476238715281387
"""CNR4126596""","""CID5306771""",4.6,4.405237803582049,0.19476210105051894
"""CNR8944138""","""CID8030531""",4.2,4.405237803582049,-0.2052379943169127
"""CNR5163713""","""CID5936364""",4.404214,4.405237803582049,-0.00102389824757676
"""CNR5269582""","""CID9539368""",5.0,4.405237803582049,0.5947621964179506
"""CNR2716379""","""CID1248677""",5.0,4.405237803582049,0.5947621964179506
"""CNR5132370""","""CID6770300""",4.7,4.405237803582049,0.2947620056830873
"""CNR9554886""","""CID6732057""",4.6,4.405237803582049,0.19476210105051894
"""CNR6580943""","""CID3758035""",3.9,4.487649406569887,-0.5876493112024557
"""CNR5097594""","""CID5559182""",4.4031615,4.405237803582049,-0.002076277855731057
"""CNR9721913""","""CID2180016""",4.3,4.405237803582049,-0.10523761284718613
"""CNR8260358""","""CID5836948""",4.404214,4.405237803582049,-0.00102389824757676
"""CNR2835033""","""CID4751118""",4.5,4.405237803582049,0.09476219641795058
"""CNR5144769""","""CID3342251""",4.4098225,4.405237803582049,0.004584660407208396
"""CNR8100655""","""CID7561374""",4.3,4.405237803582049,-0.10523761284718613
"""CNR9780776""","""CID8501488""",3.7,4.405237803582049,-0.7052377558983336
"""CNR3260129""","""CID2296725""",5.0,4.405237803582049,0.5947621964179506
"""CNR1908668""","""CID2954175""",4.6,4.405237803582049,0.19476210105051894
"""CNR5817179""","""CID5772827""",4.9,4.405237803582049,0.4947622917853822
"""CNR1677280""","""CID6828307""",4.4042315,4.405237803582049,-0.0010062552727232443
"""CNR6981881""","""CID9547704""",4.2,4.405237803582049,-0.2052379943169127
"""CNR9679561""","""CID3974713""",3.3,4.376986083790243,-1.0769861314739586
"""CNR5707695""","""CID8532990""",4.8,4.405237803582049,0.39476238715281387
"""CNR8719780""","""CID3667817""",4.3,4.405237803582049,-0.10523761284718613
"""CNR8249028""","""CID2073147""",4.404214,4.405237803582049,-0.00102389824757676
"""CNR3320708""","""CID6858327""",4.4021993,4.405237803582049,-0.003038535240984963
"""CNR8269023""","""CID8840976""",4.6,4.487649406569887,0.11235049806268105
"""CNR3098575""","""CID6285576""",4.7,4.405237803582049,0.2947620056830873
"""CNR7708542""","""CID8429896""",4.4,4.405237803582049,-0.005237708214617776
"""CNR2825667""","""CID2238363""",4.6,4.405237803582049,0.19476210105051894
"""CNR5795831""","""CID1514973""",3.6,4.405237803582049,-0.8052378989494811
"""CNR4940891""","""CID3177414""",4.2,4.405237803582049,-0.2052379943169127
"""CNR5580325""","""CID7224396""",4.6,4.405237803582049,0.19476210105051894
"""CNR8922734""","""CID8602401""",4.4098225,4.405237803582049,0.004584660407208396
"""CNR7943831""","""CID1867409""",4.4098225,4.405237803582049,0.004584660407208396
"""CNR1968933""","""CID8486136""",4.4,4.405237803582049,-0.005237708214617776
"""CNR9494827""","""CID2791675""",4.4098225,4.405237803582049,0.004584660407208396
"""CNR5965939""","""CID7179793""",4.2,4.405237803582049,-0.2052379943169127
"""CNR2103752""","""CID2206939""",4.3,4.405237803582049,-0.10523761284718613
"""CNR9363346""","""CID8791561""",4.4042315,4.405237803582049,-0.0010062552727232443
"""CNR8817560""","""CID5347391""",4.3,4.405237803582049,-0.10523761284718613
"""CNR1034477""","""CID1606558""",3.3,4.405237803582049,-1.1052378512657652
"""CNR5556348""","""CID1843753""",4.4098225,4.405237803582049,0.004584660407208396
"""CNR3676832""","""CID4271843""",4.404214,4.405237803582049,-0.00102389824757676
"""CNR8576183""","""CID2699494""",4.4021993,4.405237803582049,-0.003038535240984963
"""CNR8316636""","""CID4403652""",4.2,4.405237803582049,-0.2052379943169127
"""CNR4536951""","""CID3914483""",4.2,4.405237803582049,-0.2052379943169127
"""CNR5800729""","""CID6978541""",4.3,4.405237803582049,-0.10523761284718613
"""CNR3344340""","""CID8263226""",4.9,4.405237803582049,0.4947622917853822
"""CNR8944801""","""CID8251230""",4.4042315,4.405237803582049,-0.0010062552727232443
"""CNR1726100""","""CID3335485""",4.5,4.405237803582049,0.09476219641795058
"""CNR7199347""","""CID6350271""",3.7,4.405237803582049,-0.7052377558983336
"""CNR4159074""","""CID5788260""",4.6,4.405237803582049,0.19476210105051894
"""CNR8692095""","""CID6018479""",4.3,4.405237803582049,-0.10523761284718613
"""CNR2273615""","""CID9308750""",4.405319,4.405237803582049,8.14102851380838e-05
"""CNR5906446""","""CID2409838""",4.4098225,4.405237803582049,0.004584660407208396
"""CNR4485479""","""CID4206415""",4.404214,4.405237803582049,-0.00102389824757676
"""CNR5103140""","""CID8453202""",4.6,4.405237803582049,0.19476210105051894
"""CNR5397719""","""CID4462109""",4.4021993,4.405237803582049,-0.003038535240984963
"""CNR4552411""","""CID7518062""",4.8,4.405237803582049,0.39476238715281387
"""CNR2231447""","""CID1988730""",4.4098225,4.405237803582049,0.004584660407208396
"""CNR6806891""","""CID7352258""",4.404214,4.405237803582049,-0.00102389824757676
"""CNR1424890""","""CID8624786""",4.9,4.405237803582049,0.4947622917853822
"""CNR2875407""","""CID5358795""",4.5,4.405237803582049,0.09476219641795058
"""CNR4395090""","""CID5475736""",4.4098225,4.405237803582049,0.004584660407208396
"""CNR9023045""","""CID1419770""",4.4021993,4.405237803582049,-0.003038535240984963
"""CNR8000544""","""CID6001449""",4.2,4.405237803582049,-0.2052379943169127
"""CNR8062828""","""CID6118298""",4.404214,4.405237803582049,-0.00102389824757676
"""CNR4292047""","""CID6231624""",4.4031615,4.405237803582049,-0.002076277855731057
"""CNR4893533""","""CID5961300""",4.2,4.405237803582049,-0.2052379943169127
"""CNR5847577""","""CID8850701""",4.6,4.405237803582049,0.19476210105051894
"""CNR4667925""","""CID8533042""",3.4,4.405237803582049,-1.0052377082146178
"""CNR8676884""","""CID5833053""",4.3,4.405237803582049,-0.10523761284718613
"""CNR4061769""","""CID8045397""",4.4031615,4.405237803582049,-0.002076277855731057
"""CNR8993795""","""CID9992392""",4.8,4.405237803582049,0.39476238715281387
"""CNR1316328""","""CID3350171""",4.8,4.405237803582049,0.39476238715281387
"""CNR9107699""","""CID9912195""",4.4031615,4.405237803582049,-0.002076277855731057
"""CNR9673697""","""CID7010329""",4.8,4.405237803582049,0.39476238715281387
"""CNR2086459""","""CID5403655""",4.404214,4.405237803582049,-0.00102389824757676
"""CNR2016160""","""CID1334083""",4.4042315,4.405237803582049,-0.0010062552727232443
"""CNR4994711""","""CID4665195""",4.2,4.405237803582049,-0.2052379943169127
"""CNR7794192""","""CID8630694""",4.4021993,4.405237803582049,-0.003038535240984963
"""CNR2316288""","""CID6606945""",4.4042315,4.405237803582049,-0.0010062552727232443
"""CNR5139662""","""CID4106254""",4.4,4.405237803582049,-0.005237708214617776
"""CNR2164102""","""CID8403215""",5.0,4.405237803582049,0.5947621964179506
"""CNR5117335""","""CID3961263""",4.4,4.487649406569887,-0.08764931120245567
"""CNR6705046""","""CID5513882""",4.4,4.405237803582049,-0.005237708214617776
"""CNR7825301""","""CID8629126""",4.9,4.405237803582049,0.4947622917853822
"""CNR5002542""","""CID6221257""",4.4042315,4.405237803582049,-0.0010062552727232443
"""CNR1666313""","""CID6182653""",4.6,4.405237803582049,0.19476210105051894
"""CNR1584461""","""CID9267943""",4.404214,4.405237803582049,-0.00102389824757676
"""CNR2402216""","""CID6577190""",4.4042315,4.405237803582049,-0.0010062552727232443
"""CNR5086523""","""CID1156799""",4.4042315,4.405237803582049,-0.0010062552727232443
"""CNR6499298""","""CID3516412""",3.6,4.405237803582049,-0.8052378989494811
"""CNR9771611""","""CID5181382""",4.4042315,4.405237803582049,-0.0010062552727232443
"""CNR4163245""","""CID9137379""",4.9,4.405237803582049,0.4947622917853822
"""CNR3927873""","""CID8009925""",4.4,4.376986083790243,0.023014011577188853
"""CNR3097601""","""CID4498577""",4.3,4.405237803582049,-0.10523761284718613
"""CNR1077779""","""CID6213303""",4.4031615,4.405237803582049,-0.002076277855731057
"""CNR1819480""","""CID8247146""",3.7,4.405237803582049,-0.7052377558983336
"""CNR6567099""","""CID4046253""",4.8,4.405237803582049,0.39476238715281387
"""CNR7333901""","""CID6631831""",4.2,4.405237803582049,-0.2052379943169127
"""CNR8983381""","""CID2684113""",5.0,4.405237803582049,0.5947621964179506
"""CNR5179124""","""CID1754220""",4.9,4.405237803582049,0.4947622917853822
"""CNR2092871""","""CID5455626""",4.8,4.405237803582049,0.39476238715281387
"""CNR5581165""","""CID8962068""",4.7,4.405237803582049,0.2947620056830873
"""CNR5307735""","""CID5073889""",4.4,4.405237803582049,-0.005237708214617776
"""CNR8662173""","""CID7102693""",4.4042315,4.405237803582049,-0.0010062552727232443
"""CNR9686355""","""CID7860822""",4.6,4.405237803582049,0.19476210105051894
"""CNR5557550""","""CID3107128""",4.405319,4.405237803582049,8.14102851380838e-05
"""CNR4436750""","""CID9864989""",4.4021993,4.405237803582049,-0.003038535240984963
"""CNR4687250""","""CID4344874""",5.0,4.405237803582049,0.5947621964179506
"""CNR6419209""","""CID8597625""",3.8,4.405237803582049,-0.6052378512657652
"""CNR8897319""","""CID9677821""",4.4021993,4.405237803582049,-0.003038535240984963
"""CNR6637392""","""CID1870248""",4.4021993,4.405237803582049,-0.003038535240984963
"""CNR8775800""","""CID2831090""",4.4042315,4.405237803582049,-0.0010062552727232443
"""CNR5939063""","""CID5453989""",4.9,4.405237803582049,0.4947622917853822
"""CNR4521408""","""CID5233820""",4.4021993,4.405237803582049,-0.003038535240984963
"""CNR6248600""","""CID4766606""",4.404214,4.405237803582049,-0.00102389824757676
"""CNR9389498""","""CID7108740""",4.2,4.405237803582049,-0.2052379943169127
"""CNR6098595""","""CID3298542""",4.6,4.405237803582049,0.19476210105051894
"""CNR6750378""","""CID7706182""",4.8,4.405237803582049,0.39476238715281387
"""CNR4994520""","""CID9008840""",4.3,4.405237803582049,-0.10523761284718613
"""CNR7957163""","""CID1560773""",4.9,4.405237803582049,0.4947622917853822
"""CNR5344949""","""CID5391175""",4.6,4.405237803582049,0.19476210105051894
"""CNR1087704""","""CID1494860""",4.4031615,4.405237803582049,-0.002076277855731057
"""CNR5313767""","""CID3107994""",4.9,4.405237803582049,0.4947622917853822
"""CNR5783299""","""CID3968906""",4.404214,4.405237803582049,-0.00102389824757676
"""CNR2052869""","""CID5631278""",4.9,4.405237803582049,0.4947622917853822
"""CNR2327699""","""CID4239218""",4.6,4.405237803582049,0.19476210105051894
"""CNR1436690""","""CID8606075""",4.4031615,4.405237803582049,-0.002076277855731057
"""CNR9568938""","""CID6543393""",4.5,4.405237803582049,0.09476219641795058
"""CNR1319273""","""CID9578774""",4.404214,4.376986083790243,0.02722782154422987
"""CNR5362785""","""CID5974929""",4.2,4.405237803582049,-0.2052379943169127
"""CNR1077510""","""CID3428017""",4.1,4.405237803582049,-0.30523789894948106
"""CNR8008680""","""CID4307331""",3.9,4.405237803582049,-0.5052377082146178
"""CNR2687178""","""CID3834297""",4.8,4.376986083790243,0.4230141069446205
"""CNR6202750""","""CID6041408""",4.6,4.376986083790243,0.22301382084232557
"""CNR8840441""","""CID9767378""",4.4098225,4.405237803582049,0.004584660407208396
"""CNR5355416""","""CID8601813""",4.404214,4.405237803582049,-0.00102389824757676
"""CNR5008457""","""CID8365096""",4.9,4.405237803582049,0.4947622917853822
"""CNR4064570""","""CID4320951""",4.9,4.405237803582049,0.4947622917853822
"""CNR3708211""","""CID7755054""",4.3,4.405237803582049,-0.10523761284718613
"""CNR6974644""","""CID6940855""",4.1,4.405237803582049,-0.30523789894948106
"""CNR6636668""","""CID4029236""",4.4021993,4.405237803582049,-0.003038535240984963
"""CNR5003946""","""CID7458426""",4.2,4.405237803582049,-0.2052379943169127
"""CNR6832463""","""CID9438456""",4.6,4.405237803582049,0.19476210105051894
"""CNR2790295""","""CID1412150""",4.4021993,4.405237803582049,-0.003038535240984963
"""CNR1262473""","""CID2674950""",4.9,4.405237803582049,0.4947622917853822
"""CNR1053351""","""CID7942581""",3.3,4.405237803582049,-1.1052378512657652
"""CNR2625797""","""CID3958694""",4.1,4.405237803582049,-0.30523789894948106
"""CNR4407125""","""CID4666248""",4.4021993,4.405237803582049,-0.003038535240984963
"""CNR9914897""","""CID3389416""",3.4,4.405237803582049,-1.0052377082146178
"""CNR3320552""","""CID3535593""",4.7,4.405237803582049,0.2947620056830873
"""CNR8225214""","""CID6631528""",3.8,4.405237803582049,-0.6052378512657652
"""CNR5541053""","""CID5194552""",4.404214,4.405237803582049,-0.00102389824757676
"""CNR4203772""","""CID8881381""",4.7,4.405237803582049,0.2947620056830873
"""CNR2492403""","""CID3575906""",4.5,4.376986083790243,0.12301391620975721
"""CNR1936667""","""CID9893363""",4.2,4.405237803582049,-0.2052379943169127
"""CNR2885037""","""CID4365528""",5.0,4.405237803582049,0.5947621964179506
"""CNR4637218""","""CID4396673""",4.4031615,4.405237803582049,-0.002076277855731057
"""CNR9342305""","""CID3129483""",4.9,4.376986083790243,0.5230140115771889
"""CNR1025026""","""CID4041484""",3.7,4.405237803582049,-0.7052377558983336
"""CNR2791858""","""CID3282527""",4.2,4.405237803582049,-0.2052379943169127
"""CNR3619737""","""CID7659338""",4.4021993,4.405237803582049,-0.003038535240984963
"""CNR3970236""","""CID5381300""",4.9,4.405237803582049,0.4947622917853822
"""CNR4738777""","""CID5404068""",4.6,4.405237803582049,0.19476210105051894
"""CNR3448153""","""CID3308993""",5.0,4.405237803582049,0.5947621964179506
"""CNR2434231""","""CID7182020""",4.4021993,4.405237803582049,-0.003038535240984963
"""CNR5776166""","""CID3213830""",4.4021993,4.405237803582049,-0.003038535240984963
"""CNR6927704""","""CID3764519""",4.4021993,4.405237803582049,-0.003038535240984963
"""CNR1281885""","""CID3381375""",4.8,4.405237803582049,0.39476238715281387
"""CNR8578285""","""CID4135061""",4.6,4.405237803582049,0.19476210105051894
"""CNR2348377""","""CID3649613""",4.405319,4.405237803582049,8.14102851380838e-05
"""CNR7833881""","""CID7313077""",4.404214,4.405237803582049,-0.00102389824757676
"""CNR6229320""","""CID2916269""",4.9,4.405237803582049,0.4947622917853822
"""CNR8228549""","""CID9156746""",4.7,4.405237803582049,0.2947620056830873
"""CNR4172296""","""CID6261216""",4.4,4.405237803582049,-0.005237708214617776
"""CNR6827341""","""CID8900114""",4.4098225,4.405237803582049,0.004584660407208396
"""CNR8514416""","""CID6544435""",4.6,4.405237803582049,0.19476210105051894
"""CNR4164745""","""CID1899287""",4.4042315,4.405237803582049,-0.0010062552727232443
"""CNR4913804""","""CID6549701""",4.5,4.405237803582049,0.09476219641795058
"""CNR3179875""","""CID7061785""",5.0,4.405237803582049,0.5947621964179506
"""CNR6739482""","""CID5473272""",4.9,4.405237803582049,0.4947622917853822
"""CNR5141519""","""CID9654650""",4.3,4.405237803582049,-0.10523761284718613
"""CNR4558224""","""CID7292316""",4.4031615,4.405237803582049,-0.002076277855731057
"""CNR2646684""","""CID6004502""",4.2,4.405237803582049,-0.2052379943169127
"""CNR7483755""","""CID6931359""",4.7,4.405237803582049,0.2947620056830873
"""CNR3533043""","""CID3052659""",4.4042315,4.405237803582049,-0.0010062552727232443
"""CNR4015676""","""CID6429574""",4.1,4.405237803582049,-0.30523789894948106
"""CNR9836656""","""CID1816211""",4.4,4.405237803582049,-0.005237708214617776
"""CNR1707593""","""CID6137929""",4.8,4.405237803582049,0.39476238715281387
"""CNR6561282""","""CID5255197""",4.8,4.405237803582049,0.39476238715281387
"""CNR2413978""","""CID3505023""",4.6,4.405237803582049,0.19476210105051894
"""CNR3048484""","""CID6876878""",4.4021993,4.405237803582049,-0.003038535240984963
"""CNR4124061""","""CID2202847""",4.4098225,4.405237803582049,0.004584660407208396
"""CNR3426327""","""CID8209617""",4.9,4.405237803582049,0.4947622917853822
"""CNR7419709""","""CID9155907""",4.4021993,4.405237803582049,-0.003038535240984963
"""CNR8616542""","""CID7605496""",4.7,4.405237803582049,0.2947620056830873
"""CNR4171790""","""CID5686912""",4.0,4.405237803582049,-0.4052378035820494
"""CNR6147393""","""CID4112203""",4.4021993,4.405237803582049,-0.003038535240984963
"""CNR1338979""","""CID8639222""",4.1,4.405237803582049,-0.30523789894948106
"""CNR8649848""","""CID8421375""",4.4098225,4.405237803582049,0.004584660407208396
"""CNR9913710""","""CID5290384""",4.4042315,4.405237803582049,-0.0010062552727232443
"""CNR4265373""","""CID1617081""",4.405319,4.405237803582049,8.14102851380838e-05
"""CNR5821239""","""CID3858729""",4.9,4.405237803582049,0.4947622917853822
"""CNR4142917""","""CID5015168""",4.1,4.405237803582049,-0.30523789894948106
"""CNR2912156""","""CID1537718""",4.4021993,4.405237803582049,-0.003038535240984963
"""CNR8409073""","""CID2658212""",5.0,4.405237803582049,0.5947621964179506
"""CNR6307629""","""CID7929162""",4.1,4.405237803582049,-0.30523789894948106
"""CNR8874472""","""CID4747675""",4.404214,4.405237803582049,-0.00102389824757676
"""CNR4424157""","""CID4232323""",4.4031615,4.405237803582049,-0.002076277855731057
"""CNR7011402""","""CID8143090""",4.4042315,4.405237803582049,-0.0010062552727232443
"""CNR3721497""","""CID6031728""",4.4098225,4.405237803582049,0.004584660407208396
"""CNR5989773""","""CID7301083""",4.4098225,4.405237803582049,0.004584660407208396
"""CNR1101128""","""CID2747913""",4.405319,4.405237803582049,8.14102851380838e-05
"""CNR2257220""","""CID7821681""",4.9,4.487649406569887,0.41235068879754433
"""CNR6577925""","""CID8091997""",4.4021993,4.405237803582049,-0.003038535240984963
"""CNR1580556""","""CID7753513""",4.4,4.405237803582049,-0.005237708214617776
"""CNR8211467""","""CID2518139""",4.6,4.405237803582049,0.19476210105051894
"""CNR3992970""","""CID7325262""",4.2,4.376986083790243,-0.17698627452510607
"""CNR5319043""","""CID7123630""",4.5,4.405237803582049,0.09476219641795058
"""CNR3353689""","""CID6766558""",4.1,4.405237803582049,-0.30523789894948106
"""CNR2310602""","""CID2683809""",4.1,4.405237803582049,-0.30523789894948106
"""CNR1389407""","""CID5475152""",3.0,4.405237803582049,-1.4052378035820494
"""CNR1100537""","""CID1858219""",4.8,4.376986083790243,0.4230141069446205
"""CNR4866589""","""CID4433075""",4.9,4.405237803582049,0.4947622917853822
"""CNR2099756""","""CID1023244""",4.1,4.405237803582049,-0.30523789894948106
"""CNR7821299""","""CID6518447""",4.3,4.405237803582049,-0.10523761284718613
"""CNR1752936""","""CID3199207""",4.4042315,4.405237803582049,-0.0010062552727232443
"""CNR4537259""","""CID8996926""",4.4098225,4.405237803582049,0.004584660407208396
"""CNR4511055""","""CID6140836""",4.4042315,4.405237803582049,-0.0010062552727232443
"""CNR9301716""","""CID4647277""",4.2,4.405237803582049,-0.2052379943169127
"""CNR9214915""","""CID7019569""",4.6,4.405237803582049,0.19476210105051894
"""CNR2867792""","""CID1580344""",4.4021993,4.405237803582049,-0.003038535240984963
"""CNR9951466""","""CID2849673""",4.5,4.405237803582049,0.09476219641795058
"""CNR3091563""","""CID7525082""",4.9,4.405237803582049,0.4947622917853822
"""CNR8603090""","""CID2742303""",4.4098225,4.405237803582049,0.004584660407208396
"""CNR9874874""","""CID8067400""",4.4031615,4.405237803582049,-0.002076277855731057
"""CNR9490185""","""CID8294495""",4.4021993,4.405237803582049,-0.003038535240984963
"""CNR6249075""","""CID9546378""",4.4,4.405237803582049,-0.005237708214617776
"""CNR7239103""","""CID9021784""",4.4098225,4.405237803582049,0.004584660407208396
"""CNR1856484""","""CID2877158""",3.6,4.405237803582049,-0.8052378989494811
"""CNR9939780""","""CID1439720""",4.3,4.405237803582049,-0.10523761284718613
"""CNR8890888""","""CID8333505""",4.6,4.405237803582049,0.19476210105051894
"""CNR8636694""","""CID7238489""",4.405319,4.405237803582049,8.14102851380838e-05
"""CNR9411368""","""CID1057466""",4.4021993,4.405237803582049,-0.003038535240984963
"""CNR2256893""","""CID5353304""",3.7,4.405237803582049,-0.7052377558983336
"""CNR5782783""","""CID1978011""",4.5,4.405237803582049,0.09476219641795058
"""CNR4644672""","""CID4685213""",4.4,4.405237803582049,-0.005237708214617776
"""CNR1184275""","""CID8497130""",4.9,4.405237803582049,0.4947622917853822
"""CNR9336718""","""CID2527817""",4.0,4.405237803582049,-0.4052378035820494
"""CNR8070813""","""CID6430505""",4.6,4.405237803582049,0.19476210105051894
"""CNR7757490""","""CID7091695""",4.0,4.405237803582049,-0.4052378035820494
"""CNR5883853""","""CID9151952""",4.4021993,4.405237803582049,-0.003038535240984963
"""CNR1717443""","""CID2900321""",4.2,4.405237803582049,-0.2052379943169127
"""CNR5312969""","""CID8462461""",4.4042315,4.405237803582049,-0.0010062552727232443
"""CNR1148857""","""CID1092626""",4.404214,4.405237803582049,-0.00102389824757676
"""CNR1193029""","""CID4795284""",4.4031615,4.405237803582049,-0.002076277855731057
"""CNR5339602""","""CID7432631""",3.8,4.405237803582049,-0.6052378512657652
"""CNR2883883""","""CID3621514""",4.3,4.405237803582049,-0.10523761284718613
"""CNR3013943""","""CID7643389""",4.1,4.405237803582049,-0.30523789894948106
"""CNR6462147""","""CID5064568""",4.4098225,4.405237803582049,0.004584660407208396
"""CNR4730133""","""CID9225748""",4.9,4.405237803582049,0.4947622917853822
"""CNR5826604""","""CID8980159""",4.9,4.405237803582049,0.4947622917853822
"""CNR7857731""","""CID8736997""",4.3,4.405237803582049,-0.10523761284718613
"""CNR3011367""","""CID5176736""",4.2,4.487649406569887,-0.2876495973047506
"""CNR7345778""","""CID4362959""",4.4050717,4.405237803582049,-0.00016606819996933808
"""CNR9218236""","""CID5376904""",4.3,4.376986083790243,-0.0769858930553795
"""CNR7674124""","""CID8592306""",4.4098225,4.405237803582049,0.004584660407208396
"""CNR9060293""","""CID1696482""",4.4021993,4.405237803582049,-0.003038535240984963
"""CNR7246546""","""CID7389834""",4.4,4.405237803582049,-0.005237708214617776
"""CNR5904197""","""CID3628074""",4.4021993,4.405237803582049,-0.003038535240984963
"""CNR3619435""","""CID7581575""",3.8,4.405237803582049,-0.6052378512657652
"""CNR6259319""","""CID1584616""",4.3,4.376986083790243,-0.0769858930553795
"""CNR4492309""","""CID2684172""",4.6,4.405237803582049,0.19476210105051894
"""CNR3196591""","""CID5482513""",4.6,4.405237803582049,0.19476210105051894
"""CNR1289662""","""CID3355729""",4.1,4.405237803582049,-0.30523789894948106
"""CNR7888520""","""CID2840115""",4.1,4.405237803582049,-0.30523789894948106
"""CNR5278923""","""CID9918959""",4.3,4.376986083790243,-0.0769858930553795
"""CNR4333018""","""CID1443853""",4.2,4.405237803582049,-0.2052379943169127
"""CNR7091507""","""CID8119293""",4.4042315,4.405237803582049,-0.0010062552727232443
"""CNR7195709""","""CID7474119""",4.2,4.405237803582049,-0.2052379943169127
"""CNR5677527""","""CID6875343""",4.4031615,4.405237803582049,-0.002076277855731057
"""CNR6374018""","""CID9501499""",4.6,4.405237803582049,0.19476210105051894
"""CNR1577500""","""CID4949449""",4.4042315,4.405237803582049,-0.0010062552727232443
"""CNR7526595""","""CID6595701""",4.4098225,4.405237803582049,0.004584660407208396
"""CNR8597261""","""CID1495382""",4.1,4.405237803582049,-0.30523789894948106
"""CNR2033011""","""CID5227461""",4.9,4.405237803582049,0.4947622917853822
"""CNR5993790""","""CID9310107""",4.8,4.405237803582049,0.39476238715281387
"""CNR5693373""","""CID8285930""",4.4021993,4.405237803582049,-0.003038535240984963
"""CNR3232988""","""CID3074178""",4.4098225,4.405237803582049,0.004584660407208396
"""CNR7429558""","""CID7299405""",4.2,4.405237803582049,-0.2052379943169127
"""CNR3471207""","""CID3884278""",3.6,4.405237803582049,-0.8052378989494811
"""CNR8005946""","""CID3502724""",4.9,4.405237803582049,0.4947622917853822
"""CNR3452102""","""CID7987459""",4.8,4.405237803582049,0.39476238715281387
"""CNR3184848""","""CID4123530""",4.5,4.405237803582049,0.09476219641795058
"""CNR2218233""","""CID2223594""",4.4098225,4.405237803582049,0.004584660407208396
"""CNR3102541""","""CID8802147""",4.2,4.405237803582049,-0.2052379943169127
"""CNR1359971""","""CID6357683""",3.7,4.405237803582049,-0.7052377558983336
"""CNR9860746""","""CID3583642""",4.4031615,4.405237803582049,-0.002076277855731057
"""CNR4386486""","""CID9989117""",5.0,4.405237803582049,0.5947621964179506
"""CNR5702039""","""CID9006144""",4.4,4.405237803582049,-0.005237708214617776
"""CNR7073528""","""CID9390757""",4.6,4.405237803582049,0.19476210105051894
"""CNR6426514""","""CID2035110""",4.9,4.405237803582049,0.4947622917853822
"""CNR7922359""","""CID8425872""",5.0,4.487649406569887,0.5123505934301127
"""CNR3927209""","""CID1446718""",4.9,4.405237803582049,0.4947622917853822
"""CNR1106375""","""CID1797157""",3.2,4.405237803582049,-1.2052377558983336
"""CNR6286680""","""CID7571423""",3.2,4.405237803582049,-1.2052377558983336
"""CNR8717819""","""CID4174331""",4.4098225,4.405237803582049,0.004584660407208396
"""CNR2716478""","""CID5093495""",4.4031615,4.405237803582049,-0.002076277855731057
"""CNR8372826""","""CID1585508""",4.4098225,4.405237803582049,0.004584660407208396
"""CNR8026195""","""CID9761589""",3.0,4.405237803582049,-1.4052378035820494
"""CNR7128188""","""CID2351565""",4.4021993,4.405237803582049,-0.003038535240984963
"""CNR1390309""","""CID4479199""",3.8,4.405237803582049,-0.6052378512657652
"""CNR7798017""","""CID7494455""",4.404214,4.405237803582049,-0.00102389824757676
"""CNR7648940""","""CID1802328""",4.4,4.405237803582049,-0.005237708214617776
"""CNR3803227""","""CID2733797""",4.9,4.376986083790243,0.5230140115771889
"""CNR8560712""","""CID4605075""",4.4,4.405237803582049,-0.005237708214617776
"""CNR5721728""","""CID6374911""",4.4,4.405237803582049,-0.005237708214617776
"""CNR1910909""","""CID6349075""",4.4098225,4.405237803582049,0.004584660407208396
"""CNR3017722""","""CID7000066""",4.4031615,4.405237803582049,-0.002076277855731057
"""CNR1842869""","""CID8762388""",4.4042315,4.405237803582049,-0.0010062552727232443
"""CNR2205260""","""CID7009333""",4.9,4.405237803582049,0.4947622917853822
"""CNR9647229""","""CID2836428""",4.4098225,4.405237803582049,0.004584660407208396
"""CNR7335790""","""CID3544406""",4.404214,4.405237803582049,-0.00102389824757676
"""CNR5953456""","""CID3306687""",4.4,4.405237803582049,-0.005237708214617776
"""CNR5642459""","""CID7264281""",4.8,4.405237803582049,0.39476238715281387
"""CNR5910449""","""CID1758055""",4.5,4.405237803582049,0.09476219641795058
"""CNR1648423""","""CID6583702""",4.1,4.487649406569887,-0.38764950193731895
"""CNR5149035""","""CID8609855""",4.4031615,4.405237803582049,-0.002076277855731057
"""CNR9507639""","""CID2998706""",4.9,4.405237803582049,0.4947622917853822
"""CNR6798010""","""CID7633388""",4.4021993,4.405237803582049,-0.003038535240984963
"""CNR3271857""","""CID3898723""",4.404214,4.405237803582049,-0.00102389824757676
"""CNR1106409""","""CID5219991""",5.0,4.405237803582049,0.5947621964179506
"""CNR6915281""","""CID8337932""",4.4042315,4.405237803582049,-0.0010062552727232443
"""CNR1617183""","""CID9342585""",4.404214,4.405237803582049,-0.00102389824757676
"""CNR7336241""","""CID1106676""",4.7,4.405237803582049,0.2947620056830873
"""CNR3185067""","""CID7715635""",4.4042315,4.405237803582049,-0.0010062552727232443
"""CNR5469790""","""CID1415681""",4.4021993,4.405237803582049,-0.003038535240984963
"""CNR7887225""","""CID5982820""",3.6,4.405237803582049,-0.8052378989494811
"""CNR2680100""","""CID1264190""",4.2,4.405237803582049,-0.2052379943169127
"""CNR9199207""","""CID8289851""",4.4050717,4.405237803582049,-0.00016606819996933808
"""CNR4110638""","""CID3740167""",4.2,4.405237803582049,-0.2052379943169127
"""CNR1944350""","""CID7737958""",3.6,4.405237803582049,-0.8052378989494811
"""CNR1241659""","""CID9863485""",4.4021993,4.405237803582049,-0.003038535240984963
"""CNR8744626""","""CID8688021""",4.6,4.405237803582049,0.19476210105051894
"""CNR9101190""","""CID2202532""",4.4042315,4.405237803582049,-0.0010062552727232443
"""CNR7384974""","""CID8497563""",4.4021993,4.376986083790243,0.025213184550821666
"""CNR4429451""","""CID1224511""",4.4098225,4.405237803582049,0.004584660407208396
"""CNR2572941""","""CID7983745""",4.405319,4.405237803582049,8.14102851380838e-05
"""CNR3701732""","""CID8508322""",4.2,4.405237803582049,-0.2052379943169127
"""CNR7638584""","""CID2574379""",3.7,4.405237803582049,-0.7052377558983336
"""CNR1473589""","""CID4015887""",4.4098225,4.405237803582049,0.004584660407208396
"""CNR4623936""","""CID7221632""",4.4,4.405237803582049,-0.005237708214617776
"""CNR2519558""","""CID1732934""",3.4,4.405237803582049,-1.0052377082146178
"""CNR1129851""","""CID4252716""",4.4050717,4.405237803582049,-0.00016606819996933808
"""CNR2866078""","""CID9841919""",4.4098225,4.405237803582049,0.004584660407208396
"""CNR2750457""","""CID5497768""",4.6,4.405237803582049,0.19476210105051894
"""CNR5217034""","""CID6081127""",4.4021993,4.405237803582049,-0.003038535240984963
"""CNR6909908""","""CID3155683""",4.4031615,4.405237803582049,-0.002076277855731057
"""CNR9513756""","""CID7388425""",4.404214,4.405237803582049,-0.00102389824757676
"""CNR6111108""","""CID7447600""",4.9,4.405237803582049,0.4947622917853822
"""CNR7630713""","""CID2863998""",4.4031615,4.405237803582049,-0.002076277855731057
"""CNR4405297""","""CID4570102""",4.4042315,4.405237803582049,-0.0010062552727232443
"""CNR2541915""","""CID9574056""",4.4031615,4.405237803582049,-0.002076277855731057
"""CNR2395125""","""CID3988525""",4.9,4.405237803582049,0.4947622917853822
"""CNR2375012""","""CID6881107""",4.9,4.405237803582049,0.4947622917853822
"""CNR6907482""","""CID2028926""",4.9,4.405237803582049,0.4947622917853822
"""CNR9706994""","""CID9314272""",4.4031615,4.405237803582049,-0.002076277855731057
"""CNR1027596""","""CID9324016""",4.4031615,4.405237803582049,-0.002076277855731057
"""CNR1250083""","""CID1917947""",3.8,4.405237803582049,-0.6052378512657652
"""CNR3521234""","""CID8855959""",4.6,4.405237803582049,0.19476210105051894
"""CNR9372376""","""CID9842608""",4.404214,4.405237803582049,-0.00102389824757676
"""CNR5996830""","""CID6917037""",4.4,4.405237803582049,-0.005237708214617776
"""CNR2063168""","""CID3380521""",4.2,4.376986083790243,-0.17698627452510607
"""CNR9601550""","""CID7559237""",3.9,4.405237803582049,-0.5052377082146178
"""CNR3902703""","""CID5541082""",4.9,4.405237803582049,0.4947622917853822
"""CNR2879842""","""CID5558883""",3.8,4.405237803582049,-0.6052378512657652
"""CNR4752363""","""CID8480433""",4.2,4.405237803582049,-0.2052379943169127
"""CNR5161493""","""CID7900221""",4.404214,4.405237803582049,-0.00102389824757676
"""CNR6894581""","""CID3563027""",4.4021993,4.405237803582049,-0.003038535240984963
"""CNR7555021""","""CID4154004""",4.6,4.405237803582049,0.19476210105051894
"""CNR4636674""","""CID3852714""",4.7,4.405237803582049,0.2947620056830873
"""CNR3025512""","""CID1297736""",4.404214,4.405237803582049,-0.00102389824757676
"""CNR3601562""","""CID5543003""",4.9,4.405237803582049,0.4947622917853822
"""CNR7368388""","""CID3077775""",4.3,4.405237803582049,-0.10523761284718613
"""CNR9352950""","""CID8962813""",4.4042315,4.405237803582049,-0.0010062552727232443
"""CNR1327386""","""CID8267103""",4.6,4.405237803582049,0.19476210105051894
"""CNR9072136""","""CID1992560""",4.2,4.405237803582049,-0.2052379943169127
"""CNR5358846""","""CID4382087""",4.2,4.405237803582049,-0.2052379943169127
"""CNR6658239""","""CID8456749""",4.4021993,4.405237803582049,-0.003038535240984963
"""CNR2939709""","""CID2552682""",4.4,4.405237803582049,-0.005237708214617776
"""CNR3655138""","""CID4677221""",4.6,4.405237803582049,0.19476210105051894
"""CNR7194714""","""CID9142314""",4.6,4.405237803582049,0.19476210105051894
"""CNR3067743""","""CID6666649""",4.9,4.405237803582049,0.4947622917853822
"""CNR1772818""","""CID3781974""",4.9,4.405237803582049,0.4947622917853822
"""CNR4489059""","""CID5848261""",4.8,4.405237803582049,0.39476238715281387
"""CNR2290827""","""CID7511631""",4.8,4.405237803582049,0.39476238715281387
"""CNR7675440""","""CID6890586""",4.3,4.405237803582049,-0.10523761284718613
"""CNR5388449""","""CID1912785""",4.4,4.405237803582049,-0.005237708214617776
"""CNR7581235""","""CID3113091""",4.9,4.405237803582049,0.4947622917853822
"""CNR5122928""","""CID3544927""",4.2,4.405237803582049,-0.2052379943169127
"""CNR6524780""","""CID5949477""",4.9,4.405237803582049,0.4947622917853822
"""CNR5358950""","""CID2605433""",5.0,4.405237803582049,0.5947621964179506
"""CNR4559667""","""CID2567945""",4.4021993,4.405237803582049,-0.003038535240984963
"""CNR1460903""","""CID8614797""",4.3,4.405237803582049,-0.10523761284718613
"""CNR9598747""","""CID8657168""",4.6,4.405237803582049,0.19476210105051894
"""CNR6274707""","""CID3330027""",4.6,4.405237803582049,0.19476210105051894
"""CNR1335984""","""CID8243857""",4.404214,4.405237803582049,-0.00102389824757676
"""CNR5376114""","""CID7528484""",3.7,4.405237803582049,-0.7052377558983336
"""CNR4935900""","""CID3269549""",4.4042315,4.405237803582049,-0.0010062552727232443
"""CNR1684068""","""CID2172891""",4.4031615,4.405237803582049,-0.002076277855731057
"""CNR2027328""","""CID4084878""",4.4021993,4.405237803582049,-0.003038535240984963
"""CNR3664664""","""CID2930797""",4.405319,4.405237803582049,8.14102851380838e-05
"""CNR3963964""","""CID1719260""",4.0,4.405237803582049,-0.4052378035820494
"""CNR8809094""","""CID7202738""",3.8,4.405237803582049,-0.6052378512657652
"""CNR1249447""","""CID3216596""",4.3,4.405237803582049,-0.10523761284718613
"""CNR7016792""","""CID2220892""",4.3,4.405237803582049,-0.10523761284718613
"""CNR9940189""","""CID1948017""",4.4098225,4.405237803582049,0.004584660407208396
"""CNR9263228""","""CID4227008""",4.4098225,4.405237803582049,0.004584660407208396
"""CNR6602960""","""CID3766446""",4.8,4.405237803582049,0.39476238715281387
"""CNR7487394""","""CID5890657""",4.1,4.405237803582049,-0.30523789894948106
"""CNR6121724""","""CID9240777""",4.404214,4.405237803582049,-0.00102389824757676
"""CNR8726223""","""CID4332515""",4.4031615,4.405237803582049,-0.002076277855731057
"""CNR2354357""","""CID9569557""",4.3,4.405237803582049,-0.10523761284718613
"""CNR2598727""","""CID6875757""",4.4021993,4.405237803582049,-0.003038535240984963
"""CNR6876578""","""CID4172404""",4.404214,4.405237803582049,-0.00102389824757676
"""CNR8987365""","""CID4342449""",4.5,4.405237803582049,0.09476219641795058
"""CNR4126621""","""CID9927981""",4.7,4.405237803582049,0.2947620056830873
"""CNR2942189""","""CID8523139""",4.2,4.405237803582049,-0.2052379943169127
"""CNR6597573""","""CID2544876""",4.6,4.405237803582049,0.19476210105051894
"""CNR8425273""","""CID2861227""",4.404214,4.405237803582049,-0.00102389824757676
"""CNR6846245""","""CID4665166""",4.3,4.405237803582049,-0.10523761284718613
"""CNR2448256""","""CID2843467""",3.9,4.405237803582049,-0.5052377082146178
"""CNR8653146""","""CID9959695""",4.7,4.405237803582049,0.2947620056830873
"""CNR9261195""","""CID6148429""",4.0,4.405237803582049,-0.4052378035820494
"""CNR5508216""","""CID2711885""",4.3,4.405237803582049,-0.10523761284718613
"""CNR5000721""","""CID5370121""",3.3,4.405237803582049,-1.1052378512657652
"""CNR2299079""","""CID9058530""",3.4,4.405237803582049,-1.0052377082146178
"""CNR3212001""","""CID9556284""",4.2,4.405237803582049,-0.2052379943169127
"""CNR9273207""","""CID6366088""",4.2,4.405237803582049,-0.2052379943169127
"""CNR4269509""","""CID9567798""",4.4098225,4.405237803582049,0.004584660407208396
"""CNR3907050""","""CID4087219""",4.9,4.405237803582049,0.4947622917853822
"""CNR7087255""","""CID8927641""",4.3,4.405237803582049,-0.10523761284718613
"""CNR4232129""","""CID9466968""",4.4031615,4.405237803582049,-0.002076277855731057
"""CNR2180993""","""CID2209791""",4.3,4.405237803582049,-0.10523761284718613
"""CNR6187427""","""CID5501138""",4.7,4.376986083790243,0.32301372547489393
"""CNR5575312""","""CID4413600""",4.4098225,4.405237803582049,0.004584660407208396
"""CNR2179259""","""CID4705246""",4.9,4.405237803582049,0.4947622917853822
"""CNR3601119""","""CID8732702""",4.4050717,4.405237803582049,-0.00016606819996933808
"""CNR2127260""","""CID7612895""",4.8,4.376986083790243,0.4230141069446205
"""CNR1155321""","""CID6387223""",4.4098225,4.405237803582049,0.004584660407208396
"""CNR1124244""","""CID7823535""",4.3,4.376986083790243,-0.0769858930553795
"""CNR7149058""","""CID7341591""",4.9,4.405237803582049,0.4947622917853822
"""CNR9452081""","""CID8330326""",4.6,4.405237803582049,0.19476210105051894
"""CNR7928797""","""CID8503171""",5.0,4.405237803582049,0.5947621964179506
"""CNR6007672""","""CID3177798""",3.9,4.405237803582049,-0.5052377082146178
"""CNR4697616""","""CID2289304""",4.4098225,4.405237803582049,0.004584660407208396
"""CNR4071420""","""CID1286998""",5.0,4.405237803582049,0.5947621964179506
"""CNR1866100""","""CID9901862""",3.2,4.405237803582049,-1.2052377558983336
"""CNR1626707""","""CID5006335""",3.8,4.405237803582049,-0.6052378512657652
"""CNR7722639""","""CID4824318""",4.3,4.405237803582049,-0.10523761284718613
"""CNR8478326""","""CID7377835""",4.3,4.405237803582049,-0.10523761284718613
"""CNR1066604""","""CID6192202""",4.2,4.487649406569887,-0.2876495973047506
"""CNR1994479""","""CID3577614""",4.8,4.405237803582049,0.39476238715281387
"""CNR2595142""","""CID6812368""",4.6,4.405237803582049,0.19476210105051894
"""CNR2716237""","""CID4823933""",3.3,4.405237803582049,-1.1052378512657652
"""CNR9508866""","""CID7949786""",4.4021993,4.405237803582049,-0.003038535240984963
"""CNR8271376""","""CID7609225""",4.4098225,4.405237803582049,0.004584660407208396
"""CNR3030939""","""CID8452511""",4.4031615,4.405237803582049,-0.002076277855731057
"""CNR8081595""","""CID6388792""",4.4,4.405237803582049,-0.005237708214617776
"""CNR3172741""","""CID1282174""",4.4021993,4.405237803582049,-0.003038535240984963
"""CNR2827958""","""CID2692328""",4.7,4.376986083790243,0.32301372547489393
"""CNR3208684""","""CID2537070""",4.4,4.405237803582049,-0.005237708214617776
"""CNR6780546""","""CID2104050""",4.6,4.405237803582049,0.19476210105051894
"""CNR1752000""","""CID1834799""",4.405319,4.405237803582049,8.14102851380838e-05
"""CNR3112954""","""CID7464744""",4.4031615,4.405237803582049,-0.002076277855731057
"""CNR8143414""","""CID8481020""",4.4042315,4.405237803582049,-0.0010062552727232443
"""CNR7330906""","""CID4536259""",3.4,4.405237803582049,-1.0052377082146178
"""CNR2383370""","""CID2821013""",4.2,4.405237803582049,-0.2052379943169127
"""CNR8825765""","""CID4713950""",4.2,4.405237803582049,-0.2052379943169127
"""CNR2671612""","""CID6012525""",4.404214,4.405237803582049,-0.00102389824757676
"""CNR1314762""","""CID2324420""",4.4,4.405237803582049,-0.005237708214617776
"""CNR3216486""","""CID1192325""",4.9,4.405237803582049,0.4947622917853822
"""CNR3592239""","""CID1186567""",4.4098225,4.405237803582049,0.004584660407208396
"""CNR5910778""","""CID2778824""",4.5,4.405237803582049,0.09476219641795058
"""CNR8232390""","""CID2232986""",4.9,4.405237803582049,0.4947622917853822
"""CNR9361736""","""CID1201717""",4.404214,4.405237803582049,-0.00102389824757676
"""CNR1722437""","""CID1248855""",4.4042315,4.405237803582049,-0.0010062552727232443
"""CNR1085465""","""CID9607658""",5.0,4.405237803582049,0.5947621964179506
"""CNR2769441""","""CID4805108""",4.9,4.405237803582049,0.4947622917853822
"""CNR2586800""","""CID9674781""",4.2,4.405237803582049,-0.2052379943169127
"""CNR4229774""","""CID5243460""",4.404214,4.405237803582049,-0.00102389824757676
"""CNR2352306""","""CID2332601""",4.4021993,4.405237803582049,-0.003038535240984963
"""CNR2184194""","""CID2182303""",4.7,4.405237803582049,0.2947620056830873
"""CNR4399833""","""CID1092074""",4.4042315,4.405237803582049,-0.0010062552727232443
"""CNR1929447""","""CID9170906""",3.2,4.405237803582049,-1.2052377558983336
"""CNR6542224""","""CID4788326""",4.405319,4.405237803582049,8.14102851380838e-05
"""CNR1312617""","""CID3573976""",4.7,4.405237803582049,0.2947620056830873
"""CNR5975134""","""CID4677089""",4.4042315,4.405237803582049,-0.0010062552727232443
"""CNR4742042""","""CID4890984""",3.9,4.405237803582049,-0.5052377082146178
"""CNR8188452""","""CID6920066""",4.5,4.405237803582049,0.09476219641795058
"""CNR3690809""","""CID2398180""",4.6,4.405237803582049,0.19476210105051894
"""CNR3182339""","""CID5569384""",4.4042315,4.405237803582049,-0.0010062552727232443
"""CNR5985401""","""CID3894493""",4.4042315,4.405237803582049,-0.0010062552727232443
"""CNR8119780""","""CID2357346""",3.7,4.405237803582049,-0.7052377558983336
"""CNR3293043""","""CID6650203""",4.4031615,4.405237803582049,-0.002076277855731057
"""CNR1235944""","""CID3172596""",4.2,4.405237803582049,-0.2052379943169127
"""CNR9279020""","""CID6167766""",4.4021993,4.405237803582049,-0.003038535240984963
"""CNR9717977""","""CID9852732""",4.4098225,4.405237803582049,0.004584660407208396
"""CNR2782312""","""CID3461996""",4.3,4.405237803582049,-0.10523761284718613
"""CNR5407142""","""CID4141340""",5.0,4.405237803582049,0.5947621964179506
"""CNR2239760""","""CID9571141""",4.4098225,4.405237803582049,0.004584660407208396
"""CNR8734033""","""CID3902270""",4.4042315,4.405237803582049,-0.0010062552727232443
"""CNR5711751""","""CID7325213""",4.4021993,4.405237803582049,-0.003038535240984963
"""CNR6142959""","""CID8958153""",3.7,4.405237803582049,-0.7052377558983336
"""CNR5983788""","""CID3168449""",4.2,4.405237803582049,-0.2052379943169127
"""CNR4862261""","""CID3356342""",4.6,4.405237803582049,0.19476210105051894
"""CNR1349613""","""CID6491536""",4.8,4.405237803582049,0.39476238715281387
"""CNR6587235""","""CID7350234""",3.3,4.405237803582049,-1.1052378512657652
"""CNR3922791""","""CID1924390""",4.4021993,4.405237803582049,-0.003038535240984963
"""CNR1845054""","""CID5894570""",4.404214,4.405237803582049,-0.00102389824757676
"""CNR5781493""","""CID5161158""",4.2,4.405237803582049,-0.2052379943169127
"""CNR1381684""","""CID6157096""",4.9,4.405237803582049,0.4947622917853822
"""CNR7319359""","""CID3716812""",4.404214,4.405237803582049,-0.00102389824757676
"""CNR2420210""","""CID7581524""",4.404214,4.405237803582049,-0.00102389824757676
"""CNR4210392""","""CID8997933""",4.8,4.405237803582049,0.39476238715281387
"""CNR9126130""","""CID5970780""",3.8,4.405237803582049,-0.6052378512657652
"""CNR1013248""","""CID5451686""",3.4,4.405237803582049,-1.0052377082146178
"""CNR1426750""","""CID3187538""",4.3,4.376986083790243,-0.0769858930553795
"""CNR8732765""","""CID9788652""",4.404214,4.405237803582049,-0.00102389824757676
"""CNR6804934""","""CID7741154""",4.4021993,4.405237803582049,-0.003038535240984963
"""CNR3190461""","""CID9301741""",4.4042315,4.405237803582049,-0.0010062552727232443
"""CNR4274170""","""CID6858502""",4.4,4.405237803582049,-0.005237708214617776
"""CNR9566408""","""CID3355532""",4.4,4.405237803582049,-0.005237708214617776
"""CNR8902182""","""CID1387938""",4.4042315,4.405237803582049,-0.0010062552727232443
"""CNR8528881""","""CID3628334""",4.4,4.405237803582049,-0.005237708214617776
"""CNR5674979""","""CID6800502""",4.1,4.405237803582049,-0.30523789894948106
"""CNR4701733""","""CID4896231""",3.8,4.405237803582049,-0.6052378512657652
"""CNR2202114""","""CID2473071""",4.5,4.405237803582049,0.09476219641795058
"""CNR9736466""","""CID6350807""",4.4021993,4.405237803582049,-0.003038535240984963
"""CNR3095796""","""CID3406323""",4.4021993,4.405237803582049,-0.003038535240984963
"""CNR3577075""","""CID2707305""",4.405319,4.405237803582049,8.14102851380838e-05
"""CNR2740200""","""CID1822714""",4.1,4.405237803582049,-0.30523789894948106
"""CNR4409680""","""CID7806785""",4.5,4.405237803582049,0.09476219641795058
"""CNR4501868""","""CID7639377""",4.2,4.405237803582049,-0.2052379943169127
"""CNR1288055""","""CID4924867""",4.2,4.405237803582049,-0.2052379943169127
"""CNR7286731""","""CID9331870""",4.4042315,4.405237803582049,-0.0010062552727232443
"""CNR1860572""","""CID9544770""",5.0,4.405237803582049,0.5947621964179506
"""CNR5822350""","""CID9461539""",4.404214,4.405237803582049,-0.00102389824757676
"""CNR5959842""","""CID9552720""",4.9,4.405237803582049,0.4947622917853822
"""CNR4209646""","""CID2917204""",4.6,4.405237803582049,0.19476210105051894
"""CNR5066967""","""CID3526025""",4.1,4.405237803582049,-0.30523789894948106
"""CNR8529842""","""CID3751866""",4.1,4.405237803582049,-0.30523789894948106
"""CNR9787340""","""CID2743521""",4.2,4.742105283235249,-0.5421054739701123
"""CNR8914537""","""CID3965947""",4.4021993,4.405237803582049,-0.003038535240984963
"""CNR9396359""","""CID1178027""",4.4,4.405237803582049,-0.005237708214617776
"""CNR3072245""","""CID7787870""",4.4098225,4.405237803582049,0.004584660407208396
"""CNR5601940""","""CID7497824""",4.4,4.405237803582049,-0.005237708214617776
"""CNR8590004""","""CID1292053""",4.1,4.405237803582049,-0.30523789894948106
"""CNR9210385""","""CID6064848""",4.1,4.405237803582049,-0.30523789894948106
"""CNR8346445""","""CID9173008""",4.2,4.405237803582049,-0.2052379943169127
"""CNR4593277""","""CID5621805""",4.4021993,4.405237803582049,-0.003038535240984963
"""CNR5704179""","""CID2061850""",4.4031615,4.405237803582049,-0.002076277855731057
"""CNR4559273""","""CID7722203""",4.0,4.405237803582049,-0.4052378035820494
"""CNR4695532""","""CID6129555""",4.4031615,4.405237803582049,-0.002076277855731057
"""CNR1676246""","""CID1344781""",4.3,4.405237803582049,-0.10523761284718613
"""CNR1687338""","""CID9101929""",4.3,4.405237803582049,-0.10523761284718613
"""CNR6477257""","""CID8222780""",4.3,4.405237803582049,-0.10523761284718613
"""CNR7604036""","""CID8161674""",4.3,4.405237803582049,-0.10523761284718613
"""CNR1029008""","""CID1723054""",4.8,4.405237803582049,0.39476238715281387
"""CNR4121266""","""CID9349739""",4.2,4.405237803582049,-0.2052379943169127
"""CNR9164842""","""CID1782895""",3.8,4.405237803582049,-0.6052378512657652
"""CNR9462322""","""CID1862560""",4.404214,4.405237803582049,-0.00102389824757676
"""CNR5821622""","""CID9493592""",4.9,4.405237803582049,0.4947622917853822
"""CNR3830751""","""CID2364874""",4.6,4.405237803582049,0.19476210105051894
"""CNR5130286""","""CID6170415""",4.4098225,4.405237803582049,0.004584660407208396
"""CNR2367824""","""CID1698383""",4.9,4.405237803582049,0.4947622917853822
"""CNR8660044""","""CID2835946""",4.6,4.487649406569887,0.11235049806268105
"""CNR3530115""","""CID9943856""",3.9,4.405237803582049,-0.5052377082146178
"""CNR9370770""","""CID1969334""",4.3,4.405237803582049,-0.10523761284718613
"""CNR5034744""","""CID9860138""",4.7,4.405237803582049,0.2947620056830873
"""CNR3112946""","""CID8374124""",4.4021993,4.405237803582049,-0.003038535240984963
"""CNR8417695""","""CID8402312""",4.2,4.405237803582049,-0.2052379943169127
"""CNR1818198""","""CID9266356""",4.5,4.405237803582049,0.09476219641795058
"""CNR8564123""","""CID8951555""",4.404214,4.376986083790243,0.02722782154422987
"""CNR1933484""","""CID7655543""",4.6,4.405237803582049,0.19476210105051894
"""CNR5381135""","""CID9932224""",4.9,4.405237803582049,0.4947622917853822
"""CNR1159941""","""CID1950360""",4.9,4.405237803582049,0.4947622917853822
"""CNR6220922""","""CID3267400""",4.3,4.405237803582049,-0.10523761284718613
"""CNR2917486""","""CID6599939""",4.3,4.405237803582049,-0.10523761284718613
"""CNR7468933""","""CID6581905""",4.1,4.405237803582049,-0.30523789894948106
"""CNR3634587""","""CID5238988""",4.8,4.376986083790243,0.4230141069446205
"""CNR6379860""","""CID1401957""",5.0,4.405237803582049,0.5947621964179506
"""CNR8442773""","""CID3934792""",4.1,4.405237803582049,-0.30523789894948106
"""CNR5408321""","""CID5850084""",5.0,4.405237803582049,0.5947621964179506
"""CNR6952487""","""CID2248761""",4.9,4.405237803582049,0.4947622917853822
"""CNR4052354""","""CID9464361""",4.6,4.405237803582049,0.19476210105051894
"""CNR7969609""","""CID5533480""",4.3,4.405237803582049,-0.10523761284718613
"""CNR4106206""","""CID8346867""",4.1,4.405237803582049,-0.30523789894948106
"""CNR1394238""","""CID2097025""",4.4021993,4.405237803582049,-0.003038535240984963
"""CNR2547457""","""CID5930313""",4.8,4.405237803582049,0.39476238715281387
"""CNR9968653""","""CID4749279""",4.4,4.405237803582049,-0.005237708214617776
"""CNR6224480""","""CID1852671""",4.9,4.405237803582049,0.4947622917853822
"""CNR5140530""","""CID1718120""",4.2,4.405237803582049,-0.2052379943169127
"""CNR3261595""","""CID5111729""",4.5,4.405237803582049,0.09476219641795058
"""CNR5092186""","""CID8584583""",4.4031615,4.405237803582049,-0.002076277855731057
"""CNR3222269""","""CID8599283""",4.4021993,4.405237803582049,-0.003038535240984963
"""CNR9844504""","""CID8358962""",4.4098225,4.405237803582049,0.004584660407208396
"""CNR1503975""","""CID9176055""",4.4098225,4.405237803582049,0.004584660407208396
"""CNR2348600""","""CID6184538""",5.0,4.405237803582049,0.5947621964179506
"""CNR8159443""","""CID9764119""",4.9,4.376986083790243,0.5230140115771889
"""CNR7556770""","""CID8531796""",4.4,4.405237803582049,-0.005237708214617776
"""CNR3975735""","""CID1095070""",4.4031615,4.405237803582049,-0.002076277855731057
"""CNR7592925""","""CID2828242""",4.3,4.405237803582049,-0.10523761284718613
"""CNR1623957""","""CID8690755""",4.9,4.405237803582049,0.4947622917853822
"""CNR8650604""","""CID9668337""",4.2,4.405237803582049,-0.2052379943169127
"""CNR4740901""","""CID2749662""",4.7,4.405237803582049,0.2947620056830873
"""CNR7900551""","""CID8745460""",4.3,4.405237803582049,-0.10523761284718613
"""CNR1065816""","""CID9675998""",4.4098225,4.405237803582049,0.004584660407208396
"""CNR5402959""","""CID9870891""",4.8,4.405237803582049,0.39476238715281387
"""CNR6556904""","""CID2063992""",4.404214,4.405237803582049,-0.00102389824757676
"""CNR3617867""","""CID6405570""",3.9,4.405237803582049,-0.5052377082146178
"""CNR9653162""","""CID6093470""",4.4042315,4.405237803582049,-0.0010062552727232443
"""CNR4790484""","""CID9391603""",4.7,4.405237803582049,0.2947620056830873
"""CNR8528768""","""CID5483473""",4.4031615,4.405237803582049,-0.002076277855731057
"""CNR3562854""","""CID2237657""",4.4031615,4.405237803582049,-0.002076277855731057
"""CNR8433849""","""CID7659765""",4.8,4.405237803582049,0.39476238715281387
"""CNR8121854""","""CID4862136""",5.0,4.405237803582049,0.5947621964179506
"""CNR2835243""","""CID7810063""",4.4042315,4.405237803582049,-0.0010062552727232443
"""CNR3249781""","""CID7721449""",3.9,4.405237803582049,-0.5052377082146178
"""CNR3282733""","""CID1731279""",4.4042315,4.405237803582049,-0.0010062552727232443
"""CNR5604046""","""CID6545612""",4.4042315,4.405237803582049,-0.0010062552727232443
"""CNR8821536""","""CID9219117""",4.4098225,4.405237803582049,0.004584660407208396
"""CNR2327701""","""CID2498981""",4.4031615,4.405237803582049,-0.002076277855731057
"""CNR6303493""","""CID5972374""",4.4042315,4.405237803582049,-0.0010062552727232443
"""CNR1678760""","""CID3328269""",4.4,4.405237803582049,-0.005237708214617776
"""CNR7382284""","""CID9362290""",4.4021993,4.376986083790243,0.025213184550821666
"""CNR5582050""","""CID3675758""",4.404214,4.405237803582049,-0.00102389824757676
"""CNR6303894""","""CID5277435""",4.4031615,4.405237803582049,-0.002076277855731057
"""CNR5544028""","""CID4038109""",4.4,4.405237803582049,-0.005237708214617776
"""CNR4773391""","""CID2365870""",4.6,4.405237803582049,0.19476210105051894
"""CNR4096354""","""CID9218244""",4.9,4.376986083790243,0.5230140115771889
"""CNR8366713""","""CID2981690""",4.2,4.405237803582049,-0.2052379943169127
"""CNR4594943""","""CID5467415""",4.6,4.405237803582049,0.19476210105051894
"""CNR1156061""","""CID4241980""",3.0,4.405237803582049,-1.4052378035820494
"""CNR4161839""","""CID4603889""",4.9,4.405237803582049,0.4947622917853822
"""CNR3796526""","""CID1091089""",4.4021993,4.405237803582049,-0.003038535240984963
"""CNR2059188""","""CID5731018""",4.4042315,4.405237803582049,-0.0010062552727232443
"""CNR6835108""","""CID2014685""",4.4042315,4.405237803582049,-0.0010062552727232443
"""CNR6352974""","""CID4970280""",4.3,4.405237803582049,-0.10523761284718613
"""CNR2201616""","""CID3324464""",4.4021993,4.405237803582049,-0.003038535240984963
"""CNR8296187""","""CID2724765""",4.4098225,4.405237803582049,0.004584660407208396
"""CNR9800561""","""CID2172949""",4.3,4.405237803582049,-0.10523761284718613
"""CNR8836068""","""CID2880594""",4.2,4.405237803582049,-0.2052379943169127
"""CNR8338330""","""CID9062530""",3.7,4.405237803582049,-0.7052377558983336
"""CNR4250798""","""CID9337748""",3.8,4.405237803582049,-0.6052378512657652
"""CNR1536307""","""CID9044530""",4.3,4.405237803582049,-0.10523761284718613
"""CNR3021944""","""CID7493785""",4.7,4.405237803582049,0.2947620056830873
"""CNR8612999""","""CID6804276""",4.4,4.405237803582049,-0.005237708214617776
"""CNR6169442""","""CID6274933""",5.0,4.405237803582049,0.5947621964179506
"""CNR6154232""","""CID7977666""",4.5,4.405237803582049,0.09476219641795058
"""CNR7853140""","""CID8851131""",4.9,4.405237803582049,0.4947622917853822
"""CNR5211198""","""CID9728579""",4.4021993,4.405237803582049,-0.003038535240984963
"""CNR1380500""","""CID8969894""",4.4098225,4.405237803582049,0.004584660407208396
"""CNR4475042""","""CID7879063""",4.4021993,4.405237803582049,-0.003038535240984963
"""CNR1999045""","""CID9586008""",4.404214,4.405237803582049,-0.00102389824757676
"""CNR3278702""","""CID3639802""",4.4021993,4.405237803582049,-0.003038535240984963
"""CNR8672355""","""CID2538354""",4.3,4.405237803582049,-0.10523761284718613
"""CNR6941809""","""CID1834140""",4.6,4.405237803582049,0.19476210105051894
"""CNR9749675""","""CID3901770""",4.6,4.405237803582049,0.19476210105051894
"""CNR2897199""","""CID1152449""",4.6,4.405237803582049,0.19476210105051894
"""CNR2781343""","""CID6898356""",4.404214,4.405237803582049,-0.00102389824757676
"""CNR3613545""","""CID9625759""",4.3,4.405237803582049,-0.10523761284718613
"""CNR8673264""","""CID4346157""",4.4021993,4.405237803582049,-0.003038535240984963
"""CNR5313458""","""CID4152859""",4.404214,4.405237803582049,-0.00102389824757676
"""CNR1122228""","""CID9605883""",4.4031615,4.405237803582049,-0.002076277855731057
"""CNR8346725""","""CID8427818""",4.4031615,4.405237803582049,-0.002076277855731057
"""CNR3090749""","""CID6617353""",4.404214,4.405237803582049,-0.00102389824757676
"""CNR8070695""","""CID1966927""",4.4042315,4.405237803582049,-0.0010062552727232443
"""CNR5197770""","""CID9208840""",4.4031615,4.405237803582049,-0.002076277855731057
"""CNR3653801""","""CID5286036""",4.9,4.405237803582049,0.4947622917853822
"""CNR6098965""","""CID7455424""",4.405319,4.405237803582049,8.14102851380838e-05
"""CNR3430265""","""CID4652297""",4.3,4.405237803582049,-0.10523761284718613
"""CNR3440368""","""CID9731918""",4.8,4.405237803582049,0.39476238715281387
"""CNR5140943""","""CID8207530""",5.0,4.405237803582049,0.5947621964179506
"""CNR2906763""","""CID8536657""",4.404214,4.405237803582049,-0.00102389824757676
"""CNR5727951""","""CID2125073""",4.404214,4.405237803582049,-0.00102389824757676
"""CNR2629122""","""CID6305137""",4.4021993,4.405237803582049,-0.003038535240984963
"""CNR2186400""","""CID1946827""",4.4042315,4.405237803582049,-0.0010062552727232443
"""CNR4201560""","""CID1284092""",4.4042315,4.405237803582049,-0.0010062552727232443
"""CNR9989648""","""CID3338997""",4.4021993,4.405237803582049,-0.003038535240984963
"""CNR6127429""","""CID7797027""",4.4021993,4.405237803582049,-0.003038535240984963
"""CNR8336069""","""CID8555497""",4.4021993,4.405237803582049,-0.003038535240984963
"""CNR2361840""","""CID3403682""",4.4042315,4.405237803582049,-0.0010062552727232443
"""CNR1646939""","""CID7568938""",4.4021993,4.405237803582049,-0.003038535240984963
"""CNR5302995""","""CID6285094""",4.4021993,4.405237803582049,-0.003038535240984963
"""CNR9565102""","""CID8941558""",4.4042315,4.405237803582049,-0.0010062552727232443
"""CNR3723189""","""CID3650000""",4.4,4.405237803582049,-0.005237708214617776
"""CNR1388637""","""CID1816352""",4.3,4.376986083790243,-0.0769858930553795
"""CNR6300956""","""CID4297747""",4.2,4.405237803582049,-0.2052379943169127
"""CNR7171259""","""CID3168910""",4.4021993,4.405237803582049,-0.003038535240984963
"""CNR4685699""","""CID1496080""",4.405319,4.405237803582049,8.14102851380838e-05
"""CNR9426267""","""CID5662300""",4.9,4.405237803582049,0.4947622917853822
"""CNR8211082""","""CID1558030""",4.4098225,4.405237803582049,0.004584660407208396
"""CNR9595733""","""CID2041099""",5.0,4.405237803582049,0.5947621964179506
"""CNR1608257""","""CID4320204""",3.7,4.376986083790243,-0.676986036106527
"""CNR2359962""","""CID2261910""",4.4,4.405237803582049,-0.005237708214617776
"""CNR2529490""","""CID7590448""",4.3,4.405237803582049,-0.10523761284718613
"""CNR9512090""","""CID9478093""",4.3,4.405237803582049,-0.10523761284718613
"""CNR6298349""","""CID6982163""",4.404214,4.405237803582049,-0.00102389824757676
"""CNR6146099""","""CID9204515""",4.4042315,4.405237803582049,-0.0010062552727232443
"""CNR8470844""","""CID5163527""",4.4098225,4.405237803582049,0.004584660407208396
"""CNR5563763""","""CID8853223""",4.4031615,4.405237803582049,-0.002076277855731057
"""CNR9350153""","""CID2866889""",4.4021993,4.405237803582049,-0.003038535240984963
"""CNR8280884""","""CID1582673""",4.0,4.405237803582049,-0.4052378035820494
"""CNR8046521""","""CID4092350""",4.404214,4.405237803582049,-0.00102389824757676
"""CNR4006232""","""CID9715845""",4.9,4.405237803582049,0.4947622917853822
"""CNR1820099""","""CID3658305""",4.4098225,4.405237803582049,0.004584660407208396
"""CNR5039864""","""CID4633165""",4.404214,4.405237803582049,-0.00102389824757676
"""CNR8413333""","""CID4477571""",4.4042315,4.405237803582049,-0.0010062552727232443
"""CNR5081258""","""CID3793115""",3.7,4.405237803582049,-0.7052377558983336
"""CNR2383933""","""CID8864963""",4.4042315,4.405237803582049,-0.0010062552727232443
"""CNR4406936""","""CID1235401""",4.5,4.405237803582049,0.09476219641795058
"""CNR7277924""","""CID9336140""",4.4042315,4.405237803582049,-0.0010062552727232443
"""CNR4302640""","""CID8007292""",4.4,4.405237803582049,-0.005237708214617776
"""CNR1334803""","""CID6552712""",4.405319,4.405237803582049,8.14102851380838e-05
"""CNR3408063""","""CID4966600""",4.4031615,4.405237803582049,-0.002076277855731057
"""CNR8364362""","""CID3771086""",4.4098225,4.405237803582049,0.004584660407208396
"""CNR4318496""","""CID9642707""",4.4,4.405237803582049,-0.005237708214617776
"""CNR2263956""","""CID5910514""",4.2,4.405237803582049,-0.2052379943169127
"""CNR3627492""","""CID9209067""",3.7,4.405237803582049,-0.7052377558983336
"""CNR6863732""","""CID1513338""",5.0,4.405237803582049,0.5947621964179506
"""CNR6218624""","""CID9228325""",4.4031615,4.405237803582049,-0.002076277855731057
"""CNR6948016""","""CID8489460""",4.4042315,4.405237803582049,-0.0010062552727232443
"""CNR5099756""","""CID8881706""",4.9,4.405237803582049,0.4947622917853822
"""CNR8809596""","""CID3766731""",4.6,4.405237803582049,0.19476210105051894
"""CNR5671392""","""CID3408114""",4.6,4.405237803582049,0.19476210105051894
"""CNR8603262""","""CID7029592""",4.4050717,4.405237803582049,-0.00016606819996933808
"""CNR4522032""","""CID8743877""",5.0,4.405237803582049,0.5947621964179506
"""CNR4616487""","""CID7012547""",4.9,4.405237803582049,0.4947622917853822
"""CNR4643231""","""CID4865181""",3.4,4.405237803582049,-1.0052377082146178
"""CNR8849416""","""CID5925078""",4.5,4.376986083790243,0.12301391620975721
"""CNR8432940""","""CID4715908""",4.2,4.405237803582049,-0.2052379943169127
"""CNR3141435""","""CID2686037""",4.3,4.376986083790243,-0.0769858930553795
"""CNR6291418""","""CID1525178""",4.6,4.405237803582049,0.19476210105051894
"""CNR3629425""","""CID3645811""",4.405319,4.376986083790243,0.028333130076944713
"""CNR3117927""","""CID5613738""",4.4021993,4.405237803582049,-0.003038535240984963
"""CNR2120867""","""CID8400918""",4.3,4.405237803582049,-0.10523761284718613
"""CNR1552517""","""CID3786246""",4.4021993,4.405237803582049,-0.003038535240984963
"""CNR4001696""","""CID5050806""",4.9,4.405237803582049,0.4947622917853822
"""CNR7822638""","""CID8716442""",4.4021993,4.405237803582049,-0.003038535240984963
"""CNR2478154""","""CID4636575""",4.4098225,4.405237803582049,0.004584660407208396
"""CNR9572989""","""CID4444871""",4.2,4.405237803582049,-0.2052379943169127
"""CNR8389372""","""CID4523343""",4.4031615,4.405237803582049,-0.002076277855731057
"""CNR5776610""","""CID3707706""",4.5,4.405237803582049,0.09476219641795058
"""CNR9794125""","""CID5525945""",4.3,4.405237803582049,-0.10523761284718613
"""CNR4210836""","""CID3572958""",4.1,4.405237803582049,-0.30523789894948106
"""CNR2814420""","""CID9269298""",4.4021993,4.405237803582049,-0.003038535240984963
"""CNR3270524""","""CID3138873""",4.4042315,4.405237803582049,-0.0010062552727232443
"""CNR2522435""","""CID6282756""",4.2,4.405237803582049,-0.2052379943169127
"""CNR5586779""","""CID9384088""",4.5,4.405237803582049,0.09476219641795058
"""CNR6703484""","""CID8503288""",4.7,4.405237803582049,0.2947620056830873
"""CNR8798135""","""CID7019365""",4.4021993,4.405237803582049,-0.003038535240984963
"""CNR7490439""","""CID3404504""",4.9,4.405237803582049,0.4947622917853822
"""CNR2912800""","""CID2634232""",4.4050717,4.405237803582049,-0.00016606819996933808
"""CNR5359712""","""CID4585932""",4.6,4.405237803582049,0.19476210105051894
"""CNR6905397""","""CID2358909""",4.4021993,4.405237803582049,-0.003038535240984963
"""CNR9667928""","""CID9478380""",4.2,4.405237803582049,-0.2052379943169127
"""CNR9851382""","""CID9250895""",4.2,4.405237803582049,-0.2052379943169127
"""CNR5252424""","""CID7305900""",4.405319,4.405237803582049,8.14102851380838e-05
"""CNR3408122""","""CID3567513""",4.8,4.405237803582049,0.39476238715281387
"""CNR6679973""","""CID2639312""",4.6,4.405237803582049,0.19476210105051894
"""CNR8112759""","""CID3567315""",4.4042315,4.405237803582049,-0.0010062552727232443
"""CNR4341124""","""CID3998795""",4.4,4.405237803582049,-0.005237708214617776
"""CNR7913408""","""CID7951316""",4.5,4.405237803582049,0.09476219641795058
"""CNR1547860""","""CID9625688""",4.2,4.405237803582049,-0.2052379943169127
"""CNR7414255""","""CID9063484""",4.404214,4.405237803582049,-0.00102389824757676
"""CNR5543054""","""CID1008847""",4.5,4.405237803582049,0.09476219641795058
"""CNR4138305""","""CID3702247""",4.4098225,4.405237803582049,0.004584660407208396
"""CNR6360333""","""CID5373526""",4.2,4.405237803582049,-0.2052379943169127
"""CNR9533175""","""CID8006730""",4.2,4.405237803582049,-0.2052379943169127
"""CNR1042407""","""CID2506098""",4.9,4.405237803582049,0.4947622917853822
"""CNR1546424""","""CID2030634""",4.3,4.405237803582049,-0.10523761284718613
"""CNR8874914""","""CID5289584""",4.7,4.487649406569887,0.2123504026952494
"""CNR8496284""","""CID1444142""",4.4021993,4.405237803582049,-0.003038535240984963
"""CNR5680537""","""CID7982167""",4.6,4.405237803582049,0.19476210105051894
"""CNR2332355""","""CID6164080""",4.3,4.405237803582049,-0.10523761284718613
"""CNR5225096""","""CID2103686""",4.4098225,4.405237803582049,0.004584660407208396
"""CNR2082110""","""CID7645753""",4.4021993,4.405237803582049,-0.003038535240984963
"""CNR9382315""","""CID8313260""",4.6,4.405237803582049,0.19476210105051894
"""CNR1169488""","""CID5017163""",4.4,4.405237803582049,-0.005237708214617776
"""CNR6235280""","""CID2555000""",4.4098225,4.405237803582049,0.004584660407208396
"""CNR2599620""","""CID9249665""",4.5,4.405237803582049,0.09476219641795058
"""CNR5997056""","""CID5118315""",4.1,4.405237803582049,-0.30523789894948106
"""CNR6593301""","""CID6718446""",4.9,4.405237803582049,0.4947622917853822
"""CNR1234547""","""CID7434516""",4.4098225,4.405237803582049,0.004584660407208396
"""CNR4806752""","""CID5604228""",4.405319,4.405237803582049,8.14102851380838e-05
"""CNR6837422""","""CID5091661""",4.6,4.405237803582049,0.19476210105051894
"""CNR9094973""","""CID9467517""",4.4050717,4.405237803582049,-0.00016606819996933808
"""CNR3509973""","""CID5837356""",4.2,4.742105283235249,-0.5421054739701123
"""CNR7990297""","""CID6251890""",4.4042315,4.405237803582049,-0.0010062552727232443
"""CNR1833287""","""CID1353713""",4.9,4.405237803582049,0.4947622917853822
"""CNR4147513""","""CID1704852""",4.4021993,4.405237803582049,-0.003038535240984963
"""CNR5251392""","""CID9530946""",4.4042315,4.405237803582049,-0.0010062552727232443
"""CNR9230124""","""CID3979024""",4.6,4.405237803582049,0.19476210105051894
"""CNR4030368""","""CID3536503""",4.405319,4.405237803582049,8.14102851380838e-05
"""CNR9366663""","""CID5236903""",4.4031615,4.405237803582049,-0.002076277855731057
"""CNR7585022""","""CID3870901""",4.1,4.405237803582049,-0.30523789894948106
"""CNR6023780""","""CID8758471""",4.6,4.405237803582049,0.19476210105051894
"""CNR4769113""","""CID2022009""",4.9,4.405237803582049,0.4947622917853822
"""CNR1783488""","""CID4045222""",4.4031615,4.405237803582049,-0.002076277855731057
"""CNR1974638""","""CID5403527""",4.1,4.405237803582049,-0.30523789894948106
"""CNR1759889""","""CID7590086""",4.404214,4.405237803582049,-0.00102389824757676
"""CNR6371489""","""CID7159218""",4.404214,4.405237803582049,-0.00102389824757676
"""CNR7970024""","""CID7228201""",4.2,4.405237803582049,-0.2052379943169127
"""CNR7387882""","""CID5479319""",4.4021993,4.405237803582049,-0.003038535240984963
"""CNR9673447""","""CID3651243""",4.3,4.742105283235249,-0.44210509250038577
"""CNR6720906""","""CID9038188""",4.4021993,4.405237803582049,-0.003038535240984963
"""CNR7653461""","""CID6629138""",4.9,4.405237803582049,0.4947622917853822
"""CNR9484321""","""CID6947353""",4.9,4.405237803582049,0.4947622917853822
"""CNR6206176""","""CID4934049""",4.4021993,4.405237803582049,-0.003038535240984963
"""CNR5986080""","""CID8439520""",5.0,4.405237803582049,0.5947621964179506
"""CNR2161720""","""CID3242104""",4.9,4.405237803582049,0.4947622917853822
"""CNR6810376""","""CID8096279""",4.4098225,4.405237803582049,0.004584660407208396
"""CNR2772037""","""CID5368134""",3.2,4.405237803582049,-1.2052377558983336
"""CNR7237489""","""CID8741453""",4.4031615,4.405237803582049,-0.002076277855731057
"""CNR2290838""","""CID8304344""",4.3,4.405237803582049,-0.10523761284718613
"""CNR6973883""","""CID2823138""",4.9,4.405237803582049,0.4947622917853822
"""CNR5689323""","""CID5462787""",4.4031615,4.405237803582049,-0.002076277855731057
"""CNR1033261""","""CID2507252""",5.0,4.405237803582049,0.5947621964179506
"""CNR5454363""","""CID1380190""",4.404214,4.405237803582049,-0.00102389824757676
"""CNR2809735""","""CID8535530""",4.4042315,4.405237803582049,-0.0010062552727232443
"""CNR2700539""","""CID8907903""",3.7,4.405237803582049,-0.7052377558983336
"""CNR7081943""","""CID9122143""",4.4021993,4.405237803582049,-0.003038535240984963
"""CNR5305882""","""CID2540707""",3.3,4.405237803582049,-1.1052378512657652
"""CNR6235687""","""CID9893066""",3.9,4.487649406569887,-0.5876493112024557
"""CNR6684685""","""CID5158142""",4.4031615,4.405237803582049,-0.002076277855731057
"""CNR5444753""","""CID8848188""",4.3,4.405237803582049,-0.10523761284718613
"""CNR6112895""","""CID8170889""",3.8,4.405237803582049,-0.6052378512657652
"""CNR5911616""","""CID3636331""",3.9,4.405237803582049,-0.5052377082146178
"""CNR3338595""","""CID3627391""",4.7,4.405237803582049,0.2947620056830873
"""CNR1797937""","""CID3950971""",4.2,4.405237803582049,-0.2052379943169127
"""CNR6458141""","""CID7344024""",4.4042315,4.405237803582049,-0.0010062552727232443
"""CNR1559444""","""CID5140759""",4.5,4.405237803582049,0.09476219641795058
"""CNR8678575""","""CID2913042""",4.4098225,4.405237803582049,0.004584660407208396
"""CNR4167184""","""CID2201517""",4.3,4.405237803582049,-0.10523761284718613
"""CNR8423512""","""CID9596401""",4.2,4.405237803582049,-0.2052379943169127
"""CNR5636629""","""CID1459859""",4.4031615,4.405237803582049,-0.002076277855731057
"""CNR7633433""","""CID7142400""",4.4042315,4.405237803582049,-0.0010062552727232443
"""CNR8312561""","""CID1294699""",4.4098225,4.405237803582049,0.004584660407208396
"""CNR5140472""","""CID5367465""",4.4050717,4.405237803582049,-0.00016606819996933808
"""CNR2175992""","""CID3764284""",4.405319,4.405237803582049,8.14102851380838e-05
"""CNR2306090""","""CID6320858""",3.7,4.376986083790243,-0.676986036106527
"""CNR8454778""","""CID4840738""",4.4021993,4.405237803582049,-0.003038535240984963
"""CNR2158077""","""CID5626969""",4.3,4.405237803582049,-0.10523761284718613
"""CNR5143910""","""CID8278906""",4.1,4.487649406569887,-0.38764950193731895
"""CNR4461650""","""CID6278051""",4.1,4.405237803582049,-0.30523789894948106
"""CNR5760798""","""CID8081763""",4.4021993,4.405237803582049,-0.003038535240984963
"""CNR2887397""","""CID1882886""",4.4021993,4.405237803582049,-0.003038535240984963
"""CNR1946114""","""CID8335888""",4.4021993,4.405237803582049,-0.003038535240984963
"""CNR2130861""","""CID3579693""",4.9,4.405237803582049,0.4947622917853822
"""CNR4066709""","""CID4597638""",4.404214,4.405237803582049,-0.00102389824757676
"""CNR9706000""","""CID1868158""",4.4098225,4.405237803582049,0.004584660407208396
"""CNR6141948""","""CID6477913""",4.4098225,4.405237803582049,0.004584660407208396
"""CNR2269461""","""CID1792016""",4.9,4.405237803582049,0.4947622917853822
"""CNR7016430""","""CID6965581""",4.4098225,4.405237803582049,0.004584660407208396
"""CNR4593731""","""CID5218577""",4.2,4.405237803582049,-0.2052379943169127
"""CNR3185077""","""CID4599693""",4.9,4.405237803582049,0.4947622917853822
"""CNR2166034""","""CID4744662""",4.4042315,4.376986083790243,0.027245464519083384
"""CNR9828692""","""CID9500103""",3.8,4.405237803582049,-0.6052378512657652
"""CNR7746857""","""CID1047372""",4.404214,4.405237803582049,-0.00102389824757676
"""CNR7718257""","""CID3530742""",4.4031615,4.405237803582049,-0.002076277855731057
"""CNR2106016""","""CID7297424""",4.9,4.405237803582049,0.4947622917853822
"""CNR5501170""","""CID2667136""",4.7,4.405237803582049,0.2947620056830873
"""CNR6848042""","""CID8030983""",4.4,4.405237803582049,-0.005237708214617776
"""CNR8637827""","""CID7618147""",4.4042315,4.405237803582049,-0.0010062552727232443
"""CNR7031707""","""CID4390155""",4.9,4.405237803582049,0.4947622917853822
"""CNR5460279""","""CID2703476""",4.405319,4.405237803582049,8.14102851380838e-05
"""CNR9397394""","""CID5052843""",4.4,4.405237803582049,-0.005237708214617776
"""CNR5675025""","""CID8939131""",4.2,4.376986083790243,-0.17698627452510607
"""CNR6352459""","""CID6133701""",4.4031615,4.405237803582049,-0.002076277855731057
"""CNR3908324""","""CID3255512""",4.2,4.405237803582049,-0.2052379943169127
"""CNR2136577""","""CID3283573""",4.4098225,4.405237803582049,0.004584660407208396
"""CNR6917331""","""CID8691038""",4.4031615,4.405237803582049,-0.002076277855731057
"""CNR9423030""","""CID8273190""",4.2,4.405237803582049,-0.2052379943169127
"""CNR8097980""","""CID1236024""",3.6,4.405237803582049,-0.8052378989494811
"""CNR2632638""","""CID2333059""",4.4098225,4.405237803582049,0.004584660407208396
"""CNR3747544""","""CID4779595""",4.6,4.405237803582049,0.19476210105051894
"""CNR9356031""","""CID7913138""",4.4021993,4.405237803582049,-0.003038535240984963
"""CNR5740389""","""CID2147769""",4.4021993,4.405237803582049,-0.003038535240984963
"""CNR2622602""","""CID5668899""",4.2,4.405237803582049,-0.2052379943169127
"""CNR3850675""","""CID1677388""",4.404214,4.405237803582049,-0.00102389824757676
"""CNR3460828""","""CID8301324""",4.4021993,4.405237803582049,-0.003038535240984963
"""CNR6962432""","""CID1216206""",4.0,4.405237803582049,-0.4052378035820494
"""CNR9505474""","""CID6456180""",4.6,4.405237803582049,0.19476210105051894
"""CNR3681470""","""CID4409421""",4.7,4.405237803582049,0.2947620056830873
"""CNR6681243""","""CID4452213""",4.4098225,4.405237803582049,0.004584660407208396
"""CNR1505312""","""CID1071808""",3.5,4.405237803582049,-0.9052378035820494
"""CNR6716718""","""CID5301825""",5.0,4.405237803582049,0.5947621964179506
"""CNR8933044""","""CID3849569""",4.405319,4.405237803582049,8.14102851380838e-05
"""CNR5366880""","""CID3021404""",4.6,4.405237803582049,0.19476210105051894
"""CNR9963802""","""CID1439055""",4.5,4.405237803582049,0.09476219641795058
"""CNR9024349""","""CID7227346""",4.4098225,4.405237803582049,0.004584660407208396
"""CNR1527090""","""CID1283505""",4.4098225,4.405237803582049,0.004584660407208396
"""CNR3370279""","""CID8214149""",4.4021993,4.405237803582049,-0.003038535240984963
"""CNR8275145""","""CID4070277""",4.9,4.405237803582049,0.4947622917853822
"""CNR5265943""","""CID9471651""",4.9,4.405237803582049,0.4947622917853822
"""CNR4549180""","""CID8771467""",4.3,4.405237803582049,-0.10523761284718613
"""CNR4820889""","""CID7552811""",4.1,4.376986083790243,-0.27698617915767443
"""CNR4167001""","""CID8003063""",3.6,4.405237803582049,-0.8052378989494811
"""CNR7084624""","""CID5518219""",4.4042315,4.405237803582049,-0.0010062552727232443
"""CNR7147090""","""CID8511827""",4.7,4.405237803582049,0.2947620056830873
"""CNR4608307""","""CID1035160""",4.4031615,4.405237803582049,-0.002076277855731057
"""CNR7899007""","""CID7542327""",3.9,4.405237803582049,-0.5052377082146178
"""CNR2954711""","""CID3431924""",4.4098225,4.376986083790243,0.032836380199015025
"""CNR1262273""","""CID5229364""",4.6,4.405237803582049,0.19476210105051894
"""CNR5414501""","""CID4829797""",4.2,4.405237803582049,-0.2052379943169127
"""CNR3464409""","""CID8687710""",4.4021993,4.405237803582049,-0.003038535240984963
"""CNR1959527""","""CID4041355""",4.2,4.405237803582049,-0.2052379943169127
"""CNR6839296""","""CID3269353""",4.9,4.376986083790243,0.5230140115771889
"""CNR1748816""","""CID7406244""",4.4042315,4.405237803582049,-0.0010062552727232443
"""CNR6201394""","""CID6262468""",4.4098225,4.405237803582049,0.004584660407208396
"""CNR6859369""","""CID8469507""",4.4,4.405237803582049,-0.005237708214617776
"""CNR6132912""","""CID3073236""",4.2,4.405237803582049,-0.2052379943169127
"""CNR3631124""","""CID7213738""",4.4,4.405237803582049,-0.005237708214617776
"""CNR5646305""","""CID1448111""",4.4031615,4.405237803582049,-0.002076277855731057
"""CNR9126599""","""CID6129328""",4.7,4.405237803582049,0.2947620056830873
"""CNR5208865""","""CID9257967""",4.4031615,4.405237803582049,-0.002076277855731057
"""CNR9784709""","""CID6707577""",4.405319,4.405237803582049,8.14102851380838e-05
"""CNR9434419""","""CID5354889""",4.4042315,4.405237803582049,-0.0010062552727232443
"""CNR3741363""","""CID8335429""",4.2,4.405237803582049,-0.2052379943169127
"""CNR1792752""","""CID9205231""",4.4098225,4.405237803582049,0.004584660407208396
"""CNR6087079""","""CID6530465""",4.404214,4.405237803582049,-0.00102389824757676
"""CNR3657903""","""CID1284816""",4.404214,4.405237803582049,-0.00102389824757676
"""CNR2091579""","""CID9414254""",4.4098225,4.405237803582049,0.004584660407208396
"""CNR2975165""","""CID4550738""",4.7,4.405237803582049,0.2947620056830873
"""CNR2497964""","""CID9169888""",4.1,4.376986083790243,-0.27698617915767443
"""CNR5073222""","""CID8594558""",4.4042315,4.405237803582049,-0.0010062552727232443
"""CNR7387734""","""CID5910344""",4.404214,4.405237803582049,-0.00102389824757676
"""CNR7557565""","""CID5798368""",4.3,4.405237803582049,-0.10523761284718613
"""CNR4616564""","""CID3500596""",4.7,4.405237803582049,0.2947620056830873
"""CNR6092351""","""CID1625346""",4.8,4.405237803582049,0.39476238715281387
"""CNR6056431""","""CID3023640""",4.4021993,4.405237803582049,-0.003038535240984963
"""CNR6218385""","""CID5179412""",4.4031615,4.405237803582049,-0.002076277855731057
"""CNR7330638""","""CID3489297""",4.405319,4.405237803582049,8.14102851380838e-05
"""CNR9323653""","""CID4178306""",4.2,4.405237803582049,-0.2052379943169127
"""CNR3059432""","""CID1568679""",4.5,4.376986083790243,0.12301391620975721
"""CNR4979562""","""CID1862088""",3.7,4.405237803582049,-0.7052377558983336
"""CNR5575191""","""CID6124687""",4.4031615,4.405237803582049,-0.002076277855731057
"""CNR4533861""","""CID7301862""",3.8,4.405237803582049,-0.6052378512657652
"""CNR3387867""","""CID1423147""",4.2,4.405237803582049,-0.2052379943169127
"""CNR2897623""","""CID6720999""",4.9,4.405237803582049,0.4947622917853822
"""CNR3591444""","""CID6729177""",5.0,4.405237803582049,0.5947621964179506
"""CNR9526725""","""CID2828551""",4.4050717,4.405237803582049,-0.00016606819996933808
"""CNR1429124""","""CID6065934""",4.4042315,4.405237803582049,-0.0010062552727232443
"""CNR3162134""","""CID7623911""",4.9,4.376986083790243,0.5230140115771889
"""CNR7077861""","""CID9281042""",4.7,4.405237803582049,0.2947620056830873
"""CNR3111917""","""CID3222467""",4.405319,4.405237803582049,8.14102851380838e-05
"""CNR3832605""","""CID4998652""",4.4,4.405237803582049,-0.005237708214617776
"""CNR6628353""","""CID8644192""",4.404214,4.405237803582049,-0.00102389824757676
"""CNR2336990""","""CID1320721""",4.4031615,4.405237803582049,-0.002076277855731057
"""CNR3871452""","""CID6477730""",3.0,4.405237803582049,-1.4052378035820494
"""CNR8877842""","""CID6450612""",4.5,4.405237803582049,0.09476219641795058
"""CNR3670529""","""CID7296478""",4.4042315,4.405237803582049,-0.0010062552727232443
"""CNR5871320""","""CID9039995""",4.4098225,4.405237803582049,0.004584660407208396
"""CNR5558015""","""CID3674776""",4.9,4.405237803582049,0.4947622917853822
"""CNR4763018""","""CID5759356""",5.0,4.405237803582049,0.5947621964179506
"""CNR2697258""","""CID8041921""",4.3,4.405237803582049,-0.10523761284718613
"""CNR6456893""","""CID2394170""",4.9,4.405237803582049,0.4947622917853822
"""CNR9663746""","""CID8030088""",4.4031615,4.376986083790243,0.026175441936075572
"""CNR5502421""","""CID9294614""",4.7,4.405237803582049,0.2947620056830873
"""CNR7307644""","""CID8720263""",4.4098225,4.405237803582049,0.004584660407208396
"""CNR9392126""","""CID7340009""",4.4031615,4.405237803582049,-0.002076277855731057
"""CNR1874553""","""CID6690830""",3.6,4.405237803582049,-0.8052378989494811
"""CNR7744832""","""CID9619548""",4.5,4.405237803582049,0.09476219641795058
"""CNR6223525""","""CID3712864""",4.404214,4.376986083790243,0.02722782154422987
"""CNR3716882""","""CID5396634""",4.7,4.405237803582049,0.2947620056830873
"""CNR6703016""","""CID8703192""",4.4042315,4.376986083790243,0.027245464519083384
"""CNR9907283""","""CID2457063""",4.4098225,4.405237803582049,0.004584660407208396
"""CNR9103026""","""CID4264158""",4.4098225,4.405237803582049,0.004584660407208396
"""CNR7839643""","""CID2516184""",4.2,4.405237803582049,-0.2052379943169127
"""CNR7869018""","""CID9413753""",4.5,4.405237803582049,0.09476219641795058
"""CNR6436384""","""CID1192463""",4.3,4.405237803582049,-0.10523761284718613
"""CNR4997420""","""CID4483929""",4.9,4.405237803582049,0.4947622917853822
"""CNR8342128""","""CID1511084""",5.0,4.405237803582049,0.5947621964179506
"""CNR4105802""","""CID7724294""",4.4,4.405237803582049,-0.005237708214617776
"""CNR7653872""","""CID4419651""",4.4042315,4.405237803582049,-0.0010062552727232443
"""CNR8554124""","""CID9711210""",4.3,4.405237803582049,-0.10523761284718613
"""CNR9215639""","""CID7568773""",4.404214,4.405237803582049,-0.00102389824757676
"""CNR6013491""","""CID2090137""",4.9,4.405237803582049,0.4947622917853822
"""CNR2414125""","""CID3762334""",4.4050717,4.405237803582049,-0.00016606819996933808
"""CNR5759624""","""CID5177359""",4.4021993,4.405237803582049,-0.003038535240984963
"""CNR1863308""","""CID2591429""",4.404214,4.405237803582049,-0.00102389824757676
"""CNR6358909""","""CID6624632""",4.8,4.405237803582049,0.39476238715281387
"""CNR1120580""","""CID5788830""",4.4021993,4.405237803582049,-0.003038535240984963
"""CNR1220013""","""CID9768111""",5.0,4.405237803582049,0.5947621964179506
"""CNR9528666""","""CID1082166""",4.6,4.405237803582049,0.19476210105051894
"""CNR2861279""","""CID8342541""",4.3,4.405237803582049,-0.10523761284718613
"""CNR6075797""","""CID9445044""",4.4031615,4.405237803582049,-0.002076277855731057
"""CNR8265985""","""CID1949344""",4.8,4.376986083790243,0.4230141069446205
"""CNR9919202""","""CID4308188""",4.9,4.405237803582049,0.4947622917853822
"""CNR3584078""","""CID8836119""",5.0,4.405237803582049,0.5947621964179506
"""CNR8912558""","""CID7061407""",4.4042315,4.405237803582049,-0.0010062552727232443
"""CNR5325853""","""CID8709363""",4.404214,4.405237803582049,-0.00102389824757676
"""CNR9753108""","""CID3219731""",4.1,4.405237803582049,-0.30523789894948106
"""CNR6281565""","""CID5247826""",4.2,4.405237803582049,-0.2052379943169127
"""CNR6015570""","""CID7356508""",4.3,4.405237803582049,-0.10523761284718613
"""CNR8796784""","""CID5693453""",4.9,4.405237803582049,0.4947622917853822
"""CNR3172948""","""CID8783251""",4.3,4.405237803582049,-0.10523761284718613
"""CNR7569061""","""CID4349012""",4.2,4.405237803582049,-0.2052379943169127
"""CNR3427320""","""CID1043336""",4.6,4.405237803582049,0.19476210105051894
"""CNR4371125""","""CID2924607""",4.2,4.405237803582049,-0.2052379943169127
"""CNR1189404""","""CID4571278""",4.4021993,4.405237803582049,-0.003038535240984963
"""CNR2452642""","""CID8001294""",4.4098225,4.376986083790243,0.032836380199015025
"""CNR3064701""","""CID5233565""",4.4031615,4.405237803582049,-0.002076277855731057
"""CNR2823029""","""CID4356940""",4.4098225,4.405237803582049,0.004584660407208396
"""CNR4766292""","""CID3879361""",5.0,4.405237803582049,0.5947621964179506
"""CNR5154640""","""CID1930614""",4.8,4.405237803582049,0.39476238715281387
"""CNR3909739""","""CID4884704""",4.3,4.405237803582049,-0.10523761284718613
"""CNR1334609""","""CID1819481""",4.4098225,4.405237803582049,0.004584660407208396
"""CNR8587401""","""CID1739423""",4.404214,4.405237803582049,-0.00102389824757676
"""CNR7018706""","""CID3770403""",4.4021993,4.405237803582049,-0.003038535240984963
"""CNR7643256""","""CID2075178""",4.404214,4.405237803582049,-0.00102389824757676
"""CNR3318190""","""CID1494626""",4.4031615,4.405237803582049,-0.002076277855731057
"""CNR9851711""","""CID8168070""",4.2,4.405237803582049,-0.2052379943169127
"""CNR8170897""","""CID2818961""",4.4098225,4.405237803582049,0.004584660407208396
"""CNR9123242""","""CID8454896""",4.6,4.405237803582049,0.19476210105051894
"""CNR3367833""","""CID9782292""",4.6,4.405237803582049,0.19476210105051894
"""CNR4770433""","""CID9880161""",4.4021993,4.405237803582049,-0.003038535240984963
"""CNR4812920""","""CID7015902""",5.0,4.405237803582049,0.5947621964179506
"""CNR9792891""","""CID4193933""",4.6,4.405237803582049,0.19476210105051894
"""CNR1041101""","""CID4344606""",4.404214,4.405237803582049,-0.00102389824757676
"""CNR1378735""","""CID4914263""",5.0,4.405237803582049,0.5947621964179506
"""CNR7388098""","""CID1033658""",4.9,4.405237803582049,0.4947622917853822
"""CNR8545914""","""CID7787508""",4.9,4.405237803582049,0.4947622917853822
"""CNR6882680""","""CID3234544""",4.4,4.405237803582049,-0.005237708214617776
"""CNR6926526""","""CID1592173""",4.4042315,4.405237803582049,-0.0010062552727232443
"""CNR3008992""","""CID6029998""",4.2,4.405237803582049,-0.2052379943169127
"""CNR9817675""","""CID7825716""",4.9,4.405237803582049,0.4947622917853822
"""CNR3408735""","""CID6232103""",3.6,4.405237803582049,-0.8052378989494811
"""CNR6240396""","""CID2478685""",4.9,4.405237803582049,0.4947622917853822
"""CNR5761786""","""CID9921333""",4.3,4.405237803582049,-0.10523761284718613
"""CNR6950551""","""CID2953471""",4.4021993,4.405237803582049,-0.003038535240984963
"""CNR1698185""","""CID8901171""",3.7,4.405237803582049,-0.7052377558983336
"""CNR5967236""","""CID1718439""",4.4050717,4.405237803582049,-0.00016606819996933808
"""CNR5340612""","""CID5437572""",4.6,4.405237803582049,0.19476210105051894
"""CNR5478218""","""CID4162394""",4.9,4.405237803582049,0.4947622917853822
"""CNR9082425""","""CID3241134""",5.0,4.405237803582049,0.5947621964179506
"""CNR1789763""","""CID8089267""",4.6,4.405237803582049,0.19476210105051894
"""CNR1941930""","""CID3597589""",4.405319,4.405237803582049,8.14102851380838e-05
"""CNR4632329""","""CID9096622""",4.4021993,4.405237803582049,-0.003038535240984963
"""CNR5882834""","""CID3279015""",4.4042315,4.405237803582049,-0.0010062552727232443
"""CNR3155019""","""CID7537252""",4.3,4.405237803582049,-0.10523761284718613
"""CNR8046434""","""CID3331063""",4.4021993,4.405237803582049,-0.003038535240984963
"""CNR1412059""","""CID4134452""",4.404214,4.405237803582049,-0.00102389824757676
"""CNR9256590""","""CID7099170""",4.4098225,4.405237803582049,0.004584660407208396
"""CNR3557931""","""CID8934125""",4.3,4.405237803582049,-0.10523761284718613
"""CNR4572209""","""CID9886028""",4.1,4.405237803582049,-0.30523789894948106
"""CNR3404823""","""CID5969823""",4.4,4.487649406569887,-0.08764931120245567
"""CNR3221258""","""CID5556647""",4.4031615,4.405237803582049,-0.002076277855731057
"""CNR4927846""","""CID3201172""",4.7,4.405237803582049,0.2947620056830873
"""CNR5546616""","""CID4954111""",4.2,4.376986083790243,-0.17698627452510607
"""CNR8873335""","""CID7131269""",3.8,4.405237803582049,-0.6052378512657652
"""CNR2667889""","""CID4726160""",4.4,4.405237803582049,-0.005237708214617776
"""CNR3970365""","""CID6510626""",4.1,4.405237803582049,-0.30523789894948106
"""CNR7298228""","""CID2618855""",4.6,4.405237803582049,0.19476210105051894
"""CNR1738640""","""CID1225747""",4.3,4.405237803582049,-0.10523761284718613
"""CNR1391210""","""CID8217367""",4.8,4.405237803582049,0.39476238715281387
"""CNR7761462""","""CID8652503""",4.4042315,4.405237803582049,-0.0010062552727232443
"""CNR2721139""","""CID3909816""",5.0,4.405237803582049,0.5947621964179506
"""CNR4796758""","""CID5209094""",4.404214,4.405237803582049,-0.00102389824757676
"""CNR3121108""","""CID9609838""",4.4098225,4.405237803582049,0.004584660407208396
"""CNR9800592""","""CID9058242""",3.0,4.405237803582049,-1.4052378035820494
"""CNR2344213""","""CID4021948""",4.9,4.405237803582049,0.4947622917853822
"""CNR3414959""","""CID2981783""",5.0,4.405237803582049,0.5947621964179506
"""CNR1554953""","""CID9191288""",4.1,4.405237803582049,-0.30523789894948106
"""CNR1327054""","""CID4481885""",4.2,4.405237803582049,-0.2052379943169127
"""CNR7813048""","""CID8534650""",4.3,4.405237803582049,-0.10523761284718613
"""CNR4354612""","""CID4071880""",4.8,4.405237803582049,0.39476238715281387
"""CNR6946890""","""CID6717510""",4.9,4.405237803582049,0.4947622917853822
"""CNR1855088""","""CID2299573""",4.4021993,4.405237803582049,-0.003038535240984963
"""CNR6892174""","""CID7829485""",4.404214,4.405237803582049,-0.00102389824757676
"""CNR8926633""","""CID2992617""",4.1,4.405237803582049,-0.30523789894948106
"""CNR3300822""","""CID7464516""",4.404214,4.405237803582049,-0.00102389824757676
"""CNR2990080""","""CID7152173""",4.4098225,4.405237803582049,0.004584660407208396
"""CNR8613878""","""CID1872238""",4.4021993,4.405237803582049,-0.003038535240984963
"""CNR8100377""","""CID2594464""",4.4021993,4.405237803582049,-0.003038535240984963
"""CNR9641956""","""CID6905841""",4.4050717,4.405237803582049,-0.00016606819996933808
"""CNR6709503""","""CID9253602""",4.6,4.376986083790243,0.22301382084232557
"""CNR6616700""","""CID8479864""",4.404214,4.405237803582049,-0.00102389824757676
"""CNR5713570""","""CID2331741""",4.4021993,4.405237803582049,-0.003038535240984963
"""CNR7893614""","""CID1758549""",4.4021993,4.405237803582049,-0.003038535240984963
"""CNR3066414""","""CID5203621""",4.4098225,4.405237803582049,0.004584660407208396
"""CNR3919323""","""CID1952915""",4.2,4.405237803582049,-0.2052379943169127
"""CNR2524440""","""CID2373434""",4.4042315,4.405237803582049,-0.0010062552727232443
"""CNR3346160""","""CID9326565""",4.4021993,4.405237803582049,-0.003038535240984963
"""CNR9360935""","""CID2525426""",4.0,4.405237803582049,-0.4052378035820494
"""CNR3285159""","""CID3264619""",4.6,4.405237803582049,0.19476210105051894
"""CNR4017078""","""CID3051112""",4.2,4.405237803582049,-0.2052379943169127
"""CNR9065987""","""CID2014240""",4.9,4.405237803582049,0.4947622917853822
"""CNR2792377""","""CID4537137""",4.4021993,4.405237803582049,-0.003038535240984963
"""CNR1342517""","""CID4045614""",4.6,4.405237803582049,0.19476210105051894
"""CNR6039197""","""CID3896576""",5.0,4.376986083790243,0.6230139162097572
"""CNR5657370""","""CID8390678""",4.9,4.405237803582049,0.4947622917853822
"""CNR4376262""","""CID1568922""",4.4042315,4.405237803582049,-0.0010062552727232443
"""CNR9728354""","""CID2510627""",4.9,4.405237803582049,0.4947622917853822
"""CNR2862743""","""CID8859268""",3.8,4.405237803582049,-0.6052378512657652
"""CNR5574607""","""CID3982848""",4.404214,4.405237803582049,-0.00102389824757676
"""CNR8193605""","""CID8236019""",3.9,4.376986083790243,-0.47698598842281115
"""CNR5168470""","""CID5749800""",4.3,4.405237803582049,-0.10523761284718613
"""CNR1173898""","""CID8299312""",4.9,4.405237803582049,0.4947622917853822
"""CNR3074653""","""CID2085557""",4.2,4.405237803582049,-0.2052379943169127
"""CNR6842860""","""CID5327728""",4.4021993,4.405237803582049,-0.003038535240984963
"""CNR8784121""","""CID5813487""",4.4021993,4.405237803582049,-0.003038535240984963
"""CNR7615022""","""CID7020831""",5.0,4.405237803582049,0.5947621964179506
"""CNR6415324""","""CID5591090""",4.3,4.405237803582049,-0.10523761284718613
"""CNR8366615""","""CID2316427""",4.4,4.405237803582049,-0.005237708214617776
"""CNR3404549""","""CID9498609""",4.4042315,4.405237803582049,-0.0010062552727232443
"""CNR7855473""","""CID9562348""",5.0,4.405237803582049,0.5947621964179506
"""CNR8902379""","""CID6846686""",5.0,4.405237803582049,0.5947621964179506
"""CNR1491177""","""CID8879437""",4.4098225,4.405237803582049,0.004584660407208396
"""CNR9333832""","""CID8629376""",4.4042315,4.405237803582049,-0.0010062552727232443
"""CNR3398654""","""CID8730516""",4.2,4.405237803582049,-0.2052379943169127
"""CNR7913030""","""CID5184805""",4.2,4.405237803582049,-0.2052379943169127
"""CNR8017196""","""CID6083387""",4.6,4.487649406569887,0.11235049806268105
"""CNR1281555""","""CID7810636""",4.2,4.405237803582049,-0.2052379943169127
"""CNR7914596""","""CID8854162""",4.405319,4.405237803582049,8.14102851380838e-05
"""CNR8414699""","""CID4846174""",4.4021993,4.405237803582049,-0.003038535240984963
"""CNR1936089""","""CID7447248""",4.6,4.405237803582049,0.19476210105051894
"""CNR7583124""","""CID5870684""",4.404214,4.405237803582049,-0.00102389824757676
"""CNR6685199""","""CID1858637""",4.3,4.405237803582049,-0.10523761284718613
"""CNR1909585""","""CID1410210""",4.4050717,4.405237803582049,-0.00016606819996933808
"""CNR5250933""","""CID1250611""",4.6,4.376986083790243,0.22301382084232557
"""CNR1388975""","""CID1220468""",4.4050717,4.405237803582049,-0.00016606819996933808
"""CNR4326640""","""CID1867267""",4.8,4.405237803582049,0.39476238715281387
"""CNR2403918""","""CID7082728""",4.7,4.405237803582049,0.2947620056830873
"""CNR8021117""","""CID8489755""",4.1,4.376986083790243,-0.27698617915767443
"""CNR7593348""","""CID7882585""",4.8,4.405237803582049,0.39476238715281387
"""CNR5950087""","""CID4122585""",4.3,4.376986083790243,-0.0769858930553795
"""CNR1528675""","""CID5163655""",4.3,4.405237803582049,-0.10523761284718613
"""CNR4273428""","""CID5239553""",4.4,4.405237803582049,-0.005237708214617776
"""CNR5150398""","""CID4446058""",4.3,4.376986083790243,-0.0769858930553795
"""CNR5995049""","""CID6556940""",3.9,4.376986083790243,-0.47698598842281115
"""CNR8344133""","""CID6319989""",4.5,4.405237803582049,0.09476219641795058
"""CNR7872464""","""CID1381998""",4.2,4.405237803582049,-0.2052379943169127
"""CNR6011833""","""CID9013643""",4.4031615,4.405237803582049,-0.002076277855731057
"""CNR8702835""","""CID2236067""",3.9,4.405237803582049,-0.5052377082146178
"""CNR1939340""","""CID8805684""",4.3,4.405237803582049,-0.10523761284718613
"""CNR2071120""","""CID2306034""",4.6,4.376986083790243,0.22301382084232557
"""CNR3710550""","""CID1678691""",4.404214,4.405237803582049,-0.00102389824757676
"""CNR5406237""","""CID5453687""",4.6,4.405237803582049,0.19476210105051894
"""CNR4051076""","""CID1538231""",4.7,4.405237803582049,0.2947620056830873
"""CNR5689616""","""CID6151692""",4.5,4.405237803582049,0.09476219641795058
"""CNR9103514""","""CID3364067""",4.4042315,4.405237803582049,-0.0010062552727232443
"""CNR2900206""","""CID6454934""",4.2,4.405237803582049,-0.2052379943169127
"""CNR2815201""","""CID4998263""",4.2,4.405237803582049,-0.2052379943169127
"""CNR1554802""","""CID3353762""",4.4021993,4.405237803582049,-0.003038535240984963
"""CNR5998673""","""CID2754780""",4.8,4.376986083790243,0.4230141069446205
"""CNR8140261""","""CID3696094""",4.5,4.405237803582049,0.09476219641795058
"""CNR1785867""","""CID2104552""",4.9,4.405237803582049,0.4947622917853822
"""CNR2689700""","""CID1448742""",3.7,4.405237803582049,-0.7052377558983336
"""CNR1847653""","""CID2463429""",4.6,4.405237803582049,0.19476210105051894
"""CNR5704235""","""CID2344111""",4.7,4.405237803582049,0.2947620056830873
"""CNR8894540""","""CID2099316""",4.4021993,4.405237803582049,-0.003038535240984963
"""CNR4135251""","""CID5219706""",4.5,4.405237803582049,0.09476219641795058
"""CNR3271807""","""CID2836590""",4.4031615,4.376986083790243,0.026175441936075572
"""CNR8968981""","""CID3224037""",4.4098225,4.405237803582049,0.004584660407208396
"""CNR2555229""","""CID3468214""",4.4042315,4.405237803582049,-0.0010062552727232443
"""CNR1374171""","""CID7657590""",4.9,4.376986083790243,0.5230140115771889
"""CNR3076062""","""CID5251829""",4.8,4.405237803582049,0.39476238715281387
"""CNR7706710""","""CID9708262""",4.2,4.405237803582049,-0.2052379943169127
"""CNR8911662""","""CID2685050""",4.2,4.405237803582049,-0.2052379943169127
"""CNR8582305""","""CID5833847""",4.7,4.405237803582049,0.2947620056830873
"""CNR7549327""","""CID5789426""",4.4042315,4.405237803582049,-0.0010062552727232443
"""CNR8978380""","""CID1125859""",4.4098225,4.405237803582049,0.004584660407208396
"""CNR1631244""","""CID3935003""",4.2,4.405237803582049,-0.2052379943169127
"""CNR8314711""","""CID1477860""",4.9,4.405237803582049,0.4947622917853822
"""CNR1131535""","""CID1922469""",4.4050717,4.405237803582049,-0.00016606819996933808
"""CNR4510710""","""CID5121520""",4.4,4.405237803582049,-0.005237708214617776
"""CNR6328069""","""CID6040411""",4.404214,4.405237803582049,-0.00102389824757676
"""CNR8197516""","""CID8989040""",4.6,4.405237803582049,0.19476210105051894
"""CNR8470405""","""CID4204590""",4.1,4.405237803582049,-0.30523789894948106
"""CNR5716089""","""CID1121043""",4.9,4.405237803582049,0.4947622917853822
"""CNR7619703""","""CID6754993""",4.4,4.405237803582049,-0.005237708214617776
"""CNR1912299""","""CID5038804""",4.404214,4.405237803582049,-0.00102389824757676
"""CNR2827236""","""CID3662346""",4.4098225,4.405237803582049,0.004584660407208396
"""CNR6764536""","""CID8527580""",4.9,4.405237803582049,0.4947622917853822
"""CNR7522860""","""CID8754473""",3.1,4.405237803582049,-1.305237898949481
"""CNR4786557""","""CID6128858""",4.9,4.405237803582049,0.4947622917853822
"""CNR8034810""","""CID2188854""",4.7,4.405237803582049,0.2947620056830873
"""CNR6125798""","""CID7052704""",4.8,4.405237803582049,0.39476238715281387
"""CNR7970436""","""CID8848598""",4.9,4.405237803582049,0.4947622917853822
"""CNR9963461""","""CID1146307""",4.4021993,4.405237803582049,-0.003038535240984963
"""CNR5450504""","""CID4412206""",4.7,4.405237803582049,0.2947620056830873
"""CNR8161631""","""CID5296336""",4.2,4.405237803582049,-0.2052379943169127
"""CNR6781877""","""CID4167178""",4.405319,4.405237803582049,8.14102851380838e-05
"""CNR6789071""","""CID8460686""",4.404214,4.405237803582049,-0.00102389824757676
"""CNR9968206""","""CID5441957""",4.6,4.405237803582049,0.19476210105051894
"""CNR6925923""","""CID3633948""",4.4042315,4.405237803582049,-0.0010062552727232443
"""CNR9338694""","""CID2568034""",4.6,4.405237803582049,0.19476210105051894
"""CNR3639137""","""CID4379504""",4.4031615,4.405237803582049,-0.002076277855731057
"""CNR2288201""","""CID8393864""",5.0,4.405237803582049,0.5947621964179506
"""CNR3084803""","""CID9447154""",4.404214,4.405237803582049,-0.00102389824757676
"""CNR7408011""","""CID1054600""",4.4,4.405237803582049,-0.005237708214617776
"""CNR5020837""","""CID5615953""",4.4021993,4.405237803582049,-0.003038535240984963
"""CNR6293771""","""CID3055634""",4.1,4.405237803582049,-0.30523789894948106
"""CNR4909339""","""CID2446768""",4.4050717,4.405237803582049,-0.00016606819996933808
"""CNR5261336""","""CID3722424""",4.1,4.405237803582049,-0.30523789894948106
"""CNR1072950""","""CID5171538""",4.405319,4.405237803582049,8.14102851380838e-05
"""CNR1024653""","""CID1056499""",4.405319,4.405237803582049,8.14102851380838e-05
"""CNR8353028""","""CID1675621""",4.9,4.405237803582049,0.4947622917853822
"""CNR2390040""","""CID6772722""",3.8,4.405237803582049,-0.6052378512657652
"""CNR4092117""","""CID9517931""",4.4021993,4.405237803582049,-0.003038535240984963
"""CNR2196503""","""CID2094889""",4.4,4.405237803582049,-0.005237708214617776
"""CNR7767244""","""CID1810077""",4.9,4.405237803582049,0.4947622917853822
"""CNR3011900""","""CID5509172""",4.404214,4.405237803582049,-0.00102389824757676
"""CNR7221134""","""CID6498880""",4.4031615,4.405237803582049,-0.002076277855731057
"""CNR4356835""","""CID9645883""",4.4,4.405237803582049,-0.005237708214617776
"""CNR7273288""","""CID5289789""",4.7,4.405237803582049,0.2947620056830873
"""CNR7845568""","""CID3274381""",4.1,4.405237803582049,-0.30523789894948106
"""CNR5278263""","""CID9340227""",4.9,4.405237803582049,0.4947622917853822
"""CNR6916704""","""CID9125644""",4.405319,4.405237803582049,8.14102851380838e-05
"""CNR7374019""","""CID6298982""",4.4021993,4.405237803582049,-0.003038535240984963
"""CNR8922022""","""CID5075389""",4.4021993,4.405237803582049,-0.003038535240984963
"""CNR3648036""","""CID2553456""",4.4031615,4.405237803582049,-0.002076277855731057
"""CNR8921386""","""CID4593220""",4.9,4.405237803582049,0.4947622917853822
"""CNR3848877""","""CID2271389""",4.3,4.376986083790243,-0.0769858930553795
"""CNR1577245""","""CID8232000""",4.9,4.405237803582049,0.4947622917853822
"""CNR6441329""","""CID6684091""",4.3,4.405237803582049,-0.10523761284718613
"""CNR3794282""","""CID6006605""",4.4021993,4.405237803582049,-0.003038535240984963
"""CNR8157158""","""CID4947301""",4.6,4.405237803582049,0.19476210105051894
"""CNR8865255""","""CID6178871""",4.4098225,4.405237803582049,0.004584660407208396
"""CNR9024044""","""CID3991101""",4.9,4.405237803582049,0.4947622917853822
"""CNR8533226""","""CID8304428""",5.0,4.405237803582049,0.5947621964179506
"""CNR2823887""","""CID9302212""",4.404214,4.405237803582049,-0.00102389824757676
"""CNR9938194""","""CID3192748""",4.7,4.405237803582049,0.2947620056830873
"""CNR6248425""","""CID7369923""",4.9,4.405237803582049,0.4947622917853822
"""CNR6775934""","""CID6586362""",4.3,4.376986083790243,-0.0769858930553795
"""CNR3635361""","""CID2188780""",4.2,4.405237803582049,-0.2052379943169127
"""CNR9625988""","""CID8668839""",4.4042315,4.405237803582049,-0.0010062552727232443
"""CNR6951068""","""CID7452580""",4.4098225,4.405237803582049,0.004584660407208396
"""CNR6629799""","""CID5614330""",4.2,4.405237803582049,-0.2052379943169127
"""CNR2216011""","""CID1428943""",4.4042315,4.405237803582049,-0.0010062552727232443
"""CNR2066912""","""CID7868182""",4.405319,4.405237803582049,8.14102851380838e-05
"""CNR8181974""","""CID2369600""",4.2,4.405237803582049,-0.2052379943169127
"""CNR9986134""","""CID9683238""",4.4098225,4.405237803582049,0.004584660407208396
"""CNR3234899""","""CID1908216""",4.6,4.405237803582049,0.19476210105051894
"""CNR4366479""","""CID4200395""",4.4021993,4.405237803582049,-0.003038535240984963
"""CNR1712801""","""CID2926384""",4.4021993,4.405237803582049,-0.003038535240984963
"""CNR7740994""","""CID5149622""",4.1,4.405237803582049,-0.30523789894948106
"""CNR7872287""","""CID8334135""",4.4042315,4.405237803582049,-0.0010062552727232443
"""CNR7647343""","""CID9627481""",4.9,4.405237803582049,0.4947622917853822
"""CNR4922020""","""CID4113809""",3.3,4.405237803582049,-1.1052378512657652
"""CNR7477638""","""CID2458760""",4.4021993,4.405237803582049,-0.003038535240984963
"""CNR4251691""","""CID3733832""",4.9,4.405237803582049,0.4947622917853822
"""CNR2584780""","""CID5870902""",4.4050717,4.405237803582049,-0.00016606819996933808
"""CNR1942416""","""CID4419723""",3.8,4.405237803582049,-0.6052378512657652
"""CNR9512371""","""CID2444965""",4.4098225,4.405237803582049,0.004584660407208396
"""CNR2365067""","""CID5488447""",4.4098225,4.405237803582049,0.004584660407208396
"""CNR8451283""","""CID6608037""",4.4021993,4.405237803582049,-0.003038535240984963
"""CNR8141733""","""CID7435305""",4.4021993,4.405237803582049,-0.003038535240984963
"""CNR6868549""","""CID4590339""",4.4021993,4.405237803582049,-0.003038535240984963
"""CNR1431826""","""CID7703683""",4.9,4.405237803582049,0.4947622917853822
"""CNR1655128""","""CID1239112""",4.6,4.405237803582049,0.19476210105051894
"""CNR9352488""","""CID8514177""",4.4021993,4.405237803582049,-0.003038535240984963
"""CNR6723742""","""CID7192559""",3.4,4.405237803582049,-1.0052377082146178
"""CNR8539943""","""CID3803404""",4.4021993,4.405237803582049,-0.003038535240984963
"""CNR8063226""","""CID1535281""",4.4021993,4.405237803582049,-0.003038535240984963
"""CNR4908086""","""CID4711648""",4.4098225,4.405237803582049,0.004584660407208396
"""CNR9339499""","""CID9166916""",4.6,4.405237803582049,0.19476210105051894
"""CNR5438739""","""CID5226045""",4.4021993,4.405237803582049,-0.003038535240984963
"""CNR2325089""","""CID4564491""",4.9,4.405237803582049,0.4947622917853822
"""CNR2213324""","""CID5946097""",4.9,4.742105283235249,0.1578948121321826
"""CNR9139331""","""CID6339280""",4.2,4.405237803582049,-0.2052379943169127
"""CNR2847927""","""CID9043369""",4.7,4.405237803582049,0.2947620056830873
"""CNR6139508""","""CID3390920""",4.4021993,4.405237803582049,-0.003038535240984963
"""CNR5653836""","""CID7148060""",5.0,4.405237803582049,0.5947621964179506
"""CNR2411400""","""CID6255360""",3.9,4.405237803582049,-0.5052377082146178
"""CNR4664841""","""CID7846019""",4.2,4.405237803582049,-0.2052379943169127
"""CNR8738349""","""CID7207094""",4.3,4.405237803582049,-0.10523761284718613
"""CNR7233835""","""CID9817166""",4.8,4.405237803582049,0.39476238715281387
"""CNR9533612""","""CID4877776""",4.7,4.405237803582049,0.2947620056830873
"""CNR6827084""","""CID1939578""",4.1,4.405237803582049,-0.30523789894948106
"""CNR4786080""","""CID6326652""",4.7,4.405237803582049,0.2947620056830873
"""CNR5123691""","""CID3188303""",4.4021993,4.405237803582049,-0.003038535240984963
"""CNR1001697""","""CID9990853""",4.4021993,4.405237803582049,-0.003038535240984963
"""CNR3222521""","""CID4794917""",4.4031615,4.405237803582049,-0.002076277855731057
"""CNR5380399""","""CID3609102""",4.2,4.405237803582049,-0.2052379943169127
"""CNR7862423""","""CID6946998""",4.9,4.405237803582049,0.4947622917853822
"""CNR4697595""","""CID3753681""",4.0,4.405237803582049,-0.4052378035820494
"""CNR2090111""","""CID9607811""",3.9,4.405237803582049,-0.5052377082146178
"""CNR3329204""","""CID7766393""",4.8,4.405237803582049,0.39476238715281387
"""CNR4782027""","""CID4039444""",4.4098225,4.405237803582049,0.004584660407208396
"""CNR6011091""","""CID3972231""",4.4098225,4.405237803582049,0.004584660407208396
"""CNR5767350""","""CID6090944""",5.0,4.405237803582049,0.5947621964179506
"""CNR7818251""","""CID5278216""",4.5,4.405237803582049,0.09476219641795058
"""CNR3376684""","""CID9582455""",3.4,4.405237803582049,-1.0052377082146178
"""CNR8665067""","""CID4448701""",5.0,4.405237803582049,0.5947621964179506
"""CNR8849494""","""CID1361443""",4.4098225,4.405237803582049,0.004584660407208396
"""CNR4486177""","""CID2527934""",3.9,4.405237803582049,-0.5052377082146178
"""CNR1635422""","""CID8668902""",4.2,4.405237803582049,-0.2052379943169127
"""CNR2751289""","""CID3262184""",4.3,4.405237803582049,-0.10523761284718613
"""CNR5285771""","""CID9809260""",4.4042315,4.405237803582049,-0.0010062552727232443
"""CNR3698028""","""CID3870236""",4.404214,4.405237803582049,-0.00102389824757676
"""CNR1079929""","""CID6152768""",4.9,4.405237803582049,0.4947622917853822
"""CNR2006285""","""CID5385338""",4.4,4.405237803582049,-0.005237708214617776
"""CNR3280084""","""CID6484080""",4.2,4.405237803582049,-0.2052379943169127
"""CNR8409534""","""CID8669609""",4.6,4.405237803582049,0.19476210105051894
"""CNR2874055""","""CID9956583""",4.404214,4.405237803582049,-0.00102389824757676
"""CNR8852294""","""CID6291269""",4.4021993,4.405237803582049,-0.003038535240984963
"""CNR6215118""","""CID9459823""",4.4042315,4.405237803582049,-0.0010062552727232443
"""CNR5993133""","""CID3157448""",4.4042315,4.405237803582049,-0.0010062552727232443
"""CNR2945993""","""CID1538558""",4.4042315,4.405237803582049,-0.0010062552727232443
"""CNR6233180""","""CID3425794""",4.1,4.405237803582049,-0.30523789894948106
"""CNR9675850""","""CID1279512""",4.3,4.405237803582049,-0.10523761284718613
"""CNR1499579""","""CID4120773""",4.6,4.376986083790243,0.22301382084232557
"""CNR6148194""","""CID9430595""",4.4,4.376986083790243,0.023014011577188853
"""CNR4629264""","""CID8757178""",4.1,4.405237803582049,-0.30523789894948106
"""CNR9067755""","""CID2337994""",4.9,4.405237803582049,0.4947622917853822
"""CNR4633650""","""CID1429658""",3.0,4.405237803582049,-1.4052378035820494
"""CNR1526221""","""CID9793601""",4.404214,4.405237803582049,-0.00102389824757676
"""CNR2715124""","""CID5947257""",4.4021993,4.405237803582049,-0.003038535240984963
"""CNR2523022""","""CID3699828""",4.4031615,4.405237803582049,-0.002076277855731057
"""CNR3688006""","""CID7457412""",4.3,4.405237803582049,-0.10523761284718613
"""CNR8995644""","""CID8782633""",4.4042315,4.405237803582049,-0.0010062552727232443
"""CNR6727008""","""CID3857930""",4.4042315,4.405237803582049,-0.0010062552727232443
"""CNR2245660""","""CID5954149""",4.5,4.405237803582049,0.09476219641795058
"""CNR7877675""","""CID4204729""",4.8,4.405237803582049,0.39476238715281387
"""CNR6879714""","""CID9895994""",4.0,4.405237803582049,-0.4052378035820494
"""CNR1132826""","""CID5863170""",4.7,4.405237803582049,0.2947620056830873
"""CNR8432339""","""CID6280957""",4.6,4.405237803582049,0.19476210105051894
"""CNR1299442""","""CID2514392""",4.405319,4.405237803582049,8.14102851380838e-05
"""CNR2265832""","""CID5698349""",4.6,4.405237803582049,0.19476210105051894
"""CNR7206274""","""CID7118304""",4.4042315,4.405237803582049,-0.0010062552727232443
"""CNR1408387""","""CID7137042""",4.6,4.405237803582049,0.19476210105051894
"""CNR8507536""","""CID4570914""",4.4031615,4.405237803582049,-0.002076277855731057
"""CNR7120819""","""CID9576287""",4.4042315,4.405237803582049,-0.0010062552727232443
"""CNR8961425""","""CID8051456""",4.9,4.405237803582049,0.4947622917853822
"""CNR9664452""","""CID7332724""",4.404214,4.405237803582049,-0.00102389824757676
"""CNR4986975""","""CID2191968""",4.4042315,4.405237803582049,-0.0010062552727232443
"""CNR2669664""","""CID5167518""",4.4021993,4.405237803582049,-0.003038535240984963
"""CNR5833309""","""CID6816306""",4.6,4.405237803582049,0.19476210105051894
"""CNR3380134""","""CID7831312""",4.5,4.405237803582049,0.09476219641795058
"""CNR4052885""","""CID1989649""",4.6,4.405237803582049,0.19476210105051894
"""CNR8650592""","""CID4108761""",4.6,4.487649406569887,0.11235049806268105
"""CNR8244833""","""CID1292815""",4.9,4.405237803582049,0.4947622917853822
"""CNR5799888""","""CID3269184""",3.9,4.405237803582049,-0.5052377082146178
"""CNR4133999""","""CID5435719""",4.0,4.405237803582049,-0.4052378035820494
"""CNR2350157""","""CID7833385""",4.2,4.405237803582049,-0.2052379943169127
"""CNR1144735""","""CID6529714""",4.9,4.405237803582049,0.4947622917853822
"""CNR1001530""","""CID6677981""",3.9,4.405237803582049,-0.5052377082146178
"""CNR6872463""","""CID2444745""",4.3,4.405237803582049,-0.10523761284718613
"""CNR8988706""","""CID2217518""",4.7,4.405237803582049,0.2947620056830873
"""CNR9979701""","""CID7480272""",4.7,4.405237803582049,0.2947620056830873
"""CNR5216969""","""CID8763718""",4.7,4.405237803582049,0.2947620056830873
"""CNR9865914""","""CID3522452""",3.0,4.405237803582049,-1.4052378035820494
"""CNR9632380""","""CID5749766""",4.6,4.405237803582049,0.19476210105051894
"""CNR2772364""","""CID6798806""",3.9,4.405237803582049,-0.5052377082146178
"""CNR6359966""","""CID9443229""",4.2,4.405237803582049,-0.2052379943169127
"""CNR7130934""","""CID6964256""",5.0,4.405237803582049,0.5947621964179506
"""CNR8139661""","""CID3285623""",4.4042315,4.405237803582049,-0.0010062552727232443
"""CNR4814793""","""CID8016080""",4.4,4.405237803582049,-0.005237708214617776
"""CNR9159032""","""CID6765928""",4.405319,4.405237803582049,8.14102851380838e-05
"""CNR8135916""","""CID7718932""",4.9,4.405237803582049,0.4947622917853822
"""CNR2685754""","""CID8696448""",3.7,4.405237803582049,-0.7052377558983336
"""CNR5671250""","""CID9648506""",4.9,4.405237803582049,0.4947622917853822
"""CNR4308218""","""CID7221591""",4.7,4.405237803582049,0.2947620056830873
"""CNR8102801""","""CID9997149""",4.4042315,4.405237803582049,-0.0010062552727232443
"""CNR4018364""","""CID7905078""",3.7,4.405237803582049,-0.7052377558983336
"""CNR6333825""","""CID8923964""",4.4098225,4.405237803582049,0.004584660407208396
"""CNR5246011""","""CID1865753""",4.3,4.405237803582049,-0.10523761284718613
"""CNR3608772""","""CID5414376""",4.9,4.405237803582049,0.4947622917853822
"""CNR6506854""","""CID2842167""",4.4031615,4.405237803582049,-0.002076277855731057
"""CNR5656903""","""CID1271702""",4.405319,4.405237803582049,8.14102851380838e-05
"""CNR3067403""","""CID1858562""",4.2,4.405237803582049,-0.2052379943169127
"""CNR2035048""","""CID2975029""",4.2,4.405237803582049,-0.2052379943169127
"""CNR1881184""","""CID4224700""",4.5,4.405237803582049,0.09476219641795058
"""CNR2909861""","""CID3367390""",4.5,4.405237803582049,0.09476219641795058
"""CNR7737876""","""CID1372524""",4.4042315,4.376986083790243,0.027245464519083384
"""CNR7287391""","""CID3354035""",4.4021993,4.405237803582049,-0.003038535240984963
"""CNR6886112""","""CID4533730""",4.6,4.405237803582049,0.19476210105051894
"""CNR5469894""","""CID9066685""",4.6,4.405237803582049,0.19476210105051894
"""CNR8384433""","""CID2866810""",4.4042315,4.405237803582049,-0.0010062552727232443
"""CNR7854509""","""CID5289265""",4.1,4.405237803582049,-0.30523789894948106
"""CNR4128303""","""CID8429114""",4.5,4.405237803582049,0.09476219641795058
"""CNR5561027""","""CID6837356""",3.4,4.376986083790243,-0.9769859884228111
"""CNR8073264""","""CID8901897""",4.3,4.405237803582049,-0.10523761284718613
"""CNR8409160""","""CID3701675""",4.9,4.405237803582049,0.4947622917853822
"""CNR4003690""","""CID3833743""",4.4,4.405237803582049,-0.005237708214617776
"""CNR4571359""","""CID1547675""",4.4098225,4.405237803582049,0.004584660407208396
"""CNR4586671""","""CID2753388""",4.4021993,4.405237803582049,-0.003038535240984963
"""CNR2749432""","""CID5758128""",4.4098225,4.405237803582049,0.004584660407208396
"""CNR6453146""","""CID5860764""",4.6,4.405237803582049,0.19476210105051894
"""CNR5571599""","""CID8930636""",4.2,4.405237803582049,-0.2052379943169127
"""CNR1999550""","""CID9135054""",4.4042315,4.405237803582049,-0.0010062552727232443
"""CNR9065130""","""CID8501270""",4.4031615,4.405237803582049,-0.002076277855731057
"""CNR3085853""","""CID8487913""",3.8,4.405237803582049,-0.6052378512657652
"""CNR3487423""","""CID3861469""",4.4021993,4.405237803582049,-0.003038535240984963
"""CNR2543318""","""CID2588771""",4.3,4.376986083790243,-0.0769858930553795
"""CNR4712178""","""CID7249675""",4.6,4.405237803582049,0.19476210105051894
"""CNR1618516""","""CID7600353""",4.405319,4.405237803582049,8.14102851380838e-05
"""CNR1166233""","""CID1408276""",4.4021993,4.405237803582049,-0.003038535240984963
"""CNR9503993""","""CID8825425""",4.3,4.405237803582049,-0.10523761284718613
"""CNR9606567""","""CID2314774""",4.405319,4.405237803582049,8.14102851380838e-05
"""CNR1729343""","""CID7357146""",4.2,4.405237803582049,-0.2052379943169127
"""CNR3068605""","""CID6503097""",4.3,4.405237803582049,-0.10523761284718613
"""CNR4661541""","""CID3302890""",4.4042315,4.405237803582049,-0.0010062552727232443
"""CNR8771162""","""CID2462177""",4.4098225,4.405237803582049,0.004584660407208396
"""CNR4491288""","""CID2964741""",4.4098225,4.405237803582049,0.004584660407208396
"""CNR9161769""","""CID7951156""",4.9,4.405237803582049,0.4947622917853822
"""CNR3613347""","""CID8088002""",4.4050717,4.405237803582049,-0.00016606819996933808
"""CNR6508535""","""CID6812135""",4.9,4.405237803582049,0.4947622917853822
"""CNR3651385""","""CID6049014""",4.2,4.405237803582049,-0.2052379943169127
"""CNR7280794""","""CID1011892""",4.4021993,4.405237803582049,-0.003038535240984963
"""CNR6254593""","""CID6888895""",5.0,4.405237803582049,0.5947621964179506
"""CNR9417908""","""CID1765887""",4.4098225,4.405237803582049,0.004584660407208396
"""CNR2541935""","""CID4234061""",4.4021993,4.405237803582049,-0.003038535240984963
"""CNR9623751""","""CID8341704""",3.9,4.405237803582049,-0.5052377082146178
"""CNR2308043""","""CID1058464""",4.5,4.405237803582049,0.09476219641795058
"""CNR1228038""","""CID1135335""",4.7,4.405237803582049,0.2947620056830873
"""CNR9136660""","""CID2696420""",4.7,4.405237803582049,0.2947620056830873
"""CNR4533812""","""CID2821116""",4.6,4.405237803582049,0.19476210105051894
"""CNR6145681""","""CID5174804""",4.6,4.405237803582049,0.19476210105051894
"""CNR6046884""","""CID5127326""",4.4,4.405237803582049,-0.005237708214617776
"""CNR4874668""","""CID1579474""",4.4021993,4.405237803582049,-0.003038535240984963
"""CNR2087688""","""CID8480013""",4.6,4.405237803582049,0.19476210105051894
"""CNR3695591""","""CID3076551""",4.5,4.405237803582049,0.09476219641795058
"""CNR1426313""","""CID4920920""",4.6,4.405237803582049,0.19476210105051894
"""CNR9718571""","""CID5889830""",4.6,4.405237803582049,0.19476210105051894
"""CNR1625958""","""CID2373622""",4.4042315,4.405237803582049,-0.0010062552727232443
"""CNR6258909""","""CID3342312""",4.6,4.405237803582049,0.19476210105051894
"""CNR3369312""","""CID6510470""",4.9,4.405237803582049,0.4947622917853822
"""CNR5771438""","""CID2407232""",4.7,4.405237803582049,0.2947620056830873
"""CNR6529700""","""CID9764853""",5.0,4.405237803582049,0.5947621964179506
"""CNR7078369""","""CID2022292""",3.6,4.405237803582049,-0.8052378989494811
"""CNR6799418""","""CID1752058""",4.5,4.405237803582049,0.09476219641795058
"""CNR5090197""","""CID1543186""",4.2,4.405237803582049,-0.2052379943169127
"""CNR2480524""","""CID7897530""",3.6,4.405237803582049,-0.8052378989494811
"""CNR2385151""","""CID1628636""",4.5,4.376986083790243,0.12301391620975721
"""CNR2031519""","""CID7330381""",4.4,4.405237803582049,-0.005237708214617776
"""CNR9963753""","""CID4721289""",4.7,4.405237803582049,0.2947620056830873
"""CNR7209428""","""CID8666700""",4.4031615,4.405237803582049,-0.002076277855731057
"""CNR4133316""","""CID9337657""",4.6,4.405237803582049,0.19476210105051894
"""CNR9138347""","""CID9402090""",4.9,4.405237803582049,0.4947622917853822
"""CNR1876649""","""CID4219410""",4.4050717,4.405237803582049,-0.00016606819996933808
"""CNR8531352""","""CID2096330""",4.4098225,4.405237803582049,0.004584660407208396
"""CNR2993289""","""CID6260090""",4.9,4.405237803582049,0.4947622917853822
"""CNR2601650""","""CID2979466""",4.0,4.487649406569887,-0.4876494065698873
"""CNR2686936""","""CID1278604""",4.4031615,4.405237803582049,-0.002076277855731057
"""CNR7619996""","""CID7957494""",4.4031615,4.405237803582049,-0.002076277855731057
"""CNR9860361""","""CID7827012""",4.3,4.405237803582049,-0.10523761284718613
"""CNR4593834""","""CID4550284""",4.9,4.405237803582049,0.4947622917853822
"""CNR8983809""","""CID4222021""",4.2,4.405237803582049,-0.2052379943169127
"""CNR9736522""","""CID8149594""",4.4098225,4.405237803582049,0.004584660407208396
"""CNR1104487""","""CID2824139""",4.4098225,4.405237803582049,0.004584660407208396
"""CNR3562567""","""CID1186475""",3.2,4.405237803582049,-1.2052377558983336
"""CNR2913992""","""CID9242792""",4.8,4.405237803582049,0.39476238715281387
"""CNR7594731""","""CID5888732""",4.4042315,4.405237803582049,-0.0010062552727232443
"""CNR7692210""","""CID9611309""",4.5,4.405237803582049,0.09476219641795058
"""CNR1612439""","""CID1934099""",4.6,4.405237803582049,0.19476210105051894
"""CNR2410400""","""CID3950575""",3.9,4.405237803582049,-0.5052377082146178
"""CNR2236312""","""CID6604017""",4.404214,4.405237803582049,-0.00102389824757676
"""CNR4368563""","""CID6742299""",4.4,4.405237803582049,-0.005237708214617776
"""CNR1949464""","""CID3349774""",4.4021993,4.405237803582049,-0.003038535240984963
"""CNR9837529""","""CID6253226""",4.9,4.405237803582049,0.4947622917853822
"""CNR4183305""","""CID4731645""",4.4042315,4.405237803582049,-0.0010062552727232443
"""CNR1389434""","""CID3383743""",4.3,4.405237803582049,-0.10523761284718613
"""CNR7158243""","""CID1652007""",3.9,4.405237803582049,-0.5052377082146178
"""CNR6574959""","""CID8165217""",4.3,4.405237803582049,-0.10523761284718613
"""CNR5101963""","""CID9118938""",3.8,4.405237803582049,-0.6052378512657652
"""CNR3462568""","""CID2260394""",4.4098225,4.405237803582049,0.004584660407208396
"""CNR8998163""","""CID1795666""",4.4,4.405237803582049,-0.005237708214617776
"""CNR9081921""","""CID7111157""",4.4042315,4.376986083790243,0.027245464519083384
"""CNR2646605""","""CID2365885""",4.7,4.405237803582049,0.2947620056830873
"""CNR4122424""","""CID8478145""",4.6,4.405237803582049,0.19476210105051894
"""CNR5883126""","""CID7295215""",5.0,4.405237803582049,0.5947621964179506
"""CNR3709505""","""CID6137961""",4.404214,4.405237803582049,-0.00102389824757676
"""CNR7634326""","""CID9472411""",4.404214,4.405237803582049,-0.00102389824757676
"""CNR2276514""","""CID4628226""",3.8,4.405237803582049,-0.6052378512657652
"""CNR8542358""","""CID5966482""",4.404214,4.376986083790243,0.02722782154422987
"""CNR8310765""","""CID4771247""",4.9,4.405237803582049,0.4947622917853822
"""CNR7615041""","""CID5711939""",3.9,4.405237803582049,-0.5052377082146178
"""CNR4298215""","""CID2699009""",4.4031615,4.405237803582049,-0.002076277855731057
"""CNR1343233""","""CID1825185""",4.4021993,4.405237803582049,-0.003038535240984963
"""CNR2552247""","""CID7759338""",4.4,4.405237803582049,-0.005237708214617776
"""CNR1377645""","""CID2289729""",4.4042315,4.405237803582049,-0.0010062552727232443
"""CNR3756167""","""CID1717683""",3.0,4.405237803582049,-1.4052378035820494
"""CNR5347159""","""CID7938039""",4.9,4.405237803582049,0.4947622917853822
"""CNR4728758""","""CID1366295""",4.9,4.405237803582049,0.4947622917853822
"""CNR2373361""","""CID9701665""",4.9,4.405237803582049,0.4947622917853822
"""CNR7782082""","""CID4569364""",4.4098225,4.405237803582049,0.004584660407208396
"""CNR7819886""","""CID9221856""",4.6,4.405237803582049,0.19476210105051894
"""CNR2025696""","""CID7881489""",3.7,4.405237803582049,-0.7052377558983336
"""CNR7094453""","""CID4104740""",4.4,4.405237803582049,-0.005237708214617776
"""CNR1429627""","""CID1910689""",4.8,4.405237803582049,0.39476238715281387
"""CNR5634352""","""CID6008610""",4.9,4.405237803582049,0.4947622917853822
"""CNR9659179""","""CID5254219""",4.404214,4.405237803582049,-0.00102389824757676
"""CNR7488009""","""CID4034738""",4.6,4.405237803582049,0.19476210105051894
"""CNR3696866""","""CID7753829""",4.5,4.405237803582049,0.09476219641795058
"""CNR6343690""","""CID3825859""",4.4042315,4.405237803582049,-0.0010062552727232443
"""CNR3749553""","""CID8076824""",4.4021993,4.405237803582049,-0.003038535240984963
"""CNR3019294""","""CID8845396""",4.6,4.376986083790243,0.22301382084232557
"""CNR4447039""","""CID2454145""",4.4098225,4.405237803582049,0.004584660407208396
"""CNR6511482""","""CID2495234""",4.4098225,4.405237803582049,0.004584660407208396
"""CNR5087241""","""CID8206661""",4.6,4.405237803582049,0.19476210105051894
"""CNR1217171""","""CID3010412""",4.4098225,4.405237803582049,0.004584660407208396
"""CNR6671341""","""CID4893988""",5.0,4.405237803582049,0.5947621964179506
"""CNR7266017""","""CID8056294""",4.6,4.405237803582049,0.19476210105051894
"""CNR4486232""","""CID1247047""",4.1,4.405237803582049,-0.30523789894948106
"""CNR6463833""","""CID9039501""",4.8,4.405237803582049,0.39476238715281387
"""CNR7366265""","""CID3491623""",4.4021993,4.405237803582049,-0.003038535240984963
"""CNR8041732""","""CID2517424""",3.9,4.405237803582049,-0.5052377082146178
"""CNR6127702""","""CID6055520""",4.5,4.405237803582049,0.09476219641795058
"""CNR3828689""","""CID4965074""",4.8,4.487649406569887,0.31235078416497597
"""CNR8789617""","""CID8741403""",4.2,4.405237803582049,-0.2052379943169127
"""CNR5972534""","""CID2031239""",4.8,4.405237803582049,0.39476238715281387
"""CNR9964825""","""CID5321006""",4.1,4.405237803582049,-0.30523789894948106
"""CNR1358087""","""CID3276057""",4.9,4.405237803582049,0.4947622917853822
"""CNR6491280""","""CID7240533""",4.3,4.405237803582049,-0.10523761284718613
"""CNR7487748""","""CID3058614""",5.0,4.405237803582049,0.5947621964179506
"""CNR4849131""","""CID3969736""",3.7,4.405237803582049,-0.7052377558983336
"""CNR5838815""","""CID1565986""",4.3,4.405237803582049,-0.10523761284718613
"""CNR6266348""","""CID9112521""",4.2,4.405237803582049,-0.2052379943169127
"""CNR8758029""","""CID6750589""",4.4031615,4.405237803582049,-0.002076277855731057
"""CNR2696293""","""CID5926154""",4.9,4.405237803582049,0.4947622917853822
"""CNR6132875""","""CID5924938""",4.4050717,4.405237803582049,-0.00016606819996933808
"""CNR4337874""","""CID9454717""",3.5,4.405237803582049,-0.9052378035820494
"""CNR5997768""","""CID3555407""",4.4031615,4.405237803582049,-0.002076277855731057
"""CNR4361267""","""CID8765992""",4.9,4.405237803582049,0.4947622917853822
"""CNR7225005""","""CID6816473""",4.405319,4.405237803582049,8.14102851380838e-05
"""CNR6646454""","""CID1903797""",4.404214,4.405237803582049,-0.00102389824757676
"""CNR2017885""","""CID2628639""",4.4098225,4.405237803582049,0.004584660407208396
"""CNR3578876""","""CID8059479""",4.8,4.405237803582049,0.39476238715281387
"""CNR1945139""","""CID5692307""",4.6,4.405237803582049,0.19476210105051894
"""CNR1901778""","""CID7368285""",4.3,4.405237803582049,-0.10523761284718613
"""CNR8011939""","""CID1374148""",4.4098225,4.405237803582049,0.004584660407208396
"""CNR4503783""","""CID3369944""",4.2,4.405237803582049,-0.2052379943169127
"""CNR7829963""","""CID4357579""",4.1,4.405237803582049,-0.30523789894948106
"""CNR2362430""","""CID8003081""",4.4021993,4.405237803582049,-0.003038535240984963
"""CNR6823173""","""CID2709252""",4.3,4.405237803582049,-0.10523761284718613
"""CNR6430498""","""CID8938046""",4.9,4.405237803582049,0.4947622917853822
"""CNR2127186""","""CID9718756""",4.8,4.405237803582049,0.39476238715281387
"""CNR5628033""","""CID9465538""",4.3,4.405237803582049,-0.10523761284718613
"""CNR6579724""","""CID7096475""",4.4021993,4.405237803582049,-0.003038535240984963
"""CNR5963749""","""CID4255053""",4.7,4.405237803582049,0.2947620056830873
"""CNR2485712""","""CID7134278""",5.0,4.405237803582049,0.5947621964179506
"""CNR3987142""","""CID7357988""",4.4031615,4.405237803582049,-0.002076277855731057
"""CNR9690873""","""CID7541678""",4.4021993,4.405237803582049,-0.003038535240984963
"""CNR1926939""","""CID4826526""",4.4042315,4.405237803582049,-0.0010062552727232443
"""CNR7142597""","""CID5783537""",4.4042315,4.405237803582049,-0.0010062552727232443
"""CNR7588759""","""CID3636741""",4.4031615,4.405237803582049,-0.002076277855731057
"""CNR1593167""","""CID7567784""",4.5,4.487649406569887,0.012350593430112689
"""CNR5525922""","""CID5939968""",3.2,4.405237803582049,-1.2052377558983336
"""CNR3717260""","""CID2138900""",4.4021993,4.405237803582049,-0.003038535240984963
"""CNR9758664""","""CID5568609""",3.9,4.405237803582049,-0.5052377082146178
"""CNR1202023""","""CID8591013""",4.4042315,4.405237803582049,-0.0010062552727232443
"""CNR6884024""","""CID5536707""",4.5,4.405237803582049,0.09476219641795058
"""CNR1656278""","""CID1904891""",5.0,4.405237803582049,0.5947621964179506
"""CNR3502383""","""CID7809673""",4.0,4.405237803582049,-0.4052378035820494
"""CNR3025274""","""CID5713950""",4.4042315,4.405237803582049,-0.0010062552727232443
"""CNR1389512""","""CID3229545""",4.4021993,4.405237803582049,-0.003038535240984963
"""CNR6647107""","""CID7253416""",4.4021993,4.405237803582049,-0.003038535240984963
"""CNR7566558""","""CID6273222""",4.405319,4.405237803582049,8.14102851380838e-05
"""CNR3187350""","""CID1754600""",4.404214,4.405237803582049,-0.00102389824757676
"""CNR6172319""","""CID8046743""",5.0,4.405237803582049,0.5947621964179506
"""CNR9722862""","""CID1536168""",4.9,4.405237803582049,0.4947622917853822
"""CNR5265066""","""CID7344497""",4.3,4.405237803582049,-0.10523761284718613
"""CNR1079784""","""CID1457114""",4.4021993,4.405237803582049,-0.003038535240984963
"""CNR1703324""","""CID7746910""",4.4021993,4.405237803582049,-0.003038535240984963
"""CNR9276461""","""CID7285747""",3.8,4.405237803582049,-0.6052378512657652
"""CNR5546010""","""CID1952436""",3.9,4.405237803582049,-0.5052377082146178
"""CNR3278899""","""CID3184501""",4.4021993,4.405237803582049,-0.003038535240984963
"""CNR9186625""","""CID6283897""",4.2,4.405237803582049,-0.2052379943169127
"""CNR5309162""","""CID2696359""",4.404214,4.405237803582049,-0.00102389824757676
"""CNR2912103""","""CID1332888""",4.1,4.405237803582049,-0.30523789894948106
"""CNR2825677""","""CID6423671""",4.4098225,4.405237803582049,0.004584660407208396
"""CNR9560697""","""CID4411409""",4.404214,4.405237803582049,-0.00102389824757676
"""CNR3998978""","""CID3796214""",4.4021993,4.405237803582049,-0.003038535240984963
"""CNR5106816""","""CID6453786""",4.4031615,4.405237803582049,-0.002076277855731057
"""CNR2200431""","""CID9342087""",4.3,4.405237803582049,-0.10523761284718613
"""CNR2252280""","""CID4711356""",4.3,4.405237803582049,-0.10523761284718613
"""CNR1942548""","""CID2229147""",4.9,4.405237803582049,0.4947622917853822
"""CNR3596427""","""CID1282192""",4.4,4.405237803582049,-0.005237708214617776
"""CNR5256547""","""CID5055908""",4.3,4.405237803582049,-0.10523761284718613
"""CNR5348442""","""CID7988143""",4.4098225,4.405237803582049,0.004584660407208396
"""CNR9603093""","""CID2037100""",4.405319,4.405237803582049,8.14102851380838e-05
"""CNR1241163""","""CID4379858""",4.6,4.405237803582049,0.19476210105051894
"""CNR4462734""","""CID7317850""",4.2,4.405237803582049,-0.2052379943169127
"""CNR2909335""","""CID6885111""",4.4021993,4.405237803582049,-0.003038535240984963
"""CNR6378015""","""CID4806829""",4.1,4.405237803582049,-0.30523789894948106
"""CNR7086326""","""CID8761128""",3.7,4.405237803582049,-0.7052377558983336
"""CNR3388746""","""CID2101889""",4.4021993,4.405237803582049,-0.003038535240984963
"""CNR7801282""","""CID2324837""",4.4098225,4.405237803582049,0.004584660407208396
"""CNR3337416""","""CID5469492""",4.6,4.405237803582049,0.19476210105051894
"""CNR9371805""","""CID7057071""",3.6,4.405237803582049,-0.8052378989494811
"""CNR5986358""","""CID8600561""",5.0,4.405237803582049,0.5947621964179506
"""CNR1247712""","""CID1763965""",4.8,4.405237803582049,0.39476238715281387
"""CNR7961553""","""CID5364921""",4.9,4.405237803582049,0.4947622917853822
"""CNR6579901""","""CID4836981""",4.7,4.405237803582049,0.2947620056830873
"""CNR7986321""","""CID6371168""",4.405319,4.405237803582049,8.14102851380838e-05
"""CNR6356106""","""CID6991437""",4.1,4.405237803582049,-0.30523789894948106
"""CNR3487779""","""CID2458384""",4.4021993,4.405237803582049,-0.003038535240984963
"""CNR2464975""","""CID6744181""",4.2,4.405237803582049,-0.2052379943169127
"""CNR1937914""","""CID8411058""",4.4021993,4.405237803582049,-0.003038535240984963
"""CNR3516185""","""CID4917065""",4.6,4.405237803582049,0.19476210105051894
"""CNR5032625""","""CID7393146""",4.4031615,4.405237803582049,-0.002076277855731057
"""CNR8483380""","""CID6234925""",4.1,4.405237803582049,-0.30523789894948106
"""CNR4996976""","""CID7080001""",4.4031615,4.405237803582049,-0.002076277855731057
"""CNR5213183""","""CID6002489""",4.4021993,4.405237803582049,-0.003038535240984963
"""CNR5323974""","""CID9909305""",3.1,4.405237803582049,-1.305237898949481
"""CNR8175456""","""CID8964447""",4.1,4.405237803582049,-0.30523789894948106
"""CNR2484942""","""CID4717793""",4.9,4.405237803582049,0.4947622917853822
"""CNR5455728""","""CID8921565""",4.4050717,4.405237803582049,-0.00016606819996933808
"""CNR7539007""","""CID9669640""",4.3,4.405237803582049,-0.10523761284718613
"""CNR4375493""","""CID9641957""",4.3,4.405237803582049,-0.10523761284718613
"""CNR9962169""","""CID4722676""",4.5,4.405237803582049,0.09476219641795058
"""CNR4975228""","""CID1496472""",4.4021993,4.405237803582049,-0.003038535240984963
"""CNR8922976""","""CID1609299""",4.4042315,4.405237803582049,-0.0010062552727232443
"""CNR8425410""","""CID1316581""",4.6,4.405237803582049,0.19476210105051894
"""CNR5286223""","""CID6056647""",4.4,4.405237803582049,-0.005237708214617776
"""CNR6771386""","""CID7704094""",4.3,4.405237803582049,-0.10523761284718613
"""CNR3060235""","""CID8858811""",4.8,4.405237803582049,0.39476238715281387
"""CNR8129845""","""CID6771830""",4.404214,4.405237803582049,-0.00102389824757676
"""CNR1047828""","""CID9874175""",4.404214,4.405237803582049,-0.00102389824757676
"""CNR6649469""","""CID4945548""",4.4042315,4.405237803582049,-0.0010062552727232443
"""CNR3569873""","""CID7235593""",4.4098225,4.405237803582049,0.004584660407208396
"""CNR4637339""","""CID2064465""",4.4031615,4.405237803582049,-0.002076277855731057
"""CNR6087730""","""CID8869880""",4.4031615,4.405237803582049,-0.002076277855731057
"""CNR7499207""","""CID2950111""",4.9,4.405237803582049,0.4947622917853822
"""CNR2983284""","""CID1474232""",4.5,4.405237803582049,0.09476219641795058
"""CNR1801852""","""CID6846335""",4.3,4.405237803582049,-0.10523761284718613
"""CNR1215825""","""CID8647115""",4.7,4.405237803582049,0.2947620056830873
"""CNR6434752""","""CID1856758""",4.4021993,4.405237803582049,-0.003038535240984963
"""CNR7807237""","""CID6330393""",4.3,4.405237803582049,-0.10523761284718613
"""CNR5218755""","""CID5371963""",4.3,4.405237803582049,-0.10523761284718613
"""CNR6895702""","""CID7863257""",4.6,4.405237803582049,0.19476210105051894
"""CNR5507665""","""CID2613253""",3.8,4.405237803582049,-0.6052378512657652
"""CNR2201608""","""CID4345046""",4.4042315,4.405237803582049,-0.0010062552727232443
"""CNR3456097""","""CID9507132""",4.6,4.405237803582049,0.19476210105051894
"""CNR9390382""","""CID6946614""",4.405319,4.405237803582049,8.14102851380838e-05
"""CNR6141478""","""CID5581456""",4.4042315,4.405237803582049,-0.0010062552727232443
"""CNR2788431""","""CID6204024""",4.3,4.405237803582049,-0.10523761284718613
"""CNR3895451""","""CID8385014""",4.9,4.376986083790243,0.5230140115771889
"""CNR5305822""","""CID2692762""",4.4042315,4.405237803582049,-0.0010062552727232443
"""CNR9701828""","""CID7115831""",4.2,4.405237803582049,-0.2052379943169127
"""CNR6666546""","""CID3647094""",4.8,4.405237803582049,0.39476238715281387
"""CNR6742325""","""CID1286793""",4.4098225,4.405237803582049,0.004584660407208396
"""CNR3300848""","""CID6151068""",4.4050717,4.405237803582049,-0.00016606819996933808
"""CNR5715253""","""CID8885618""",4.4021993,4.405237803582049,-0.003038535240984963
"""CNR9603546""","""CID7634676""",4.405319,4.405237803582049,8.14102851380838e-05
"""CNR6445611""","""CID9835585""",4.7,4.405237803582049,0.2947620056830873
"""CNR6409924""","""CID1844073""",4.4031615,4.405237803582049,-0.002076277855731057
"""CNR7359338""","""CID1057676""",4.2,4.405237803582049,-0.2052379943169127
"""CNR1343683""","""CID6577346""",4.1,4.405237803582049,-0.30523789894948106
"""CNR7460825""","""CID5341648""",4.4021993,4.405237803582049,-0.003038535240984963
"""CNR7994321""","""CID2553688""",4.7,4.487649406569887,0.2123504026952494
"""CNR9011742""","""CID8889466""",4.2,4.405237803582049,-0.2052379943169127
"""CNR8109568""","""CID2996389""",3.9,4.405237803582049,-0.5052377082146178
"""CNR9663114""","""CID1264110""",4.4031615,4.405237803582049,-0.002076277855731057
"""CNR9788825""","""CID1744131""",4.8,4.405237803582049,0.39476238715281387
"""CNR1923509""","""CID6267154""",4.2,4.405237803582049,-0.2052379943169127
"""CNR6214968""","""CID7549203""",4.2,4.405237803582049,-0.2052379943169127
"""CNR2936148""","""CID7455581""",4.3,4.405237803582049,-0.10523761284718613
"""CNR1889328""","""CID3754111""",4.4021993,4.405237803582049,-0.003038535240984963
"""CNR8058610""","""CID7874675""",4.6,4.405237803582049,0.19476210105051894
"""CNR6752518""","""CID8216903""",4.4021993,4.405237803582049,-0.003038535240984963
"""CNR9605041""","""CID1572253""",4.6,4.405237803582049,0.19476210105051894
"""CNR8487648""","""CID5090551""",4.7,4.405237803582049,0.2947620056830873
"""CNR2359101""","""CID4179908""",4.8,4.405237803582049,0.39476238715281387
"""CNR6772398""","""CID5443023""",4.8,4.405237803582049,0.39476238715281387
"""CNR1322618""","""CID6120342""",4.4,4.405237803582049,-0.005237708214617776
"""CNR4368661""","""CID3425460""",4.2,4.405237803582049,-0.2052379943169127
"""CNR4648603""","""CID9276216""",4.4098225,4.405237803582049,0.004584660407208396
"""CNR7867337""","""CID8924512""",4.9,4.405237803582049,0.4947622917853822
"""CNR7640016""","""CID2797705""",4.5,4.405237803582049,0.09476219641795058
"""CNR7001030""","""CID9991767""",4.1,4.405237803582049,-0.30523789894948106
"""CNR2931635""","""CID5955068""",3.8,4.405237803582049,-0.6052378512657652
"""CNR9523460""","""CID2466194""",4.4098225,4.405237803582049,0.004584660407208396
"""CNR8129409""","""CID3329487""",4.4098225,4.405237803582049,0.004584660407208396
"""CNR1456229""","""CID5214072""",4.1,4.405237803582049,-0.30523789894948106
"""CNR9183336""","""CID4247601""",4.6,4.405237803582049,0.19476210105051894
"""CNR1788956""","""CID7871191""",4.9,4.405237803582049,0.4947622917853822
"""CNR6051596""","""CID5858040""",4.9,4.405237803582049,0.4947622917853822
"""CNR7638421""","""CID5431967""",4.3,4.405237803582049,-0.10523761284718613
"""CNR6729644""","""CID2749772""",4.2,4.405237803582049,-0.2052379943169127
"""CNR9478485""","""CID7463940""",4.6,4.405237803582049,0.19476210105051894
"""CNR2074318""","""CID2501774""",4.4031615,4.405237803582049,-0.002076277855731057
"""CNR3954278""","""CID6981368""",4.8,4.405237803582049,0.39476238715281387
"""CNR9963339""","""CID6692875""",5.0,4.405237803582049,0.5947621964179506
"""CNR2521119""","""CID6325592""",4.7,4.376986083790243,0.32301372547489393
"""CNR5957086""","""CID5512529""",5.0,4.405237803582049,0.5947621964179506
"""CNR2956091""","""CID3239752""",4.3,4.405237803582049,-0.10523761284718613
"""CNR7320845""","""CID7709721""",4.6,4.405237803582049,0.19476210105051894
"""CNR8157027""","""CID6305276""",4.1,4.405237803582049,-0.30523789894948106
"""CNR4949688""","""CID6598315""",4.4042315,4.376986083790243,0.027245464519083384
"""CNR2283785""","""CID4281184""",4.4042315,4.405237803582049,-0.0010062552727232443
"""CNR7794457""","""CID5799673""",4.4042315,4.405237803582049,-0.0010062552727232443
"""CNR6178259""","""CID4953072""",4.4050717,4.405237803582049,-0.00016606819996933808
"""CNR6973232""","""CID8495031""",4.9,4.405237803582049,0.4947622917853822
"""CNR4713570""","""CID8595830""",4.5,4.405237803582049,0.09476219641795058
"""CNR7327945""","""CID8864973""",4.5,4.405237803582049,0.09476219641795058
"""CNR9805568""","""CID3784144""",4.8,4.405237803582049,0.39476238715281387
"""CNR3559131""","""CID7232010""",4.4042315,4.405237803582049,-0.0010062552727232443
"""CNR6984222""","""CID6361049""",4.6,4.405237803582049,0.19476210105051894
"""CNR9285745""","""CID4256662""",4.5,4.405237803582049,0.09476219641795058
"""CNR6669483""","""CID1822709""",4.7,4.405237803582049,0.2947620056830873
"""CNR4238002""","""CID6776646""",4.5,4.405237803582049,0.09476219641795058
"""CNR6389927""","""CID9919109""",4.404214,4.376986083790243,0.02722782154422987
"""CNR6821528""","""CID2424401""",4.4042315,4.405237803582049,-0.0010062552727232443
"""CNR1710614""","""CID7834069""",4.0,4.376986083790243,-0.3769860837902428
"""CNR4281861""","""CID3533006""",4.9,4.405237803582049,0.4947622917853822
"""CNR4409596""","""CID1491605""",4.9,4.405237803582049,0.4947622917853822
"""CNR4454169""","""CID6949124""",4.2,4.405237803582049,-0.2052379943169127
"""CNR2232001""","""CID4009681""",4.2,4.405237803582049,-0.2052379943169127
"""CNR3543893""","""CID2741858""",4.4021993,4.405237803582049,-0.003038535240984963
"""CNR2677882""","""CID5610771""",4.4098225,4.405237803582049,0.004584660407208396
"""CNR4792982""","""CID9106070""",4.9,4.405237803582049,0.4947622917853822
"""CNR5732405""","""CID6788857""",4.3,4.405237803582049,-0.10523761284718613
"""CNR2741467""","""CID5243272""",4.4031615,4.376986083790243,0.026175441936075572
"""CNR5449621""","""CID3273552""",4.5,4.405237803582049,0.09476219641795058
"""CNR1670772""","""CID7888601""",4.4042315,4.376986083790243,0.027245464519083384
"""CNR2602268""","""CID6481940""",4.7,4.405237803582049,0.2947620056830873
"""CNR5666052""","""CID7419047""",4.3,4.405237803582049,-0.10523761284718613
"""CNR4883142""","""CID4048775""",3.4,4.405237803582049,-1.0052377082146178
"""CNR8384111""","""CID3136531""",4.5,4.376986083790243,0.12301391620975721
"""CNR2214032""","""CID9934856""",4.405319,4.405237803582049,8.14102851380838e-05
"""CNR2888732""","""CID1573750""",4.4042315,4.405237803582049,-0.0010062552727232443
"""CNR8261474""","""CID7237221""",4.4031615,4.405237803582049,-0.002076277855731057
"""CNR8648823""","""CID7280836""",4.8,4.405237803582049,0.39476238715281387
"""CNR4839761""","""CID5783623""",4.4,4.405237803582049,-0.005237708214617776
"""CNR4370032""","""CID8192438""",4.4042315,4.405237803582049,-0.0010062552727232443
"""CNR8377864""","""CID6825721""",4.404214,4.405237803582049,-0.00102389824757676
"""CNR6822426""","""CID6932218""",4.4042315,4.405237803582049,-0.0010062552727232443
"""CNR7746241""","""CID6429715""",4.405319,4.405237803582049,8.14102851380838e-05
"""CNR5221453""","""CID3537376""",4.404214,4.405237803582049,-0.00102389824757676
"""CNR3647318""","""CID3316188""",4.2,4.405237803582049,-0.2052379943169127
"""CNR1928665""","""CID3625244""",4.4042315,4.405237803582049,-0.0010062552727232443
"""CNR3026027""","""CID6107164""",4.6,4.405237803582049,0.19476210105051894
"""CNR8746289""","""CID1622203""",4.6,4.405237803582049,0.19476210105051894
"""CNR8293619""","""CID5234419""",4.4021993,4.405237803582049,-0.003038535240984963
"""CNR4634398""","""CID6508131""",4.3,4.405237803582049,-0.10523761284718613
"""CNR1369962""","""CID2782405""",4.4042315,4.405237803582049,-0.0010062552727232443
"""CNR6293065""","""CID3854833""",4.9,4.405237803582049,0.4947622917853822
"""CNR5159897""","""CID7457520""",4.9,4.405237803582049,0.4947622917853822
"""CNR9824373""","""CID7411443""",4.4098225,4.405237803582049,0.004584660407208396
"""CNR4434532""","""CID4842682""",4.4,4.405237803582049,-0.005237708214617776
"""CNR3988622""","""CID3974055""",4.2,4.405237803582049,-0.2052379943169127
"""CNR4275604""","""CID2101598""",4.405319,4.405237803582049,8.14102851380838e-05
"""CNR8959209""","""CID4006376""",4.9,4.405237803582049,0.4947622917853822
"""CNR6308975""","""CID8890014""",4.3,4.405237803582049,-0.10523761284718613
"""CNR1425273""","""CID5498536""",4.4,4.405237803582049,-0.005237708214617776
"""CNR2498058""","""CID9040801""",4.4042315,4.405237803582049,-0.0010062552727232443
"""CNR7956209""","""CID8778906""",4.4031615,4.405237803582049,-0.002076277855731057
"""CNR6378112""","""CID5153763""",5.0,4.405237803582049,0.5947621964179506
"""CNR9216080""","""CID5294390""",4.7,4.405237803582049,0.2947620056830873
"""CNR8842234""","""CID5811291""",4.4,4.405237803582049,-0.005237708214617776
"""CNR9602163""","""CID2884248""",4.1,4.405237803582049,-0.30523789894948106
"""CNR6766032""","""CID1937819""",4.5,4.405237803582049,0.09476219641795058
"""CNR1021662""","""CID5822165""",4.4031615,4.405237803582049,-0.002076277855731057
"""CNR3154395""","""CID2940610""",4.4021993,4.405237803582049,-0.003038535240984963
"""CNR7792685""","""CID5690234""",4.2,4.376986083790243,-0.17698627452510607
"""CNR8378439""","""CID1685385""",5.0,4.405237803582049,0.5947621964179506
"""CNR6294276""","""CID9416351""",4.4042315,4.405237803582049,-0.0010062552727232443
"""CNR1270915""","""CID1952883""",4.4098225,4.405237803582049,0.004584660407208396
"""CNR1731251""","""CID9463181""",4.9,4.405237803582049,0.4947622917853822
"""CNR5177802""","""CID9876126""",4.4021993,4.405237803582049,-0.003038535240984963
"""CNR7796758""","""CID9634403""",4.405319,4.376986083790243,0.028333130076944713
"""CNR7387177""","""CID4214765""",4.9,4.405237803582049,0.4947622917853822
"""CNR1710460""","""CID4658453""",4.3,4.405237803582049,-0.10523761284718613
"""CNR5977147""","""CID2075757""",3.6,4.405237803582049,-0.8052378989494811
"""CNR9359877""","""CID5125295""",4.8,4.405237803582049,0.39476238715281387
"""CNR6003259""","""CID9493011""",4.9,4.405237803582049,0.4947622917853822
"""CNR4504016""","""CID8178293""",4.1,4.405237803582049,-0.30523789894948106
"""CNR1741889""","""CID8903850""",4.4042315,4.405237803582049,-0.0010062552727232443
"""CNR9714348""","""CID9649514""",4.9,4.405237803582049,0.4947622917853822
"""CNR9266152""","""CID3345406""",4.4,4.405237803582049,-0.005237708214617776
"""CNR2083292""","""CID7264674""",4.0,4.405237803582049,-0.4052378035820494
"""CNR8091549""","""CID4351999""",4.9,4.405237803582049,0.4947622917853822
"""CNR1595113""","""CID1416343""",4.404214,4.405237803582049,-0.00102389824757676
"""CNR7659713""","""CID6446626""",5.0,4.405237803582049,0.5947621964179506
"""CNR2903331""","""CID5699081""",4.4098225,4.405237803582049,0.004584660407208396
"""CNR6308177""","""CID6797938""",4.4042315,4.405237803582049,-0.0010062552727232443
"""CNR7777415""","""CID1026129""",4.9,4.405237803582049,0.4947622917853822
"""CNR8369844""","""CID9149144""",4.9,4.405237803582049,0.4947622917853822
"""CNR8136379""","""CID1612453""",4.404214,4.405237803582049,-0.00102389824757676
"""CNR3929566""","""CID6429163""",4.3,4.405237803582049,-0.10523761284718613
"""CNR5564845""","""CID8925513""",4.4021993,4.405237803582049,-0.003038535240984963
"""CNR7316336""","""CID6653497""",4.4042315,4.405237803582049,-0.0010062552727232443
"""CNR4493957""","""CID2436097""",4.404214,4.405237803582049,-0.00102389824757676
"""CNR6455417""","""CID1148229""",4.2,4.405237803582049,-0.2052379943169127
"""CNR1259149""","""CID2855356""",5.0,4.405237803582049,0.5947621964179506
"""CNR4410125""","""CID1482166""",4.4098225,4.405237803582049,0.004584660407208396
"""CNR2218083""","""CID4875617""",4.6,4.405237803582049,0.19476210105051894
"""CNR9617886""","""CID9551230""",4.9,4.376986083790243,0.5230140115771889
"""CNR4367697""","""CID6748246""",4.4098225,4.405237803582049,0.004584660407208396
"""CNR6732312""","""CID7454759""",4.4,4.405237803582049,-0.005237708214617776
"""CNR1702032""","""CID9795545""",4.4098225,4.405237803582049,0.004584660407208396
"""CNR6850926""","""CID1606531""",4.3,4.405237803582049,-0.10523761284718613
"""CNR5351962""","""CID7079582""",4.4098225,4.405237803582049,0.004584660407208396
"""CNR2396032""","""CID6905689""",4.4021993,4.405237803582049,-0.003038535240984963
"""CNR2316760""","""CID2327548""",4.5,4.405237803582049,0.09476219641795058
"""CNR2135855""","""CID5964669""",4.2,4.405237803582049,-0.2052379943169127
"""CNR2046168""","""CID8237885""",4.8,4.376986083790243,0.4230141069446205
"""CNR5024037""","""CID9281756""",4.4021993,4.405237803582049,-0.003038535240984963
"""CNR8093466""","""CID3000595""",4.5,4.405237803582049,0.09476219641795058
"""CNR8491839""","""CID3374694""",4.7,4.405237803582049,0.2947620056830873
"""CNR5652511""","""CID9610524""",3.8,4.376986083790243,-0.5769861314739586
"""CNR2491118""","""CID2203753""",4.4021993,4.405237803582049,-0.003038535240984963
"""CNR3978979""","""CID3233856""",4.404214,4.405237803582049,-0.00102389824757676
"""CNR1668436""","""CID9450454""",4.404214,4.405237803582049,-0.00102389824757676
"""CNR2765972""","""CID3243808""",4.4031615,4.405237803582049,-0.002076277855731057
"""CNR7190811""","""CID1862437""",4.3,4.405237803582049,-0.10523761284718613
"""CNR4963749""","""CID5581070""",4.2,4.405237803582049,-0.2052379943169127
"""CNR4738608""","""CID7493228""",4.5,4.405237803582049,0.09476219641795058
"""CNR9392863""","""CID8771621""",4.9,4.405237803582049,0.4947622917853822
"""CNR5150329""","""CID5431569""",4.3,4.405237803582049,-0.10523761284718613
"""CNR6725726""","""CID8068129""",4.4042315,4.405237803582049,-0.0010062552727232443
"""CNR9940299""","""CID7097484""",4.8,4.405237803582049,0.39476238715281387
"""CNR3489130""","""CID5448093""",4.1,4.405237803582049,-0.30523789894948106
"""CNR4349308""","""CID2440447""",4.3,4.487649406569887,-0.18764921583502403
"""CNR7960099""","""CID6390397""",4.4021993,4.405237803582049,-0.003038535240984963
"""CNR7807991""","""CID6220241""",4.4098225,4.405237803582049,0.004584660407208396
"""CNR3036200""","""CID2630213""",4.9,4.405237803582049,0.4947622917853822
"""CNR2680467""","""CID2325766""",4.4,4.405237803582049,-0.005237708214617776
"""CNR8396244""","""CID8334522""",4.9,4.405237803582049,0.4947622917853822
"""CNR3913302""","""CID4690196""",4.3,4.405237803582049,-0.10523761284718613
"""CNR6092516""","""CID4363936""",3.0,4.405237803582049,-1.4052378035820494
"""CNR9965366""","""CID2106484""",3.6,4.405237803582049,-0.8052378989494811
"""CNR4556534""","""CID4389255""",4.3,4.405237803582049,-0.10523761284718613
"""CNR1069372""","""CID7591541""",4.6,4.405237803582049,0.19476210105051894
"""CNR2501695""","""CID8291593""",4.2,4.405237803582049,-0.2052379943169127
"""CNR1490414""","""CID2523720""",4.4042315,4.405237803582049,-0.0010062552727232443
"""CNR2158337""","""CID5586111""",4.8,4.405237803582049,0.39476238715281387
"""CNR3600076""","""CID3917805""",4.8,4.405237803582049,0.39476238715281387
"""CNR2614390""","""CID9060969""",4.9,4.405237803582049,0.4947622917853822
"""CNR1040715""","""CID2124612""",4.4021993,4.405237803582049,-0.003038535240984963
"""CNR6952011""","""CID8623985""",4.5,4.405237803582049,0.09476219641795058
"""CNR8483597""","""CID9955843""",5.0,4.376986083790243,0.6230139162097572
"""CNR3758963""","""CID2328591""",4.6,4.405237803582049,0.19476210105051894
"""CNR2778460""","""CID4484161""",4.6,4.405237803582049,0.19476210105051894
"""CNR8924781""","""CID2910291""",4.4098225,4.405237803582049,0.004584660407208396
"""CNR9058814""","""CID3695331""",4.1,4.405237803582049,-0.30523789894948106
"""CNR7791389""","""CID6206999""",4.3,4.405237803582049,-0.10523761284718613
"""CNR9304412""","""CID7800467""",4.4021993,4.405237803582049,-0.003038535240984963
"""CNR7479235""","""CID3152555""",4.2,4.405237803582049,-0.2052379943169127
"""CNR2325265""","""CID4497273""",4.4031615,4.405237803582049,-0.002076277855731057
"""CNR4442800""","""CID4399576""",4.4098225,4.405237803582049,0.004584660407208396
"""CNR3461554""","""CID1987213""",3.8,4.405237803582049,-0.6052378512657652
"""CNR2744246""","""CID6430070""",4.6,4.405237803582049,0.19476210105051894
"""CNR5102545""","""CID1586892""",4.9,4.405237803582049,0.4947622917853822
"""CNR7836733""","""CID9658724""",4.7,4.405237803582049,0.2947620056830873
"""CNR5530015""","""CID5056425""",4.5,4.405237803582049,0.09476219641795058
"""CNR8125268""","""CID3843320""",4.8,4.405237803582049,0.39476238715281387
"""CNR3632458""","""CID7910169""",4.4042315,4.405237803582049,-0.0010062552727232443
"""CNR9812846""","""CID6441621""",4.2,4.376986083790243,-0.17698627452510607
"""CNR1905391""","""CID6683219""",4.6,4.405237803582049,0.19476210105051894
"""CNR7023257""","""CID4495620""",4.7,4.405237803582049,0.2947620056830873
"""CNR3781611""","""CID2363463""",4.9,4.405237803582049,0.4947622917853822
"""CNR4323113""","""CID1979267""",3.0,4.405237803582049,-1.4052378035820494
"""CNR4380363""","""CID3049302""",4.5,4.405237803582049,0.09476219641795058
"""CNR9138634""","""CID4654687""",4.4042315,4.405237803582049,-0.0010062552727232443
"""CNR5221514""","""CID7217188""",4.405319,4.405237803582049,8.14102851380838e-05
"""CNR2667744""","""CID3806754""",4.3,4.405237803582049,-0.10523761284718613
"""CNR7023640""","""CID7159737""",3.1,4.405237803582049,-1.305237898949481
"""CNR1054679""","""CID5023134""",4.4042315,4.405237803582049,-0.0010062552727232443
"""CNR5342352""","""CID2187794""",4.4021993,4.405237803582049,-0.003038535240984963
"""CNR4701870""","""CID9695906""",4.1,4.405237803582049,-0.30523789894948106
"""CNR2564084""","""CID5379731""",5.0,4.405237803582049,0.5947621964179506
"""CNR1779021""","""CID9963890""",4.4,4.405237803582049,-0.005237708214617776
"""CNR4398994""","""CID3569453""",4.4098225,4.405237803582049,0.004584660407208396
"""CNR1640934""","""CID6709797""",4.4031615,4.405237803582049,-0.002076277855731057
"""CNR4083666""","""CID4598475""",4.9,4.376986083790243,0.5230140115771889
"""CNR4363143""","""CID7456668""",4.7,4.405237803582049,0.2947620056830873
"""CNR7665163""","""CID3867105""",5.0,4.405237803582049,0.5947621964179506
"""CNR2360638""","""CID1027084""",4.405319,4.405237803582049,8.14102851380838e-05
"""CNR5574043""","""CID1027331""",4.2,4.405237803582049,-0.2052379943169127
"""CNR9440529""","""CID2502960""",4.9,4.405237803582049,0.4947622917853822
"""CNR4973920""","""CID4726001""",4.5,4.405237803582049,0.09476219641795058
"""CNR1813329""","""CID8404162""",4.4098225,4.405237803582049,0.004584660407208396
"""CNR1795643""","""CID4570862""",4.405319,4.405237803582049,8.14102851380838e-05
"""CNR8609976""","""CID8550251""",4.9,4.405237803582049,0.4947622917853822
"""CNR9633122""","""CID4201724""",3.7,4.405237803582049,-0.7052377558983336
"""CNR8807318""","""CID5733950""",4.3,4.405237803582049,-0.10523761284718613
"""CNR8022822""","""CID3517000""",4.4031615,4.405237803582049,-0.002076277855731057
"""CNR6169624""","""CID4126484""",4.4,4.405237803582049,-0.005237708214617776
"""CNR9611896""","""CID9458063""",4.9,4.405237803582049,0.4947622917853822
"""CNR2405223""","""CID3233857""",4.9,4.405237803582049,0.4947622917853822
"""CNR1065451""","""CID7287663""",4.8,4.405237803582049,0.39476238715281387
"""CNR3010477""","""CID1127654""",3.9,4.405237803582049,-0.5052377082146178
"""CNR1369701""","""CID5329098""",4.9,4.405237803582049,0.4947622917853822
"""CNR1925683""","""CID6226445""",3.7,4.405237803582049,-0.7052377558983336
"""CNR2327616""","""CID7377755""",3.9,4.405237803582049,-0.5052377082146178
"""CNR8009795""","""CID1197632""",3.0,4.405237803582049,-1.4052378035820494
"""CNR3780345""","""CID8008377""",4.8,4.405237803582049,0.39476238715281387
"""CNR4508803""","""CID2285797""",4.4098225,4.405237803582049,0.004584660407208396
"""CNR9578634""","""CID2005560""",5.0,4.405237803582049,0.5947621964179506
"""CNR7674975""","""CID5907827""",4.4098225,4.405237803582049,0.004584660407208396
"""CNR9985247""","""CID6475765""",4.4042315,4.405237803582049,-0.0010062552727232443
"""CNR6976719""","""CID3886621""",4.4021993,4.405237803582049,-0.003038535240984963
"""CNR9982741""","""CID9165425""",4.8,4.405237803582049,0.39476238715281387
"""CNR3799359""","""CID4276264""",4.4098225,4.405237803582049,0.004584660407208396
"""CNR4898919""","""CID7310961""",3.4,4.405237803582049,-1.0052377082146178
"""CNR2225420""","""CID1405431""",4.6,4.405237803582049,0.19476210105051894
"""CNR1693630""","""CID9673972""",4.4031615,4.405237803582049,-0.002076277855731057
"""CNR7042353""","""CID5477292""",4.7,4.405237803582049,0.2947620056830873
"""CNR7087043""","""CID8732338""",4.4098225,4.405237803582049,0.004584660407208396
"""CNR9700935""","""CID5030282""",4.4042315,4.405237803582049,-0.0010062552727232443
"""CNR1599918""","""CID5066662""",4.1,4.405237803582049,-0.30523789894948106
"""CNR3943825""","""CID6273960""",4.404214,4.405237803582049,-0.00102389824757676
"""CNR6386298""","""CID2662704""",4.2,4.405237803582049,-0.2052379943169127
"""CNR2101517""","""CID7015478""",4.4098225,4.405237803582049,0.004584660407208396
"""CNR9149774""","""CID4875576""",4.8,4.405237803582049,0.39476238715281387
"""CNR7725243""","""CID7702459""",4.4042315,4.405237803582049,-0.0010062552727232443
"""CNR7306430""","""CID1894605""",4.4021993,4.405237803582049,-0.003038535240984963
"""CNR6668108""","""CID2669503""",3.9,4.405237803582049,-0.5052377082146178
"""CNR2902534""","""CID9459675""",4.4042315,4.405237803582049,-0.0010062552727232443
"""CNR8422011""","""CID6819193""",4.9,4.405237803582049,0.4947622917853822
"""CNR9917548""","""CID3190620""",4.2,4.405237803582049,-0.2052379943169127
"""CNR1040755""","""CID1833399""",4.5,4.405237803582049,0.09476219641795058
"""CNR2384893""","""CID7019228""",4.4021993,4.405237803582049,-0.003038535240984963
"""CNR1607889""","""CID7989433""",4.4021993,4.405237803582049,-0.003038535240984963
"""CNR2482251""","""CID1712058""",4.1,4.405237803582049,-0.30523789894948106
"""CNR8070811""","""CID9012207""",4.6,4.405237803582049,0.19476210105051894
"""CNR2978751""","""CID5569827""",4.4,4.405237803582049,-0.005237708214617776
"""CNR8016618""","""CID2235514""",4.4021993,4.405237803582049,-0.003038535240984963
"""CNR7843319""","""CID4308639""",4.404214,4.405237803582049,-0.00102389824757676
"""CNR8241154""","""CID3660355""",4.5,4.405237803582049,0.09476219641795058
"""CNR7055544""","""CID6538283""",4.6,4.405237803582049,0.19476210105051894
"""CNR2304697""","""CID7772177""",5.0,4.405237803582049,0.5947621964179506
"""CNR1154403""","""CID5397060""",4.4021993,4.405237803582049,-0.003038535240984963
"""CNR1818092""","""CID6660088""",4.404214,4.405237803582049,-0.00102389824757676
"""CNR6785751""","""CID9577024""",4.8,4.405237803582049,0.39476238715281387
"""CNR5068362""","""CID3789404""",3.3,4.405237803582049,-1.1052378512657652
"""CNR7434249""","""CID5540386""",5.0,4.405237803582049,0.5947621964179506
"""CNR6126366""","""CID6148288""",4.4021993,4.405237803582049,-0.003038535240984963
"""CNR8888122""","""CID9188838""",4.6,4.405237803582049,0.19476210105051894
"""CNR5140726""","""CID3778794""",4.4098225,4.405237803582049,0.004584660407208396
"""CNR6166293""","""CID2679075""",4.6,4.405237803582049,0.19476210105051894
"""CNR3506630""","""CID8920095""",4.4021993,4.405237803582049,-0.003038535240984963
"""CNR2349736""","""CID3087826""",4.3,4.405237803582049,-0.10523761284718613
"""CNR7256352""","""CID5292951""",4.2,4.405237803582049,-0.2052379943169127
"""CNR7300640""","""CID1107022""",5.0,4.405237803582049,0.5947621964179506
"""CNR5651180""","""CID2203962""",4.3,4.405237803582049,-0.10523761284718613
"""CNR5285661""","""CID1840289""",4.404214,4.405237803582049,-0.00102389824757676
"""CNR6412126""","""CID9254382""",4.404214,4.405237803582049,-0.00102389824757676
"""CNR8056810""","""CID5939613""",4.4,4.405237803582049,-0.005237708214617776
"""CNR1662644""","""CID9380084""",4.404214,4.405237803582049,-0.00102389824757676
"""CNR4612911""","""CID4068151""",4.405319,4.405237803582049,8.14102851380838e-05
"""CNR2541928""","""CID8617563""",3.3,4.405237803582049,-1.1052378512657652
"""CNR5916585""","""CID6414393""",4.1,4.487649406569887,-0.38764950193731895
"""CNR7596726""","""CID2108068""",4.9,4.376986083790243,0.5230140115771889
"""CNR6845044""","""CID5199872""",4.4042315,4.405237803582049,-0.0010062552727232443
"""CNR7473872""","""CID9608267""",4.405319,4.405237803582049,8.14102851380838e-05
"""CNR2574003""","""CID5149452""",4.4042315,4.405237803582049,-0.0010062552727232443
"""CNR1151433""","""CID9512069""",3.2,4.405237803582049,-1.2052377558983336
"""CNR7413084""","""CID9275052""",4.6,4.405237803582049,0.19476210105051894
"""CNR1255127""","""CID6113995""",5.0,4.405237803582049,0.5947621964179506
"""CNR5603580""","""CID2332273""",4.2,4.405237803582049,-0.2052379943169127
"""CNR4241624""","""CID6700597""",4.4031615,4.405237803582049,-0.002076277855731057
"""CNR8700155""","""CID3132491""",4.404214,4.405237803582049,-0.00102389824757676
"""CNR6380598""","""CID4364906""",3.2,4.405237803582049,-1.2052377558983336
"""CNR4065133""","""CID7152206""",4.404214,4.405237803582049,-0.00102389824757676
"""CNR3257742""","""CID8713379""",4.2,4.405237803582049,-0.2052379943169127
"""CNR5985154""","""CID8951822""",4.6,4.405237803582049,0.19476210105051894
"""CNR9926332""","""CID7752765""",4.4021993,4.405237803582049,-0.003038535240984963
"""CNR6840246""","""CID8569123""",3.9,4.405237803582049,-0.5052377082146178
"""CNR9234744""","""CID3404145""",4.9,4.405237803582049,0.4947622917853822
"""CNR4594785""","""CID3276954""",4.404214,4.405237803582049,-0.00102389824757676
"""CNR9497623""","""CID3425930""",4.4098225,4.376986083790243,0.032836380199015025
"""CNR4583864""","""CID6742966""",5.0,4.405237803582049,0.5947621964179506
"""CNR7613396""","""CID6346565""",4.4098225,4.405237803582049,0.004584660407208396
"""CNR7646165""","""CID1612554""",4.4021993,4.405237803582049,-0.003038535240984963
"""CNR2394939""","""CID5749326""",4.4098225,4.405237803582049,0.004584660407208396
"""CNR2512883""","""CID7641304""",4.6,4.405237803582049,0.19476210105051894
"""CNR1369441""","""CID6622274""",4.7,4.405237803582049,0.2947620056830873
"""CNR8332236""","""CID4472058""",4.405319,4.405237803582049,8.14102851380838e-05
"""CNR6851549""","""CID9560489""",4.4098225,4.405237803582049,0.004584660407208396
"""CNR8319108""","""CID5482184""",4.5,4.405237803582049,0.09476219641795058
"""CNR2665921""","""CID9948799""",4.4042315,4.405237803582049,-0.0010062552727232443
"""CNR7877421""","""CID1330191""",4.0,4.405237803582049,-0.4052378035820494
"""CNR5791521""","""CID4591702""",4.9,4.405237803582049,0.4947622917853822
"""CNR7407520""","""CID2401517""",4.2,4.405237803582049,-0.2052379943169127
"""CNR9150632""","""CID2705204""",4.5,4.405237803582049,0.09476219641795058
"""CNR4942497""","""CID4338620""",4.2,4.405237803582049,-0.2052379943169127
"""CNR4451789""","""CID7581516""",4.1,4.405237803582049,-0.30523789894948106
"""CNR7403513""","""CID3565277""",4.4021993,4.405237803582049,-0.003038535240984963
"""CNR3086831""","""CID1227147""",4.9,4.405237803582049,0.4947622917853822
"""CNR6628366""","""CID2737217""",4.4,4.405237803582049,-0.005237708214617776
"""CNR2019414""","""CID1522515""",4.4042315,4.405237803582049,-0.0010062552727232443
"""CNR3467249""","""CID8576263""",4.4,4.405237803582049,-0.005237708214617776
"""CNR8465754""","""CID9896368""",4.9,4.405237803582049,0.4947622917853822
"""CNR9852511""","""CID7108772""",4.5,4.405237803582049,0.09476219641795058
"""CNR8259411""","""CID7710455""",4.3,4.405237803582049,-0.10523761284718613
"""CNR6452172""","""CID4833047""",4.4031615,4.405237803582049,-0.002076277855731057
"""CNR2974384""","""CID8307637""",4.1,4.405237803582049,-0.30523789894948106
"""CNR4479141""","""CID5582977""",4.1,4.405237803582049,-0.30523789894948106
"""CNR1100030""","""CID5221567""",4.6,4.405237803582049,0.19476210105051894
"""CNR1672198""","""CID1979819""",4.6,4.405237803582049,0.19476210105051894
"""CNR9749220""","""CID3076635""",4.404214,4.405237803582049,-0.00102389824757676
"""CNR1401623""","""CID4814720""",5.0,4.405237803582049,0.5947621964179506
"""CNR7128571""","""CID9357549""",4.4031615,4.405237803582049,-0.002076277855731057
"""CNR6265041""","""CID5596232""",4.7,4.405237803582049,0.2947620056830873
"""CNR5409989""","""CID5925272""",4.404214,4.405237803582049,-0.00102389824757676
"""CNR8921185""","""CID9130291""",4.4021993,4.405237803582049,-0.003038535240984963
"""CNR6874041""","""CID2665111""",4.4021993,4.405237803582049,-0.003038535240984963
"""CNR9422402""","""CID2533950""",4.5,4.405237803582049,0.09476219641795058
"""CNR4831347""","""CID6766193""",4.7,4.405237803582049,0.2947620056830873
"""CNR2818836""","""CID3817235""",4.404214,4.405237803582049,-0.00102389824757676
"""CNR8772916""","""CID7593912""",4.4042315,4.405237803582049,-0.0010062552727232443
"""CNR8717912""","""CID7135732""",4.2,4.405237803582049,-0.2052379943169127
"""CNR6391835""","""CID6741884""",4.7,4.405237803582049,0.2947620056830873
"""CNR3784815""","""CID9614714""",4.4031615,4.405237803582049,-0.002076277855731057
"""CNR5030533""","""CID8567683""",4.3,4.405237803582049,-0.10523761284718613
"""CNR4604121""","""CID5905435""",4.405319,4.405237803582049,8.14102851380838e-05
"""CNR8009699""","""CID1689458""",4.4021993,4.405237803582049,-0.003038535240984963
"""CNR6977712""","""CID5684105""",4.4031615,4.405237803582049,-0.002076277855731057
"""CNR8526220""","""CID7357600""",4.4098225,4.405237803582049,0.004584660407208396
"""CNR4665740""","""CID7595458""",3.7,4.376986083790243,-0.676986036106527
"""CNR1414913""","""CID3473925""",4.3,4.405237803582049,-0.10523761284718613
"""CNR5044404""","""CID3154456""",5.0,4.376986083790243,0.6230139162097572
"""CNR6277671""","""CID8738484""",3.1,4.405237803582049,-1.305237898949481
"""CNR9857471""","""CID7947280""",4.4,4.405237803582049,-0.005237708214617776
"""CNR1304381""","""CID3661318""",4.4021993,4.405237803582049,-0.003038535240984963
"""CNR1433325""","""CID8642286""",4.404214,4.405237803582049,-0.00102389824757676
"""CNR4363398""","""CID4744458""",4.9,4.405237803582049,0.4947622917853822
"""CNR7580272""","""CID3296329""",4.3,4.405237803582049,-0.10523761284718613
"""CNR3040647""","""CID5814520""",4.4050717,4.405237803582049,-0.00016606819996933808
"""CNR4594315""","""CID9425556""",4.4021993,4.405237803582049,-0.003038535240984963
"""CNR6245804""","""CID7678880""",4.4,4.405237803582049,-0.005237708214617776
"""CNR6077990""","""CID7013424""",4.3,4.405237803582049,-0.10523761284718613
"""CNR3522233""","""CID9562875""",3.3,4.405237803582049,-1.1052378512657652
"""CNR9192976""","""CID4811960""",4.9,4.405237803582049,0.4947622917853822
"""CNR7474236""","""CID3363585""",3.8,4.405237803582049,-0.6052378512657652
"""CNR8071362""","""CID1263114""",4.2,4.405237803582049,-0.2052379943169127
"""CNR4131976""","""CID3220344""",4.3,4.405237803582049,-0.10523761284718613
"""CNR9918119""","""CID1212347""",4.6,4.405237803582049,0.19476210105051894
"""CNR5822150""","""CID4265821""",4.5,4.405237803582049,0.09476219641795058
"""CNR7759650""","""CID1113398""",3.1,4.405237803582049,-1.305237898949481
"""CNR2066424""","""CID6053450""",4.4042315,4.405237803582049,-0.0010062552727232443
"""CNR8562909""","""CID9214897""",3.9,4.405237803582049,-0.5052377082146178
"""CNR4781857""","""CID8426557""",4.4,4.405237803582049,-0.005237708214617776
"""CNR8839847""","""CID7554682""",4.4031615,4.405237803582049,-0.002076277855731057
"""CNR9435980""","""CID5419131""",4.4,4.405237803582049,-0.005237708214617776
"""CNR4524496""","""CID3329895""",5.0,4.405237803582049,0.5947621964179506
"""CNR9048696""","""CID9066245""",4.3,4.405237803582049,-0.10523761284718613
"""CNR8899578""","""CID6466088""",4.9,4.405237803582049,0.4947622917853822
"""CNR6655527""","""CID9626739""",4.4021993,4.405237803582049,-0.003038535240984963
"""CNR6211424""","""CID5958235""",4.6,4.405237803582049,0.19476210105051894
"""CNR9592158""","""CID1594677""",4.6,4.405237803582049,0.19476210105051894
"""CNR1012903""","""CID8544068""",4.4031615,4.405237803582049,-0.002076277855731057
"""CNR1854301""","""CID8860539""",3.7,4.405237803582049,-0.7052377558983336
"""CNR3428906""","""CID8438096""",5.0,4.405237803582049,0.5947621964179506
"""CNR7207024""","""CID3927540""",5.0,4.405237803582049,0.5947621964179506
"""CNR7394387""","""CID1388051""",4.2,4.405237803582049,-0.2052379943169127
"""CNR2885959""","""CID9977585""",4.6,4.405237803582049,0.19476210105051894
"""CNR5710047""","""CID4277912""",4.4042315,4.405237803582049,-0.0010062552727232443
"""CNR7545946""","""CID5622277""",4.4042315,4.376986083790243,0.027245464519083384
"""CNR2085894""","""CID1581637""",4.5,4.405237803582049,0.09476219641795058
"""CNR5790373""","""CID5188083""",4.7,4.405237803582049,0.2947620056830873
"""CNR9156839""","""CID8529830""",4.6,4.405237803582049,0.19476210105051894
"""CNR2261089""","""CID6766715""",4.6,4.405237803582049,0.19476210105051894
"""CNR5488420""","""CID3901950""",4.4031615,4.405237803582049,-0.002076277855731057
"""CNR4169971""","""CID8351711""",3.6,4.376986083790243,-0.7769861791576744
"""CNR8259219""","""CID7487759""",4.404214,4.405237803582049,-0.00102389824757676
"""CNR2854735""","""CID6624364""",4.4098225,4.405237803582049,0.004584660407208396
"""CNR4488129""","""CID1603576""",4.4031615,4.405237803582049,-0.002076277855731057
"""CNR6124550""","""CID3003361""",4.4042315,4.405237803582049,-0.0010062552727232443
"""CNR1161153""","""CID4935490""",4.9,4.405237803582049,0.4947622917853822
"""CNR8333823""","""CID6160081""",4.9,4.405237803582049,0.4947622917853822
"""CNR9364631""","""CID3164068""",4.4,4.405237803582049,-0.005237708214617776
"""CNR1114706""","""CID9274429""",4.4021993,4.405237803582049,-0.003038535240984963
"""CNR3543934""","""CID7550553""",4.5,4.405237803582049,0.09476219641795058
"""CNR8146606""","""CID1609023""",4.405319,4.405237803582049,8.14102851380838e-05
"""CNR3100250""","""CID4260673""",4.1,4.405237803582049,-0.30523789894948106
"""CNR3641794""","""CID6607461""",4.2,4.405237803582049,-0.2052379943169127
"""CNR8268324""","""CID2406019""",4.404214,4.405237803582049,-0.00102389824757676
"""CNR7650313""","""CID7125674""",4.5,4.405237803582049,0.09476219641795058
"""CNR3436003""","""CID3953355""",4.4098225,4.405237803582049,0.004584660407208396
"""CNR5509861""","""CID4018241""",5.0,4.405237803582049,0.5947621964179506
"""CNR2180529""","""CID2349072""",4.4050717,4.405237803582049,-0.00016606819996933808
"""CNR6271700""","""CID2543277""",4.3,4.487649406569887,-0.18764921583502403
"""CNR7077924""","""CID3167543""",4.4042315,4.405237803582049,-0.0010062552727232443
"""CNR3182143""","""CID4784889""",4.4098225,4.405237803582049,0.004584660407208396
"""CNR2779158""","""CID6131200""",4.4021993,4.405237803582049,-0.003038535240984963
"""CNR8290041""","""CID8407274""",4.4098225,4.405237803582049,0.004584660407208396
"""CNR5899375""","""CID5253576""",4.4031615,4.405237803582049,-0.002076277855731057
"""CNR5897738""","""CID9904180""",4.2,4.405237803582049,-0.2052379943169127
"""CNR1855155""","""CID3506684""",4.2,4.405237803582049,-0.2052379943169127
"""CNR8461584""","""CID6291274""",4.4042315,4.405237803582049,-0.0010062552727232443
"""CNR8129724""","""CID2936631""",4.2,4.405237803582049,-0.2052379943169127
"""CNR5128460""","""CID1638246""",4.4042315,4.405237803582049,-0.0010062552727232443
"""CNR7938466""","""CID1756119""",4.4042315,4.405237803582049,-0.0010062552727232443
"""CNR8196275""","""CID8123675""",4.4098225,4.405237803582049,0.004584660407208396
"""CNR4919065""","""CID8458729""",4.4098225,4.405237803582049,0.004584660407208396
"""CNR6822949""","""CID7854623""",4.4042315,4.405237803582049,-0.0010062552727232443
"""CNR2642171""","""CID7111332""",4.2,4.405237803582049,-0.2052379943169127
"""CNR2928649""","""CID6272695""",4.8,4.405237803582049,0.39476238715281387
"""CNR2123783""","""CID4677582""",4.8,4.405237803582049,0.39476238715281387
"""CNR9981608""","""CID2609689""",4.404214,4.405237803582049,-0.00102389824757676
"""CNR5308143""","""CID9803560""",4.4021993,4.405237803582049,-0.003038535240984963
"""CNR9080540""","""CID2402233""",4.3,4.405237803582049,-0.10523761284718613
"""CNR2450378""","""CID1583285""",4.4,4.405237803582049,-0.005237708214617776
"""CNR7226955""","""CID3683941""",4.4,4.405237803582049,-0.005237708214617776
"""CNR6339406""","""CID1327679""",3.8,4.405237803582049,-0.6052378512657652
"""CNR4015557""","""CID1239815""",4.8,4.405237803582049,0.39476238715281387
"""CNR8959397""","""CID1109990""",4.6,4.405237803582049,0.19476210105051894
"""CNR4139553""","""CID9041301""",4.4050717,4.405237803582049,-0.00016606819996933808
"""CNR2411011""","""CID9961175""",3.0,4.405237803582049,-1.4052378035820494
"""CNR4872338""","""CID8469763""",4.4,4.405237803582049,-0.005237708214617776
"""CNR1583454""","""CID9246580""",4.4021993,4.405237803582049,-0.003038535240984963
"""CNR5652177""","""CID9100562""",4.6,4.405237803582049,0.19476210105051894
"""CNR7841549""","""CID8921969""",4.1,4.405237803582049,-0.30523789894948106
"""CNR2773230""","""CID7598389""",4.4098225,4.405237803582049,0.004584660407208396
"""CNR9650583""","""CID1592619""",4.6,4.405237803582049,0.19476210105051894
"""CNR8631457""","""CID6222743""",4.4098225,4.405237803582049,0.004584660407208396
"""CNR6087494""","""CID6554677""",4.9,4.405237803582049,0.4947622917853822
"""CNR3506770""","""CID1564724""",4.3,4.405237803582049,-0.10523761284718613
"""CNR9583366""","""CID3493141""",4.3,4.405237803582049,-0.10523761284718613
"""CNR9337243""","""CID4875432""",4.4021993,4.405237803582049,-0.003038535240984963
"""CNR5758515""","""CID2097101""",4.404214,4.405237803582049,-0.00102389824757676
"""CNR8430979""","""CID4296057""",4.4,4.405237803582049,-0.005237708214617776
"""CNR8001312""","""CID3248788""",4.4,4.405237803582049,-0.005237708214617776
"""CNR8807285""","""CID1233214""",4.2,4.405237803582049,-0.2052379943169127
"""CNR2743273""","""CID6957180""",4.9,4.405237803582049,0.4947622917853822
"""CNR5211763""","""CID8774572""",4.6,4.405237803582049,0.19476210105051894
"""CNR8388935""","""CID4505771""",4.4021993,4.405237803582049,-0.003038535240984963
"""CNR4022478""","""CID7538219""",3.9,4.405237803582049,-0.5052377082146178
"""CNR8704568""","""CID8024265""",4.4042315,4.405237803582049,-0.0010062552727232443
"""CNR8520047""","""CID2525491""",4.6,4.405237803582049,0.19476210105051894
"""CNR4144057""","""CID2101042""",4.404214,4.405237803582049,-0.00102389824757676
"""CNR7992880""","""CID1354881""",4.9,4.405237803582049,0.4947622917853822
"""CNR2253129""","""CID4513448""",4.4042315,4.405237803582049,-0.0010062552727232443
"""CNR8812096""","""CID5121854""",4.404214,4.405237803582049,-0.00102389824757676
"""CNR6449469""","""CID6053426""",4.1,4.405237803582049,-0.30523789894948106
"""CNR6695556""","""CID4471705""",4.404214,4.405237803582049,-0.00102389824757676
"""CNR9204527""","""CID3093655""",4.9,4.405237803582049,0.4947622917853822
"""CNR5534706""","""CID5324080""",4.4042315,4.405237803582049,-0.0010062552727232443
"""CNR4345244""","""CID3760760""",4.9,4.405237803582049,0.4947622917853822
"""CNR6609845""","""CID6399592""",4.2,4.405237803582049,-0.2052379943169127
"""CNR9854735""","""CID7746260""",4.9,4.405237803582049,0.4947622917853822
"""CNR9953164""","""CID6815891""",4.9,4.405237803582049,0.4947622917853822
"""CNR6295980""","""CID1493100""",4.1,4.405237803582049,-0.30523789894948106
"""CNR1552643""","""CID6081790""",4.6,4.405237803582049,0.19476210105051894
"""CNR8989115""","""CID2226286""",4.2,4.405237803582049,-0.2052379943169127
"""CNR3213620""","""CID4660200""",5.0,4.405237803582049,0.5947621964179506
"""CNR5217005""","""CID5257813""",5.0,4.405237803582049,0.5947621964179506
"""CNR2893647""","""CID7466331""",4.3,4.405237803582049,-0.10523761284718613
"""CNR7462844""","""CID8864184""",3.7,4.405237803582049,-0.7052377558983336
"""CNR2232782""","""CID7941829""",4.404214,4.405237803582049,-0.00102389824757676
"""CNR2396522""","""CID4120236""",4.4098225,4.405237803582049,0.004584660407208396
"""CNR2882918""","""CID4625427""",4.404214,4.405237803582049,-0.00102389824757676
"""CNR5668261""","""CID6857576""",4.404214,4.405237803582049,-0.00102389824757676
"""CNR8983169""","""CID6024541""",4.4050717,4.405237803582049,-0.00016606819996933808
"""CNR6122855""","""CID2972678""",4.4050717,4.405237803582049,-0.00016606819996933808
"""CNR4705513""","""CID8275928""",4.6,4.405237803582049,0.19476210105051894
"""CNR8604512""","""CID3601628""",4.8,4.405237803582049,0.39476238715281387
"""CNR5096071""","""CID9523422""",4.9,4.405237803582049,0.4947622917853822
"""CNR9396581""","""CID6023912""",4.6,4.405237803582049,0.19476210105051894
"""CNR3534544""","""CID3483137""",4.4031615,4.405237803582049,-0.002076277855731057
"""CNR5271191""","""CID2859016""",3.3,4.405237803582049,-1.1052378512657652
"""CNR8734707""","""CID7489911""",4.4,4.376986083790243,0.023014011577188853
"""CNR9092830""","""CID3406131""",4.6,4.405237803582049,0.19476210105051894
"""CNR7715905""","""CID3714159""",4.404214,4.405237803582049,-0.00102389824757676
"""CNR1861479""","""CID8603142""",4.4021993,4.405237803582049,-0.003038535240984963
"""CNR9364532""","""CID9359545""",5.0,4.405237803582049,0.5947621964179506
"""CNR8575514""","""CID5222235""",4.2,4.405237803582049,-0.2052379943169127
"""CNR9555032""","""CID2487374""",4.5,4.405237803582049,0.09476219641795058
"""CNR7838842""","""CID8146378""",4.9,4.405237803582049,0.4947622917853822
"""CNR6380582""","""CID9100973""",4.2,4.405237803582049,-0.2052379943169127
"""CNR8433281""","""CID2054115""",4.4098225,4.405237803582049,0.004584660407208396
"""CNR6208256""","""CID8037807""",4.404214,4.405237803582049,-0.00102389824757676
"""CNR4534533""","""CID9145775""",4.3,4.405237803582049,-0.10523761284718613
"""CNR3658797""","""CID7556082""",4.2,4.405237803582049,-0.2052379943169127
"""CNR3080334""","""CID4671933""",4.3,4.405237803582049,-0.10523761284718613
"""CNR4016168""","""CID3158613""",4.404214,4.405237803582049,-0.00102389824757676
"""CNR3460770""","""CID3808930""",4.9,4.405237803582049,0.4947622917853822
"""CNR9731555""","""CID4669241""",4.404214,4.405237803582049,-0.00102389824757676
"""CNR6986758""","""CID5549502""",4.3,4.405237803582049,-0.10523761284718613
"""CNR1320427""","""CID1812787""",4.7,4.405237803582049,0.2947620056830873
"""CNR3366813""","""CID9626418""",4.405319,4.405237803582049,8.14102851380838e-05
"""CNR6766501""","""CID5881005""",4.7,4.405237803582049,0.2947620056830873
"""CNR9225051""","""CID6835848""",4.3,4.405237803582049,-0.10523761284718613
"""CNR1047279""","""CID9667967""",4.8,4.405237803582049,0.39476238715281387
"""CNR6661332""","""CID7571281""",4.404214,4.405237803582049,-0.00102389824757676
"""CNR2895080""","""CID9693859""",4.4098225,4.405237803582049,0.004584660407208396
"""CNR1374623""","""CID8734800""",4.4,4.405237803582049,-0.005237708214617776
"""CNR6598819""","""CID3361613""",4.6,4.405237803582049,0.19476210105051894
"""CNR6788021""","""CID4878338""",4.2,4.405237803582049,-0.2052379943169127
"""CNR3556033""","""CID6955568""",4.4098225,4.405237803582049,0.004584660407208396
"""CNR3161289""","""CID3120856""",4.3,4.405237803582049,-0.10523761284718613
"""CNR5066311""","""CID6281457""",4.404214,4.405237803582049,-0.00102389824757676
"""CNR4058979""","""CID9914438""",4.4042315,4.405237803582049,-0.0010062552727232443
"""CNR3332290""","""CID9698709""",4.4042315,4.405237803582049,-0.0010062552727232443
"""CNR3072112""","""CID2558660""",4.4021993,4.405237803582049,-0.003038535240984963
"""CNR9256203""","""CID6901476""",4.4,4.405237803582049,-0.005237708214617776
"""CNR9682592""","""CID6770544""",4.4098225,4.405237803582049,0.004584660407208396
"""CNR2273380""","""CID5996515""",4.6,4.405237803582049,0.19476210105051894
"""CNR7581343""","""CID8534264""",4.4098225,4.405237803582049,0.004584660407208396
"""CNR7002541""","""CID9743969""",4.4042315,4.405237803582049,-0.0010062552727232443
"""CNR4880194""","""CID5298317""",4.404214,4.405237803582049,-0.00102389824757676
"""CNR2307272""","""CID5511407""",4.6,4.405237803582049,0.19476210105051894
"""CNR8263399""","""CID6734333""",4.2,4.487649406569887,-0.2876495973047506
"""CNR6897813""","""CID3759516""",4.6,4.405237803582049,0.19476210105051894
"""CNR1754805""","""CID8083148""",4.4042315,4.405237803582049,-0.0010062552727232443
"""CNR6848287""","""CID2905704""",5.0,4.487649406569887,0.5123505934301127
"""CNR8642345""","""CID4148269""",4.4021993,4.405237803582049,-0.003038535240984963
"""CNR6700274""","""CID5975825""",4.404214,4.405237803582049,-0.00102389824757676
"""CNR5818158""","""CID9268101""",3.3,4.405237803582049,-1.1052378512657652
"""CNR3572898""","""CID6415653""",4.404214,4.405237803582049,-0.00102389824757676
"""CNR7123122""","""CID6914388""",4.4050717,4.405237803582049,-0.00016606819996933808
"""CNR1852260""","""CID9913632""",4.2,4.405237803582049,-0.2052379943169127
"""CNR4710027""","""CID8217887""",4.4,4.405237803582049,-0.005237708214617776
"""CNR8037891""","""CID3514717""",4.5,4.405237803582049,0.09476219641795058
"""CNR3538143""","""CID9660711""",3.6,4.405237803582049,-0.8052378989494811
"""CNR8429422""","""CID2705996""",3.5,4.405237803582049,-0.9052378035820494
"""CNR3207865""","""CID2681485""",4.4031615,4.405237803582049,-0.002076277855731057
"""CNR2731912""","""CID7220844""",4.404214,4.405237803582049,-0.00102389824757676
"""CNR2248914""","""CID6311496""",4.4021993,4.405237803582049,-0.003038535240984963
"""CNR4689965""","""CID8063712""",4.4,4.405237803582049,-0.005237708214617776
"""CNR4938610""","""CID7931272""",4.4098225,4.405237803582049,0.004584660407208396
"""CNR8693724""","""CID1438146""",4.405319,4.405237803582049,8.14102851380838e-05
"""CNR5009229""","""CID5586094""",4.4098225,4.405237803582049,0.004584660407208396
"""CNR4741487""","""CID7453723""",4.8,4.405237803582049,0.39476238715281387
"""CNR3877239""","""CID4658967""",5.0,4.405237803582049,0.5947621964179506
"""CNR8007139""","""CID1508183""",4.4,4.405237803582049,-0.005237708214617776
"""CNR3260598""","""CID4565449""",4.2,4.405237803582049,-0.2052379943169127
"""CNR5248506""","""CID6873535""",4.7,4.405237803582049,0.2947620056830873
"""CNR5776108""","""CID5128870""",4.404214,4.405237803582049,-0.00102389824757676
"""CNR5175100""","""CID9070046""",4.4021993,4.405237803582049,-0.003038535240984963
"""CNR8025542""","""CID9182789""",4.4098225,4.405237803582049,0.004584660407208396
"""CNR1697545""","""CID7604761""",4.4042315,4.405237803582049,-0.0010062552727232443
"""CNR9117572""","""CID9211729""",3.9,4.405237803582049,-0.5052377082146178
"""CNR4152884""","""CID3237639""",4.4042315,4.405237803582049,-0.0010062552727232443
"""CNR9262507""","""CID8817727""",4.7,4.405237803582049,0.2947620056830873
"""CNR9828623""","""CID9941888""",4.9,4.405237803582049,0.4947622917853822
"""CNR5561784""","""CID4100768""",4.5,4.405237803582049,0.09476219641795058
"""CNR4390410""","""CID2483856""",4.5,4.405237803582049,0.09476219641795058
"""CNR1177321""","""CID5613575""",4.6,4.405237803582049,0.19476210105051894
"""CNR7816772""","""CID6385471""",4.404214,4.405237803582049,-0.00102389824757676
"""CNR7729479""","""CID6050643""",4.8,4.405237803582049,0.39476238715281387
"""CNR3205680""","""CID4742053""",4.405319,4.405237803582049,8.14102851380838e-05
"""CNR6663361""","""CID5196636""",3.5,4.405237803582049,-0.9052378035820494
"""CNR3272126""","""CID2305456""",4.4,4.405237803582049,-0.005237708214617776
"""CNR3995690""","""CID7106048""",4.4042315,4.405237803582049,-0.0010062552727232443
"""CNR6196228""","""CID5158066""",5.0,4.405237803582049,0.5947621964179506
"""CNR9047153""","""CID7388071""",4.4098225,4.405237803582049,0.004584660407208396
"""CNR6634758""","""CID5844154""",4.6,4.405237803582049,0.19476210105051894
"""CNR7806540""","""CID2591959""",4.6,4.405237803582049,0.19476210105051894
"""CNR5056601""","""CID3291477""",4.9,4.405237803582049,0.4947622917853822
"""CNR5237570""","""CID5945148""",4.404214,4.405237803582049,-0.00102389824757676
"""CNR3986499""","""CID1171185""",4.1,4.405237803582049,-0.30523789894948106
"""CNR5314860""","""CID6811243""",4.1,4.405237803582049,-0.30523789894948106
"""CNR6850968""","""CID3046089""",4.4021993,4.405237803582049,-0.003038535240984963
"""CNR8488177""","""CID7124791""",3.6,4.376986083790243,-0.7769861791576744
"""CNR8967609""","""CID2805481""",4.4050717,4.405237803582049,-0.00016606819996933808
"""CNR3037705""","""CID9731888""",4.4042315,4.405237803582049,-0.0010062552727232443
"""CNR6739286""","""CID2693099""",4.9,4.405237803582049,0.4947622917853822
"""CNR9258000""","""CID4525763""",4.4098225,4.405237803582049,0.004584660407208396
"""CNR4426917""","""CID8549030""",4.3,4.405237803582049,-0.10523761284718613
"""CNR1370234""","""CID6352419""",4.4021993,4.405237803582049,-0.003038535240984963
"""CNR9181600""","""CID9665909""",5.0,4.376986083790243,0.6230139162097572
"""CNR8164791""","""CID8413933""",4.3,4.405237803582049,-0.10523761284718613
"""CNR1017281""","""CID6458889""",4.7,4.405237803582049,0.2947620056830873
"""CNR4788462""","""CID4046399""",4.404214,4.405237803582049,-0.00102389824757676
"""CNR4007584""","""CID1852187""",4.8,4.405237803582049,0.39476238715281387
"""CNR7145838""","""CID1067750""",4.8,4.405237803582049,0.39476238715281387
"""CNR2853110""","""CID5044303""",4.4031615,4.405237803582049,-0.002076277855731057
"""CNR2446036""","""CID5421975""",3.4,4.405237803582049,-1.0052377082146178
"""CNR7416889""","""CID8799688""",4.4042315,4.405237803582049,-0.0010062552727232443
"""CNR9045710""","""CID9382079""",5.0,4.405237803582049,0.5947621964179506
"""CNR7841042""","""CID7279315""",4.4021993,4.405237803582049,-0.003038535240984963
"""CNR3557178""","""CID7566637""",4.3,4.405237803582049,-0.10523761284718613
"""CNR6498311""","""CID1337152""",4.4042315,4.405237803582049,-0.0010062552727232443
"""CNR7411499""","""CID1877460""",4.9,4.405237803582049,0.4947622917853822
"""CNR7485984""","""CID9707217""",4.6,4.405237803582049,0.19476210105051894
"""CNR4570055""","""CID2767847""",4.2,4.405237803582049,-0.2052379943169127
"""CNR9932021""","""CID4533827""",4.7,4.405237803582049,0.2947620056830873
"""CNR7972851""","""CID6664571""",4.7,4.405237803582049,0.2947620056830873
"""CNR7830995""","""CID6000916""",3.8,4.405237803582049,-0.6052378512657652
"""CNR6047679""","""CID7442180""",5.0,4.405237803582049,0.5947621964179506
"""CNR5189342""","""CID6596085""",4.405319,4.405237803582049,8.14102851380838e-05
"""CNR2258398""","""CID6013701""",4.4042315,4.405237803582049,-0.0010062552727232443
"""CNR1150956""","""CID1991559""",4.4042315,4.405237803582049,-0.0010062552727232443
"""CNR7415344""","""CID5626228""",4.1,4.405237803582049,-0.30523789894948106
"""CNR7619337""","""CID9503307""",5.0,4.405237803582049,0.5947621964179506
"""CNR9492482""","""CID1290973""",4.4021993,4.405237803582049,-0.003038535240984963
"""CNR2915653""","""CID2374045""",4.4021993,4.376986083790243,0.025213184550821666
"""CNR2796038""","""CID9183552""",3.4,4.405237803582049,-1.0052377082146178
"""CNR1324574""","""CID2617048""",4.4021993,4.405237803582049,-0.003038535240984963
"""CNR9713220""","""CID2369664""",4.6,4.376986083790243,0.22301382084232557
"""CNR6040248""","""CID2910270""",4.4031615,4.405237803582049,-0.002076277855731057
"""CNR6110744""","""CID2303015""",4.4031615,4.405237803582049,-0.002076277855731057
"""CNR6739627""","""CID3593168""",4.4098225,4.405237803582049,0.004584660407208396
"""CNR7257407""","""CID6304117""",4.3,4.405237803582049,-0.10523761284718613
"""CNR1962245""","""CID6936596""",4.4031615,4.376986083790243,0.026175441936075572
"""CNR5302434""","""CID2277549""",4.4098225,4.405237803582049,0.004584660407208396
"""CNR5608733""","""CID3070529""",4.4,4.405237803582049,-0.005237708214617776
"""CNR3775431""","""CID1735273""",4.4021993,4.405237803582049,-0.003038535240984963
"""CNR7297675""","""CID4122618""",4.3,4.405237803582049,-0.10523761284718613
"""CNR2323362""","""CID9795585""",4.9,4.405237803582049,0.4947622917853822
"""CNR2339339""","""CID4598501""",4.404214,4.405237803582049,-0.00102389824757676
"""CNR4506235""","""CID3890664""",4.4021993,4.405237803582049,-0.003038535240984963
"""CNR2800086""","""CID1381191""",5.0,4.405237803582049,0.5947621964179506
"""CNR6209390""","""CID3190939""",4.9,4.405237803582049,0.4947622917853822
"""CNR9985935""","""CID1712233""",4.7,4.405237803582049,0.2947620056830873
"""CNR7263852""","""CID7807016""",4.8,4.405237803582049,0.39476238715281387
"""CNR7670758""","""CID9770388""",4.7,4.405237803582049,0.2947620056830873
"""CNR2768398""","""CID8560993""",4.9,4.405237803582049,0.4947622917853822
"""CNR3292171""","""CID4167526""",4.4021993,4.405237803582049,-0.003038535240984963
"""CNR3405077""","""CID1626065""",4.2,4.405237803582049,-0.2052379943169127
"""CNR2147891""","""CID1814997""",4.3,4.376986083790243,-0.0769858930553795
"""CNR5271690""","""CID4550859""",4.4042315,4.405237803582049,-0.0010062552727232443
"""CNR5722309""","""CID4787029""",4.4031615,4.405237803582049,-0.002076277855731057
"""CNR4635927""","""CID7012211""",4.4098225,4.405237803582049,0.004584660407208396
"""CNR6049536""","""CID3919719""",4.2,4.376986083790243,-0.17698627452510607
"""CNR2082254""","""CID1482763""",4.9,4.405237803582049,0.4947622917853822
"""CNR7710086""","""CID7572564""",4.9,4.405237803582049,0.4947622917853822
"""CNR4692176""","""CID3448648""",4.4021993,4.405237803582049,-0.003038535240984963
"""CNR3983806""","""CID7489396""",4.404214,4.405237803582049,-0.00102389824757676
"""CNR2157304""","""CID9658300""",4.9,4.405237803582049,0.4947622917853822
"""CNR2266053""","""CID2268883""",4.6,4.405237803582049,0.19476210105051894
"""CNR9410866""","""CID7190039""",3.8,4.405237803582049,-0.6052378512657652
"""CNR9925250""","""CID3596057""",4.4098225,4.405237803582049,0.004584660407208396
"""CNR7325633""","""CID8128223""",4.9,4.405237803582049,0.4947622917853822
"""CNR4725937""","""CID5196787""",5.0,4.405237803582049,0.5947621964179506
"""CNR6067999""","""CID5958481""",4.5,4.405237803582049,0.09476219641795058
"""CNR6568445""","""CID7907979""",4.404214,4.405237803582049,-0.00102389824757676
"""CNR8936506""","""CID7949471""",4.4042315,4.405237803582049,-0.0010062552727232443
"""CNR6595027""","""CID7482143""",4.4021993,4.405237803582049,-0.003038535240984963
"""CNR8277991""","""CID4529239""",4.4042315,4.405237803582049,-0.0010062552727232443
"""CNR5228006""","""CID9688516""",4.9,4.405237803582049,0.4947622917853822
"""CNR8006859""","""CID7852695""",4.4021993,4.405237803582049,-0.003038535240984963
"""CNR1073040""","""CID8459607""",4.3,4.405237803582049,-0.10523761284718613
"""CNR3836676""","""CID6216547""",4.3,4.405237803582049,-0.10523761284718613
"""CNR4681394""","""CID3601100""",4.4021993,4.405237803582049,-0.003038535240984963
"""CNR5426443""","""CID1135697""",4.5,4.405237803582049,0.09476219641795058
"""CNR5470945""","""CID2333279""",4.2,4.405237803582049,-0.2052379943169127
"""CNR3024714""","""CID2911290""",4.3,4.405237803582049,-0.10523761284718613
"""CNR8842644""","""CID8994001""",4.4,4.376986083790243,0.023014011577188853
"""CNR5095845""","""CID2573315""",4.6,4.405237803582049,0.19476210105051894
"""CNR3428297""","""CID8883619""",4.3,4.405237803582049,-0.10523761284718613
"""CNR4319080""","""CID6564890""",4.4031615,4.405237803582049,-0.002076277855731057
"""CNR1695186""","""CID9046245""",4.7,4.405237803582049,0.2947620056830873
"""CNR7857046""","""CID2762752""",4.404214,4.405237803582049,-0.00102389824757676
"""CNR8206227""","""CID6692431""",4.4021993,4.405237803582049,-0.003038535240984963
"""CNR8567667""","""CID7651359""",4.4021993,4.405237803582049,-0.003038535240984963
"""CNR2390952""","""CID9930665""",4.4021993,4.405237803582049,-0.003038535240984963
"""CNR4393098""","""CID4037447""",4.7,4.405237803582049,0.2947620056830873
"""CNR8569251""","""CID8138468""",4.6,4.405237803582049,0.19476210105051894
"""CNR6234368""","""CID2481107""",4.9,4.376986083790243,0.5230140115771889
"""CNR6321199""","""CID3820914""",4.4021993,4.405237803582049,-0.003038535240984963
"""CNR6739988""","""CID2207306""",4.3,4.405237803582049,-0.10523761284718613
"""CNR1579815""","""CID5502288""",4.6,4.405237803582049,0.19476210105051894
"""CNR8748967""","""CID7995204""",4.6,4.405237803582049,0.19476210105051894
"""CNR5390769""","""CID8991365""",4.6,4.405237803582049,0.19476210105051894
"""CNR3379224""","""CID5404812""",4.5,4.405237803582049,0.09476219641795058
"""CNR1592162""","""CID7768647""",4.6,4.405237803582049,0.19476210105051894
"""CNR5389749""","""CID2826780""",3.9,4.405237803582049,-0.5052377082146178
"""CNR4146929""","""CID5367513""",3.7,4.376986083790243,-0.676986036106527
"""CNR4673038""","""CID1575337""",4.3,4.405237803582049,-0.10523761284718613
"""CNR3598953""","""CID3069808""",4.3,4.405237803582049,-0.10523761284718613
"""CNR6488829""","""CID5955462""",4.4021993,4.405237803582049,-0.003038535240984963
"""CNR9782982""","""CID3365647""",4.4021993,4.405237803582049,-0.003038535240984963
"""CNR4100586""","""CID1037848""",4.4021993,4.405237803582049,-0.003038535240984963
"""CNR4315194""","""CID1670860""",4.9,4.405237803582049,0.4947622917853822
"""CNR2133631""","""CID1544521""",4.4098225,4.405237803582049,0.004584660407208396
"""CNR3273736""","""CID9560155""",4.4042315,4.405237803582049,-0.0010062552727232443
"""CNR7495993""","""CID7943772""",4.6,4.405237803582049,0.19476210105051894
"""CNR9030963""","""CID7199081""",4.405319,4.405237803582049,8.14102851380838e-05
"""CNR5772343""","""CID7186904""",4.3,4.405237803582049,-0.10523761284718613
"""CNR9583456""","""CID5794786""",4.3,4.405237803582049,-0.10523761284718613
"""CNR6322702""","""CID6976104""",3.7,4.405237803582049,-0.7052377558983336
"""CNR2285834""","""CID5216260""",4.5,4.405237803582049,0.09476219641795058
"""CNR7927232""","""CID3644668""",4.4021993,4.405237803582049,-0.003038535240984963
"""CNR5832125""","""CID4809131""",4.0,4.405237803582049,-0.4052378035820494
"""CNR3034923""","""CID8994864""",4.4021993,4.405237803582049,-0.003038535240984963
"""CNR6777459""","""CID8940527""",4.6,4.405237803582049,0.19476210105051894
"""CNR5607778""","""CID4627075""",4.4021993,4.405237803582049,-0.003038535240984963
"""CNR5343140""","""CID1011557""",4.3,4.405237803582049,-0.10523761284718613
"""CNR1471964""","""CID1301992""",4.3,4.405237803582049,-0.10523761284718613
"""CNR9796848""","""CID9117663""",4.4031615,4.405237803582049,-0.002076277855731057
"""CNR6733253""","""CID2993272""",4.6,4.405237803582049,0.19476210105051894
"""CNR6092159""","""CID2338787""",4.2,4.405237803582049,-0.2052379943169127
"""CNR8399533""","""CID1967711""",4.3,4.405237803582049,-0.10523761284718613
"""CNR4097119""","""CID8141465""",4.9,4.405237803582049,0.4947622917853822
"""CNR9013311""","""CID8727691""",4.6,4.405237803582049,0.19476210105051894
"""CNR5980547""","""CID7928269""",4.4098225,4.405237803582049,0.004584660407208396
"""CNR6990749""","""CID7146863""",3.7,4.405237803582049,-0.7052377558983336
"""CNR8374149""","""CID2724564""",4.7,4.405237803582049,0.2947620056830873
"""CNR5782005""","""CID3972193""",4.7,4.405237803582049,0.2947620056830873
"""CNR8805268""","""CID1192391""",4.6,4.405237803582049,0.19476210105051894
"""CNR9831508""","""CID2957033""",4.3,4.405237803582049,-0.10523761284718613
"""CNR6703974""","""CID2560684""",4.9,4.405237803582049,0.4947622917853822
"""CNR2142596""","""CID1133887""",4.2,4.405237803582049,-0.2052379943169127
"""CNR9942189""","""CID7234180""",4.4031615,4.405237803582049,-0.002076277855731057
"""CNR6354098""","""CID5970712""",4.2,4.405237803582049,-0.2052379943169127
"""CNR4432911""","""CID4212994""",4.9,4.405237803582049,0.4947622917853822
"""CNR6519702""","""CID3980326""",4.4021993,4.405237803582049,-0.003038535240984963
"""CNR7013625""","""CID1741502""",4.9,4.405237803582049,0.4947622917853822
"""CNR8197459""","""CID9514357""",4.4021993,4.405237803582049,-0.003038535240984963
"""CNR8511692""","""CID2925085""",4.4021993,4.405237803582049,-0.003038535240984963
"""CNR1487604""","""CID6657422""",4.4031615,4.405237803582049,-0.002076277855731057
"""CNR4978558""","""CID4099146""",4.4021993,4.405237803582049,-0.003038535240984963
"""CNR3526803""","""CID7001019""",4.4098225,4.405237803582049,0.004584660407208396
"""CNR2866084""","""CID5559364""",4.9,4.405237803582049,0.4947622917853822
"""CNR5115878""","""CID1714053""",4.2,4.405237803582049,-0.2052379943169127
"""CNR8706784""","""CID5497263""",4.2,4.405237803582049,-0.2052379943169127
"""CNR6537778""","""CID6406364""",4.4031615,4.405237803582049,-0.002076277855731057
"""CNR4357460""","""CID9232448""",4.8,4.405237803582049,0.39476238715281387
"""CNR4903626""","""CID9916237""",4.4042315,4.405237803582049,-0.0010062552727232443
"""CNR5754630""","""CID1084072""",4.8,4.405237803582049,0.39476238715281387
"""CNR4554960""","""CID6121406""",5.0,4.405237803582049,0.5947621964179506
"""CNR7102292""","""CID2482171""",4.9,4.405237803582049,0.4947622917853822
"""CNR9749157""","""CID2335248""",4.6,4.405237803582049,0.19476210105051894
"""CNR7738083""","""CID3405307""",4.4021993,4.405237803582049,-0.003038535240984963
"""CNR4481738""","""CID3175639""",4.405319,4.405237803582049,8.14102851380838e-05
"""CNR1230479""","""CID3073835""",4.3,4.405237803582049,-0.10523761284718613
"""CNR4243052""","""CID7965376""",4.4050717,4.405237803582049,-0.00016606819996933808
"""CNR6768818""","""CID8623040""",4.9,4.405237803582049,0.4947622917853822
"""CNR4605680""","""CID2629589""",4.3,4.405237803582049,-0.10523761284718613
"""CNR4516452""","""CID3004515""",4.3,4.405237803582049,-0.10523761284718613
"""CNR6669718""","""CID6515028""",3.9,4.405237803582049,-0.5052377082146178
"""CNR8398809""","""CID6041152""",4.4021993,4.405237803582049,-0.003038535240984963
"""CNR3793586""","""CID4536029""",4.3,4.405237803582049,-0.10523761284718613
"""CNR7953141""","""CID9440123""",4.5,4.405237803582049,0.09476219641795058
"""CNR3470835""","""CID6714768""",4.4050717,4.405237803582049,-0.00016606819996933808
"""CNR5985654""","""CID5856885""",4.9,4.405237803582049,0.4947622917853822
"""CNR8664953""","""CID9967442""",4.8,4.405237803582049,0.39476238715281387
"""CNR3481693""","""CID2109134""",4.4042315,4.405237803582049,-0.0010062552727232443
"""CNR1939070""","""CID1373351""",3.9,4.376986083790243,-0.47698598842281115
"""CNR4329612""","""CID3414377""",4.404214,4.405237803582049,-0.00102389824757676
"""CNR5700502""","""CID7943981""",4.2,4.405237803582049,-0.2052379943169127
"""CNR8556169""","""CID5058061""",4.4042315,4.405237803582049,-0.0010062552727232443
"""CNR5778877""","""CID5076919""",4.9,4.405237803582049,0.4947622917853822
"""CNR6764521""","""CID2160537""",4.3,4.405237803582049,-0.10523761284718613
"""CNR4005446""","""CID6723213""",4.4042315,4.405237803582049,-0.0010062552727232443
"""CNR2120656""","""CID1236386""",4.4021993,4.405237803582049,-0.003038535240984963
"""CNR2249769""","""CID3088138""",4.404214,4.405237803582049,-0.00102389824757676
"""CNR4089040""","""CID4631083""",4.9,4.405237803582049,0.4947622917853822
"""CNR1801710""","""CID5842248""",4.4042315,4.405237803582049,-0.0010062552727232443
"""CNR7016666""","""CID3072910""",4.2,4.405237803582049,-0.2052379943169127
"""CNR2346977""","""CID6991981""",4.1,4.405237803582049,-0.30523789894948106
"""CNR9788517""","""CID3937249""",4.4021993,4.405237803582049,-0.003038535240984963
"""CNR9193547""","""CID8877725""",4.405319,4.405237803582049,8.14102851380838e-05
"""CNR5459730""","""CID5467185""",3.7,4.405237803582049,-0.7052377558983336
"""CNR1129742""","""CID9001065""",4.4042315,4.405237803582049,-0.0010062552727232443
"""CNR1464334""","""CID5001659""",4.8,4.405237803582049,0.39476238715281387
"""CNR7107307""","""CID1283077""",4.4098225,4.405237803582049,0.004584660407208396
"""CNR9501040""","""CID5819912""",4.5,4.405237803582049,0.09476219641795058
"""CNR4549894""","""CID4636102""",3.8,4.405237803582049,-0.6052378512657652
"""CNR9793705""","""CID4563944""",4.4021993,4.405237803582049,-0.003038535240984963
"""CNR8769060""","""CID5821538""",4.405319,4.405237803582049,8.14102851380838e-05
"""CNR9739380""","""CID2249386""",4.0,4.405237803582049,-0.4052378035820494
"""CNR3269952""","""CID6817725""",4.3,4.405237803582049,-0.10523761284718613
"""CNR2799407""","""CID8172605""",4.2,4.405237803582049,-0.2052379943169127
"""CNR8082763""","""CID7044446""",4.3,4.405237803582049,-0.10523761284718613
"""CNR9633982""","""CID2529646""",4.405319,4.405237803582049,8.14102851380838e-05
"""CNR2278009""","""CID4551124""",4.405319,4.405237803582049,8.14102851380838e-05
"""CNR2334132""","""CID8812531""",4.4042315,4.405237803582049,-0.0010062552727232443
"""CNR1309194""","""CID2721243""",4.3,4.405237803582049,-0.10523761284718613
"""CNR8576300""","""CID4116795""",4.9,4.376986083790243,0.5230140115771889
"""CNR9208014""","""CID5763893""",4.4042315,4.405237803582049,-0.0010062552727232443
"""CNR6047598""","""CID4671853""",4.1,4.405237803582049,-0.30523789894948106
"""CNR6152848""","""CID3821860""",4.4042315,4.405237803582049,-0.0010062552727232443
"""CNR3564641""","""CID8574533""",4.404214,4.405237803582049,-0.00102389824757676
"""CNR8492981""","""CID2676896""",3.6,4.405237803582049,-0.8052378989494811
"""CNR9593509""","""CID1343763""",4.2,4.405237803582049,-0.2052379943169127
"""CNR9807986""","""CID9111128""",3.7,4.405237803582049,-0.7052377558983336
"""CNR4256848""","""CID6918363""",4.4021993,4.405237803582049,-0.003038535240984963
"""CNR4460434""","""CID8723284""",4.9,4.405237803582049,0.4947622917853822
"""CNR5650372""","""CID5691870""",3.2,4.376986083790243,-1.176986036106527
"""CNR4223178""","""CID6769032""",4.4098225,4.405237803582049,0.004584660407208396
"""CNR5527618""","""CID9383512""",4.9,4.405237803582049,0.4947622917853822
"""CNR5398673""","""CID6979500""",3.7,4.405237803582049,-0.7052377558983336
"""CNR7660041""","""CID5228775""",4.4042315,4.405237803582049,-0.0010062552727232443
"""CNR9350678""","""CID6001393""",4.6,4.405237803582049,0.19476210105051894
"""CNR4533472""","""CID9003850""",4.4021993,4.405237803582049,-0.003038535240984963
"""CNR5939024""","""CID8767596""",4.404214,4.405237803582049,-0.00102389824757676
"""CNR6579160""","""CID6800891""",4.3,4.405237803582049,-0.10523761284718613
"""CNR7123459""","""CID4412973""",4.3,4.405237803582049,-0.10523761284718613
"""CNR1953169""","""CID1825007""",4.3,4.405237803582049,-0.10523761284718613
"""CNR1567921""","""CID8569546""",4.4,4.405237803582049,-0.005237708214617776
"""CNR3845806""","""CID3049594""",4.2,4.376986083790243,-0.17698627452510607
"""CNR2730448""","""CID5657363""",4.2,4.405237803582049,-0.2052379943169127
"""CNR7460593""","""CID9021772""",4.2,4.405237803582049,-0.2052379943169127
"""CNR6344128""","""CID2645717""",4.4,4.405237803582049,-0.005237708214617776
"""CNR8214302""","""CID1759373""",4.4050717,4.405237803582049,-0.00016606819996933808
"""CNR6388443""","""CID8994198""",4.1,4.405237803582049,-0.30523789894948106
"""CNR6290744""","""CID4078483""",4.4031615,4.405237803582049,-0.002076277855731057
"""CNR1578794""","""CID7622233""",4.4042315,4.405237803582049,-0.0010062552727232443
"""CNR5542069""","""CID6009905""",4.4042315,4.405237803582049,-0.0010062552727232443
"""CNR7012494""","""CID3297468""",4.4021993,4.405237803582049,-0.003038535240984963
"""CNR4969810""","""CID8716377""",3.9,4.405237803582049,-0.5052377082146178
"""CNR6617545""","""CID1744323""",4.9,4.405237803582049,0.4947622917853822
"""CNR8080968""","""CID4475944""",4.5,4.405237803582049,0.09476219641795058
"""CNR3884867""","""CID7197422""",4.2,4.405237803582049,-0.2052379943169127
"""CNR5414976""","""CID1838778""",3.9,4.405237803582049,-0.5052377082146178
"""CNR7875710""","""CID6601460""",4.4042315,4.405237803582049,-0.0010062552727232443
"""CNR8981521""","""CID5741788""",4.4021993,4.405237803582049,-0.003038535240984963
"""CNR6947803""","""CID1307542""",4.2,4.405237803582049,-0.2052379943169127
"""CNR2126728""","""CID9060102""",4.4042315,4.405237803582049,-0.0010062552727232443
"""CNR6094111""","""CID7449531""",4.7,4.405237803582049,0.2947620056830873
"""CNR2562875""","""CID2655840""",4.2,4.405237803582049,-0.2052379943169127
"""CNR1053530""","""CID8755503""",4.2,4.405237803582049,-0.2052379943169127
"""CNR2167430""","""CID9001999""",4.7,4.405237803582049,0.2947620056830873
"""CNR1235681""","""CID8517454""",4.4,4.376986083790243,0.023014011577188853
"""CNR1153976""","""CID5547193""",4.8,4.405237803582049,0.39476238715281387
"""CNR8541980""","""CID1543934""",4.4098225,4.405237803582049,0.004584660407208396
"""CNR4382674""","""CID6307373""",4.4042315,4.405237803582049,-0.0010062552727232443
"""CNR5604450""","""CID9887506""",3.1,4.405237803582049,-1.305237898949481
"""CNR8544293""","""CID1596201""",4.3,4.405237803582049,-0.10523761284718613
"""CNR7888702""","""CID7912323""",4.3,4.405237803582049,-0.10523761284718613
"""CNR6798237""","""CID7652870""",4.2,4.405237803582049,-0.2052379943169127
"""CNR3510910""","""CID8602831""",4.405319,4.405237803582049,8.14102851380838e-05
"""CNR3215043""","""CID7999320""",3.6,4.376986083790243,-0.7769861791576744
"""CNR5311070""","""CID5399572""",4.4098225,4.405237803582049,0.004584660407208396
"""CNR4721358""","""CID9280267""",4.405319,4.405237803582049,8.14102851380838e-05
"""CNR1857452""","""CID8954910""",4.9,4.405237803582049,0.4947622917853822
"""CNR8231123""","""CID3760297""",4.4042315,4.405237803582049,-0.0010062552727232443
"""CNR1105081""","""CID4997905""",4.2,4.405237803582049,-0.2052379943169127
"""CNR7240368""","""CID2656055""",4.3,4.405237803582049,-0.10523761284718613
"""CNR4737975""","""CID9813236""",4.404214,4.405237803582049,-0.00102389824757676
"""CNR9072112""","""CID6153007""",4.4021993,4.405237803582049,-0.003038535240984963
"""CNR3895321""","""CID5757460""",4.4,4.376986083790243,0.023014011577188853
"""CNR1798325""","""CID2010207""",4.6,4.405237803582049,0.19476210105051894
"""CNR5426851""","""CID6641979""",5.0,4.405237803582049,0.5947621964179506
"""CNR7892722""","""CID5395980""",4.3,4.405237803582049,-0.10523761284718613
"""CNR3273199""","""CID3090911""",4.2,4.405237803582049,-0.2052379943169127
"""CNR4724638""","""CID3687380""",4.4,4.405237803582049,-0.005237708214617776
"""CNR1120318""","""CID8953878""",3.9,4.405237803582049,-0.5052377082146178
"""CNR5000962""","""CID8877319""",4.7,4.405237803582049,0.2947620056830873
"""CNR8590984""","""CID3062318""",4.6,4.405237803582049,0.19476210105051894
"""CNR7395911""","""CID1784133""",4.4021993,4.405237803582049,-0.003038535240984963
"""CNR2065882""","""CID5789397""",4.2,4.405237803582049,-0.2052379943169127
"""CNR7300956""","""CID5637231""",4.4098225,4.405237803582049,0.004584660407208396
"""CNR9657714""","""CID6118354""",4.6,4.405237803582049,0.19476210105051894
"""CNR4747698""","""CID3605302""",4.4042315,4.405237803582049,-0.0010062552727232443
"""CNR2914256""","""CID5618567""",4.4031615,4.405237803582049,-0.002076277855731057
"""CNR8891096""","""CID4104320""",4.404214,4.405237803582049,-0.00102389824757676
"""CNR1260279""","""CID2698394""",4.6,4.405237803582049,0.19476210105051894
"""CNR4261678""","""CID6415494""",4.4,4.405237803582049,-0.005237708214617776
"""CNR7786382""","""CID8557165""",4.4031615,4.405237803582049,-0.002076277855731057
"""CNR5930581""","""CID1810744""",4.7,4.405237803582049,0.2947620056830873
"""CNR4576049""","""CID8492689""",4.9,4.405237803582049,0.4947622917853822
"""CNR5014700""","""CID3482362""",4.4021993,4.405237803582049,-0.003038535240984963
"""CNR3844918""","""CID8540046""",4.405319,4.405237803582049,8.14102851380838e-05
"""CNR2103091""","""CID5058921""",4.4050717,4.405237803582049,-0.00016606819996933808
"""CNR4576367""","""CID1737248""",4.3,4.405237803582049,-0.10523761284718613
"""CNR1746475""","""CID8047214""",4.4021993,4.405237803582049,-0.003038535240984963
"""CNR1037559""","""CID5156670""",4.4031615,4.405237803582049,-0.002076277855731057
"""CNR3240053""","""CID8606762""",4.8,4.405237803582049,0.39476238715281387
"""CNR6594919""","""CID7468615""",4.6,4.405237803582049,0.19476210105051894
"""CNR6390012""","""CID9292547""",3.7,4.405237803582049,-0.7052377558983336
"""CNR1738050""","""CID2032133""",4.6,4.405237803582049,0.19476210105051894
"""CNR3213781""","""CID9995373""",4.4021993,4.405237803582049,-0.003038535240984963
"""CNR7500810""","""CID8553430""",4.9,4.405237803582049,0.4947622917853822
"""CNR8505234""","""CID7737751""",4.4042315,4.405237803582049,-0.0010062552727232443
"""CNR5144529""","""CID1069279""",3.7,4.405237803582049,-0.7052377558983336
"""CNR1431297""","""CID3832561""",4.5,4.405237803582049,0.09476219641795058
"""CNR3627439""","""CID7429564""",4.4042315,4.405237803582049,-0.0010062552727232443
"""CNR4256687""","""CID3031383""",4.6,4.376986083790243,0.22301382084232557
"""CNR6451948""","""CID2269864""",4.3,4.405237803582049,-0.10523761284718613
"""CNR3982447""","""CID5885434""",4.9,4.405237803582049,0.4947622917853822
"""CNR6903483""","""CID1833297""",4.4042315,4.405237803582049,-0.0010062552727232443
"""CNR8322888""","""CID4214806""",4.405319,4.405237803582049,8.14102851380838e-05
"""CNR1600732""","""CID6118303""",4.2,4.376986083790243,-0.17698627452510607
"""CNR6018943""","""CID3210560""",4.4031615,4.405237803582049,-0.002076277855731057
"""CNR2893776""","""CID6046842""",4.9,4.405237803582049,0.4947622917853822
"""CNR1793754""","""CID3050242""",4.6,4.405237803582049,0.19476210105051894
"""CNR4184178""","""CID6733361""",4.4031615,4.405237803582049,-0.002076277855731057
"""CNR3456420""","""CID1426774""",4.3,4.742105283235249,-0.44210509250038577
"""CNR6494460""","""CID6885572""",4.9,4.405237803582049,0.4947622917853822
"""CNR7288581""","""CID3965775""",4.7,4.405237803582049,0.2947620056830873
"""CNR1955544""","""CID5192996""",4.4098225,4.405237803582049,0.004584660407208396
"""CNR4893468""","""CID7695058""",3.8,4.405237803582049,-0.6052378512657652
"""CNR2199704""","""CID8460931""",4.4031615,4.405237803582049,-0.002076277855731057
"""CNR5020649""","""CID3279710""",4.4098225,4.405237803582049,0.004584660407208396
"""CNR7044475""","""CID2820917""",4.4021993,4.405237803582049,-0.003038535240984963
"""CNR2516949""","""CID7608433""",4.4021993,4.376986083790243,0.025213184550821666
"""CNR4607613""","""CID6009388""",4.4,4.405237803582049,-0.005237708214617776
"""CNR6631716""","""CID4272399""",4.4021993,4.405237803582049,-0.003038535240984963
"""CNR8714552""","""CID9908223""",4.4021993,4.405237803582049,-0.003038535240984963
"""CNR8614462""","""CID7015520""",4.6,4.405237803582049,0.19476210105051894
"""CNR5258346""","""CID2007884""",4.4021993,4.405237803582049,-0.003038535240984963
"""CNR7779243""","""CID8828211""",3.7,4.405237803582049,-0.7052377558983336
"""CNR2144041""","""CID3311513""",4.4042315,4.405237803582049,-0.0010062552727232443
"""CNR5694539""","""CID7548745""",4.9,4.405237803582049,0.4947622917853822
"""CNR1011146""","""CID2877388""",4.6,4.405237803582049,0.19476210105051894
"""CNR2902822""","""CID7347609""",4.4042315,4.405237803582049,-0.0010062552727232443
"""CNR5351956""","""CID9976914""",4.6,4.405237803582049,0.19476210105051894
"""CNR3449107""","""CID8684841""",4.4021993,4.405237803582049,-0.003038535240984963
"""CNR1311150""","""CID8815485""",3.9,4.405237803582049,-0.5052377082146178
"""CNR8564548""","""CID9438098""",4.3,4.405237803582049,-0.10523761284718613
"""CNR7634084""","""CID9892455""",4.5,4.405237803582049,0.09476219641795058
"""CNR5570282""","""CID9026335""",4.404214,4.405237803582049,-0.00102389824757676
"""CNR4536697""","""CID7126337""",4.9,4.405237803582049,0.4947622917853822
"""CNR7849364""","""CID1908404""",4.4098225,4.405237803582049,0.004584660407208396
"""CNR8763319""","""CID5838697""",4.7,4.405237803582049,0.2947620056830873
"""CNR4696331""","""CID4375999""",4.4,4.376986083790243,0.023014011577188853
"""CNR2631295""","""CID6745148""",4.4098225,4.405237803582049,0.004584660407208396
"""CNR6056559""","""CID5276959""",4.9,4.405237803582049,0.4947622917853822
"""CNR7210854""","""CID5513403""",4.2,4.487649406569887,-0.2876495973047506
"""CNR4069163""","""CID5463016""",4.9,4.405237803582049,0.4947622917853822
"""CNR1920861""","""CID7810285""",4.5,4.405237803582049,0.09476219641795058
"""CNR2697874""","""CID2888845""",4.2,4.376986083790243,-0.17698627452510607
"""CNR1827777""","""CID5504900""",4.6,4.405237803582049,0.19476210105051894
"""CNR3548553""","""CID7254305""",4.4042315,4.376986083790243,0.027245464519083384
"""CNR9312292""","""CID2238187""",4.4042315,4.405237803582049,-0.0010062552727232443
"""CNR4797662""","""CID9796279""",4.404214,4.405237803582049,-0.00102389824757676
"""CNR1201292""","""CID6430057""",3.7,4.405237803582049,-0.7052377558983336
"""CNR1508177""","""CID2201224""",4.8,4.405237803582049,0.39476238715281387
"""CNR8555905""","""CID5826282""",4.405319,4.405237803582049,8.14102851380838e-05
"""CNR7584322""","""CID6957650""",4.5,4.405237803582049,0.09476219641795058
"""CNR5689433""","""CID4512731""",3.4,4.405237803582049,-1.0052377082146178
"""CNR2122660""","""CID5953307""",4.4021993,4.405237803582049,-0.003038535240984963
"""CNR3090366""","""CID5494739""",4.6,4.405237803582049,0.19476210105051894
"""CNR9267450""","""CID1756833""",4.4098225,4.405237803582049,0.004584660407208396
"""CNR5860981""","""CID5834400""",4.4021993,4.405237803582049,-0.003038535240984963
"""CNR8888054""","""CID3254832""",4.7,4.405237803582049,0.2947620056830873
"""CNR7625048""","""CID5533214""",4.4031615,4.405237803582049,-0.002076277855731057
"""CNR4555451""","""CID2281273""",4.4098225,4.405237803582049,0.004584660407208396
"""CNR2701422""","""CID7741335""",4.4031615,4.405237803582049,-0.002076277855731057
"""CNR1580694""","""CID7114349""",4.1,4.405237803582049,-0.30523789894948106
"""CNR1552144""","""CID1956050""",5.0,4.376986083790243,0.6230139162097572
"""CNR2018143""","""CID3332315""",4.4021993,4.405237803582049,-0.003038535240984963
"""CNR4475447""","""CID6494974""",4.2,4.405237803582049,-0.2052379943169127
"""CNR2864958""","""CID3128607""",4.9,4.405237803582049,0.4947622917853822
"""CNR3072000""","""CID3951003""",4.404214,4.405237803582049,-0.00102389824757676
"""CNR5923352""","""CID8998603""",4.4042315,4.405237803582049,-0.0010062552727232443
"""CNR8289238""","""CID4152891""",4.4042315,4.405237803582049,-0.0010062552727232443
"""CNR2534476""","""CID9630760""",4.4042315,4.405237803582049,-0.0010062552727232443
"""CNR4644114""","""CID8758219""",4.5,4.405237803582049,0.09476219641795058
"""CNR3724219""","""CID5409246""",4.0,4.405237803582049,-0.4052378035820494
"""CNR2503312""","""CID7840337""",4.7,4.405237803582049,0.2947620056830873
"""CNR3450572""","""CID4613034""",4.405319,4.405237803582049,8.14102851380838e-05
"""CNR9007330""","""CID5278157""",4.7,4.405237803582049,0.2947620056830873
"""CNR9451861""","""CID9409938""",4.2,4.376986083790243,-0.17698627452510607
"""CNR1682667""","""CID7405011""",4.8,4.487649406569887,0.31235078416497597
"""CNR7945919""","""CID8329392""",3.8,4.405237803582049,-0.6052378512657652
"""CNR9867255""","""CID1703059""",4.4021993,4.405237803582049,-0.003038535240984963
"""CNR7296141""","""CID2207004""",4.405319,4.405237803582049,8.14102851380838e-05
"""CNR5154829""","""CID2946220""",4.7,4.405237803582049,0.2947620056830873
"""CNR4265516""","""CID1272268""",4.3,4.405237803582049,-0.10523761284718613
"""CNR7711002""","""CID2302361""",3.6,4.405237803582049,-0.8052378989494811
"""CNR3203477""","""CID7343220""",4.0,4.376986083790243,-0.3769860837902428
"""CNR5108133""","""CID7896781""",4.1,4.405237803582049,-0.30523789894948106
"""CNR7208270""","""CID6874963""",4.4031615,4.405237803582049,-0.002076277855731057
"""CNR7978786""","""CID6358771""",4.4031615,4.405237803582049,-0.002076277855731057
"""CNR4322215""","""CID8077123""",4.6,4.405237803582049,0.19476210105051894
"""CNR5377414""","""CID3619850""",4.4098225,4.405237803582049,0.004584660407208396
"""CNR4810453""","""CID8155967""",4.4031615,4.405237803582049,-0.002076277855731057
"""CNR6702192""","""CID1645813""",4.4042315,4.405237803582049,-0.0010062552727232443
"""CNR3835120""","""CID7612727""",4.9,4.405237803582049,0.4947622917853822
"""CNR8523031""","""CID4733559""",4.9,4.376986083790243,0.5230140115771889
"""CNR8529997""","""CID5932891""",4.6,4.405237803582049,0.19476210105051894
"""CNR9367203""","""CID9639907""",4.4098225,4.405237803582049,0.004584660407208396
"""CNR6108403""","""CID4762964""",4.4098225,4.405237803582049,0.004584660407208396
"""CNR2272063""","""CID5607939""",4.2,4.405237803582049,-0.2052379943169127
"""CNR1923322""","""CID3506744""",4.7,4.405237803582049,0.2947620056830873
"""CNR5260946""","""CID9643934""",3.2,4.405237803582049,-1.2052377558983336
"""CNR2756068""","""CID7377768""",4.4021993,4.405237803582049,-0.003038535240984963
"""CNR2462920""","""CID8593597""",4.6,4.405237803582049,0.19476210105051894
"""CNR3470158""","""CID7539450""",4.4098225,4.405237803582049,0.004584660407208396
"""CNR5727203""","""CID9868103""",4.8,4.405237803582049,0.39476238715281387
"""CNR7820911""","""CID4904049""",4.5,4.405237803582049,0.09476219641795058
"""CNR1839089""","""CID1529343""",4.4098225,4.376986083790243,0.032836380199015025
"""CNR5152186""","""CID6449188""",4.4021993,4.405237803582049,-0.003038535240984963
"""CNR9832116""","""CID8024813""",4.2,4.405237803582049,-0.2052379943169127
"""CNR4774758""","""CID7588300""",4.4021993,4.405237803582049,-0.003038535240984963
"""CNR1872272""","""CID2373482""",4.404214,4.405237803582049,-0.00102389824757676
"""CNR9952467""","""CID7333461""",4.6,4.405237803582049,0.19476210105051894
"""CNR6987967""","""CID5986982""",4.4098225,4.405237803582049,0.004584660407208396
"""CNR4986766""","""CID4882643""",3.2,4.405237803582049,-1.2052377558983336
"""CNR6760945""","""CID7967766""",4.2,4.405237803582049,-0.2052379943169127
"""CNR7289967""","""CID3207752""",4.7,4.405237803582049,0.2947620056830873
"""CNR2780883""","""CID5723347""",4.4042315,4.405237803582049,-0.0010062552727232443
"""CNR5313890""","""CID9847525""",4.2,4.405237803582049,-0.2052379943169127
"""CNR1191623""","""CID4970667""",3.5,4.405237803582049,-0.9052378035820494
"""CNR4717004""","""CID3050840""",4.4021993,4.405237803582049,-0.003038535240984963
"""CNR5991664""","""CID3927185""",4.6,4.405237803582049,0.19476210105051894
"""CNR1400222""","""CID2022340""",4.5,4.405237803582049,0.09476219641795058
"""CNR8175754""","""CID1914912""",4.4042315,4.405237803582049,-0.0010062552727232443
"""CNR6913293""","""CID1670020""",4.4,4.405237803582049,-0.005237708214617776
"""CNR1727271""","""CID4854357""",4.4031615,4.405237803582049,-0.002076277855731057
"""CNR3633757""","""CID2129555""",4.6,4.405237803582049,0.19476210105051894
"""CNR7464653""","""CID2875736""",4.404214,4.405237803582049,-0.00102389824757676
"""CNR9781302""","""CID6386995""",4.404214,4.405237803582049,-0.00102389824757676
"""CNR4466303""","""CID5350687""",4.9,4.405237803582049,0.4947622917853822
"""CNR3105115""","""CID1201994""",4.4031615,4.405237803582049,-0.002076277855731057
"""CNR8990210""","""CID6785239""",4.4021993,4.405237803582049,-0.003038535240984963
"""CNR2667505""","""CID1375213""",4.7,4.405237803582049,0.2947620056830873
"""CNR9204379""","""CID3344834""",4.3,4.405237803582049,-0.10523761284718613
"""CNR2077189""","""CID7433857""",4.404214,4.405237803582049,-0.00102389824757676
"""CNR6859256""","""CID9610185""",4.3,4.405237803582049,-0.10523761284718613
"""CNR7508547""","""CID5092628""",4.4,4.405237803582049,-0.005237708214617776
"""CNR8535238""","""CID7143496""",3.8,4.405237803582049,-0.6052378512657652
"""CNR9641721""","""CID6667650""",4.4098225,4.405237803582049,0.004584660407208396
"""CNR9397359""","""CID3073370""",4.3,4.405237803582049,-0.10523761284718613
"""CNR8279230""","""CID1864001""",4.7,4.405237803582049,0.2947620056830873
"""CNR9785044""","""CID3961502""",4.6,4.405237803582049,0.19476210105051894
"""CNR4012643""","""CID3354735""",4.4031615,4.405237803582049,-0.002076277855731057
"""CNR3993787""","""CID5892285""",4.4021993,4.405237803582049,-0.003038535240984963
"""CNR8906998""","""CID7294611""",4.6,4.405237803582049,0.19476210105051894
"""CNR2088337""","""CID3570693""",4.4042315,4.405237803582049,-0.0010062552727232443
"""CNR5514297""","""CID2007928""",4.3,4.405237803582049,-0.10523761284718613
"""CNR4088695""","""CID6350135""",4.4021993,4.405237803582049,-0.003038535240984963
"""CNR5576535""","""CID9927611""",4.3,4.405237803582049,-0.10523761284718613
"""CNR8758660""","""CID6754398""",4.405319,4.376986083790243,0.028333130076944713
"""CNR1478556""","""CID2544682""",4.4031615,4.405237803582049,-0.002076277855731057
"""CNR4632342""","""CID8295703""",4.1,4.405237803582049,-0.30523789894948106
"""CNR5923197""","""CID4465362""",4.404214,4.405237803582049,-0.00102389824757676
"""CNR9738010""","""CID8362026""",4.6,4.405237803582049,0.19476210105051894
"""CNR8667200""","""CID6891411""",4.9,4.405237803582049,0.4947622917853822
"""CNR4392260""","""CID5601998""",4.3,4.405237803582049,-0.10523761284718613
"""CNR2401522""","""CID3305315""",3.7,4.405237803582049,-0.7052377558983336
"""CNR8641379""","""CID4500085""",4.6,4.376986083790243,0.22301382084232557
"""CNR5601943""","""CID5450179""",4.4031615,4.405237803582049,-0.002076277855731057
"""CNR1927815""","""CID2350521""",3.9,4.405237803582049,-0.5052377082146178
"""CNR5726040""","""CID9552023""",4.4,4.405237803582049,-0.005237708214617776
"""CNR4859021""","""CID4256521""",4.4031615,4.405237803582049,-0.002076277855731057
"""CNR3791988""","""CID7426246""",4.4042315,4.405237803582049,-0.0010062552727232443
"""CNR9949759""","""CID8707297""",4.8,4.376986083790243,0.4230141069446205
"""CNR7753363""","""CID2875146""",3.8,4.405237803582049,-0.6052378512657652
"""CNR8698973""","""CID1329951""",4.2,4.405237803582049,-0.2052379943169127
"""CNR2225265""","""CID7888439""",4.4021993,4.405237803582049,-0.003038535240984963
"""CNR6545654""","""CID6543044""",4.3,4.405237803582049,-0.10523761284718613
"""CNR8595822""","""CID4052248""",4.2,4.405237803582049,-0.2052379943169127
"""CNR3582091""","""CID5562623""",4.4042315,4.405237803582049,-0.0010062552727232443
"""CNR6990047""","""CID6501764""",4.8,4.405237803582049,0.39476238715281387
"""CNR3335643""","""CID3292031""",4.8,4.405237803582049,0.39476238715281387
"""CNR2697550""","""CID8112408""",4.7,4.405237803582049,0.2947620056830873
"""CNR4191202""","""CID3423184""",4.404214,4.405237803582049,-0.00102389824757676
"""CNR6179214""","""CID2253285""",4.3,4.405237803582049,-0.10523761284718613
"""CNR4548268""","""CID3887242""",4.4042315,4.405237803582049,-0.0010062552727232443
"""CNR6369126""","""CID9912632""",3.1,4.405237803582049,-1.305237898949481
"""CNR1713641""","""CID4808857""",4.404214,4.405237803582049,-0.00102389824757676
"""CNR8467166""","""CID7655850""",5.0,4.405237803582049,0.5947621964179506
"""CNR4084935""","""CID9133064""",4.6,4.405237803582049,0.19476210105051894
"""CNR6760600""","""CID3589407""",4.7,4.405237803582049,0.2947620056830873
"""CNR7694297""","""CID9989919""",3.3,4.405237803582049,-1.1052378512657652
"""CNR5768387""","""CID2315312""",4.405319,4.376986083790243,0.028333130076944713
"""CNR5997331""","""CID8140549""",4.4098225,4.405237803582049,0.004584660407208396
"""CNR3210681""","""CID3173566""",4.2,4.405237803582049,-0.2052379943169127
"""CNR9232348""","""CID3790641""",4.9,4.405237803582049,0.4947622917853822
"""CNR3229646""","""CID9262666""",4.2,4.405237803582049,-0.2052379943169127
"""CNR5728975""","""CID6644319""",4.4042315,4.405237803582049,-0.0010062552727232443
"""CNR4481082""","""CID2667131""",4.4098225,4.405237803582049,0.004584660407208396
"""CNR3402188""","""CID2250102""",4.4021993,4.405237803582049,-0.003038535240984963
"""CNR4179763""","""CID6407944""",3.4,4.405237803582049,-1.0052377082146178
"""CNR5014931""","""CID5715881""",4.4042315,4.405237803582049,-0.0010062552727232443
"""CNR5357002""","""CID7139421""",4.4098225,4.405237803582049,0.004584660407208396
"""CNR5270926""","""CID1734408""",4.2,4.405237803582049,-0.2052379943169127
"""CNR5943322""","""CID4628891""",5.0,4.405237803582049,0.5947621964179506
"""CNR6825782""","""CID8764596""",4.3,4.405237803582049,-0.10523761284718613
"""CNR4213792""","""CID1067036""",5.0,4.405237803582049,0.5947621964179506
"""CNR2081761""","""CID4527455""",4.6,4.405237803582049,0.19476210105051894
"""CNR8033340""","""CID1428480""",4.6,4.405237803582049,0.19476210105051894
"""CNR9042176""","""CID9147692""",4.2,4.405237803582049,-0.2052379943169127
"""CNR1943830""","""CID4530446""",4.6,4.405237803582049,0.19476210105051894
"""CNR6170714""","""CID2731292""",4.2,4.405237803582049,-0.2052379943169127
"""CNR5252284""","""CID9563475""",5.0,4.405237803582049,0.5947621964179506
"""CNR3690398""","""CID1437432""",4.4098225,4.405237803582049,0.004584660407208396
"""CNR1505318""","""CID3331878""",3.2,4.405237803582049,-1.2052377558983336
"""CNR5760916""","""CID8278759""",3.1,4.405237803582049,-1.305237898949481
"""CNR7672957""","""CID3413020""",4.6,4.405237803582049,0.19476210105051894
"""CNR6899409""","""CID3917979""",4.4098225,4.405237803582049,0.004584660407208396
"""CNR6641893""","""CID7016410""",4.4042315,4.405237803582049,-0.0010062552727232443
"""CNR4262054""","""CID4720349""",4.2,4.405237803582049,-0.2052379943169127
"""CNR7742319""","""CID6841859""",4.3,4.405237803582049,-0.10523761284718613
"""CNR7212408""","""CID9990867""",4.6,4.405237803582049,0.19476210105051894
"""CNR4582852""","""CID8910649""",4.1,4.405237803582049,-0.30523789894948106
"""CNR4084551""","""CID7463544""",4.4021993,4.405237803582049,-0.003038535240984963
"""CNR9696900""","""CID5623530""",4.405319,4.405237803582049,8.14102851380838e-05
"""CNR1256228""","""CID3031464""",4.2,4.405237803582049,-0.2052379943169127
"""CNR1435152""","""CID3268335""",4.9,4.405237803582049,0.4947622917853822
"""CNR2809986""","""CID9567050""",4.4031615,4.405237803582049,-0.002076277855731057
"""CNR3420377""","""CID8533676""",4.2,4.405237803582049,-0.2052379943169127
"""CNR9640065""","""CID9978161""",4.6,4.405237803582049,0.19476210105051894
"""CNR4225944""","""CID4364455""",4.4042315,4.405237803582049,-0.0010062552727232443
"""CNR5974376""","""CID6003140""",4.4042315,4.405237803582049,-0.0010062552727232443
"""CNR5315369""","""CID9121394""",4.4042315,4.405237803582049,-0.0010062552727232443
"""CNR3425773""","""CID3971225""",4.3,4.405237803582049,-0.10523761284718613
"""CNR9572883""","""CID3319345""",4.0,4.405237803582049,-0.4052378035820494
"""CNR4529640""","""CID2013484""",4.4021993,4.405237803582049,-0.003038535240984963
"""CNR5653135""","""CID7619976""",4.6,4.405237803582049,0.19476210105051894
"""CNR9532557""","""CID9528063""",4.9,4.405237803582049,0.4947622917853822
"""CNR5010585""","""CID9904149""",4.5,4.405237803582049,0.09476219641795058
"""CNR5964770""","""CID4101420""",3.9,4.405237803582049,-0.5052377082146178
"""CNR8193204""","""CID1952520""",4.4,4.405237803582049,-0.005237708214617776
"""CNR8880758""","""CID2491675""",4.6,4.405237803582049,0.19476210105051894
"""CNR6960209""","""CID3547963""",4.4031615,4.405237803582049,-0.002076277855731057
"""CNR4900871""","""CID6159371""",4.2,4.405237803582049,-0.2052379943169127
"""CNR1139191""","""CID2311230""",4.9,4.405237803582049,0.4947622917853822
"""CNR3376791""","""CID6803006""",4.2,4.405237803582049,-0.2052379943169127
"""CNR7954941""","""CID3226319""",3.2,4.405237803582049,-1.2052377558983336
"""CNR3206583""","""CID3578470""",4.4,4.405237803582049,-0.005237708214617776
"""CNR9652983""","""CID4773175""",4.8,4.405237803582049,0.39476238715281387
"""CNR8276278""","""CID4407754""",4.3,4.405237803582049,-0.10523761284718613
"""CNR1833758""","""CID6715619""",4.3,4.405237803582049,-0.10523761284718613
"""CNR1365362""","""CID2061749""",4.4021993,4.405237803582049,-0.003038535240984963
"""CNR9818217""","""CID8584941""",4.3,4.405237803582049,-0.10523761284718613
"""CNR1851343""","""CID9463027""",4.4021993,4.405237803582049,-0.003038535240984963
"""CNR7042193""","""CID1068583""",3.4,4.405237803582049,-1.0052377082146178
"""CNR7353628""","""CID4679215""",4.404214,4.405237803582049,-0.00102389824757676
"""CNR7800724""","""CID2476239""",4.6,4.405237803582049,0.19476210105051894
"""CNR8927446""","""CID2907884""",4.5,4.405237803582049,0.09476219641795058
"""CNR3940972""","""CID4781248""",4.4050717,4.376986083790243,0.02808565159183729
"""CNR4597795""","""CID1674281""",4.3,4.405237803582049,-0.10523761284718613
"""CNR1295287""","""CID1090639""",4.1,4.405237803582049,-0.30523789894948106
"""CNR5661406""","""CID1691427""",4.404214,4.405237803582049,-0.00102389824757676
"""CNR4362940""","""CID1934516""",4.1,4.405237803582049,-0.30523789894948106
"""CNR5585325""","""CID2119462""",4.5,4.405237803582049,0.09476219641795058
"""CNR8166464""","""CID9321661""",4.4021993,4.405237803582049,-0.003038535240984963
"""CNR2197810""","""CID4782725""",4.3,4.405237803582049,-0.10523761284718613
"""CNR7730722""","""CID4610196""",4.4042315,4.405237803582049,-0.0010062552727232443
"""CNR9691594""","""CID1616757""",4.7,4.405237803582049,0.2947620056830873
"""CNR6887630""","""CID3197024""",5.0,4.405237803582049,0.5947621964179506
"""CNR9167520""","""CID7697333""",4.3,4.405237803582049,-0.10523761284718613
"""CNR4686858""","""CID3947658""",4.6,4.405237803582049,0.19476210105051894
"""CNR4728036""","""CID7349739""",4.4031615,4.405237803582049,-0.002076277855731057
"""CNR2081280""","""CID4385430""",4.6,4.405237803582049,0.19476210105051894
"""CNR3960502""","""CID1284427""",4.4042315,4.405237803582049,-0.0010062552727232443
"""CNR5744353""","""CID5674996""",3.2,4.405237803582049,-1.2052377558983336
"""CNR2157739""","""CID9336788""",4.8,4.405237803582049,0.39476238715281387
"""CNR5572068""","""CID7032319""",4.405319,4.405237803582049,8.14102851380838e-05
"""CNR9153547""","""CID2167445""",4.9,4.405237803582049,0.4947622917853822
"""CNR9930977""","""CID6235581""",4.2,4.405237803582049,-0.2052379943169127
"""CNR5203907""","""CID4564451""",4.5,4.405237803582049,0.09476219641795058
"""CNR9046420""","""CID7938341""",4.2,4.405237803582049,-0.2052379943169127
"""CNR4802167""","""CID7280441""",4.6,4.405237803582049,0.19476210105051894
"""CNR9046459""","""CID2379688""",4.405319,4.405237803582049,8.14102851380838e-05
"""CNR9286779""","""CID3079513""",4.4042315,4.405237803582049,-0.0010062552727232443
"""CNR2482715""","""CID9053373""",4.4042315,4.405237803582049,-0.0010062552727232443
"""CNR6162893""","""CID9150546""",4.9,4.405237803582049,0.4947622917853822
"""CNR1516703""","""CID9108136""",4.6,4.405237803582049,0.19476210105051894
"""CNR3209964""","""CID6502343""",4.8,4.405237803582049,0.39476238715281387
"""CNR8448516""","""CID3421844""",4.7,4.405237803582049,0.2947620056830873
"""CNR1281773""","""CID3413631""",4.9,4.405237803582049,0.4947622917853822
"""CNR5242139""","""CID8596685""",5.0,4.405237803582049,0.5947621964179506
"""CNR9098064""","""CID4848656""",4.4021993,4.405237803582049,-0.003038535240984963
"""CNR8950447""","""CID8130265""",4.3,4.405237803582049,-0.10523761284718613
"""CNR3191144""","""CID5636263""",4.404214,4.405237803582049,-0.00102389824757676
"""CNR1799772""","""CID1823861""",3.8,4.405237803582049,-0.6052378512657652
"""CNR5316143""","""CID4838563""",4.4,4.405237803582049,-0.005237708214617776
"""CNR7845904""","""CID4623160""",4.2,4.405237803582049,-0.2052379943169127
"""CNR2758536""","""CID8754613""",5.0,4.487649406569887,0.5123505934301127
"""CNR5093104""","""CID8531573""",4.404214,4.405237803582049,-0.00102389824757676
"""CNR7806689""","""CID7705409""",4.5,4.405237803582049,0.09476219641795058
"""CNR4135617""","""CID5352904""",4.404214,4.405237803582049,-0.00102389824757676
"""CNR9402192""","""CID4870244""",4.7,4.405237803582049,0.2947620056830873
"""CNR6728831""","""CID3325866""",4.4042315,4.405237803582049,-0.0010062552727232443
"""CNR5861552""","""CID4784788""",4.7,4.405237803582049,0.2947620056830873
"""CNR7226657""","""CID9932914""",4.3,4.405237803582049,-0.10523761284718613
"""CNR2872868""","""CID4088858""",4.8,4.376986083790243,0.4230141069446205
"""CNR8005921""","""CID2586662""",4.4,4.405237803582049,-0.005237708214617776
"""CNR2277118""","""CID7242887""",4.4021993,4.405237803582049,-0.003038535240984963
"""CNR3570126""","""CID8393833""",4.4042315,4.405237803582049,-0.0010062552727232443
"""CNR3168334""","""CID6712977""",4.2,4.405237803582049,-0.2052379943169127
"""CNR9915708""","""CID6788589""",4.9,4.405237803582049,0.4947622917853822
"""CNR8570438""","""CID5489069""",4.5,4.405237803582049,0.09476219641795058
"""CNR4549110""","""CID9338655""",4.4,4.405237803582049,-0.005237708214617776
"""CNR9890445""","""CID9642881""",4.2,4.405237803582049,-0.2052379943169127
"""CNR2234736""","""CID4193584""",4.405319,4.405237803582049,8.14102851380838e-05
"""CNR6066378""","""CID1489089""",4.4021993,4.405237803582049,-0.003038535240984963
"""CNR6629981""","""CID8073641""",4.4098225,4.405237803582049,0.004584660407208396
"""CNR8006910""","""CID1687622""",4.4021993,4.405237803582049,-0.003038535240984963
"""CNR7050442""","""CID5338200""",4.404214,4.405237803582049,-0.00102389824757676
"""CNR2656945""","""CID6460078""",4.4031615,4.405237803582049,-0.002076277855731057
"""CNR3053228""","""CID5595744""",4.1,4.405237803582049,-0.30523789894948106
"""CNR5950356""","""CID1278629""",4.8,4.405237803582049,0.39476238715281387
"""CNR4874377""","""CID1649735""",3.8,4.405237803582049,-0.6052378512657652
"""CNR7335280""","""CID6884865""",3.9,4.405237803582049,-0.5052377082146178
"""CNR5490388""","""CID9590575""",4.4031615,4.405237803582049,-0.002076277855731057
"""CNR5375381""","""CID6772400""",4.3,4.405237803582049,-0.10523761284718613
"""CNR8222082""","""CID8150270""",4.9,4.405237803582049,0.4947622917853822
"""CNR1686216""","""CID4719272""",5.0,4.405237803582049,0.5947621964179506
"""CNR1160985""","""CID5375517""",4.7,4.405237803582049,0.2947620056830873
"""CNR1680194""","""CID3631191""",4.4,4.405237803582049,-0.005237708214617776
"""CNR8747726""","""CID6305701""",4.404214,4.405237803582049,-0.00102389824757676
"""CNR5106552""","""CID6383551""",4.7,4.405237803582049,0.2947620056830873
"""CNR2725298""","""CID2801123""",4.9,4.405237803582049,0.4947622917853822
"""CNR8246688""","""CID2527536""",4.404214,4.405237803582049,-0.00102389824757676
"""CNR1354855""","""CID2544445""",4.2,4.405237803582049,-0.2052379943169127
"""CNR5425258""","""CID9690603""",4.9,4.405237803582049,0.4947622917853822
"""CNR4153972""","""CID6122991""",4.2,4.405237803582049,-0.2052379943169127
"""CNR5561597""","""CID6013761""",4.8,4.405237803582049,0.39476238715281387
"""CNR4888601""","""CID7985070""",3.9,4.405237803582049,-0.5052377082146178
"""CNR5912408""","""CID5352828""",4.404214,4.405237803582049,-0.00102389824757676
"""CNR6443477""","""CID4975717""",4.3,4.405237803582049,-0.10523761284718613
"""CNR1423628""","""CID2929259""",4.4042315,4.405237803582049,-0.0010062552727232443
"""CNR9860077""","""CID4138210""",4.4,4.405237803582049,-0.005237708214617776
"""CNR6674336""","""CID4597746""",4.3,4.405237803582049,-0.10523761284718613
"""CNR6199725""","""CID3933212""",4.6,4.405237803582049,0.19476210105051894
"""CNR8822534""","""CID8067490""",4.4042315,4.405237803582049,-0.0010062552727232443
"""CNR9673259""","""CID1909342""",4.2,4.405237803582049,-0.2052379943169127
"""CNR2913548""","""CID2818737""",3.4,4.405237803582049,-1.0052377082146178
"""CNR2382929""","""CID8337640""",4.4021993,4.405237803582049,-0.003038535240984963
"""CNR1275855""","""CID7547321""",4.8,4.405237803582049,0.39476238715281387
"""CNR5954501""","""CID6509743""",4.9,4.405237803582049,0.4947622917853822
"""CNR4506850""","""CID8505807""",4.8,4.405237803582049,0.39476238715281387
"""CNR4393204""","""CID3617949""",4.1,4.405237803582049,-0.30523789894948106
"""CNR1826166""","""CID8141249""",4.405319,4.376986083790243,0.028333130076944713
"""CNR1581740""","""CID9157134""",4.4031615,4.376986083790243,0.026175441936075572
"""CNR7557186""","""CID9774504""",4.4042315,4.405237803582049,-0.0010062552727232443
"""CNR7127278""","""CID5088618""",4.4031615,4.405237803582049,-0.002076277855731057
"""CNR5287646""","""CID8696965""",4.4,4.405237803582049,-0.005237708214617776
"""CNR4124851""","""CID7525144""",4.6,4.405237803582049,0.19476210105051894
"""CNR8281657""","""CID3696099""",4.4021993,4.405237803582049,-0.003038535240984963
"""CNR8347641""","""CID4507615""",4.6,4.405237803582049,0.19476210105051894
"""CNR6706559""","""CID8929753""",4.3,4.405237803582049,-0.10523761284718613
"""CNR3917913""","""CID8824037""",4.4021993,4.405237803582049,-0.003038535240984963
"""CNR7465023""","""CID6145416""",4.4021993,4.405237803582049,-0.003038535240984963
"""CNR4134932""","""CID6712001""",4.2,4.405237803582049,-0.2052379943169127
"""CNR7248041""","""CID3850493""",4.3,4.405237803582049,-0.10523761284718613
"""CNR8823807""","""CID9242263""",4.4021993,4.405237803582049,-0.003038535240984963
"""CNR3115295""","""CID8507090""",4.4021993,4.405237803582049,-0.003038535240984963
"""CNR3534181""","""CID9170648""",4.9,4.405237803582049,0.4947622917853822
"""CNR5119492""","""CID4415636""",4.1,4.405237803582049,-0.30523789894948106
"""CNR6596779""","""CID9383170""",4.1,4.405237803582049,-0.30523789894948106
"""CNR9918785""","""CID1934290""",4.9,4.405237803582049,0.4947622917853822
"""CNR4407444""","""CID3265317""",4.4042315,4.405237803582049,-0.0010062552727232443
"""CNR4141190""","""CID5513357""",4.4042315,4.405237803582049,-0.0010062552727232443
"""CNR8867457""","""CID5946323""",4.404214,4.405237803582049,-0.00102389824757676
"""CNR1553905""","""CID8653963""",4.7,4.405237803582049,0.2947620056830873
"""CNR6749916""","""CID4155306""",4.404214,4.405237803582049,-0.00102389824757676
"""CNR9557779""","""CID3864365""",4.5,4.405237803582049,0.09476219641795058
"""CNR1083126""","""CID6733347""",4.4050717,4.405237803582049,-0.00016606819996933808
"""CNR2908089""","""CID6899999""",4.8,4.405237803582049,0.39476238715281387
"""CNR6266458""","""CID3574121""",4.4031615,4.405237803582049,-0.002076277855731057
"""CNR1023590""","""CID6071377""",4.4031615,4.405237803582049,-0.002076277855731057
"""CNR7432984""","""CID4944044""",4.4021993,4.376986083790243,0.025213184550821666
"""CNR6521326""","""CID7640019""",4.4021993,4.405237803582049,-0.003038535240984963
"""CNR7799416""","""CID9129313""",4.404214,4.405237803582049,-0.00102389824757676
"""CNR3080239""","""CID9519618""",4.7,4.405237803582049,0.2947620056830873
"""CNR5065865""","""CID1084592""",4.2,4.405237803582049,-0.2052379943169127
"""CNR5520005""","""CID8627713""",4.4021993,4.405237803582049,-0.003038535240984963
"""CNR7670281""","""CID4622882""",3.8,4.405237803582049,-0.6052378512657652
"""CNR6764560""","""CID5583838""",4.404214,4.405237803582049,-0.00102389824757676
"""CNR6639663""","""CID1856864""",4.2,4.405237803582049,-0.2052379943169127
"""CNR8570018""","""CID3119161""",4.9,4.405237803582049,0.4947622917853822
"""CNR9861100""","""CID4381035""",4.4098225,4.405237803582049,0.004584660407208396
"""CNR6151795""","""CID5358316""",4.4098225,4.405237803582049,0.004584660407208396
"""CNR9144001""","""CID8375999""",4.4021993,4.405237803582049,-0.003038535240984963
"""CNR2059676""","""CID8834981""",4.4021993,4.405237803582049,-0.003038535240984963
"""CNR3409803""","""CID4141480""",4.4042315,4.405237803582049,-0.0010062552727232443
"""CNR1539386""","""CID4977170""",4.9,4.405237803582049,0.4947622917853822
"""CNR5266523""","""CID6032626""",4.4021993,4.405237803582049,-0.003038535240984963
"""CNR1766643""","""CID3382677""",4.4031615,4.405237803582049,-0.002076277855731057
"""CNR7222390""","""CID7133240""",4.4031615,4.405237803582049,-0.002076277855731057
"""CNR6904008""","""CID4633039""",4.8,4.405237803582049,0.39476238715281387
"""CNR6462479""","""CID3379530""",4.2,4.405237803582049,-0.2052379943169127
"""CNR2203581""","""CID6293143""",4.4021993,4.405237803582049,-0.003038535240984963
"""CNR5358883""","""CID7865202""",4.5,4.405237803582049,0.09476219641795058
"""CNR9652100""","""CID3244344""",4.4098225,4.405237803582049,0.004584660407208396
"""CNR3208964""","""CID8033901""",3.3,4.405237803582049,-1.1052378512657652
"""CNR1859793""","""CID9411379""",4.1,4.405237803582049,-0.30523789894948106
"""CNR1050782""","""CID9167773""",4.1,4.405237803582049,-0.30523789894948106
"""CNR7680933""","""CID3868433""",4.2,4.405237803582049,-0.2052379943169127
"""CNR8116957""","""CID8388620""",3.4,4.405237803582049,-1.0052377082146178
"""CNR4846959""","""CID6986778""",4.404214,4.405237803582049,-0.00102389824757676
"""CNR2956527""","""CID9556231""",4.6,4.405237803582049,0.19476210105051894
"""CNR3430212""","""CID3322335""",4.3,4.405237803582049,-0.10523761284718613
"""CNR4120478""","""CID2078382""",4.9,4.376986083790243,0.5230140115771889
"""CNR6830228""","""CID3913334""",4.4042315,4.405237803582049,-0.0010062552727232443
"""CNR2639534""","""CID1016051""",4.2,4.405237803582049,-0.2052379943169127
"""CNR5427287""","""CID7466172""",4.4042315,4.405237803582049,-0.0010062552727232443
"""CNR1887147""","""CID3848749""",4.405319,4.405237803582049,8.14102851380838e-05
"""CNR5406143""","""CID4770626""",4.9,4.376986083790243,0.5230140115771889
"""CNR7198306""","""CID9989141""",3.6,4.405237803582049,-0.8052378989494811
"""CNR9363952""","""CID2377711""",4.6,4.405237803582049,0.19476210105051894
"""CNR8059470""","""CID2971494""",4.4021993,4.405237803582049,-0.003038535240984963
"""CNR8179911""","""CID4803041""",4.4042315,4.405237803582049,-0.0010062552727232443
"""CNR3380054""","""CID1332325""",4.1,4.405237803582049,-0.30523789894948106
"""CNR4705588""","""CID2642676""",4.6,4.405237803582049,0.19476210105051894
"""CNR7890211""","""CID4952885""",4.404214,4.405237803582049,-0.00102389824757676
"""CNR5049997""","""CID5763421""",4.404214,4.405237803582049,-0.00102389824757676
"""CNR6731599""","""CID6258529""",4.2,4.405237803582049,-0.2052379943169127
"""CNR3358902""","""CID1538840""",3.9,4.405237803582049,-0.5052377082146178
"""CNR2357907""","""CID6450239""",4.9,4.405237803582049,0.4947622917853822
"""CNR8160310""","""CID9914235""",4.4042315,4.405237803582049,-0.0010062552727232443
"""CNR6870085""","""CID2666338""",4.2,4.405237803582049,-0.2052379943169127
"""CNR2009485""","""CID1601998""",4.4031615,4.405237803582049,-0.002076277855731057
"""CNR3811660""","""CID7489246""",4.4098225,4.405237803582049,0.004584660407208396
"""CNR5805760""","""CID4822126""",3.8,4.405237803582049,-0.6052378512657652
"""CNR2555018""","""CID9611999""",4.405319,4.405237803582049,8.14102851380838e-05
"""CNR8862779""","""CID9811616""",4.4,4.405237803582049,-0.005237708214617776
"""CNR7788546""","""CID3273610""",3.7,4.405237803582049,-0.7052377558983336
"""CNR8907201""","""CID8328880""",4.404214,4.405237803582049,-0.00102389824757676
"""CNR5275368""","""CID1038961""",3.9,4.405237803582049,-0.5052377082146178
"""CNR5709353""","""CID4941500""",4.4050717,4.405237803582049,-0.00016606819996933808
"""CNR8900146""","""CID6003203""",4.5,4.405237803582049,0.09476219641795058
"""CNR8820894""","""CID6719740""",3.2,4.405237803582049,-1.2052377558983336
"""CNR2404012""","""CID6824579""",4.0,4.405237803582049,-0.4052378035820494
"""CNR2208699""","""CID6746069""",4.1,4.405237803582049,-0.30523789894948106
"""CNR1735021""","""CID9481670""",4.4050717,4.405237803582049,-0.00016606819996933808
"""CNR6419416""","""CID9574111""",4.9,4.405237803582049,0.4947622917853822
"""CNR1301568""","""CID4579948""",4.6,4.405237803582049,0.19476210105051894
"""CNR9724402""","""CID7137002""",4.6,4.405237803582049,0.19476210105051894
"""CNR8154024""","""CID1819152""",4.404214,4.405237803582049,-0.00102389824757676
"""CNR3422556""","""CID3340220""",5.0,4.405237803582049,0.5947621964179506
"""CNR2625371""","""CID4255712""",4.6,4.405237803582049,0.19476210105051894
"""CNR5553074""","""CID2674107""",3.1,4.405237803582049,-1.305237898949481
"""CNR5592778""","""CID6846416""",4.6,4.405237803582049,0.19476210105051894
"""CNR3110561""","""CID9435267""",4.2,4.405237803582049,-0.2052379943169127
"""CNR1167529""","""CID4585093""",4.4098225,4.405237803582049,0.004584660407208396
"""CNR7782491""","""CID9149017""",3.9,4.405237803582049,-0.5052377082146178
"""CNR7161820""","""CID1029421""",4.4021993,4.405237803582049,-0.003038535240984963
"""CNR7080399""","""CID8358718""",4.6,4.405237803582049,0.19476210105051894
"""CNR6332871""","""CID5604712""",3.8,4.376986083790243,-0.5769861314739586
"""CNR5817428""","""CID3259792""",4.404214,4.405237803582049,-0.00102389824757676
"""CNR2945151""","""CID9514039""",4.6,4.405237803582049,0.19476210105051894
"""CNR5610727""","""CID6336198""",4.6,4.405237803582049,0.19476210105051894
"""CNR1047034""","""CID1367246""",4.5,4.405237803582049,0.09476219641795058
"""CNR3075574""","""CID1474945""",4.4021993,4.405237803582049,-0.003038535240984963
"""CNR5013706""","""CID2005672""",4.404214,4.405237803582049,-0.00102389824757676
"""CNR4442602""","""CID2137170""",4.6,4.405237803582049,0.19476210105051894
"""CNR2837170""","""CID3176366""",3.3,4.405237803582049,-1.1052378512657652
"""CNR9527997""","""CID4539082""",4.9,4.405237803582049,0.4947622917853822
"""CNR8878206""","""CID9508420""",4.1,4.405237803582049,-0.30523789894948106
"""CNR8420646""","""CID5878218""",4.404214,4.405237803582049,-0.00102389824757676
"""CNR4952630""","""CID4677672""",4.3,4.405237803582049,-0.10523761284718613
"""CNR6007354""","""CID5589040""",3.3,4.405237803582049,-1.1052378512657652
"""CNR6821482""","""CID3957026""",4.6,4.405237803582049,0.19476210105051894
"""CNR3992546""","""CID9574115""",4.3,4.376986083790243,-0.0769858930553795
"""CNR8554433""","""CID3395286""",4.5,4.405237803582049,0.09476219641795058
"""CNR3446686""","""CID7329977""",4.1,4.405237803582049,-0.30523789894948106
"""CNR3476893""","""CID1158892""",4.4042315,4.405237803582049,-0.0010062552727232443
"""CNR2223519""","""CID1874572""",4.405319,4.405237803582049,8.14102851380838e-05
"""CNR8164304""","""CID1715534""",4.6,4.405237803582049,0.19476210105051894
"""CNR6882660""","""CID9121537""",4.4042315,4.405237803582049,-0.0010062552727232443
"""CNR9575767""","""CID2082715""",4.405319,4.405237803582049,8.14102851380838e-05
"""CNR1275868""","""CID1542626""",4.6,4.405237803582049,0.19476210105051894
"""CNR6000755""","""CID5742208""",4.5,4.405237803582049,0.09476219641795058
"""CNR1753649""","""CID1052326""",4.405319,4.405237803582049,8.14102851380838e-05
"""CNR6939731""","""CID3634344""",4.4021993,4.405237803582049,-0.003038535240984963
"""CNR4274030""","""CID6308606""",5.0,4.405237803582049,0.5947621964179506
"""CNR6178712""","""CID8819795""",4.4042315,4.405237803582049,-0.0010062552727232443
"""CNR9646369""","""CID2665603""",5.0,4.405237803582049,0.5947621964179506
"""CNR2359007""","""CID9896180""",4.1,4.405237803582049,-0.30523789894948106
"""CNR9740345""","""CID3992555""",4.405319,4.405237803582049,8.14102851380838e-05
"""CNR4834206""","""CID8686907""",4.4021993,4.405237803582049,-0.003038535240984963
"""CNR5517623""","""CID1479568""",4.2,4.405237803582049,-0.2052379943169127
"""CNR9484347""","""CID7568341""",4.4031615,4.405237803582049,-0.002076277855731057
"""CNR6172498""","""CID2152645""",4.6,4.405237803582049,0.19476210105051894
"""CNR3951050""","""CID4708442""",4.9,4.405237803582049,0.4947622917853822
"""CNR7054627""","""CID9082369""",4.2,4.487649406569887,-0.2876495973047506
"""CNR5119405""","""CID2508763""",3.9,4.405237803582049,-0.5052377082146178
"""CNR4198729""","""CID4496413""",4.4042315,4.405237803582049,-0.0010062552727232443
"""CNR5022934""","""CID9214354""",4.8,4.405237803582049,0.39476238715281387
"""CNR1733141""","""CID7559197""",4.404214,4.376986083790243,0.02722782154422987
"""CNR8986769""","""CID1885779""",4.3,4.405237803582049,-0.10523761284718613
"""CNR1443955""","""CID5461233""",4.9,4.405237803582049,0.4947622917853822
"""CNR4279216""","""CID4290651""",4.1,4.405237803582049,-0.30523789894948106
"""CNR4996172""","""CID8995581""",4.4,4.405237803582049,-0.005237708214617776
"""CNR4088209""","""CID3742636""",4.2,4.405237803582049,-0.2052379943169127
"""CNR1161469""","""CID7159632""",4.9,4.405237803582049,0.4947622917853822
"""CNR3351987""","""CID2676745""",3.1,4.405237803582049,-1.305237898949481
"""CNR9551354""","""CID3114017""",4.4042315,4.405237803582049,-0.0010062552727232443
"""CNR7868545""","""CID7365317""",4.6,4.405237803582049,0.19476210105051894
"""CNR9052615""","""CID3868378""",4.2,4.405237803582049,-0.2052379943169127
"""CNR1316024""","""CID8929639""",4.1,4.405237803582049,-0.30523789894948106
"""CNR8564439""","""CID8948991""",4.9,4.405237803582049,0.4947622917853822
"""CNR7735771""","""CID8261556""",4.3,4.405237803582049,-0.10523761284718613
"""CNR7908610""","""CID7755899""",4.8,4.405237803582049,0.39476238715281387
"""CNR7046942""","""CID1556198""",4.9,4.405237803582049,0.4947622917853822
"""CNR6992804""","""CID4158759""",4.6,4.405237803582049,0.19476210105051894
"""CNR5154722""","""CID5007820""",4.4098225,4.405237803582049,0.004584660407208396
"""CNR4332477""","""CID6203666""",5.0,4.405237803582049,0.5947621964179506
"""CNR1083201""","""CID1717468""",3.5,4.405237803582049,-0.9052378035820494
"""CNR4856926""","""CID6345310""",4.2,4.405237803582049,-0.2052379943169127
"""CNR7080033""","""CID6809979""",4.4042315,4.405237803582049,-0.0010062552727232443
"""CNR7192334""","""CID2717187""",4.6,4.405237803582049,0.19476210105051894
"""CNR1905633""","""CID9425083""",4.3,4.405237803582049,-0.10523761284718613
"""CNR3206511""","""CID2202056""",4.6,4.405237803582049,0.19476210105051894
"""CNR1227188""","""CID6630607""",4.3,4.376986083790243,-0.0769858930553795
"""CNR1352177""","""CID7329555""",4.2,4.405237803582049,-0.2052379943169127
"""CNR9894037""","""CID8265128""",4.9,4.405237803582049,0.4947622917853822
"""CNR1852232""","""CID5004786""",4.6,4.405237803582049,0.19476210105051894
"""CNR1245279""","""CID3345156""",4.4098225,4.405237803582049,0.004584660407208396
"""CNR2554407""","""CID5861097""",4.9,4.405237803582049,0.4947622917853822
"""CNR6958689""","""CID9051940""",4.3,4.405237803582049,-0.10523761284718613
"""CNR6998198""","""CID6229551""",4.4021993,4.405237803582049,-0.003038535240984963
"""CNR4026979""","""CID3424050""",4.9,4.405237803582049,0.4947622917853822
"""CNR9366393""","""CID6995953""",4.4042315,4.405237803582049,-0.0010062552727232443
"""CNR6925518""","""CID9098396""",4.4031615,4.405237803582049,-0.002076277855731057
"""CNR7871423""","""CID2416802""",4.4021993,4.405237803582049,-0.003038535240984963
"""CNR4377293""","""CID1079964""",4.2,4.405237803582049,-0.2052379943169127
"""CNR9595864""","""CID2191666""",4.9,4.405237803582049,0.4947622917853822
"""CNR3175179""","""CID6662597""",5.0,4.405237803582049,0.5947621964179506
"""CNR5416282""","""CID2706468""",4.9,4.405237803582049,0.4947622917853822
"""CNR6329152""","""CID1404055""",4.8,4.405237803582049,0.39476238715281387
"""CNR3696184""","""CID7626981""",4.8,4.405237803582049,0.39476238715281387
"""CNR7805595""","""CID6688635""",4.4042315,4.405237803582049,-0.0010062552727232443
"""CNR5350701""","""CID1035063""",4.4,4.405237803582049,-0.005237708214617776
"""CNR6457895""","""CID6890206""",4.2,4.405237803582049,-0.2052379943169127
"""CNR1065263""","""CID7572096""",4.4021993,4.405237803582049,-0.003038535240984963
"""CNR7967044""","""CID2731324""",4.4042315,4.405237803582049,-0.0010062552727232443
"""CNR7680991""","""CID8609572""",4.3,4.405237803582049,-0.10523761284718613
"""CNR8424882""","""CID8857065""",4.4042315,4.405237803582049,-0.0010062552727232443
"""CNR9252320""","""CID2606123""",4.6,4.487649406569887,0.11235049806268105
"""CNR3736688""","""CID9290643""",4.9,4.405237803582049,0.4947622917853822
"""CNR3096452""","""CID2506033""",3.7,4.405237803582049,-0.7052377558983336
"""CNR6966968""","""CID6915472""",4.4,4.405237803582049,-0.005237708214617776
"""CNR4781925""","""CID2388342""",4.4031615,4.405237803582049,-0.002076277855731057
"""CNR5217134""","""CID2238588""",4.4098225,4.376986083790243,0.032836380199015025
"""CNR8525068""","""CID7339295""",4.4042315,4.376986083790243,0.027245464519083384
"""CNR2619641""","""CID2250844""",4.4042315,4.405237803582049,-0.0010062552727232443
"""CNR6461585""","""CID7542942""",4.6,4.405237803582049,0.19476210105051894
"""CNR7188191""","""CID2581660""",4.4098225,4.405237803582049,0.004584660407208396
"""CNR6195053""","""CID8136168""",4.4,4.405237803582049,-0.005237708214617776
"""CNR7776720""","""CID2935000""",4.2,4.405237803582049,-0.2052379943169127
"""CNR3723961""","""CID5876188""",3.8,4.405237803582049,-0.6052378512657652
"""CNR8610300""","""CID9990920""",4.4098225,4.405237803582049,0.004584660407208396
"""CNR7074971""","""CID4202064""",4.4098225,4.405237803582049,0.004584660407208396
"""CNR4973413""","""CID4492368""",4.4050717,4.405237803582049,-0.00016606819996933808
"""CNR7183806""","""CID4710569""",4.4042315,4.405237803582049,-0.0010062552727232443
"""CNR1244683""","""CID1646499""",4.9,4.405237803582049,0.4947622917853822
"""CNR3503080""","""CID3923657""",4.3,4.405237803582049,-0.10523761284718613
"""CNR9577462""","""CID9637297""",4.2,4.405237803582049,-0.2052379943169127
"""CNR9662497""","""CID8751859""",4.3,4.405237803582049,-0.10523761284718613
"""CNR4976568""","""CID6156839""",4.8,4.405237803582049,0.39476238715281387
"""CNR9904376""","""CID6273652""",4.6,4.742105283235249,-0.1421053786026807
"""CNR2609998""","""CID3242970""",3.8,4.405237803582049,-0.6052378512657652
"""CNR5616171""","""CID6374104""",4.405319,4.405237803582049,8.14102851380838e-05
"""CNR5436721""","""CID3109285""",4.7,4.405237803582049,0.2947620056830873
"""CNR8486373""","""CID3236855""",4.4031615,4.405237803582049,-0.002076277855731057
"""CNR9350406""","""CID8312156""",4.4031615,4.405237803582049,-0.002076277855731057
"""CNR9677000""","""CID1205837""",4.4,4.405237803582049,-0.005237708214617776
"""CNR9744368""","""CID8401018""",4.4031615,4.405237803582049,-0.002076277855731057
"""CNR5026262""","""CID7355200""",4.4031615,4.405237803582049,-0.002076277855731057
"""CNR2157268""","""CID3869231""",4.3,4.405237803582049,-0.10523761284718613
"""CNR1524488""","""CID5081543""",4.5,4.405237803582049,0.09476219641795058
"""CNR8794248""","""CID6008161""",4.2,4.405237803582049,-0.2052379943169127
"""CNR8719940""","""CID8054822""",4.4,4.405237803582049,-0.005237708214617776
"""CNR6453805""","""CID4436693""",4.404214,4.405237803582049,-0.00102389824757676
"""CNR3108429""","""CID6770995""",4.4021993,4.405237803582049,-0.003038535240984963
"""CNR3679131""","""CID9414529""",4.4031615,4.405237803582049,-0.002076277855731057
"""CNR7945350""","""CID3252516""",4.7,4.487649406569887,0.2123504026952494
"""CNR5343863""","""CID9918941""",4.0,4.405237803582049,-0.4052378035820494
"""CNR4357017""","""CID6633981""",4.4031615,4.405237803582049,-0.002076277855731057
"""CNR4964213""","""CID5947730""",4.5,4.405237803582049,0.09476219641795058
"""CNR9919190""","""CID9804197""",4.9,4.405237803582049,0.4947622917853822
"""CNR7753489""","""CID8963355""",4.6,4.405237803582049,0.19476210105051894
"""CNR5979205""","""CID4306351""",4.1,4.405237803582049,-0.30523789894948106
"""CNR2048119""","""CID8763468""",4.4021993,4.405237803582049,-0.003038535240984963
"""CNR4920013""","""CID1127253""",4.6,4.405237803582049,0.19476210105051894
"""CNR7452150""","""CID6157244""",4.4042315,4.405237803582049,-0.0010062552727232443
"""CNR9921547""","""CID8880204""",4.1,4.405237803582049,-0.30523789894948106
"""CNR6517359""","""CID4752900""",4.4031615,4.405237803582049,-0.002076277855731057
"""CNR3438724""","""CID1422329""",4.5,4.405237803582049,0.09476219641795058
"""CNR2597802""","""CID2975346""",3.3,4.405237803582049,-1.1052378512657652
"""CNR8624914""","""CID6544180""",4.6,4.405237803582049,0.19476210105051894
"""CNR3801548""","""CID3148849""",4.4,4.405237803582049,-0.005237708214617776
"""CNR8666314""","""CID5849649""",4.9,4.405237803582049,0.4947622917853822
"""CNR3008857""","""CID4216406""",4.8,4.405237803582049,0.39476238715281387
"""CNR5801922""","""CID8424047""",4.4098225,4.405237803582049,0.004584660407208396
"""CNR7501488""","""CID1267853""",4.5,4.405237803582049,0.09476219641795058
"""CNR2372130""","""CID3129532""",4.2,4.405237803582049,-0.2052379943169127
"""CNR6445444""","""CID7462864""",4.2,4.405237803582049,-0.2052379943169127
"""CNR2890635""","""CID7838392""",4.6,4.487649406569887,0.11235049806268105
"""CNR3878024""","""CID7629308""",4.1,4.405237803582049,-0.30523789894948106
"""CNR5214308""","""CID4803521""",4.4042315,4.405237803582049,-0.0010062552727232443
"""CNR9880803""","""CID5046597""",4.4098225,4.405237803582049,0.004584660407208396
"""CNR1541219""","""CID8062944""",4.8,4.405237803582049,0.39476238715281387
"""CNR8251717""","""CID7936769""",4.9,4.405237803582049,0.4947622917853822
"""CNR6097917""","""CID4388208""",4.4042315,4.376986083790243,0.027245464519083384
"""CNR3442833""","""CID3326826""",4.1,4.405237803582049,-0.30523789894948106
"""CNR7415588""","""CID7371454""",4.2,4.405237803582049,-0.2052379943169127
"""CNR9021004""","""CID5031815""",4.9,4.405237803582049,0.4947622917853822
"""CNR4094500""","""CID6527328""",4.3,4.405237803582049,-0.10523761284718613
"""CNR7833784""","""CID9880983""",4.9,4.405237803582049,0.4947622917853822
"""CNR7008515""","""CID8644996""",4.4098225,4.405237803582049,0.004584660407208396
"""CNR2720195""","""CID5320129""",4.9,4.405237803582049,0.4947622917853822
"""CNR7439782""","""CID5613722""",4.4098225,4.405237803582049,0.004584660407208396
"""CNR4235490""","""CID4716672""",4.9,4.376986083790243,0.5230140115771889
"""CNR3144478""","""CID8208181""",4.6,4.405237803582049,0.19476210105051894
"""CNR6012400""","""CID6767339""",4.4042315,4.376986083790243,0.027245464519083384
"""CNR5610781""","""CID7540658""",4.3,4.405237803582049,-0.10523761284718613
"""CNR3344141""","""CID1344479""",4.4098225,4.405237803582049,0.004584660407208396
"""CNR5983472""","""CID6733168""",4.4098225,4.405237803582049,0.004584660407208396
"""CNR8366808""","""CID5352009""",4.1,4.405237803582049,-0.30523789894948106
"""CNR2205689""","""CID3855832""",4.7,4.405237803582049,0.2947620056830873
"""CNR7235972""","""CID1412300""",4.4042315,4.405237803582049,-0.0010062552727232443
"""CNR3766529""","""CID7083860""",4.4021993,4.405237803582049,-0.003038535240984963
"""CNR2046767""","""CID4445273""",4.2,4.405237803582049,-0.2052379943169127
"""CNR2144096""","""CID5280309""",4.404214,4.405237803582049,-0.00102389824757676
"""CNR4182228""","""CID3799877""",4.4021993,4.405237803582049,-0.003038535240984963
"""CNR5462764""","""CID3014176""",4.5,4.405237803582049,0.09476219641795058
"""CNR2327502""","""CID1330075""",4.4021993,4.405237803582049,-0.003038535240984963
"""CNR7518583""","""CID1194284""",4.7,4.405237803582049,0.2947620056830873
"""CNR9261261""","""CID4577674""",3.6,4.405237803582049,-0.8052378989494811
"""CNR2356464""","""CID1452209""",4.3,4.405237803582049,-0.10523761284718613
"""CNR7312485""","""CID8537373""",4.4042315,4.405237803582049,-0.0010062552727232443
"""CNR8902811""","""CID1235162""",4.6,4.405237803582049,0.19476210105051894
"""CNR9175170""","""CID3184914""",4.404214,4.405237803582049,-0.00102389824757676
"""CNR7087109""","""CID5940081""",3.6,4.405237803582049,-0.8052378989494811
"""CNR2361300""","""CID5176866""",4.4042315,4.405237803582049,-0.0010062552727232443
"""CNR9447710""","""CID8115499""",4.6,4.405237803582049,0.19476210105051894
"""CNR8029382""","""CID7693482""",3.6,4.405237803582049,-0.8052378989494811
"""CNR6256038""","""CID7114592""",4.4098225,4.405237803582049,0.004584660407208396
"""CNR2869621""","""CID4105260""",4.4021993,4.405237803582049,-0.003038535240984963
"""CNR9240688""","""CID2598914""",4.4031615,4.405237803582049,-0.002076277855731057
"""CNR6443730""","""CID6005801""",4.3,4.405237803582049,-0.10523761284718613
"""CNR3019359""","""CID8098567""",4.9,4.405237803582049,0.4947622917853822
"""CNR8549069""","""CID3249817""",4.6,4.405237803582049,0.19476210105051894
"""CNR7921690""","""CID5199774""",4.4031615,4.405237803582049,-0.002076277855731057
"""CNR4035017""","""CID9728829""",4.8,4.405237803582049,0.39476238715281387
"""CNR3540313""","""CID3491635""",4.4,4.405237803582049,-0.005237708214617776
"""CNR1816265""","""CID6136558""",4.5,4.405237803582049,0.09476219641795058
"""CNR3043954""","""CID8340508""",4.405319,4.405237803582049,8.14102851380838e-05
"""CNR8597400""","""CID1684058""",4.4021993,4.405237803582049,-0.003038535240984963
"""CNR4724957""","""CID9367677""",4.4021993,4.405237803582049,-0.003038535240984963
"""CNR3341652""","""CID6962209""",4.404214,4.405237803582049,-0.00102389824757676
"""CNR7345598""","""CID3412965""",4.405319,4.405237803582049,8.14102851380838e-05
"""CNR4373936""","""CID3535256""",4.404214,4.405237803582049,-0.00102389824757676
"""CNR1190150""","""CID6749835""",4.2,4.405237803582049,-0.2052379943169127
"""CNR2027560""","""CID1992708""",4.4042315,4.405237803582049,-0.0010062552727232443
"""CNR3166166""","""CID7582622""",4.4,4.405237803582049,-0.005237708214617776
"""CNR6132483""","""CID8329350""",4.4021993,4.405237803582049,-0.003038535240984963
"""CNR7995973""","""CID7218349""",4.4042315,4.405237803582049,-0.0010062552727232443
"""CNR7572047""","""CID8664266""",4.4021993,4.376986083790243,0.025213184550821666
"""CNR4985351""","""CID5179679""",4.2,4.405237803582049,-0.2052379943169127
"""CNR5687515""","""CID2086086""",4.6,4.405237803582049,0.19476210105051894
"""CNR2531243""","""CID2174769""",4.5,4.405237803582049,0.09476219641795058
"""CNR3158793""","""CID8513530""",4.1,4.405237803582049,-0.30523789894948106
"""CNR2527814""","""CID9390199""",4.4031615,4.405237803582049,-0.002076277855731057
"""CNR9206478""","""CID3070661""",4.4042315,4.405237803582049,-0.0010062552727232443
"""CNR5549615""","""CID3635263""",4.4031615,4.405237803582049,-0.002076277855731057
"""CNR2323237""","""CID3436262""",4.9,4.405237803582049,0.4947622917853822
"""CNR6735990""","""CID8769238""",3.2,4.405237803582049,-1.2052377558983336
"""CNR7338517""","""CID1205786""",4.2,4.405237803582049,-0.2052379943169127
"""CNR4380913""","""CID3306000""",4.8,4.405237803582049,0.39476238715281387
"""CNR7235670""","""CID6104454""",3.3,4.405237803582049,-1.1052378512657652
"""CNR5629449""","""CID8673299""",4.9,4.405237803582049,0.4947622917853822
"""CNR9132577""","""CID5806526""",4.6,4.405237803582049,0.19476210105051894
"""CNR3007540""","""CID9363963""",4.8,4.405237803582049,0.39476238715281387
"""CNR4923028""","""CID2309519""",4.4031615,4.405237803582049,-0.002076277855731057
"""CNR2812754""","""CID8724409""",4.2,4.405237803582049,-0.2052379943169127
"""CNR3323881""","""CID3954248""",4.4031615,4.405237803582049,-0.002076277855731057
"""CNR6362077""","""CID7986850""",4.6,4.405237803582049,0.19476210105051894
"""CNR3304838""","""CID7880849""",4.5,4.405237803582049,0.09476219641795058
"""CNR9337325""","""CID2819000""",5.0,4.405237803582049,0.5947621964179506
"""CNR2618492""","""CID7010009""",4.2,4.405237803582049,-0.2052379943169127
"""CNR9889694""","""CID7313542""",4.4042315,4.405237803582049,-0.0010062552727232443
"""CNR5183136""","""CID8125057""",4.8,4.405237803582049,0.39476238715281387
"""CNR7808390""","""CID6126517""",3.9,4.405237803582049,-0.5052377082146178
"""CNR8016039""","""CID8983145""",4.4098225,4.405237803582049,0.004584660407208396
"""CNR7780823""","""CID1985297""",4.2,4.405237803582049,-0.2052379943169127
"""CNR4367883""","""CID2375303""",4.4098225,4.405237803582049,0.004584660407208396
"""CNR2728923""","""CID5620991""",4.4098225,4.405237803582049,0.004584660407208396
"""CNR5954154""","""CID6152107""",4.4098225,4.405237803582049,0.004584660407208396
"""CNR5269729""","""CID1367167""",4.405319,4.405237803582049,8.14102851380838e-05
"""CNR4703343""","""CID9094479""",4.8,4.405237803582049,0.39476238715281387
"""CNR6409504""","""CID6265323""",3.3,4.405237803582049,-1.1052378512657652
"""CNR9870039""","""CID5987886""",4.3,4.405237803582049,-0.10523761284718613
"""CNR5257001""","""CID4188143""",4.4021993,4.405237803582049,-0.003038535240984963
"""CNR9882291""","""CID3687096""",4.5,4.405237803582049,0.09476219641795058
"""CNR7176237""","""CID4861736""",4.404214,4.376986083790243,0.02722782154422987
"""CNR7262954""","""CID9925377""",4.4042315,4.405237803582049,-0.0010062552727232443
"""CNR2169431""","""CID8023745""",4.4042315,4.405237803582049,-0.0010062552727232443
"""CNR3479734""","""CID6648571""",3.2,4.405237803582049,-1.2052377558983336
"""CNR8571593""","""CID5991877""",4.3,4.405237803582049,-0.10523761284718613
"""CNR9948771""","""CID4170635""",4.4042315,4.405237803582049,-0.0010062552727232443
"""CNR2058821""","""CID9009666""",4.4,4.376986083790243,0.023014011577188853
"""CNR6577532""","""CID2855991""",4.4098225,4.405237803582049,0.004584660407208396
"""CNR4191089""","""CID1467771""",4.4021993,4.405237803582049,-0.003038535240984963
"""CNR8043642""","""CID4750092""",4.4031615,4.405237803582049,-0.002076277855731057
"""CNR4263145""","""CID1637776""",4.2,4.405237803582049,-0.2052379943169127
"""CNR3846549""","""CID3741553""",4.6,4.405237803582049,0.19476210105051894
"""CNR9342869""","""CID6531581""",4.4031615,4.405237803582049,-0.002076277855731057
"""CNR9763669""","""CID1097587""",4.6,4.405237803582049,0.19476210105051894
"""CNR7962327""","""CID4384546""",4.6,4.405237803582049,0.19476210105051894
"""CNR6841302""","""CID8949646""",4.0,4.405237803582049,-0.4052378035820494
"""CNR5719500""","""CID7048735""",3.7,4.405237803582049,-0.7052377558983336
"""CNR1068102""","""CID7440692""",4.4042315,4.405237803582049,-0.0010062552727232443
"""CNR7228235""","""CID2810999""",4.4031615,4.405237803582049,-0.002076277855731057
"""CNR2998708""","""CID1061110""",4.7,4.405237803582049,0.2947620056830873
"""CNR1498736""","""CID6529120""",4.9,4.405237803582049,0.4947622917853822
"""CNR2349693""","""CID4242482""",4.1,4.405237803582049,-0.30523789894948106
"""CNR9617533""","""CID9160883""",4.4021993,4.405237803582049,-0.003038535240984963
"""CNR8418355""","""CID2203623""",4.4021993,4.405237803582049,-0.003038535240984963
"""CNR5086608""","""CID8655342""",4.9,4.405237803582049,0.4947622917853822
"""CNR7758924""","""CID9347666""",4.6,4.405237803582049,0.19476210105051894
"""CNR7498722""","""CID2771392""",4.404214,4.405237803582049,-0.00102389824757676
"""CNR8577262""","""CID6955421""",4.4042315,4.405237803582049,-0.0010062552727232443
"""CNR8981057""","""CID2697121""",4.6,4.405237803582049,0.19476210105051894
"""CNR7898238""","""CID5528740""",4.5,4.405237803582049,0.09476219641795058
"""CNR6086446""","""CID9635529""",4.9,4.405237803582049,0.4947622917853822
"""CNR6813723""","""CID3252851""",3.3,4.405237803582049,-1.1052378512657652
"""CNR9362241""","""CID6799020""",3.6,4.405237803582049,-0.8052378989494811
"""CNR5082329""","""CID1913729""",4.404214,4.405237803582049,-0.00102389824757676
"""CNR7042961""","""CID4216502""",4.4050717,4.405237803582049,-0.00016606819996933808
"""CNR5064384""","""CID6659937""",4.404214,4.405237803582049,-0.00102389824757676
"""CNR6393069""","""CID4967213""",4.3,4.405237803582049,-0.10523761284718613
"""CNR7712862""","""CID3900201""",4.4021993,4.405237803582049,-0.003038535240984963
"""CNR9318141""","""CID8747038""",4.9,4.405237803582049,0.4947622917853822
"""CNR5566088""","""CID2885246""",4.2,4.405237803582049,-0.2052379943169127
"""CNR1096042""","""CID2994119""",4.4042315,4.405237803582049,-0.0010062552727232443
"""CNR8859121""","""CID3738222""",4.2,4.405237803582049,-0.2052379943169127
"""CNR5578741""","""CID9627854""",4.3,4.405237803582049,-0.10523761284718613
"""CNR2220049""","""CID9810204""",4.0,4.405237803582049,-0.4052378035820494
"""CNR2657991""","""CID1413716""",4.4021993,4.405237803582049,-0.003038535240984963
"""CNR3491586""","""CID9221731""",4.5,4.405237803582049,0.09476219641795058
"""CNR3783453""","""CID7249917""",4.4098225,4.405237803582049,0.004584660407208396
"""CNR1470857""","""CID1514872""",4.3,4.405237803582049,-0.10523761284718613
"""CNR9641283""","""CID3676934""",4.4031615,4.405237803582049,-0.002076277855731057
"""CNR1948103""","""CID7407580""",4.4042315,4.405237803582049,-0.0010062552727232443
"""CNR6588066""","""CID4774503""",4.2,4.405237803582049,-0.2052379943169127
"""CNR5261185""","""CID6640576""",4.1,4.405237803582049,-0.30523789894948106
"""CNR4881419""","""CID4655385""",4.8,4.405237803582049,0.39476238715281387
"""CNR5365251""","""CID5962876""",4.4031615,4.405237803582049,-0.002076277855731057
"""CNR8437817""","""CID5091711""",4.4031615,4.405237803582049,-0.002076277855731057
"""CNR2918765""","""CID8632954""",4.3,4.405237803582049,-0.10523761284718613
"""CNR9392347""","""CID4333271""",4.6,4.405237803582049,0.19476210105051894
"""CNR6514964""","""CID1687550""",4.4,4.405237803582049,-0.005237708214617776
"""CNR7960606""","""CID8959862""",4.3,4.487649406569887,-0.18764921583502403
"""CNR1712831""","""CID7711283""",4.4098225,4.405237803582049,0.004584660407208396
"""CNR3226720""","""CID9008614""",4.4098225,4.405237803582049,0.004584660407208396
"""CNR4066304""","""CID1742421""",4.7,4.376986083790243,0.32301372547489393
"""CNR4467754""","""CID8530517""",4.9,4.405237803582049,0.4947622917853822
"""CNR6184747""","""CID2843136""",4.9,4.405237803582049,0.4947622917853822
"""CNR9594633""","""CID3832631""",5.0,4.405237803582049,0.5947621964179506
"""CNR3023784""","""CID8526440""",4.4098225,4.405237803582049,0.004584660407208396
"""CNR4253233""","""CID5592202""",4.2,4.405237803582049,-0.2052379943169127
"""CNR3929027""","""CID9146622""",4.4021993,4.405237803582049,-0.003038535240984963
"""CNR3983324""","""CID3707178""",4.7,4.405237803582049,0.2947620056830873
"""CNR9120957""","""CID9443560""",4.405319,4.405237803582049,8.14102851380838e-05
"""CNR7885294""","""CID7504611""",4.405319,4.405237803582049,8.14102851380838e-05
"""CNR2972372""","""CID4850544""",4.4021993,4.405237803582049,-0.003038535240984963
"""CNR5753188""","""CID4347322""",4.4098225,4.405237803582049,0.004584660407208396
"""CNR7629964""","""CID7898981""",4.2,4.405237803582049,-0.2052379943169127
"""CNR8566517""","""CID6305335""",4.3,4.405237803582049,-0.10523761284718613
"""CNR9941791""","""CID9546143""",4.4021993,4.405237803582049,-0.003038535240984963
"""CNR6321527""","""CID1106907""",4.4042315,4.405237803582049,-0.0010062552727232443
"""CNR8132823""","""CID9242522""",5.0,4.405237803582049,0.5947621964179506
"""CNR6663565""","""CID4952889""",4.4098225,4.405237803582049,0.004584660407208396
"""CNR3636875""","""CID2734315""",4.9,4.405237803582049,0.4947622917853822
"""CNR9809132""","""CID5910024""",3.3,4.405237803582049,-1.1052378512657652
"""CNR8241661""","""CID6734605""",4.4098225,4.405237803582049,0.004584660407208396
"""CNR2199443""","""CID6137398""",4.6,4.405237803582049,0.19476210105051894
"""CNR3618787""","""CID7776677""",4.0,4.405237803582049,-0.4052378035820494
"""CNR1511108""","""CID4209404""",4.4042315,4.405237803582049,-0.0010062552727232443
"""CNR8997114""","""CID2968675""",4.4021993,4.405237803582049,-0.003038535240984963
"""CNR1277447""","""CID2988334""",4.404214,4.405237803582049,-0.00102389824757676
"""CNR4456820""","""CID8568923""",4.405319,4.405237803582049,8.14102851380838e-05
"""CNR6348966""","""CID9561817""",4.2,4.405237803582049,-0.2052379943169127
"""CNR6743230""","""CID4488936""",4.404214,4.405237803582049,-0.00102389824757676
"""CNR6348242""","""CID6666965""",4.4,4.405237803582049,-0.005237708214617776
"""CNR2133365""","""CID1370365""",4.404214,4.405237803582049,-0.00102389824757676
"""CNR7522477""","""CID3759054""",4.1,4.405237803582049,-0.30523789894948106
"""CNR6411473""","""CID9437847""",4.9,4.405237803582049,0.4947622917853822
"""CNR9412861""","""CID9374291""",4.8,4.405237803582049,0.39476238715281387
"""CNR6337602""","""CID3978579""",4.4098225,4.405237803582049,0.004584660407208396
"""CNR1900225""","""CID8762930""",4.7,4.405237803582049,0.2947620056830873
"""CNR1437837""","""CID6832146""",4.4042315,4.405237803582049,-0.0010062552727232443
"""CNR8538223""","""CID3644406""",4.6,4.405237803582049,0.19476210105051894
"""CNR1930212""","""CID9569577""",4.4,4.405237803582049,-0.005237708214617776
"""CNR7202415""","""CID6741638""",4.4031615,4.376986083790243,0.026175441936075572
"""CNR2647125""","""CID9641231""",4.4098225,4.405237803582049,0.004584660407208396
"""CNR6614375""","""CID8368438""",4.4021993,4.405237803582049,-0.003038535240984963
"""CNR9601469""","""CID4360985""",4.9,4.405237803582049,0.4947622917853822
"""CNR9934786""","""CID4495930""",4.4042315,4.405237803582049,-0.0010062552727232443
"""CNR6645152""","""CID5769023""",4.9,4.405237803582049,0.4947622917853822
"""CNR3252862""","""CID5399688""",4.9,4.405237803582049,0.4947622917853822
"""CNR4281265""","""CID1924395""",4.405319,4.405237803582049,8.14102851380838e-05
"""CNR7004753""","""CID1037260""",5.0,4.405237803582049,0.5947621964179506
"""CNR5904510""","""CID3928731""",4.4021993,4.405237803582049,-0.003038535240984963
"""CNR2926263""","""CID5053010""",4.1,4.405237803582049,-0.30523789894948106
"""CNR8978766""","""CID1616894""",4.1,4.405237803582049,-0.30523789894948106
"""CNR3246721""","""CID7612411""",4.4021993,4.405237803582049,-0.003038535240984963
"""CNR4824149""","""CID6977165""",3.8,4.405237803582049,-0.6052378512657652
"""CNR6404551""","""CID1972556""",4.4021993,4.405237803582049,-0.003038535240984963
"""CNR4581955""","""CID5506451""",5.0,4.405237803582049,0.5947621964179506
"""CNR9907493""","""CID6858115""",4.4021993,4.405237803582049,-0.003038535240984963
"""CNR4564694""","""CID4657818""",4.5,4.405237803582049,0.09476219641795058
"""CNR8369518""","""CID6497235""",4.4,4.405237803582049,-0.005237708214617776
"""CNR2311366""","""CID7611736""",4.3,4.405237803582049,-0.10523761284718613
"""CNR7144637""","""CID5476497""",4.2,4.405237803582049,-0.2052379943169127
"""CNR1673268""","""CID6132783""",3.3,4.405237803582049,-1.1052378512657652
"""CNR1441285""","""CID2122447""",4.4042315,4.376986083790243,0.027245464519083384
"""CNR7683371""","""CID4682663""",5.0,4.405237803582049,0.5947621964179506
"""CNR8096153""","""CID6279767""",4.2,4.405237803582049,-0.2052379943169127
"""CNR5794331""","""CID8821489""",4.4042315,4.405237803582049,-0.0010062552727232443
"""CNR1937123""","""CID6464531""",4.1,4.405237803582049,-0.30523789894948106
"""CNR2699939""","""CID9535075""",4.1,4.405237803582049,-0.30523789894948106
"""CNR5309916""","""CID5147091""",4.4098225,4.405237803582049,0.004584660407208396
"""CNR9903421""","""CID9775807""",5.0,4.405237803582049,0.5947621964179506
"""CNR3313984""","""CID9792199""",4.4042315,4.376986083790243,0.027245464519083384
"""CNR9416970""","""CID1640776""",4.2,4.405237803582049,-0.2052379943169127
"""CNR6695774""","""CID7848661""",4.405319,4.405237803582049,8.14102851380838e-05
"""CNR1774193""","""CID4350126""",4.2,4.405237803582049,-0.2052379943169127
"""CNR1122915""","""CID2583872""",4.6,4.405237803582049,0.19476210105051894
"""CNR6463323""","""CID9207807""",3.9,4.405237803582049,-0.5052377082146178
"""CNR1589240""","""CID1303460""",4.4098225,4.405237803582049,0.004584660407208396
"""CNR3342832""","""CID6170463""",5.0,4.405237803582049,0.5947621964179506
"""CNR6279074""","""CID4865368""",4.5,4.405237803582049,0.09476219641795058
"""CNR7070361""","""CID3628681""",4.6,4.405237803582049,0.19476210105051894
"""CNR1878353""","""CID5351696""",4.4098225,4.405237803582049,0.004584660407208396
"""CNR7725509""","""CID5060399""",4.4,4.376986083790243,0.023014011577188853
"""CNR8447539""","""CID4468915""",4.4098225,4.405237803582049,0.004584660407208396
"""CNR3879372""","""CID5946693""",4.6,4.405237803582049,0.19476210105051894
"""CNR4511897""","""CID9859895""",4.0,4.405237803582049,-0.4052378035820494
"""CNR2662214""","""CID2992269""",4.9,4.405237803582049,0.4947622917853822
"""CNR4853428""","""CID3373715""",4.3,4.487649406569887,-0.18764921583502403
"""CNR2436247""","""CID6766142""",4.4042315,4.405237803582049,-0.0010062552727232443
"""CNR2402677""","""CID7612137""",4.4098225,4.405237803582049,0.004584660407208396
"""CNR3826778""","""CID1055809""",4.405319,4.405237803582049,8.14102851380838e-05
"""CNR8692354""","""CID5604192""",4.404214,4.405237803582049,-0.00102389824757676
"""CNR3299936""","""CID8315079""",4.3,4.405237803582049,-0.10523761284718613
"""CNR5573861""","""CID9364108""",4.1,4.405237803582049,-0.30523789894948106
"""CNR9610524""","""CID6627558""",4.9,4.405237803582049,0.4947622917853822
"""CNR5704236""","""CID5813068""",4.4,4.405237803582049,-0.005237708214617776
"""CNR4685381""","""CID4813492""",3.1,4.405237803582049,-1.305237898949481
"""CNR1526113""","""CID8246877""",3.7,4.405237803582049,-0.7052377558983336
"""CNR7039932""","""CID5711221""",4.2,4.405237803582049,-0.2052379943169127
"""CNR6309358""","""CID6239378""",4.7,4.376986083790243,0.32301372547489393
"""CNR4478270""","""CID1591810""",4.2,4.376986083790243,-0.17698627452510607
"""CNR7929386""","""CID8695455""",4.2,4.405237803582049,-0.2052379943169127
"""CNR3300609""","""CID3324603""",5.0,4.405237803582049,0.5947621964179506
"""CNR8855419""","""CID6652708""",4.6,4.405237803582049,0.19476210105051894
"""CNR8016144""","""CID3470336""",4.0,4.405237803582049,-0.4052378035820494
"""CNR9656210""","""CID6993754""",4.4021993,4.405237803582049,-0.003038535240984963
"""CNR1198961""","""CID7420800""",4.6,4.405237803582049,0.19476210105051894
"""CNR2607827""","""CID8512157""",4.3,4.405237803582049,-0.10523761284718613
"""CNR5860801""","""CID3724179""",4.1,4.405237803582049,-0.30523789894948106
"""CNR2207683""","""CID8731700""",4.4,4.405237803582049,-0.005237708214617776
"""CNR5408466""","""CID1868442""",4.1,4.405237803582049,-0.30523789894948106
"""CNR5809258""","""CID4650168""",4.1,4.405237803582049,-0.30523789894948106
"""CNR9379999""","""CID5463404""",4.9,4.405237803582049,0.4947622917853822
"""CNR3783628""","""CID5106939""",4.6,4.405237803582049,0.19476210105051894
"""CNR4441271""","""CID1024181""",4.1,4.376986083790243,-0.27698617915767443
"""CNR1800566""","""CID6160616""",4.9,4.405237803582049,0.4947622917853822
"""CNR5544184""","""CID8107027""",4.4042315,4.405237803582049,-0.0010062552727232443
"""CNR5228526""","""CID1608342""",4.3,4.405237803582049,-0.10523761284718613
"""CNR3756486""","""CID1926575""",4.4042315,4.405237803582049,-0.0010062552727232443
"""CNR6015446""","""CID1269723""",4.4021993,4.405237803582049,-0.003038535240984963
"""CNR9003238""","""CID7343073""",4.4021993,4.405237803582049,-0.003038535240984963
"""CNR5459401""","""CID6931400""",4.3,4.405237803582049,-0.10523761284718613
"""CNR3371417""","""CID2395380""",4.6,4.405237803582049,0.19476210105051894
"""CNR4929002""","""CID3903633""",4.3,4.405237803582049,-0.10523761284718613
"""CNR3636328""","""CID4671761""",4.5,4.405237803582049,0.09476219641795058
